cluster,authorityURI,schemes,tags,recs,labels
lcsh|artists-books,,lcsh,650,493,Artists' books | Artists books
lcsh|offset-printing-specimens,,lcsh,650,154,Offset printing -- Specimens
http://id.worldcat.org/fast/1044269.,http://id.worldcat.org/fast/1044269.,fast,650,153,Offset printing
http://id.worldcat.org/fast/1204155.,http://id.worldcat.org/fast/1204155.,fast,651,134,United States
lcsh|artists-books-united-states,,lcsh,650,127,Artists' books -- United States
lcsh|artists-books-new-york-state-rosendale,,lcsh,650,105,Artists' books -- New York (State) -- Rosendale | Artists books -- New York (State) -- Rosendale
http://id.worldcat.org/fast/1061964.,http://id.worldcat.org/fast/1061964.,fast,650,93,"Photography, Artistic"
http://id.loc.gov/authorities/subjects/sh85101269.,http://id.loc.gov/authorities/subjects/sh85101269.,lcsh,650,78,"Photography, Artistic"
lcsh|photography-artistic,,lcsh,650,76,"Photography, Artistic | Photography, artistic"
http://id.worldcat.org/fast/817660.,http://id.worldcat.org/fast/817660.,fast,650,70,Artists' books
lcsh|artists-books-specimens,,lcsh,650,63,Artists' books -- Specimens
http://id.worldcat.org/fast/1211700.,http://id.worldcat.org/fast/1211700.,fast,651,43,Mexico
http://id.worldcat.org/fast/996778.,http://id.worldcat.org/fast/996778.,fast,650,37,Letterpress printing
lcsh|letterpress-printing-specimens,,lcsh,650,36,Letterpress printing -- Specimens
(OCoLC)fst00817660,(OCoLC)fst00817660,unspecified fast,650,35,Artists' books
unspecified|artists-books,,unspecified,650,33,Artists' books
http://id.loc.gov/authorities/subjects/sh85085644.,http://id.loc.gov/authorities/subjects/sh85085644.,lcsh,650,31,Miniature books -- Specimens
http://id.worldcat.org/fast/815177.,http://id.worldcat.org/fast/815177.,fast,650,31,Art
lcsh|toy-and-movable-books-specimens,,lcsh,650,30,Toy and movable books -- Specimens
http://id.worldcat.org/fast/1022666.,http://id.worldcat.org/fast/1022666.,fast,650,29,Miniature books
http://id.loc.gov/authorities/subjects/sh2023000629.,http://id.loc.gov/authorities/subjects/sh2023000629.,lcsh,650,25,Artists' books -- Specimens
http://id.loc.gov/authorities/subjects/sh2007101486,http://id.loc.gov/authorities/subjects/sh2007101486,lcsh,650,23,Artists' books -- United States
http://id.worldcat.org/fast/1205614.,http://id.worldcat.org/fast/1205614.,fast,651,22,Argentina
lcsh|conceptual-art,,lcsh,650,22,Conceptual art
http://id.worldcat.org/fast/933256.,http://id.worldcat.org/fast/933256.,fast,650,21,Found objects (Art)
http://id.worldcat.org/fast/1072259.,http://id.worldcat.org/fast/1072259.,fast,650,20,Portrait photography
http://id.worldcat.org/fast/1121467.,http://id.worldcat.org/fast/1121467.,fast,650,19,Small press books
lcsh|artists-books-personal-narratives,,lcsh,650,19,Artists' books -- Personal narratives
(OCoLC)fst01750153,(OCoLC)fst01750153,unspecified,650,18,Artists' books
http://id.loc.gov/authorities/subjects/sh2008112783.,http://id.loc.gov/authorities/subjects/sh2008112783.,lcsh,650,18,Toy and movable books -- Specimens
http://id.loc.gov/authorities/subjects/sh2014002440.,http://id.loc.gov/authorities/subjects/sh2014002440.,lcsh,650,18,Cartonera books
http://id.loc.gov/authorities/subjects/sh85101269,http://id.loc.gov/authorities/subjects/sh85101269,lcsh,650,18,"Photography, Artistic"
http://id.worldcat.org/fast/1153424.,http://id.worldcat.org/fast/1153424.,fast,650,18,Toy and movable books -- Specimens
http://id.worldcat.org/fast/1921898.,http://id.worldcat.org/fast/1921898.,fast,650,18,Cartonera books
lcsh|artists-books-facsimiles,,lcsh,650,18,Artists' books -- Facsimiles
lcsh|concrete-poetry,,lcsh,650,18,Concrete poetry
http://id.worldcat.org/fast/1205362.,http://id.worldcat.org/fast/1205362.,fast,651,17,Chile
http://id.worldcat.org/fast/1896057.,http://id.worldcat.org/fast/1896057.,fast,650,17,Group work in art
lcsh|artists-books-new-york-state-new-york,,lcsh,650,17,Artists' books -- New York (State) -- New York
lcsh|miniature-books-specimens,,lcsh,650,17,Miniature books -- Specimens
http://id.loc.gov/authorities/subjects/sh85008302,http://id.loc.gov/authorities/subjects/sh85008302,lcsh aat,650,16,Artists' books -- New York (State) -- New York | Artists' books | Artists' books -- Minnesota | Artists' books -- Marketing | Artists' books -- Italy | Artists' books -- California | Artists' books -- California -- Specimens
http://id.loc.gov/authorities/subjects/sh85057502.,http://id.loc.gov/authorities/subjects/sh85057502.,lcsh,650,16,Group work in art
http://id.worldcat.org/fast/872980.,http://id.worldcat.org/fast/872980.,fast,650,16,Conceptual art
lcsh|poetry,,lcsh,650,16,Poetry
(OCoLC)fst01204155,(OCoLC)fst01204155,fast,651,15,United States
http://id.loc.gov/authorities/subjects/sh85101240.,http://id.loc.gov/authorities/subjects/sh85101240.,lcsh,650,15,Portrait photography
http://id.worldcat.org/fast/1061714.,http://id.worldcat.org/fast/1061714.,fast,650,15,Photography
http://id.worldcat.org/fast/1155558.,http://id.worldcat.org/fast/1155558.,fast,650,15,Travel
http://id.worldcat.org/fast/1204333.,http://id.worldcat.org/fast/1204333.,fast,651,15,New York (State) -- New York
http://id.worldcat.org/fast/1919811.,http://id.worldcat.org/fast/1919811.,fast,650,15,Social conditions
http://id.worldcat.org/fast/817556.,http://id.worldcat.org/fast/817556.,fast,650,15,Artistic collaboration
lcsh|artists-books-united-states-specimens,,lcsh,650,15,Artists' books -- United States -- Specimens
http://id.worldcat.org/fast/816615.,http://id.worldcat.org/fast/816615.,fast,650,14,"Art, Modern"
http://id.worldcat.org/fast/817559.,http://id.worldcat.org/fast/817559.,fast,650,14,Artists
http://id.worldcat.org/fast/836479.,http://id.worldcat.org/fast/836479.,fast,650,14,Books in art
lcsh|fluxus-group-of-artists,,lcsh,650,14,Fluxus (Group of artists)
http://id.loc.gov/authorities/subjects/sh85007537,http://id.loc.gov/authorities/subjects/sh85007537,lcsh,650,13,"Art, American"
http://id.loc.gov/authorities/subjects/sh85015760.,http://id.loc.gov/authorities/subjects/sh85015760.,lcsh,650,13,Books in art
http://id.loc.gov/authorities/subjects/sh93003368.,http://id.loc.gov/authorities/subjects/sh93003368.,lcsh,650,13,Artistic collaboration
lcsh|artists-books-great-britain,,lcsh,650,12,Artists' books -- Great Britain
lcsh|flip-books-specimens,,lcsh,650,12,Flip books -- Specimens
lcsh|found-objects-art-photographs,,lcsh,650,12,Found objects (Art) -- Photographs
fast|artists-books,,fast,650,11,Artists' books
http://id.loc.gov/authorities/subjects/sh85008302.,http://id.loc.gov/authorities/subjects/sh85008302.,lcsh lcgft,650,11,Artists' books
http://id.worldcat.org/fast/1121469.,http://id.worldcat.org/fast/1121469.,fast,650,11,Small presses
http://id.worldcat.org/fast/1176568.,http://id.worldcat.org/fast/1176568.,fast,650,11,Women
http://id.worldcat.org/fast/1181673.,http://id.worldcat.org/fast/1181673.,fast,650,11,Writing in art
http://id.worldcat.org/fast/1205916.,http://id.worldcat.org/fast/1205916.,fast,651,11,Colombia
http://id.worldcat.org/fast/1919741.,http://id.worldcat.org/fast/1919741.,fast,650,11,Politics and government
http://id.worldcat.org/fast/799558.,http://id.worldcat.org/fast/799558.,fast,650,11,African Americans
lcsh|toy-and-movable-books,,lcsh,650,11,Toy and movable books
lcsh|tunnel-books-specimens,,lcsh,650,11,Tunnel books -- Specimens
none|united-states,,,651,11,United States
http://id.loc.gov/authorities/subjects/sh2010107498.,http://id.loc.gov/authorities/subjects/sh2010107498.,lcsh,650,10,Pop-up books -- Specimens
http://id.loc.gov/authorities/subjects/sh85148656.,http://id.loc.gov/authorities/subjects/sh85148656.,lcsh,650,10,Writing in art
http://id.loc.gov/authorities/subjects/sh97001663.,http://id.loc.gov/authorities/subjects/sh97001663.,lcsh,650,10,Travel in art
http://id.worldcat.org/fast/1155639.,http://id.worldcat.org/fast/1155639.,fast,650,10,Travel in art
http://id.worldcat.org/fast/1204540.,http://id.worldcat.org/fast/1204540.,fast,651,10,California -- Los Angeles
http://id.worldcat.org/fast/1204623.,http://id.worldcat.org/fast/1204623.,fast,651,10,Great Britain
http://id.worldcat.org/fast/1205805.,http://id.worldcat.org/fast/1205805.,fast,651,10,Cuba
http://id.worldcat.org/fast/869145.,http://id.worldcat.org/fast/869145.,fast,650,10,"Comic books, strips, etc"
http://id.worldcat.org/fast/896093.,http://id.worldcat.org/fast/896093.,fast,650,10,Documentary photography
http://id.worldcat.org/fast/974250.,http://id.worldcat.org/fast/974250.,fast,650,10,Installations (Art)
lcsh|artists-books-england,,lcsh,650,10,Artists' books -- England
http://id.loc.gov/authorities/subjects/sh2007101486.,http://id.loc.gov/authorities/subjects/sh2007101486.,lcsh,650,9,Artists' books -- United States
http://id.loc.gov/authorities/subjects/sh85007581,http://id.loc.gov/authorities/subjects/sh85007581,lcsh,650,9,"Art, British"
http://id.loc.gov/authorities/subjects/sh85051044.,http://id.loc.gov/authorities/subjects/sh85051044.,lcsh,650,9,Found objects (Art)
http://id.worldcat.org/fast/1052593.,http://id.worldcat.org/fast/1052593.,fast,650,9,Handmade paper
http://id.worldcat.org/fast/1057852.,http://id.worldcat.org/fast/1057852.,fast,650,9,Performance art
http://id.worldcat.org/fast/1060777.,http://id.worldcat.org/fast/1060777.,fast,650,9,Philosophy
http://id.worldcat.org/fast/1896158.,http://id.worldcat.org/fast/1896158.,fast,650,9,Zines
http://id.worldcat.org/fast/806113.,http://id.worldcat.org/fast/806113.,fast,650,9,Altered books
http://id.worldcat.org/fast/811824.,http://id.worldcat.org/fast/811824.,fast,650,9,Appropriation (Art)
http://id.worldcat.org/fast/813346.,http://id.worldcat.org/fast/813346.,fast,650,9,Architecture
http://id.worldcat.org/fast/815307.,http://id.worldcat.org/fast/815307.,fast,650,9,Art -- Philosophy
http://id.worldcat.org/fast/897844.,http://id.worldcat.org/fast/897844.,fast,650,9,"Drawing, Mexican"
http://id.worldcat.org/fast/927412.,http://id.worldcat.org/fast/927412.,fast,650,9,Flip books
lcsh|alphabet-books,,lcsh,650,9,Alphabet books | Alphabet Books
lcsh|artists-books-germany,,lcsh,650,9,Artists' books -- Germany
lcsh|drawing-mexican-21st-century,,lcsh,650,9,"Drawing, Mexican -- 21st century"
lcsh|small-presses-argentina-specimens,,lcsh,650,9,Small presses -- Argentina -- Specimens
http://id.loc.gov/authorities/subjects/sh85007494.,http://id.loc.gov/authorities/subjects/sh85007494.,lcsh,650,8,Art -- Philosophy
http://id.loc.gov/authorities/subjects/sh85033827.,http://id.loc.gov/authorities/subjects/sh85033827.,lcsh,650,8,"Creation (Literary, artistic, etc.)"
http://id.loc.gov/authorities/subjects/sh85076242.,http://id.loc.gov/authorities/subjects/sh85076242.,lcsh,650,8,Letters in art
http://id.loc.gov/authorities/subjects/sh85077159.,http://id.loc.gov/authorities/subjects/sh85077159.,lcsh,650,8,Line (Art)
http://id.loc.gov/authorities/subjects/sh85135412.,http://id.loc.gov/authorities/subjects/sh85135412.,lcsh,650,8,Time in art
http://id.loc.gov/authorities/subjects/sh93007118.,http://id.loc.gov/authorities/subjects/sh93007118.,lcsh,650,8,Appropriation (Art)
http://id.worldcat.org/fast/1007815.,http://id.worldcat.org/fast/1007815.,fast,650,8,Manners and customs
http://id.worldcat.org/fast/1076940.,http://id.worldcat.org/fast/1076940.,fast,650,8,"Prints, Mexican"
http://id.worldcat.org/fast/1086616.,http://id.worldcat.org/fast/1086616.,fast,650,8,Racism
http://id.worldcat.org/fast/1151107.,http://id.worldcat.org/fast/1151107.,fast,650,8,Time in art
http://id.worldcat.org/fast/1231371.,http://id.worldcat.org/fast/1231371.,fast,651,8,Cuba -- Matanzas
http://id.worldcat.org/fast/1353832.,http://id.worldcat.org/fast/1353832.,fast,650,8,Miscellanea
http://id.worldcat.org/fast/814289.,http://id.worldcat.org/fast/814289.,fast,650,8,Argentine poetry
http://id.worldcat.org/fast/836401.,http://id.worldcat.org/fast/836401.,fast,650,8,Books
http://id.worldcat.org/fast/840962.,http://id.worldcat.org/fast/840962.,fast,650,8,Buildings
http://id.worldcat.org/fast/882393.,http://id.worldcat.org/fast/882393.,fast,650,8,"Creation (Literary, artistic, etc.)"
http://id.worldcat.org/fast/897725.,http://id.worldcat.org/fast/897725.,fast,650,8,Drawing
http://id.worldcat.org/fast/996786.,http://id.worldcat.org/fast/996786.,fast,650,8,Letters in art
http://id.worldcat.org/fast/999034.,http://id.worldcat.org/fast/999034.,fast,650,8,Line (Art)
https://homosaurus.org/v4/homoit0001102.,https://homosaurus.org/v4/homoit0001102.,homoit,650,8,LGBTQ+ performance art
lcsh|art-modern-20th-century,,lcsh,650,8,"Art, Modern -- 20th century"
lcsh|artists-books-california-berkeley,,lcsh,650,8,Artists' books -- California -- Berkeley
lcsh|artists-books-iowa-iowa-city,,lcsh,650,8,Artists' books -- Iowa -- Iowa City
lcsh|artists-books-mexico-specimens,,lcsh,650,8,Artists' books -- Mexico -- Specimens
lcsh|artists-books-new-york-state-rosendale-specimens,,lcsh,650,8,Artists' books -- New York (State) -- Rosendale -- Specimens
(OCoLC)fst00817660.,(OCoLC)fst00817660.,fast,650,7,Artists' books
fast|united-states,,fast,651,7,United States
http://id.loc.gov/authorities/subjects/sh2008108790.,http://id.loc.gov/authorities/subjects/sh2008108790.,lcsh,650,7,"Photography, Artistic -- Exhibitions"
http://id.loc.gov/authorities/subjects/sh2023000629,http://id.loc.gov/authorities/subjects/sh2023000629,lcsh,650,7,Artists' books -- Specimens
http://id.loc.gov/authorities/subjects/sh85036106.,http://id.loc.gov/authorities/subjects/sh85036106.,lcsh,650,7,Death in art
http://id.loc.gov/authorities/subjects/sh85054129.,http://id.loc.gov/authorities/subjects/sh85054129.,lcsh,650,7,Geometrical drawing
http://id.worldcat.org/fast/1061968.,http://id.worldcat.org/fast/1061968.,fast,650,7,"Photography, Artistic -- Exhibitions"
http://id.worldcat.org/fast/1167224.,http://id.worldcat.org/fast/1167224.,fast,650,7,Violence
http://id.worldcat.org/fast/1204928.,http://id.worldcat.org/fast/1204928.,fast,651,7,California
http://id.worldcat.org/fast/1354981.,http://id.worldcat.org/fast/1354981.,fast,650,7,Social aspects
http://id.worldcat.org/fast/1728849.,http://id.worldcat.org/fast/1728849.,fast,650,7,Families
http://id.worldcat.org/fast/1763432.,http://id.worldcat.org/fast/1763432.,fast,650,7,"Chapbooks, Mexican"
http://id.worldcat.org/fast/888694.,http://id.worldcat.org/fast/888694.,fast,650,7,Death in art
http://id.worldcat.org/fast/940844.,http://id.worldcat.org/fast/940844.,fast,650,7,Geometrical drawing
lcsh|artists-books-california,,lcsh,650,7,Artists' books -- California
lcsh|artists-books-canada,,lcsh,650,7,Artists' books -- Canada
lcsh|artists-books-competitions-georgia,,lcsh,650,7,Artists' books -- Competitions -- Georgia
lcsh|artists-books-england-london,,lcsh,650,7,Artists' books -- England -- London
lcsh|chapbooks-mexican-specimens,,lcsh,650,7,"Chapbooks, Mexican -- Specimens"
lcsh|food-in-art,,lcsh,650,7,Food in art
lcsh|photography-artistic-21st-century,,lcsh,650,7,"Photography, Artistic -- 21st century"
lcsh|prints-mexican-21st-century,,lcsh,650,7,"Prints, Mexican -- 21st century"
lcsh|small-press-books-mexico-specimens,,lcsh,650,7,Small press books -- Mexico -- Specimens
lcsh|women,,lcsh,650,7,Women
lcsh|zines-chile-21st-century-specimens,,lcsh,650,7,Zines -- Chile -- 21st century -- Specimens
http://id.loc.gov/authorities/subjects/sh2008006774.,http://id.loc.gov/authorities/subjects/sh2008006774.,lcsh,650,6,Vernacular photography
http://id.loc.gov/authorities/subjects/sh85007089.,http://id.loc.gov/authorities/subjects/sh85007089.,lcsh,650,6,Argentine poetry
http://id.loc.gov/authorities/subjects/sh85028596.,http://id.loc.gov/authorities/subjects/sh85028596.,lcsh,650,6,Color in art
http://id.loc.gov/authorities/subjects/sh85078533.,http://id.loc.gov/authorities/subjects/sh85078533.,lcsh,650,6,Love in art
http://id.loc.gov/authorities/subjects/sh96011526.,http://id.loc.gov/authorities/subjects/sh96011526.,lcsh,650,6,Feminism in art
http://id.loc.gov/authorities/subjects/sh97000669.,http://id.loc.gov/authorities/subjects/sh97000669.,lcsh,650,6,Racism in art
http://id.loc.gov/authorities/subjects/sh97001002.,http://id.loc.gov/authorities/subjects/sh97001002.,lcsh,650,6,Geometry in art
http://id.loc.gov/authorities/subjects/sh97001912.,http://id.loc.gov/authorities/subjects/sh97001912.,lcsh,650,6,Letter writing in art
http://id.loc.gov/authorities/subjects/sh97002102.,http://id.loc.gov/authorities/subjects/sh97002102.,lcsh,650,6,Memory in art
http://id.worldcat.org/fast/1000149.,http://id.worldcat.org/fast/1000149.,fast,650,6,"Literature, Experimental"
http://id.worldcat.org/fast/1002807.,http://id.worldcat.org/fast/1002807.,fast,650,6,Love in art
http://id.worldcat.org/fast/1015959.,http://id.worldcat.org/fast/1015959.,fast,650,6,Memory in art
http://id.worldcat.org/fast/1086652.,http://id.worldcat.org/fast/1086652.,fast,650,6,Racism in art
http://id.worldcat.org/fast/1170082.,http://id.worldcat.org/fast/1170082.,fast,650,6,Walking in art
http://id.worldcat.org/fast/1204303.,http://id.worldcat.org/fast/1204303.,fast,651,6,Spain
http://id.worldcat.org/fast/1206830.,http://id.worldcat.org/fast/1206830.,fast,651,6,Brazil
http://id.worldcat.org/fast/1210272.,http://id.worldcat.org/fast/1210272.,fast,651,6,Germany
http://id.worldcat.org/fast/1210278.,http://id.worldcat.org/fast/1210278.,fast,651,6,Belgium
http://id.worldcat.org/fast/1219920.,http://id.worldcat.org/fast/1219920.,fast,651,6,England
http://id.worldcat.org/fast/1355139.,http://id.worldcat.org/fast/1355139.,fast,650,6,"Themes, motives"
http://id.worldcat.org/fast/1739207.,http://id.worldcat.org/fast/1739207.,fast,650,6,Art and the Internet
http://id.worldcat.org/fast/1746380.,http://id.worldcat.org/fast/1746380.,fast,650,6,Vernacular photography
http://id.worldcat.org/fast/868563.,http://id.worldcat.org/fast/868563.,fast,650,6,Color in art
http://id.worldcat.org/fast/922751.,http://id.worldcat.org/fast/922751.,fast,650,6,Feminism in art
http://id.worldcat.org/fast/940896.,http://id.worldcat.org/fast/940896.,fast,650,6,Geometry in art
http://id.worldcat.org/fast/996707.,http://id.worldcat.org/fast/996707.,fast,650,6,Letter writing in art
lcsh|alphabets,,lcsh,650,6,Alphabets
lcsh|altered-books-facsimiles,,lcsh,650,6,Altered books -- Facsimiles
lcsh|art-modern-20th-century-exhibitions,,lcsh,650,6,"Art, Modern -- 20th century -- Exhibitions"
lcsh|artists-books-periodicals,,lcsh,650,6,Artists' books -- Periodicals
lcsh|artists-books-united-states-exhibitions,,lcsh,650,6,Artists' books -- United States -- Exhibitions
lcsh|handmade-paper-specimens,,lcsh,650,6,Handmade paper -- Specimens
lcsh|photography-artistic-exhibitions,,lcsh,650,6,"Photography, Artistic -- Exhibitions"
lcsh|postage-stamps-in-art,,lcsh,650,6,Postage stamps in art
lcsh|words-in-art,,lcsh,650,6,Words in art
unspecified|artists-books-books,,unspecified,650,6,artists' books (books)
(OCoLC)fst00817559,(OCoLC)fst00817559,unspecified fast,650,5,Artists
(OCoLC)fst01061964.,(OCoLC)fst01061964.,fast,650,5,"Photography, Artistic"
http://id.loc.gov/authorities/subjects/sh2003003610.,http://id.loc.gov/authorities/subjects/sh2003003610.,lcsh,650,5,Autobiographical memory in art
http://id.loc.gov/authorities/subjects/sh2003008599.,http://id.loc.gov/authorities/subjects/sh2003008599.,lcsh,650,5,Art and the Internet
http://id.loc.gov/authorities/subjects/sh85015614.,http://id.loc.gov/authorities/subjects/sh85015614.,lcsh,650,5,Book design
http://id.loc.gov/authorities/subjects/sh85079877.,http://id.loc.gov/authorities/subjects/sh85079877.,lcsh,650,5,Mail art
http://id.loc.gov/authorities/subjects/sh85088916.,http://id.loc.gov/authorities/subjects/sh85088916.,lcsh,650,5,Music in art
http://id.loc.gov/authorities/subjects/sh97001626.,http://id.loc.gov/authorities/subjects/sh97001626.,lcsh,650,5,Tarot in art
http://id.loc.gov/authorities/subjects/sh97002577.,http://id.loc.gov/authorities/subjects/sh97002577.,lcsh,650,5,Walking in art
http://id.worldcat.org/fast/1006062.,http://id.worldcat.org/fast/1006062.,fast,650,5,Mail art
http://id.worldcat.org/fast/1030543.,http://id.worldcat.org/fast/1030543.,fast,650,5,Music in art
http://id.worldcat.org/fast/1061958.,http://id.worldcat.org/fast/1061958.,fast,650,5,Photography of women
http://id.worldcat.org/fast/1143428.,http://id.worldcat.org/fast/1143428.,fast,650,5,Tarot in art
http://id.worldcat.org/fast/1169308.,http://id.worldcat.org/fast/1169308.,fast,650,5,Voyages and travels
http://id.worldcat.org/fast/1204289.,http://id.worldcat.org/fast/1204289.,fast,651,5,France
http://id.worldcat.org/fast/1204897.,http://id.worldcat.org/fast/1204897.,fast,651,5,Colombia -- Bogotá
http://id.worldcat.org/fast/1205757.,http://id.worldcat.org/fast/1205757.,fast,651,5,Iraq
http://id.worldcat.org/fast/1245945.,http://id.worldcat.org/fast/1245945.,fast,651,5,Latin America
http://id.worldcat.org/fast/1353140.,http://id.worldcat.org/fast/1353140.,fast,650,5,Friends and associates
http://id.worldcat.org/fast/807348.,http://id.worldcat.org/fast/807348.,fast,650,5,American poetry
http://id.worldcat.org/fast/815309.,http://id.worldcat.org/fast/815309.,fast,650,5,Art -- Political aspects
http://id.worldcat.org/fast/822590.,http://id.worldcat.org/fast/822590.,fast,650,5,Autobiographical memory in art
http://id.worldcat.org/fast/836152.,http://id.worldcat.org/fast/836152.,fast,650,5,Book design
http://id.worldcat.org/fast/852211.,http://id.worldcat.org/fast/852211.,fast,650,5,"Chapbooks, Spanish"
http://id.worldcat.org/fast/867085.,http://id.worldcat.org/fast/867085.,fast,650,5,Collage
http://id.worldcat.org/fast/910920.,http://id.worldcat.org/fast/910920.,fast,650,5,English language
http://vocab.getty.edu/aat/300123016.,http://vocab.getty.edu/aat/300123016.,aat,650,5,Artists' books (books)
lcsh|art,,lcsh,650,5,Art
lcsh|artists,,lcsh,650,5,Artists
lcsh|artists-books-exhibitions,,lcsh,650,5,Artists' books -- Exhibitions
lcsh|artists-books-italy,,lcsh,650,5,Artists' books -- Italy
lcsh|artists-books-japan,,lcsh,650,5,Artists' books -- Japan
lcsh|artists-books-new-york-rosendale,,lcsh,650,5,Artists' books -- New York -- Rosendale
lcsh|artists-books-new-york-state,,lcsh,650,5,Artists' books -- New York (State)
lcsh|artists-books-new-york-state-new-york-specimens,,lcsh,650,5,Artists' books -- New York (State) -- New York -- Specimens
lcsh|artists-books-scotland,,lcsh,650,5,Artists' books -- Scotland
lcsh|artists-books-washington-d-c,,lcsh,650,5,Artists' books -- Washington (D.C.)
lcsh|autobiographical-memory-in-art,,lcsh,650,5,Autobiographical memory in art
lcsh|conceptual-art-exhibitions,,lcsh,650,5,Conceptual art -- Exhibitions
lcsh|letterpress,,lcsh,650,5,Letterpress
lcsh|mail-art,,lcsh,650,5,Mail art
lcsh|maps-in-art,,lcsh,650,5,Maps in art
lcsh|pop-up-books-specimens,,lcsh,650,5,Pop-up books -- Specimens
lcsh|postcards,,lcsh,650,5,Postcards
lcsh|printing-specimens,,lcsh,650,5,Printing -- Specimens
lcsh|self-in-art,,lcsh,650,5,Self in art
lcsh|visual-poetry,,lcsh,650,5,Visual poetry
unspecified|livres-d-artistes,,unspecified,650,5,Livres d'artistes
(OCoLC)fst00814030,(OCoLC)fst00814030,unspecified,650,4,Archives
http://id.loc.gov/authorities/subjects/sh2007100768.,http://id.loc.gov/authorities/subjects/sh2007100768.,lcsh,650,4,American poetry -- 21st century
http://id.loc.gov/authorities/subjects/sh2009129807.,http://id.loc.gov/authorities/subjects/sh2009129807.,lcsh,650,4,Lift-the-flap books -- Specimens
http://id.loc.gov/authorities/subjects/sh2010101632.,http://id.loc.gov/authorities/subjects/sh2010101632.,lcsh,650,4,Mexican poetry -- 21st century
http://id.loc.gov/authorities/subjects/sh85006905.,http://id.loc.gov/authorities/subjects/sh85006905.,lcsh,650,4,Architecture in art
http://id.loc.gov/authorities/subjects/sh85007662,http://id.loc.gov/authorities/subjects/sh85007662,lcsh,650,4,"Art, French"
http://id.loc.gov/authorities/subjects/sh85027965.,http://id.loc.gov/authorities/subjects/sh85027965.,lcsh,650,4,Collage
http://id.loc.gov/authorities/subjects/sh85029624,http://id.loc.gov/authorities/subjects/sh85029624,lcsh,650,4,Conceptual art
http://id.loc.gov/authorities/subjects/sh85033274.,http://id.loc.gov/authorities/subjects/sh85033274.,lcsh,650,4,Clothing and dress in art
http://id.loc.gov/authorities/subjects/sh85085702.,http://id.loc.gov/authorities/subjects/sh85085702.,lcsh,650,4,Minimal art
http://id.loc.gov/authorities/subjects/sh85086800.,http://id.loc.gov/authorities/subjects/sh85086800.,lcsh,650,4,Money in art
http://id.loc.gov/authorities/subjects/sh85104472.,http://id.loc.gov/authorities/subjects/sh85104472.,lcsh,650,4,Politics in art
http://id.loc.gov/authorities/subjects/sh85132686.,http://id.loc.gov/authorities/subjects/sh85132686.,lcsh,650,4,Tarot
http://id.loc.gov/authorities/subjects/sh97000008.,http://id.loc.gov/authorities/subjects/sh97000008.,lcsh,650,4,Chance in art
http://id.loc.gov/authorities/subjects/sh97000712.,http://id.loc.gov/authorities/subjects/sh97000712.,lcsh,650,4,Rape in art
http://id.loc.gov/authorities/subjects/sh97001340.,http://id.loc.gov/authorities/subjects/sh97001340.,lcsh,650,4,Science in art
http://id.loc.gov/authorities/subjects/sh97001955.,http://id.loc.gov/authorities/subjects/sh97001955.,lcsh,650,4,Literature in art
http://id.worldcat.org/fast/1000107.,http://id.worldcat.org/fast/1000107.,fast,650,4,Literature in art
http://id.worldcat.org/fast/1015913.,http://id.worldcat.org/fast/1015913.,fast,650,4,Memory
http://id.worldcat.org/fast/1019226.,http://id.worldcat.org/fast/1019226.,fast,650,4,Mexican poetry
http://id.worldcat.org/fast/1022831.,http://id.worldcat.org/fast/1022831.,fast,650,4,Minimal art
http://id.worldcat.org/fast/1025319.,http://id.worldcat.org/fast/1025319.,fast,650,4,Money in art
http://id.worldcat.org/fast/1061605.,http://id.worldcat.org/fast/1061605.,fast,650,4,Photographers
http://id.worldcat.org/fast/1076612.,http://id.worldcat.org/fast/1076612.,fast,650,4,Printing
http://id.worldcat.org/fast/1090002.,http://id.worldcat.org/fast/1090002.,fast,650,4,Rape in art
http://id.worldcat.org/fast/1108730.,http://id.worldcat.org/fast/1108730.,fast,650,4,Science in art
http://id.worldcat.org/fast/1111843.,http://id.worldcat.org/fast/1111843.,fast,650,4,Self-portraits
http://id.worldcat.org/fast/1140771.,http://id.worldcat.org/fast/1140771.,fast,650,4,Symbolism in art
http://id.worldcat.org/fast/1143418.,http://id.worldcat.org/fast/1143418.,fast,650,4,Tarot
http://id.worldcat.org/fast/1168079.,http://id.worldcat.org/fast/1168079.,fast,650,4,Visual poetry
http://id.worldcat.org/fast/1177159.,http://id.worldcat.org/fast/1177159.,fast,650,4,Women artists
http://id.worldcat.org/fast/1198648.,http://id.worldcat.org/fast/1198648.,fast,650,4,Criticism and interpretation
http://id.worldcat.org/fast/1198921.,http://id.worldcat.org/fast/1198921.,fast,650,4,Press coverage
http://id.worldcat.org/fast/1199302.,http://id.worldcat.org/fast/1199302.,fast,650,4,Clothing and dress in art
http://id.worldcat.org/fast/1202769.,http://id.worldcat.org/fast/1202769.,fast,651,4,Mexico -- Chiapas
http://id.worldcat.org/fast/1204082.,http://id.worldcat.org/fast/1204082.,fast,651,4,Japan
http://id.worldcat.org/fast/1204304.,http://id.worldcat.org/fast/1204304.,fast,651,4,North Carolina
http://id.worldcat.org/fast/1204827.,http://id.worldcat.org/fast/1204827.,fast,651,4,Spain -- Seville
http://id.worldcat.org/fast/1207444.,http://id.worldcat.org/fast/1207444.,fast,651,4,Iraq -- Baghdad
http://id.worldcat.org/fast/1210280.,http://id.worldcat.org/fast/1210280.,fast,651,4,New York (State)
http://id.worldcat.org/fast/1256743.,http://id.worldcat.org/fast/1256743.,fast,651,4,Czech Republic
http://id.worldcat.org/fast/1741098.,http://id.worldcat.org/fast/1741098.,fast,650,4,Social media
http://id.worldcat.org/fast/1896083.,http://id.worldcat.org/fast/1896083.,fast,650,4,Politics in art
http://id.worldcat.org/fast/793808.,http://id.worldcat.org/fast/793808.,fast,650,4,AIDS (Disease)
http://id.worldcat.org/fast/805945.,http://id.worldcat.org/fast/805945.,fast,650,4,Alphabet
http://id.worldcat.org/fast/807113.,http://id.worldcat.org/fast/807113.,fast,650,4,American literature
http://id.worldcat.org/fast/813301.,http://id.worldcat.org/fast/813301.,fast,650,4,Architectural photography
http://id.worldcat.org/fast/813596.,http://id.worldcat.org/fast/813596.,fast,650,4,Architecture in art
http://id.worldcat.org/fast/815338.,http://id.worldcat.org/fast/815338.,fast,650,4,Art -- Study and teaching
http://id.worldcat.org/fast/852034.,http://id.worldcat.org/fast/852034.,fast,650,4,Chance in art
http://id.worldcat.org/fast/884822.,http://id.worldcat.org/fast/884822.,fast,650,4,Cuban poetry
http://id.worldcat.org/fast/908690.,http://id.worldcat.org/fast/908690.,fast,650,4,Emigration and immigration
http://id.worldcat.org/fast/914768.,http://id.worldcat.org/fast/914768.,fast,650,4,Erotic art
http://id.worldcat.org/fast/930306.,http://id.worldcat.org/fast/930306.,fast,650,4,Folklore
http://id.worldcat.org/fast/962832.,http://id.worldcat.org/fast/962832.,fast,650,4,Human beings
http://id.worldcat.org/fast/968126.,http://id.worldcat.org/fast/968126.,fast,650,4,Imperialism
https://homosaurus.org/v4/homoit0001321.,https://homosaurus.org/v4/homoit0001321.,homoit,650,4,Social media
lcsh|aesthetics,,lcsh,650,4,Aesthetics
lcsh|aleatory-music,,lcsh,650,4,Aleatory music
lcsh|alphabet-in-art,,lcsh,650,4,Alphabet in art
lcsh|archives,,lcsh,650,4,Archives
lcsh|artists-books-cuba-matanzas-specimens,,lcsh,650,4,Artists' books -- Cuba -- Matanzas -- Specimens
lcsh|artists-books-england-oxford,,lcsh,650,4,Artists' books -- England -- Oxford
lcsh|artists-books-mexico,,lcsh,650,4,Artists' books -- Mexico
lcsh|conceptual-art-italy,,lcsh,650,4,Conceptual art -- Italy
lcsh|families-in-art,,lcsh,650,4,Families in art
lcsh|letterpress-printing,,lcsh,650,4,Letterpress printing
lcsh|literature-experimental-great-britain,,lcsh,650,4,"Literature, Experimental -- Great Britain"
lcsh|mail-art-united-states,,lcsh,650,4,Mail art -- United States
lcsh|miniature-books,,lcsh,650,4,Miniature books
lcsh|papermaking,,lcsh,650,4,Papermaking
lcsh|performance-art,,lcsh,650,4,Performance art
lcsh|performance-art-texts,,lcsh,650,4,Performance art -- Texts
lcsh|photography-erotic,,lcsh,650,4,"Photography, Erotic"
lcsh|photography-of-the-nude,,lcsh,650,4,Photography of the nude
lcsh|relationships-interpersonal,,lcsh,650,4,"Relationships, Interpersonal | Relationships, interpersonal"
lcsh|small-press-books-argentina-specimens,,lcsh,650,4,Small press books -- Argentina -- Specimens
lcsh|small-press-books-spain-seville-specimens,,lcsh,650,4,Small press books -- Spain -- Seville -- Specimens
lcsh|type-and-type-founding-specimens,,lcsh,650,4,Type and type-founding -- Specimens
lcsh|violence-iraq-baghdad,,lcsh,650,4,Violence -- Iraq -- Baghdad
lcsh|war-in-art,,lcsh,650,4,War in art
lcsh|woodcuts,,lcsh,650,4,Woodcuts
none|los-angeles-calif-in-art,,,651,4,Los Angeles (Calif.) -- In art
rvm|photographie-artistique,,rvm,650,4,Photographie artistique
unspecified|art,,unspecified,650,4,Art
unspecified|specimens,,unspecified,650,4,Specimens
(OCoLC)fst00816615,(OCoLC)fst00816615,fast,650,3,"Art, Modern"
(OCoLC)fst00874354,(OCoLC)fst00874354,fast,650,3,Concrete poetry
(OCoLC)fst01057852,(OCoLC)fst01057852,fast unspecified,650,3,Performance art | Performance Art
(OCoLC)fst01061964,(OCoLC)fst01061964,unspecified fast,650,3,"Photography | Photography, Artistic"
(OCoLC)fst01153422,(OCoLC)fst01153422,fast,650,3,Toy and movable books
(OCoLC)fst01204155.,(OCoLC)fst01204155.,fast,651,3,United States
(OCoLC)fst01204623,(OCoLC)fst01204623,fast,651,3,Great Britain
(OCoLC)fst01423837,(OCoLC)fst01423837,unspecified,650,3,Pamphlets
aat|art-photography,,aat,650,3,art photography
aat|bookworks,,aat,650,3,bookworks
abo.org|photographic-sequence,,abo.org,650,3,Photographic sequence
abo.org|visual-narrative,,abo.org,650,3,Visual narrative
fast|aleatory-music,,fast,650,3,Aleatory music
fast|photography-artistic,,fast,650,3,"Photography, Artistic"
http://id.loc.gov/authorities/subjects/sh2002000548.,http://id.loc.gov/authorities/subjects/sh2002000548.,lcsh,650,3,"Art, Modern -- 21st century"
http://id.loc.gov/authorities/subjects/sh2003001210.,http://id.loc.gov/authorities/subjects/sh2003001210.,lcsh,650,3,Altered books
http://id.loc.gov/authorities/subjects/sh2003006553.,http://id.loc.gov/authorities/subjects/sh2003006553.,lcsh,650,3,"September 11 Terrorist Attacks, 2001, in art"
http://id.loc.gov/authorities/subjects/sh2005001314.,http://id.loc.gov/authorities/subjects/sh2005001314.,lcsh,650,3,Drawing -- 21st century
http://id.loc.gov/authorities/subjects/sh2005005346.,http://id.loc.gov/authorities/subjects/sh2005005346.,lcsh,650,3,Reading in art
http://id.loc.gov/authorities/subjects/sh2007100575.,http://id.loc.gov/authorities/subjects/sh2007100575.,lcsh,650,3,Artists -- United States -- Biography
http://id.loc.gov/authorities/subjects/sh2007101460.,http://id.loc.gov/authorities/subjects/sh2007101460.,lcsh,650,3,Artists' books -- Exhibitions
http://id.loc.gov/authorities/subjects/sh2008116076.,http://id.loc.gov/authorities/subjects/sh2008116076.,,651,3,Los Angeles (Calif.) -- Pictorial works
http://id.loc.gov/authorities/subjects/sh2009008683.,http://id.loc.gov/authorities/subjects/sh2009008683.,lcsh,650,3,Rape -- Psychological aspects
http://id.loc.gov/authorities/subjects/sh2009121277.,http://id.loc.gov/authorities/subjects/sh2009121277.,lcsh,650,3,Conceptual art -- United States
http://id.loc.gov/authorities/subjects/sh85007461.,http://id.loc.gov/authorities/subjects/sh85007461.,lcsh,650,3,Art
http://id.loc.gov/authorities/subjects/sh85007495.,http://id.loc.gov/authorities/subjects/sh85007495.,lcsh,650,3,Art -- Political aspects
http://id.loc.gov/authorities/subjects/sh85007659,http://id.loc.gov/authorities/subjects/sh85007659,lcsh,650,3,"Art, Flemish"
http://id.loc.gov/authorities/subjects/sh85007977.,http://id.loc.gov/authorities/subjects/sh85007977.,lcsh,650,3,Art and technology
http://id.loc.gov/authorities/subjects/sh85008423.,http://id.loc.gov/authorities/subjects/sh85008423.,lcsh,650,3,"Arts, American -- 20th century"
http://id.loc.gov/authorities/subjects/sh85029624.,http://id.loc.gov/authorities/subjects/sh85029624.,lcsh,650,3,Conceptual art
http://id.loc.gov/authorities/subjects/sh85033827,http://id.loc.gov/authorities/subjects/sh85033827,lcsh,650,3,"Creation (Literary, artistic, etc.)"
http://id.loc.gov/authorities/subjects/sh85039486.,http://id.loc.gov/authorities/subjects/sh85039486.,lcsh,650,3,Dreams in art
http://id.loc.gov/authorities/subjects/sh85044668.,http://id.loc.gov/authorities/subjects/sh85044668.,lcsh,650,3,Erotic art
http://id.loc.gov/authorities/subjects/sh85048974.,http://id.loc.gov/authorities/subjects/sh85048974.,lcsh,650,3,Flags in art
http://id.loc.gov/authorities/subjects/sh85058292.,http://id.loc.gov/authorities/subjects/sh85058292.,lcsh,650,3,"Haiku, American"
http://id.loc.gov/authorities/subjects/sh85058806.,http://id.loc.gov/authorities/subjects/sh85058806.,lcsh,650,3,Happenings (Art)
http://id.loc.gov/authorities/subjects/sh85061521.,http://id.loc.gov/authorities/subjects/sh85061521.,lcsh,650,3,"Holocaust, Jewish (1939-1945), in art"
http://id.loc.gov/authorities/subjects/sh85064628.,http://id.loc.gov/authorities/subjects/sh85064628.,lcsh,650,3,Imperialism
http://id.loc.gov/authorities/subjects/sh85080298.,http://id.loc.gov/authorities/subjects/sh85080298.,lcsh,650,3,Human beings -- Effect of environment on
http://id.loc.gov/authorities/subjects/sh85087538.,http://id.loc.gov/authorities/subjects/sh85087538.,lcsh,650,3,Mothers and daughters
http://id.loc.gov/authorities/subjects/sh85101240,http://id.loc.gov/authorities/subjects/sh85101240,lcsh,650,3,Portrait photography
http://id.loc.gov/authorities/subjects/sh85101277.,http://id.loc.gov/authorities/subjects/sh85101277.,lcsh,650,3,Documentary photography
http://id.loc.gov/authorities/subjects/sh85101355.,http://id.loc.gov/authorities/subjects/sh85101355.,lcsh,650,3,Photography of men
http://id.loc.gov/authorities/subjects/sh85105462,http://id.loc.gov/authorities/subjects/sh85105462,lcsh,650,3,Postcards
http://id.loc.gov/authorities/subjects/sh85119759.,http://id.loc.gov/authorities/subjects/sh85119759.,lcsh,650,3,Self-help techniques
http://id.loc.gov/authorities/subjects/sh85131415.,http://id.loc.gov/authorities/subjects/sh85131415.,lcsh,650,3,Symbolism in art
http://id.loc.gov/authorities/subjects/sh85143520.,http://id.loc.gov/authorities/subjects/sh85143520.,lcsh,650,3,Violence in art
http://id.loc.gov/authorities/subjects/sh85144443.,http://id.loc.gov/authorities/subjects/sh85144443.,lcsh,650,3,Voyages and travels
http://id.loc.gov/authorities/subjects/sh85147447,http://id.loc.gov/authorities/subjects/sh85147447,lcsh,650,3,Women artists
http://id.loc.gov/authorities/subjects/sh85148125,http://id.loc.gov/authorities/subjects/sh85148125,lcsh,650,3,Words in art
http://id.loc.gov/authorities/subjects/sh85148125.,http://id.loc.gov/authorities/subjects/sh85148125.,lcsh,650,3,Words in art
http://id.loc.gov/authorities/subjects/sh94008313.,http://id.loc.gov/authorities/subjects/sh94008313.,lcsh,650,3,Exquisite corpse (Game)
http://id.loc.gov/authorities/subjects/sh96011153.,http://id.loc.gov/authorities/subjects/sh96011153.,lcsh,650,3,Cosmology in art
http://id.loc.gov/authorities/subjects/sh96011700.,http://id.loc.gov/authorities/subjects/sh96011700.,lcsh,650,3,Boats and boating in art
http://id.loc.gov/authorities/subjects/sh96011709.,http://id.loc.gov/authorities/subjects/sh96011709.,lcsh,650,3,Books and reading in art
http://id.loc.gov/authorities/subjects/sh97002002.,http://id.loc.gov/authorities/subjects/sh97002002.,lcsh,650,3,Labor in art
http://id.loc.gov/authorities/subjects/sh97002039.,http://id.loc.gov/authorities/subjects/sh97002039.,lcsh,650,3,Maps in art
http://id.loc.gov/authorities/subjects/sh97002650.,http://id.loc.gov/authorities/subjects/sh97002650.,lcsh,650,3,Murder in art
http://id.worldcat.org/fast/1002769.,http://id.worldcat.org/fast/1002769.,fast,650,3,Love
http://id.worldcat.org/fast/1007080.,http://id.worldcat.org/fast/1007080.,fast,650,3,Man-woman relationships
http://id.worldcat.org/fast/1008755.,http://id.worldcat.org/fast/1008755.,fast,650,3,Maps in art
http://id.worldcat.org/fast/1011082.,http://id.worldcat.org/fast/1011082.,fast,650,3,Masks
http://id.worldcat.org/fast/1025892.,http://id.worldcat.org/fast/1025892.,fast,650,3,Monuments
http://id.worldcat.org/fast/1026997.,http://id.worldcat.org/fast/1026997.,fast,650,3,Mothers and daughters
http://id.worldcat.org/fast/1027007.,http://id.worldcat.org/fast/1027007.,fast,650,3,Mothers and sons
http://id.worldcat.org/fast/1028387.,http://id.worldcat.org/fast/1028387.,fast,650,3,Mountains in art
http://id.worldcat.org/fast/1029803.,http://id.worldcat.org/fast/1029803.,fast,650,3,Murder in art
http://id.worldcat.org/fast/1049157.,http://id.worldcat.org/fast/1049157.,fast,650,3,Outdoor photography
http://id.worldcat.org/fast/1049257.,http://id.worldcat.org/fast/1049257.,fast,650,3,Outsider art
http://id.worldcat.org/fast/1052584.,http://id.worldcat.org/fast/1052584.,fast,650,3,Paper work
http://id.worldcat.org/fast/1061600.,http://id.worldcat.org/fast/1061600.,fast,650,3,Photograph collections
http://id.worldcat.org/fast/1061781.,http://id.worldcat.org/fast/1061781.,fast,650,3,Photography -- Philosophy
http://id.worldcat.org/fast/1061922.,http://id.worldcat.org/fast/1061922.,fast,650,3,Photography of men
http://id.worldcat.org/fast/1062022.,http://id.worldcat.org/fast/1062022.,fast,650,3,Photojournalism
http://id.worldcat.org/fast/1069207.,http://id.worldcat.org/fast/1069207.,fast,650,3,Political atrocities
http://id.worldcat.org/fast/1073018.,http://id.worldcat.org/fast/1073018.,fast,650,3,Postcards
http://id.worldcat.org/fast/1089970.,http://id.worldcat.org/fast/1089970.,fast,650,3,Rape
http://id.worldcat.org/fast/1089980.,http://id.worldcat.org/fast/1089980.,fast,650,3,Rape -- Psychological aspects
http://id.worldcat.org/fast/1096737.,http://id.worldcat.org/fast/1096737.,fast,650,3,Revolutions
http://id.worldcat.org/fast/1109788.,http://id.worldcat.org/fast/1109788.,fast,650,3,"Sculpture, Modern"
http://id.worldcat.org/fast/1111754.,http://id.worldcat.org/fast/1111754.,fast,650,3,Self-help techniques
http://id.worldcat.org/fast/1112809.,http://id.worldcat.org/fast/1112809.,fast,650,3,September 11 Terrorist Attacks (2001) in art
http://id.worldcat.org/fast/1113497.,http://id.worldcat.org/fast/1113497.,fast,650,3,Service stations
http://id.worldcat.org/fast/1114160.,http://id.worldcat.org/fast/1114160.,fast,650,3,Sex
http://id.worldcat.org/fast/1119791.,http://id.worldcat.org/fast/1119791.,fast,650,3,Site-specific installations (Art)
http://id.worldcat.org/fast/1120426.,http://id.worldcat.org/fast/1120426.,fast,650,3,Slavery
http://id.worldcat.org/fast/1128654.,http://id.worldcat.org/fast/1128654.,fast,650,3,Spanish poetry
http://id.worldcat.org/fast/1130186.,http://id.worldcat.org/fast/1130186.,fast,650,3,Spirituality
http://id.worldcat.org/fast/1134710.,http://id.worldcat.org/fast/1134710.,fast,650,3,Street photography
http://id.worldcat.org/fast/1144058.,http://id.worldcat.org/fast/1144058.,fast,650,3,Taxidermy
http://id.worldcat.org/fast/1151043.,http://id.worldcat.org/fast/1151043.,fast,650,3,Time
http://id.worldcat.org/fast/1155473.,http://id.worldcat.org/fast/1155473.,fast,650,3,Cross-dressers
http://id.worldcat.org/fast/1155596.,http://id.worldcat.org/fast/1155596.,fast,650,3,Travel -- Social aspects
http://id.worldcat.org/fast/1164956.,http://id.worldcat.org/fast/1164956.,fast,650,3,Vehicle bombs
http://id.worldcat.org/fast/1165710.,http://id.worldcat.org/fast/1165710.,fast,650,3,Veterans
http://id.worldcat.org/fast/1167273.,http://id.worldcat.org/fast/1167273.,fast,650,3,Violence in art
http://id.worldcat.org/fast/1173203.,http://id.worldcat.org/fast/1173203.,fast,650,3,Weaving
http://id.worldcat.org/fast/1174632.,http://id.worldcat.org/fast/1174632.,fast,650,3,White collar workers
http://id.worldcat.org/fast/1178288.,http://id.worldcat.org/fast/1178288.,fast,650,3,Women photographers
http://id.worldcat.org/fast/1180181.,http://id.worldcat.org/fast/1180181.,fast,650,3,Words in art
http://id.worldcat.org/fast/1204034.,http://id.worldcat.org/fast/1204034.,fast,651,3,Netherlands
http://id.worldcat.org/fast/1204048.,http://id.worldcat.org/fast/1204048.,fast,651,3,Illinois -- Chicago
http://id.worldcat.org/fast/1204310.,http://id.worldcat.org/fast/1204310.,fast,651,3,Canada
http://id.worldcat.org/fast/1204327.,http://id.worldcat.org/fast/1204327.,fast,651,3,Mali
http://id.worldcat.org/fast/1204565.,http://id.worldcat.org/fast/1204565.,fast,651,3,Italy
http://id.worldcat.org/fast/1204616.,http://id.worldcat.org/fast/1204616.,fast,651,3,South Africa
http://id.worldcat.org/fast/1205190.,http://id.worldcat.org/fast/1205190.,fast,651,3,Peru
http://id.worldcat.org/fast/1205786.,http://id.worldcat.org/fast/1205786.,fast,651,3,Argentina -- Buenos Aires
http://id.worldcat.org/fast/1206073.,http://id.worldcat.org/fast/1206073.,fast,651,3,China
http://id.worldcat.org/fast/1206891.,http://id.worldcat.org/fast/1206891.,fast,651,3,Poland
http://id.worldcat.org/fast/1210275.,http://id.worldcat.org/fast/1210275.,fast,651,3,Pakistan
http://id.worldcat.org/fast/1210276.,http://id.worldcat.org/fast/1210276.,fast,651,3,India
http://id.worldcat.org/fast/1244550.,http://id.worldcat.org/fast/1244550.,fast,651,3,Southern States
http://id.worldcat.org/fast/1245064.,http://id.worldcat.org/fast/1245064.,fast,651,3,Europe
http://id.worldcat.org/fast/1741452.,http://id.worldcat.org/fast/1741452.,fast,650,3,Lift-the-flap books
http://id.worldcat.org/fast/1742293.,http://id.worldcat.org/fast/1742293.,fast,650,3,Photobooks
http://id.worldcat.org/fast/1754966.,http://id.worldcat.org/fast/1754966.,fast,650,3,Cooking
http://id.worldcat.org/fast/1765239.,http://id.worldcat.org/fast/1765239.,fast,650,3,Transgender people
http://id.worldcat.org/fast/1904436.,http://id.worldcat.org/fast/1904436.,fast,650,3,Reading in art
http://id.worldcat.org/fast/1919582.,http://id.worldcat.org/fast/1919582.,fast,650,3,Economic conditions
http://id.worldcat.org/fast/799698.,http://id.worldcat.org/fast/799698.,fast,650,3,African Americans -- Social conditions
http://id.worldcat.org/fast/802066.,http://id.worldcat.org/fast/802066.,fast,650,3,Air
http://id.worldcat.org/fast/802083.,http://id.worldcat.org/fast/802083.,fast,650,3,Air -- Pollution
http://id.worldcat.org/fast/809573.,http://id.worldcat.org/fast/809573.,fast,650,3,Animals in art
http://id.worldcat.org/fast/815441.,http://id.worldcat.org/fast/815441.,fast,650,3,Art and technology
http://id.worldcat.org/fast/815469.,http://id.worldcat.org/fast/815469.,fast,650,3,Art brut
http://id.worldcat.org/fast/815492.,http://id.worldcat.org/fast/815492.,fast,650,3,Art criticism
http://id.worldcat.org/fast/815895.,http://id.worldcat.org/fast/815895.,fast,650,3,"Art, American"
http://id.worldcat.org/fast/817661.,http://id.worldcat.org/fast/817661.,fast,650,3,Artists' books -- Exhibitions
http://id.worldcat.org/fast/817721.,http://id.worldcat.org/fast/817721.,fast,650,3,Arts
http://id.worldcat.org/fast/817891.,http://id.worldcat.org/fast/817891.,fast,650,3,"Arts, American"
http://id.worldcat.org/fast/835230.,http://id.worldcat.org/fast/835230.,fast,650,3,Boats and boating in art
http://id.worldcat.org/fast/836454.,http://id.worldcat.org/fast/836454.,fast,650,3,Books and reading
http://id.worldcat.org/fast/836477.,http://id.worldcat.org/fast/836477.,fast,650,3,Books and reading in art
http://id.worldcat.org/fast/850568.,http://id.worldcat.org/fast/850568.,fast,650,3,Censorship
http://id.worldcat.org/fast/878993.,http://id.worldcat.org/fast/878993.,fast,650,3,Corn
http://id.worldcat.org/fast/880615.,http://id.worldcat.org/fast/880615.,fast,650,3,Cosmology in art
http://id.worldcat.org/fast/890222.,http://id.worldcat.org/fast/890222.,fast,650,3,Demonstrations
http://id.worldcat.org/fast/891253.,http://id.worldcat.org/fast/891253.,fast,650,3,Design
http://id.worldcat.org/fast/897910.,http://id.worldcat.org/fast/897910.,fast,650,3,Dreams in art
http://id.worldcat.org/fast/912849.,http://id.worldcat.org/fast/912849.,fast,650,3,Environment (Art)
http://id.worldcat.org/fast/918906.,http://id.worldcat.org/fast/918906.,fast,650,3,Exquisite corpse (Game)
http://id.worldcat.org/fast/922727.,http://id.worldcat.org/fast/922727.,fast,650,3,Feminism and art
http://id.worldcat.org/fast/923646.,http://id.worldcat.org/fast/923646.,fast,650,3,Fiberwork
http://id.worldcat.org/fast/924607.,http://id.worldcat.org/fast/924607.,fast,650,3,Financial crises
http://id.worldcat.org/fast/926963.,http://id.worldcat.org/fast/926963.,fast,650,3,Flags in art
http://id.worldcat.org/fast/930458.,http://id.worldcat.org/fast/930458.,fast,650,3,Food
http://id.worldcat.org/fast/939117.,http://id.worldcat.org/fast/939117.,fast,650,3,Gay men
http://id.worldcat.org/fast/950299.,http://id.worldcat.org/fast/950299.,fast,650,3,"Haiku, American"
http://id.worldcat.org/fast/951159.,http://id.worldcat.org/fast/951159.,fast,650,3,Happenings (Art)
http://id.worldcat.org/fast/958922.,http://id.worldcat.org/fast/958922.,fast,650,3,"Holocaust, Jewish (1939-1945) in art"
http://id.worldcat.org/fast/962785.,http://id.worldcat.org/fast/962785.,fast,650,3,Human anatomy
http://id.worldcat.org/fast/962843.,http://id.worldcat.org/fast/962843.,fast,650,3,Human beings -- Effect of environment on
http://id.worldcat.org/fast/966780.,http://id.worldcat.org/fast/966780.,fast,650,3,Icons (Computer graphics)
http://id.worldcat.org/fast/966889.,http://id.worldcat.org/fast/966889.,fast,650,3,Identity (Philosophical concept)
http://id.worldcat.org/fast/988194.,http://id.worldcat.org/fast/988194.,fast,650,3,"Knowledge, Theory of"
http://id.worldcat.org/fast/989959.,http://id.worldcat.org/fast/989959.,fast,650,3,Labor in art
http://id.worldcat.org/fast/997341.,http://id.worldcat.org/fast/997341.,fast,650,3,Libraries
http://vocab.getty.edu/aat/300178688.,http://vocab.getty.edu/aat/300178688.,aat,650,3,Screen prints
https://homosaurus.org/v4/homoit0001285.,https://homosaurus.org/v4/homoit0001285.,homoit,650,3,Sexual assault
https://homosaurus.org/v4/homoit0001378.,https://homosaurus.org/v4/homoit0001378.,homoit,650,3,Transgender people
https://homosaurus.org/v4/homoit0002579.,https://homosaurus.org/v4/homoit0002579.,homoit,650,3,LGBTQ+ erotic art
lcsh|accordion-fold-format-binding,,lcsh,650,3,Accordion fold format (Binding)
lcsh|aids-disease-in-art,,lcsh,650,3,AIDS (Disease) in art
lcsh|alchemy,,lcsh,650,3,Alchemy
lcsh|apartment-houses-california-los-angeles-pictorial-works,,lcsh,650,3,Apartment houses -- California -- Los Angeles -- Pictorial works
lcsh|art-modern-20th-century-periodicals,,lcsh,650,3,"Art, Modern -- 20th century -- Periodicals"
lcsh|art-philosophy,,lcsh,650,3,Art -- Philosophy
lcsh|artists-books-arizona-tempe,,lcsh,650,3,Artists' books -- Arizona -- Tempe
lcsh|artists-books-california-oakland,,lcsh,650,3,Artists' books -- California -- Oakland
lcsh|artists-books-california-pasedena,,lcsh,650,3,Artists' books -- California -- Pasedena
lcsh|artists-books-catalogs,,lcsh,650,3,Artists' books -- Catalogs
lcsh|artists-books-france,,lcsh,650,3,Artists' books -- France
lcsh|artists-books-georgia,,lcsh,650,3,Artists' books -- Georgia
lcsh|artists-books-illinois,,lcsh,650,3,Artists' books -- Illinois
lcsh|artists-books-illinois-chicago,,lcsh,650,3,Artists' books -- Illinois -- Chicago
lcsh|artists-books-minnesota-minneapolis,,lcsh,650,3,Artists' books -- Minnesota -- Minneapolis
lcsh|artists-books-netherlands,,lcsh,650,3,Artists' books -- Netherlands
lcsh|artists-books-vermont-newark,,lcsh,650,3,Artists' books -- Vermont -- Newark
lcsh|bestiaries,,lcsh,650,3,Bestiaries
lcsh|birds-in-art,,lcsh,650,3,Birds in art
lcsh|body-image-in-art,,lcsh,650,3,Body image in art
lcsh|bombings-iraq-baghdad,,lcsh,650,3,Bombings -- Iraq -- Baghdad
lcsh|books-in-art-exhibitions,,lcsh,650,3,Books in art -- Exhibitions
lcsh|clouds-in-art,,lcsh,650,3,Clouds in art
lcsh|conceptual-art-periodicals,,lcsh,650,3,Conceptual art -- Periodicals
lcsh|conceptual-art-united-states,,lcsh,650,3,Conceptual art -- United States
lcsh|cuban-poetry-21st-century,,lcsh,650,3,Cuban poetry -- 21st century
lcsh|documentary-photography-new-york-state-new-york,,lcsh,650,3,Documentary photography -- New York (State) -- New York
lcsh|drawing,,lcsh,650,3,Drawing
lcsh|dreams-in-art,,lcsh,650,3,Dreams in art
lcsh|fables,,lcsh,650,3,Fables
lcsh|fiberwork-poetry,,lcsh,650,3,Fiberwork -- Poetry
lcsh|flowers-pictorial-works,,lcsh,650,3,Flowers -- Pictorial works
lcsh|graphic-design-typography,,lcsh,650,3,Graphic design (Typography)
lcsh|icons-computer-graphics-fiction,,lcsh,650,3,Icons (Computer graphics) -- Fiction
lcsh|insects-in-art,,lcsh,650,3,Insects in art
lcsh|iraq-war-2003-2011-art-and-the-war,,lcsh,650,3,"Iraq War, 2003-2011 -- Art and the war"
lcsh|jack-in-the-box-book,,lcsh,650,3,Jack-in-the-box Book
lcsh|kingfishers-in-art,,lcsh,650,3,Kingfishers in art
lcsh|kites,,lcsh,650,3,Kites
lcsh|landscapes-in-art,,lcsh,650,3,Landscapes in art
lcsh|letter-pictures,,lcsh,650,3,Letter-pictures
lcsh|meatballs,,lcsh,650,3,Meatballs
lcsh|music-in-art,,lcsh,650,3,Music in art
lcsh|nature-pictorial-works,,lcsh,650,3,Nature -- Pictorial works
lcsh|paper-work,,lcsh,650,3,Paper work
lcsh|paper-work-specimens,,lcsh,650,3,Paper work -- Specimens
lcsh|photobooks-specimens,,lcsh,650,3,Photobooks -- Specimens
lcsh|photography-artistic-specimens,,lcsh,650,3,"Photography, Artistic -- Specimens"
lcsh|plants-in-art,,lcsh,650,3,Plants in art
lcsh|sculpture,,lcsh,650,3,Sculpture
lcsh|self-portraits-united-states,,lcsh,650,3,Self-portraits -- United States
lcsh|serigraphy,,lcsh,650,3,Serigraphy
lcsh|small-presses-mexico-specimens,,lcsh,650,3,Small presses -- Mexico -- Specimens
lcsh|taxidermy-pictorial-works,,lcsh,650,3,Taxidermy -- Pictorial works
lcsh|travel-social-aspects,,lcsh,650,3,Travel -- Social aspects
lcsh|vehicle-bombs-iraq-baghdad,,lcsh,650,3,Vehicle bombs -- Iraq -- Baghdad
lcsh|video-art,,lcsh,650,3,Video art
lcsh|visual-poetry-specimens,,lcsh,650,3,Visual poetry -- Specimens
lcsh|weaving-poetry,,lcsh,650,3,Weaving -- Poetry
lcsh|white-collar-workers-fiction,,lcsh,650,3,White collar workers -- Fiction
lcsh|women-artists,,lcsh,650,3,Women artists
local|drawings-old-testament,,local,650,3,Drawings: Old Testament
none|egypt-description-and-travel,,,651,3,Egypt -- Description and travel
none|los-angeles-calif-buildings-structures-etc-pictorial-works,,,651,3,"Los Angeles (Calif.) -- Buildings, structures, etc -- Pictorial works"
none|sunset-boulevard-los-angeles-calif-pictorial-works,,,651,3,"Sunset Boulevard (Los Angeles, Calif.) -- Pictorial works"
rvm|livres-d-artistes,,rvm,650,3,Livres d'artistes
rvm|livres-d-artistes-e-tats-unis,,rvm,650,3,Livres d'artistes -- États-Unis
unspecified|artists-books-brooklyn-new-york-n-y,,unspecified,650,3,"Artists' books -- Brooklyn (New York, N.Y.)"
unspecified|artists-books-great-britain,,unspecified,650,3,Artists' books -- Great Britain | Artists' books ; Great Britain
unspecified|exhibition-catalogs,,unspecified,650,3,Exhibition catalogs
unspecified|k-nstlerbuch,,unspecified,650,3,Künstlerbuch
(OCoLC)fst00807348,(OCoLC)fst00807348,fast,650,2,American poetry
(OCoLC)fst00815177,(OCoLC)fst00815177,fast,650,2,Art
(OCoLC)fst00815400,(OCoLC)fst00815400,fast unspecified,650,2,Art and literature | Arts and Literature
(OCoLC)fst00815413,(OCoLC)fst00815413,unspecified,650,2,Art and Music
(OCoLC)fst00846374,(OCoLC)fst00846374,unspecified,650,2,Capital Flows
(OCoLC)fst00893716,(OCoLC)fst00893716,unspecified,650,2,Digital Media
aat|artists-books-books,,aat,650,2,artists' books (books)
fast|buildings,,fast,650,2,Buildings
fast|california-los-angeles,,fast,651,2,California -- Los Angeles
homoit|family-members,,homoit,650,2,Family members
http://id.loc.gov/authorities/names/n80006292,http://id.loc.gov/authorities/names/n80006292,,651,2,Baghdad (Iraq)
http://id.loc.gov/authorities/subjects/sh00001054.,http://id.loc.gov/authorities/subjects/sh00001054.,lcsh,650,2,Type and type-founding -- Specimens
http://id.loc.gov/authorities/subjects/sh2001001631.,http://id.loc.gov/authorities/subjects/sh2001001631.,lcsh,650,2,Site-specific installations (Art)
http://id.loc.gov/authorities/subjects/sh2001002975.,http://id.loc.gov/authorities/subjects/sh2001002975.,lcsh,650,2,Pseudoscience
http://id.loc.gov/authorities/subjects/sh2001008478.,http://id.loc.gov/authorities/subjects/sh2001008478.,lcsh,650,2,Photocopying in art
http://id.loc.gov/authorities/subjects/sh2002004918.,http://id.loc.gov/authorities/subjects/sh2002004918.,lcsh,650,2,"Sculpture, Modern -- 21st century"
http://id.loc.gov/authorities/subjects/sh2003010827.,http://id.loc.gov/authorities/subjects/sh2003010827.,lcsh,650,2,Fear in art
http://id.loc.gov/authorities/subjects/sh2004014628.,http://id.loc.gov/authorities/subjects/sh2004014628.,lcsh,650,2,Identity (Philosophical concept) in art
http://id.loc.gov/authorities/subjects/sh2005020580.,http://id.loc.gov/authorities/subjects/sh2005020580.,lcsh,650,2,Pulp painting
http://id.loc.gov/authorities/subjects/sh2006007938.,http://id.loc.gov/authorities/subjects/sh2006007938.,lcsh,650,2,Race in art
http://id.loc.gov/authorities/subjects/sh2007000403.,http://id.loc.gov/authorities/subjects/sh2007000403.,lcsh,650,2,Libraries in art
http://id.loc.gov/authorities/subjects/sh2007010921.,http://id.loc.gov/authorities/subjects/sh2007010921.,lcsh,650,2,Postcards in art
http://id.loc.gov/authorities/subjects/sh2007100197.,http://id.loc.gov/authorities/subjects/sh2007100197.,lcsh,650,2,African Americans -- Biography
http://id.loc.gov/authorities/subjects/sh2007101136,http://id.loc.gov/authorities/subjects/sh2007101136,lcsh,650,2,"Art, Modern -- 20th century -- Exhibitions"
http://id.loc.gov/authorities/subjects/sh2007101136.,http://id.loc.gov/authorities/subjects/sh2007101136.,lcsh,650,2,"Art, Modern -- 20th century -- Exhibitions"
http://id.loc.gov/authorities/subjects/sh2007101382.,http://id.loc.gov/authorities/subjects/sh2007101382.,lcsh,650,2,Artists -- United States -- Interviews
http://id.loc.gov/authorities/subjects/sh2007101418.,http://id.loc.gov/authorities/subjects/sh2007101418.,lcsh,650,2,Art -- Economic aspects
http://id.loc.gov/authorities/subjects/sh2007101461,http://id.loc.gov/authorities/subjects/sh2007101461,lcsh,650,2,"Art, Modern -- 20th century -- Periodicals"
http://id.loc.gov/authorities/subjects/sh2007101461.,http://id.loc.gov/authorities/subjects/sh2007101461.,lcsh,650,2,"Art, Modern -- 20th century -- Periodicals"
http://id.loc.gov/authorities/subjects/sh2008006270.,http://id.loc.gov/authorities/subjects/sh2008006270.,lcsh,650,2,Motherhood in art
http://id.loc.gov/authorities/subjects/sh2008101518.,http://id.loc.gov/authorities/subjects/sh2008101518.,lcsh,650,2,Conceptual art -- Exhibitions
http://id.loc.gov/authorities/subjects/sh2008102074.,http://id.loc.gov/authorities/subjects/sh2008102074.,lcsh,650,2,Death -- Poetry
http://id.loc.gov/authorities/subjects/sh2008104691.,http://id.loc.gov/authorities/subjects/sh2008104691.,lcsh,650,2,Installations (Art) -- Exhibitions
http://id.loc.gov/authorities/subjects/sh2008109271.,http://id.loc.gov/authorities/subjects/sh2008109271.,lcsh,650,2,Portrait photography -- Exhibitions
http://id.loc.gov/authorities/subjects/sh2008109279.,http://id.loc.gov/authorities/subjects/sh2008109279.,lcsh,650,2,Photography -- Philosophy
http://id.loc.gov/authorities/subjects/sh2008109545.,http://id.loc.gov/authorities/subjects/sh2008109545.,lcsh,650,2,Political atrocities -- Cambodia
http://id.loc.gov/authorities/subjects/sh2008110339.,http://id.loc.gov/authorities/subjects/sh2008110339.,lcsh,650,2,Racism -- United States
http://id.loc.gov/authorities/subjects/sh2008112783,http://id.loc.gov/authorities/subjects/sh2008112783,lcsh,650,2,Toy and movable books -- Specimens
http://id.loc.gov/authorities/subjects/sh2008112898.,http://id.loc.gov/authorities/subjects/sh2008112898.,lcsh,650,2,Time -- Philosophy
http://id.loc.gov/authorities/subjects/sh2008114518.,http://id.loc.gov/authorities/subjects/sh2008114518.,,651,2,Buenos Aires (Argentina) -- Pictorial works
http://id.loc.gov/authorities/subjects/sh2008116322.,http://id.loc.gov/authorities/subjects/sh2008116322.,,651,2,New York (N.Y.) -- Pictorial works
http://id.loc.gov/authorities/subjects/sh2009114048.,http://id.loc.gov/authorities/subjects/sh2009114048.,lcsh,650,2,African Americans -- Pictorial works
http://id.loc.gov/authorities/subjects/sh2009127280.,http://id.loc.gov/authorities/subjects/sh2009127280.,lcsh,650,2,Installations (Art) -- Catalogs
http://id.loc.gov/authorities/subjects/sh2010009838.,http://id.loc.gov/authorities/subjects/sh2010009838.,lcsh,650,2,"Found poetry, American"
http://id.loc.gov/authorities/subjects/sh2010102633.,http://id.loc.gov/authorities/subjects/sh2010102633.,lcsh,650,2,Multimedia (Art) -- Exhibitions
http://id.loc.gov/authorities/subjects/sh2010117770.,http://id.loc.gov/authorities/subjects/sh2010117770.,lcsh,650,2,"Vietnam War, 1961-1975 -- Veterans -- United States"
http://id.loc.gov/authorities/subjects/sh2011006069.,http://id.loc.gov/authorities/subjects/sh2011006069.,lcsh,650,2,Typewriters in art
http://id.loc.gov/authorities/subjects/sh2022007441.,http://id.loc.gov/authorities/subjects/sh2022007441.,lcsh,650,2,Women -- Violence against
http://id.loc.gov/authorities/subjects/sh85003826.,http://id.loc.gov/authorities/subjects/sh85003826.,lcsh,650,2,Alphabets
http://id.loc.gov/authorities/subjects/sh85004341.,http://id.loc.gov/authorities/subjects/sh85004341.,lcsh,650,2,American literature -- 20th century
http://id.loc.gov/authorities/subjects/sh85004836.,http://id.loc.gov/authorities/subjects/sh85004836.,lcsh,650,2,"Anatomy, Artistic"
http://id.loc.gov/authorities/subjects/sh85005283,http://id.loc.gov/authorities/subjects/sh85005283,lcsh,650,2,Animals in art
http://id.loc.gov/authorities/subjects/sh85005283.,http://id.loc.gov/authorities/subjects/sh85005283.,lcsh,650,2,Animals in art
http://id.loc.gov/authorities/subjects/sh85006894.,http://id.loc.gov/authorities/subjects/sh85006894.,lcsh,650,2,Architecture and society
http://id.loc.gov/authorities/subjects/sh85007805.,http://id.loc.gov/authorities/subjects/sh85007805.,lcsh,650,2,"Art, Modern -- 20th century"
http://id.loc.gov/authorities/subjects/sh85007962,http://id.loc.gov/authorities/subjects/sh85007962,lcsh,650,2,Art and literature
http://id.loc.gov/authorities/subjects/sh85008337.,http://id.loc.gov/authorities/subjects/sh85008337.,lcsh,650,2,"Arts, American"
http://id.loc.gov/authorities/subjects/sh85008419.,http://id.loc.gov/authorities/subjects/sh85008419.,lcsh,650,2,"Arts, Modern -- 20th century"
http://id.loc.gov/authorities/subjects/sh85008764.,http://id.loc.gov/authorities/subjects/sh85008764.,lcsh,650,2,Assemblage (Art)
http://id.loc.gov/authorities/subjects/sh85010030.,http://id.loc.gov/authorities/subjects/sh85010030.,lcsh,650,2,Authorship
http://id.loc.gov/authorities/subjects/sh85014342.,http://id.loc.gov/authorities/subjects/sh85014342.,lcsh,650,2,Birds in art
http://id.loc.gov/authorities/subjects/sh85015069,http://id.loc.gov/authorities/subjects/sh85015069,lcsh,650,2,Blue in art
http://id.loc.gov/authorities/subjects/sh85015744.,http://id.loc.gov/authorities/subjects/sh85015744.,lcsh,650,2,Books -- History
http://id.loc.gov/authorities/subjects/sh85015758.,http://id.loc.gov/authorities/subjects/sh85015758.,lcsh,650,2,Books and reading
http://id.loc.gov/authorities/subjects/sh85019231.,http://id.loc.gov/authorities/subjects/sh85019231.,lcsh,650,2,Camping
http://id.loc.gov/authorities/subjects/sh85022486.,http://id.loc.gov/authorities/subjects/sh85022486.,lcsh,650,2,Aleatory music
http://id.loc.gov/authorities/subjects/sh85025412.,http://id.loc.gov/authorities/subjects/sh85025412.,lcsh,650,2,"Chronology, Historical"
http://id.loc.gov/authorities/subjects/sh85031455.,http://id.loc.gov/authorities/subjects/sh85031455.,lcsh,650,2,Constructivism (Art)
http://id.loc.gov/authorities/subjects/sh85032432.,http://id.loc.gov/authorities/subjects/sh85032432.,lcsh,650,2,Copy art
http://id.loc.gov/authorities/subjects/sh85033828,http://id.loc.gov/authorities/subjects/sh85033828,lcsh,650,2,Creation in art
http://id.loc.gov/authorities/subjects/sh85036647.,http://id.loc.gov/authorities/subjects/sh85036647.,lcsh,650,2,Democracy
http://id.loc.gov/authorities/subjects/sh85037197.,http://id.loc.gov/authorities/subjects/sh85037197.,lcsh,650,2,Design
http://id.loc.gov/authorities/subjects/sh85039408.,http://id.loc.gov/authorities/subjects/sh85039408.,lcsh,650,2,Drawing
http://id.loc.gov/authorities/subjects/sh85039415.,http://id.loc.gov/authorities/subjects/sh85039415.,lcsh,650,2,Drawing -- 20th century
http://id.loc.gov/authorities/subjects/sh85040508.,http://id.loc.gov/authorities/subjects/sh85040508.,lcsh,650,2,Earthworks (Art)
http://id.loc.gov/authorities/subjects/sh85042824.,http://id.loc.gov/authorities/subjects/sh85042824.,lcsh,650,2,Emotions in art
http://id.loc.gov/authorities/subjects/sh85043743.,http://id.loc.gov/authorities/subjects/sh85043743.,lcsh,650,2,English language -- Terms and phrases
http://id.loc.gov/authorities/subjects/sh85044164.,http://id.loc.gov/authorities/subjects/sh85044164.,lcsh,650,2,Environment (Art)
http://id.loc.gov/authorities/subjects/sh85047741.,http://id.loc.gov/authorities/subjects/sh85047741.,lcsh,650,2,Feminism
http://id.loc.gov/authorities/subjects/sh85050278.,http://id.loc.gov/authorities/subjects/sh85050278.,lcsh,650,2,Food in art
http://id.loc.gov/authorities/subjects/sh85057329.,http://id.loc.gov/authorities/subjects/sh85057329.,lcsh,650,2,Grids (Cartography) in art
http://id.loc.gov/authorities/subjects/sh85057331.,http://id.loc.gov/authorities/subjects/sh85057331.,lcsh,650,2,Grief in art
http://id.loc.gov/authorities/subjects/sh85057441.,http://id.loc.gov/authorities/subjects/sh85057441.,lcsh,650,2,Grotesque in art
http://id.loc.gov/authorities/subjects/sh85058806,http://id.loc.gov/authorities/subjects/sh85058806,lcsh,650,2,Happenings (Art)
http://id.loc.gov/authorities/subjects/sh85060649.,http://id.loc.gov/authorities/subjects/sh85060649.,lcsh,650,2,Hieroglyphics
http://id.loc.gov/authorities/subjects/sh85061219.,http://id.loc.gov/authorities/subjects/sh85061219.,lcsh,650,2,History -- Miscellanea
http://id.loc.gov/authorities/subjects/sh85061518.,http://id.loc.gov/authorities/subjects/sh85061518.,lcsh,650,2,"Holocaust, Jewish (1939-1945) -- Personal narratives"
http://id.loc.gov/authorities/subjects/sh85064150.,http://id.loc.gov/authorities/subjects/sh85064150.,lcsh,650,2,Identity (Philosophical concept)
http://id.loc.gov/authorities/subjects/sh85064502,http://id.loc.gov/authorities/subjects/sh85064502,lcsh,650,2,Imitation in art
http://id.loc.gov/authorities/subjects/sh85066706.,http://id.loc.gov/authorities/subjects/sh85066706.,lcsh,650,2,Insects in art
http://id.loc.gov/authorities/subjects/sh85066717.,http://id.loc.gov/authorities/subjects/sh85066717.,lcsh,650,2,Insomnia
http://id.loc.gov/authorities/subjects/sh85066731.,http://id.loc.gov/authorities/subjects/sh85066731.,lcsh,650,2,Installations (Art)
http://id.loc.gov/authorities/subjects/sh85072580.,http://id.loc.gov/authorities/subjects/sh85072580.,lcsh,650,2,Kites
http://id.loc.gov/authorities/subjects/sh85072732.,http://id.loc.gov/authorities/subjects/sh85072732.,lcsh,650,2,"Knowledge, Theory of"
http://id.loc.gov/authorities/subjects/sh85078533,http://id.loc.gov/authorities/subjects/sh85078533,lcsh,650,2,Love in art
http://id.loc.gov/authorities/subjects/sh85080299.,http://id.loc.gov/authorities/subjects/sh85080299.,lcsh,650,2,Nature -- Effect of human beings on
http://id.loc.gov/authorities/subjects/sh85082411.,http://id.loc.gov/authorities/subjects/sh85082411.,lcsh,650,2,Maya art
http://id.loc.gov/authorities/subjects/sh85083497.,http://id.loc.gov/authorities/subjects/sh85083497.,lcsh,650,2,Memory
http://id.loc.gov/authorities/subjects/sh85085969.,http://id.loc.gov/authorities/subjects/sh85085969.,lcsh,650,2,Mirrors in art
http://id.loc.gov/authorities/subjects/sh85087965.,http://id.loc.gov/authorities/subjects/sh85087965.,lcsh,650,2,Mountains in art
http://id.loc.gov/authorities/subjects/sh85093565.,http://id.loc.gov/authorities/subjects/sh85093565.,lcsh,650,2,Oak
http://id.loc.gov/authorities/subjects/sh85097591.,http://id.loc.gov/authorities/subjects/sh85097591.,lcsh,650,2,Handmade paper
http://id.loc.gov/authorities/subjects/sh85100250.,http://id.loc.gov/authorities/subjects/sh85100250.,lcsh,650,2,Peruvian poetry
http://id.loc.gov/authorities/subjects/sh85100886.,http://id.loc.gov/authorities/subjects/sh85100886.,lcsh,650,2,"Philosophy, Chinese"
http://id.loc.gov/authorities/subjects/sh85101228.,http://id.loc.gov/authorities/subjects/sh85101228.,lcsh,650,2,Photography of interiors
http://id.loc.gov/authorities/subjects/sh85101262.,http://id.loc.gov/authorities/subjects/sh85101262.,lcsh,650,2,"Photography, Abstract"
http://id.loc.gov/authorities/subjects/sh85101268.,http://id.loc.gov/authorities/subjects/sh85101268.,lcsh,650,2,Architectural photography
http://id.loc.gov/authorities/subjects/sh85101358.,http://id.loc.gov/authorities/subjects/sh85101358.,lcsh,650,2,Photography of plants
http://id.loc.gov/authorities/subjects/sh85101371.,http://id.loc.gov/authorities/subjects/sh85101371.,lcsh,650,2,Photography of women
http://id.loc.gov/authorities/subjects/sh85102008.,http://id.loc.gov/authorities/subjects/sh85102008.,lcsh,650,2,Picture-writing
http://id.loc.gov/authorities/subjects/sh85103703.,http://id.loc.gov/authorities/subjects/sh85103703.,lcsh,650,2,Poetics
http://id.loc.gov/authorities/subjects/sh85109107.,http://id.loc.gov/authorities/subjects/sh85109107.,lcsh,650,2,Punctuation
http://id.loc.gov/authorities/subjects/sh85109823.,http://id.loc.gov/authorities/subjects/sh85109823.,lcsh,650,2,Questioning
http://id.loc.gov/authorities/subjects/sh85110266.,http://id.loc.gov/authorities/subjects/sh85110266.,lcsh,650,2,Racism
http://id.loc.gov/authorities/subjects/sh85111986.,http://id.loc.gov/authorities/subjects/sh85111986.,lcsh,650,2,Recreation in art
http://id.loc.gov/authorities/subjects/sh85118162.,http://id.loc.gov/authorities/subjects/sh85118162.,lcsh,650,2,Schizophrenia
http://id.loc.gov/authorities/subjects/sh85119381.,http://id.loc.gov/authorities/subjects/sh85119381.,lcsh,650,2,Seasons in art
http://id.loc.gov/authorities/subjects/sh85122415.,http://id.loc.gov/authorities/subjects/sh85122415.,lcsh,650,2,Signs and symbols
http://id.loc.gov/authorities/subjects/sh85125691,http://id.loc.gov/authorities/subjects/sh85125691,lcsh,650,2,Souvenirs (Keepsakes)
http://id.loc.gov/authorities/subjects/sh85126779.,http://id.loc.gov/authorities/subjects/sh85126779.,lcsh,650,2,Spirituality
http://id.loc.gov/authorities/subjects/sh85127469.,http://id.loc.gov/authorities/subjects/sh85127469.,lcsh,650,2,Stars in art
http://id.loc.gov/authorities/subjects/sh85128018.,http://id.loc.gov/authorities/subjects/sh85128018.,lcsh,650,2,Stereotypes (Social psychology)
http://id.loc.gov/authorities/subjects/sh85128407.,http://id.loc.gov/authorities/subjects/sh85128407.,lcsh,650,2,Storytelling
http://id.loc.gov/authorities/subjects/sh85137260.,http://id.loc.gov/authorities/subjects/sh85137260.,lcsh,650,2,Trees in art
http://id.loc.gov/authorities/subjects/sh85140007.,http://id.loc.gov/authorities/subjects/sh85140007.,,651,2,United States -- Pictorial works
http://id.loc.gov/authorities/subjects/sh85145181.,http://id.loc.gov/authorities/subjects/sh85145181.,lcsh,650,2,War in art
http://id.loc.gov/authorities/subjects/sh85147262.,http://id.loc.gov/authorities/subjects/sh85147262.,lcsh,650,2,Wolves in art
http://id.loc.gov/authorities/subjects/sh85147330.,http://id.loc.gov/authorities/subjects/sh85147330.,lcsh,650,2,Women -- Portraits
http://id.loc.gov/authorities/subjects/sh85148117.,http://id.loc.gov/authorities/subjects/sh85148117.,lcsh,650,2,"Words, New"
http://id.loc.gov/authorities/subjects/sh85148749.,http://id.loc.gov/authorities/subjects/sh85148749.,lcsh,650,2,X-rays
http://id.loc.gov/authorities/subjects/sh85149940.,http://id.loc.gov/authorities/subjects/sh85149940.,lcsh,650,2,Zodiac in art
http://id.loc.gov/authorities/subjects/sh86005596.,http://id.loc.gov/authorities/subjects/sh86005596.,lcsh,650,2,Veterans -- United States
http://id.loc.gov/authorities/subjects/sh86006926.,http://id.loc.gov/authorities/subjects/sh86006926.,lcsh,650,2,"Wood-engraving, Spanish"
http://id.loc.gov/authorities/subjects/sh93000607.,http://id.loc.gov/authorities/subjects/sh93000607.,,651,2,"Bowery (New York, N.Y. : Street)"
http://id.loc.gov/authorities/subjects/sh94003061.,http://id.loc.gov/authorities/subjects/sh94003061.,lcsh,650,2,Communication and technology
http://id.loc.gov/authorities/subjects/sh94005637.,http://id.loc.gov/authorities/subjects/sh94005637.,,651,2,"Chiapas (Mexico) -- History -- Peasant Uprising, 1994-"
http://id.loc.gov/authorities/subjects/sh94006224.,http://id.loc.gov/authorities/subjects/sh94006224.,lcsh,650,2,Lost articles
http://id.loc.gov/authorities/subjects/sh95001685.,http://id.loc.gov/authorities/subjects/sh95001685.,lcsh,650,2,Letterpress printing
http://id.loc.gov/authorities/subjects/sh95004001.,http://id.loc.gov/authorities/subjects/sh95004001.,lcsh,650,2,Strangers
http://id.loc.gov/authorities/subjects/sh95007107.,http://id.loc.gov/authorities/subjects/sh95007107.,lcsh,650,2,Weaving in literature
http://id.loc.gov/authorities/subjects/sh96011135.,http://id.loc.gov/authorities/subjects/sh96011135.,lcsh,650,2,African American men in art
http://id.loc.gov/authorities/subjects/sh96011640.,http://id.loc.gov/authorities/subjects/sh96011640.,lcsh,650,2,Genetics in art
http://id.loc.gov/authorities/subjects/sh96011913.,http://id.loc.gov/authorities/subjects/sh96011913.,lcsh,650,2,Medicine in art
http://id.loc.gov/authorities/subjects/sh96012221.,http://id.loc.gov/authorities/subjects/sh96012221.,lcsh,650,2,Water in art
http://id.loc.gov/authorities/subjects/sh96012266.,http://id.loc.gov/authorities/subjects/sh96012266.,lcsh,650,2,Apartheid in art
http://id.loc.gov/authorities/subjects/sh97000102.,http://id.loc.gov/authorities/subjects/sh97000102.,lcsh,650,2,Ecology in art
http://id.loc.gov/authorities/subjects/sh97000232.,http://id.loc.gov/authorities/subjects/sh97000232.,lcsh,650,2,Existentialism in art
http://id.loc.gov/authorities/subjects/sh97000400.,http://id.loc.gov/authorities/subjects/sh97000400.,lcsh,650,2,Postage stamps in art
http://id.loc.gov/authorities/subjects/sh97000648.,http://id.loc.gov/authorities/subjects/sh97000648.,lcsh,650,2,Proverbs in art
http://id.loc.gov/authorities/subjects/sh97000740.,http://id.loc.gov/authorities/subjects/sh97000740.,lcsh,650,2,Refugees in art
http://id.loc.gov/authorities/subjects/sh97000749.,http://id.loc.gov/authorities/subjects/sh97000749.,lcsh,650,2,Repetitive patterns (Decorative arts) in art
http://id.loc.gov/authorities/subjects/sh97000759.,http://id.loc.gov/authorities/subjects/sh97000759.,lcsh,650,2,Revolutions in art
http://id.loc.gov/authorities/subjects/sh97001639.,http://id.loc.gov/authorities/subjects/sh97001639.,lcsh,650,2,Textile fabrics in art
http://id.loc.gov/authorities/subjects/sh97002587.,http://id.loc.gov/authorities/subjects/sh97002587.,lcsh,650,2,Weaving in art
http://id.loc.gov/authorities/subjects/sh97002653.,http://id.loc.gov/authorities/subjects/sh97002653.,lcsh,650,2,Museums in art
http://id.loc.gov/authorities/subjects/sh97002715,http://id.loc.gov/authorities/subjects/sh97002715,lcsh,650,2,Newspapers in art
http://id.loc.gov/authorities/subjects/sh97002715.,http://id.loc.gov/authorities/subjects/sh97002715.,lcsh,650,2,Newspapers in art
http://id.loc.gov/authorities/subjects/sh98000405.,http://id.loc.gov/authorities/subjects/sh98000405.,lcsh,650,2,Alphabet in art
http://id.loc.gov/authorities/subjects/sh98007384.,http://id.loc.gov/authorities/subjects/sh98007384.,lcsh,650,2,Street photography
http://id.worldcat.org/fast/1002646.,http://id.worldcat.org/fast/1002646.,fast,650,2,Lost articles
http://id.worldcat.org/fast/1012698.,http://id.worldcat.org/fast/1012698.,fast,650,2,Maya art
http://id.worldcat.org/fast/1015166.,http://id.worldcat.org/fast/1015166.,fast,650,2,Medicine in art
http://id.worldcat.org/fast/1020839.,http://id.worldcat.org/fast/1020839.,fast,650,2,Militarism
http://id.worldcat.org/fast/1023592.,http://id.worldcat.org/fast/1023592.,fast,650,2,Mirrors in art
http://id.worldcat.org/fast/1024442.,http://id.worldcat.org/fast/1024442.,fast,650,2,Modernism (Art)
http://id.worldcat.org/fast/1028916.,http://id.worldcat.org/fast/1028916.,fast,650,2,Multimedia (Art)
http://id.worldcat.org/fast/1030128.,http://id.worldcat.org/fast/1030128.,fast,650,2,Museums
http://id.worldcat.org/fast/1030220.,http://id.worldcat.org/fast/1030220.,fast,650,2,Museums in art
http://id.worldcat.org/fast/1033328.,http://id.worldcat.org/fast/1033328.,fast,650,2,"National cemeteries, American"
http://id.worldcat.org/fast/1034561.,http://id.worldcat.org/fast/1034561.,fast,650,2,Nature
http://id.worldcat.org/fast/1034564.,http://id.worldcat.org/fast/1034564.,fast,650,2,Nature -- Effect of human beings on
http://id.worldcat.org/fast/1034609.,http://id.worldcat.org/fast/1034609.,fast,650,2,Nature (Aesthetics)
http://id.worldcat.org/fast/1037181.,http://id.worldcat.org/fast/1037181.,fast,650,2,Newspapers in art
http://id.worldcat.org/fast/1042610.,http://id.worldcat.org/fast/1042610.,fast,650,2,Oak
http://id.worldcat.org/fast/1045581.,http://id.worldcat.org/fast/1045581.,fast,650,2,Olympics
http://id.worldcat.org/fast/1045708.,http://id.worldcat.org/fast/1045708.,fast,650,2,On-demand printing
http://id.worldcat.org/fast/1048174.,http://id.worldcat.org/fast/1048174.,fast,650,2,Origami
http://id.worldcat.org/fast/1048976.,http://id.worldcat.org/fast/1048976.,fast,650,2,Otomi Indians
http://id.worldcat.org/fast/1052642.,http://id.worldcat.org/fast/1052642.,fast,650,2,Papermaking
http://id.worldcat.org/fast/1058944.,http://id.worldcat.org/fast/1058944.,fast,650,2,Peruvian poetry
http://id.worldcat.org/fast/1060917.,http://id.worldcat.org/fast/1060917.,fast,650,2,"Philosophy, Chinese"
http://id.worldcat.org/fast/1061527.,http://id.worldcat.org/fast/1061527.,fast,650,2,Photocollage
http://id.worldcat.org/fast/1061536.,http://id.worldcat.org/fast/1061536.,fast,650,2,Photocopying in art
http://id.worldcat.org/fast/1061919.,http://id.worldcat.org/fast/1061919.,fast,650,2,Photography of interiors
http://id.worldcat.org/fast/1061933.,http://id.worldcat.org/fast/1061933.,fast,650,2,Photography of plants
http://id.worldcat.org/fast/1061962.,http://id.worldcat.org/fast/1061962.,fast,650,2,"Photography, Abstract"
http://id.worldcat.org/fast/1061973.,http://id.worldcat.org/fast/1061973.,fast,650,2,"Photography, Artistic -- Philosophy"
http://id.worldcat.org/fast/1063814.,http://id.worldcat.org/fast/1063814.,fast,650,2,Picture-writing
http://id.worldcat.org/fast/1067682.,http://id.worldcat.org/fast/1067682.,fast,650,2,Poetics
http://id.worldcat.org/fast/1069952.,http://id.worldcat.org/fast/1069952.,fast,650,2,Politics and culture
http://id.worldcat.org/fast/1071344.,http://id.worldcat.org/fast/1071344.,fast,650,2,Popular culture
http://id.worldcat.org/fast/1072827.,http://id.worldcat.org/fast/1072827.,fast,650,2,Postage stamps in art
http://id.worldcat.org/fast/1080212.,http://id.worldcat.org/fast/1080212.,fast,650,2,Proverbs in art
http://id.worldcat.org/fast/1080912.,http://id.worldcat.org/fast/1080912.,fast,650,2,Pseudoscience
http://id.worldcat.org/fast/1082064.,http://id.worldcat.org/fast/1082064.,fast,650,2,Public art
http://id.worldcat.org/fast/1084083.,http://id.worldcat.org/fast/1084083.,fast,650,2,Punctuation
http://id.worldcat.org/fast/1085685.,http://id.worldcat.org/fast/1085685.,fast,650,2,Questioning
http://id.worldcat.org/fast/1086509.,http://id.worldcat.org/fast/1086509.,fast,650,2,Race relations
http://id.worldcat.org/fast/1091865.,http://id.worldcat.org/fast/1091865.,fast,650,2,Recreation in art
http://id.worldcat.org/fast/1092797.,http://id.worldcat.org/fast/1092797.,fast,650,2,Refugees
http://id.worldcat.org/fast/1092851.,http://id.worldcat.org/fast/1092851.,fast,650,2,Refugees in art
http://id.worldcat.org/fast/1092888.,http://id.worldcat.org/fast/1092888.,fast,650,2,Refuse and refuse disposal
http://id.worldcat.org/fast/1094819.,http://id.worldcat.org/fast/1094819.,fast,650,2,Repetitive patterns (Decorative arts) in art
http://id.worldcat.org/fast/1096772.,http://id.worldcat.org/fast/1096772.,fast,650,2,Revolutions in art
http://id.worldcat.org/fast/1098312.,http://id.worldcat.org/fast/1098312.,fast,650,2,Rivers
http://id.worldcat.org/fast/1098511.,http://id.worldcat.org/fast/1098511.,fast,650,2,Roads
http://id.worldcat.org/fast/1106752.,http://id.worldcat.org/fast/1106752.,fast,650,2,Schizophrenia
http://id.worldcat.org/fast/1110465.,http://id.worldcat.org/fast/1110465.,fast,650,2,Seasons in art
http://id.worldcat.org/fast/1113186.,http://id.worldcat.org/fast/1113186.,fast,650,2,Serigraphy
http://id.worldcat.org/fast/1116944.,http://id.worldcat.org/fast/1116944.,fast,650,2,Shopping malls
http://id.worldcat.org/fast/1118355.,http://id.worldcat.org/fast/1118355.,fast,650,2,Signs and symbols
http://id.worldcat.org/fast/1120405.,http://id.worldcat.org/fast/1120405.,fast,650,2,Slave trade
http://id.worldcat.org/fast/1122657.,http://id.worldcat.org/fast/1122657.,fast,650,2,Social movements
http://id.worldcat.org/fast/1123637.,http://id.worldcat.org/fast/1123637.,fast,650,2,Socialism
http://id.worldcat.org/fast/1125348.,http://id.worldcat.org/fast/1125348.,fast,650,2,Soldiers' monuments
http://id.worldcat.org/fast/1128292.,http://id.worldcat.org/fast/1128292.,fast,650,2,Spanish language
http://id.worldcat.org/fast/1131721.,http://id.worldcat.org/fast/1131721.,fast,650,2,Stars in art
http://id.worldcat.org/fast/1133492.,http://id.worldcat.org/fast/1133492.,fast,650,2,Stitches (Sewing)
http://id.worldcat.org/fast/1133836.,http://id.worldcat.org/fast/1133836.,fast,650,2,Stone carvers
http://id.worldcat.org/fast/1133914.,http://id.worldcat.org/fast/1133914.,fast,650,2,Stone-cutters
http://id.worldcat.org/fast/1134169.,http://id.worldcat.org/fast/1134169.,fast,650,2,Storytelling
http://id.worldcat.org/fast/1134317.,http://id.worldcat.org/fast/1134317.,fast,650,2,Strangers
http://id.worldcat.org/fast/1134794.,http://id.worldcat.org/fast/1134794.,fast,650,2,Streets
http://id.worldcat.org/fast/1140385.,http://id.worldcat.org/fast/1140385.,fast,650,2,Swimming pools
http://id.worldcat.org/fast/1145412.,http://id.worldcat.org/fast/1145412.,fast,650,2,Teenage girls
http://id.worldcat.org/fast/1148594.,http://id.worldcat.org/fast/1148594.,fast,650,2,Textile artists
http://id.worldcat.org/fast/1148702.,http://id.worldcat.org/fast/1148702.,fast,650,2,Textile fabrics in art
http://id.worldcat.org/fast/1151053.,http://id.worldcat.org/fast/1151053.,fast,650,2,Time -- Philosophy
http://id.worldcat.org/fast/1155432.,http://id.worldcat.org/fast/1155432.,fast,650,2,Transsexuals
http://id.worldcat.org/fast/1156141.,http://id.worldcat.org/fast/1156141.,fast,650,2,Trees in art
http://id.worldcat.org/fast/1159951.,http://id.worldcat.org/fast/1159951.,fast,650,2,Type and type-founding
http://id.worldcat.org/fast/1159962.,http://id.worldcat.org/fast/1159962.,fast,650,2,Type and type-founding in art
http://id.worldcat.org/fast/1166389.,http://id.worldcat.org/fast/1166389.,fast,650,2,Video art
http://id.worldcat.org/fast/1170504.,http://id.worldcat.org/fast/1170504.,fast,650,2,War in art
http://id.worldcat.org/fast/1170549.,http://id.worldcat.org/fast/1170549.,fast,650,2,War photography
http://id.worldcat.org/fast/1171762.,http://id.worldcat.org/fast/1171762.,fast,650,2,Water in art
http://id.worldcat.org/fast/1173220.,http://id.worldcat.org/fast/1173220.,fast,650,2,Weaving in art
http://id.worldcat.org/fast/1173221.,http://id.worldcat.org/fast/1173221.,fast,650,2,Weaving in literature
http://id.worldcat.org/fast/1176557.,http://id.worldcat.org/fast/1176557.,fast,650,2,Wolves in art
http://id.worldcat.org/fast/1176883.,http://id.worldcat.org/fast/1176883.,fast,650,2,Women -- Portraits
http://id.worldcat.org/fast/1176947.,http://id.worldcat.org/fast/1176947.,fast,650,2,Women -- Social conditions
http://id.worldcat.org/fast/1179542.,http://id.worldcat.org/fast/1179542.,fast,650,2,Wood-engraving
http://id.worldcat.org/fast/1179597.,http://id.worldcat.org/fast/1179597.,fast,650,2,"Wood-engraving, Spanish"
http://id.worldcat.org/fast/1180183.,http://id.worldcat.org/fast/1180183.,fast,650,2,"Words, New"
http://id.worldcat.org/fast/1180235.,http://id.worldcat.org/fast/1180235.,fast,650,2,Work and family
http://id.worldcat.org/fast/1181857.,http://id.worldcat.org/fast/1181857.,fast,650,2,X-rays
http://id.worldcat.org/fast/1183301.,http://id.worldcat.org/fast/1183301.,fast,650,2,Young women
http://id.worldcat.org/fast/1184581.,http://id.worldcat.org/fast/1184581.,fast,650,2,Zodiac in art
http://id.worldcat.org/fast/1199921.,http://id.worldcat.org/fast/1199921.,fast,650,2,Web sites in art
http://id.worldcat.org/fast/1204086.,http://id.worldcat.org/fast/1204086.,fast,651,2,Spain -- Madrid
http://id.worldcat.org/fast/1204236.,http://id.worldcat.org/fast/1204236.,fast,651,2,Israel
http://id.worldcat.org/fast/1204271.,http://id.worldcat.org/fast/1204271.,fast,651,2,England -- London
http://id.worldcat.org/fast/1204505.,http://id.worldcat.org/fast/1204505.,fast,651,2,Washington (D.C.)
http://id.worldcat.org/fast/1204560.,http://id.worldcat.org/fast/1204560.,fast,651,2,Minnesota
http://id.worldcat.org/fast/1204579.,http://id.worldcat.org/fast/1204579.,fast,651,2,Oregon
http://id.worldcat.org/fast/1204597.,http://id.worldcat.org/fast/1204597.,fast,651,2,Virginia
http://id.worldcat.org/fast/1204604.,http://id.worldcat.org/fast/1204604.,fast,651,2,Indiana
http://id.worldcat.org/fast/1204627.,http://id.worldcat.org/fast/1204627.,fast,651,2,Georgia -- Atlanta
http://id.worldcat.org/fast/1204694.,http://id.worldcat.org/fast/1204694.,fast,651,2,Alabama
http://id.worldcat.org/fast/1204820.,http://id.worldcat.org/fast/1204820.,fast,651,2,Arizona
http://id.worldcat.org/fast/1204889.,http://id.worldcat.org/fast/1204889.,fast,651,2,Iran
http://id.worldcat.org/fast/1205010.,http://id.worldcat.org/fast/1205010.,fast,651,2,Michigan -- Detroit
http://id.worldcat.org/fast/1205135.,http://id.worldcat.org/fast/1205135.,fast,651,2,Haiti
http://id.worldcat.org/fast/1205154.,http://id.worldcat.org/fast/1205154.,fast,651,2,Guatemala
http://id.worldcat.org/fast/1205198.,http://id.worldcat.org/fast/1205198.,fast,651,2,Cuba -- Havana
http://id.worldcat.org/fast/1205261.,http://id.worldcat.org/fast/1205261.,fast,651,2,Philippines
http://id.worldcat.org/fast/1205427.,http://id.worldcat.org/fast/1205427.,fast,651,2,Ireland
http://id.worldcat.org/fast/1205432.,http://id.worldcat.org/fast/1205432.,fast,651,2,Puerto Rico
http://id.worldcat.org/fast/1206137.,http://id.worldcat.org/fast/1206137.,fast,651,2,Mexico -- Mexico City
http://id.worldcat.org/fast/1207659.,http://id.worldcat.org/fast/1207659.,fast,651,2,Cambodia
http://id.worldcat.org/fast/1208380.,http://id.worldcat.org/fast/1208380.,fast,651,2,Greece
http://id.worldcat.org/fast/1210281.,http://id.worldcat.org/fast/1210281.,fast,651,2,Soviet Union
http://id.worldcat.org/fast/1239509.,http://id.worldcat.org/fast/1239509.,fast,651,2,Africa
http://id.worldcat.org/fast/1239786.,http://id.worldcat.org/fast/1239786.,fast,651,2,America
http://id.worldcat.org/fast/1239966.,http://id.worldcat.org/fast/1239966.,fast,651,2,North America -- Mexican-American Border Region
http://id.worldcat.org/fast/1240495.,http://id.worldcat.org/fast/1240495.,fast,651,2,Asia
http://id.worldcat.org/fast/1242475.,http://id.worldcat.org/fast/1242475.,fast,651,2,North America
http://id.worldcat.org/fast/1244288.,http://id.worldcat.org/fast/1244288.,fast,651,2,Solar system
http://id.worldcat.org/fast/1244349.,http://id.worldcat.org/fast/1244349.,fast,651,2,Persian Gulf Region
http://id.worldcat.org/fast/1244425.,http://id.worldcat.org/fast/1244425.,fast,651,2,Caucasus
http://id.worldcat.org/fast/1244458.,http://id.worldcat.org/fast/1244458.,fast,651,2,North America -- Sonoran Desert
http://id.worldcat.org/fast/1244556.,http://id.worldcat.org/fast/1244556.,fast,651,2,New Southwest
http://id.worldcat.org/fast/1245970.,http://id.worldcat.org/fast/1245970.,fast,651,2,Sun
http://id.worldcat.org/fast/1335837.,http://id.worldcat.org/fast/1335837.,fast,651,2,New York (State) -- New York -- Bowery (Street)
http://id.worldcat.org/fast/1427006.,http://id.worldcat.org/fast/1427006.,fast,650,2,Women -- Violence against
http://id.worldcat.org/fast/1430965.,http://id.worldcat.org/fast/1430965.,fast,650,2,Photojournalists
http://id.worldcat.org/fast/1431521.,http://id.worldcat.org/fast/1431521.,fast,650,2,Stereotypes (Social psychology)
http://id.worldcat.org/fast/1730057.,http://id.worldcat.org/fast/1730057.,fast,650,2,Human body
http://id.worldcat.org/fast/1735625.,http://id.worldcat.org/fast/1735625.,fast,650,2,Landscapes
http://id.worldcat.org/fast/1738332.,http://id.worldcat.org/fast/1738332.,fast,650,2,Pulp painting
http://id.worldcat.org/fast/1761768.,http://id.worldcat.org/fast/1761768.,fast,650,2,Survival
http://id.worldcat.org/fast/1762741.,http://id.worldcat.org/fast/1762741.,fast,650,2,"Found poetry, American"
http://id.worldcat.org/fast/1899801.,http://id.worldcat.org/fast/1899801.,fast,650,2,Landscapes in art
http://id.worldcat.org/fast/1899834.,http://id.worldcat.org/fast/1899834.,fast,650,2,Vodou in art
http://id.worldcat.org/fast/1903557.,http://id.worldcat.org/fast/1903557.,fast,650,2,Identity (Philosophical concept) in art
http://id.worldcat.org/fast/1903777.,http://id.worldcat.org/fast/1903777.,fast,650,2,Libraries in art
http://id.worldcat.org/fast/1903971.,http://id.worldcat.org/fast/1903971.,fast,650,2,Motherhood in art
http://id.worldcat.org/fast/1904326.,http://id.worldcat.org/fast/1904326.,fast,650,2,Postcards in art
http://id.worldcat.org/fast/1904405.,http://id.worldcat.org/fast/1904405.,fast,650,2,Race in art
http://id.worldcat.org/fast/1904999.,http://id.worldcat.org/fast/1904999.,fast,650,2,Typewriters in art
http://id.worldcat.org/fast/1907412.,http://id.worldcat.org/fast/1907412.,fast,650,2,Diplomatic relations
http://id.worldcat.org/fast/2033296.,http://id.worldcat.org/fast/2033296.,fast,650,2,Illegal immigration
http://id.worldcat.org/fast/2041278.,http://id.worldcat.org/fast/2041278.,fast,650,2,History -- Miscellanea
http://id.worldcat.org/fast/799256.,http://id.worldcat.org/fast/799256.,fast,650,2,African American men in art
http://id.worldcat.org/fast/799438.,http://id.worldcat.org/fast/799438.,fast,650,2,African American women
http://id.worldcat.org/fast/799570.,http://id.worldcat.org/fast/799570.,fast,650,2,African Americans -- Biography
http://id.worldcat.org/fast/799666.,http://id.worldcat.org/fast/799666.,fast,650,2,African Americans -- Race identity
http://id.worldcat.org/fast/804693.,http://id.worldcat.org/fast/804693.,fast,650,2,Aleatory music
http://id.worldcat.org/fast/805278.,http://id.worldcat.org/fast/805278.,fast,650,2,Noncitizens
http://id.worldcat.org/fast/805965.,http://id.worldcat.org/fast/805965.,fast,650,2,Alphabet in art
http://id.worldcat.org/fast/805974.,http://id.worldcat.org/fast/805974.,fast,650,2,Alphabets
http://id.worldcat.org/fast/806532.,http://id.worldcat.org/fast/806532.,fast,650,2,Alzheimer's disease
http://id.worldcat.org/fast/808387.,http://id.worldcat.org/fast/808387.,fast,650,2,Anarchism
http://id.worldcat.org/fast/808452.,http://id.worldcat.org/fast/808452.,fast,650,2,"Anatomy, Artistic"
http://id.worldcat.org/fast/809431.,http://id.worldcat.org/fast/809431.,fast,650,2,Animal welfare
http://id.worldcat.org/fast/809468.,http://id.worldcat.org/fast/809468.,fast,650,2,Animals
http://id.worldcat.org/fast/809757.,http://id.worldcat.org/fast/809757.,fast,650,2,Anniversaries
http://id.worldcat.org/fast/811129.,http://id.worldcat.org/fast/811129.,fast,650,2,Apartheid in art
http://id.worldcat.org/fast/811132.,http://id.worldcat.org/fast/811132.,fast,650,2,Apartment houses
http://id.worldcat.org/fast/813226.,http://id.worldcat.org/fast/813226.,fast,650,2,Architectural drawing
http://id.worldcat.org/fast/813574.,http://id.worldcat.org/fast/813574.,fast,650,2,Architecture and society
http://id.worldcat.org/fast/815231.,http://id.worldcat.org/fast/815231.,fast,650,2,Art -- Economic aspects
http://id.worldcat.org/fast/815400.,http://id.worldcat.org/fast/815400.,fast,650,2,Art and literature
http://id.worldcat.org/fast/815432.,http://id.worldcat.org/fast/815432.,fast,650,2,Art and society
http://id.worldcat.org/fast/816391.,http://id.worldcat.org/fast/816391.,fast,650,2,"Art, Indic"
http://id.worldcat.org/fast/817604.,http://id.worldcat.org/fast/817604.,fast,650,2,Artists -- Philosophy
http://id.worldcat.org/fast/818137.,http://id.worldcat.org/fast/818137.,fast,650,2,"Arts, Modern"
http://id.worldcat.org/fast/818997.,http://id.worldcat.org/fast/818997.,fast,650,2,Assemblage (Art)
http://id.worldcat.org/fast/822442.,http://id.worldcat.org/fast/822442.,fast,650,2,Authorship
http://id.worldcat.org/fast/823232.,http://id.worldcat.org/fast/823232.,fast,650,2,Automobiles
http://id.worldcat.org/fast/824280.,http://id.worldcat.org/fast/824280.,fast,650,2,Avant-garde (Aesthetics)
http://id.worldcat.org/fast/832970.,http://id.worldcat.org/fast/832970.,fast,650,2,Birds
http://id.worldcat.org/fast/833087.,http://id.worldcat.org/fast/833087.,fast,650,2,Birds in art
http://id.worldcat.org/fast/834291.,http://id.worldcat.org/fast/834291.,fast,650,2,Blind
http://id.worldcat.org/fast/835818.,http://id.worldcat.org/fast/835818.,fast,650,2,Bombings
http://id.worldcat.org/fast/836439.,http://id.worldcat.org/fast/836439.,fast,650,2,Books -- Private collections
http://id.worldcat.org/fast/837358.,http://id.worldcat.org/fast/837358.,fast,650,2,Boys
http://id.worldcat.org/fast/844926.,http://id.worldcat.org/fast/844926.,fast,650,2,Camping
http://id.worldcat.org/fast/845317.,http://id.worldcat.org/fast/845317.,fast,650,2,Cancer
http://id.worldcat.org/fast/846425.,http://id.worldcat.org/fast/846425.,fast,650,2,Capitalism
http://id.worldcat.org/fast/854588.,http://id.worldcat.org/fast/854588.,fast,650,2,Child rearing
http://id.worldcat.org/fast/854835.,http://id.worldcat.org/fast/854835.,fast,650,2,Children
http://id.worldcat.org/fast/860207.,http://id.worldcat.org/fast/860207.,fast,650,2,"Chronology, Historical"
http://id.worldcat.org/fast/862627.,http://id.worldcat.org/fast/862627.,fast,650,2,Civil rights
http://id.worldcat.org/fast/864229.,http://id.worldcat.org/fast/864229.,fast,650,2,Climatic changes
http://id.worldcat.org/fast/868596.,http://id.worldcat.org/fast/868596.,fast,650,2,Color photography
http://id.worldcat.org/fast/869952.,http://id.worldcat.org/fast/869952.,fast,650,2,Communication
http://id.worldcat.org/fast/870044.,http://id.worldcat.org/fast/870044.,fast,650,2,Communication and technology
http://id.worldcat.org/fast/876178.,http://id.worldcat.org/fast/876178.,fast,650,2,Constructivism (Art)
http://id.worldcat.org/fast/878658.,http://id.worldcat.org/fast/878658.,fast,650,2,Copy art
http://id.worldcat.org/fast/882382.,http://id.worldcat.org/fast/882382.,fast,650,2,Creation
http://id.worldcat.org/fast/887522.,http://id.worldcat.org/fast/887522.,fast,650,2,Dance in art
http://id.worldcat.org/fast/888613.,http://id.worldcat.org/fast/888613.,fast,650,2,Death
http://id.worldcat.org/fast/890077.,http://id.worldcat.org/fast/890077.,fast,650,2,Democracy
http://id.worldcat.org/fast/896097.,http://id.worldcat.org/fast/896097.,fast,650,2,Documentary photography -- Social aspects
http://id.worldcat.org/fast/899630.,http://id.worldcat.org/fast/899630.,fast,650,2,Dust
http://id.worldcat.org/fast/900959.,http://id.worldcat.org/fast/900959.,fast,650,2,Earthworks (Art)
http://id.worldcat.org/fast/901556.,http://id.worldcat.org/fast/901556.,fast,650,2,Ecology in art
http://id.worldcat.org/fast/908819.,http://id.worldcat.org/fast/908819.,fast,650,2,Emotions
http://id.worldcat.org/fast/908862.,http://id.worldcat.org/fast/908862.,fast,650,2,Emotions in art
http://id.worldcat.org/fast/910941.,http://id.worldcat.org/fast/910941.,fast,650,2,English language -- Alphabet
http://id.worldcat.org/fast/911873.,http://id.worldcat.org/fast/911873.,fast,650,2,English language -- Terms and phrases
http://id.worldcat.org/fast/916005.,http://id.worldcat.org/fast/916005.,fast,650,2,Ethnic relations
http://id.worldcat.org/fast/918208.,http://id.worldcat.org/fast/918208.,fast,650,2,Existentialism in art
http://id.worldcat.org/fast/918461.,http://id.worldcat.org/fast/918461.,fast,650,2,Experimental poetry
http://id.worldcat.org/fast/919916.,http://id.worldcat.org/fast/919916.,fast,650,2,Fairy tales
http://id.worldcat.org/fast/921640.,http://id.worldcat.org/fast/921640.,fast,650,2,Fashion in art
http://id.worldcat.org/fast/922054.,http://id.worldcat.org/fast/922054.,fast,650,2,Fear in art
http://id.worldcat.org/fast/922671.,http://id.worldcat.org/fast/922671.,fast,650,2,Feminism
http://id.worldcat.org/fast/925697.,http://id.worldcat.org/fast/925697.,fast,650,2,Fires
http://id.worldcat.org/fast/928587.,http://id.worldcat.org/fast/928587.,fast,650,2,Folk art
http://id.worldcat.org/fast/930835.,http://id.worldcat.org/fast/930835.,fast,650,2,Food in art
http://id.worldcat.org/fast/937895.,http://id.worldcat.org/fast/937895.,fast,650,2,Gardens
http://id.worldcat.org/fast/937931.,http://id.worldcat.org/fast/937931.,fast,650,2,Gardens in art
http://id.worldcat.org/fast/940147.,http://id.worldcat.org/fast/940147.,fast,650,2,Genetics in art
http://id.worldcat.org/fast/946640.,http://id.worldcat.org/fast/946640.,fast,650,2,Graphic design (Typography)
http://id.worldcat.org/fast/946656.,http://id.worldcat.org/fast/946656.,fast,650,2,Graphic novels
http://id.worldcat.org/fast/947881.,http://id.worldcat.org/fast/947881.,fast,650,2,Grids (Cartography) in art
http://id.worldcat.org/fast/947905.,http://id.worldcat.org/fast/947905.,fast,650,2,Grief in art
http://id.worldcat.org/fast/948125.,http://id.worldcat.org/fast/948125.,fast,650,2,Grotesque in art
http://id.worldcat.org/fast/955976.,http://id.worldcat.org/fast/955976.,fast,650,2,Hieroglyphics
http://id.worldcat.org/fast/959074.,http://id.worldcat.org/fast/959074.,fast,650,2,Home
http://id.worldcat.org/fast/967712.,http://id.worldcat.org/fast/967712.,fast,650,2,Immigrants
http://id.worldcat.org/fast/974195.,http://id.worldcat.org/fast/974195.,fast,650,2,Insects in art
http://id.worldcat.org/fast/974221.,http://id.worldcat.org/fast/974221.,fast,650,2,Insomnia
http://id.worldcat.org/fast/974251.,http://id.worldcat.org/fast/974251.,fast,650,2,Installations (Art) -- Exhibitions
http://id.worldcat.org/fast/977053.,http://id.worldcat.org/fast/977053.,fast,650,2,International relations
http://id.worldcat.org/fast/987946.,http://id.worldcat.org/fast/987946.,fast,650,2,Kites
http://id.worldcat.org/fast/992154.,http://id.worldcat.org/fast/992154.,fast,650,2,Language and languages
http://id.worldcat.org/fast/998899.,http://id.worldcat.org/fast/998899.,fast,650,2,Limited editions
http://id.worldcat.org/fast/999283.,http://id.worldcat.org/fast/999283.,fast,650,2,"Linoleum block-printing, American"
https://homosaurus.org/v4/homoit0000316.,https://homosaurus.org/v4/homoit0000316.,homoit,650,2,Crossdressers
https://homosaurus.org/v4/homoit0001322.,https://homosaurus.org/v4/homoit0001322.,homoit,650,2,Social movements
https://homosaurus.org/v4/homoit0001381.,https://homosaurus.org/v4/homoit0001381.,homoit,650,2,Transsexual people
lcsh|adoptees-in-art,,lcsh,650,2,Adoptees in art
lcsh|african-americans-in-art,,lcsh,650,2,African Americans in art
lcsh|african-americans-social-conditions-pictorial-works,,lcsh,650,2,African Americans -- Social conditions -- Pictorial works
lcsh|aids-disease-personal-narratives,,lcsh,650,2,AIDS (Disease) -- Personal narratives
lcsh|air-pollution-pictorial-works,,lcsh,650,2,Air -- Pollution -- Pictorial works
lcsh|american-poetry-20th-century-periodicals,,lcsh,650,2,American poetry -- 20th century -- Periodicals
lcsh|american-wit-and-humor-pictorial,,lcsh,650,2,"American wit and humor, Pictorial"
lcsh|architecture-california-los-angeles-history-20th-century-pictorial-works,,lcsh,650,2,Architecture -- California -- Los Angeles -- History -- 20th century -- Pictorial works
lcsh|argentine-poetry-21st-century,,lcsh,650,2,Argentine poetry -- 21st century
lcsh|aritists-books,,lcsh,650,2,Aritists' books
lcsh|art-and-music,,lcsh,650,2,Art and music
lcsh|art-and-photography,,lcsh,650,2,Art and photography
lcsh|art-brut-illinois-chicago,,lcsh,650,2,Art brut -- Illinois -- Chicago
lcsh|art-modern,,lcsh,650,2,"Art, Modern"
lcsh|art-modern-21st-century,,lcsh,650,2,"Art, Modern--21st century | Art, Modern -- 21st century"
lcsh|art-periodicals,,lcsh,650,2,Art -- Periodicals
lcsh|art-study-and-teaching-colombia-bogot-21st-century,,lcsh,650,2,Art -- Study and teaching -- Colombia -- Bogotá -- 21st century
lcsh|artistic-collaboration-exhibitions,,lcsh,650,2,Artistic collaboration -- Exhibitions
lcsh|artists-books-21st-century,,lcsh,650,2,Artists' books -- 21st century
lcsh|artists-books-argentina,,lcsh,650,2,Artists' books -- Argentina
lcsh|artists-books-arizona,,lcsh,650,2,Artists' books -- Arizona
lcsh|artists-books-california-oakland-specimens,,lcsh,650,2,Artists' books -- California -- Oakland -- Specimens
lcsh|artists-books-california-san-diego,,lcsh,650,2,Artists' books -- California -- San Diego
lcsh|artists-books-california-santa-cruz,,lcsh,650,2,Artists' books -- California -- Santa Cruz
lcsh|artists-books-colombia-21st-century-specimens,,lcsh,650,2,Artists' books -- Colombia -- 21st century -- Specimens
lcsh|artists-books-congresses,,lcsh,650,2,Artists' books -- Congresses
lcsh|artists-books-cuba,,lcsh,650,2,Artists' books -- Cuba
lcsh|artists-books-england-norwich,,lcsh,650,2,Artists' books -- England -- Norwich
lcsh|artists-books-history,,lcsh,650,2,Artists' books -- History
lcsh|artists-books-illinois-chicago-21st-century,,lcsh,650,2,Artists' books -- Illinois -- Chicago -- 21st century
lcsh|artists-books-michigan-huntington-woods,,lcsh,650,2,Artists' books -- Michigan -- Huntington Woods
lcsh|artists-books-new-york-red-hook,,lcsh,650,2,Artists' books -- New York -- Red Hook
lcsh|artists-books-new-york-state-exhibitions,,lcsh,650,2,Artists' books -- New York (State) -- Exhibitions
lcsh|artists-books-pennsylvania-philadelphia,,lcsh,650,2,Artists' books -- Pennsylvania -- Philadelphia
lcsh|artists-books-rhode-island-providence,,lcsh,650,2,Artists' books -- Rhode Island -- Providence
lcsh|artists-books-spain,,lcsh,650,2,Artists' books -- Spain
lcsh|artists-books-united-states-20th-century-specimens,,lcsh,650,2,Artists' books -- United States -- 20th century -- Specimens
lcsh|artists-fiction,,lcsh,650,2,Artists -- Fiction
lcsh|artists-poetry,,lcsh,650,2,Artists -- Poetry
lcsh|artists-united-states-philosophy,,lcsh,650,2,Artists -- United States -- Philosophy
lcsh|authorship,,lcsh,650,2,Authorship
lcsh|beaches-in-art,,lcsh,650,2,Beaches in art
lcsh|beaches-pictorial-works,,lcsh,650,2,Beaches -- Pictorial works
lcsh|birds-pictorial-works,,lcsh,650,2,Birds -- Pictorial works
lcsh|birthdays-fiction,,lcsh,650,2,Birthdays -- Fiction
lcsh|bombing-and-gunnery-ranges-wales-epynt-mountain,,lcsh,650,2,Bombing and gunnery ranges -- Wales -- Epynt Mountain
lcsh|buildings-california-los-angeles-pictorial-works,,lcsh,650,2,Buildings -- California -- Los Angeles -- Pictorial works
lcsh|butterflies-in-art,,lcsh,650,2,Butterflies in art
lcsh|canvas-embroidery-specimens,,lcsh,650,2,Canvas embroidery -- Specimens
lcsh|capital-movements,,lcsh,650,2,Capital movements
lcsh|cartography,,lcsh,650,2,Cartography
lcsh|chapbooks-spanish-spain-seville-specimens,,lcsh,650,2,"Chapbooks, Spanish -- Spain -- Seville -- Specimens"
lcsh|children-pictorial-works,,lcsh,650,2,Children -- Pictorial works
lcsh|christmas,,lcsh,650,2,Christmas
lcsh|clippings-books-newspapers-etc-in-art,,lcsh,650,2,"Clippings (Books, newspapers, etc.) in art"
lcsh|collage,,lcsh,650,2,Collage
lcsh|computer-art,,lcsh,650,2,Computer art
lcsh|computer-art-united-states,,lcsh,650,2,Computer art -- United States
lcsh|conceptual-art-poland,,lcsh,650,2,Conceptual art -- Poland
lcsh|conceptual-art-specimens,,lcsh,650,2,Conceptual art -- Specimens
lcsh|conceptual-art-united-states-exhibitions,,lcsh,650,2,Conceptual art -- United States -- Exhibitions
lcsh|concrete-poetry-american,,lcsh,650,2,"Concrete poetry, American"
lcsh|cookery-meat,,lcsh,650,2,Cookery (Meat)
lcsh|copy-art,,lcsh,650,2,Copy art
lcsh|copy-art-united-states,,lcsh,650,2,Copy art -- United States
lcsh|corn-fiction,,lcsh,650,2,Corn -- Fiction
lcsh|cosmology,,lcsh,650,2,Cosmology
lcsh|death-in-art,,lcsh,650,2,Death in art
lcsh|digital-media,,lcsh,650,2,Digital media
lcsh|documentary-photography,,lcsh,650,2,Documentary photography
lcsh|documentary-photography-social-aspects,,lcsh,650,2,Documentary photography -- Social aspects
lcsh|dogs-in-art,,lcsh,650,2,Dogs in art
lcsh|drawing-american-21st-century,,lcsh,650,2,"Drawing, American -- 21st century"
lcsh|dwellings-in-art,,lcsh,650,2,Dwellings in art
lcsh|endangered-plants-poetry,,lcsh,650,2,Endangered plants -- Poetry
lcsh|english-language-alphabet,,lcsh,650,2,English language -- Alphabet
lcsh|environment-art,,lcsh,650,2,Environment (Art)
lcsh|eviction-wales-epynt-mountain-history,,lcsh,650,2,Eviction -- Wales -- Epynt Mountain -- History
lcsh|fairy-tales,,lcsh,650,2,Fairy tales
lcsh|feminism-and-art,,lcsh,650,2,Feminism and art
lcsh|feminism-in-art-exhibitions,,lcsh,650,2,Feminism in art -- Exhibitions
lcsh|financial-crises-spain-21st-century,,lcsh,650,2,Financial crises -- Spain -- 21st century
lcsh|fires-pictorial-works,,lcsh,650,2,Fires -- Pictorial works
lcsh|flip-books,,lcsh,650,2,Flip books
lcsh|folk-art-illinois-chicago,,lcsh,650,2,Folk art -- Illinois -- Chicago
lcsh|food-poetry,,lcsh,650,2,Food -- Poetry
lcsh|foot-in-art,,lcsh,650,2,Foot in art
lcsh|found-objects-art,,lcsh,650,2,Found objects (Art)
lcsh|games-in-art,,lcsh,650,2,Games in art
lcsh|gender-identity,,lcsh,650,2,Gender identity
lcsh|graffiti-germany-berlin,,lcsh,650,2,Graffiti -- Germany -- Berlin
lcsh|happenings-art,,lcsh,650,2,Happenings (Art)
lcsh|holocaust-jewish-1939-1945-personal-narratives,,lcsh,650,2,"Holocaust, Jewish (1939-1945) -- Personal narratives"
lcsh|homosexuality,,lcsh,650,2,Homosexuality
lcsh|human-beings-in-art,,lcsh,650,2,Human beings in art
lcsh|human-figure-in-art,,lcsh,650,2,Human figure in art
lcsh|indigo-history,,lcsh,650,2,Indigo -- History
lcsh|industrial-buildings-india-pictorial-works,,lcsh,650,2,Industrial buildings -- India -- Pictorial works
lcsh|installations-art-united-states-exhibitions,,lcsh,650,2,Installations (Art) -- United States -- Exhibitions
lcsh|iraq-war-2003-2011-press-coverage,,lcsh,650,2,"Iraq War, 2003-2011 -- Press coverage"
lcsh|italic-type-specimens,,lcsh,650,2,Italic type -- Specimens
lcsh|japanese-americans-evacuation-and-relocation-1942-1945,,lcsh,650,2,"Japanese Americans -- Evacuation and relocation, 1942-1945"
lcsh|japanese-americans-forced-removal-and-internment-1942-1945,,lcsh,650,2,"Japanese Americans -- Forced removal and internment, 1942-1945"
lcsh|japanese-americans-social-conditions-20th-century,,lcsh,650,2,Japanese Americans -- Social conditions -- 20th century
lcsh|japanese-americans-washington-state-history-20th-century,,lcsh,650,2,Japanese Americans -- Washington (State) -- History -- 20th century
lcsh|jazz,,lcsh,650,2,Jazz
lcsh|jewelry-history,,lcsh,650,2,Jewelry -- History
lcsh|korean-americans-communication,,lcsh,650,2,Korean Americans -- Communication
lcsh|language-and-languages-in-art,,lcsh,650,2,Language and languages in art
lcsh|limited-editions-specimens,,lcsh,650,2,Limited editions -- Specimens
lcsh|line-art,,lcsh,650,2,Line (Art)
lcsh|linocuts,,lcsh,650,2,Linocuts
lcsh|linoleum-block-printing-specimens,,lcsh,650,2,Linoleum block-printing -- Specimens
lcsh|lithography-specimens,,lcsh,650,2,Lithography -- Specimens
lcsh|marriage,,lcsh,650,2,Marriage
lcsh|memory-in-art,,lcsh,650,2,Memory in art
lcsh|money-in-art,,lcsh,650,2,Money in art
lcsh|mothers-and-daughters,,lcsh,650,2,Mothers and daughters
lcsh|mothers-in-art,,lcsh,650,2,Mothers in art
lcsh|multiple-art,,lcsh,650,2,Multiple art
lcsh|nature-in-literature,,lcsh,650,2,Nature in literature
lcsh|nature-poetry,,lcsh,650,2,Nature -- Poetry
lcsh|night-in-art,,lcsh,650,2,Night in art
lcsh|olympics-pictorial-works,,lcsh,650,2,Olympics -- Pictorial works
lcsh|operas-librettos,,lcsh,650,2,Operas -- Librettos
lcsh|optical-art,,lcsh,650,2,Optical art
lcsh|origami-specimens,,lcsh,650,2,Origami -- Specimens
lcsh|outsider-art-illinois-chicago,,lcsh,650,2,Outsider art -- Illinois -- Chicago
lcsh|paper-art,,lcsh,650,2,Paper art
lcsh|paper-dolls,,lcsh,650,2,Paper dolls
lcsh|paper-dolls-specimens,,lcsh,650,2,Paper dolls -- Specimens
lcsh|paper-work-england-history-20th-century,,lcsh,650,2,Paper work -- England -- History -- 20th century
lcsh|paper-work-exhibitions,,lcsh,650,2,Paper work -- Exhibitions
lcsh|parking-lots-california-los-angeles-pictorial-works,,lcsh,650,2,Parking lots -- California -- Los Angeles -- Pictorial works
lcsh|photography-artistic-philosophy,,lcsh,650,2,"Photography, Artistic -- Philosophy"
lcsh|photography-artistic-united-states,,lcsh,650,2,"Photography, Artistic -- United States"
lcsh|photography-digital-techniques,,lcsh,650,2,Photography -- Digital techniques
lcsh|photography-in-art,,lcsh,650,2,Photography in art
lcsh|politics-and-culture-chile-history-20th-century,,lcsh,650,2,Politics and culture -- Chile -- History -- 20th century
lcsh|portrait-photography,,lcsh,650,2,Portrait photography
lcsh|portrait-photography-mali,,lcsh,650,2,Portrait photography -- Mali
lcsh|postcards-india-catalogs,,lcsh,650,2,Postcards -- India -- Catalogs
lcsh|postcards-specimens,,lcsh,650,2,Postcards -- Specimens
lcsh|prints-american-20th-century,,lcsh,650,2,"Prints, American -- 20th century"
lcsh|prints-united-states-20th-century,,lcsh,650,2,Prints -- United States -- 20th century
lcsh|quotations-english,,lcsh,650,2,"Quotations, English"
lcsh|racism-in-art,,lcsh,650,2,Racism in art
lcsh|rainbows-in-art,,lcsh,650,2,Rainbows in art
lcsh|rifle-ranges-wales-epynt-mountain,,lcsh,650,2,Rifle-ranges -- Wales -- Epynt Mountain
lcsh|rivers-in-art,,lcsh,650,2,Rivers in art
lcsh|roads-europe-pictorial-works,,lcsh,650,2,Roads -- Europe -- Pictorial works
lcsh|sand,,lcsh,650,2,Sand
lcsh|science-in-art,,lcsh,650,2,Science in art
lcsh|sculpture-british-20th-century,,lcsh,650,2,"Sculpture, British -- 20th century"
lcsh|sea-in-art,,lcsh,650,2,Sea in art
lcsh|service-stations-pictorial-works,,lcsh,650,2,Service stations -- Pictorial works
lcsh|sewing-in-art,,lcsh,650,2,Sewing in art
lcsh|sex-pictorial-works,,lcsh,650,2,Sex -- Pictorial works
lcsh|short-stories-american,,lcsh,650,2,"Short stories, American"
lcsh|small-press-books-spain-specimens,,lcsh,650,2,Small press books -- Spain -- Specimens
lcsh|smoking,,lcsh,650,2,Smoking
lcsh|smoking-in-art,,lcsh,650,2,Smoking in art
lcsh|soybean-in-art,,lcsh,650,2,Soybean -- In art
lcsh|spanish-poetry-21st-century,,lcsh,650,2,Spanish poetry -- 21st century
lcsh|stars-in-art,,lcsh,650,2,Stars in art
lcsh|stitches-sewing-poetry,,lcsh,650,2,Stitches (Sewing) -- Poetry
lcsh|stone,,lcsh,650,2,Stone
lcsh|stone-carvers-indiana-interviews,,lcsh,650,2,Stone carvers -- Indiana -- Interviews
lcsh|stone-cutters-indiana-interviews,,lcsh,650,2,Stone-cutters -- Indiana -- Interviews
lcsh|street-art-germany-berlin,,lcsh,650,2,Street art -- Germany -- Berlin
lcsh|swimming-in-art,,lcsh,650,2,Swimming in art
lcsh|swimming-pools-pictorial-works,,lcsh,650,2,Swimming pools -- Pictorial works
lcsh|television-programs-in-art,,lcsh,650,2,Television programs -- In art
lcsh|time-in-art,,lcsh,650,2,Time in art
lcsh|trees-in-art,,lcsh,650,2,Trees in art
lcsh|violence-pictorial-works,,lcsh,650,2,Violence -- Pictorial works
lcsh|water-in-art,,lcsh,650,2,Water in art
lcsh|wavelengths-pictorial-works,,lcsh,650,2,Wavelengths -- Pictorial works
lcsh|windows-in-art,,lcsh,650,2,Windows in art
lcsh|women-in-art,,lcsh,650,2,Women in art
lcsh|wood,,lcsh,650,2,Wood
lcsh|world-war-1939-1945-wales-epynt-mountain,,lcsh,650,2,"World War, 1939-1945 -- Wales -- Epynt Mountain"
local|abstractions-surrealism-fantastic-art,,local,650,2,"Abstractions, Surrealism, fantastic art"
local|animals-birds,,local,650,2,Animals: Birds
local|asemic-writing,,local,650,2,Asemic writing
local|figures-other-than-portraits-children-single-and-groups,,local,650,2,Figures other than portraits: Children: Single and groups
local|genre,,local,650,2,Genre
local|genre-outdoor-scenes,,local,650,2,Genre: Outdoor scenes
local|illuminated-manuscript,,local,650,2,Illuminated Manuscript
local|sales-catalogs-parodies-imitations-etc,,local,650,2,"Sales catalogs -- Parodies, imitations, etc"
mesh|poetry-as-topic,,mesh,650,2,Poetry as Topic
none|atlanta-ga-history,,,651,2,Atlanta (Ga.) -- History
none|atlanta-ga-pictorial-works,,,651,2,Atlanta (Ga.) -- Pictorial works
none|bamako-mali-pictorial-works,,,651,2,Bamako (Mali) -- Pictorial works
none|egypt-in-art,,,651,2,Egypt -- In art
none|epynt-mountain-wales,,,651,2,Epynt Mountain (Wales)
none|epynt-mountain-wales-pictorial-works,,,651,2,Epynt Mountain (Wales) -- Pictorial works
none|garze-zangzu-zizhizhou-china-pictorial-works,,,651,2,Garze Zangzu Zizhizhou (China) -- Pictorial works
none|georgia-pictorial-works,,,651,2,Georgia -- Pictorial works
none|london-england-in-art,,,651,2,London (England) -- In art
none|mali-pictorial-works,,,651,2,Mali -- Pictorial works
none|mexico-poetry,,,651,2,Mexico -- Poetry
none|new-york-n-y-fiction,,,651,2,New York (N.Y.) -- Fiction
none|sonoran-desert-pictorial-works,,,651,2,Sonoran Desert -- Pictorial works
none|southern-states-social-life-and-customs,,,651,2,Southern States -- Social life and customs
none|united-states-pictorial-works,,,651,2,United States -- Pictorial works
none|united-states-pictorial-works-exhibitions,,,651,2,United States -- Pictorial works -- Exhibitions
none|uzbekistan-pictorial-works,,,651,2,Uzbekistan -- Pictorial works
ram|livres-d-artistes-20e-sie-cle,,ram,650,2,Livres d'artistes -- 20e siècle
rvm|livres-d-artistes-canada,,rvm,650,2,Livres d'artistes -- Canada
unspecified|art-scottish,,unspecified,650,2,"Art, Scottish"
unspecified|artists-books-ireland,,unspecified,650,2,Artists' books -- Ireland
unspecified|artists-books-rhode-island-20th-century,,unspecified,650,2,Artists' books ; Rhode Island ; 20th century
unspecified|botany-pictorial-works,,unspecified,650,2,Botany -- Pictorial works
unspecified|conceptual-art,,unspecified,650,2,Conceptual art
unspecified|dried-flowers-plants,,unspecified,650,2,Dried flowers (plants)
unspecified|limited-editions,,unspecified,650,2,Limited editions
unspecified|photobooks,,unspecified,650,2,Photobooks
unspecified|photography-artistic,,unspecified,650,2,"Photography, Artistic"
unspecified|poetry,,unspecified,650,2,poetry | Poetry
unspecified|television-programs,,unspecified,650,2,Television programs
(CStmoGRI)aat300123016,(CStmoGRI)aat300123016,aat,650,1,artists' books (books)
(CStmoGRI)aat300178842,(CStmoGRI)aat300178842,aat,650,1,bookworks
(CaQQLa)201-0001314,(CaQQLa)201-0001314,rvm,650,1,Art -- 20e siècle -- Expositions
(CaQQLa)201-0055830,(CaQQLa)201-0055830,rvm,650,1,Livres d'artistes -- États-Unis
(CaQQLa)201-0061078,(CaQQLa)201-0061078,rvm,650,1,Sikhisme -- Histoire | Sikhisme -- Ouvrages illustrées
(DE-576)208896201,(DE-576)208896201,gnd,651,1,Deutschland
(DE-576)208909400,(DE-576)208909400,gnd,650,1,Englisch
(DE-576)209131136,(DE-576)209131136,gnd,650,1,Terrorismus
(DE-576)209139684,(DE-576)209139684,gnd,650,1,Übersetzung
(DE-576)21003467X,(DE-576)21003467X,gnd,650,1,Toter
(DLC)sh 85028901,(DLC)sh 85028901,lcsh,650,1,Commerce
(NL-LeOCL)077600088,(NL-LeOCL)077600088,bcl,650,1,21.22 history of drawing
(OCoLC)fst00794769,(OCoLC)fst00794769,fast,650,1,Abstraction
(OCoLC)fst00795379,(OCoLC)fst00795379,fast,650,1,Accounting
(OCoLC)fst00799558,(OCoLC)fst00799558,fast,650,1,African Americans
(OCoLC)fst00806113,(OCoLC)fst00806113,fast,650,1,Altered books
(OCoLC)fst00811132,(OCoLC)fst00811132,fast,650,1,Apartment houses
(OCoLC)fst00811260,(OCoLC)fst00811260,fast,650,1,Apes in art
(OCoLC)fst00815396,(OCoLC)fst00815396,unspecified,650,1,Art History
(OCoLC)fst00815432,(OCoLC)fst00815432,fast,650,1,Art and society
(OCoLC)fst00815850.,(OCoLC)fst00815850.,fast,650,1,"Art, Abstract"
(OCoLC)fst00816079,(OCoLC)fst00816079,fast,650,1,"Art, Canadian"
(OCoLC)fst00816307.,(OCoLC)fst00816307.,fast,650,1,"Art, German"
(OCoLC)fst00821764,(OCoLC)fst00821764,fast,650,1,"Authors, American"
(OCoLC)fst00822590,(OCoLC)fst00822590,fast,650,1,Autobiographical memory in art
(OCoLC)fst00824866,(OCoLC)fst00824866,fast,650,1,BGP (Computer network protocol)
(OCoLC)fst00829869,(OCoLC)fst00829869,fast,650,1,Beggars in art
(OCoLC)fst00832383,(OCoLC)fst00832383,unspecified,650,1,Biology
(OCoLC)fst00835316,(OCoLC)fst00835316,fast,650,1,Body art
(OCoLC)fst00840962,(OCoLC)fst00840962,fast,650,1,Buildings
(OCoLC)fst00848025,(OCoLC)fst00848025,unspecified,650,1,Cartography
(OCoLC)fst00849456,(OCoLC)fst00849456,fast,650,1,Cats in art
(OCoLC)fst00854835,(OCoLC)fst00854835,fast,650,1,Children
(OCoLC)fst00855720,(OCoLC)fst00855720,fast,650,1,Children's books
(OCoLC)fst00866300,(OCoLC)fst00866300,fast,650,1,Coevolution
(OCoLC)fst00870421,(OCoLC)fst00870421,fast,650,1,Communism
(OCoLC)fst00871275,(OCoLC)fst00871275,fast,650,1,Compact discs
(OCoLC)fst00872119,(OCoLC)fst00872119,fast,650,1,Computer graphics
(OCoLC)fst00872969,(OCoLC)fst00872969,fast,650,1,Concepts
(OCoLC)fst00872980,(OCoLC)fst00872980,unspecified,650,1,Conceptual Art
(OCoLC)fst00875742,(OCoLC)fst00875742,fast,650,1,Constellations in art
(OCoLC)fst00878667,(OCoLC)fst00878667,fast,650,1,Copybooks
(OCoLC)fst00880600,(OCoLC)fst00880600,unspecified,650,1,Cosmology
(OCoLC)fst00897776,(OCoLC)fst00897776,fast,650,1,"Drawing, American"
(OCoLC)fst00897910,(OCoLC)fst00897910,fast,650,1,Dreams in art
(OCoLC)fst00900729,(OCoLC)fst00900729,unspecified,650,1,Geoscience
(OCoLC)fst00902864,(OCoLC)fst00902864,fast,650,1,Education in art
(OCoLC)fst00906956,(OCoLC)fst00906956,fast,650,1,Electronic data processing
(OCoLC)fst00908891,(OCoLC)fst00908891,fast,650,1,Empathy in art
(OCoLC)fst00919916,(OCoLC)fst00919916,fast,650,1,Fairy tales
(OCoLC)fst00919934,(OCoLC)fst00919934,fast,650,1,Fairy tales in art
(OCoLC)fst00922671,(OCoLC)fst00922671,fast,650,1,Feminism
(OCoLC)fst00925546.,(OCoLC)fst00925546.,fast,650,1,Fire stations
(OCoLC)fst00925758.,(OCoLC)fst00925758.,fast,650,1,First communion
(OCoLC)fst00927412,(OCoLC)fst00927412,unspecified,650,1,Flip books
(OCoLC)fst00929383,(OCoLC)fst00929383,fast,650,1,Folk music
(OCoLC)fst00930835,(OCoLC)fst00930835,fast,650,1,Food in art
(OCoLC)fst00935107.,(OCoLC)fst00935107.,fast,650,1,Fretwork
(OCoLC)fst00940842.,(OCoLC)fst00940842.,fast,650,1,Geometrical constructions in art
(OCoLC)fst00953374,(OCoLC)fst00953374,unspecified,650,1,Hearing
(OCoLC)fst00954557,(OCoLC)fst00954557,fast,650,1,Helices (Algebraic topology)
(OCoLC)fst00959445,(OCoLC)fst00959445,fast,650,1,Homeless persons
(OCoLC)fst00963030,(OCoLC)fst00963030,fast,650,1,Human evolution
(OCoLC)fst00967406,(OCoLC)fst00967406,fast,650,1,Illustration of books
(OCoLC)fst00967426,(OCoLC)fst00967426,fast,650,1,Illustrators
(OCoLC)fst00967569,(OCoLC)fst00967569,fast,650,1,Imaginary letters
(OCoLC)fst00967688.,(OCoLC)fst00967688.,fast,650,1,Imitation in art
(OCoLC)fst00968126,(OCoLC)fst00968126,unspecified,650,1,Colonialism
(OCoLC)fst00972484.,(OCoLC)fst00972484.,fast,650,1,"Influence (Literary, artistic, etc.)"
(OCoLC)fst00973149,(OCoLC)fst00973149,fast,650,1,Information theory
(OCoLC)fst00973481.,(OCoLC)fst00973481.,fast,650,1,Initiation rites -- Religious aspects -- Christianity
(OCoLC)fst00992030.,(OCoLC)fst00992030.,fast,650,1,Landscape photography
(OCoLC)fst00995690.,(OCoLC)fst00995690.,fast,650,1,Legislative bodies
(OCoLC)fst00995741.,(OCoLC)fst00995741.,fast,650,1,Legislative bodies -- Qualifications
(OCoLC)fst00996540,(OCoLC)fst00996540,fast,650,1,Lesbians
(OCoLC)fst00999953,(OCoLC)fst00999953,fast,650,1,Literature
(OCoLC)fst01000265,(OCoLC)fst01000265,fast,650,1,Lithography
(OCoLC)fst01000281,(OCoLC)fst01000281,fast,650,1,"Lithography, American"
(OCoLC)fst01002621,(OCoLC)fst01002621,fast,650,1,Loss (Psychology)
(OCoLC)fst01002821,(OCoLC)fst01002821,fast,650,1,"Love poetry, American"
(OCoLC)fst01007801.,(OCoLC)fst01007801.,fast,650,1,Mannequins (Figures)
(OCoLC)fst01008755,(OCoLC)fst01008755,fast,650,1,Maps in art
(OCoLC)fst01016620,(OCoLC)fst01016620,fast,650,1,Mental representation
(OCoLC)fst01018532,(OCoLC)fst01018532,fast,650,1,Meteors
(OCoLC)fst01018532.,(OCoLC)fst01018532.,fast,650,1,Meteors
(OCoLC)fst01021021,(OCoLC)fst01021021,fast,650,1,"Military bases, American"
(OCoLC)fst01030269,(OCoLC)fst01030269,fast,650,1,Music
(OCoLC)fst01034268,(OCoLC)fst01034268,fast,650,1,Natural history
(OCoLC)fst01034403,(OCoLC)fst01034403,unspecified,650,1,Natural Resources
(OCoLC)fst01042454,(OCoLC)fst01042454,fast,650,1,Nymphs (Greek deities)
(OCoLC)fst01052593,(OCoLC)fst01052593,fast,650,1,"Paper, Handmade"
(OCoLC)fst01059908.,(OCoLC)fst01059908.,fast,650,1,Pets
(OCoLC)fst01061637,(OCoLC)fst01061637,unspecified,650,1,Photographic Criticism
(OCoLC)fst01062008,(OCoLC)fst01062008,fast,650,1,"Photography, Table-top"
(OCoLC)fst01071422,(OCoLC)fst01071422,fast,650,1,Popular music
(OCoLC)fst01086509,(OCoLC)fst01086509,fast,650,1,Race relations
(OCoLC)fst01086569.,(OCoLC)fst01086569.,fast,650,1,Race riots
(OCoLC)fst01092822,(OCoLC)fst01092822,unspecified,650,1,Refugees
(OCoLC)fst01094509,(OCoLC)fst01094509,fast,650,1,Remote-sensing images
(OCoLC)fst01108176,(OCoLC)fst01108176,fast,650,1,Science
(OCoLC)fst01109483,(OCoLC)fst01109483,unspecified,650,1,Sculpture
(OCoLC)fst01110329.,(OCoLC)fst01110329.,fast,650,1,Seals and labels (Philately)
(OCoLC)fst01114491.,(OCoLC)fst01114491.,fast,650,1,Sex instruction
(OCoLC)fst01115460,(OCoLC)fst01115460,fast,650,1,Sheep
(OCoLC)fst01118413,(OCoLC)fst01118413,fast,650,1,Sikhism
(OCoLC)fst01121833,(OCoLC)fst01121833,fast,650,1,Snakes
(OCoLC)fst01123875,(OCoLC)fst01123875,unspecified,650,1,Sociology
(OCoLC)fst01126935,(OCoLC)fst01126935,unspecified,650,1,Sound
(OCoLC)fst01127003,(OCoLC)fst01127003,unspecified,650,1,Sound Art
(OCoLC)fst01127601,(OCoLC)fst01127601,unspecified,650,1,Architectural Space
(OCoLC)fst01134710.,(OCoLC)fst01134710.,fast,650,1,Street photography
(OCoLC)fst01137187,(OCoLC)fst01137187,fast,650,1,Suffrage
(OCoLC)fst01145276,(OCoLC)fst01145276,unspecified,650,1,Art and Technology
(OCoLC)fst01155558,(OCoLC)fst01155558,fast,650,1,Travel
(OCoLC)fst01155984.,(OCoLC)fst01155984.,fast,650,1,Trees
(OCoLC)fst01156141.,(OCoLC)fst01156141.,fast,650,1,Trees in art
(OCoLC)fst01156425,(OCoLC)fst01156425,fast,650,1,Trials (Witchcraft)
(OCoLC)fst01159820,(OCoLC)fst01159820,unspecified,650,1,Contemporary Art
(OCoLC)fst01166389,(OCoLC)fst01166389,unspecified,650,1,Video Art
(OCoLC)fst01166389.,(OCoLC)fst01166389.,fast,650,1,Video art
(OCoLC)fst01169232,(OCoLC)fst01169232,fast,650,1,Voting
(OCoLC)fst01176327,(OCoLC)fst01176327,fast,650,1,Witchcraft
(OCoLC)fst01176341,(OCoLC)fst01176341,fast,650,1,Witchcraft in art
(OCoLC)fst01180309,(OCoLC)fst01180309,fast,650,1,Work in art
(OCoLC)fst01181375,(OCoLC)fst01181375,fast,650,1,World music
(OCoLC)fst01198490,(OCoLC)fst01198490,fast,650,1,Dreams
(OCoLC)fst01204271,(OCoLC)fst01204271,fast,651,1,England -- London
(OCoLC)fst01204307,(OCoLC)fst01204307,fast,651,1,Massachusetts
(OCoLC)fst01204493,(OCoLC)fst01204493,fast,651,1,Virginia -- Charlottesville
(OCoLC)fst01204494,(OCoLC)fst01204494,fast,651,1,Kentucky
(OCoLC)fst01204540,(OCoLC)fst01204540,,651,1,California - Los Angeles
(OCoLC)fst01204540.,(OCoLC)fst01204540.,fast,651,1,California -- Los Angeles
(OCoLC)fst01204560.,(OCoLC)fst01204560.,fast,651,1,Minnesota
(OCoLC)fst01204597,(OCoLC)fst01204597,fast,651,1,Virginia
(OCoLC)fst01204828,(OCoLC)fst01204828,fast,651,1,Alberta
(OCoLC)fst01204928.,(OCoLC)fst01204928.,fast,651,1,California
(OCoLC)fst01204977,(OCoLC)fst01204977,fast,651,1,Rhode Island -- Providence
(OCoLC)fst01205839,(OCoLC)fst01205839,fast,651,1,Massachusetts -- Salem
(OCoLC)fst01205880,(OCoLC)fst01205880,fast,651,1,California -- Santa Cruz
(OCoLC)fst01206417,(OCoLC)fst01206417,fast,651,1,France -- Marseille
(OCoLC)fst01206791.,(OCoLC)fst01206791.,fast,651,1,Korea (South)
(OCoLC)fst01210280,(OCoLC)fst01210280,fast,651,1,New York (State)
(OCoLC)fst01210280.,(OCoLC)fst01210280.,fast,651,1,New York (State)
(OCoLC)fst01210434.,(OCoLC)fst01210434.,fast,651,1,Québec -- Montréal
(OCoLC)fst01219044,(OCoLC)fst01219044,fast,651,1,California -- Sebastopol
(OCoLC)fst01219920,(OCoLC)fst01219920,fast,651,1,England
(OCoLC)fst01239830,(OCoLC)fst01239830,,651,1,Asia - Amu Darya
(OCoLC)fst01260657,(OCoLC)fst01260657,,651,1,Uzbekistan
(OCoLC)fst01323415,(OCoLC)fst01323415,fast,651,1,France -- Marseille -- Belsunce
(OCoLC)fst01353116,(OCoLC)fst01353116,fast,650,1,Flight of Jesus Christ into Egypt
(OCoLC)fst01423702,(OCoLC)fst01423702,unspecified,650,1,Art
(OCoLC)fst01423704,(OCoLC)fst01423704,unspecified,650,1,Maps
(OCoLC)fst01423874,(OCoLC)fst01423874,unspecified,650,1,Pictorial works
(OCoLC)fst01728849.,(OCoLC)fst01728849.,fast,650,1,Families
(OCoLC)fst01736229,(OCoLC)fst01736229,unspecified,650,1,Globalization
(OCoLC)fst01742293.,(OCoLC)fst01742293.,fast,650,1,Photobooks
(OCoLC)fst01747531,(OCoLC)fst01747531,fast,650,1,Identity politics
(OCoLC)fst01895835,(OCoLC)fst01895835,fast,650,1,Wallets
(OCoLC)fst01896063,(OCoLC)fst01896063,fast,650,1,Human figure in art
(OCoLC)fst01896096,(OCoLC)fst01896096,fast,650,1,Sea in art
(OCoLC)fst01896133,(OCoLC)fst01896133,fast,650,1,Female nude in art
(OCoLC)fst01903498,(OCoLC)fst01903498,fast,650,1,Homelessness in art
(OCoLC)fst01930687,(OCoLC)fst01930687,fast,650,1,Artists as collectors
11F4,11F4,iconclass,650,1,Madonna: i.e. Mary with the Christ-child
11H(JOHN THE BAPTIST),11H(JOHN THE BAPTIST),iconclass,650,1,"John the Baptist; possible attributes: book, reed cross, baptismal cup, honeycomb, lamb, staff"
11H(LOUIS OF TOULOUSE),11H(LOUIS OF TOULOUSE),iconclass,650,1,"Louis of Anjou, son of the king of Naples, Franciscan friar, and bishop of Toulouse; possible attributes: fleur-de-lis on his cope, crown and sceptre"
61B2(JEAN DE BERRY),61B2(JEAN DE BERRY),iconclass,650,1,historical person (with NAME)
aat|artists-books,,aat,650,1,Artists' books
aat|artists-books-books-florida-tallahassee-21st-century,,aat,650,1,Artists' books (books) -- Florida -- Tallahassee -- 21st century
aat|axonometric-projections-images,,aat,650,1,axonometric projections (images)
aat|bestiaries,,aat,650,1,bestiaries
aat|games,,aat,650,1,games
abo.org|appropriated-text,,abo.org,650,1,Appropriated text
bisacsh|poetry-american-general,,bisacsh,650,1,POETRY / American / General
cct|science-fiction,,cct,650,1,Science fiction
cct|sea-stories,,cct,650,1,Sea stories
cct|submarines-ships-fiction,,cct,650,1,Submarines (Ships) -- Fiction
cct|toy-and-movable-books,,cct,650,1,Toy and movable books
cct|toy-and-movable-books-specimens,,cct,650,1,Toy and movable books -- Specimens
fast|alphabets,,fast,650,1,Alphabets
fast|apartment-houses,,fast,650,1,Apartment houses
fast|architecture,,fast,650,1,Architecture
fast|argentina,,fast,651,1,Argentina
fast|art-appreciation,,fast,650,1,Art appreciation
fast|axonometric-projection,,fast,650,1,Axonometric projection
fast|beaches,,fast,650,1,Beaches
fast|bestiaries,,fast,650,1,Bestiaries
fast|cabala,,fast,650,1,Cabala
fast|california-san-francisco,,fast,651,1,California -- San Francisco
fast|canada,,fast,651,1,Canada
fast|coasts,,fast,650,1,Coasts
fast|color-in-art,,fast,650,1,Color in art
fast|concrete-poetry-english,,fast,650,1,"Concrete poetry, English"
fast|creation-mythology,,fast,650,1,Creation -- Mythology
fast|cuba,,fast,651,1,Cuba
fast|cuban-literature,,fast,650,1,Cuban literature
fast|elections,,fast,650,1,Elections
fast|england,,fast,651,1,England
fast|feminism-and-art,,fast,650,1,Feminism and art
fast|god-judaism-name,,fast,650,1,God (Judaism) -- Name
fast|great-britain,,fast,651,1,Great Britain
fast|hand-in-art,,fast,650,1,Hand in art
fast|holocaust-jewish-1939-1945-in-art,,fast,650,1,"Holocaust, Jewish (1939-1945) in art"
fast|illustrated-periodicals,,fast,650,1,Illustrated periodicals
fast|imprisonment,,fast,650,1,Imprisonment
fast|indians-of-north-america,,fast,650,1,Indians of North America
fast|internment-camps,,fast,650,1,Internment camps
fast|line-art,,fast,650,1,Line (Art)
fast|literature-modern,,fast,650,1,"Literature, Modern"
fast|nazi-concentration-camps,,fast,650,1,Nazi concentration camps
fast|new-york-state-rosendale,,fast,651,1,New York (State) -- Rosendale
fast|photobooks,,fast,650,1,Photobooks
fast|photography,,fast,650,1,Photography
fast|photography-philosophy,,fast,650,1,Photography -- Philosophy
fast|rap-music,,fast,650,1,Rap (Music)
fast|rock-music,,fast,650,1,Rock music
fast|sex-discrimination-against-women,,fast,650,1,Sex discrimination against women
fast|shipping,,fast,650,1,Shipping
fast|small-presses,,fast,650,1,Small presses
fast|women-artists,,fast,650,1,Women artists
fast|wood-engraving,,fast,650,1,Wood-engraving
fast|youth,,fast,650,1,Youth
gnd|bildband,,gnd,650,1,Bildband
gnd|zeichnung,,gnd,650,1,Zeichnung
gtt|foto-s,,gtt,650,1,Foto's
gtt|jongeren,,gtt,650,1,Jongeren
gtt|tekeningen,,gtt,650,1,Tekeningen
homoit|children,,homoit,650,1,Children
homoit|girls,,homoit,650,1,Girls
http://homosaurus.org/v4/homoit0001102.,http://homosaurus.org/v4/homoit0001102.,homoit,650,1,LGBTQ+ performance art
http://homosaurus.org/v4/homoit0002579.,http://homosaurus.org/v4/homoit0002579.,homoit,650,1,LGBTQ+ erotic art
http://id.loc.gov/authorities/childrensSubjects/sj2021050009.,http://id.loc.gov/authorities/childrensSubjects/sj2021050009.,lcshac,650,1,Toy and movable books
http://id.loc.gov/authorities/childrensSubjects/sj2021050019.,http://id.loc.gov/authorities/childrensSubjects/sj2021050019.,lcshac,650,1,Fables
http://id.loc.gov/authorities/childrensSubjects/sj2021050020.,http://id.loc.gov/authorities/childrensSubjects/sj2021050020.,lcshac,650,1,Fairy tales
http://id.loc.gov/authorities/childrensSubjects/sj2021050040.,http://id.loc.gov/authorities/childrensSubjects/sj2021050040.,lcshac,650,1,Lullabies
http://id.loc.gov/authorities/childrensSubjects/sj2021050251.,http://id.loc.gov/authorities/childrensSubjects/sj2021050251.,lcshac,650,1,Picture puzzles
http://id.loc.gov/authorities/childrensSubjects/sj2021050315.,http://id.loc.gov/authorities/childrensSubjects/sj2021050315.,lcshac,650,1,Maze puzzles
http://id.loc.gov/authorities/childrensSubjects/sj2021051099.,http://id.loc.gov/authorities/childrensSubjects/sj2021051099.,lcshac,650,1,Pop-up books
http://id.loc.gov/authorities/childrensSubjects/sj96005274.,http://id.loc.gov/authorities/childrensSubjects/sj96005274.,lcshac,650,1,Counting
http://id.loc.gov/authorities/childrensSubjects/sj96005532.,http://id.loc.gov/authorities/childrensSubjects/sj96005532.,lcshac,650,1,Folklore
http://id.loc.gov/authorities/childrensSubjects/sj96005899.,http://id.loc.gov/authorities/childrensSubjects/sj96005899.,lcshac,650,1,Literary recreations
http://id.loc.gov/authorities/names/n79041717,http://id.loc.gov/authorities/names/n79041717,,651,1,California
http://id.loc.gov/authorities/names/n79106326,http://id.loc.gov/authorities/names/n79106326,,651,1,Karachi (Pakistan)
http://id.loc.gov/authorities/names/n79128015,http://id.loc.gov/authorities/names/n79128015,,651,1,Brazil
http://id.loc.gov/authorities/names/n96100371,http://id.loc.gov/authorities/names/n96100371,,651,1,San Jerónimo Amanalco (Mexico)
http://id.loc.gov/authorities/names/no2024012546,http://id.loc.gov/authorities/names/no2024012546,,651,1,Cayuga Nation
http://id.loc.gov/authorities/subjects/sh00000143.,http://id.loc.gov/authorities/subjects/sh00000143.,lcsh,650,1,Site-specific art
http://id.loc.gov/authorities/subjects/sh00001055.,http://id.loc.gov/authorities/subjects/sh00001055.,lcsh,650,1,Computer fonts -- Specimens
http://id.loc.gov/authorities/subjects/sh00003491.,http://id.loc.gov/authorities/subjects/sh00003491.,lcsh,650,1,Ecosystem health
http://id.loc.gov/authorities/subjects/sh00004907.,http://id.loc.gov/authorities/subjects/sh00004907.,lcsh,650,1,Subways in art
http://id.loc.gov/authorities/subjects/sh00006549.,http://id.loc.gov/authorities/subjects/sh00006549.,lcsh,650,1,Gay men -- Relations with heterosexuals
http://id.loc.gov/authorities/subjects/sh00007370.,http://id.loc.gov/authorities/subjects/sh00007370.,lcsh,650,1,Schizophrenia in art
http://id.loc.gov/authorities/subjects/sh00008481.,http://id.loc.gov/authorities/subjects/sh00008481.,lcsh,650,1,"Decoration and ornament -- Themes, motives"
http://id.loc.gov/authorities/subjects/sh00009270.,http://id.loc.gov/authorities/subjects/sh00009270.,lcsh,650,1,Lesbians -- Relations with heterosexuals
http://id.loc.gov/authorities/subjects/sh2001000147,http://id.loc.gov/authorities/subjects/sh2001000147,lcsh,650,1,"September 11 Terrorist Attacks, 2001"
http://id.loc.gov/authorities/subjects/sh2001000147.,http://id.loc.gov/authorities/subjects/sh2001000147.,lcsh,650,1,"September 11 Terrorist Attacks, 2001"
http://id.loc.gov/authorities/subjects/sh2001006038.,http://id.loc.gov/authorities/subjects/sh2001006038.,lcsh,650,1,Breast cancer in art
http://id.loc.gov/authorities/subjects/sh2001006039.,http://id.loc.gov/authorities/subjects/sh2001006039.,lcsh,650,1,Cancer in art
http://id.loc.gov/authorities/subjects/sh2001006436.,http://id.loc.gov/authorities/subjects/sh2001006436.,lcsh,650,1,Staged photography
http://id.loc.gov/authorities/subjects/sh2001008552.,http://id.loc.gov/authorities/subjects/sh2001008552.,lcsh,650,1,Plantations in art
http://id.loc.gov/authorities/subjects/sh2001010404.,http://id.loc.gov/authorities/subjects/sh2001010404.,lcsh,650,1,"Art, Papua New Guinean"
http://id.loc.gov/authorities/subjects/sh2002000168.,http://id.loc.gov/authorities/subjects/sh2002000168.,lcsh,650,1,Body image in art
http://id.loc.gov/authorities/subjects/sh2002000616.,http://id.loc.gov/authorities/subjects/sh2002000616.,lcsh,650,1,Photobooths
http://id.loc.gov/authorities/subjects/sh2002000807,http://id.loc.gov/authorities/subjects/sh2002000807,lcsh,650,1,Art museums -- Exhibitions
http://id.loc.gov/authorities/subjects/sh2002000825.,http://id.loc.gov/authorities/subjects/sh2002000825.,lcsh,650,1,Fathers and sons in art
http://id.loc.gov/authorities/subjects/sh2002000955.,http://id.loc.gov/authorities/subjects/sh2002000955.,lcsh,650,1,Archaeology in art
http://id.loc.gov/authorities/subjects/sh2002004119,http://id.loc.gov/authorities/subjects/sh2002004119,lcsh,650,1,Women -- Humor
http://id.loc.gov/authorities/subjects/sh2002004688.,http://id.loc.gov/authorities/subjects/sh2002004688.,lcsh,650,1,AIDS (Disease) and art
http://id.loc.gov/authorities/subjects/sh2002007137.,http://id.loc.gov/authorities/subjects/sh2002007137.,lcsh,650,1,"September 11 Terrorist Attacks, 2001 -- Anniversaries, etc"
http://id.loc.gov/authorities/subjects/sh2002008709.,http://id.loc.gov/authorities/subjects/sh2002008709.,lcsh,650,1,Skin in art
http://id.loc.gov/authorities/subjects/sh2002010501.,http://id.loc.gov/authorities/subjects/sh2002010501.,lcsh,650,1,Cabinets of curiosities
http://id.loc.gov/authorities/subjects/sh2003000224.,http://id.loc.gov/authorities/subjects/sh2003000224.,lcsh,650,1,Nuns in art
http://id.loc.gov/authorities/subjects/sh2003001102.,http://id.loc.gov/authorities/subjects/sh2003001102.,lcsh,650,1,Television and art
http://id.loc.gov/authorities/subjects/sh2003001971.,http://id.loc.gov/authorities/subjects/sh2003001971.,lcsh,650,1,Racism in museum exhibits
http://id.loc.gov/authorities/subjects/sh2003003059.,http://id.loc.gov/authorities/subjects/sh2003003059.,lcsh,650,1,"Iraq War, 2003-2011"
http://id.loc.gov/authorities/subjects/sh2003005898.,http://id.loc.gov/authorities/subjects/sh2003005898.,lcsh,650,1,Photography of the blind
http://id.loc.gov/authorities/subjects/sh2003006307.,http://id.loc.gov/authorities/subjects/sh2003006307.,lcsh,650,1,Marginalia in art
http://id.loc.gov/authorities/subjects/sh2003006467.,http://id.loc.gov/authorities/subjects/sh2003006467.,lcsh,650,1,DNA data banks
http://id.loc.gov/authorities/subjects/sh2003008663.,http://id.loc.gov/authorities/subjects/sh2003008663.,lcsh,650,1,Web sites in art
http://id.loc.gov/authorities/subjects/sh2003010713.,http://id.loc.gov/authorities/subjects/sh2003010713.,lcsh,650,1,Voyeurism in art
http://id.loc.gov/authorities/subjects/sh2003011086,http://id.loc.gov/authorities/subjects/sh2003011086,lcsh,650,1,"Visual poetry, English"
http://id.loc.gov/authorities/subjects/sh2003011397.,http://id.loc.gov/authorities/subjects/sh2003011397.,lcsh,650,1,Poetry and the Internet
http://id.loc.gov/authorities/subjects/sh2004000615.,http://id.loc.gov/authorities/subjects/sh2004000615.,lcsh,650,1,Kites in art
http://id.loc.gov/authorities/subjects/sh2004003291,http://id.loc.gov/authorities/subjects/sh2004003291,lcsh,650,1,Black humor in art
http://id.loc.gov/authorities/subjects/sh2004003786.,http://id.loc.gov/authorities/subjects/sh2004003786.,lcsh,650,1,"Art, Cuban -- 20th century"
http://id.loc.gov/authorities/subjects/sh2004006086.,http://id.loc.gov/authorities/subjects/sh2004006086.,lcsh,650,1,Architecture -- History
http://id.loc.gov/authorities/subjects/sh2004007415.,http://id.loc.gov/authorities/subjects/sh2004007415.,lcsh,650,1,"Wood-engraving, Tibetan"
http://id.loc.gov/authorities/subjects/sh2004014504.,http://id.loc.gov/authorities/subjects/sh2004014504.,lcsh,650,1,Self-reliant living
http://id.loc.gov/authorities/subjects/sh2005001287.,http://id.loc.gov/authorities/subjects/sh2005001287.,lcsh,650,1,Intimacy (Psychology) in art
http://id.loc.gov/authorities/subjects/sh2005001363.,http://id.loc.gov/authorities/subjects/sh2005001363.,lcsh,650,1,"Art, German -- 21st century"
http://id.loc.gov/authorities/subjects/sh2005002478.,http://id.loc.gov/authorities/subjects/sh2005002478.,lcsh,650,1,Nicotine addiction
http://id.loc.gov/authorities/subjects/sh2005002957.,http://id.loc.gov/authorities/subjects/sh2005002957.,lcsh,650,1,Motorcycles in art
http://id.loc.gov/authorities/subjects/sh2005004886.,http://id.loc.gov/authorities/subjects/sh2005004886.,,651,1,Grand Canyon National Park (Ariz.)
http://id.loc.gov/authorities/subjects/sh2005007475.,http://id.loc.gov/authorities/subjects/sh2005007475.,lcsh,650,1,Service stations in art
http://id.loc.gov/authorities/subjects/sh2005008058.,http://id.loc.gov/authorities/subjects/sh2005008058.,lcsh,650,1,Sand dunes in art
http://id.loc.gov/authorities/subjects/sh2006004255.,http://id.loc.gov/authorities/subjects/sh2006004255.,lcsh,650,1,Sexual freedom
http://id.loc.gov/authorities/subjects/sh2006005409.,http://id.loc.gov/authorities/subjects/sh2006005409.,lcsh,650,1,Grids (Crisscross patterns) in art
http://id.loc.gov/authorities/subjects/sh2006005978.,http://id.loc.gov/authorities/subjects/sh2006005978.,lcsh,650,1,Cultural geography
http://id.loc.gov/authorities/subjects/sh2006007023.,http://id.loc.gov/authorities/subjects/sh2006007023.,lcsh,650,1,Social media
http://id.loc.gov/authorities/subjects/sh2006007605.,http://id.loc.gov/authorities/subjects/sh2006007605.,lcsh,650,1,Language and languages in art
http://id.loc.gov/authorities/subjects/sh2006007630.,http://id.loc.gov/authorities/subjects/sh2006007630.,lcsh,650,1,Art and computers
http://id.loc.gov/authorities/subjects/sh2006007938,http://id.loc.gov/authorities/subjects/sh2006007938,lcsh,650,1,Race in art
http://id.loc.gov/authorities/subjects/sh2006009091.,http://id.loc.gov/authorities/subjects/sh2006009091.,lcsh,650,1,Photobooks
http://id.loc.gov/authorities/subjects/sh2007001582,http://id.loc.gov/authorities/subjects/sh2007001582,lcsh,650,1,Beans in art
http://id.loc.gov/authorities/subjects/sh2007002506.,http://id.loc.gov/authorities/subjects/sh2007002506.,lcsh,650,1,Mental illness in art
http://id.loc.gov/authorities/subjects/sh2007003708.,http://id.loc.gov/authorities/subjects/sh2007003708.,lcsh,650,1,Transgender people
http://id.loc.gov/authorities/subjects/sh2007003735.,http://id.loc.gov/authorities/subjects/sh2007003735.,lcsh,650,1,Transgender people's writings
http://id.loc.gov/authorities/subjects/sh2007004137.,http://id.loc.gov/authorities/subjects/sh2007004137.,lcsh,650,1,Tanks (Military science) in art
http://id.loc.gov/authorities/subjects/sh2007005095.,http://id.loc.gov/authorities/subjects/sh2007005095.,lcsh,650,1,Transgender people -- Identity
http://id.loc.gov/authorities/subjects/sh2007005510.,http://id.loc.gov/authorities/subjects/sh2007005510.,lcsh,650,1,Worms in art
http://id.loc.gov/authorities/subjects/sh2007007371.,http://id.loc.gov/authorities/subjects/sh2007007371.,lcsh,650,1,iPhone (Smartphone)
http://id.loc.gov/authorities/subjects/sh2007010651.,http://id.loc.gov/authorities/subjects/sh2007010651.,lcsh,650,1,Extraordinary rendition
http://id.loc.gov/authorities/subjects/sh2007010851.,http://id.loc.gov/authorities/subjects/sh2007010851.,lcsh,650,1,Intermediality
http://id.loc.gov/authorities/subjects/sh2007010924.,http://id.loc.gov/authorities/subjects/sh2007010924.,lcsh,650,1,"Hurricane Katrina, 2005, in art"
http://id.loc.gov/authorities/subjects/sh2007100003.,http://id.loc.gov/authorities/subjects/sh2007100003.,,651,1,United States -- Social life and customs -- Fiction
http://id.loc.gov/authorities/subjects/sh2007100013.,http://id.loc.gov/authorities/subjects/sh2007100013.,,651,1,United States -- Relations -- Latin America
http://id.loc.gov/authorities/subjects/sh2007100202.,http://id.loc.gov/authorities/subjects/sh2007100202.,lcsh,650,1,African Americans -- Poetry
http://id.loc.gov/authorities/subjects/sh2007100313.,http://id.loc.gov/authorities/subjects/sh2007100313.,,651,1,Mexico -- Pictorial works
http://id.loc.gov/authorities/subjects/sh2007100768,http://id.loc.gov/authorities/subjects/sh2007100768,lcsh,650,1,American poetry -- 21st century
http://id.loc.gov/authorities/subjects/sh2007100928.,http://id.loc.gov/authorities/subjects/sh2007100928.,lcsh,650,1,AIDS (Disease) -- Patients -- United States -- Biography
http://id.loc.gov/authorities/subjects/sh2007101018.,http://id.loc.gov/authorities/subjects/sh2007101018.,lcsh,650,1,Alphabet books -- Juvenile literature
http://id.loc.gov/authorities/subjects/sh2007101019.,http://id.loc.gov/authorities/subjects/sh2007101019.,lcsh,650,1,Art -- Juvenile literature
http://id.loc.gov/authorities/subjects/sh2007101031.,http://id.loc.gov/authorities/subjects/sh2007101031.,lcsh,650,1,American prose literature -- 20th century
http://id.loc.gov/authorities/subjects/sh2007101130.,http://id.loc.gov/authorities/subjects/sh2007101130.,lcsh,650,1,Animal welfare -- Fiction
http://id.loc.gov/authorities/subjects/sh2007101134.,http://id.loc.gov/authorities/subjects/sh2007101134.,lcsh,650,1,Animals in art -- Exhibitions
http://id.loc.gov/authorities/subjects/sh2007101285.,http://id.loc.gov/authorities/subjects/sh2007101285.,lcsh,650,1,Architecture -- Philosophy
http://id.loc.gov/authorities/subjects/sh2007101337.,http://id.loc.gov/authorities/subjects/sh2007101337.,lcsh,650,1,Argentine literature -- 20th century
http://id.loc.gov/authorities/subjects/sh2007101354.,http://id.loc.gov/authorities/subjects/sh2007101354.,lcsh,650,1,Art -- Periodicals
http://id.loc.gov/authorities/subjects/sh2007101370.,http://id.loc.gov/authorities/subjects/sh2007101370.,lcsh,650,1,"Art, Modern -- 21st century -- Exhibitions"
http://id.loc.gov/authorities/subjects/sh2007101376,http://id.loc.gov/authorities/subjects/sh2007101376,lcsh,650,1,"Art, American -- 20th century -- Exhibitions"
http://id.loc.gov/authorities/subjects/sh2007101378.,http://id.loc.gov/authorities/subjects/sh2007101378.,lcsh,650,1,"Art, American -- 20th century -- Catalogs"
http://id.loc.gov/authorities/subjects/sh2007101386,http://id.loc.gov/authorities/subjects/sh2007101386,lcsh,650,1,"Art, American -- Exhibitions"
http://id.loc.gov/authorities/subjects/sh2007101408.,http://id.loc.gov/authorities/subjects/sh2007101408.,lcsh,650,1,"Art, British -- 20th century -- Exhibitions"
http://id.loc.gov/authorities/subjects/sh2007101434,http://id.loc.gov/authorities/subjects/sh2007101434,lcsh,650,1,"Art, Russian -- 20th century -- Exhibitions"
http://id.loc.gov/authorities/subjects/sh2007101460,http://id.loc.gov/authorities/subjects/sh2007101460,lcsh,650,1,Artists' books -- Exhibitions
http://id.loc.gov/authorities/subjects/sh2007101490.,http://id.loc.gov/authorities/subjects/sh2007101490.,lcsh,650,1,Artists -- England -- Biography
http://id.loc.gov/authorities/subjects/sh2007101506,http://id.loc.gov/authorities/subjects/sh2007101506,lcsh,650,1,Artists -- Portraits
http://id.loc.gov/authorities/subjects/sh2007101506.,http://id.loc.gov/authorities/subjects/sh2007101506.,lcsh,650,1,Artists -- Portraits
http://id.loc.gov/authorities/subjects/sh2007101521,http://id.loc.gov/authorities/subjects/sh2007101521,lcsh,650,1,"Arts, Modern -- 20th century -- Periodicals"
http://id.loc.gov/authorities/subjects/sh2007101755.,http://id.loc.gov/authorities/subjects/sh2007101755.,lcsh,650,1,Automobiles -- Pictorial works
http://id.loc.gov/authorities/subjects/sh2007101907.,http://id.loc.gov/authorities/subjects/sh2007101907.,lcsh,650,1,Boys -- Fiction
http://id.loc.gov/authorities/subjects/sh2007101924.,http://id.loc.gov/authorities/subjects/sh2007101924.,lcsh,650,1,Beats (Persons) -- Fiction
http://id.loc.gov/authorities/subjects/sh2007102086.,http://id.loc.gov/authorities/subjects/sh2007102086.,lcsh,650,1,"Bookbinding -- Handbooks, manuals, etc"
http://id.loc.gov/authorities/subjects/sh2007102150.,http://id.loc.gov/authorities/subjects/sh2007102150.,lcsh,650,1,Breast -- Cancer -- Patients -- United States -- Biography
http://id.loc.gov/authorities/subjects/sh2008003690.,http://id.loc.gov/authorities/subjects/sh2008003690.,lcsh,650,1,Artists as art critics
http://id.loc.gov/authorities/subjects/sh2008005503.,http://id.loc.gov/authorities/subjects/sh2008005503.,lcsh,650,1,Archives in art
http://id.loc.gov/authorities/subjects/sh2008005873.,http://id.loc.gov/authorities/subjects/sh2008005873.,lcsh,650,1,Superheroes in art
http://id.loc.gov/authorities/subjects/sh2008006638.,http://id.loc.gov/authorities/subjects/sh2008006638.,lcsh,650,1,Web browsing
http://id.loc.gov/authorities/subjects/sh2008100104.,http://id.loc.gov/authorities/subjects/sh2008100104.,lcsh,650,1,Capitalism -- Social aspects
http://id.loc.gov/authorities/subjects/sh2008100490.,http://id.loc.gov/authorities/subjects/sh2008100490.,lcsh,650,1,Children of divorced parents -- Fiction
http://id.loc.gov/authorities/subjects/sh2008100753.,http://id.loc.gov/authorities/subjects/sh2008100753.,lcsh,650,1,Counting -- Juvenile literature
http://id.loc.gov/authorities/subjects/sh2008101159.,http://id.loc.gov/authorities/subjects/sh2008101159.,lcsh,650,1,Coffee industry -- Colombia
http://id.loc.gov/authorities/subjects/sh2008101311.,http://id.loc.gov/authorities/subjects/sh2008101311.,lcsh,650,1,Communication -- Philosophy
http://id.loc.gov/authorities/subjects/sh2008101518,http://id.loc.gov/authorities/subjects/sh2008101518,lcsh,650,1,Conceptual art -- Exhibitions
http://id.loc.gov/authorities/subjects/sh2008101519,http://id.loc.gov/authorities/subjects/sh2008101519,lcsh,650,1,Conceptual art -- United States -- Exhibitions
http://id.loc.gov/authorities/subjects/sh2008102051.,http://id.loc.gov/authorities/subjects/sh2008102051.,lcsh,650,1,Dogs -- Fiction
http://id.loc.gov/authorities/subjects/sh2008102071,http://id.loc.gov/authorities/subjects/sh2008102071,lcsh,650,1,Death in art -- Exhibitions
http://id.loc.gov/authorities/subjects/sh2008102512.,http://id.loc.gov/authorities/subjects/sh2008102512.,lcsh,650,1,Electronic surveillance -- United States
http://id.loc.gov/authorities/subjects/sh2008102641,http://id.loc.gov/authorities/subjects/sh2008102641,lcsh,650,1,Electronic data processing -- Periodicals
http://id.loc.gov/authorities/subjects/sh2008103036.,http://id.loc.gov/authorities/subjects/sh2008103036.,lcsh,650,1,English language -- Alphabet -- Juvenile literature
http://id.loc.gov/authorities/subjects/sh2008103511.,http://id.loc.gov/authorities/subjects/sh2008103511.,lcsh,650,1,Fathers and sons -- Fiction
http://id.loc.gov/authorities/subjects/sh2008103595,http://id.loc.gov/authorities/subjects/sh2008103595,lcsh,650,1,Fashion -- Periodicals
http://id.loc.gov/authorities/subjects/sh2008103984.,http://id.loc.gov/authorities/subjects/sh2008103984.,lcsh,650,1,Food habits -- History
http://id.loc.gov/authorities/subjects/sh2008104221.,http://id.loc.gov/authorities/subjects/sh2008104221.,lcsh,650,1,Futurism (Art) -- Italy
http://id.loc.gov/authorities/subjects/sh2008104395.,http://id.loc.gov/authorities/subjects/sh2008104395.,lcsh,650,1,Indians of Mexico -- Mexico -- Chiapas -- Government relations
http://id.loc.gov/authorities/subjects/sh2008104689.,http://id.loc.gov/authorities/subjects/sh2008104689.,lcsh,650,1,Insects -- Pictorial works
http://id.loc.gov/authorities/subjects/sh2008104693.,http://id.loc.gov/authorities/subjects/sh2008104693.,lcsh,650,1,Installations (Art) -- Germany -- Exhibitions
http://id.loc.gov/authorities/subjects/sh2008104694.,http://id.loc.gov/authorities/subjects/sh2008104694.,lcsh,650,1,Installations (Art) -- United States -- Exhibitions
http://id.loc.gov/authorities/subjects/sh2008105051.,http://id.loc.gov/authorities/subjects/sh2008105051.,lcsh,650,1,Gardens -- Pictorial works
http://id.loc.gov/authorities/subjects/sh2008105069.,http://id.loc.gov/authorities/subjects/sh2008105069.,lcsh,650,1,Gay men -- Poetry
http://id.loc.gov/authorities/subjects/sh2008105071.,http://id.loc.gov/authorities/subjects/sh2008105071.,lcsh,650,1,Gay men -- United States -- Biography
http://id.loc.gov/authorities/subjects/sh2008105655.,http://id.loc.gov/authorities/subjects/sh2008105655.,lcsh,650,1,Historians -- Great Britain -- Biography
http://id.loc.gov/authorities/subjects/sh2008105720.,http://id.loc.gov/authorities/subjects/sh2008105720.,lcsh,650,1,Holocaust survivors -- Biography
http://id.loc.gov/authorities/subjects/sh2008105781.,http://id.loc.gov/authorities/subjects/sh2008105781.,lcsh,650,1,Human-animal relationships -- Fiction
http://id.loc.gov/authorities/subjects/sh2008105843.,http://id.loc.gov/authorities/subjects/sh2008105843.,lcsh,650,1,Human anatomy -- Early works to 1800
http://id.loc.gov/authorities/subjects/sh2008106187.,http://id.loc.gov/authorities/subjects/sh2008106187.,lcsh,650,1,Journalists -- Canada -- Biography
http://id.loc.gov/authorities/subjects/sh2008106192.,http://id.loc.gov/authorities/subjects/sh2008106192.,lcsh,650,1,Journalists -- Great Britain -- Biography
http://id.loc.gov/authorities/subjects/sh2008106626.,http://id.loc.gov/authorities/subjects/sh2008106626.,lcsh,650,1,Landscapes in art -- Exhibitions
http://id.loc.gov/authorities/subjects/sh2008106968.,http://id.loc.gov/authorities/subjects/sh2008106968.,lcsh,650,1,Life change events -- Fiction
http://id.loc.gov/authorities/subjects/sh2008107217.,http://id.loc.gov/authorities/subjects/sh2008107217.,lcsh,650,1,Mexican Americans -- Fiction
http://id.loc.gov/authorities/subjects/sh2008107231.,http://id.loc.gov/authorities/subjects/sh2008107231.,lcsh,650,1,Mothers and sons -- Fiction
http://id.loc.gov/authorities/subjects/sh2008107384.,http://id.loc.gov/authorities/subjects/sh2008107384.,lcsh,650,1,Music -- Manuscripts -- Facsimiles
http://id.loc.gov/authorities/subjects/sh2008107463.,http://id.loc.gov/authorities/subjects/sh2008107463.,lcsh,650,1,Mothers -- Psychology
http://id.loc.gov/authorities/subjects/sh2008107465.,http://id.loc.gov/authorities/subjects/sh2008107465.,,651,1,Maryland -- Fiction
http://id.loc.gov/authorities/subjects/sh2008107964.,http://id.loc.gov/authorities/subjects/sh2008107964.,lcsh,650,1,Motherhood -- Psychological aspects
http://id.loc.gov/authorities/subjects/sh2008107990.,http://id.loc.gov/authorities/subjects/sh2008107990.,lcsh,650,1,Motion picture actors and actresses -- Portraits
http://id.loc.gov/authorities/subjects/sh2008108056,http://id.loc.gov/authorities/subjects/sh2008108056,lcsh,650,1,Mummies -- Egypt
http://id.loc.gov/authorities/subjects/sh2008108172.,http://id.loc.gov/authorities/subjects/sh2008108172.,lcsh,650,1,"Mythology, Greek -- Poetry"
http://id.loc.gov/authorities/subjects/sh2008108176.,http://id.loc.gov/authorities/subjects/sh2008108176.,lcsh,650,1,Nahuatl language -- Texts
http://id.loc.gov/authorities/subjects/sh2008108346.,http://id.loc.gov/authorities/subjects/sh2008108346.,lcsh,650,1,Nature (Aesthetics) -- Exhibitions
http://id.loc.gov/authorities/subjects/sh2008108356.,http://id.loc.gov/authorities/subjects/sh2008108356.,lcsh,650,1,Navajo Indians -- Fiction
http://id.loc.gov/authorities/subjects/sh2008108376.,http://id.loc.gov/authorities/subjects/sh2008108376.,,651,1,North Carolina -- Fiction
http://id.loc.gov/authorities/subjects/sh2008108377.,http://id.loc.gov/authorities/subjects/sh2008108377.,,651,1,New York (N.Y.) -- Fiction
http://id.loc.gov/authorities/subjects/sh2008108726.,http://id.loc.gov/authorities/subjects/sh2008108726.,lcsh,650,1,Orphans -- Juvenile fiction
http://id.loc.gov/authorities/subjects/sh2008109245.,http://id.loc.gov/authorities/subjects/sh2008109245.,lcsh,650,1,Philosophy -- Miscellanea
http://id.loc.gov/authorities/subjects/sh2008109260.,http://id.loc.gov/authorities/subjects/sh2008109260.,lcsh,650,1,Photography -- History
http://id.loc.gov/authorities/subjects/sh2008109273.,http://id.loc.gov/authorities/subjects/sh2008109273.,lcsh,650,1,Photomontage -- Exhibitions
http://id.loc.gov/authorities/subjects/sh2008109358.,http://id.loc.gov/authorities/subjects/sh2008109358.,lcsh,650,1,Picture puzzles -- Juvenile literature
http://id.loc.gov/authorities/subjects/sh2008109395.,http://id.loc.gov/authorities/subjects/sh2008109395.,lcsh,650,1,Political leadership -- United States
http://id.loc.gov/authorities/subjects/sh2008110005.,http://id.loc.gov/authorities/subjects/sh2008110005.,lcsh,650,1,Printing -- United States
http://id.loc.gov/authorities/subjects/sh2008111382.,http://id.loc.gov/authorities/subjects/sh2008111382.,lcsh,650,1,Sick children -- Fiction
http://id.loc.gov/authorities/subjects/sh2008111392.,http://id.loc.gov/authorities/subjects/sh2008111392.,lcsh,650,1,"Sculpture, Modern -- 20th century -- Exhibitions"
http://id.loc.gov/authorities/subjects/sh2008111545.,http://id.loc.gov/authorities/subjects/sh2008111545.,,651,1,Sydney (N.S.W.) -- Fiction
http://id.loc.gov/authorities/subjects/sh2008111589.,http://id.loc.gov/authorities/subjects/sh2008111589.,lcsh,650,1,Sex -- Humor
http://id.loc.gov/authorities/subjects/sh2008111633.,http://id.loc.gov/authorities/subjects/sh2008111633.,lcsh,650,1,Submarines (Ships) -- Fiction
http://id.loc.gov/authorities/subjects/sh2008111710.,http://id.loc.gov/authorities/subjects/sh2008111710.,lcsh,650,1,Slave trade -- Africa
http://id.loc.gov/authorities/subjects/sh2008111765.,http://id.loc.gov/authorities/subjects/sh2008111765.,lcsh,650,1,"Spanish language -- Glossaries, vocabularies, etc"
http://id.loc.gov/authorities/subjects/sh2008112225.,http://id.loc.gov/authorities/subjects/sh2008112225.,lcsh,650,1,Stars -- Folklore
http://id.loc.gov/authorities/subjects/sh2008112612.,http://id.loc.gov/authorities/subjects/sh2008112612.,lcsh,650,1,Teenage girls -- Fiction
http://id.loc.gov/authorities/subjects/sh2008112703.,http://id.loc.gov/authorities/subjects/sh2008112703.,lcsh,650,1,Traffic accident victims -- Fiction
http://id.loc.gov/authorities/subjects/sh2008113158.,http://id.loc.gov/authorities/subjects/sh2008113158.,lcsh,650,1,Utopias -- Fiction
http://id.loc.gov/authorities/subjects/sh2008113310,http://id.loc.gov/authorities/subjects/sh2008113310,lcsh,650,1,Voting -- United States
http://id.loc.gov/authorities/subjects/sh2008113315.,http://id.loc.gov/authorities/subjects/sh2008113315.,lcsh,650,1,Voyages and travels -- Juvenile literature
http://id.loc.gov/authorities/subjects/sh2008113565.,http://id.loc.gov/authorities/subjects/sh2008113565.,lcsh,650,1,Women -- United States -- Social conditions
http://id.loc.gov/authorities/subjects/sh2008113626,http://id.loc.gov/authorities/subjects/sh2008113626,lcsh,650,1,Women -- Caricatures and cartoons
http://id.loc.gov/authorities/subjects/sh2008113677.,http://id.loc.gov/authorities/subjects/sh2008113677.,lcsh,650,1,Work and family -- United States
http://id.loc.gov/authorities/subjects/sh2008113876.,http://id.loc.gov/authorities/subjects/sh2008113876.,lcsh,650,1,"World War, 1939-1945 -- Registers of dead -- United States"
http://id.loc.gov/authorities/subjects/sh2008113910.,http://id.loc.gov/authorities/subjects/sh2008113910.,lcsh,650,1,"World War, 1939-1945 -- Asia"
http://id.loc.gov/authorities/subjects/sh2008114395.,http://id.loc.gov/authorities/subjects/sh2008114395.,,651,1,Belgium -- Maps
http://id.loc.gov/authorities/subjects/sh2008114411,http://id.loc.gov/authorities/subjects/sh2008114411,,651,1,"Berlin (Germany) -- Buildings, structures, etc"
http://id.loc.gov/authorities/subjects/sh2008114414.,http://id.loc.gov/authorities/subjects/sh2008114414.,,651,1,Berlin (Germany) -- Pictorial works
http://id.loc.gov/authorities/subjects/sh2008115138.,http://id.loc.gov/authorities/subjects/sh2008115138.,,651,1,Georgia (Republic) -- Ethnic relations
http://id.loc.gov/authorities/subjects/sh2008115428,http://id.loc.gov/authorities/subjects/sh2008115428,,651,1,India -- Pictorial works
http://id.loc.gov/authorities/subjects/sh2008115597.,http://id.loc.gov/authorities/subjects/sh2008115597.,,651,1,Jammu and Kashmir (India) -- Politics and government
http://id.loc.gov/authorities/subjects/sh2008115852.,http://id.loc.gov/authorities/subjects/sh2008115852.,,651,1,Mexico City (Mexico) -- Social conditions
http://id.loc.gov/authorities/subjects/sh2008116017.,http://id.loc.gov/authorities/subjects/sh2008116017.,,651,1,Latin America -- Relations -- United States
http://id.loc.gov/authorities/subjects/sh2008116077.,http://id.loc.gov/authorities/subjects/sh2008116077.,,651,1,Los Angeles (Calif.) -- Social conditions
http://id.loc.gov/authorities/subjects/sh2008116322,http://id.loc.gov/authorities/subjects/sh2008116322,,651,1,New York (N.Y.) -- Pictorial works
http://id.loc.gov/authorities/subjects/sh2008117051.,http://id.loc.gov/authorities/subjects/sh2008117051.,,651,1,"Southwest, New -- Pictorial works"
http://id.loc.gov/authorities/subjects/sh2008117352.,http://id.loc.gov/authorities/subjects/sh2008117352.,lcsh,650,1,Upside-down books -- Specimens
http://id.loc.gov/authorities/subjects/sh2008117714.,http://id.loc.gov/authorities/subjects/sh2008117714.,lcsh,650,1,Communication -- History
http://id.loc.gov/authorities/subjects/sh2008118168.,http://id.loc.gov/authorities/subjects/sh2008118168.,lcsh,650,1,Gifts -- United States
http://id.loc.gov/authorities/subjects/sh2008118201.,http://id.loc.gov/authorities/subjects/sh2008118201.,lcsh,650,1,Globalization -- Economic aspects
http://id.loc.gov/authorities/subjects/sh2008118471.,http://id.loc.gov/authorities/subjects/sh2008118471.,lcsh,650,1,Guerrillas -- Bolivia
http://id.loc.gov/authorities/subjects/sh2008120890.,http://id.loc.gov/authorities/subjects/sh2008120890.,lcsh,650,1,Folklore -- Cuba
http://id.loc.gov/authorities/subjects/sh2008122830.,http://id.loc.gov/authorities/subjects/sh2008122830.,lcsh,650,1,Quechua Indians -- Religion
http://id.loc.gov/authorities/subjects/sh2008123009.,http://id.loc.gov/authorities/subjects/sh2008123009.,lcsh,650,1,Illumination of books and manuscripts -- Catalogs
http://id.loc.gov/authorities/subjects/sh2008123037.,http://id.loc.gov/authorities/subjects/sh2008123037.,lcsh,650,1,Imagination -- Juvenile fiction
http://id.loc.gov/authorities/subjects/sh2008123699,http://id.loc.gov/authorities/subjects/sh2008123699,lcsh,650,1,Information theory -- Periodicals
http://id.loc.gov/authorities/subjects/sh2009000728,http://id.loc.gov/authorities/subjects/sh2009000728,lcsh,650,1,Identity politics -- United States
http://id.loc.gov/authorities/subjects/sh2009001537.,http://id.loc.gov/authorities/subjects/sh2009001537.,lcsh,650,1,Demonstrations -- Mexico
http://id.loc.gov/authorities/subjects/sh2009003409.,http://id.loc.gov/authorities/subjects/sh2009003409.,,651,1,United States -- Politics and government -- 2009-2017
http://id.loc.gov/authorities/subjects/sh2009005103.,http://id.loc.gov/authorities/subjects/sh2009005103.,lcsh,650,1,Malware (Computer software)
http://id.loc.gov/authorities/subjects/sh2009005892.,http://id.loc.gov/authorities/subjects/sh2009005892.,lcsh,650,1,Quilts in art
http://id.loc.gov/authorities/subjects/sh2009007104.,http://id.loc.gov/authorities/subjects/sh2009007104.,lcsh,650,1,Separation (Psychology) in art
http://id.loc.gov/authorities/subjects/sh2009008905.,http://id.loc.gov/authorities/subjects/sh2009008905.,lcsh,650,1,Subconsciousness in art
http://id.loc.gov/authorities/subjects/sh2009103094.,http://id.loc.gov/authorities/subjects/sh2009103094.,lcsh,650,1,Human body -- Poetry
http://id.loc.gov/authorities/subjects/sh2009103111.,http://id.loc.gov/authorities/subjects/sh2009103111.,lcsh,650,1,Human body -- Terminology
http://id.loc.gov/authorities/subjects/sh2009113356.,http://id.loc.gov/authorities/subjects/sh2009113356.,lcsh,650,1,Abortion -- Psychological aspects
http://id.loc.gov/authorities/subjects/sh2009113916,http://id.loc.gov/authorities/subjects/sh2009113916,lcsh,650,1,Arts -- Political aspects
http://id.loc.gov/authorities/subjects/sh2009114058.,http://id.loc.gov/authorities/subjects/sh2009114058.,lcsh,650,1,African Americans -- Portraits
http://id.loc.gov/authorities/subjects/sh2009114729.,http://id.loc.gov/authorities/subjects/sh2009114729.,lcsh,650,1,Alphabet -- Juvenile literature
http://id.loc.gov/authorities/subjects/sh2009114743.,http://id.loc.gov/authorities/subjects/sh2009114743.,lcsh,650,1,Alzheimer's disease -- Patients -- Biography
http://id.loc.gov/authorities/subjects/sh2009115640,http://id.loc.gov/authorities/subjects/sh2009115640,lcsh,650,1,"Art, German -- 21st century -- Exhibitions"
http://id.loc.gov/authorities/subjects/sh2009115669.,http://id.loc.gov/authorities/subjects/sh2009115669.,lcsh,650,1,Artists' books -- France
http://id.loc.gov/authorities/subjects/sh2009115767.,http://id.loc.gov/authorities/subjects/sh2009115767.,lcsh,650,1,Art criticism -- History -- 20th century
http://id.loc.gov/authorities/subjects/sh2009115813.,http://id.loc.gov/authorities/subjects/sh2009115813.,lcsh,650,1,"Art, Modern -- 21st century -- Catalogs"
http://id.loc.gov/authorities/subjects/sh2009115876.,http://id.loc.gov/authorities/subjects/sh2009115876.,lcsh,650,1,"Art, Modern -- 21st century -- Periodicals"
http://id.loc.gov/authorities/subjects/sh2009115895.,http://id.loc.gov/authorities/subjects/sh2009115895.,lcsh,650,1,Art -- Philosophy -- History -- 20th century
http://id.loc.gov/authorities/subjects/sh2009115980.,http://id.loc.gov/authorities/subjects/sh2009115980.,lcsh,650,1,Artists' books -- United States -- Exhibitions
http://id.loc.gov/authorities/subjects/sh2009116332.,http://id.loc.gov/authorities/subjects/sh2009116332.,lcsh,650,1,Authors -- Quotations
http://id.loc.gov/authorities/subjects/sh2009116377.,http://id.loc.gov/authorities/subjects/sh2009116377.,lcsh,650,1,Authorship -- Philosophy
http://id.loc.gov/authorities/subjects/sh2009116949.,http://id.loc.gov/authorities/subjects/sh2009116949.,lcsh,650,1,"Berlin Wall, Berlin, Germany, 1961-1989 -- Pictorial works"
http://id.loc.gov/authorities/subjects/sh2009117403,http://id.loc.gov/authorities/subjects/sh2009117403,lcsh,650,1,Books -- Marketing
http://id.loc.gov/authorities/subjects/sh2009117403.,http://id.loc.gov/authorities/subjects/sh2009117403.,lcsh,650,1,Books -- Marketing
http://id.loc.gov/authorities/subjects/sh2009118136,http://id.loc.gov/authorities/subjects/sh2009118136,lcsh,650,1,Cactus -- Pictorial works
http://id.loc.gov/authorities/subjects/sh2009118136.,http://id.loc.gov/authorities/subjects/sh2009118136.,lcsh,650,1,Cactus -- Pictorial works
http://id.loc.gov/authorities/subjects/sh2009118257.,http://id.loc.gov/authorities/subjects/sh2009118257.,lcsh,650,1,Cancer -- United States -- Statistics
http://id.loc.gov/authorities/subjects/sh2009118588.,http://id.loc.gov/authorities/subjects/sh2009118588.,lcsh,650,1,Celebrities -- Quotations
http://id.loc.gov/authorities/subjects/sh2009118752.,http://id.loc.gov/authorities/subjects/sh2009118752.,lcsh,650,1,Censorship -- Fiction
http://id.loc.gov/authorities/subjects/sh2009118946.,http://id.loc.gov/authorities/subjects/sh2009118946.,lcsh,650,1,Child development -- Case studies
http://id.loc.gov/authorities/subjects/sh2009120581.,http://id.loc.gov/authorities/subjects/sh2009120581.,lcsh,650,1,Collage -- Exhibitions
http://id.loc.gov/authorities/subjects/sh2009122160.,http://id.loc.gov/authorities/subjects/sh2009122160.,lcsh,650,1,Courage -- Juvenile fiction
http://id.loc.gov/authorities/subjects/sh2009123237.,http://id.loc.gov/authorities/subjects/sh2009123237.,lcsh,650,1,Design -- Philosophy
http://id.loc.gov/authorities/subjects/sh2009123809.,http://id.loc.gov/authorities/subjects/sh2009123809.,lcsh,650,1,Dreams -- Juvenile fiction
http://id.loc.gov/authorities/subjects/sh2009124197.,http://id.loc.gov/authorities/subjects/sh2009124197.,lcsh,650,1,Feminism and art -- United States
http://id.loc.gov/authorities/subjects/sh2009125335,http://id.loc.gov/authorities/subjects/sh2009125335,lcsh,650,1,Food in art -- Exhibitions
http://id.loc.gov/authorities/subjects/sh2009125675.,http://id.loc.gov/authorities/subjects/sh2009125675.,lcsh,650,1,Gardening -- Pictorial works
http://id.loc.gov/authorities/subjects/sh2009126208.,http://id.loc.gov/authorities/subjects/sh2009126208.,lcsh,650,1,Hate groups -- United States
http://id.loc.gov/authorities/subjects/sh2009126752.,http://id.loc.gov/authorities/subjects/sh2009126752.,lcsh,650,1,Illustration of books -- France -- 20th century
http://id.loc.gov/authorities/subjects/sh2009128067.,http://id.loc.gov/authorities/subjects/sh2009128067.,lcsh,650,1,Kings and rulers -- Juvenile fiction
http://id.loc.gov/authorities/subjects/sh2009128788,http://id.loc.gov/authorities/subjects/sh2009128788,lcsh,650,1,Landscape photography -- United States
http://id.loc.gov/authorities/subjects/sh2009129879.,http://id.loc.gov/authorities/subjects/sh2009129879.,lcsh,650,1,Literary recreations -- Juvenile literature
http://id.loc.gov/authorities/subjects/sh2009129915,http://id.loc.gov/authorities/subjects/sh2009129915,,651,1,London (England) -- In art
http://id.loc.gov/authorities/subjects/sh2010008610.,http://id.loc.gov/authorities/subjects/sh2010008610.,lcsh,650,1,Art and graphology
http://id.loc.gov/authorities/subjects/sh2010012137.,http://id.loc.gov/authorities/subjects/sh2010012137.,lcsh,650,1,Vivisection in literature
http://id.loc.gov/authorities/subjects/sh2010012620.,http://id.loc.gov/authorities/subjects/sh2010012620.,lcsh,650,1,Karuk art
http://id.loc.gov/authorities/subjects/sh2010012629.,http://id.loc.gov/authorities/subjects/sh2010012629.,lcsh,650,1,Loss (Psychology) in art
http://id.loc.gov/authorities/subjects/sh2010100131.,http://id.loc.gov/authorities/subjects/sh2010100131.,lcsh,650,1,"Logic -- Problems, exercises, etc"
http://id.loc.gov/authorities/subjects/sh2010100368.,http://id.loc.gov/authorities/subjects/sh2010100368.,lcsh,650,1,Man-woman relationships -- Case studies
http://id.loc.gov/authorities/subjects/sh2010100374.,http://id.loc.gov/authorities/subjects/sh2010100374.,lcsh,650,1,Man-woman relationships -- Psychological aspects
http://id.loc.gov/authorities/subjects/sh2010100643.,http://id.loc.gov/authorities/subjects/sh2010100643.,lcsh,650,1,Marine animals -- Pictorial works
http://id.loc.gov/authorities/subjects/sh2010101438.,http://id.loc.gov/authorities/subjects/sh2010101438.,lcsh,650,1,Memory -- Social aspects -- United States
http://id.loc.gov/authorities/subjects/sh2010101440.,http://id.loc.gov/authorities/subjects/sh2010101440.,lcsh,650,1,Men -- Portraits
http://id.loc.gov/authorities/subjects/sh2010101731.,http://id.loc.gov/authorities/subjects/sh2010101731.,lcsh,650,1,Migraine -- Popular works
http://id.loc.gov/authorities/subjects/sh2010102430.,http://id.loc.gov/authorities/subjects/sh2010102430.,lcsh,650,1,Mothers -- Biography
http://id.loc.gov/authorities/subjects/sh2010102610.,http://id.loc.gov/authorities/subjects/sh2010102610.,lcsh,650,1,Mountains in art -- Exhibitions
http://id.loc.gov/authorities/subjects/sh2010103459.,http://id.loc.gov/authorities/subjects/sh2010103459.,,651,1,New York (State) -- Pictorial works
http://id.loc.gov/authorities/subjects/sh2010103980.,http://id.loc.gov/authorities/subjects/sh2010103980.,lcsh,650,1,Nuclear power plants -- Health aspects
http://id.loc.gov/authorities/subjects/sh2010105497,http://id.loc.gov/authorities/subjects/sh2010105497,lcsh,650,1,Performance art -- Exhibitions
http://id.loc.gov/authorities/subjects/sh2010105807.,http://id.loc.gov/authorities/subjects/sh2010105807.,lcsh,650,1,"Persian Gulf War, 1991 -- Personal narratives"
http://id.loc.gov/authorities/subjects/sh2010106285.,http://id.loc.gov/authorities/subjects/sh2010106285.,lcsh,650,1,Photography -- Mexico
http://id.loc.gov/authorities/subjects/sh2010107810.,http://id.loc.gov/authorities/subjects/sh2010107810.,lcsh,650,1,Post-traumatic stress disorder -- United States
http://id.loc.gov/authorities/subjects/sh2010107859.,http://id.loc.gov/authorities/subjects/sh2010107859.,lcsh,650,1,Postcards -- Collectors and collecting
http://id.loc.gov/authorities/subjects/sh2010108029.,http://id.loc.gov/authorities/subjects/sh2010108029.,lcsh,650,1,Pregnancy -- Pictorial works
http://id.loc.gov/authorities/subjects/sh2010108675.,http://id.loc.gov/authorities/subjects/sh2010108675.,lcsh,650,1,Prostitution -- Europe
http://id.loc.gov/authorities/subjects/sh2010109111,http://id.loc.gov/authorities/subjects/sh2010109111,lcsh,650,1,"Publishers and publishing -- Handbooks, manuals, etc"
http://id.loc.gov/authorities/subjects/sh2010112651,http://id.loc.gov/authorities/subjects/sh2010112651,lcsh,650,1,"September 11 Terrorist Attacks, 2001 -- Pictorial works"
http://id.loc.gov/authorities/subjects/sh2010112819.,http://id.loc.gov/authorities/subjects/sh2010112819.,lcsh,650,1,Sex discrimination against women -- India
http://id.loc.gov/authorities/subjects/sh2010112867.,http://id.loc.gov/authorities/subjects/sh2010112867.,lcsh,650,1,Sexual harassment -- United States
http://id.loc.gov/authorities/subjects/sh2010113271.,http://id.loc.gov/authorities/subjects/sh2010113271.,lcsh,650,1,Slavery -- United States -- Poetry
http://id.loc.gov/authorities/subjects/sh2010113613.,http://id.loc.gov/authorities/subjects/sh2010113613.,lcsh,650,1,Social movements -- Mexico -- History -- 20th century
http://id.loc.gov/authorities/subjects/sh2010114197.,http://id.loc.gov/authorities/subjects/sh2010114197.,lcsh,650,1,"Songs, Spanish -- Cuba"
http://id.loc.gov/authorities/subjects/sh2010114542,http://id.loc.gov/authorities/subjects/sh2010114542,lcsh,650,1,Sports in art -- Exhibitions
http://id.loc.gov/authorities/subjects/sh2010115155.,http://id.loc.gov/authorities/subjects/sh2010115155.,lcsh,650,1,"Survival -- Handbooks, manuals, etc"
http://id.loc.gov/authorities/subjects/sh2010117267.,http://id.loc.gov/authorities/subjects/sh2010117267.,lcsh,650,1,Tzotzil language -- Texts
http://id.loc.gov/authorities/subjects/sh2010117810.,http://id.loc.gov/authorities/subjects/sh2010117810.,lcsh,650,1,Video art -- United States -- Exhibitions
http://id.loc.gov/authorities/subjects/sh2010118172.,http://id.loc.gov/authorities/subjects/sh2010118172.,lcsh,650,1,War and society -- United States
http://id.loc.gov/authorities/subjects/sh2010118213.,http://id.loc.gov/authorities/subjects/sh2010118213.,lcsh,650,1,Women photographers -- United States -- Biography
http://id.loc.gov/authorities/subjects/sh2010118761,http://id.loc.gov/authorities/subjects/sh2010118761,lcsh,650,1,Women artists -- United States -- Exhibitions
http://id.loc.gov/authorities/subjects/sh2010118899.,http://id.loc.gov/authorities/subjects/sh2010118899.,lcsh,650,1,Women -- Employment -- Australia
http://id.loc.gov/authorities/subjects/sh2010118936.,http://id.loc.gov/authorities/subjects/sh2010118936.,lcsh,650,1,Women's rights -- Mexico
http://id.loc.gov/authorities/subjects/sh2010119307.,http://id.loc.gov/authorities/subjects/sh2010119307.,lcsh,650,1,Writing in art -- Exhibitions
http://id.loc.gov/authorities/subjects/sh2011000325.,http://id.loc.gov/authorities/subjects/sh2011000325.,lcsh,650,1,Invisibility
http://id.loc.gov/authorities/subjects/sh2011003638.,http://id.loc.gov/authorities/subjects/sh2011003638.,lcsh,650,1,Thought and thinking in art
http://id.loc.gov/authorities/subjects/sh2011004490.,http://id.loc.gov/authorities/subjects/sh2011004490.,,651,1,"Egypt -- History -- Protests, 2011-2013"
http://id.loc.gov/authorities/subjects/sh2012000115.,http://id.loc.gov/authorities/subjects/sh2012000115.,lcsh,650,1,Law and secrecy
http://id.loc.gov/authorities/subjects/sh2012000178.,http://id.loc.gov/authorities/subjects/sh2012000178.,lcsh,650,1,Social media in art
http://id.loc.gov/authorities/subjects/sh2012000484,http://id.loc.gov/authorities/subjects/sh2012000484,lcsh,650,1,"Recycling (Waste, etc.) in art"
http://id.loc.gov/authorities/subjects/sh2012000484.,http://id.loc.gov/authorities/subjects/sh2012000484.,lcsh,650,1,"Recycling (Waste, etc.) in art"
http://id.loc.gov/authorities/subjects/sh2012001613.,http://id.loc.gov/authorities/subjects/sh2012001613.,lcsh,650,1,Mannequins (Figures) in art
http://id.loc.gov/authorities/subjects/sh2012002128.,http://id.loc.gov/authorities/subjects/sh2012002128.,lcsh,650,1,International law and human rights
http://id.loc.gov/authorities/subjects/sh2012004587.,http://id.loc.gov/authorities/subjects/sh2012004587.,lcsh,650,1,Diaries in art
http://id.loc.gov/authorities/subjects/sh2013001204.,http://id.loc.gov/authorities/subjects/sh2013001204.,lcsh,650,1,Coffee stains
http://id.loc.gov/authorities/subjects/sh2013002597.,http://id.loc.gov/authorities/subjects/sh2013002597.,lcsh,650,1,Hacking
http://id.loc.gov/authorities/subjects/sh2014000656.,http://id.loc.gov/authorities/subjects/sh2014000656.,lcsh,650,1,Periodic table of the elements
http://id.loc.gov/authorities/subjects/sh2014001772.,http://id.loc.gov/authorities/subjects/sh2014001772.,lcsh,650,1,Avarice in art
http://id.loc.gov/authorities/subjects/sh2014001823.,http://id.loc.gov/authorities/subjects/sh2014001823.,lcsh,650,1,Discrimination in language
http://id.loc.gov/authorities/subjects/sh2015000095.,http://id.loc.gov/authorities/subjects/sh2015000095.,lcsh,650,1,Transgender people in art
http://id.loc.gov/authorities/subjects/sh2015002377.,http://id.loc.gov/authorities/subjects/sh2015002377.,lcsh,650,1,Autobiography in art
http://id.loc.gov/authorities/subjects/sh2016001262.,http://id.loc.gov/authorities/subjects/sh2016001262.,lcsh,650,1,Female-to-male transsexuals in art
http://id.loc.gov/authorities/subjects/sh2017003576.,http://id.loc.gov/authorities/subjects/sh2017003576.,lcsh,650,1,Wallpaper in art
http://id.loc.gov/authorities/subjects/sh2017003931,http://id.loc.gov/authorities/subjects/sh2017003931,lcsh,650,1,Dwarfs (Persons) in art
http://id.loc.gov/authorities/subjects/sh2017003932,http://id.loc.gov/authorities/subjects/sh2017003932,lcsh,650,1,Dwarfs (Folklore) in art
http://id.loc.gov/authorities/subjects/sh2018001545.,http://id.loc.gov/authorities/subjects/sh2018001545.,lcsh,650,1,Image steganography
http://id.loc.gov/authorities/subjects/sh2019000286.,http://id.loc.gov/authorities/subjects/sh2019000286.,lcsh,650,1,Climatic changes in art
http://id.loc.gov/authorities/subjects/sh2020006620.,http://id.loc.gov/authorities/subjects/sh2020006620.,lcsh,650,1,Affect (Psychology) in art
http://id.loc.gov/authorities/subjects/sh2020008759.,http://id.loc.gov/authorities/subjects/sh2020008759.,lcsh,650,1,"COVID-19 Pandemic, 2020-2023"
http://id.loc.gov/authorities/subjects/sh2021016059.,http://id.loc.gov/authorities/subjects/sh2021016059.,lcsh,650,1,Zapotec language -- Study and teaching (Elementary) -- Spanish speakers
http://id.loc.gov/authorities/subjects/sh2023000296.,http://id.loc.gov/authorities/subjects/sh2023000296.,lcsh,650,1,Women architects -- United States
http://id.loc.gov/authorities/subjects/sh85000258.,http://id.loc.gov/authorities/subjects/sh85000258.,lcsh,650,1,Abstraction
http://id.loc.gov/authorities/subjects/sh85000747.,http://id.loc.gov/authorities/subjects/sh85000747.,lcsh,650,1,Actors -- Portraits
http://id.loc.gov/authorities/subjects/sh85001323.,http://id.loc.gov/authorities/subjects/sh85001323.,lcsh,650,1,Aircraft accidents
http://id.loc.gov/authorities/subjects/sh85001465.,http://id.loc.gov/authorities/subjects/sh85001465.,lcsh,650,1,"Aesthetics, Japanese"
http://id.loc.gov/authorities/subjects/sh85001474.,http://id.loc.gov/authorities/subjects/sh85001474.,lcsh,650,1,"Aesthetics, Modern -- 20th century"
http://id.loc.gov/authorities/subjects/sh85001790.,http://id.loc.gov/authorities/subjects/sh85001790.,lcsh,650,1,African American art
http://id.loc.gov/authorities/subjects/sh85002006.,http://id.loc.gov/authorities/subjects/sh85002006.,lcsh,650,1,African Americans in art
http://id.loc.gov/authorities/subjects/sh85002193,http://id.loc.gov/authorities/subjects/sh85002193,lcsh,650,1,Aggressiveness
http://id.loc.gov/authorities/subjects/sh85002193.,http://id.loc.gov/authorities/subjects/sh85002193.,lcsh,650,1,Aggressiveness
http://id.loc.gov/authorities/subjects/sh85002201.,http://id.loc.gov/authorities/subjects/sh85002201.,lcsh,650,1,Aging
http://id.loc.gov/authorities/subjects/sh85002719.,http://id.loc.gov/authorities/subjects/sh85002719.,lcsh,650,1,Air warfare
http://id.loc.gov/authorities/subjects/sh85003551.,http://id.loc.gov/authorities/subjects/sh85003551.,lcsh,650,1,Noncitizens -- United States
http://id.loc.gov/authorities/subjects/sh85003819,http://id.loc.gov/authorities/subjects/sh85003819,lcsh,650,1,Alphabet
http://id.loc.gov/authorities/subjects/sh85003819.,http://id.loc.gov/authorities/subjects/sh85003819.,lcsh,650,1,Alphabet
http://id.loc.gov/authorities/subjects/sh85003826,http://id.loc.gov/authorities/subjects/sh85003826,lcsh,650,1,Alphabets
http://id.loc.gov/authorities/subjects/sh85004080.,http://id.loc.gov/authorities/subjects/sh85004080.,lcsh,650,1,Alzheimer's disease
http://id.loc.gov/authorities/subjects/sh85004336.,http://id.loc.gov/authorities/subjects/sh85004336.,lcsh,650,1,American literature
http://id.loc.gov/authorities/subjects/sh85004382,http://id.loc.gov/authorities/subjects/sh85004382,lcsh,650,1,American poetry
http://id.loc.gov/authorities/subjects/sh85004387,http://id.loc.gov/authorities/subjects/sh85004387,lcsh,650,1,American poetry -- 20th century
http://id.loc.gov/authorities/subjects/sh85004387.,http://id.loc.gov/authorities/subjects/sh85004387.,lcsh,650,1,American poetry -- 20th century
http://id.loc.gov/authorities/subjects/sh85004412.,http://id.loc.gov/authorities/subjects/sh85004412.,lcsh,650,1,"American Revolution Bicentennial, 1976"
http://id.loc.gov/authorities/subjects/sh85004812.,http://id.loc.gov/authorities/subjects/sh85004812.,lcsh,650,1,Anarchism
http://id.loc.gov/authorities/subjects/sh85004839.,http://id.loc.gov/authorities/subjects/sh85004839.,lcsh,650,1,Human anatomy
http://id.loc.gov/authorities/subjects/sh85005008.,http://id.loc.gov/authorities/subjects/sh85005008.,lcsh,650,1,Angels in art
http://id.loc.gov/authorities/subjects/sh85005274.,http://id.loc.gov/authorities/subjects/sh85005274.,lcsh,650,1,Animal welfare
http://id.loc.gov/authorities/subjects/sh85005721.,http://id.loc.gov/authorities/subjects/sh85005721.,lcsh,650,1,Antinuclear movement
http://id.loc.gov/authorities/subjects/sh85005791.,http://id.loc.gov/authorities/subjects/sh85005791.,lcsh,650,1,Antlers
http://id.loc.gov/authorities/subjects/sh85006587.,http://id.loc.gov/authorities/subjects/sh85006587.,lcsh,650,1,Architectural drawing
http://id.loc.gov/authorities/subjects/sh85006611.,http://id.loc.gov/authorities/subjects/sh85006611.,lcsh,650,1,Architecture
http://id.loc.gov/authorities/subjects/sh85006636.,http://id.loc.gov/authorities/subjects/sh85006636.,lcsh,650,1,Architecture -- Pictorial works
http://id.loc.gov/authorities/subjects/sh85006684.,http://id.loc.gov/authorities/subjects/sh85006684.,lcsh,650,1,Architecture -- Middle East
http://id.loc.gov/authorities/subjects/sh85006685.,http://id.loc.gov/authorities/subjects/sh85006685.,lcsh,650,1,Architecture -- Netherlands
http://id.loc.gov/authorities/subjects/sh85006795.,http://id.loc.gov/authorities/subjects/sh85006795.,lcsh,650,1,"Architecture, Greek"
http://id.loc.gov/authorities/subjects/sh85006803.,http://id.loc.gov/authorities/subjects/sh85006803.,lcsh,650,1,"Architecture, Industrial"
http://id.loc.gov/authorities/subjects/sh85006834.,http://id.loc.gov/authorities/subjects/sh85006834.,lcsh,650,1,"Architecture, Modern -- 20th century"
http://id.loc.gov/authorities/subjects/sh85007071.,http://id.loc.gov/authorities/subjects/sh85007071.,,651,1,Argentina -- Social conditions
http://id.loc.gov/authorities/subjects/sh85007464,http://id.loc.gov/authorities/subjects/sh85007464,lcsh,650,1,Art -- Anecdotes
http://id.loc.gov/authorities/subjects/sh85007470.,http://id.loc.gov/authorities/subjects/sh85007470.,lcsh,650,1,Art -- Censorship
http://id.loc.gov/authorities/subjects/sh85007537.,http://id.loc.gov/authorities/subjects/sh85007537.,lcsh,650,1,"Art, American"
http://id.loc.gov/authorities/subjects/sh85007545,http://id.loc.gov/authorities/subjects/sh85007545,lcsh,650,1,"Art, Argentine"
http://id.loc.gov/authorities/subjects/sh85007557.,http://id.loc.gov/authorities/subjects/sh85007557.,lcsh,650,1,"Art, Aboriginal Australian"
http://id.loc.gov/authorities/subjects/sh85007558,http://id.loc.gov/authorities/subjects/sh85007558,lcsh,650,1,"Art, Austrian"
http://id.loc.gov/authorities/subjects/sh85007579,http://id.loc.gov/authorities/subjects/sh85007579,lcsh,650,1,"Art, Brazilian"
http://id.loc.gov/authorities/subjects/sh85007718,http://id.loc.gov/authorities/subjects/sh85007718,lcsh,650,1,"Art, Italian"
http://id.loc.gov/authorities/subjects/sh85007718.,http://id.loc.gov/authorities/subjects/sh85007718.,lcsh,650,1,"Art, Italian"
http://id.loc.gov/authorities/subjects/sh85007811.,http://id.loc.gov/authorities/subjects/sh85007811.,lcsh,650,1,"Art, French -- 20th century"
http://id.loc.gov/authorities/subjects/sh85007955.,http://id.loc.gov/authorities/subjects/sh85007955.,lcsh,650,1,Zen art
http://id.loc.gov/authorities/subjects/sh85007961.,http://id.loc.gov/authorities/subjects/sh85007961.,lcsh,650,1,Art and industry
http://id.loc.gov/authorities/subjects/sh85007962.,http://id.loc.gov/authorities/subjects/sh85007962.,lcsh,650,1,Art and literature
http://id.loc.gov/authorities/subjects/sh85007968.,http://id.loc.gov/authorities/subjects/sh85007968.,lcsh,650,1,Art and mythology
http://id.loc.gov/authorities/subjects/sh85007971.,http://id.loc.gov/authorities/subjects/sh85007971.,lcsh,650,1,Art and race
http://id.loc.gov/authorities/subjects/sh85007979.,http://id.loc.gov/authorities/subjects/sh85007979.,lcsh,650,1,Art and war
http://id.loc.gov/authorities/subjects/sh85007984.,http://id.loc.gov/authorities/subjects/sh85007984.,lcsh,650,1,Art brut
http://id.loc.gov/authorities/subjects/sh85007989.,http://id.loc.gov/authorities/subjects/sh85007989.,lcsh,650,1,Art criticism
http://id.loc.gov/authorities/subjects/sh85008086.,http://id.loc.gov/authorities/subjects/sh85008086.,lcsh,650,1,Art thefts
http://id.loc.gov/authorities/subjects/sh85008282.,http://id.loc.gov/authorities/subjects/sh85008282.,lcsh,650,1,Artists -- Social conditions
http://id.loc.gov/authorities/subjects/sh85008299,http://id.loc.gov/authorities/subjects/sh85008299,lcsh,650,1,Artists and models in art
http://id.loc.gov/authorities/subjects/sh85008315.,http://id.loc.gov/authorities/subjects/sh85008315.,lcsh,650,1,Artists' studios
http://id.loc.gov/authorities/subjects/sh85008324.,http://id.loc.gov/authorities/subjects/sh85008324.,lcsh,650,1,Arts
http://id.loc.gov/authorities/subjects/sh85008409.,http://id.loc.gov/authorities/subjects/sh85008409.,lcsh,650,1,"Arts, Latin American"
http://id.loc.gov/authorities/subjects/sh85010050.,http://id.loc.gov/authorities/subjects/sh85010050.,lcsh,650,1,Autobiography
http://id.loc.gov/authorities/subjects/sh85010684.,http://id.loc.gov/authorities/subjects/sh85010684.,lcsh,650,1,Aztecs -- Religion
http://id.loc.gov/authorities/subjects/sh85010752.,http://id.loc.gov/authorities/subjects/sh85010752.,lcsh,650,1,Baby boom generation
http://id.loc.gov/authorities/subjects/sh85012886.,http://id.loc.gov/authorities/subjects/sh85012886.,lcsh,650,1,Beginning
http://id.loc.gov/authorities/subjects/sh85013357,http://id.loc.gov/authorities/subjects/sh85013357,lcsh,650,1,"Berlin Wall, Berlin, Germany, 1961-1989"
http://id.loc.gov/authorities/subjects/sh85014030.,http://id.loc.gov/authorities/subjects/sh85014030.,lcsh,650,1,Bilingualism
http://id.loc.gov/authorities/subjects/sh85014342,http://id.loc.gov/authorities/subjects/sh85014342,lcsh,650,1,Birds in art
http://id.loc.gov/authorities/subjects/sh85014578.,http://id.loc.gov/authorities/subjects/sh85014578.,lcsh,650,1,Black in art
http://id.loc.gov/authorities/subjects/sh85014706.,http://id.loc.gov/authorities/subjects/sh85014706.,lcsh,650,1,Black people in art
http://id.loc.gov/authorities/subjects/sh85015477.,http://id.loc.gov/authorities/subjects/sh85015477.,lcsh,650,1,Bombs
http://id.loc.gov/authorities/subjects/sh85015610.,http://id.loc.gov/authorities/subjects/sh85015610.,lcsh,650,1,Book collecting
http://id.loc.gov/authorities/subjects/sh85015630.,http://id.loc.gov/authorities/subjects/sh85015630.,lcsh,650,1,Book jackets
http://id.loc.gov/authorities/subjects/sh85015720,http://id.loc.gov/authorities/subjects/sh85015720,lcsh,650,1,Bookbinding -- Repairing
http://id.loc.gov/authorities/subjects/sh85015736.,http://id.loc.gov/authorities/subjects/sh85015736.,lcsh,650,1,Bookmarks
http://id.loc.gov/authorities/subjects/sh85015739,http://id.loc.gov/authorities/subjects/sh85015739,lcsh,650,1,Books -- Conservation and restoration
http://id.loc.gov/authorities/subjects/sh85018546.,http://id.loc.gov/authorities/subjects/sh85018546.,lcsh,650,1,Cabala
http://id.loc.gov/authorities/subjects/sh85019084.,http://id.loc.gov/authorities/subjects/sh85019084.,,651,1,Cambodia -- History
http://id.loc.gov/authorities/subjects/sh85019096.,http://id.loc.gov/authorities/subjects/sh85019096.,lcsh,650,1,"Cambodian-Vietnamese Conflict, 1977-1991"
http://id.loc.gov/authorities/subjects/sh85019128.,http://id.loc.gov/authorities/subjects/sh85019128.,lcsh,650,1,Camera obscuras
http://id.loc.gov/authorities/subjects/sh85019520.,http://id.loc.gov/authorities/subjects/sh85019520.,lcsh,650,1,Cancer -- Patients -- Biography
http://id.loc.gov/authorities/subjects/sh85020315.,http://id.loc.gov/authorities/subjects/sh85020315.,lcsh,650,1,Caricatures and cartoons -- United States
http://id.loc.gov/authorities/subjects/sh85020515.,http://id.loc.gov/authorities/subjects/sh85020515.,lcsh,650,1,Cartography
http://id.loc.gov/authorities/subjects/sh85020586.,http://id.loc.gov/authorities/subjects/sh85020586.,lcsh,650,1,Cash registers
http://id.loc.gov/authorities/subjects/sh85021279,http://id.loc.gov/authorities/subjects/sh85021279,lcsh,650,1,Cats in art
http://id.loc.gov/authorities/subjects/sh85021828.,http://id.loc.gov/authorities/subjects/sh85021828.,lcsh,650,1,Censorship
http://id.loc.gov/authorities/subjects/sh85022357.,http://id.loc.gov/authorities/subjects/sh85022357.,lcsh,650,1,Chairs in art
http://id.loc.gov/authorities/subjects/sh85022574.,http://id.loc.gov/authorities/subjects/sh85022574.,lcsh,650,1,"Chapbooks, Spanish"
http://id.loc.gov/authorities/subjects/sh85022897.,http://id.loc.gov/authorities/subjects/sh85022897.,lcsh,650,1,Chemical elements
http://id.loc.gov/authorities/subjects/sh85023387.,http://id.loc.gov/authorities/subjects/sh85023387.,lcsh,650,1,Child rearing
http://id.loc.gov/authorities/subjects/sh85023533,http://id.loc.gov/authorities/subjects/sh85023533,lcsh,650,1,Children in art
http://id.loc.gov/authorities/subjects/sh85023533.,http://id.loc.gov/authorities/subjects/sh85023533.,lcsh,650,1,Children in art
http://id.loc.gov/authorities/subjects/sh85024186.,http://id.loc.gov/authorities/subjects/sh85024186.,,651,1,China -- Social life and customs
http://id.loc.gov/authorities/subjects/sh85024618.,http://id.loc.gov/authorities/subjects/sh85024618.,lcsh,650,1,Choice (Psychology)
http://id.loc.gov/authorities/subjects/sh85026014.,http://id.loc.gov/authorities/subjects/sh85026014.,lcsh,650,1,Cinematography
http://id.loc.gov/authorities/subjects/sh85026090.,http://id.loc.gov/authorities/subjects/sh85026090.,lcsh,650,1,Circus performers
http://id.loc.gov/authorities/subjects/sh85026282.,http://id.loc.gov/authorities/subjects/sh85026282.,lcsh,650,1,City planning
http://id.loc.gov/authorities/subjects/sh85026371.,http://id.loc.gov/authorities/subjects/sh85026371.,lcsh,650,1,Civil rights
http://id.loc.gov/authorities/subjects/sh85026379.,http://id.loc.gov/authorities/subjects/sh85026379.,lcsh,650,1,Human rights
http://id.loc.gov/authorities/subjects/sh85027037.,http://id.loc.gov/authorities/subjects/sh85027037.,lcsh,650,1,Climatic changes
http://id.loc.gov/authorities/subjects/sh85027193.,http://id.loc.gov/authorities/subjects/sh85027193.,lcsh,650,1,Clouds -- Pictorial works
http://id.loc.gov/authorities/subjects/sh85027695,http://id.loc.gov/authorities/subjects/sh85027695,lcsh,650,1,Coevolution
http://id.loc.gov/authorities/subjects/sh85027699.,http://id.loc.gov/authorities/subjects/sh85027699.,lcsh,650,1,Coffee
http://id.loc.gov/authorities/subjects/sh85027777.,http://id.loc.gov/authorities/subjects/sh85027777.,lcsh,650,1,Coin banks
http://id.loc.gov/authorities/subjects/sh85027966.,http://id.loc.gov/authorities/subjects/sh85027966.,lcsh,650,1,"Collage, American"
http://id.loc.gov/authorities/subjects/sh85028537.,http://id.loc.gov/authorities/subjects/sh85028537.,lcsh,650,1,Colombian wit and humor
http://id.loc.gov/authorities/subjects/sh85028538.,http://id.loc.gov/authorities/subjects/sh85028538.,lcsh,650,1,"Colombian wit and humor, Pictorial"
http://id.loc.gov/authorities/subjects/sh85028579.,http://id.loc.gov/authorities/subjects/sh85028579.,lcsh,650,1,Color -- Psychological aspects
http://id.loc.gov/authorities/subjects/sh85028614.,http://id.loc.gov/authorities/subjects/sh85028614.,lcsh,650,1,Color photography
http://id.loc.gov/authorities/subjects/sh85028619.,http://id.loc.gov/authorities/subjects/sh85028619.,lcsh,650,1,Color photography -- Printing processes
http://id.loc.gov/authorities/subjects/sh85029088.,http://id.loc.gov/authorities/subjects/sh85029088.,lcsh,650,1,Communication in politics
http://id.loc.gov/authorities/subjects/sh85029135.,http://id.loc.gov/authorities/subjects/sh85029135.,lcsh,650,1,Communism and art
http://id.loc.gov/authorities/subjects/sh85029423.,http://id.loc.gov/authorities/subjects/sh85029423.,lcsh,650,1,Comprehension (Theory of knowledge)
http://id.loc.gov/authorities/subjects/sh85029500,http://id.loc.gov/authorities/subjects/sh85029500,lcsh,650,1,Computer graphics
http://id.loc.gov/authorities/subjects/sh85030737,http://id.loc.gov/authorities/subjects/sh85030737,lcsh,650,1,"Concrete poetry, English"
http://id.loc.gov/authorities/subjects/sh85032661.,http://id.loc.gov/authorities/subjects/sh85032661.,lcsh,650,1,Corn -- Folklore
http://id.loc.gov/authorities/subjects/sh85032960.,http://id.loc.gov/authorities/subjects/sh85032960.,lcsh,650,1,"Corporations, American -- Corrupt practices"
http://id.loc.gov/authorities/subjects/sh85033146.,http://id.loc.gov/authorities/subjects/sh85033146.,lcsh,650,1,Cosmic dust
http://id.loc.gov/authorities/subjects/sh85033169.,http://id.loc.gov/authorities/subjects/sh85033169.,lcsh,650,1,Cosmology
http://id.loc.gov/authorities/subjects/sh85033596.,http://id.loc.gov/authorities/subjects/sh85033596.,lcsh,650,1,Courtship
http://id.loc.gov/authorities/subjects/sh85033667,http://id.loc.gov/authorities/subjects/sh85033667,lcsh,650,1,Cows in art
http://id.loc.gov/authorities/subjects/sh85033823.,http://id.loc.gov/authorities/subjects/sh85033823.,lcsh,650,1,Creation
http://id.loc.gov/authorities/subjects/sh85034149.,http://id.loc.gov/authorities/subjects/sh85034149.,lcsh,650,1,Criticism
http://id.loc.gov/authorities/subjects/sh85034549.,http://id.loc.gov/authorities/subjects/sh85034549.,,651,1,Cuba -- Civilization -- African influences
http://id.loc.gov/authorities/subjects/sh85034561.,http://id.loc.gov/authorities/subjects/sh85034561.,,651,1,Cuba -- History
http://id.loc.gov/authorities/subjects/sh85034569.,http://id.loc.gov/authorities/subjects/sh85034569.,,651,1,Cuba -- History -- 1878-1895
http://id.loc.gov/authorities/subjects/sh85034593.,http://id.loc.gov/authorities/subjects/sh85034593.,,651,1,Cuba -- Politics and government
http://id.loc.gov/authorities/subjects/sh85034594.,http://id.loc.gov/authorities/subjects/sh85034594.,,651,1,Cuba -- Politics and government -- 1810-1899
http://id.loc.gov/authorities/subjects/sh85034628.,http://id.loc.gov/authorities/subjects/sh85034628.,lcsh,650,1,Cuban poetry
http://id.loc.gov/authorities/subjects/sh85034646.,http://id.loc.gov/authorities/subjects/sh85034646.,lcsh,650,1,Cube in art
http://id.loc.gov/authorities/subjects/sh85034755,http://id.loc.gov/authorities/subjects/sh85034755,lcsh,650,1,Culture
http://id.loc.gov/authorities/subjects/sh85035061.,http://id.loc.gov/authorities/subjects/sh85035061.,lcsh,650,1,Cyclecars
http://id.loc.gov/authorities/subjects/sh85035408.,http://id.loc.gov/authorities/subjects/sh85035408.,lcsh,650,1,Daguerreotype
http://id.loc.gov/authorities/subjects/sh85035659,http://id.loc.gov/authorities/subjects/sh85035659,lcsh,650,1,Dance
http://id.loc.gov/authorities/subjects/sh85035688.,http://id.loc.gov/authorities/subjects/sh85035688.,lcsh,650,1,Dance in art
http://id.loc.gov/authorities/subjects/sh85035884.,http://id.loc.gov/authorities/subjects/sh85035884.,lcsh,650,1,Dating (Social customs)
http://id.loc.gov/authorities/subjects/sh85036024.,http://id.loc.gov/authorities/subjects/sh85036024.,lcsh,650,1,Dead
http://id.loc.gov/authorities/subjects/sh85036044,http://id.loc.gov/authorities/subjects/sh85036044,lcsh,650,1,Deadly sins
http://id.loc.gov/authorities/subjects/sh85036106,http://id.loc.gov/authorities/subjects/sh85036106,lcsh,650,1,Death in art
http://id.loc.gov/authorities/subjects/sh85036108.,http://id.loc.gov/authorities/subjects/sh85036108.,lcsh,650,1,Death in literature
http://id.loc.gov/authorities/subjects/sh85037293.,http://id.loc.gov/authorities/subjects/sh85037293.,lcsh,650,1,Detention of persons
http://id.loc.gov/authorities/subjects/sh85037601.,http://id.loc.gov/authorities/subjects/sh85037601.,lcsh,650,1,Diaries
http://id.loc.gov/authorities/subjects/sh85038376.,http://id.loc.gov/authorities/subjects/sh85038376.,lcsh,650,1,Discrimination
http://id.loc.gov/authorities/subjects/sh85038488.,http://id.loc.gov/authorities/subjects/sh85038488.,lcsh,650,1,Dissenters
http://id.loc.gov/authorities/subjects/sh85039671.,http://id.loc.gov/authorities/subjects/sh85039671.,lcsh,650,1,Drowning victims
http://id.loc.gov/authorities/subjects/sh85039719.,http://id.loc.gov/authorities/subjects/sh85039719.,lcsh,650,1,Drugs
http://id.loc.gov/authorities/subjects/sh85040281.,http://id.loc.gov/authorities/subjects/sh85040281.,lcsh,650,1,Dyes and dyeing
http://id.loc.gov/authorities/subjects/sh85040522.,http://id.loc.gov/authorities/subjects/sh85040522.,lcsh,650,1,East and West
http://id.loc.gov/authorities/subjects/sh85040752.,http://id.loc.gov/authorities/subjects/sh85040752.,lcsh,650,1,Ecology
http://id.loc.gov/authorities/subjects/sh85042693.,http://id.loc.gov/authorities/subjects/sh85042693.,lcsh,650,1,Emblems
http://id.loc.gov/authorities/subjects/sh85042701.,http://id.loc.gov/authorities/subjects/sh85042701.,lcsh,650,1,Embroidery
http://id.loc.gov/authorities/subjects/sh85042782.,http://id.loc.gov/authorities/subjects/sh85042782.,lcsh,650,1,Emigration and immigration
http://id.loc.gov/authorities/subjects/sh85042818.,http://id.loc.gov/authorities/subjects/sh85042818.,lcsh,650,1,Emotions
http://id.loc.gov/authorities/subjects/sh85043583.,http://id.loc.gov/authorities/subjects/sh85043583.,lcsh,650,1,English language -- Idioms
http://id.loc.gov/authorities/subjects/sh85043619.,http://id.loc.gov/authorities/subjects/sh85043619.,lcsh,650,1,English language -- Obscene words
http://id.loc.gov/authorities/subjects/sh85043777.,http://id.loc.gov/authorities/subjects/sh85043777.,lcsh,650,1,English literature
http://id.loc.gov/authorities/subjects/sh85044780.,http://id.loc.gov/authorities/subjects/sh85044780.,lcsh,650,1,Escape (Psychology)
http://id.loc.gov/authorities/subjects/sh85045906.,http://id.loc.gov/authorities/subjects/sh85045906.,lcsh,650,1,Euthanasia
http://id.loc.gov/authorities/subjects/sh85046443.,http://id.loc.gov/authorities/subjects/sh85046443.,lcsh,650,1,Experimental poetry
http://id.loc.gov/authorities/subjects/sh85046689,http://id.loc.gov/authorities/subjects/sh85046689,lcsh,650,1,Eye in art
http://id.loc.gov/authorities/subjects/sh85046797.,http://id.loc.gov/authorities/subjects/sh85046797.,lcsh,650,1,Face in art
http://id.loc.gov/authorities/subjects/sh85046927,http://id.loc.gov/authorities/subjects/sh85046927,lcsh,650,1,Fairy tales -- Illustrations
http://id.loc.gov/authorities/subjects/sh85046927.,http://id.loc.gov/authorities/subjects/sh85046927.,lcsh,650,1,Fairy tales -- Illustrations
http://id.loc.gov/authorities/subjects/sh85046971,http://id.loc.gov/authorities/subjects/sh85046971,lcsh,650,1,Fall of man in art
http://id.loc.gov/authorities/subjects/sh85047009.,http://id.loc.gov/authorities/subjects/sh85047009.,lcsh,650,1,Families
http://id.loc.gov/authorities/subjects/sh85047050.,http://id.loc.gov/authorities/subjects/sh85047050.,lcsh,650,1,Families in art
http://id.loc.gov/authorities/subjects/sh85047165.,http://id.loc.gov/authorities/subjects/sh85047165.,lcsh,650,1,Fantasy in art
http://id.loc.gov/authorities/subjects/sh85047383.,http://id.loc.gov/authorities/subjects/sh85047383.,lcsh,650,1,Fashion in art
http://id.loc.gov/authorities/subjects/sh85047746,http://id.loc.gov/authorities/subjects/sh85047746,lcsh,650,1,Feminism and art
http://id.loc.gov/authorities/subjects/sh85047746.,http://id.loc.gov/authorities/subjects/sh85047746.,lcsh,650,1,Feminism and art
http://id.loc.gov/authorities/subjects/sh85047750.,http://id.loc.gov/authorities/subjects/sh85047750.,lcsh,650,1,Feminism and the arts
http://id.loc.gov/authorities/subjects/sh85048500.,http://id.loc.gov/authorities/subjects/sh85048500.,lcsh,650,1,Fire in art
http://id.loc.gov/authorities/subjects/sh85048586,http://id.loc.gov/authorities/subjects/sh85048586,lcsh,650,1,First communion
http://id.loc.gov/authorities/subjects/sh85048858.,http://id.loc.gov/authorities/subjects/sh85048858.,lcsh,650,1,Fishing in art
http://id.loc.gov/authorities/subjects/sh85048972,http://id.loc.gov/authorities/subjects/sh85048972,lcsh,650,1,Flags -- United States
http://id.loc.gov/authorities/subjects/sh85049108.,http://id.loc.gov/authorities/subjects/sh85049108.,lcsh,650,1,Flight
http://id.loc.gov/authorities/subjects/sh85049126.,http://id.loc.gov/authorities/subjects/sh85049126.,lcsh,650,1,Flight training
http://id.loc.gov/authorities/subjects/sh85050118.,http://id.loc.gov/authorities/subjects/sh85050118.,lcsh,650,1,Folklore -- Germany
http://id.loc.gov/authorities/subjects/sh85050209.,http://id.loc.gov/authorities/subjects/sh85050209.,lcsh,650,1,Food -- Pictorial works
http://id.loc.gov/authorities/subjects/sh85050278,http://id.loc.gov/authorities/subjects/sh85050278,lcsh,650,1,Food in art
http://id.loc.gov/authorities/subjects/sh85050416.,http://id.loc.gov/authorities/subjects/sh85050416.,lcsh,650,1,Football -- United States
http://id.loc.gov/authorities/subjects/sh85050707,http://id.loc.gov/authorities/subjects/sh85050707,lcsh,650,1,Forests and forestry
http://id.loc.gov/authorities/subjects/sh85051147.,http://id.loc.gov/authorities/subjects/sh85051147.,lcsh,650,1,Fractals
http://id.loc.gov/authorities/subjects/sh85052019.,http://id.loc.gov/authorities/subjects/sh85052019.,lcsh,650,1,Friezes
http://id.loc.gov/authorities/subjects/sh85053150.,http://id.loc.gov/authorities/subjects/sh85053150.,lcsh,650,1,Gardens in art
http://id.loc.gov/authorities/subjects/sh85053742.,http://id.loc.gov/authorities/subjects/sh85053742.,lcsh,650,1,Genealogy
http://id.loc.gov/authorities/subjects/sh85053982.,http://id.loc.gov/authorities/subjects/sh85053982.,lcsh,650,1,Geographical perception
http://id.loc.gov/authorities/subjects/sh85053986.,http://id.loc.gov/authorities/subjects/sh85053986.,lcsh,650,1,Geography
http://id.loc.gov/authorities/subjects/sh85054129,http://id.loc.gov/authorities/subjects/sh85054129,lcsh,650,1,Geometrical drawing
http://id.loc.gov/authorities/subjects/sh85054413,http://id.loc.gov/authorities/subjects/sh85054413,lcsh,650,1,German poetry
http://id.loc.gov/authorities/subjects/sh85054842,http://id.loc.gov/authorities/subjects/sh85054842,lcsh,650,1,Giant squids
http://id.loc.gov/authorities/subjects/sh85055018,http://id.loc.gov/authorities/subjects/sh85055018,lcsh,650,1,Girls -- Portraits
http://id.loc.gov/authorities/subjects/sh85055165.,http://id.loc.gov/authorities/subjects/sh85055165.,lcsh,650,1,Glass painting and staining
http://id.loc.gov/authorities/subjects/sh85055517,http://id.loc.gov/authorities/subjects/sh85055517,lcsh,650,1,God
http://id.loc.gov/authorities/subjects/sh85056409.,http://id.loc.gov/authorities/subjects/sh85056409.,lcsh,650,1,Grandparent and child
http://id.loc.gov/authorities/subjects/sh85056495.,http://id.loc.gov/authorities/subjects/sh85056495.,lcsh,650,1,Graphology
http://id.loc.gov/authorities/subjects/sh85056605.,http://id.loc.gov/authorities/subjects/sh85056605.,,651,1,Great Britain
http://id.loc.gov/authorities/subjects/sh85057330.,http://id.loc.gov/authorities/subjects/sh85057330.,lcsh,650,1,Grief
http://id.loc.gov/authorities/subjects/sh85057333.,http://id.loc.gov/authorities/subjects/sh85057333.,lcsh,650,1,Grief in literature
http://id.loc.gov/authorities/subjects/sh85058059.,http://id.loc.gov/authorities/subjects/sh85058059.,lcsh,650,1,Gymnastics
http://id.loc.gov/authorities/subjects/sh85058289.,http://id.loc.gov/authorities/subjects/sh85058289.,lcsh,650,1,Haiku
http://id.loc.gov/authorities/subjects/sh85058807.,http://id.loc.gov/authorities/subjects/sh85058807.,lcsh,650,1,Happiness
http://id.loc.gov/authorities/subjects/sh85059272.,http://id.loc.gov/authorities/subjects/sh85059272.,lcsh,650,1,Hate
http://id.loc.gov/authorities/subjects/sh85059506.,http://id.loc.gov/authorities/subjects/sh85059506.,lcsh,650,1,Healing
http://id.loc.gov/authorities/subjects/sh85059747.,http://id.loc.gov/authorities/subjects/sh85059747.,lcsh,650,1,Heart in art
http://id.loc.gov/authorities/subjects/sh85060351.,http://id.loc.gov/authorities/subjects/sh85060351.,lcsh,650,1,Herbs
http://id.loc.gov/authorities/subjects/sh85060368.,http://id.loc.gov/authorities/subjects/sh85060368.,lcsh,650,1,"Heredity, Human"
http://id.loc.gov/authorities/subjects/sh85060641.,http://id.loc.gov/authorities/subjects/sh85060641.,lcsh,650,1,Hiding places
http://id.loc.gov/authorities/subjects/sh85061252.,http://id.loc.gov/authorities/subjects/sh85061252.,lcsh,650,1,History in art
http://id.loc.gov/authorities/subjects/sh85061568,http://id.loc.gov/authorities/subjects/sh85061568,lcsh,650,1,Holy Crown of Hungary
http://id.loc.gov/authorities/subjects/sh85061657.,http://id.loc.gov/authorities/subjects/sh85061657.,lcsh,650,1,Home
http://id.loc.gov/authorities/subjects/sh85061791,http://id.loc.gov/authorities/subjects/sh85061791,lcsh,650,1,Homosexuality in art
http://id.loc.gov/authorities/subjects/sh85062868,http://id.loc.gov/authorities/subjects/sh85062868,lcsh,650,1,Human evolution
http://id.loc.gov/authorities/subjects/sh85062957.,http://id.loc.gov/authorities/subjects/sh85062957.,lcsh,650,1,"Humorous poetry, American"
http://id.loc.gov/authorities/subjects/sh85063138.,http://id.loc.gov/authorities/subjects/sh85063138.,lcsh,650,1,Hunting in art
http://id.loc.gov/authorities/subjects/sh85063851.,http://id.loc.gov/authorities/subjects/sh85063851.,lcsh,650,1,Hysteria
http://id.loc.gov/authorities/subjects/sh85064153.,http://id.loc.gov/authorities/subjects/sh85064153.,lcsh,650,1,Identity (Psychology) in children
http://id.loc.gov/authorities/subjects/sh85064446.,http://id.loc.gov/authorities/subjects/sh85064446.,lcsh,650,1,Image processing
http://id.loc.gov/authorities/subjects/sh85064451.,http://id.loc.gov/authorities/subjects/sh85064451.,lcsh,650,1,Imagery (Psychology)
http://id.loc.gov/authorities/subjects/sh85064456.,http://id.loc.gov/authorities/subjects/sh85064456.,lcsh,650,1,Imaginary books and libraries
http://id.loc.gov/authorities/subjects/sh85064518.,http://id.loc.gov/authorities/subjects/sh85064518.,lcsh,650,1,Immigrants in art
http://id.loc.gov/authorities/subjects/sh85065270.,http://id.loc.gov/authorities/subjects/sh85065270.,lcsh,650,1,Indians of North America -- Folklore
http://id.loc.gov/authorities/subjects/sh85065689.,http://id.loc.gov/authorities/subjects/sh85065689.,lcsh,650,1,Individuality
http://id.loc.gov/authorities/subjects/sh85066424,http://id.loc.gov/authorities/subjects/sh85066424,lcsh,650,1,Initiation rites -- Religious aspects -- Christianity
http://id.loc.gov/authorities/subjects/sh85066719.,http://id.loc.gov/authorities/subjects/sh85066719.,lcsh,650,1,Inspiration
http://id.loc.gov/authorities/subjects/sh85067179.,http://id.loc.gov/authorities/subjects/sh85067179.,lcsh,650,1,Intelligence service -- United States
http://id.loc.gov/authorities/subjects/sh85067524.,http://id.loc.gov/authorities/subjects/sh85067524.,lcsh,650,1,Interstellar communication
http://id.loc.gov/authorities/subjects/sh85067603.,http://id.loc.gov/authorities/subjects/sh85067603.,lcsh,650,1,Intimacy (Psychology)
http://id.loc.gov/authorities/subjects/sh85067977.,http://id.loc.gov/authorities/subjects/sh85067977.,,651,1,Ireland -- Description and travel
http://id.loc.gov/authorities/subjects/sh85068048.,http://id.loc.gov/authorities/subjects/sh85068048.,,651,1,Ireland -- Social life and customs
http://id.loc.gov/authorities/subjects/sh85068081,http://id.loc.gov/authorities/subjects/sh85068081,lcsh,650,1,Irises (Plants) in art
http://id.loc.gov/authorities/subjects/sh85068283.,http://id.loc.gov/authorities/subjects/sh85068283.,lcsh,650,1,Irrigation
http://id.loc.gov/authorities/subjects/sh85068296.,http://id.loc.gov/authorities/subjects/sh85068296.,lcsh,650,1,Irrigation engineering
http://id.loc.gov/authorities/subjects/sh85068816.,http://id.loc.gov/authorities/subjects/sh85068816.,lcsh,650,1,Italian literature
http://id.loc.gov/authorities/subjects/sh85069398.,http://id.loc.gov/authorities/subjects/sh85069398.,,651,1,Japan -- Description and travel
http://id.loc.gov/authorities/subjects/sh85070391.,http://id.loc.gov/authorities/subjects/sh85070391.,lcsh,650,1,Jews -- Folklore
http://id.loc.gov/authorities/subjects/sh85071118.,http://id.loc.gov/authorities/subjects/sh85071118.,lcsh,650,1,Justice
http://id.loc.gov/authorities/subjects/sh85072120.,http://id.loc.gov/authorities/subjects/sh85072120.,lcsh,650,1,Keyboards (Electronics)
http://id.loc.gov/authorities/subjects/sh85072549.,http://id.loc.gov/authorities/subjects/sh85072549.,lcsh,650,1,Kissing
http://id.loc.gov/authorities/subjects/sh85073794.,http://id.loc.gov/authorities/subjects/sh85073794.,lcsh,650,1,Labyrinths in art
http://id.loc.gov/authorities/subjects/sh85074423.,http://id.loc.gov/authorities/subjects/sh85074423.,lcsh,650,1,Landscapes in art
http://id.loc.gov/authorities/subjects/sh85074518.,http://id.loc.gov/authorities/subjects/sh85074518.,lcsh,650,1,Language and languages
http://id.loc.gov/authorities/subjects/sh85074574.,http://id.loc.gov/authorities/subjects/sh85074574.,lcsh,650,1,Language and languages -- Philosophy
http://id.loc.gov/authorities/subjects/sh85074926.,http://id.loc.gov/authorities/subjects/sh85074926.,lcsh,650,1,Latin American literature -- 20th century
http://id.loc.gov/authorities/subjects/sh85075608.,http://id.loc.gov/authorities/subjects/sh85075608.,lcsh,650,1,Leaves
http://id.loc.gov/authorities/subjects/sh85075636.,http://id.loc.gov/authorities/subjects/sh85075636.,,651,1,"Lebanon -- History -- Civil War, 1975-1990"
http://id.loc.gov/authorities/subjects/sh85076217,http://id.loc.gov/authorities/subjects/sh85076217,lcsh,650,1,Letter-pictures
http://id.loc.gov/authorities/subjects/sh85076240.,http://id.loc.gov/authorities/subjects/sh85076240.,lcsh,650,1,Letters
http://id.loc.gov/authorities/subjects/sh85076512.,http://id.loc.gov/authorities/subjects/sh85076512.,lcsh,650,1,Libraries -- History
http://id.loc.gov/authorities/subjects/sh85076886.,http://id.loc.gov/authorities/subjects/sh85076886.,lcsh,650,1,Light and darkness in literature
http://id.loc.gov/authorities/subjects/sh85076896.,http://id.loc.gov/authorities/subjects/sh85076896.,lcsh,650,1,Light in art
http://id.loc.gov/authorities/subjects/sh85077159,http://id.loc.gov/authorities/subjects/sh85077159,lcsh,650,1,Line (Art)
http://id.loc.gov/authorities/subjects/sh85077319.,http://id.loc.gov/authorities/subjects/sh85077319.,lcsh,650,1,Lipreading
http://id.loc.gov/authorities/subjects/sh85077531,http://id.loc.gov/authorities/subjects/sh85077531,lcsh,650,1,Literature -- Women authors
http://id.loc.gov/authorities/subjects/sh85077546.,http://id.loc.gov/authorities/subjects/sh85077546.,lcsh,650,1,"Literature, Experimental"
http://id.loc.gov/authorities/subjects/sh85077575.,http://id.loc.gov/authorities/subjects/sh85077575.,lcsh,650,1,Literature and technology
http://id.loc.gov/authorities/subjects/sh85077600,http://id.loc.gov/authorities/subjects/sh85077600,lcsh,650,1,Lithography -- 20th century
http://id.loc.gov/authorities/subjects/sh85078243.,http://id.loc.gov/authorities/subjects/sh85078243.,lcsh,650,1,Loneliness
http://id.loc.gov/authorities/subjects/sh85078431.,http://id.loc.gov/authorities/subjects/sh85078431.,lcsh,650,1,Loss (Psychology)
http://id.loc.gov/authorities/subjects/sh85078519.,http://id.loc.gov/authorities/subjects/sh85078519.,lcsh,650,1,Love
http://id.loc.gov/authorities/subjects/sh85079396.,http://id.loc.gov/authorities/subjects/sh85079396.,lcsh,650,1,Machinery in art
http://id.loc.gov/authorities/subjects/sh85080130.,http://id.loc.gov/authorities/subjects/sh85080130.,lcsh,650,1,Male nude in art
http://id.loc.gov/authorities/subjects/sh85080301.,http://id.loc.gov/authorities/subjects/sh85080301.,lcsh,650,1,Human beings -- Origin
http://id.loc.gov/authorities/subjects/sh85080588,http://id.loc.gov/authorities/subjects/sh85080588,lcsh,650,1,Mannequins (Figures)
http://id.loc.gov/authorities/subjects/sh85080932.,http://id.loc.gov/authorities/subjects/sh85080932.,lcsh,650,1,Marathon running
http://id.loc.gov/authorities/subjects/sh85081056.,http://id.loc.gov/authorities/subjects/sh85081056.,lcsh,650,1,Marginalia
http://id.loc.gov/authorities/subjects/sh85081057.,http://id.loc.gov/authorities/subjects/sh85081057.,lcsh,650,1,"Marginality, Social"
http://id.loc.gov/authorities/subjects/sh85081416.,http://id.loc.gov/authorities/subjects/sh85081416.,lcsh,650,1,Marriage
http://id.loc.gov/authorities/subjects/sh85081504.,http://id.loc.gov/authorities/subjects/sh85081504.,lcsh,650,1,Marriage in art
http://id.loc.gov/authorities/subjects/sh85081797.,http://id.loc.gov/authorities/subjects/sh85081797.,lcsh,650,1,Masculinity
http://id.loc.gov/authorities/subjects/sh85081817.,http://id.loc.gov/authorities/subjects/sh85081817.,lcsh,650,1,Masks
http://id.loc.gov/authorities/subjects/sh85081824.,http://id.loc.gov/authorities/subjects/sh85081824.,lcsh,650,1,Masks in art
http://id.loc.gov/authorities/subjects/sh85081889.,http://id.loc.gov/authorities/subjects/sh85081889.,lcsh,650,1,Mass media and sports
http://id.loc.gov/authorities/subjects/sh85081890.,http://id.loc.gov/authorities/subjects/sh85081890.,lcsh,650,1,Mass media and the arts
http://id.loc.gov/authorities/subjects/sh85082051.,http://id.loc.gov/authorities/subjects/sh85082051.,lcsh,650,1,Mate selection
http://id.loc.gov/authorities/subjects/sh85082061.,http://id.loc.gov/authorities/subjects/sh85082061.,lcsh,650,1,Material culture
http://id.loc.gov/authorities/subjects/sh85082692.,http://id.loc.gov/authorities/subjects/sh85082692.,lcsh,650,1,Meaning (Philosophy)
http://id.loc.gov/authorities/subjects/sh85083104.,http://id.loc.gov/authorities/subjects/sh85083104.,lcsh,650,1,Medicine -- Study and teaching
http://id.loc.gov/authorities/subjects/sh85083601.,http://id.loc.gov/authorities/subjects/sh85083601.,lcsh,650,1,Menstrual cycle
http://id.loc.gov/authorities/subjects/sh85083602.,http://id.loc.gov/authorities/subjects/sh85083602.,lcsh,650,1,Menstrual cycle -- Psychological aspects
http://id.loc.gov/authorities/subjects/sh85083604.,http://id.loc.gov/authorities/subjects/sh85083604.,lcsh,650,1,Menstruation
http://id.loc.gov/authorities/subjects/sh85083907.,http://id.loc.gov/authorities/subjects/sh85083907.,lcsh,650,1,Mescal
http://id.loc.gov/authorities/subjects/sh85084590.,http://id.loc.gov/authorities/subjects/sh85084590.,,651,1,"Mexico -- History -- Revolution, 1910-1920"
http://id.loc.gov/authorities/subjects/sh85085126.,http://id.loc.gov/authorities/subjects/sh85085126.,lcsh,650,1,Militarism
http://id.loc.gov/authorities/subjects/sh85085643.,http://id.loc.gov/authorities/subjects/sh85085643.,lcsh,650,1,Miniature books
http://id.loc.gov/authorities/subjects/sh85085644,http://id.loc.gov/authorities/subjects/sh85085644,lcsh,650,1,Miniature books -- Specimens
http://id.loc.gov/authorities/subjects/sh85086321.,http://id.loc.gov/authorities/subjects/sh85086321.,lcsh,650,1,Mixed media painting
http://id.loc.gov/authorities/subjects/sh85086996.,http://id.loc.gov/authorities/subjects/sh85086996.,lcsh,650,1,Monsters in art
http://id.loc.gov/authorities/subjects/sh85087150,http://id.loc.gov/authorities/subjects/sh85087150,,651,1,Moon -- In art
http://id.loc.gov/authorities/subjects/sh85087511.,http://id.loc.gov/authorities/subjects/sh85087511.,lcsh,650,1,Motels
http://id.loc.gov/authorities/subjects/sh85087517.,http://id.loc.gov/authorities/subjects/sh85087517.,lcsh,650,1,Mother and child
http://id.loc.gov/authorities/subjects/sh85087539.,http://id.loc.gov/authorities/subjects/sh85087539.,lcsh,650,1,Mothers and sons
http://id.loc.gov/authorities/subjects/sh85087545.,http://id.loc.gov/authorities/subjects/sh85087545.,lcsh,650,1,Mothers in art
http://id.loc.gov/authorities/subjects/sh85087612.,http://id.loc.gov/authorities/subjects/sh85087612.,lcsh,650,1,Motor vehicles -- Maintenance and repair
http://id.loc.gov/authorities/subjects/sh85088753.,http://id.loc.gov/authorities/subjects/sh85088753.,lcsh,650,1,Mushrooms -- Pictorial works
http://id.loc.gov/authorities/subjects/sh85088808.,http://id.loc.gov/authorities/subjects/sh85088808.,lcsh,650,1,Music -- Philosophy and aesthetics
http://id.loc.gov/authorities/subjects/sh85089012.,http://id.loc.gov/authorities/subjects/sh85089012.,lcsh,650,1,Musical notation
http://id.loc.gov/authorities/subjects/sh85090290.,http://id.loc.gov/authorities/subjects/sh85090290.,lcsh,650,1,Nature photography
http://id.loc.gov/authorities/subjects/sh85090501.,http://id.loc.gov/authorities/subjects/sh85090501.,,651,1,Middle East
http://id.loc.gov/authorities/subjects/sh85092369.,http://id.loc.gov/authorities/subjects/sh85092369.,lcsh,650,1,Body language
http://id.loc.gov/authorities/subjects/sh85092460.,http://id.loc.gov/authorities/subjects/sh85092460.,,651,1,North America -- History
http://id.loc.gov/authorities/subjects/sh85092792.,http://id.loc.gov/authorities/subjects/sh85092792.,lcsh,650,1,Notebooks
http://id.loc.gov/authorities/subjects/sh85093038.,http://id.loc.gov/authorities/subjects/sh85093038.,lcsh,650,1,Nuclear power plants -- Environmental aspects
http://id.loc.gov/authorities/subjects/sh85093169.,http://id.loc.gov/authorities/subjects/sh85093169.,lcsh,650,1,Nude in art
http://id.loc.gov/authorities/subjects/sh85093225,http://id.loc.gov/authorities/subjects/sh85093225,lcsh,650,1,Numbers in art
http://id.loc.gov/authorities/subjects/sh85093747.,http://id.loc.gov/authorities/subjects/sh85093747.,lcsh,650,1,Observation (Psychology)
http://id.loc.gov/authorities/subjects/sh85093911.,http://id.loc.gov/authorities/subjects/sh85093911.,,651,1,Oceania -- Description and travel
http://id.loc.gov/authorities/subjects/sh85094814.,http://id.loc.gov/authorities/subjects/sh85094814.,lcsh,650,1,Onomatopoeia
http://id.loc.gov/authorities/subjects/sh85094833.,http://id.loc.gov/authorities/subjects/sh85094833.,lcsh,650,1,Ontology
http://id.loc.gov/authorities/subjects/sh85095118.,http://id.loc.gov/authorities/subjects/sh85095118.,lcsh,650,1,Oppression (Psychology)
http://id.loc.gov/authorities/subjects/sh85095193.,http://id.loc.gov/authorities/subjects/sh85095193.,lcsh,650,1,Optimism
http://id.loc.gov/authorities/subjects/sh85095351.,http://id.loc.gov/authorities/subjects/sh85095351.,lcsh,650,1,Order
http://id.loc.gov/authorities/subjects/sh85095646,http://id.loc.gov/authorities/subjects/sh85095646,lcsh,650,1,Originality
http://id.loc.gov/authorities/subjects/sh85096147.,http://id.loc.gov/authorities/subjects/sh85096147.,lcsh,650,1,Outdoor photography
http://id.loc.gov/authorities/subjects/sh85096623.,http://id.loc.gov/authorities/subjects/sh85096623.,lcsh,650,1,Paint
http://id.loc.gov/authorities/subjects/sh85096684.,http://id.loc.gov/authorities/subjects/sh85096684.,lcsh,650,1,"Painting, Abstract -- United States"
http://id.loc.gov/authorities/subjects/sh85097586,http://id.loc.gov/authorities/subjects/sh85097586,lcsh,650,1,Paper -- Preservation
http://id.loc.gov/authorities/subjects/sh85098789.,http://id.loc.gov/authorities/subjects/sh85098789.,lcsh,650,1,Pattern perception
http://id.loc.gov/authorities/subjects/sh85098940,http://id.loc.gov/authorities/subjects/sh85098940,lcsh,650,1,Peace
http://id.loc.gov/authorities/subjects/sh85099340.,http://id.loc.gov/authorities/subjects/sh85099340.,lcsh,650,1,Pen drawing
http://id.loc.gov/authorities/subjects/sh85099492,http://id.loc.gov/authorities/subjects/sh85099492,lcsh,650,1,Copybooks
http://id.loc.gov/authorities/subjects/sh85099711.,http://id.loc.gov/authorities/subjects/sh85099711.,lcsh,650,1,Perception (Philosophy)
http://id.loc.gov/authorities/subjects/sh85099809.,http://id.loc.gov/authorities/subjects/sh85099809.,lcsh,650,1,Performance art
http://id.loc.gov/authorities/subjects/sh85099890,http://id.loc.gov/authorities/subjects/sh85099890,lcsh,650,1,Periodicals
http://id.loc.gov/authorities/subjects/sh85100111,http://id.loc.gov/authorities/subjects/sh85100111,lcsh,650,1,Personal space
http://id.loc.gov/authorities/subjects/sh85100482,http://id.loc.gov/authorities/subjects/sh85100482,lcsh,650,1,Pets
http://id.loc.gov/authorities/subjects/sh85100683.,http://id.loc.gov/authorities/subjects/sh85100683.,lcsh,650,1,Phenomenology
http://id.loc.gov/authorities/subjects/sh85100893.,http://id.loc.gov/authorities/subjects/sh85100893.,lcsh,650,1,"Philosophy, Comparative"
http://id.loc.gov/authorities/subjects/sh85101229,http://id.loc.gov/authorities/subjects/sh85101229,lcsh,650,1,Landscape photography
http://id.loc.gov/authorities/subjects/sh85101273.,http://id.loc.gov/authorities/subjects/sh85101273.,lcsh,650,1,"Photography, Close-up"
http://id.loc.gov/authorities/subjects/sh85101275,http://id.loc.gov/authorities/subjects/sh85101275,lcsh,650,1,Photomontage
http://id.loc.gov/authorities/subjects/sh85101288.,http://id.loc.gov/authorities/subjects/sh85101288.,lcsh,650,1,Photojournalism
http://id.loc.gov/authorities/subjects/sh85101296.,http://id.loc.gov/authorities/subjects/sh85101296.,lcsh,650,1,"Photography, Pinhole"
http://id.loc.gov/authorities/subjects/sh85101299,http://id.loc.gov/authorities/subjects/sh85101299,lcsh,650,1,"Photography, Stereoscopic"
http://id.loc.gov/authorities/subjects/sh85101306.,http://id.loc.gov/authorities/subjects/sh85101306.,lcsh,650,1,Zen photography
http://id.loc.gov/authorities/subjects/sh85101333.,http://id.loc.gov/authorities/subjects/sh85101333.,lcsh,650,1,Photography of birds
http://id.loc.gov/authorities/subjects/sh85101337,http://id.loc.gov/authorities/subjects/sh85101337,lcsh,650,1,Photography of children
http://id.loc.gov/authorities/subjects/sh85101343.,http://id.loc.gov/authorities/subjects/sh85101343.,lcsh,650,1,Photography of families
http://id.loc.gov/authorities/subjects/sh85101349.,http://id.loc.gov/authorities/subjects/sh85101349.,lcsh,650,1,Photography of hands
http://id.loc.gov/authorities/subjects/sh85101365.,http://id.loc.gov/authorities/subjects/sh85101365.,lcsh,650,1,Photography of sports
http://id.loc.gov/authorities/subjects/sh85101368.,http://id.loc.gov/authorities/subjects/sh85101368.,lcsh,650,1,Photography of the nude
http://id.loc.gov/authorities/subjects/sh85101370.,http://id.loc.gov/authorities/subjects/sh85101370.,lcsh,650,1,Photography of water
http://id.loc.gov/authorities/subjects/sh85101998.,http://id.loc.gov/authorities/subjects/sh85101998.,lcsh,650,1,"Picture dictionaries, Polyglot"
http://id.loc.gov/authorities/subjects/sh85102008,http://id.loc.gov/authorities/subjects/sh85102008,lcsh,650,1,Picture-writing
http://id.loc.gov/authorities/subjects/sh85102580,http://id.loc.gov/authorities/subjects/sh85102580,lcsh,650,1,Plagiarism
http://id.loc.gov/authorities/subjects/sh85103036,http://id.loc.gov/authorities/subjects/sh85103036,lcsh,650,1,Plants in art
http://id.loc.gov/authorities/subjects/sh85103036.,http://id.loc.gov/authorities/subjects/sh85103036.,lcsh,650,1,Plants in art
http://id.loc.gov/authorities/subjects/sh85103176,http://id.loc.gov/authorities/subjects/sh85103176,lcsh,650,1,Plastics as art material
http://id.loc.gov/authorities/subjects/sh85103704,http://id.loc.gov/authorities/subjects/sh85103704,lcsh,650,1,Poetry
http://id.loc.gov/authorities/subjects/sh85103704.,http://id.loc.gov/authorities/subjects/sh85103704.,lcsh,650,1,Poetry
http://id.loc.gov/authorities/subjects/sh85104348.,http://id.loc.gov/authorities/subjects/sh85104348.,lcsh,650,1,Political cartoons
http://id.loc.gov/authorities/subjects/sh85104388.,http://id.loc.gov/authorities/subjects/sh85104388.,lcsh,650,1,"Political poetry, American"
http://id.loc.gov/authorities/subjects/sh85104419.,http://id.loc.gov/authorities/subjects/sh85104419.,lcsh,650,1,"Political posters, Russian"
http://id.loc.gov/authorities/subjects/sh85104862,http://id.loc.gov/authorities/subjects/sh85104862,lcsh,650,1,Pop art
http://id.loc.gov/authorities/subjects/sh85105008.,http://id.loc.gov/authorities/subjects/sh85105008.,lcsh,650,1,Pornography
http://id.loc.gov/authorities/subjects/sh85105092.,http://id.loc.gov/authorities/subjects/sh85105092.,lcsh,650,1,Portmanteau words
http://id.loc.gov/authorities/subjects/sh85105188.,http://id.loc.gov/authorities/subjects/sh85105188.,lcsh,650,1,"Portraits, American"
http://id.loc.gov/authorities/subjects/sh85106058.,http://id.loc.gov/authorities/subjects/sh85106058.,lcsh,650,1,Pragmatics
http://id.loc.gov/authorities/subjects/sh85106113.,http://id.loc.gov/authorities/subjects/sh85106113.,lcsh,650,1,Prayer
http://id.loc.gov/authorities/subjects/sh85106310.,http://id.loc.gov/authorities/subjects/sh85106310.,lcsh,650,1,Prejudices
http://id.loc.gov/authorities/subjects/sh85106751,http://id.loc.gov/authorities/subjects/sh85106751,lcsh,650,1,Printing
http://id.loc.gov/authorities/subjects/sh85106751.,http://id.loc.gov/authorities/subjects/sh85106751.,lcsh,650,1,Printing
http://id.loc.gov/authorities/subjects/sh85106766.,http://id.loc.gov/authorities/subjects/sh85106766.,lcsh,650,1,Printing -- Specimens
http://id.loc.gov/authorities/subjects/sh85106770.,http://id.loc.gov/authorities/subjects/sh85106770.,lcsh,650,1,Printing -- Great Britain
http://id.loc.gov/authorities/subjects/sh85106795.,http://id.loc.gov/authorities/subjects/sh85106795.,lcsh,650,1,Proofs (Printing)
http://id.loc.gov/authorities/subjects/sh85106957.,http://id.loc.gov/authorities/subjects/sh85106957.,lcsh,650,1,"Prisoners -- Legal status, laws, etc"
http://id.loc.gov/authorities/subjects/sh85107412.,http://id.loc.gov/authorities/subjects/sh85107412.,lcsh,650,1,Promises
http://id.loc.gov/authorities/subjects/sh85108403.,http://id.loc.gov/authorities/subjects/sh85108403.,lcsh,650,1,Psychic trauma
http://id.loc.gov/authorities/subjects/sh85108405.,http://id.loc.gov/authorities/subjects/sh85108405.,lcsh,650,1,Parapsychology
http://id.loc.gov/authorities/subjects/sh85108411.,http://id.loc.gov/authorities/subjects/sh85108411.,lcsh,650,1,Psychoanalysis
http://id.loc.gov/authorities/subjects/sh85109863.,http://id.loc.gov/authorities/subjects/sh85109863.,lcsh,650,1,Quilts
http://id.loc.gov/authorities/subjects/sh85110685.,http://id.loc.gov/authorities/subjects/sh85110685.,lcsh,650,1,Radiography
http://id.loc.gov/authorities/subjects/sh85111146,http://id.loc.gov/authorities/subjects/sh85111146,lcsh,650,1,Railroads -- United States
http://id.loc.gov/authorities/subjects/sh85111552.,http://id.loc.gov/authorities/subjects/sh85111552.,lcsh,650,1,Rattle (Musical instrument)
http://id.loc.gov/authorities/subjects/sh85111669.,http://id.loc.gov/authorities/subjects/sh85111669.,lcsh,650,1,Reading -- Physiological aspects
http://id.loc.gov/authorities/subjects/sh85111673.,http://id.loc.gov/authorities/subjects/sh85111673.,lcsh,650,1,"Reading, Psychology of"
http://id.loc.gov/authorities/subjects/sh85112020.,http://id.loc.gov/authorities/subjects/sh85112020.,lcsh,650,1,"Recycling (Waste, etc.)"
http://id.loc.gov/authorities/subjects/sh85112063.,http://id.loc.gov/authorities/subjects/sh85112063.,lcsh,650,1,Red in art
http://id.loc.gov/authorities/subjects/sh85112316.,http://id.loc.gov/authorities/subjects/sh85112316.,lcsh,650,1,Refuse and refuse disposal
http://id.loc.gov/authorities/subjects/sh85112565.,http://id.loc.gov/authorities/subjects/sh85112565.,lcsh,650,1,Religion and culture
http://id.loc.gov/authorities/subjects/sh85113507.,http://id.loc.gov/authorities/subjects/sh85113507.,lcsh,650,1,Revolutions
http://id.loc.gov/authorities/subjects/sh85114776.,http://id.loc.gov/authorities/subjects/sh85114776.,lcsh,650,1,Rocks in art
http://id.loc.gov/authorities/subjects/sh85116537.,http://id.loc.gov/authorities/subjects/sh85116537.,lcsh,650,1,Sailing ships -- Models
http://id.loc.gov/authorities/subjects/sh85118370.,http://id.loc.gov/authorities/subjects/sh85118370.,lcsh,650,1,School notebooks
http://id.loc.gov/authorities/subjects/sh85118614.,http://id.loc.gov/authorities/subjects/sh85118614.,lcsh,650,1,"Science, Renaissance"
http://id.loc.gov/authorities/subjects/sh85119004.,http://id.loc.gov/authorities/subjects/sh85119004.,lcsh,650,1,Sculpture
http://id.loc.gov/authorities/subjects/sh85119221,http://id.loc.gov/authorities/subjects/sh85119221,lcsh,650,1,Sea in art
http://id.loc.gov/authorities/subjects/sh85119221.,http://id.loc.gov/authorities/subjects/sh85119221.,lcsh,650,1,Sea in art
http://id.loc.gov/authorities/subjects/sh85119251.,http://id.loc.gov/authorities/subjects/sh85119251.,lcsh,650,1,Sea stories
http://id.loc.gov/authorities/subjects/sh85119321,http://id.loc.gov/authorities/subjects/sh85119321,lcsh,650,1,Seals and labels (Philately)
http://id.loc.gov/authorities/subjects/sh85119431.,http://id.loc.gov/authorities/subjects/sh85119431.,lcsh,650,1,Secrecy
http://id.loc.gov/authorities/subjects/sh85119713.,http://id.loc.gov/authorities/subjects/sh85119713.,lcsh,650,1,Self-actualization (Psychology)
http://id.loc.gov/authorities/subjects/sh85119780,http://id.loc.gov/authorities/subjects/sh85119780,lcsh,650,1,Self-portraits
http://id.loc.gov/authorities/subjects/sh85119781.,http://id.loc.gov/authorities/subjects/sh85119781.,lcsh,650,1,"Self-portraits, American"
http://id.loc.gov/authorities/subjects/sh85119787.,http://id.loc.gov/authorities/subjects/sh85119787.,lcsh,650,1,Self-publishing
http://id.loc.gov/authorities/subjects/sh85119950.,http://id.loc.gov/authorities/subjects/sh85119950.,lcsh,650,1,Semiotics
http://id.loc.gov/authorities/subjects/sh85120086.,http://id.loc.gov/authorities/subjects/sh85120086.,lcsh,650,1,Separation (Psychology)
http://id.loc.gov/authorities/subjects/sh85120553.,http://id.loc.gov/authorities/subjects/sh85120553.,lcsh,650,1,Sex -- Religious aspects
http://id.loc.gov/authorities/subjects/sh85120595,http://id.loc.gov/authorities/subjects/sh85120595,lcsh,650,1,Sex discrimination against women
http://id.loc.gov/authorities/subjects/sh85120626.,http://id.loc.gov/authorities/subjects/sh85120626.,lcsh,650,1,Sex in art
http://id.loc.gov/authorities/subjects/sh85120663,http://id.loc.gov/authorities/subjects/sh85120663,lcsh,650,1,Sex role
http://id.loc.gov/authorities/subjects/sh85120678.,http://id.loc.gov/authorities/subjects/sh85120678.,lcsh,650,1,Sexism
http://id.loc.gov/authorities/subjects/sh85120739.,http://id.loc.gov/authorities/subjects/sh85120739.,lcsh,650,1,Sexual intercourse
http://id.loc.gov/authorities/subjects/sh85121847.,http://id.loc.gov/authorities/subjects/sh85121847.,lcsh,650,1,"Short stories, Cuban"
http://id.loc.gov/authorities/subjects/sh85122862.,http://id.loc.gov/authorities/subjects/sh85122862.,lcsh,650,1,Single women
http://id.loc.gov/authorities/subjects/sh85123098.,http://id.loc.gov/authorities/subjects/sh85123098.,lcsh,650,1,Skateboarding
http://id.loc.gov/authorities/subjects/sh85123316.,http://id.loc.gov/authorities/subjects/sh85123316.,lcsh,650,1,Enslaved persons -- Social conditions
http://id.loc.gov/authorities/subjects/sh85123326.,http://id.loc.gov/authorities/subjects/sh85123326.,lcsh,650,1,Slavery -- United States
http://id.loc.gov/authorities/subjects/sh85123332.,http://id.loc.gov/authorities/subjects/sh85123332.,lcsh,650,1,Slave rebellions -- United States
http://id.loc.gov/authorities/subjects/sh85123406.,http://id.loc.gov/authorities/subjects/sh85123406.,lcsh,650,1,Sleep in art
http://id.loc.gov/authorities/subjects/sh85123727,http://id.loc.gov/authorities/subjects/sh85123727,lcsh,650,1,Snakes
http://id.loc.gov/authorities/subjects/sh85123784.,http://id.loc.gov/authorities/subjects/sh85123784.,lcsh,650,1,Snow in art
http://id.loc.gov/authorities/subjects/sh85123918.,http://id.loc.gov/authorities/subjects/sh85123918.,lcsh,650,1,Social change
http://id.loc.gov/authorities/subjects/sh85123927.,http://id.loc.gov/authorities/subjects/sh85123927.,lcsh,650,1,Social conflict
http://id.loc.gov/authorities/subjects/sh85124195.,http://id.loc.gov/authorities/subjects/sh85124195.,lcsh,650,1,Sociolinguistics
http://id.loc.gov/authorities/subjects/sh85124554.,http://id.loc.gov/authorities/subjects/sh85124554.,lcsh,650,1,Soldiers
http://id.loc.gov/authorities/subjects/sh85125033.,http://id.loc.gov/authorities/subjects/sh85125033.,lcsh,650,1,Song cycles
http://id.loc.gov/authorities/subjects/sh85125149.,http://id.loc.gov/authorities/subjects/sh85125149.,lcsh,650,1,Songs (High voice) with piano
http://id.loc.gov/authorities/subjects/sh85125392.,http://id.loc.gov/authorities/subjects/sh85125392.,lcsh,650,1,Sound recordings -- Album covers
http://id.loc.gov/authorities/subjects/sh85125492.,http://id.loc.gov/authorities/subjects/sh85125492.,,651,1,South Africa -- Politics and government -- 1961-1978
http://id.loc.gov/authorities/subjects/sh85125493.,http://id.loc.gov/authorities/subjects/sh85125493.,,651,1,South Africa -- Politics and government -- 1978-1989
http://id.loc.gov/authorities/subjects/sh85125494.,http://id.loc.gov/authorities/subjects/sh85125494.,,651,1,South Africa -- Race relations
http://id.loc.gov/authorities/subjects/sh85126049.,http://id.loc.gov/authorities/subjects/sh85126049.,,651,1,Spain -- Economic conditions
http://id.loc.gov/authorities/subjects/sh85126180.,http://id.loc.gov/authorities/subjects/sh85126180.,,651,1,Spain -- Social conditions
http://id.loc.gov/authorities/subjects/sh85126434.,http://id.loc.gov/authorities/subjects/sh85126434.,lcsh,650,1,Speech
http://id.loc.gov/authorities/subjects/sh85126625.,http://id.loc.gov/authorities/subjects/sh85126625.,lcsh,650,1,Spiders
http://id.loc.gov/authorities/subjects/sh85127084.,http://id.loc.gov/authorities/subjects/sh85127084.,lcsh,650,1,Square
http://id.loc.gov/authorities/subjects/sh85127438.,http://id.loc.gov/authorities/subjects/sh85127438.,lcsh,650,1,Stars -- Mythology
http://id.loc.gov/authorities/subjects/sh85128009.,http://id.loc.gov/authorities/subjects/sh85128009.,lcsh,650,1,Stereophonic sound systems
http://id.loc.gov/authorities/subjects/sh85128135.,http://id.loc.gov/authorities/subjects/sh85128135.,lcsh,650,1,Still-life photography
http://id.loc.gov/authorities/subjects/sh85129014.,http://id.loc.gov/authorities/subjects/sh85129014.,lcsh,650,1,String figures
http://id.loc.gov/authorities/subjects/sh85129015.,http://id.loc.gov/authorities/subjects/sh85129015.,lcsh,650,1,String in art
http://id.loc.gov/authorities/subjects/sh85129210.,http://id.loc.gov/authorities/subjects/sh85129210.,lcsh,650,1,Structuralism
http://id.loc.gov/authorities/subjects/sh85129576.,http://id.loc.gov/authorities/subjects/sh85129576.,lcsh,650,1,Subways -- Decoration
http://id.loc.gov/authorities/subjects/sh85129645,http://id.loc.gov/authorities/subjects/sh85129645,lcsh,650,1,Suffrage -- United States -- History
http://id.loc.gov/authorities/subjects/sh85129750.,http://id.loc.gov/authorities/subjects/sh85129750.,lcsh,650,1,Suicide victims
http://id.loc.gov/authorities/subjects/sh85130703.,http://id.loc.gov/authorities/subjects/sh85130703.,lcsh,650,1,Suprematism in art
http://id.loc.gov/authorities/subjects/sh85130757.,http://id.loc.gov/authorities/subjects/sh85130757.,lcsh,650,1,Surfing
http://id.loc.gov/authorities/subjects/sh85130879.,http://id.loc.gov/authorities/subjects/sh85130879.,lcsh,650,1,Survival and emergency equipment
http://id.loc.gov/authorities/subjects/sh85130882.,http://id.loc.gov/authorities/subjects/sh85130882.,lcsh,650,1,Survival
http://id.loc.gov/authorities/subjects/sh85131441.,http://id.loc.gov/authorities/subjects/sh85131441.,lcsh,650,1,Symmetry (Art)
http://id.loc.gov/authorities/subjects/sh85132770.,http://id.loc.gov/authorities/subjects/sh85132770.,lcsh,650,1,Tattooing
http://id.loc.gov/authorities/subjects/sh85133180.,http://id.loc.gov/authorities/subjects/sh85133180.,lcsh,650,1,Technology and civilization
http://id.loc.gov/authorities/subjects/sh85133190.,http://id.loc.gov/authorities/subjects/sh85133190.,lcsh,650,1,Technology in art
http://id.loc.gov/authorities/subjects/sh85133589.,http://id.loc.gov/authorities/subjects/sh85133589.,lcsh,650,1,Television broadcasting -- United States
http://id.loc.gov/authorities/subjects/sh85134112.,http://id.loc.gov/authorities/subjects/sh85134112.,lcsh,650,1,Terrorism
http://id.loc.gov/authorities/subjects/sh85134113.,http://id.loc.gov/authorities/subjects/sh85134113.,lcsh,650,1,Terrorism in art
http://id.loc.gov/authorities/subjects/sh85134309.,http://id.loc.gov/authorities/subjects/sh85134309.,lcsh,650,1,Textile crafts
http://id.loc.gov/authorities/subjects/sh85134572,http://id.loc.gov/authorities/subjects/sh85134572,lcsh,650,1,Theater in art
http://id.loc.gov/authorities/subjects/sh85134589.,http://id.loc.gov/authorities/subjects/sh85134589.,lcsh,650,1,Theaters -- Models
http://id.loc.gov/authorities/subjects/sh85134988.,http://id.loc.gov/authorities/subjects/sh85134988.,lcsh,650,1,Thought and thinking
http://id.loc.gov/authorities/subjects/sh85136049.,http://id.loc.gov/authorities/subjects/sh85136049.,lcsh,650,1,Tools
http://id.loc.gov/authorities/subjects/sh85136123.,http://id.loc.gov/authorities/subjects/sh85136123.,lcsh,650,1,Tornadoes
http://id.loc.gov/authorities/subjects/sh85136294.,http://id.loc.gov/authorities/subjects/sh85136294.,lcsh,650,1,"Tower of the Winds (Athens, Greece)"
http://id.loc.gov/authorities/subjects/sh85136346,http://id.loc.gov/authorities/subjects/sh85136346,lcsh,650,1,Toy and movable books
http://id.loc.gov/authorities/subjects/sh85136377.,http://id.loc.gov/authorities/subjects/sh85136377.,lcsh,650,1,Toys in art
http://id.loc.gov/authorities/subjects/sh85136958.,http://id.loc.gov/authorities/subjects/sh85136958.,lcsh,650,1,Translating and interpreting
http://id.loc.gov/authorities/subjects/sh85137042.,http://id.loc.gov/authorities/subjects/sh85137042.,lcsh,650,1,Transportation -- Planning
http://id.loc.gov/authorities/subjects/sh85137086.,http://id.loc.gov/authorities/subjects/sh85137086.,lcsh,650,1,Transsexuals
http://id.loc.gov/authorities/subjects/sh85137149,http://id.loc.gov/authorities/subjects/sh85137149,lcsh,650,1,Travel
http://id.loc.gov/authorities/subjects/sh85137241,http://id.loc.gov/authorities/subjects/sh85137241,lcsh,650,1,Trees
http://id.loc.gov/authorities/subjects/sh85137260,http://id.loc.gov/authorities/subjects/sh85137260,lcsh,650,1,Trees in art
http://id.loc.gov/authorities/subjects/sh85138286.,http://id.loc.gov/authorities/subjects/sh85138286.,lcsh,650,1,Truthfulness and falsehood
http://id.loc.gov/authorities/subjects/sh85139123,http://id.loc.gov/authorities/subjects/sh85139123,lcsh,650,1,Typesetting
http://id.loc.gov/authorities/subjects/sh85139672.,http://id.loc.gov/authorities/subjects/sh85139672.,lcsh,650,1,Unicorns in art
http://id.loc.gov/authorities/subjects/sh85139943,http://id.loc.gov/authorities/subjects/sh85139943,,651,1,United States -- Civilization -- 1918-1945
http://id.loc.gov/authorities/subjects/sh85139945,http://id.loc.gov/authorities/subjects/sh85139945,,651,1,United States -- Civilization -- 1945-
http://id.loc.gov/authorities/subjects/sh85139993,http://id.loc.gov/authorities/subjects/sh85139993,,651,1,United States -- Description and travel
http://id.loc.gov/authorities/subjects/sh85140007,http://id.loc.gov/authorities/subjects/sh85140007,,651,1,United States -- Pictorial works
http://id.loc.gov/authorities/subjects/sh85140008.,http://id.loc.gov/authorities/subjects/sh85140008.,lcsh,650,1,"Diplomatic and consular service, American"
http://id.loc.gov/authorities/subjects/sh85140055.,http://id.loc.gov/authorities/subjects/sh85140055.,lcsh,650,1,Immigrants -- United States
http://id.loc.gov/authorities/subjects/sh85140338.,http://id.loc.gov/authorities/subjects/sh85140338.,,651,1,"United States -- History, Military"
http://id.loc.gov/authorities/subjects/sh85140494.,http://id.loc.gov/authorities/subjects/sh85140494.,,651,1,United States -- Race relations
http://id.loc.gov/authorities/subjects/sh85140553.,http://id.loc.gov/authorities/subjects/sh85140553.,,651,1,"United States -- Statistics, Medical"
http://id.loc.gov/authorities/subjects/sh85141637.,http://id.loc.gov/authorities/subjects/sh85141637.,lcsh,650,1,Utopias in literature
http://id.loc.gov/authorities/subjects/sh85141832.,http://id.loc.gov/authorities/subjects/sh85141832.,lcsh,650,1,Valentines
http://id.loc.gov/authorities/subjects/sh85142739.,http://id.loc.gov/authorities/subjects/sh85142739.,lcsh,650,1,Venn diagrams
http://id.loc.gov/authorities/subjects/sh85143195,http://id.loc.gov/authorities/subjects/sh85143195,lcsh,650,1,Video art
http://id.loc.gov/authorities/subjects/sh85143195.,http://id.loc.gov/authorities/subjects/sh85143195.,lcsh,650,1,Video art
http://id.loc.gov/authorities/subjects/sh85143202.,http://id.loc.gov/authorities/subjects/sh85143202.,lcsh,650,1,Video games
http://id.loc.gov/authorities/subjects/sh85143292.,http://id.loc.gov/authorities/subjects/sh85143292.,lcsh,650,1,"Vietnam War, 1961-1975 -- United States"
http://id.loc.gov/authorities/subjects/sh85143514,http://id.loc.gov/authorities/subjects/sh85143514,lcsh,650,1,Violence
http://id.loc.gov/authorities/subjects/sh85143514.,http://id.loc.gov/authorities/subjects/sh85143514.,lcsh,650,1,Violence
http://id.loc.gov/authorities/subjects/sh85143924,http://id.loc.gov/authorities/subjects/sh85143924,lcsh,650,1,Visual literature
http://id.loc.gov/authorities/subjects/sh85143931.,http://id.loc.gov/authorities/subjects/sh85143931.,lcsh,650,1,Visual poetry
http://id.loc.gov/authorities/subjects/sh85143932.,http://id.loc.gov/authorities/subjects/sh85143932.,lcsh,650,1,"Visual poetry, American"
http://id.loc.gov/authorities/subjects/sh85143934.,http://id.loc.gov/authorities/subjects/sh85143934.,lcsh,650,1,"Visual poetry, French"
http://id.loc.gov/authorities/subjects/sh85144400.,http://id.loc.gov/authorities/subjects/sh85144400.,lcsh,650,1,Vodou in art
http://id.loc.gov/authorities/subjects/sh85145197.,http://id.loc.gov/authorities/subjects/sh85145197.,lcsh,650,1,War photography
http://id.loc.gov/authorities/subjects/sh85146485.,http://id.loc.gov/authorities/subjects/sh85146485.,lcsh,650,1,White in art
http://id.loc.gov/authorities/subjects/sh85146512.,http://id.loc.gov/authorities/subjects/sh85146512.,,651,1,White Sea (Russia)
http://id.loc.gov/authorities/subjects/sh85146691.,http://id.loc.gov/authorities/subjects/sh85146691.,lcsh,650,1,Wild west shows
http://id.loc.gov/authorities/subjects/sh85147034.,http://id.loc.gov/authorities/subjects/sh85147034.,lcsh,650,1,Winter in art
http://id.loc.gov/authorities/subjects/sh85147149,http://id.loc.gov/authorities/subjects/sh85147149,lcsh,650,1,Witchcraft in art
http://id.loc.gov/authorities/subjects/sh85147274.,http://id.loc.gov/authorities/subjects/sh85147274.,lcsh,650,1,Women
http://id.loc.gov/authorities/subjects/sh85147333.,http://id.loc.gov/authorities/subjects/sh85147333.,lcsh,650,1,Women -- Psychology
http://id.loc.gov/authorities/subjects/sh85147433.,http://id.loc.gov/authorities/subjects/sh85147433.,lcsh,650,1,Women and religion
http://id.loc.gov/authorities/subjects/sh85147447.,http://id.loc.gov/authorities/subjects/sh85147447.,lcsh,650,1,Women artists
http://id.loc.gov/authorities/subjects/sh85147554.,http://id.loc.gov/authorities/subjects/sh85147554.,lcsh,650,1,Women in art
http://id.loc.gov/authorities/subjects/sh85147589.,http://id.loc.gov/authorities/subjects/sh85147589.,lcsh,650,1,Women in mass media
http://id.loc.gov/authorities/subjects/sh85147689.,http://id.loc.gov/authorities/subjects/sh85147689.,lcsh,650,1,Women printers
http://id.loc.gov/authorities/subjects/sh85147765,http://id.loc.gov/authorities/subjects/sh85147765,lcsh,650,1,Women's rights
http://id.loc.gov/authorities/subjects/sh85148124.,http://id.loc.gov/authorities/subjects/sh85148124.,lcsh,650,1,Obscene words
http://id.loc.gov/authorities/subjects/sh85148139.,http://id.loc.gov/authorities/subjects/sh85148139.,lcsh,650,1,Work and family
http://id.loc.gov/authorities/subjects/sh85148284.,http://id.loc.gov/authorities/subjects/sh85148284.,lcsh,650,1,"World War, 1939-1945 -- Art and the war"
http://id.loc.gov/authorities/subjects/sh85148445.,http://id.loc.gov/authorities/subjects/sh85148445.,lcsh,650,1,"World War, 1939-1945 -- Monuments"
http://id.loc.gov/authorities/subjects/sh85148589.,http://id.loc.gov/authorities/subjects/sh85148589.,lcsh,650,1,Wounds and injuries
http://id.loc.gov/authorities/subjects/sh85149732.,http://id.loc.gov/authorities/subjects/sh85149732.,lcsh,650,1,Zen poetry
http://id.loc.gov/authorities/subjects/sh85149938.,http://id.loc.gov/authorities/subjects/sh85149938.,lcsh,650,1,Zodiac
http://id.loc.gov/authorities/subjects/sh86000984.,http://id.loc.gov/authorities/subjects/sh86000984.,lcsh,650,1,Erotic drawing
http://id.loc.gov/authorities/subjects/sh86006365.,http://id.loc.gov/authorities/subjects/sh86006365.,lcsh,650,1,Hairstyles
http://id.loc.gov/authorities/subjects/sh87000526.,http://id.loc.gov/authorities/subjects/sh87000526.,lcsh,650,1,New Age movement
http://id.loc.gov/authorities/subjects/sh87002172.,http://id.loc.gov/authorities/subjects/sh87002172.,lcsh,650,1,Social networks
http://id.loc.gov/authorities/subjects/sh87003896.,http://id.loc.gov/authorities/subjects/sh87003896.,lcsh,650,1,Monuments -- Washington (D.C.)
http://id.loc.gov/authorities/subjects/sh87004216.,http://id.loc.gov/authorities/subjects/sh87004216.,lcsh,650,1,Sustainable agriculture
http://id.loc.gov/authorities/subjects/sh87006080.,http://id.loc.gov/authorities/subjects/sh87006080.,lcsh,650,1,Vigilantes
http://id.loc.gov/authorities/subjects/sh87006735.,http://id.loc.gov/authorities/subjects/sh87006735.,lcsh,650,1,"Visual poetry, Uruguayan"
http://id.loc.gov/authorities/subjects/sh87007297.,http://id.loc.gov/authorities/subjects/sh87007297.,lcsh,650,1,Fluxus (Group of artists)
http://id.loc.gov/authorities/subjects/sh88000512,http://id.loc.gov/authorities/subjects/sh88000512,lcsh,650,1,Art -- Humor
http://id.loc.gov/authorities/subjects/sh88001424.,http://id.loc.gov/authorities/subjects/sh88001424.,lcsh,650,1,Drunkenness (Philosophy)
http://id.loc.gov/authorities/subjects/sh88003566.,http://id.loc.gov/authorities/subjects/sh88003566.,lcsh,650,1,It (The English word)
http://id.loc.gov/authorities/subjects/sh88004378.,http://id.loc.gov/authorities/subjects/sh88004378.,lcsh,650,1,Filipinos -- United States
http://id.loc.gov/authorities/subjects/sh88005224.,http://id.loc.gov/authorities/subjects/sh88005224.,lcsh,650,1,Communication and culture
http://id.loc.gov/authorities/subjects/sh88005530.,http://id.loc.gov/authorities/subjects/sh88005530.,lcsh,650,1,Folklore -- Mexico
http://id.loc.gov/authorities/subjects/sh88006552.,http://id.loc.gov/authorities/subjects/sh88006552.,lcsh,650,1,Homophobia
http://id.loc.gov/authorities/subjects/sh88007892.,http://id.loc.gov/authorities/subjects/sh88007892.,lcsh,650,1,"Exiles' writings, Cuban"
http://id.loc.gov/authorities/subjects/sh89000304,http://id.loc.gov/authorities/subjects/sh89000304,,651,1,Gila National Forest (N.M.)
http://id.loc.gov/authorities/subjects/sh89000478.,http://id.loc.gov/authorities/subjects/sh89000478.,lcsh,650,1,Postmodernism (Literature)
http://id.loc.gov/authorities/subjects/sh89000812.,http://id.loc.gov/authorities/subjects/sh89000812.,lcsh,650,1,Global warming
http://id.loc.gov/authorities/subjects/sh89001224.,http://id.loc.gov/authorities/subjects/sh89001224.,lcsh,650,1,Environment (Art) -- United States
http://id.loc.gov/authorities/subjects/sh89001760.,http://id.loc.gov/authorities/subjects/sh89001760.,lcsh,650,1,"Art, Soviet"
http://id.loc.gov/authorities/subjects/sh89001771.,http://id.loc.gov/authorities/subjects/sh89001771.,lcsh,650,1,"Posters, Soviet"
http://id.loc.gov/authorities/subjects/sh89002047.,http://id.loc.gov/authorities/subjects/sh89002047.,lcsh,650,1,"Propaganda, Soviet"
http://id.loc.gov/authorities/subjects/sh89002495.,http://id.loc.gov/authorities/subjects/sh89002495.,lcsh,650,1,Cross-dressers
http://id.loc.gov/authorities/subjects/sh89004185.,http://id.loc.gov/authorities/subjects/sh89004185.,lcsh,650,1,Puppet theater
http://id.loc.gov/authorities/subjects/sh89005492.,http://id.loc.gov/authorities/subjects/sh89005492.,lcsh,650,1,Fossils
http://id.loc.gov/authorities/subjects/sh89005495.,http://id.loc.gov/authorities/subjects/sh89005495.,lcsh,650,1,Animal rights
http://id.loc.gov/authorities/subjects/sh89006640.,http://id.loc.gov/authorities/subjects/sh89006640.,lcsh,650,1,"Arts, Argentine"
http://id.loc.gov/authorities/subjects/sh90001578.,http://id.loc.gov/authorities/subjects/sh90001578.,,651,1,Iran -- Social conditions
http://id.loc.gov/authorities/subjects/sh90001789.,http://id.loc.gov/authorities/subjects/sh90001789.,lcsh,650,1,Photography -- Digital techniques
http://id.loc.gov/authorities/subjects/sh90002643.,http://id.loc.gov/authorities/subjects/sh90002643.,lcsh,650,1,Regret
http://id.loc.gov/authorities/subjects/sh90003032.,http://id.loc.gov/authorities/subjects/sh90003032.,lcsh,650,1,Heart -- Folklore
http://id.loc.gov/authorities/subjects/sh90003519.,http://id.loc.gov/authorities/subjects/sh90003519.,lcsh,650,1,Source code (Computer science)
http://id.loc.gov/authorities/subjects/sh90004751.,http://id.loc.gov/authorities/subjects/sh90004751.,lcsh,650,1,"Serigraphy, Mexican"
http://id.loc.gov/authorities/subjects/sh91001601.,http://id.loc.gov/authorities/subjects/sh91001601.,lcsh,650,1,Ecofeminism
http://id.loc.gov/authorities/subjects/sh91002236.,http://id.loc.gov/authorities/subjects/sh91002236.,lcsh,650,1,Historical reenactments
http://id.loc.gov/authorities/subjects/sh91003538.,http://id.loc.gov/authorities/subjects/sh91003538.,,651,1,North Shore (Mass. : Coast)
http://id.loc.gov/authorities/subjects/sh91003756.,http://id.loc.gov/authorities/subjects/sh91003756.,lcsh,650,1,Gender identity
http://id.loc.gov/authorities/subjects/sh91006098.,http://id.loc.gov/authorities/subjects/sh91006098.,lcsh,650,1,Personal archives
http://id.loc.gov/authorities/subjects/sh92001504.,http://id.loc.gov/authorities/subjects/sh92001504.,lcsh,650,1,Man-woman relationships
http://id.loc.gov/authorities/subjects/sh93001184.,http://id.loc.gov/authorities/subjects/sh93001184.,lcsh,650,1,Outsider art
http://id.loc.gov/authorities/subjects/sh93002335.,http://id.loc.gov/authorities/subjects/sh93002335.,lcsh,650,1,Photocollage
http://id.loc.gov/authorities/subjects/sh93003796.,http://id.loc.gov/authorities/subjects/sh93003796.,lcsh,650,1,Action figures (Toys)
http://id.loc.gov/authorities/subjects/sh93005742.,http://id.loc.gov/authorities/subjects/sh93005742.,lcsh,650,1,Teenage girls in popular culture
http://id.loc.gov/authorities/subjects/sh93007118,http://id.loc.gov/authorities/subjects/sh93007118,lcsh,650,1,Appropriation (Art)
http://id.loc.gov/authorities/subjects/sh93007871.,http://id.loc.gov/authorities/subjects/sh93007871.,lcsh,650,1,Women -- Mexico
http://id.loc.gov/authorities/subjects/sh93008343.,http://id.loc.gov/authorities/subjects/sh93008343.,lcsh,650,1,Imaginary companions
http://id.loc.gov/authorities/subjects/sh93009395.,http://id.loc.gov/authorities/subjects/sh93009395.,lcsh,650,1,Beadwork -- United States
http://id.loc.gov/authorities/subjects/sh94000680.,http://id.loc.gov/authorities/subjects/sh94000680.,lcsh,650,1,Otomi mythology
http://id.loc.gov/authorities/subjects/sh94000681.,http://id.loc.gov/authorities/subjects/sh94000681.,lcsh,650,1,Yaqui mythology
http://id.loc.gov/authorities/subjects/sh94000960.,http://id.loc.gov/authorities/subjects/sh94000960.,lcsh,650,1,Nahua mythology
http://id.loc.gov/authorities/subjects/sh94001190.,http://id.loc.gov/authorities/subjects/sh94001190.,lcsh,650,1,Landscape archaeology
http://id.loc.gov/authorities/subjects/sh94002076.,http://id.loc.gov/authorities/subjects/sh94002076.,lcsh,650,1,Nuclear power plants -- Accidents
http://id.loc.gov/authorities/subjects/sh94002873.,http://id.loc.gov/authorities/subjects/sh94002873.,lcsh,650,1,Social epistemology
http://id.loc.gov/authorities/subjects/sh94003046.,http://id.loc.gov/authorities/subjects/sh94003046.,lcsh,650,1,Personal information management
http://id.loc.gov/authorities/subjects/sh94004191.,http://id.loc.gov/authorities/subjects/sh94004191.,lcsh,650,1,Stills (Motion pictures)
http://id.loc.gov/authorities/subjects/sh94004256.,http://id.loc.gov/authorities/subjects/sh94004256.,lcsh,650,1,Encyclopedias and dictionaries in literature
http://id.loc.gov/authorities/subjects/sh94005448.,http://id.loc.gov/authorities/subjects/sh94005448.,lcsh,650,1,Tzotzil women
http://id.loc.gov/authorities/subjects/sh94005718.,http://id.loc.gov/authorities/subjects/sh94005718.,lcsh,650,1,Cryptozoology
http://id.loc.gov/authorities/subjects/sh94006910.,http://id.loc.gov/authorities/subjects/sh94006910.,lcsh,650,1,"Prisoners' writings, Mexican"
http://id.loc.gov/authorities/subjects/sh94007824.,http://id.loc.gov/authorities/subjects/sh94007824.,lcsh,650,1,Physics in literature
http://id.loc.gov/authorities/subjects/sh94008438,http://id.loc.gov/authorities/subjects/sh94008438,lcsh,650,1,Quotation in literature
http://id.loc.gov/authorities/subjects/sh94009167.,http://id.loc.gov/authorities/subjects/sh94009167.,lcsh,650,1,Wolves in literature
http://id.loc.gov/authorities/subjects/sh94009624.,http://id.loc.gov/authorities/subjects/sh94009624.,lcsh,650,1,Rave culture
http://id.loc.gov/authorities/subjects/sh95001585.,http://id.loc.gov/authorities/subjects/sh95001585.,lcsh,650,1,"Concrete poetry, American"
http://id.loc.gov/authorities/subjects/sh95002159.,http://id.loc.gov/authorities/subjects/sh95002159.,lcsh,650,1,Fine books
http://id.loc.gov/authorities/subjects/sh95006487.,http://id.loc.gov/authorities/subjects/sh95006487.,lcsh,650,1,Radio art
http://id.loc.gov/authorities/subjects/sh95008487.,http://id.loc.gov/authorities/subjects/sh95008487.,lcsh,650,1,Passing (Identity)
http://id.loc.gov/authorities/subjects/sh95010633.,http://id.loc.gov/authorities/subjects/sh95010633.,lcsh,650,1,Perl (Computer program language)
http://id.loc.gov/authorities/subjects/sh96000331.,http://id.loc.gov/authorities/subjects/sh96000331.,lcsh,650,1,Exploitation
http://id.loc.gov/authorities/subjects/sh96004603,http://id.loc.gov/authorities/subjects/sh96004603,lcsh,650,1,Library materials -- Conservation and restoration
http://id.loc.gov/authorities/subjects/sh96006510.,http://id.loc.gov/authorities/subjects/sh96006510.,lcsh,650,1,Serial murderers in literature
http://id.loc.gov/authorities/subjects/sh96007717.,http://id.loc.gov/authorities/subjects/sh96007717.,lcsh,650,1,Female nude in art
http://id.loc.gov/authorities/subjects/sh96008160,http://id.loc.gov/authorities/subjects/sh96008160,lcsh,650,1,Performance art -- United States
http://id.loc.gov/authorities/subjects/sh96009027.,http://id.loc.gov/authorities/subjects/sh96009027.,lcsh,650,1,Garden structures -- Germany
http://id.loc.gov/authorities/subjects/sh96009241,http://id.loc.gov/authorities/subjects/sh96009241,lcsh,650,1,"Concrete poetry, French"
http://id.loc.gov/authorities/subjects/sh96011080.,http://id.loc.gov/authorities/subjects/sh96011080.,lcsh,650,1,Aging in art
http://id.loc.gov/authorities/subjects/sh96011083.,http://id.loc.gov/authorities/subjects/sh96011083.,lcsh,650,1,AIDS (Disease) in art
http://id.loc.gov/authorities/subjects/sh96011089.,http://id.loc.gov/authorities/subjects/sh96011089.,lcsh,650,1,Coffee in art
http://id.loc.gov/authorities/subjects/sh96011104.,http://id.loc.gov/authorities/subjects/sh96011104.,lcsh,650,1,Consumption (Economics) in art
http://id.loc.gov/authorities/subjects/sh96011363.,http://id.loc.gov/authorities/subjects/sh96011363.,lcsh,650,1,Crime in art
http://id.loc.gov/authorities/subjects/sh96011397,http://id.loc.gov/authorities/subjects/sh96011397,lcsh,650,1,Baseball in art
http://id.loc.gov/authorities/subjects/sh96011443.,http://id.loc.gov/authorities/subjects/sh96011443.,lcsh,650,1,Astronomy in art
http://id.loc.gov/authorities/subjects/sh96011493.,http://id.loc.gov/authorities/subjects/sh96011493.,lcsh,650,1,USB (Computer bus)
http://id.loc.gov/authorities/subjects/sh96011505.,http://id.loc.gov/authorities/subjects/sh96011505.,lcsh,650,1,Desire in art
http://id.loc.gov/authorities/subjects/sh96011510.,http://id.loc.gov/authorities/subjects/sh96011510.,lcsh,650,1,Devil in art
http://id.loc.gov/authorities/subjects/sh96011516.,http://id.loc.gov/authorities/subjects/sh96011516.,lcsh,650,1,Dwellings in art
http://id.loc.gov/authorities/subjects/sh96011522.,http://id.loc.gov/authorities/subjects/sh96011522.,lcsh,650,1,Fables in art
http://id.loc.gov/authorities/subjects/sh96011616.,http://id.loc.gov/authorities/subjects/sh96011616.,lcsh,650,1,Bee culture in art
http://id.loc.gov/authorities/subjects/sh96011714.,http://id.loc.gov/authorities/subjects/sh96011714.,lcsh,650,1,Boundaries in art
http://id.loc.gov/authorities/subjects/sh96011758.,http://id.loc.gov/authorities/subjects/sh96011758.,lcsh,650,1,Childbirth in art
http://id.loc.gov/authorities/subjects/sh96011828.,http://id.loc.gov/authorities/subjects/sh96011828.,lcsh,650,1,Identity (Psychology) in art
http://id.loc.gov/authorities/subjects/sh96011924.,http://id.loc.gov/authorities/subjects/sh96011924.,lcsh,650,1,National socialism in art
http://id.loc.gov/authorities/subjects/sh96011960.,http://id.loc.gov/authorities/subjects/sh96011960.,lcsh,650,1,Privacy in art
http://id.loc.gov/authorities/subjects/sh96011980.,http://id.loc.gov/authorities/subjects/sh96011980.,lcsh,650,1,Slavery in art
http://id.loc.gov/authorities/subjects/sh96012003.,http://id.loc.gov/authorities/subjects/sh96012003.,lcsh,650,1,Sex role in art
http://id.loc.gov/authorities/subjects/sh96012007.,http://id.loc.gov/authorities/subjects/sh96012007.,lcsh,650,1,Spirituality in art
http://id.loc.gov/authorities/subjects/sh96012133.,http://id.loc.gov/authorities/subjects/sh96012133.,lcsh,650,1,Tango (Dance) in art
http://id.loc.gov/authorities/subjects/sh96012208.,http://id.loc.gov/authorities/subjects/sh96012208.,lcsh,650,1,Ideology in art
http://id.loc.gov/authorities/subjects/sh96012210.,http://id.loc.gov/authorities/subjects/sh96012210.,lcsh,650,1,Torture in art
http://id.loc.gov/authorities/subjects/sh96012218,http://id.loc.gov/authorities/subjects/sh96012218,lcsh,650,1,Tree of life in art
http://id.loc.gov/authorities/subjects/sh96012229,http://id.loc.gov/authorities/subjects/sh96012229,lcsh,650,1,Alchemy in art
http://id.loc.gov/authorities/subjects/sh96012263.,http://id.loc.gov/authorities/subjects/sh96012263.,lcsh,650,1,Anxiety in art
http://id.loc.gov/authorities/subjects/sh96012267,http://id.loc.gov/authorities/subjects/sh96012267,lcsh,650,1,Apes in art
http://id.loc.gov/authorities/subjects/sh96012272,http://id.loc.gov/authorities/subjects/sh96012272,lcsh,650,1,Card games in art
http://id.loc.gov/authorities/subjects/sh96012272.,http://id.loc.gov/authorities/subjects/sh96012272.,lcsh,650,1,Card games in art
http://id.loc.gov/authorities/subjects/sh97000042.,http://id.loc.gov/authorities/subjects/sh97000042.,lcsh,650,1,Nuclear explosions in art
http://id.loc.gov/authorities/subjects/sh97000077.,http://id.loc.gov/authorities/subjects/sh97000077.,lcsh,650,1,Dolls in art
http://id.loc.gov/authorities/subjects/sh97000120,http://id.loc.gov/authorities/subjects/sh97000120,lcsh,650,1,Palms in art
http://id.loc.gov/authorities/subjects/sh97000131.,http://id.loc.gov/authorities/subjects/sh97000131.,lcsh,650,1,Parables in art
http://id.loc.gov/authorities/subjects/sh97000215,http://id.loc.gov/authorities/subjects/sh97000215,lcsh,650,1,Paranoia in art
http://id.loc.gov/authorities/subjects/sh97000334.,http://id.loc.gov/authorities/subjects/sh97000334.,lcsh,650,1,Playing cards in art
http://id.loc.gov/authorities/subjects/sh97000348.,http://id.loc.gov/authorities/subjects/sh97000348.,lcsh,650,1,Political prisoners in art
http://id.loc.gov/authorities/subjects/sh97000485.,http://id.loc.gov/authorities/subjects/sh97000485.,lcsh,650,1,Prairies in art
http://id.loc.gov/authorities/subjects/sh97000486.,http://id.loc.gov/authorities/subjects/sh97000486.,lcsh,650,1,Pregnancy in art
http://id.loc.gov/authorities/subjects/sh97000558.,http://id.loc.gov/authorities/subjects/sh97000558.,lcsh,650,1,Shipwrecks in art
http://id.loc.gov/authorities/subjects/sh97000561.,http://id.loc.gov/authorities/subjects/sh97000561.,lcsh,650,1,Shoes in art
http://id.loc.gov/authorities/subjects/sh97000660,http://id.loc.gov/authorities/subjects/sh97000660,lcsh,650,1,Pyramids in art
http://id.loc.gov/authorities/subjects/sh97000679.,http://id.loc.gov/authorities/subjects/sh97000679.,lcsh,650,1,Social isolation in art
http://id.loc.gov/authorities/subjects/sh97000691.,http://id.loc.gov/authorities/subjects/sh97000691.,lcsh,650,1,Socialism in art
http://id.loc.gov/authorities/subjects/sh97000718.,http://id.loc.gov/authorities/subjects/sh97000718.,lcsh,650,1,Reality in art
http://id.loc.gov/authorities/subjects/sh97000725.,http://id.loc.gov/authorities/subjects/sh97000725.,lcsh,650,1,Reflection (Optics) in art
http://id.loc.gov/authorities/subjects/sh97000745.,http://id.loc.gov/authorities/subjects/sh97000745.,lcsh,650,1,Religion in art
http://id.loc.gov/authorities/subjects/sh97000845.,http://id.loc.gov/authorities/subjects/sh97000845.,lcsh,650,1,Roosters in art
http://id.loc.gov/authorities/subjects/sh97000884,http://id.loc.gov/authorities/subjects/sh97000884,lcsh,650,1,Fairy tales in art
http://id.loc.gov/authorities/subjects/sh97000884.,http://id.loc.gov/authorities/subjects/sh97000884.,lcsh,650,1,Fairy tales in art
http://id.loc.gov/authorities/subjects/sh97000989,http://id.loc.gov/authorities/subjects/sh97000989,lcsh,650,1,Frogs in art
http://id.loc.gov/authorities/subjects/sh97000999.,http://id.loc.gov/authorities/subjects/sh97000999.,lcsh,650,1,Gender identity in art
http://id.loc.gov/authorities/subjects/sh97001001,http://id.loc.gov/authorities/subjects/sh97001001,lcsh,650,1,Geometrical constructions in art
http://id.loc.gov/authorities/subjects/sh97001016.,http://id.loc.gov/authorities/subjects/sh97001016.,lcsh,650,1,Sound in art
http://id.loc.gov/authorities/subjects/sh97001017.,http://id.loc.gov/authorities/subjects/sh97001017.,lcsh,650,1,Sound recordings in art
http://id.loc.gov/authorities/subjects/sh97001018.,http://id.loc.gov/authorities/subjects/sh97001018.,lcsh,650,1,Space (Architecture) in art
http://id.loc.gov/authorities/subjects/sh97001145.,http://id.loc.gov/authorities/subjects/sh97001145.,lcsh,650,1,People with disabilities in art
http://id.loc.gov/authorities/subjects/sh97001238.,http://id.loc.gov/authorities/subjects/sh97001238.,lcsh,650,1,Healing in art
http://id.loc.gov/authorities/subjects/sh97001257.,http://id.loc.gov/authorities/subjects/sh97001257.,lcsh,650,1,Saints in art
http://id.loc.gov/authorities/subjects/sh97001269,http://id.loc.gov/authorities/subjects/sh97001269,lcsh,650,1,Stadiums in art
http://id.loc.gov/authorities/subjects/sh97001421.,http://id.loc.gov/authorities/subjects/sh97001421.,lcsh,650,1,Seduction in art
http://id.loc.gov/authorities/subjects/sh97001429.,http://id.loc.gov/authorities/subjects/sh97001429.,lcsh,650,1,Senses and sensation in art
http://id.loc.gov/authorities/subjects/sh97001450,http://id.loc.gov/authorities/subjects/sh97001450,lcsh,650,1,Sharks in art
http://id.loc.gov/authorities/subjects/sh97001631,http://id.loc.gov/authorities/subjects/sh97001631,lcsh,650,1,Television in art
http://id.loc.gov/authorities/subjects/sh97001649.,http://id.loc.gov/authorities/subjects/sh97001649.,lcsh,650,1,Thirteen (The number) in art
http://id.loc.gov/authorities/subjects/sh97001769.,http://id.loc.gov/authorities/subjects/sh97001769.,lcsh,650,1,Type and type-founding in art
http://id.loc.gov/authorities/subjects/sh97001911.,http://id.loc.gov/authorities/subjects/sh97001911.,lcsh,650,1,Lesbians in art
http://id.loc.gov/authorities/subjects/sh97001961.,http://id.loc.gov/authorities/subjects/sh97001961.,lcsh,650,1,Lotteries in art
http://id.loc.gov/authorities/subjects/sh97002039,http://id.loc.gov/authorities/subjects/sh97002039,lcsh,650,1,Maps in art
http://id.loc.gov/authorities/subjects/sh97002047.,http://id.loc.gov/authorities/subjects/sh97002047.,lcsh,650,1,Man-woman relationships in art
http://id.loc.gov/authorities/subjects/sh97002283.,http://id.loc.gov/authorities/subjects/sh97002283.,lcsh,650,1,Merry-go-round in art
http://id.loc.gov/authorities/subjects/sh97002286,http://id.loc.gov/authorities/subjects/sh97002286,lcsh,650,1,Metamorphosis in art
http://id.loc.gov/authorities/subjects/sh97002460.,http://id.loc.gov/authorities/subjects/sh97002460.,lcsh,650,1,Utopias in art
http://id.loc.gov/authorities/subjects/sh97002475.,http://id.loc.gov/authorities/subjects/sh97002475.,lcsh,650,1,Visions in art
http://id.loc.gov/authorities/subjects/sh97002520.,http://id.loc.gov/authorities/subjects/sh97002520.,lcsh,650,1,Monasteries in art
http://id.loc.gov/authorities/subjects/sh97002656.,http://id.loc.gov/authorities/subjects/sh97002656.,lcsh,650,1,Mysticism in art
http://id.loc.gov/authorities/subjects/sh97002671.,http://id.loc.gov/authorities/subjects/sh97002671.,lcsh,650,1,Hindu mythology in art
http://id.loc.gov/authorities/subjects/sh97002691,http://id.loc.gov/authorities/subjects/sh97002691,lcsh,650,1,Nationalism in art
http://id.loc.gov/authorities/subjects/sh97002947.,http://id.loc.gov/authorities/subjects/sh97002947.,lcsh,650,1,"Erotic stories, Mexican"
http://id.loc.gov/authorities/subjects/sh97003623.,http://id.loc.gov/authorities/subjects/sh97003623.,lcsh,650,1,On-demand printing
http://id.loc.gov/authorities/subjects/sh97003721.,http://id.loc.gov/authorities/subjects/sh97003721.,lcsh,650,1,Pain -- Treatment
http://id.loc.gov/authorities/subjects/sh97005138.,http://id.loc.gov/authorities/subjects/sh97005138.,lcsh,650,1,Graphic design (Typography)
http://id.loc.gov/authorities/subjects/sh97005153.,http://id.loc.gov/authorities/subjects/sh97005153.,lcsh,650,1,Decadence in art
http://id.loc.gov/authorities/subjects/sh97006812.,http://id.loc.gov/authorities/subjects/sh97006812.,lcsh,650,1,Racism in popular culture
http://id.loc.gov/authorities/subjects/sh97006849.,http://id.loc.gov/authorities/subjects/sh97006849.,lcsh,650,1,Quilts in literature
http://id.loc.gov/authorities/subjects/sh97008236.,http://id.loc.gov/authorities/subjects/sh97008236.,lcsh,650,1,Cancer in women
http://id.loc.gov/authorities/subjects/sh98000048.,http://id.loc.gov/authorities/subjects/sh98000048.,lcsh,650,1,Virtual reality in art
http://id.loc.gov/authorities/subjects/sh98000944.,http://id.loc.gov/authorities/subjects/sh98000944.,lcsh,650,1,Trash art
http://id.loc.gov/authorities/subjects/sh98005422.,http://id.loc.gov/authorities/subjects/sh98005422.,lcsh,650,1,Prisoners -- Civil rights
http://id.loc.gov/authorities/subjects/sh98006428.,http://id.loc.gov/authorities/subjects/sh98006428.,lcsh,650,1,Internet searching
http://id.loc.gov/authorities/subjects/sh98007384,http://id.loc.gov/authorities/subjects/sh98007384,lcsh,650,1,Street photography
http://id.loc.gov/authorities/subjects/sh99000216.,http://id.loc.gov/authorities/subjects/sh99000216.,lcsh,650,1,Pokémon (Game)
http://id.loc.gov/authorities/subjects/sh99000228.,http://id.loc.gov/authorities/subjects/sh99000228.,lcsh,650,1,DNA in art
http://id.loc.gov/authorities/subjects/sh99000378.,http://id.loc.gov/authorities/subjects/sh99000378.,lcsh,650,1,Human reproduction in art
http://id.loc.gov/authorities/subjects/sh99000615.,http://id.loc.gov/authorities/subjects/sh99000615.,lcsh,650,1,Tzotzil poetry
http://id.loc.gov/authorities/subjects/sh99001150.,http://id.loc.gov/authorities/subjects/sh99001150.,lcsh,650,1,Emigration and immigration in art
http://id.loc.gov/authorities/subjects/sh99002225.,http://id.loc.gov/authorities/subjects/sh99002225.,lcsh,650,1,Adult child sexual abuse victims in art
http://id.loc.gov/authorities/subjects/sh99002824.,http://id.loc.gov/authorities/subjects/sh99002824.,lcsh,650,1,Knives in art
http://id.loc.gov/authorities/subjects/sh99003437.,http://id.loc.gov/authorities/subjects/sh99003437.,lcsh,650,1,Open source software
http://id.loc.gov/authorities/subjects/sh99004511.,http://id.loc.gov/authorities/subjects/sh99004511.,lcsh,650,1,Telephone calls
http://id.loc.gov/authorities/subjects/sh99005926.,http://id.loc.gov/authorities/subjects/sh99005926.,lcsh,650,1,Government aid to the arts
http://id.loc.gov/authorities/subjects/sh99011655,http://id.loc.gov/authorities/subjects/sh99011655,lcsh,650,1,Sewing in art
http://id.loc.gov/authorities/subjects/sh99012913.,http://id.loc.gov/authorities/subjects/sh99012913.,lcsh,650,1,Pataphysics
http://id.loc.gov/authorities/subjects/sh99013594.,http://id.loc.gov/authorities/subjects/sh99013594.,lcsh,650,1,Imaginary biography
http://id.loc.gov/authorities/subjects/sh99014341.,http://id.loc.gov/authorities/subjects/sh99014341.,lcsh,650,1,Atomic bomb in art
http://id.loc.gov/authorities/subjects/sh99014668.,http://id.loc.gov/authorities/subjects/sh99014668.,lcsh,650,1,Pokémon (Fictitious characters)
http://id.nlm.nih.gov/mesh/D000716.,http://id.nlm.nih.gov/mesh/D000716.,mesh,650,1,"Anatomy, Artistic"
http://id.nlm.nih.gov/mesh/D001930Q000523.,http://id.nlm.nih.gov/mesh/D001930Q000523.,mesh,650,1,Brain Injuries -- psychology
http://id.nlm.nih.gov/mesh/D001930Q000534.,http://id.nlm.nih.gov/mesh/D001930Q000534.,mesh,650,1,Brain Injuries -- rehabilitation
http://id.nlm.nih.gov/mesh/D009369Q000401.,http://id.nlm.nih.gov/mesh/D009369Q000401.,mesh,650,1,Neoplasms -- mortality
http://id.nlm.nih.gov/mesh/D009369Q000453.,http://id.nlm.nih.gov/mesh/D009369Q000453.,mesh,650,1,Neoplasms -- epidemiology
http://id.nlm.nih.gov/mesh/D012606.,http://id.nlm.nih.gov/mesh/D012606.,,651,1,Scotland
http://id.nlm.nih.gov/mesh/D013502.,http://id.nlm.nih.gov/mesh/D013502.,mesh,650,1,General Surgery
http://id.nlm.nih.gov/mesh/D013502Q000266.,http://id.nlm.nih.gov/mesh/D013502Q000266.,mesh,650,1,General Surgery -- history
http://id.nlm.nih.gov/mesh/D014481.,http://id.nlm.nih.gov/mesh/D014481.,,651,1,United States
http://id.nlm.nih.gov/mesh/D049668.,http://id.nlm.nih.gov/mesh/D049668.,mesh,650,1,"History, 15th Century"
http://id.worldcat.org/fast/1000104.,http://id.worldcat.org/fast/1000104.,fast,650,1,Literature and technology
http://id.worldcat.org/fast/1002014.,http://id.worldcat.org/fast/1002014.,fast,650,1,Logic
http://id.worldcat.org/fast/1002214.,http://id.worldcat.org/fast/1002214.,fast,650,1,Loneliness
http://id.worldcat.org/fast/1002621.,http://id.worldcat.org/fast/1002621.,fast,650,1,Loss (Psychology)
http://id.worldcat.org/fast/1002710.,http://id.worldcat.org/fast/1002710.,fast,650,1,Lotteries in art
http://id.worldcat.org/fast/1002780.,http://id.worldcat.org/fast/1002780.,fast,650,1,Love -- Psychological aspects
http://id.worldcat.org/fast/1002814.,http://id.worldcat.org/fast/1002814.,fast,650,1,Love poetry
http://id.worldcat.org/fast/1003494.,http://id.worldcat.org/fast/1003494.,fast,650,1,Lumbee Indians
http://id.worldcat.org/fast/1005034.,http://id.worldcat.org/fast/1005034.,fast,650,1,Machinery in art
http://id.worldcat.org/fast/1005389.,http://id.worldcat.org/fast/1005389.,fast,650,1,Mafia
http://id.worldcat.org/fast/1005942.,http://id.worldcat.org/fast/1005942.,fast,650,1,Magpies
http://id.worldcat.org/fast/1006702.,http://id.worldcat.org/fast/1006702.,fast,650,1,Malians
http://id.worldcat.org/fast/1007088.,http://id.worldcat.org/fast/1007088.,fast,650,1,Man-woman relationships -- Psychological aspects
http://id.worldcat.org/fast/1007096.,http://id.worldcat.org/fast/1007096.,fast,650,1,Man-woman relationships in art
http://id.worldcat.org/fast/1008775.,http://id.worldcat.org/fast/1008775.,fast,650,1,Mapuche Indians
http://id.worldcat.org/fast/1008780.,http://id.worldcat.org/fast/1008780.,fast,650,1,Mapuche Indians -- Government relations
http://id.worldcat.org/fast/1008782.,http://id.worldcat.org/fast/1008782.,fast,650,1,Mapuche Indians -- Land tenure
http://id.worldcat.org/fast/1008943.,http://id.worldcat.org/fast/1008943.,fast,650,1,Marathon running
http://id.worldcat.org/fast/1009154.,http://id.worldcat.org/fast/1009154.,fast,650,1,Marginalia
http://id.worldcat.org/fast/1009155.,http://id.worldcat.org/fast/1009155.,fast,650,1,Marginalia in art
http://id.worldcat.org/fast/1009156.,http://id.worldcat.org/fast/1009156.,fast,650,1,"Marginality, Social"
http://id.worldcat.org/fast/1009386.,http://id.worldcat.org/fast/1009386.,fast,650,1,Marine animals
http://id.worldcat.org/fast/1010443.,http://id.worldcat.org/fast/1010443.,fast,650,1,Marriage
http://id.worldcat.org/fast/1010606.,http://id.worldcat.org/fast/1010606.,fast,650,1,Marriage in art
http://id.worldcat.org/fast/1011027.,http://id.worldcat.org/fast/1011027.,fast,650,1,Masculinity
http://id.worldcat.org/fast/1011097.,http://id.worldcat.org/fast/1011097.,fast,650,1,Masks in art
http://id.worldcat.org/fast/1011219.,http://id.worldcat.org/fast/1011219.,fast,650,1,Mass media
http://id.worldcat.org/fast/1011303.,http://id.worldcat.org/fast/1011303.,fast,650,1,Mass media -- Social aspects
http://id.worldcat.org/fast/1011368.,http://id.worldcat.org/fast/1011368.,fast,650,1,Mass media and sports
http://id.worldcat.org/fast/1011374.,http://id.worldcat.org/fast/1011374.,fast,650,1,Mass media and the arts
http://id.worldcat.org/fast/1011378.,http://id.worldcat.org/fast/1011378.,fast,650,1,Mass media and war
http://id.worldcat.org/fast/1011476.,http://id.worldcat.org/fast/1011476.,fast,650,1,Massacres
http://id.worldcat.org/fast/1011691.,http://id.worldcat.org/fast/1011691.,fast,650,1,Mate selection
http://id.worldcat.org/fast/1011739.,http://id.worldcat.org/fast/1011739.,fast,650,1,Material culture
http://id.worldcat.org/fast/1013121.,http://id.worldcat.org/fast/1013121.,fast,650,1,Meadows
http://id.worldcat.org/fast/1013149.,http://id.worldcat.org/fast/1013149.,fast,650,1,Meaning (Philosophy)
http://id.worldcat.org/fast/1013210.,http://id.worldcat.org/fast/1013210.,fast,650,1,Meat
http://id.worldcat.org/fast/1013753.,http://id.worldcat.org/fast/1013753.,fast,650,1,Medical care
http://id.worldcat.org/fast/1014893.,http://id.worldcat.org/fast/1014893.,fast,650,1,Medicine
http://id.worldcat.org/fast/1015121.,http://id.worldcat.org/fast/1015121.,fast,650,1,Medicine -- Study and teaching
http://id.worldcat.org/fast/1015686.,http://id.worldcat.org/fast/1015686.,fast,650,1,Melanoma
http://id.worldcat.org/fast/1015692.,http://id.worldcat.org/fast/1015692.,fast,650,1,Melanoma -- Patients
http://id.worldcat.org/fast/1015930.,http://id.worldcat.org/fast/1015930.,fast,650,1,Memory -- Political aspects
http://id.worldcat.org/fast/1015940.,http://id.worldcat.org/fast/1015940.,fast,650,1,Memory -- Social aspects
http://id.worldcat.org/fast/1015978.,http://id.worldcat.org/fast/1015978.,fast,650,1,Men
http://id.worldcat.org/fast/1016277.,http://id.worldcat.org/fast/1016277.,fast,650,1,Menstrual cycle
http://id.worldcat.org/fast/1016280.,http://id.worldcat.org/fast/1016280.,fast,650,1,Menstrual cycle -- Psychological aspects
http://id.worldcat.org/fast/1016284.,http://id.worldcat.org/fast/1016284.,fast,650,1,Menstruation
http://id.worldcat.org/fast/1016547.,http://id.worldcat.org/fast/1016547.,fast,650,1,Mental illness
http://id.worldcat.org/fast/1016699.,http://id.worldcat.org/fast/1016699.,fast,650,1,Mentally ill
http://id.worldcat.org/fast/1017262.,http://id.worldcat.org/fast/1017262.,fast,650,1,Merry-go-round in art
http://id.worldcat.org/fast/1017283.,http://id.worldcat.org/fast/1017283.,fast,650,1,Mescal
http://id.worldcat.org/fast/1019072.,http://id.worldcat.org/fast/1019072.,fast,650,1,Mexican Americans
http://id.worldcat.org/fast/1019210.,http://id.worldcat.org/fast/1019210.,fast,650,1,Mexican literature
http://id.worldcat.org/fast/1019217.,http://id.worldcat.org/fast/1019217.,fast,650,1,Mexican literature -- Women authors
http://id.worldcat.org/fast/1020261.,http://id.worldcat.org/fast/1020261.,fast,650,1,Microwaves
http://id.worldcat.org/fast/1020353.,http://id.worldcat.org/fast/1020353.,fast,650,1,Middle age
http://id.worldcat.org/fast/1020363.,http://id.worldcat.org/fast/1020363.,fast,650,1,Middle age -- Social aspects
http://id.worldcat.org/fast/1020437.,http://id.worldcat.org/fast/1020437.,fast,650,1,Middle class
http://id.worldcat.org/fast/1020672.,http://id.worldcat.org/fast/1020672.,fast,650,1,Migraine
http://id.worldcat.org/fast/1020741.,http://id.worldcat.org/fast/1020741.,fast,650,1,"Migration, Internal"
http://id.worldcat.org/fast/1020850.,http://id.worldcat.org/fast/1020850.,fast,650,1,Militarism -- Social aspects
http://id.worldcat.org/fast/1020856.,http://id.worldcat.org/fast/1020856.,fast,650,1,Military administration
http://id.worldcat.org/fast/1020874.,http://id.worldcat.org/fast/1020874.,fast,650,1,Military art and science
http://id.worldcat.org/fast/1021571.,http://id.worldcat.org/fast/1021571.,fast,650,1,Military uniforms in art
http://id.worldcat.org/fast/1021870.,http://id.worldcat.org/fast/1021870.,fast,650,1,Mills and mill-work
http://id.worldcat.org/fast/1022760.,http://id.worldcat.org/fast/1022760.,fast,650,1,"Miniature painting, Pakistani"
http://id.worldcat.org/fast/1024099.,http://id.worldcat.org/fast/1024099.,fast,650,1,Mixed media painting
http://id.worldcat.org/fast/1025086.,http://id.worldcat.org/fast/1025086.,fast,650,1,Monasteries in art
http://id.worldcat.org/fast/1025758.,http://id.worldcat.org/fast/1025758.,fast,650,1,Monsters in art
http://id.worldcat.org/fast/1026043.,http://id.worldcat.org/fast/1026043.,fast,650,1,Moral conditions
http://id.worldcat.org/fast/1026838.,http://id.worldcat.org/fast/1026838.,fast,650,1,Motels
http://id.worldcat.org/fast/1026878.,http://id.worldcat.org/fast/1026878.,fast,650,1,Mother and child
http://id.worldcat.org/fast/1026907.,http://id.worldcat.org/fast/1026907.,fast,650,1,Motherhood
http://id.worldcat.org/fast/1026918.,http://id.worldcat.org/fast/1026918.,fast,650,1,Motherhood -- Psychological aspects
http://id.worldcat.org/fast/1026940.,http://id.worldcat.org/fast/1026940.,fast,650,1,Mothers
http://id.worldcat.org/fast/1026981.,http://id.worldcat.org/fast/1026981.,fast,650,1,Mothers -- Psychology
http://id.worldcat.org/fast/1027012.,http://id.worldcat.org/fast/1027012.,fast,650,1,Mothers in art
http://id.worldcat.org/fast/1027096.,http://id.worldcat.org/fast/1027096.,fast,650,1,Motion picture actors and actresses
http://id.worldcat.org/fast/1027717.,http://id.worldcat.org/fast/1027717.,fast,650,1,Motor vehicles
http://id.worldcat.org/fast/1027824.,http://id.worldcat.org/fast/1027824.,fast,650,1,Motor vehicles -- Maintenance and repair
http://id.worldcat.org/fast/1028355.,http://id.worldcat.org/fast/1028355.,fast,650,1,Mountaineering expeditions
http://id.worldcat.org/fast/1028641.,http://id.worldcat.org/fast/1028641.,fast,650,1,Mud
http://id.worldcat.org/fast/1029781.,http://id.worldcat.org/fast/1029781.,fast,650,1,Murder
http://id.worldcat.org/fast/1029809.,http://id.worldcat.org/fast/1029809.,fast,650,1,Murder victims
http://id.worldcat.org/fast/1030143.,http://id.worldcat.org/fast/1030143.,fast,650,1,Museums -- Collection management
http://id.worldcat.org/fast/1030235.,http://id.worldcat.org/fast/1030235.,fast,650,1,Mushrooms
http://id.worldcat.org/fast/1030269.,http://id.worldcat.org/fast/1030269.,fast,650,1,Music
http://id.worldcat.org/fast/1030385.,http://id.worldcat.org/fast/1030385.,fast,650,1,Music -- Manuscripts
http://id.worldcat.org/fast/1030388.,http://id.worldcat.org/fast/1030388.,fast,650,1,Music -- Manuscripts -- Facsimiles
http://id.worldcat.org/fast/1030408.,http://id.worldcat.org/fast/1030408.,fast,650,1,Music -- Philosophy and aesthetics
http://id.worldcat.org/fast/1030779.,http://id.worldcat.org/fast/1030779.,fast,650,1,Musical notation
http://id.worldcat.org/fast/1031667.,http://id.worldcat.org/fast/1031667.,fast,650,1,Mysticism in art
http://id.worldcat.org/fast/1031804.,http://id.worldcat.org/fast/1031804.,fast,650,1,"Mythology, Greek"
http://id.worldcat.org/fast/1032195.,http://id.worldcat.org/fast/1032195.,fast,650,1,Nahua mythology
http://id.worldcat.org/fast/1032226.,http://id.worldcat.org/fast/1032226.,fast,650,1,Nahuatl language
http://id.worldcat.org/fast/1032478.,http://id.worldcat.org/fast/1032478.,fast,650,1,"Names, Personal"
http://id.worldcat.org/fast/1033816.,http://id.worldcat.org/fast/1033816.,fast,650,1,National socialism in art
http://id.worldcat.org/fast/1033818.,http://id.worldcat.org/fast/1033818.,fast,650,1,National socialism in motion pictures
http://id.worldcat.org/fast/1033994.,http://id.worldcat.org/fast/1033994.,fast,650,1,Natural disasters
http://id.worldcat.org/fast/1034350.,http://id.worldcat.org/fast/1034350.,fast,650,1,Natural history museums
http://id.worldcat.org/fast/1034687.,http://id.worldcat.org/fast/1034687.,fast,650,1,Nature photography
http://id.worldcat.org/fast/1034799.,http://id.worldcat.org/fast/1034799.,fast,650,1,Navajo Indians
http://id.worldcat.org/fast/1035219.,http://id.worldcat.org/fast/1035219.,fast,650,1,Nazis
http://id.worldcat.org/fast/1036696.,http://id.worldcat.org/fast/1036696.,fast,650,1,New Age movement
http://id.worldcat.org/fast/1039536.,http://id.worldcat.org/fast/1039536.,fast,650,1,Nostalgia
http://id.worldcat.org/fast/1039597.,http://id.worldcat.org/fast/1039597.,fast,650,1,Notebooks
http://id.worldcat.org/fast/1040095.,http://id.worldcat.org/fast/1040095.,fast,650,1,Nuclear explosions in art
http://id.worldcat.org/fast/1040436.,http://id.worldcat.org/fast/1040436.,fast,650,1,Nuclear power plants
http://id.worldcat.org/fast/1040437.,http://id.worldcat.org/fast/1040437.,fast,650,1,Nuclear power plants -- Accidents
http://id.worldcat.org/fast/1040524.,http://id.worldcat.org/fast/1040524.,fast,650,1,Nuclear power plants -- Environmental aspects
http://id.worldcat.org/fast/1040562.,http://id.worldcat.org/fast/1040562.,fast,650,1,Nuclear power plants -- Health aspects
http://id.worldcat.org/fast/1041139.,http://id.worldcat.org/fast/1041139.,fast,650,1,Nude in art
http://id.worldcat.org/fast/1041406.,http://id.worldcat.org/fast/1041406.,fast,650,1,Nuns in art
http://id.worldcat.org/fast/1041532.,http://id.worldcat.org/fast/1041532.,fast,650,1,Nursery rhymes
http://id.worldcat.org/fast/1042187.,http://id.worldcat.org/fast/1042187.,fast,650,1,Nutrition
http://id.worldcat.org/fast/1042945.,http://id.worldcat.org/fast/1042945.,fast,650,1,Observation (Psychology)
http://id.worldcat.org/fast/1045980.,http://id.worldcat.org/fast/1045980.,fast,650,1,Onomatopoeia
http://id.worldcat.org/fast/1045995.,http://id.worldcat.org/fast/1045995.,fast,650,1,Ontology
http://id.worldcat.org/fast/1046097.,http://id.worldcat.org/fast/1046097.,fast,650,1,Open source software
http://id.worldcat.org/fast/1046613.,http://id.worldcat.org/fast/1046613.,fast,650,1,Oppression (Psychology)
http://id.worldcat.org/fast/1046876.,http://id.worldcat.org/fast/1046876.,fast,650,1,Optimism
http://id.worldcat.org/fast/1047359.,http://id.worldcat.org/fast/1047359.,fast,650,1,Order
http://id.worldcat.org/fast/1048433.,http://id.worldcat.org/fast/1048433.,fast,650,1,Orphans
http://id.worldcat.org/fast/1049000.,http://id.worldcat.org/fast/1049000.,fast,650,1,Otomi mythology
http://id.worldcat.org/fast/1049134.,http://id.worldcat.org/fast/1049134.,fast,650,1,Outdoor furniture
http://id.worldcat.org/fast/1050332.,http://id.worldcat.org/fast/1050332.,fast,650,1,Pageants
http://id.worldcat.org/fast/1050382.,http://id.worldcat.org/fast/1050382.,fast,650,1,Pain
http://id.worldcat.org/fast/1050415.,http://id.worldcat.org/fast/1050415.,fast,650,1,Pain -- Treatment
http://id.worldcat.org/fast/1050433.,http://id.worldcat.org/fast/1050433.,fast,650,1,Paint
http://id.worldcat.org/fast/1050640.,http://id.worldcat.org/fast/1050640.,fast,650,1,"Painting, Abstract"
http://id.worldcat.org/fast/1050851.,http://id.worldcat.org/fast/1050851.,fast,650,1,"Painting, German"
http://id.worldcat.org/fast/1051228.,http://id.worldcat.org/fast/1051228.,fast,650,1,Pakistanis
http://id.worldcat.org/fast/1051793.,http://id.worldcat.org/fast/1051793.,fast,650,1,Palms
http://id.worldcat.org/fast/1052437.,http://id.worldcat.org/fast/1052437.,fast,650,1,Paper dolls
http://id.worldcat.org/fast/1052568.,http://id.worldcat.org/fast/1052568.,fast,650,1,Paper sculpture
http://id.worldcat.org/fast/1052665.,http://id.worldcat.org/fast/1052665.,fast,650,1,Papermaking -- Technique
http://id.worldcat.org/fast/1052772.,http://id.worldcat.org/fast/1052772.,fast,650,1,Parables in art
http://id.worldcat.org/fast/1053079.,http://id.worldcat.org/fast/1053079.,fast,650,1,Parapsychology
http://id.worldcat.org/fast/1053407.,http://id.worldcat.org/fast/1053407.,fast,650,1,Parenting
http://id.worldcat.org/fast/1053672.,http://id.worldcat.org/fast/1053672.,fast,650,1,Parking lots
http://id.worldcat.org/fast/1054130.,http://id.worldcat.org/fast/1054130.,fast,650,1,Particles (Nuclear physics)
http://id.worldcat.org/fast/1054417.,http://id.worldcat.org/fast/1054417.,fast,650,1,Passing (Identity)
http://id.worldcat.org/fast/1054779.,http://id.worldcat.org/fast/1054779.,fast,650,1,Pataphysics
http://id.worldcat.org/fast/1055254.,http://id.worldcat.org/fast/1055254.,fast,650,1,Pattern perception
http://id.worldcat.org/fast/1056770.,http://id.worldcat.org/fast/1056770.,fast,650,1,Pen drawing
http://id.worldcat.org/fast/1057237.,http://id.worldcat.org/fast/1057237.,fast,650,1,Peonies
http://id.worldcat.org/fast/1057363.,http://id.worldcat.org/fast/1057363.,fast,650,1,People with disabilities in art
http://id.worldcat.org/fast/1057637.,http://id.worldcat.org/fast/1057637.,fast,650,1,Perception (Philosophy)
http://id.worldcat.org/fast/1058226.,http://id.worldcat.org/fast/1058226.,fast,650,1,Perl (Computer program language)
http://id.worldcat.org/fast/1058566.,http://id.worldcat.org/fast/1058566.,fast,650,1,Personal archives
http://id.worldcat.org/fast/1058583.,http://id.worldcat.org/fast/1058583.,fast,650,1,Personal information management
http://id.worldcat.org/fast/1060522.,http://id.worldcat.org/fast/1060522.,fast,650,1,Phenomenology
http://id.worldcat.org/fast/1060928.,http://id.worldcat.org/fast/1060928.,fast,650,1,"Philosophy, Comparative"
http://id.worldcat.org/fast/1061499.,http://id.worldcat.org/fast/1061499.,fast,650,1,Photobooths
http://id.worldcat.org/fast/1061725.,http://id.worldcat.org/fast/1061725.,fast,650,1,Photography -- Collectors and collecting
http://id.worldcat.org/fast/1061726.,http://id.worldcat.org/fast/1061726.,fast,650,1,Photography -- Competitions
http://id.worldcat.org/fast/1061736.,http://id.worldcat.org/fast/1061736.,fast,650,1,Photography -- Digital techniques
http://id.worldcat.org/fast/1061750.,http://id.worldcat.org/fast/1061750.,fast,650,1,Photography -- Exhibitions
http://id.worldcat.org/fast/1061802.,http://id.worldcat.org/fast/1061802.,fast,650,1,Photography -- Private collections
http://id.worldcat.org/fast/1061892.,http://id.worldcat.org/fast/1061892.,fast,650,1,Photography of birds
http://id.worldcat.org/fast/1061904.,http://id.worldcat.org/fast/1061904.,fast,650,1,Photography of families
http://id.worldcat.org/fast/1061913.,http://id.worldcat.org/fast/1061913.,fast,650,1,Photography of hands
http://id.worldcat.org/fast/1061946.,http://id.worldcat.org/fast/1061946.,fast,650,1,Photography of sports
http://id.worldcat.org/fast/1061948.,http://id.worldcat.org/fast/1061948.,fast,650,1,Photography of the blind
http://id.worldcat.org/fast/1061951.,http://id.worldcat.org/fast/1061951.,fast,650,1,Photography of the nude
http://id.worldcat.org/fast/1061956.,http://id.worldcat.org/fast/1061956.,fast,650,1,Photography of water
http://id.worldcat.org/fast/1061982.,http://id.worldcat.org/fast/1061982.,fast,650,1,"Photography, Close-up"
http://id.worldcat.org/fast/1062004.,http://id.worldcat.org/fast/1062004.,fast,650,1,"Photography, Pinhole"
http://id.worldcat.org/fast/1062053.,http://id.worldcat.org/fast/1062053.,fast,650,1,Photomontage
http://id.worldcat.org/fast/1063143.,http://id.worldcat.org/fast/1063143.,fast,650,1,Physics in literature
http://id.worldcat.org/fast/1063775.,http://id.worldcat.org/fast/1063775.,fast,650,1,"Picture dictionaries, Polyglot"
http://id.worldcat.org/fast/1063812.,http://id.worldcat.org/fast/1063812.,fast,650,1,Picture puzzles
http://id.worldcat.org/fast/1064870.,http://id.worldcat.org/fast/1064870.,fast,650,1,Pit bull terriers
http://id.worldcat.org/fast/1064888.,http://id.worldcat.org/fast/1064888.,fast,650,1,Pitchers
http://id.worldcat.org/fast/1065779.,http://id.worldcat.org/fast/1065779.,fast,650,1,Plantation life
http://id.worldcat.org/fast/1065815.,http://id.worldcat.org/fast/1065815.,fast,650,1,Plantations in art
http://id.worldcat.org/fast/1065823.,http://id.worldcat.org/fast/1065823.,fast,650,1,Plants
http://id.worldcat.org/fast/1066133.,http://id.worldcat.org/fast/1066133.,fast,650,1,Plants in art
http://id.worldcat.org/fast/1067033.,http://id.worldcat.org/fast/1067033.,fast,650,1,Playing cards in art
http://id.worldcat.org/fast/1067691.,http://id.worldcat.org/fast/1067691.,fast,650,1,Poetry
http://id.worldcat.org/fast/1068239.,http://id.worldcat.org/fast/1068239.,fast,650,1,Pokémon (Fictitious characters)
http://id.worldcat.org/fast/1068240.,http://id.worldcat.org/fast/1068240.,fast,650,1,Pokémon (Game)
http://id.worldcat.org/fast/1068398.,http://id.worldcat.org/fast/1068398.,fast,650,1,Police
http://id.worldcat.org/fast/1068686.,http://id.worldcat.org/fast/1068686.,fast,650,1,Police shootings
http://id.worldcat.org/fast/1069192.,http://id.worldcat.org/fast/1069192.,fast,650,1,Political activists
http://id.worldcat.org/fast/1069221.,http://id.worldcat.org/fast/1069221.,fast,650,1,Political cartoons
http://id.worldcat.org/fast/1069363.,http://id.worldcat.org/fast/1069363.,fast,650,1,Political leadership
http://id.worldcat.org/fast/1069520.,http://id.worldcat.org/fast/1069520.,fast,650,1,"Political poetry, American"
http://id.worldcat.org/fast/1069629.,http://id.worldcat.org/fast/1069629.,fast,650,1,"Political posters, Russian"
http://id.worldcat.org/fast/1069662.,http://id.worldcat.org/fast/1069662.,fast,650,1,Political prisoners in art
http://id.worldcat.org/fast/1069678.,http://id.worldcat.org/fast/1069678.,fast,650,1,Political refugees
http://id.worldcat.org/fast/1071250.,http://id.worldcat.org/fast/1071250.,fast,650,1,Pop art
http://id.worldcat.org/fast/1071255.,http://id.worldcat.org/fast/1071255.,fast,650,1,Popcorn
http://id.worldcat.org/fast/1071875.,http://id.worldcat.org/fast/1071875.,fast,650,1,Pornography
http://id.worldcat.org/fast/1072120.,http://id.worldcat.org/fast/1072120.,fast,650,1,Portmanteau words
http://id.worldcat.org/fast/1072342.,http://id.worldcat.org/fast/1072342.,fast,650,1,"Portraits, American"
http://id.worldcat.org/fast/1072400.,http://id.worldcat.org/fast/1072400.,fast,650,1,Portuguese
http://id.worldcat.org/fast/1072762.,http://id.worldcat.org/fast/1072762.,fast,650,1,Post-traumatic stress disorder
http://id.worldcat.org/fast/1073020.,http://id.worldcat.org/fast/1073020.,fast,650,1,Postcards -- Collectors and collecting
http://id.worldcat.org/fast/1073118.,http://id.worldcat.org/fast/1073118.,fast,650,1,"Posters, Soviet"
http://id.worldcat.org/fast/1073181.,http://id.worldcat.org/fast/1073181.,fast,650,1,Postmodernism (Literature)
http://id.worldcat.org/fast/1074025.,http://id.worldcat.org/fast/1074025.,fast,650,1,Poultry industry
http://id.worldcat.org/fast/1074579.,http://id.worldcat.org/fast/1074579.,fast,650,1,Pragmatics
http://id.worldcat.org/fast/1074621.,http://id.worldcat.org/fast/1074621.,fast,650,1,Prairies in art
http://id.worldcat.org/fast/1074680.,http://id.worldcat.org/fast/1074680.,fast,650,1,Prayer
http://id.worldcat.org/fast/1075102.,http://id.worldcat.org/fast/1075102.,fast,650,1,Pregnancy
http://id.worldcat.org/fast/1075159.,http://id.worldcat.org/fast/1075159.,fast,650,1,Pregnancy in art
http://id.worldcat.org/fast/1075260.,http://id.worldcat.org/fast/1075260.,fast,650,1,Prejudices
http://id.worldcat.org/fast/1075708.,http://id.worldcat.org/fast/1075708.,fast,650,1,Presidential candidates
http://id.worldcat.org/fast/1075723.,http://id.worldcat.org/fast/1075723.,fast,650,1,Presidents
http://id.worldcat.org/fast/1075747.,http://id.worldcat.org/fast/1075747.,fast,650,1,Presidents -- Election
http://id.worldcat.org/fast/1076883.,http://id.worldcat.org/fast/1076883.,fast,650,1,"Prints, Cuban"
http://id.worldcat.org/fast/1077103.,http://id.worldcat.org/fast/1077103.,fast,650,1,Prisoners
http://id.worldcat.org/fast/1077110.,http://id.worldcat.org/fast/1077110.,fast,650,1,Prisoners -- Civil rights
http://id.worldcat.org/fast/1077155.,http://id.worldcat.org/fast/1077155.,fast,650,1,"Prisoners -- Legal status, laws, etc"
http://id.worldcat.org/fast/1077296.,http://id.worldcat.org/fast/1077296.,fast,650,1,"Prisoners' writings, Mexican"
http://id.worldcat.org/fast/1077326.,http://id.worldcat.org/fast/1077326.,fast,650,1,Prisons
http://id.worldcat.org/fast/1077442.,http://id.worldcat.org/fast/1077442.,fast,650,1,Privacy in art
http://id.worldcat.org/fast/1078755.,http://id.worldcat.org/fast/1078755.,fast,650,1,Prohibited books
http://id.worldcat.org/fast/1078900.,http://id.worldcat.org/fast/1078900.,fast,650,1,Promises
http://id.worldcat.org/fast/1078952.,http://id.worldcat.org/fast/1078952.,fast,650,1,Proofs (Printing)
http://id.worldcat.org/fast/1079000.,http://id.worldcat.org/fast/1079000.,fast,650,1,"Propaganda, Capitalist"
http://id.worldcat.org/fast/1079003.,http://id.worldcat.org/fast/1079003.,fast,650,1,"Propaganda, Communist"
http://id.worldcat.org/fast/1079046.,http://id.worldcat.org/fast/1079046.,fast,650,1,"Propaganda, Soviet"
http://id.worldcat.org/fast/1079535.,http://id.worldcat.org/fast/1079535.,fast,650,1,Prostitutes
http://id.worldcat.org/fast/1079562.,http://id.worldcat.org/fast/1079562.,fast,650,1,Prostitution
http://id.worldcat.org/fast/1081047.,http://id.worldcat.org/fast/1081047.,fast,650,1,Psychiatric hospitals
http://id.worldcat.org/fast/1081217.,http://id.worldcat.org/fast/1081217.,fast,650,1,Psychic trauma
http://id.worldcat.org/fast/1081235.,http://id.worldcat.org/fast/1081235.,fast,650,1,Psychoanalysis
http://id.worldcat.org/fast/1084220.,http://id.worldcat.org/fast/1084220.,fast,650,1,Puppet theater
http://id.worldcat.org/fast/1084235.,http://id.worldcat.org/fast/1084235.,fast,650,1,Puppets
http://id.worldcat.org/fast/1085540.,http://id.worldcat.org/fast/1085540.,fast,650,1,Quechua Indians
http://id.worldcat.org/fast/1085568.,http://id.worldcat.org/fast/1085568.,fast,650,1,Quechua Indians -- Religion
http://id.worldcat.org/fast/1085614.,http://id.worldcat.org/fast/1085614.,fast,650,1,Quechua mythology
http://id.worldcat.org/fast/1085804.,http://id.worldcat.org/fast/1085804.,fast,650,1,Quilts
http://id.worldcat.org/fast/1085823.,http://id.worldcat.org/fast/1085823.,fast,650,1,Quilts in literature
http://id.worldcat.org/fast/1086589.,http://id.worldcat.org/fast/1086589.,fast,650,1,Racial profiling in law enforcement
http://id.worldcat.org/fast/1086619.,http://id.worldcat.org/fast/1086619.,fast,650,1,Racism -- Economic aspects
http://id.worldcat.org/fast/1086627.,http://id.worldcat.org/fast/1086627.,fast,650,1,Racism -- Political aspects
http://id.worldcat.org/fast/1086659.,http://id.worldcat.org/fast/1086659.,fast,650,1,Racism in museum exhibits
http://id.worldcat.org/fast/1086660.,http://id.worldcat.org/fast/1086660.,fast,650,1,Racism in popular culture
http://id.worldcat.org/fast/1087195.,http://id.worldcat.org/fast/1087195.,fast,650,1,Radio art
http://id.worldcat.org/fast/1088072.,http://id.worldcat.org/fast/1088072.,fast,650,1,Radiography
http://id.worldcat.org/fast/1089410.,http://id.worldcat.org/fast/1089410.,fast,650,1,Rain and rainfall
http://id.worldcat.org/fast/1090022.,http://id.worldcat.org/fast/1090022.,fast,650,1,Rape victims
http://id.worldcat.org/fast/1090365.,http://id.worldcat.org/fast/1090365.,fast,650,1,Rattle (Musical instrument)
http://id.worldcat.org/fast/1090391.,http://id.worldcat.org/fast/1090391.,fast,650,1,Rave culture
http://id.worldcat.org/fast/1090626.,http://id.worldcat.org/fast/1090626.,fast,650,1,Reading
http://id.worldcat.org/fast/1090664.,http://id.worldcat.org/fast/1090664.,fast,650,1,Reading -- Physiological aspects
http://id.worldcat.org/fast/1090844.,http://id.worldcat.org/fast/1090844.,fast,650,1,"Reading, Psychology of"
http://id.worldcat.org/fast/1091248.,http://id.worldcat.org/fast/1091248.,fast,650,1,Reality in art
http://id.worldcat.org/fast/1091560.,http://id.worldcat.org/fast/1091560.,fast,650,1,Record labels
http://id.worldcat.org/fast/1092000.,http://id.worldcat.org/fast/1092000.,fast,650,1,"Recycling (Waste, etc.)"
http://id.worldcat.org/fast/1092145.,http://id.worldcat.org/fast/1092145.,fast,650,1,Red in art
http://id.worldcat.org/fast/1092490.,http://id.worldcat.org/fast/1092490.,fast,650,1,Reflection (Optics) in art
http://id.worldcat.org/fast/1092759.,http://id.worldcat.org/fast/1092759.,fast,650,1,Refrigerators
http://id.worldcat.org/fast/1093278.,http://id.worldcat.org/fast/1093278.,fast,650,1,Regret
http://id.worldcat.org/fast/1093823.,http://id.worldcat.org/fast/1093823.,fast,650,1,Religion and culture
http://id.worldcat.org/fast/1093878.,http://id.worldcat.org/fast/1093878.,fast,650,1,Religion in art
http://id.worldcat.org/fast/1094311.,http://id.worldcat.org/fast/1094311.,fast,650,1,Religious right
http://id.worldcat.org/fast/1095153.,http://id.worldcat.org/fast/1095153.,fast,650,1,Research
http://id.worldcat.org/fast/1097281.,http://id.worldcat.org/fast/1097281.,fast,650,1,Rhythm and blues music
http://id.worldcat.org/fast/1097334.,http://id.worldcat.org/fast/1097334.,fast,650,1,Rice
http://id.worldcat.org/fast/1098507.,http://id.worldcat.org/fast/1098507.,fast,650,1,Roadkill
http://id.worldcat.org/fast/1098825.,http://id.worldcat.org/fast/1098825.,fast,650,1,Roads -- Surveying
http://id.worldcat.org/fast/1099464.,http://id.worldcat.org/fast/1099464.,fast,650,1,Rocks in art
http://id.worldcat.org/fast/1100383.,http://id.worldcat.org/fast/1100383.,fast,650,1,Roosters in art
http://id.worldcat.org/fast/1101147.,http://id.worldcat.org/fast/1101147.,fast,650,1,Rugs
http://id.worldcat.org/fast/1101474.,http://id.worldcat.org/fast/1101474.,fast,650,1,Rural conditions
http://id.worldcat.org/fast/1101819.,http://id.worldcat.org/fast/1101819.,fast,650,1,Rural schools
http://id.worldcat.org/fast/1102394.,http://id.worldcat.org/fast/1102394.,fast,650,1,Russian poetry
http://id.worldcat.org/fast/1103513.,http://id.worldcat.org/fast/1103513.,fast,650,1,Sailing
http://id.worldcat.org/fast/1103529.,http://id.worldcat.org/fast/1103529.,fast,650,1,Sailing ships
http://id.worldcat.org/fast/1103534.,http://id.worldcat.org/fast/1103534.,fast,650,1,Sailing ships -- Models
http://id.worldcat.org/fast/1103670.,http://id.worldcat.org/fast/1103670.,fast,650,1,Saints in art
http://id.worldcat.org/fast/1106784.,http://id.worldcat.org/fast/1106784.,fast,650,1,Schizophrenia in art
http://id.worldcat.org/fast/1107474.,http://id.worldcat.org/fast/1107474.,fast,650,1,School integration
http://id.worldcat.org/fast/1107656.,http://id.worldcat.org/fast/1107656.,fast,650,1,School notebooks
http://id.worldcat.org/fast/1108809.,http://id.worldcat.org/fast/1108809.,fast,650,1,"Science, Renaissance"
http://id.worldcat.org/fast/1109413.,http://id.worldcat.org/fast/1109413.,fast,650,1,Scrolls
http://id.worldcat.org/fast/1109483.,http://id.worldcat.org/fast/1109483.,fast,650,1,Sculpture
http://id.worldcat.org/fast/1110397.,http://id.worldcat.org/fast/1110397.,fast,650,1,Seashore
http://id.worldcat.org/fast/1110644.,http://id.worldcat.org/fast/1110644.,fast,650,1,Secrecy
http://id.worldcat.org/fast/1110984.,http://id.worldcat.org/fast/1110984.,fast,650,1,Sedimentation and deposition
http://id.worldcat.org/fast/1111039.,http://id.worldcat.org/fast/1111039.,fast,650,1,Seduction in art
http://id.worldcat.org/fast/1111481.,http://id.worldcat.org/fast/1111481.,fast,650,1,Self-actualization (Psychology)
http://id.worldcat.org/fast/1111850.,http://id.worldcat.org/fast/1111850.,fast,650,1,"Self-portraits, American"
http://id.worldcat.org/fast/1111887.,http://id.worldcat.org/fast/1111887.,fast,650,1,Self-publishing
http://id.worldcat.org/fast/1112351.,http://id.worldcat.org/fast/1112351.,fast,650,1,Semiotics
http://id.worldcat.org/fast/1112589.,http://id.worldcat.org/fast/1112589.,fast,650,1,Senses and sensation in art
http://id.worldcat.org/fast/1112717.,http://id.worldcat.org/fast/1112717.,fast,650,1,Separation (Psychology)
http://id.worldcat.org/fast/1113113.,http://id.worldcat.org/fast/1113113.,fast,650,1,Serial murderers in literature
http://id.worldcat.org/fast/1113200.,http://id.worldcat.org/fast/1113200.,fast,650,1,"Serigraphy, Mexican"
http://id.worldcat.org/fast/1113350.,http://id.worldcat.org/fast/1113350.,fast,650,1,Serpents
http://id.worldcat.org/fast/1113355.,http://id.worldcat.org/fast/1113355.,fast,650,1,Serpents in art
http://id.worldcat.org/fast/1114124.,http://id.worldcat.org/fast/1114124.,fast,650,1,Sewing
http://id.worldcat.org/fast/1114185.,http://id.worldcat.org/fast/1114185.,fast,650,1,Sex -- Religious aspects
http://id.worldcat.org/fast/1114306.,http://id.worldcat.org/fast/1114306.,fast,650,1,Sex customs
http://id.worldcat.org/fast/1114376.,http://id.worldcat.org/fast/1114376.,fast,650,1,Sex discrimination against women
http://id.worldcat.org/fast/1114456.,http://id.worldcat.org/fast/1114456.,fast,650,1,Sex in art
http://id.worldcat.org/fast/1114647.,http://id.worldcat.org/fast/1114647.,fast,650,1,Sex role in art
http://id.worldcat.org/fast/1114686.,http://id.worldcat.org/fast/1114686.,fast,650,1,Sexism
http://id.worldcat.org/fast/1114857.,http://id.worldcat.org/fast/1114857.,fast,650,1,Sexual harassment
http://id.worldcat.org/fast/1114897.,http://id.worldcat.org/fast/1114897.,fast,650,1,Sexual intercourse
http://id.worldcat.org/fast/1115024.,http://id.worldcat.org/fast/1115024.,fast,650,1,Shades and shadows
http://id.worldcat.org/fast/1115174.,http://id.worldcat.org/fast/1115174.,fast,650,1,Shamans
http://id.worldcat.org/fast/1116352.,http://id.worldcat.org/fast/1116352.,fast,650,1,Shipping
http://id.worldcat.org/fast/1116638.,http://id.worldcat.org/fast/1116638.,fast,650,1,Shipwrecks
http://id.worldcat.org/fast/1116648.,http://id.worldcat.org/fast/1116648.,fast,650,1,Shipwrecks in art
http://id.worldcat.org/fast/1116787.,http://id.worldcat.org/fast/1116787.,fast,650,1,Shoes in art
http://id.worldcat.org/fast/1116906.,http://id.worldcat.org/fast/1116906.,fast,650,1,Shopping carts
http://id.worldcat.org/fast/1117158.,http://id.worldcat.org/fast/1117158.,fast,650,1,"Short stories, Cuban"
http://id.worldcat.org/fast/1118066.,http://id.worldcat.org/fast/1118066.,fast,650,1,Sick children
http://id.worldcat.org/fast/1118264.,http://id.worldcat.org/fast/1118264.,fast,650,1,Sign painting
http://id.worldcat.org/fast/1118311.,http://id.worldcat.org/fast/1118311.,fast,650,1,Signals and signaling
http://id.worldcat.org/fast/1118336.,http://id.worldcat.org/fast/1118336.,fast,650,1,Signs and signboards
http://id.worldcat.org/fast/1119452.,http://id.worldcat.org/fast/1119452.,fast,650,1,Single women
http://id.worldcat.org/fast/1119790.,http://id.worldcat.org/fast/1119790.,fast,650,1,Site-specific art
http://id.worldcat.org/fast/1119885.,http://id.worldcat.org/fast/1119885.,fast,650,1,Skateboarding
http://id.worldcat.org/fast/1120144.,http://id.worldcat.org/fast/1120144.,fast,650,1,Skin in art
http://id.worldcat.org/fast/1120260.,http://id.worldcat.org/fast/1120260.,fast,650,1,Sky
http://id.worldcat.org/fast/1120389.,http://id.worldcat.org/fast/1120389.,fast,650,1,Slave rebellions
http://id.worldcat.org/fast/1120393.,http://id.worldcat.org/fast/1120393.,fast,650,1,Slave labor
http://id.worldcat.org/fast/1120514.,http://id.worldcat.org/fast/1120514.,fast,650,1,Slavery in art
http://id.worldcat.org/fast/1120522.,http://id.worldcat.org/fast/1120522.,fast,650,1,Enslaved persons
http://id.worldcat.org/fast/1120577.,http://id.worldcat.org/fast/1120577.,fast,650,1,Enslaved persons -- Social conditions
http://id.worldcat.org/fast/1120819.,http://id.worldcat.org/fast/1120819.,fast,650,1,Sleep
http://id.worldcat.org/fast/1120853.,http://id.worldcat.org/fast/1120853.,fast,650,1,Sleep in art
http://id.worldcat.org/fast/1121956.,http://id.worldcat.org/fast/1121956.,fast,650,1,Snow in art
http://id.worldcat.org/fast/1122310.,http://id.worldcat.org/fast/1122310.,fast,650,1,Social change
http://id.worldcat.org/fast/1122378.,http://id.worldcat.org/fast/1122378.,fast,650,1,Social conflict
http://id.worldcat.org/fast/1122446.,http://id.worldcat.org/fast/1122446.,fast,650,1,Social epistemology
http://id.worldcat.org/fast/1122601.,http://id.worldcat.org/fast/1122601.,fast,650,1,Social isolation in art
http://id.worldcat.org/fast/1122678.,http://id.worldcat.org/fast/1122678.,fast,650,1,Social networks
http://id.worldcat.org/fast/1123713.,http://id.worldcat.org/fast/1123713.,fast,650,1,Socialism in art
http://id.worldcat.org/fast/1123847.,http://id.worldcat.org/fast/1123847.,fast,650,1,Sociolinguistics
http://id.worldcat.org/fast/1125233.,http://id.worldcat.org/fast/1125233.,fast,650,1,Soldiers
http://id.worldcat.org/fast/1125561.,http://id.worldcat.org/fast/1125561.,fast,650,1,Solitude
http://id.worldcat.org/fast/1126153.,http://id.worldcat.org/fast/1126153.,fast,650,1,Songs (High voice) with piano
http://id.worldcat.org/fast/1126526.,http://id.worldcat.org/fast/1126526.,fast,650,1,"Songs, Spanish"
http://id.worldcat.org/fast/1127003.,http://id.worldcat.org/fast/1127003.,fast,650,1,Sound in art
http://id.worldcat.org/fast/1127006.,http://id.worldcat.org/fast/1127006.,fast,650,1,Sound installations (Art)
http://id.worldcat.org/fast/1127034.,http://id.worldcat.org/fast/1127034.,fast,650,1,Sound recordings
http://id.worldcat.org/fast/1127035.,http://id.worldcat.org/fast/1127035.,fast,650,1,Sound recordings -- Album covers
http://id.worldcat.org/fast/1127063.,http://id.worldcat.org/fast/1127063.,fast,650,1,Sound recordings in art
http://id.worldcat.org/fast/1127099.,http://id.worldcat.org/fast/1127099.,fast,650,1,Sounds
http://id.worldcat.org/fast/1127128.,http://id.worldcat.org/fast/1127128.,fast,650,1,Source code (Computer science)
http://id.worldcat.org/fast/1127238.,http://id.worldcat.org/fast/1127238.,fast,650,1,South Asian literature
http://id.worldcat.org/fast/1127242.,http://id.worldcat.org/fast/1127242.,fast,650,1,South Asian poetry
http://id.worldcat.org/fast/1127253.,http://id.worldcat.org/fast/1127253.,fast,650,1,South Asians in literature
http://id.worldcat.org/fast/1127613.,http://id.worldcat.org/fast/1127613.,fast,650,1,Space (Architecture) in art
http://id.worldcat.org/fast/1127669.,http://id.worldcat.org/fast/1127669.,fast,650,1,Space debris
http://id.worldcat.org/fast/1128153.,http://id.worldcat.org/fast/1128153.,fast,650,1,Spaniards
http://id.worldcat.org/fast/1128389.,http://id.worldcat.org/fast/1128389.,fast,650,1,"Spanish language -- Glossaries, vocabularies, etc"
http://id.worldcat.org/fast/1128390.,http://id.worldcat.org/fast/1128390.,fast,650,1,Spanish language -- Grammar
http://id.worldcat.org/fast/1129153.,http://id.worldcat.org/fast/1129153.,fast,650,1,Speech
http://id.worldcat.org/fast/1129725.,http://id.worldcat.org/fast/1129725.,fast,650,1,Spices
http://id.worldcat.org/fast/1129749.,http://id.worldcat.org/fast/1129749.,fast,650,1,Spiders
http://id.worldcat.org/fast/1130201.,http://id.worldcat.org/fast/1130201.,fast,650,1,Spirituality in art
http://id.worldcat.org/fast/1131077.,http://id.worldcat.org/fast/1131077.,fast,650,1,Square
http://id.worldcat.org/fast/1131340.,http://id.worldcat.org/fast/1131340.,fast,650,1,Staged photography
http://id.worldcat.org/fast/1131648.,http://id.worldcat.org/fast/1131648.,fast,650,1,Stars
http://id.worldcat.org/fast/1131687.,http://id.worldcat.org/fast/1131687.,fast,650,1,Stars -- Mythology
http://id.worldcat.org/fast/1131965.,http://id.worldcat.org/fast/1131965.,fast,650,1,State-sponsored terrorism
http://id.worldcat.org/fast/1133155.,http://id.worldcat.org/fast/1133155.,fast,650,1,Stereophonic sound systems
http://id.worldcat.org/fast/1133173.,http://id.worldcat.org/fast/1133173.,fast,650,1,Stereoscopic views
http://id.worldcat.org/fast/1133421.,http://id.worldcat.org/fast/1133421.,fast,650,1,Still-life photography
http://id.worldcat.org/fast/1133438.,http://id.worldcat.org/fast/1133438.,fast,650,1,Stills (Motion pictures)
http://id.worldcat.org/fast/1134043.,http://id.worldcat.org/fast/1134043.,fast,650,1,"Stores, Retail"
http://id.worldcat.org/fast/1135291.,http://id.worldcat.org/fast/1135291.,fast,650,1,String figures
http://id.worldcat.org/fast/1135292.,http://id.worldcat.org/fast/1135292.,fast,650,1,String in art
http://id.worldcat.org/fast/1135732.,http://id.worldcat.org/fast/1135732.,fast,650,1,Structuralism
http://id.worldcat.org/fast/1136041.,http://id.worldcat.org/fast/1136041.,fast,650,1,Students
http://id.worldcat.org/fast/1136098.,http://id.worldcat.org/fast/1136098.,fast,650,1,Students -- Political activity
http://id.worldcat.org/fast/1136374.,http://id.worldcat.org/fast/1136374.,fast,650,1,Stūpas
http://id.worldcat.org/fast/1136645.,http://id.worldcat.org/fast/1136645.,fast,650,1,Submarines (Ships)
http://id.worldcat.org/fast/1136930.,http://id.worldcat.org/fast/1136930.,fast,650,1,Suburban life
http://id.worldcat.org/fast/1136941.,http://id.worldcat.org/fast/1136941.,fast,650,1,Suburbs
http://id.worldcat.org/fast/1136975.,http://id.worldcat.org/fast/1136975.,fast,650,1,Subways
http://id.worldcat.org/fast/1136988.,http://id.worldcat.org/fast/1136988.,fast,650,1,Subways -- Decoration
http://id.worldcat.org/fast/1137039.,http://id.worldcat.org/fast/1137039.,fast,650,1,Subways in art
http://id.worldcat.org/fast/1137618.,http://id.worldcat.org/fast/1137618.,fast,650,1,Suicide victims
http://id.worldcat.org/fast/1138662.,http://id.worldcat.org/fast/1138662.,fast,650,1,Sundials
http://id.worldcat.org/fast/1139321.,http://id.worldcat.org/fast/1139321.,fast,650,1,Surfing
http://id.worldcat.org/fast/1139538.,http://id.worldcat.org/fast/1139538.,fast,650,1,Surrealism
http://id.worldcat.org/fast/1139579.,http://id.worldcat.org/fast/1139579.,fast,650,1,Surveying
http://id.worldcat.org/fast/1139652.,http://id.worldcat.org/fast/1139652.,fast,650,1,Survival and emergency equipment
http://id.worldcat.org/fast/1139712.,http://id.worldcat.org/fast/1139712.,fast,650,1,Sustainable agriculture
http://id.worldcat.org/fast/1140816.,http://id.worldcat.org/fast/1140816.,fast,650,1,Symmetry (Art)
http://id.worldcat.org/fast/1142279.,http://id.worldcat.org/fast/1142279.,fast,650,1,Talismans
http://id.worldcat.org/fast/1142640.,http://id.worldcat.org/fast/1142640.,fast,650,1,Tango (Dance)
http://id.worldcat.org/fast/1142648.,http://id.worldcat.org/fast/1142648.,fast,650,1,Tango (Dance) in art
http://id.worldcat.org/fast/1142780.,http://id.worldcat.org/fast/1142780.,fast,650,1,Tanks (Military science)
http://id.worldcat.org/fast/1143549.,http://id.worldcat.org/fast/1143549.,fast,650,1,Tattooing
http://id.worldcat.org/fast/1144037.,http://id.worldcat.org/fast/1144037.,fast,650,1,Taxicabs
http://id.worldcat.org/fast/1144120.,http://id.worldcat.org/fast/1144120.,fast,650,1,Tea
http://id.worldcat.org/fast/1144704.,http://id.worldcat.org/fast/1144704.,fast,650,1,Teapots
http://id.worldcat.org/fast/1145253.,http://id.worldcat.org/fast/1145253.,fast,650,1,Technology and civilization
http://id.worldcat.org/fast/1145291.,http://id.worldcat.org/fast/1145291.,fast,650,1,Technology in art
http://id.worldcat.org/fast/1145421.,http://id.worldcat.org/fast/1145421.,fast,650,1,Teenage girls -- Crimes against
http://id.worldcat.org/fast/1145431.,http://id.worldcat.org/fast/1145431.,fast,650,1,Teenage girls -- Fiction
http://id.worldcat.org/fast/1145452.,http://id.worldcat.org/fast/1145452.,fast,650,1,Teenage girls -- Social conditions
http://id.worldcat.org/fast/1145460.,http://id.worldcat.org/fast/1145460.,fast,650,1,Teenage girls in popular culture
http://id.worldcat.org/fast/1146358.,http://id.worldcat.org/fast/1146358.,fast,650,1,Telephone calls
http://id.worldcat.org/fast/1146674.,http://id.worldcat.org/fast/1146674.,fast,650,1,Television and art
http://id.worldcat.org/fast/1146714.,http://id.worldcat.org/fast/1146714.,fast,650,1,Television broadcasting
http://id.worldcat.org/fast/1148101.,http://id.worldcat.org/fast/1148101.,fast,650,1,Terrorism
http://id.worldcat.org/fast/1148150.,http://id.worldcat.org/fast/1148150.,fast,650,1,Terrorism in art
http://id.worldcat.org/fast/1148602.,http://id.worldcat.org/fast/1148602.,fast,650,1,Textile crafts
http://id.worldcat.org/fast/1149370.,http://id.worldcat.org/fast/1149370.,fast,650,1,Theaters
http://id.worldcat.org/fast/1149393.,http://id.worldcat.org/fast/1149393.,fast,650,1,Theaters -- Models
http://id.worldcat.org/fast/1150133.,http://id.worldcat.org/fast/1150133.,fast,650,1,Thirteen (The number) in art
http://id.worldcat.org/fast/1150249.,http://id.worldcat.org/fast/1150249.,fast,650,1,Thought and thinking
http://id.worldcat.org/fast/1152598.,http://id.worldcat.org/fast/1152598.,fast,650,1,Tools
http://id.worldcat.org/fast/1152654.,http://id.worldcat.org/fast/1152654.,fast,650,1,Topiary work
http://id.worldcat.org/fast/1152763.,http://id.worldcat.org/fast/1152763.,fast,650,1,Tornadoes
http://id.worldcat.org/fast/1152971.,http://id.worldcat.org/fast/1152971.,fast,650,1,Torture in art
http://id.worldcat.org/fast/1153061.,http://id.worldcat.org/fast/1153061.,fast,650,1,Totems
http://id.worldcat.org/fast/1153278.,http://id.worldcat.org/fast/1153278.,fast,650,1,"Tower of the Winds (Athens, Greece)"
http://id.worldcat.org/fast/1153422.,http://id.worldcat.org/fast/1153422.,fast,650,1,Toy and movable books
http://id.worldcat.org/fast/1153517.,http://id.worldcat.org/fast/1153517.,fast,650,1,Toys in art
http://id.worldcat.org/fast/1153995.,http://id.worldcat.org/fast/1153995.,fast,650,1,Traffic accident victims
http://id.worldcat.org/fast/1154795.,http://id.worldcat.org/fast/1154795.,fast,650,1,Translating and interpreting
http://id.worldcat.org/fast/1155007.,http://id.worldcat.org/fast/1155007.,fast,650,1,Transportation
http://id.worldcat.org/fast/1155146.,http://id.worldcat.org/fast/1155146.,fast,650,1,Transportation -- Planning
http://id.worldcat.org/fast/1155525.,http://id.worldcat.org/fast/1155525.,fast,650,1,Trash art
http://id.worldcat.org/fast/1155984.,http://id.worldcat.org/fast/1155984.,fast,650,1,Trees
http://id.worldcat.org/fast/1158255.,http://id.worldcat.org/fast/1158255.,fast,650,1,Truthfulness and falsehood
http://id.worldcat.org/fast/1160162.,http://id.worldcat.org/fast/1160162.,fast,650,1,Tzotzil language
http://id.worldcat.org/fast/1160167.,http://id.worldcat.org/fast/1160167.,fast,650,1,Tzotzil poetry
http://id.worldcat.org/fast/1160171.,http://id.worldcat.org/fast/1160171.,fast,650,1,Tzotzil women
http://id.worldcat.org/fast/1160265.,http://id.worldcat.org/fast/1160265.,fast,650,1,USB (Computer bus)
http://id.worldcat.org/fast/1160372.,http://id.worldcat.org/fast/1160372.,fast,650,1,Uighur (Turkic people)
http://id.worldcat.org/fast/1161302.,http://id.worldcat.org/fast/1161302.,fast,650,1,Unicorns in art
http://id.worldcat.org/fast/1161748.,http://id.worldcat.org/fast/1161748.,fast,650,1,Universities and colleges -- Faculty
http://id.worldcat.org/fast/1162160.,http://id.worldcat.org/fast/1162160.,fast,650,1,Upside-down books
http://id.worldcat.org/fast/1163080.,http://id.worldcat.org/fast/1163080.,fast,650,1,Uruguayan poetry
http://id.worldcat.org/fast/1163359.,http://id.worldcat.org/fast/1163359.,fast,650,1,Utopias
http://id.worldcat.org/fast/1163371.,http://id.worldcat.org/fast/1163371.,fast,650,1,Utopias in art
http://id.worldcat.org/fast/1163372.,http://id.worldcat.org/fast/1163372.,fast,650,1,Utopias in literature
http://id.worldcat.org/fast/1163651.,http://id.worldcat.org/fast/1163651.,fast,650,1,Vagina
http://id.worldcat.org/fast/1163796.,http://id.worldcat.org/fast/1163796.,fast,650,1,Valentines
http://id.worldcat.org/fast/1165236.,http://id.worldcat.org/fast/1165236.,fast,650,1,Venn diagrams
http://id.worldcat.org/fast/1166343.,http://id.worldcat.org/fast/1166343.,fast,650,1,Victims of state-sponsored terrorism
http://id.worldcat.org/fast/1166910.,http://id.worldcat.org/fast/1166910.,fast,650,1,Vigilantes
http://id.worldcat.org/fast/1167698.,http://id.worldcat.org/fast/1167698.,fast,650,1,Virtual reality in art
http://id.worldcat.org/fast/1167913.,http://id.worldcat.org/fast/1167913.,fast,650,1,Visions in art
http://id.worldcat.org/fast/1168082.,http://id.worldcat.org/fast/1168082.,fast,650,1,"Visual poetry, American"
http://id.worldcat.org/fast/1168090.,http://id.worldcat.org/fast/1168090.,fast,650,1,"Visual poetry, French"
http://id.worldcat.org/fast/1168113.,http://id.worldcat.org/fast/1168113.,fast,650,1,"Visual poetry, Uruguayan"
http://id.worldcat.org/fast/1169343.,http://id.worldcat.org/fast/1169343.,fast,650,1,Voyeurism in art
http://id.worldcat.org/fast/1170049.,http://id.worldcat.org/fast/1170049.,fast,650,1,Walking
http://id.worldcat.org/fast/1170374.,http://id.worldcat.org/fast/1170374.,fast,650,1,War -- Religious aspects
http://id.worldcat.org/fast/1170447.,http://id.worldcat.org/fast/1170447.,fast,650,1,War and society
http://id.worldcat.org/fast/1170508.,http://id.worldcat.org/fast/1170508.,fast,650,1,War memorials
http://id.worldcat.org/fast/1171606.,http://id.worldcat.org/fast/1171606.,fast,650,1,Water clocks
http://id.worldcat.org/fast/1172744.,http://id.worldcat.org/fast/1172744.,fast,650,1,Watersheds
http://id.worldcat.org/fast/1173234.,http://id.worldcat.org/fast/1173234.,fast,650,1,Web search engines
http://id.worldcat.org/fast/1174664.,http://id.worldcat.org/fast/1174664.,fast,650,1,White in art
http://id.worldcat.org/fast/1175100.,http://id.worldcat.org/fast/1175100.,fast,650,1,Wild flowers in art
http://id.worldcat.org/fast/1175145.,http://id.worldcat.org/fast/1175145.,fast,650,1,Wild west shows
http://id.worldcat.org/fast/1175789.,http://id.worldcat.org/fast/1175789.,fast,650,1,Windows
http://id.worldcat.org/fast/1176075.,http://id.worldcat.org/fast/1176075.,fast,650,1,Winter in art
http://id.worldcat.org/fast/1176313.,http://id.worldcat.org/fast/1176313.,fast,650,1,"Wit and humor, Pictorial"
http://id.worldcat.org/fast/1176558.,http://id.worldcat.org/fast/1176558.,fast,650,1,Wolves in literature
http://id.worldcat.org/fast/1176665.,http://id.worldcat.org/fast/1176665.,fast,650,1,Women -- Economic conditions
http://id.worldcat.org/fast/1176715.,http://id.worldcat.org/fast/1176715.,fast,650,1,Women -- Employment
http://id.worldcat.org/fast/1176894.,http://id.worldcat.org/fast/1176894.,fast,650,1,Women -- Psychology
http://id.worldcat.org/fast/1176956.,http://id.worldcat.org/fast/1176956.,fast,650,1,Women -- Social conditions -- Pictorial works
http://id.worldcat.org/fast/1177110.,http://id.worldcat.org/fast/1177110.,fast,650,1,Women and religion
http://id.worldcat.org/fast/1177137.,http://id.worldcat.org/fast/1177137.,fast,650,1,Women architects
http://id.worldcat.org/fast/1177826.,http://id.worldcat.org/fast/1177826.,fast,650,1,Women in art
http://id.worldcat.org/fast/1177920.,http://id.worldcat.org/fast/1177920.,fast,650,1,Women in mass media
http://id.worldcat.org/fast/1178044.,http://id.worldcat.org/fast/1178044.,fast,650,1,Women in the professions
http://id.worldcat.org/fast/1178395.,http://id.worldcat.org/fast/1178395.,fast,650,1,Women printers
http://id.worldcat.org/fast/1178522.,http://id.worldcat.org/fast/1178522.,fast,650,1,Women shamans
http://id.worldcat.org/fast/1178818.,http://id.worldcat.org/fast/1178818.,fast,650,1,Women's rights
http://id.worldcat.org/fast/1178916.,http://id.worldcat.org/fast/1178916.,fast,650,1,"Women, Black"
http://id.worldcat.org/fast/1178934.,http://id.worldcat.org/fast/1178934.,fast,650,1,"Women, Black -- Social conditions"
http://id.worldcat.org/fast/1180184.,http://id.worldcat.org/fast/1180184.,fast,650,1,Obscene words
http://id.worldcat.org/fast/1180561.,http://id.worldcat.org/fast/1180561.,fast,650,1,Working class libraries
http://id.worldcat.org/fast/1181488.,http://id.worldcat.org/fast/1181488.,fast,650,1,Wounds and injuries
http://id.worldcat.org/fast/1182490.,http://id.worldcat.org/fast/1182490.,fast,650,1,Yaqui Indians
http://id.worldcat.org/fast/1182510.,http://id.worldcat.org/fast/1182510.,fast,650,1,Yaqui mythology
http://id.worldcat.org/fast/1183308.,http://id.worldcat.org/fast/1183308.,fast,650,1,Young women -- Crimes against
http://id.worldcat.org/fast/1183328.,http://id.worldcat.org/fast/1183328.,fast,650,1,Young women -- Social conditions
http://id.worldcat.org/fast/1184085.,http://id.worldcat.org/fast/1184085.,fast,650,1,Zapotec language
http://id.worldcat.org/fast/1184230.,http://id.worldcat.org/fast/1184230.,fast,650,1,Zen poetry
http://id.worldcat.org/fast/1184573.,http://id.worldcat.org/fast/1184573.,fast,650,1,Zodiac
http://id.worldcat.org/fast/1184777.,http://id.worldcat.org/fast/1184777.,fast,650,1,Zoos
http://id.worldcat.org/fast/1198482.,http://id.worldcat.org/fast/1198482.,fast,650,1,Bread
http://id.worldcat.org/fast/1198490.,http://id.worldcat.org/fast/1198490.,fast,650,1,Dreams
http://id.worldcat.org/fast/1199190.,http://id.worldcat.org/fast/1199190.,fast,650,1,"Men, White"
http://id.worldcat.org/fast/1199284.,http://id.worldcat.org/fast/1199284.,fast,650,1,Corn -- Folklore
http://id.worldcat.org/fast/1199354.,http://id.worldcat.org/fast/1199354.,fast,650,1,Sashes (Clothing)
http://id.worldcat.org/fast/1199614.,http://id.worldcat.org/fast/1199614.,fast,650,1,Heart -- Folklore
http://id.worldcat.org/fast/1200108.,http://id.worldcat.org/fast/1200108.,fast,650,1,Poetry and the Internet
http://id.worldcat.org/fast/1200580.,http://id.worldcat.org/fast/1200580.,fast,650,1,Memorialization
http://id.worldcat.org/fast/1200589.,http://id.worldcat.org/fast/1200589.,fast,650,1,Culture in art
http://id.worldcat.org/fast/1200823.,http://id.worldcat.org/fast/1200823.,fast,650,1,Conservatives
http://id.worldcat.org/fast/1201219.,http://id.worldcat.org/fast/1201219.,fast,650,1,Gay culture
http://id.worldcat.org/fast/1201567.,http://id.worldcat.org/fast/1201567.,fast,650,1,Deer hunters
http://id.worldcat.org/fast/1202239.,http://id.worldcat.org/fast/1202239.,fast,650,1,"Wood-engraving, Tibetan"
http://id.worldcat.org/fast/1202892.,http://id.worldcat.org/fast/1202892.,fast,651,1,Pakistan -- Peshawar
http://id.worldcat.org/fast/1203020.,http://id.worldcat.org/fast/1203020.,fast,651,1,Mali -- Bamako
http://id.worldcat.org/fast/1204269.,http://id.worldcat.org/fast/1204269.,fast,651,1,New Mexico
http://id.worldcat.org/fast/1204270.,http://id.worldcat.org/fast/1204270.,fast,651,1,Maine
http://id.worldcat.org/fast/1204305.,http://id.worldcat.org/fast/1204305.,fast,651,1,Vermont
http://id.worldcat.org/fast/1204307.,http://id.worldcat.org/fast/1204307.,fast,651,1,Massachusetts
http://id.worldcat.org/fast/1204441.,http://id.worldcat.org/fast/1204441.,fast,651,1,Italy -- Naples
http://id.worldcat.org/fast/1204474.,http://id.worldcat.org/fast/1204474.,fast,651,1,Greece -- Athens
http://id.worldcat.org/fast/1204481.,http://id.worldcat.org/fast/1204481.,fast,651,1,California -- San Francisco
http://id.worldcat.org/fast/1204543.,http://id.worldcat.org/fast/1204543.,fast,651,1,Australia
http://id.worldcat.org/fast/1204556.,http://id.worldcat.org/fast/1204556.,fast,651,1,Norway
http://id.worldcat.org/fast/1204574.,http://id.worldcat.org/fast/1204574.,fast,651,1,New South Wales -- Sydney
http://id.worldcat.org/fast/1204595.,http://id.worldcat.org/fast/1204595.,fast,651,1,Wisconsin
http://id.worldcat.org/fast/1204622.,http://id.worldcat.org/fast/1204622.,fast,651,1,Georgia
http://id.worldcat.org/fast/1204739.,http://id.worldcat.org/fast/1204739.,fast,651,1,Maryland
http://id.worldcat.org/fast/1204829.,http://id.worldcat.org/fast/1204829.,fast,651,1,Germany -- Berlin
http://id.worldcat.org/fast/1204833.,http://id.worldcat.org/fast/1204833.,fast,651,1,Turkey -- Istanbul
http://id.worldcat.org/fast/1204877.,http://id.worldcat.org/fast/1204877.,fast,651,1,Iran -- Tehran
http://id.worldcat.org/fast/1204940.,http://id.worldcat.org/fast/1204940.,fast,651,1,Washington (State) -- Seattle
http://id.worldcat.org/fast/1204981.,http://id.worldcat.org/fast/1204981.,fast,651,1,Virginia -- Fairfax County
http://id.worldcat.org/fast/1205075.,http://id.worldcat.org/fast/1205075.,fast,651,1,Ohio
http://id.worldcat.org/fast/1205077.,http://id.worldcat.org/fast/1205077.,fast,651,1,Texas -- Houston
http://id.worldcat.org/fast/1205145.,http://id.worldcat.org/fast/1205145.,fast,651,1,Scotland -- Edinburgh
http://id.worldcat.org/fast/1205182.,http://id.worldcat.org/fast/1205182.,fast,651,1,Indiana -- Indianapolis
http://id.worldcat.org/fast/1205204.,http://id.worldcat.org/fast/1205204.,fast,651,1,Egypt -- Cairo
http://id.worldcat.org/fast/1205215.,http://id.worldcat.org/fast/1205215.,fast,651,1,Northern Ireland
http://id.worldcat.org/fast/1205290.,http://id.worldcat.org/fast/1205290.,fast,651,1,Greenland
http://id.worldcat.org/fast/1205310.,http://id.worldcat.org/fast/1205310.,fast,651,1,Thailand
http://id.worldcat.org/fast/1205316.,http://id.worldcat.org/fast/1205316.,fast,651,1,West Virginia
http://id.worldcat.org/fast/1205406.,http://id.worldcat.org/fast/1205406.,fast,651,1,Afghanistan
http://id.worldcat.org/fast/1205495.,http://id.worldcat.org/fast/1205495.,fast,651,1,Thailand -- Bangkok
http://id.worldcat.org/fast/1205549.,http://id.worldcat.org/fast/1205549.,fast,651,1,Bolivia
http://id.worldcat.org/fast/1205636.,http://id.worldcat.org/fast/1205636.,fast,651,1,Washington (State) -- Tacoma
http://id.worldcat.org/fast/1205688.,http://id.worldcat.org/fast/1205688.,fast,651,1,Connecticut
http://id.worldcat.org/fast/1205713.,http://id.worldcat.org/fast/1205713.,fast,651,1,Tennessee -- Chattanooga
http://id.worldcat.org/fast/1205740.,http://id.worldcat.org/fast/1205740.,fast,651,1,China -- Beijing
http://id.worldcat.org/fast/1205761.,http://id.worldcat.org/fast/1205761.,fast,651,1,Brazil -- São Paulo
http://id.worldcat.org/fast/1205849.,http://id.worldcat.org/fast/1205849.,fast,651,1,New Mexico -- Los Alamos
http://id.worldcat.org/fast/1205954.,http://id.worldcat.org/fast/1205954.,fast,651,1,United Arab Emirates
http://id.worldcat.org/fast/1206046.,http://id.worldcat.org/fast/1206046.,fast,651,1,Italy -- Assisi
http://id.worldcat.org/fast/1206063.,http://id.worldcat.org/fast/1206063.,fast,651,1,Lebanon
http://id.worldcat.org/fast/1206206.,http://id.worldcat.org/fast/1206206.,fast,651,1,Italy -- Livorno
http://id.worldcat.org/fast/1206337.,http://id.worldcat.org/fast/1206337.,fast,651,1,Georgia (Republic) -- Tʻbilisi
http://id.worldcat.org/fast/1206341.,http://id.worldcat.org/fast/1206341.,fast,651,1,North Carolina -- Raleigh
http://id.worldcat.org/fast/1206375.,http://id.worldcat.org/fast/1206375.,fast,651,1,Pakistan -- Karachi
http://id.worldcat.org/fast/1206434.,http://id.worldcat.org/fast/1206434.,fast,651,1,Korea
http://id.worldcat.org/fast/1206442.,http://id.worldcat.org/fast/1206442.,fast,651,1,Tennessee -- Knoxville
http://id.worldcat.org/fast/1206482.,http://id.worldcat.org/fast/1206482.,fast,651,1,Mexico -- Guadalajara
http://id.worldcat.org/fast/1206534.,http://id.worldcat.org/fast/1206534.,fast,651,1,Florida -- Tallahassee
http://id.worldcat.org/fast/1206600.,http://id.worldcat.org/fast/1206600.,fast,651,1,North Carolina -- Chapel Hill
http://id.worldcat.org/fast/1206678.,http://id.worldcat.org/fast/1206678.,fast,651,1,Texas -- El Paso
http://id.worldcat.org/fast/1206715.,http://id.worldcat.org/fast/1206715.,fast,651,1,Scotland
http://id.worldcat.org/fast/1207034.,http://id.worldcat.org/fast/1207034.,fast,651,1,Mississippi
http://id.worldcat.org/fast/1207035.,http://id.worldcat.org/fast/1207035.,fast,651,1,Louisiana
http://id.worldcat.org/fast/1207110.,http://id.worldcat.org/fast/1207110.,fast,651,1,India -- Jammu and Kashmir
http://id.worldcat.org/fast/1208177.,http://id.worldcat.org/fast/1208177.,fast,651,1,Belgium -- Charleroi
http://id.worldcat.org/fast/1208241.,http://id.worldcat.org/fast/1208241.,fast,651,1,Argentina -- Córdoba
http://id.worldcat.org/fast/1208387.,http://id.worldcat.org/fast/1208387.,fast,651,1,Michigan
http://id.worldcat.org/fast/1208396.,http://id.worldcat.org/fast/1208396.,fast,651,1,Mississippi -- Biloxi
http://id.worldcat.org/fast/1208755.,http://id.worldcat.org/fast/1208755.,fast,651,1,Egypt
http://id.worldcat.org/fast/1208940.,http://id.worldcat.org/fast/1208940.,fast,651,1,Washington (State) -- Walla Walla
http://id.worldcat.org/fast/1208963.,http://id.worldcat.org/fast/1208963.,fast,651,1,Turkey
http://id.worldcat.org/fast/1209422.,http://id.worldcat.org/fast/1209422.,fast,651,1,Zambia
http://id.worldcat.org/fast/1209723.,http://id.worldcat.org/fast/1209723.,fast,651,1,Japan -- Hiroshima-shi
http://id.worldcat.org/fast/1209847.,http://id.worldcat.org/fast/1209847.,fast,651,1,Illinois -- Will County
http://id.worldcat.org/fast/1210336.,http://id.worldcat.org/fast/1210336.,fast,651,1,Texas
http://id.worldcat.org/fast/1211882.,http://id.worldcat.org/fast/1211882.,fast,651,1,British Columbia -- Vancouver
http://id.worldcat.org/fast/1212006.,http://id.worldcat.org/fast/1212006.,fast,651,1,China -- Xinjiang Uygur Zizhiqu
http://id.worldcat.org/fast/1212610.,http://id.worldcat.org/fast/1212610.,fast,651,1,Papua New Guinea
http://id.worldcat.org/fast/1212902.,http://id.worldcat.org/fast/1212902.,fast,651,1,Scotland -- Glasgow
http://id.worldcat.org/fast/1212966.,http://id.worldcat.org/fast/1212966.,fast,651,1,Massachusetts -- Quincy
http://id.worldcat.org/fast/1214008.,http://id.worldcat.org/fast/1214008.,fast,651,1,Florida -- Palmetto
http://id.worldcat.org/fast/1214572.,http://id.worldcat.org/fast/1214572.,fast,651,1,Massachusetts -- Gardner
http://id.worldcat.org/fast/1218994.,http://id.worldcat.org/fast/1218994.,fast,651,1,New York (State) -- Rosendale
http://id.worldcat.org/fast/1221658.,http://id.worldcat.org/fast/1221658.,fast,651,1,Georgia (Republic)
http://id.worldcat.org/fast/1225025.,http://id.worldcat.org/fast/1225025.,fast,651,1,Uzbekistan -- Khiva
http://id.worldcat.org/fast/1225260.,http://id.worldcat.org/fast/1225260.,fast,651,1,Lebanon -- Beirut
http://id.worldcat.org/fast/1226682.,http://id.worldcat.org/fast/1226682.,fast,651,1,Albania
http://id.worldcat.org/fast/1228960.,http://id.worldcat.org/fast/1228960.,fast,651,1,Iran -- Yazd
http://id.worldcat.org/fast/1232826.,http://id.worldcat.org/fast/1232826.,fast,651,1,China -- Garze Zangzu Zizhizhou
http://id.worldcat.org/fast/1239752.,http://id.worldcat.org/fast/1239752.,fast,651,1,Mediterranean Region
http://id.worldcat.org/fast/1239979.,http://id.worldcat.org/fast/1239979.,fast,651,1,England -- Thames River
http://id.worldcat.org/fast/1240021.,http://id.worldcat.org/fast/1240021.,fast,651,1,Gaza Strip
http://id.worldcat.org/fast/1240128.,http://id.worldcat.org/fast/1240128.,fast,651,1,Arab countries
http://id.worldcat.org/fast/1240227.,http://id.worldcat.org/fast/1240227.,fast,651,1,Arctic Regions
http://id.worldcat.org/fast/1240497.,http://id.worldcat.org/fast/1240497.,fast,651,1,Central Asia
http://id.worldcat.org/fast/1241484.,http://id.worldcat.org/fast/1241484.,fast,651,1,Balkan Peninsula
http://id.worldcat.org/fast/1241579.,http://id.worldcat.org/fast/1241579.,fast,651,1,Scotland -- Hebrides
http://id.worldcat.org/fast/1241586.,http://id.worldcat.org/fast/1241586.,fast,651,1,Middle East
http://id.worldcat.org/fast/1242048.,http://id.worldcat.org/fast/1242048.,fast,651,1,Himalaya Mountains
http://id.worldcat.org/fast/1242982.,http://id.worldcat.org/fast/1242982.,fast,651,1,Oceania
http://id.worldcat.org/fast/1243320.,http://id.worldcat.org/fast/1243320.,fast,651,1,Arctic Ocean -- White Sea
http://id.worldcat.org/fast/1243455.,http://id.worldcat.org/fast/1243455.,fast,651,1,Alaska -- Brooks Range
http://id.worldcat.org/fast/1244080.,http://id.worldcat.org/fast/1244080.,fast,651,1,Caribbean Area
http://id.worldcat.org/fast/1244201.,http://id.worldcat.org/fast/1244201.,fast,651,1,Pacific Ocean -- Islands of the Pacific
http://id.worldcat.org/fast/1244360.,http://id.worldcat.org/fast/1244360.,fast,651,1,Wyoming -- Jackson Hole
http://id.worldcat.org/fast/1244515.,http://id.worldcat.org/fast/1244515.,fast,651,1,South America
http://id.worldcat.org/fast/1244520.,http://id.worldcat.org/fast/1244520.,fast,651,1,South Asia
http://id.worldcat.org/fast/1244544.,http://id.worldcat.org/fast/1244544.,fast,651,1,Central Europe
http://id.worldcat.org/fast/1244557.,http://id.worldcat.org/fast/1244557.,fast,651,1,United States -- Old Southwest
http://id.worldcat.org/fast/1245058.,http://id.worldcat.org/fast/1245058.,fast,651,1,Eurasia
http://id.worldcat.org/fast/1245079.,http://id.worldcat.org/fast/1245079.,fast,651,1,Eastern Europe
http://id.worldcat.org/fast/1245082.,http://id.worldcat.org/fast/1245082.,fast,651,1,Southern Europe
http://id.worldcat.org/fast/1245645.,http://id.worldcat.org/fast/1245645.,fast,651,1,Polar regions
http://id.worldcat.org/fast/1245897.,http://id.worldcat.org/fast/1245897.,fast,651,1,Western Hemisphere
http://id.worldcat.org/fast/1245973.,http://id.worldcat.org/fast/1245973.,fast,651,1,United States -- Sunbelt States
http://id.worldcat.org/fast/1246236.,http://id.worldcat.org/fast/1246236.,fast,651,1,Chile -- Araucanía
http://id.worldcat.org/fast/1246494.,http://id.worldcat.org/fast/1246494.,fast,651,1,Thailand -- Thon Buri
http://id.worldcat.org/fast/1260657.,http://id.worldcat.org/fast/1260657.,fast,651,1,Uzbekistan
http://id.worldcat.org/fast/1262050.,http://id.worldcat.org/fast/1262050.,fast,651,1,Russia (Federation)
http://id.worldcat.org/fast/1262882.,http://id.worldcat.org/fast/1262882.,fast,651,1,Georgia (Republic) -- Abkhazia
http://id.worldcat.org/fast/1263963.,http://id.worldcat.org/fast/1263963.,fast,651,1,Mexico -- San Pablito
http://id.worldcat.org/fast/1269543.,http://id.worldcat.org/fast/1269543.,fast,651,1,Mexico -- Iguala de la Independencia
http://id.worldcat.org/fast/1270333.,http://id.worldcat.org/fast/1270333.,fast,651,1,California -- San Joaquin Valley
http://id.worldcat.org/fast/1271260.,http://id.worldcat.org/fast/1271260.,fast,651,1,Louisiana -- New Orleans Batture
http://id.worldcat.org/fast/1276594.,http://id.worldcat.org/fast/1276594.,fast,651,1,Massachusetts -- Carlisle
http://id.worldcat.org/fast/1278282.,http://id.worldcat.org/fast/1278282.,fast,651,1,Mexico -- San Jerónimo Amanalco
http://id.worldcat.org/fast/1286768.,http://id.worldcat.org/fast/1286768.,fast,651,1,Russia (Federation) -- Kemʹ
http://id.worldcat.org/fast/1292253.,http://id.worldcat.org/fast/1292253.,fast,651,1,Washington (State) -- Southeast Seattle
http://id.worldcat.org/fast/1308848.,http://id.worldcat.org/fast/1308848.,fast,651,1,Arizona -- Grand Canyon National Park
http://id.worldcat.org/fast/1310291.,http://id.worldcat.org/fast/1310291.,fast,651,1,United States -- Death Valley
http://id.worldcat.org/fast/1316233.,http://id.worldcat.org/fast/1316233.,fast,651,1,China -- Beijing -- Tian'an Men
http://id.worldcat.org/fast/1316330.,http://id.worldcat.org/fast/1316330.,fast,651,1,California -- Los Angeles -- Hollywood Boulevard
http://id.worldcat.org/fast/1316612.,http://id.worldcat.org/fast/1316612.,fast,651,1,California -- Santa Clara Valley (Santa Clara County)
http://id.worldcat.org/fast/1317002.,http://id.worldcat.org/fast/1317002.,fast,651,1,California -- Los Angeles -- Sunset Boulevard
http://id.worldcat.org/fast/1327374.,http://id.worldcat.org/fast/1327374.,fast,651,1,Turkey -- Kaş (Antalya İli)
http://id.worldcat.org/fast/1328820.,http://id.worldcat.org/fast/1328820.,fast,651,1,China -- Suzhou (Jiangsu Sheng)
http://id.worldcat.org/fast/1330176.,http://id.worldcat.org/fast/1330176.,fast,651,1,Mexico -- Sonora (State)
http://id.worldcat.org/fast/1330184.,http://id.worldcat.org/fast/1330184.,fast,651,1,Mexico -- Guerrero (State)
http://id.worldcat.org/fast/1330865.,http://id.worldcat.org/fast/1330865.,fast,651,1,Peru -- Huarochirí (Province)
http://id.worldcat.org/fast/1333540.,http://id.worldcat.org/fast/1333540.,fast,651,1,Japan -- Mount Fuji
http://id.worldcat.org/fast/1333716.,http://id.worldcat.org/fast/1333716.,fast,651,1,Georgia -- Saint Simons Island (Island)
http://id.worldcat.org/fast/1333948.,http://id.worldcat.org/fast/1333948.,fast,651,1,Asia -- Mount Everest
http://id.worldcat.org/fast/1341028.,http://id.worldcat.org/fast/1341028.,fast,651,1,Massachusetts -- North Shore (Coast)
http://id.worldcat.org/fast/1343044.,http://id.worldcat.org/fast/1343044.,fast,651,1,Caucasus Region
http://id.worldcat.org/fast/1347439.,http://id.worldcat.org/fast/1347439.,fast,651,1,Middle East Region
http://id.worldcat.org/fast/1352432.,http://id.worldcat.org/fast/1352432.,fast,650,1,Colonial influence
http://id.worldcat.org/fast/1353231.,http://id.worldcat.org/fast/1353231.,fast,650,1,"History, Military"
http://id.worldcat.org/fast/1354077.,http://id.worldcat.org/fast/1354077.,fast,650,1,Private collections
http://id.worldcat.org/fast/1354086.,http://id.worldcat.org/fast/1354086.,fast,650,1,Psychological aspects
http://id.worldcat.org/fast/1429797.,http://id.worldcat.org/fast/1429797.,fast,650,1,"Art, Papua New Guinean"
http://id.worldcat.org/fast/1430058.,http://id.worldcat.org/fast/1430058.,fast,650,1,Cocaine abuse
http://id.worldcat.org/fast/1709753.,http://id.worldcat.org/fast/1709753.,fast,650,1,"Berlin Wall, Berlin, Germany, 1961-1989"
http://id.worldcat.org/fast/1713522.,http://id.worldcat.org/fast/1713522.,fast,651,1,Mexico -- Campeche (Campeche)
http://id.worldcat.org/fast/1714547.,http://id.worldcat.org/fast/1714547.,fast,651,1,Italy -- Naples -- Scampia
http://id.worldcat.org/fast/1715649.,http://id.worldcat.org/fast/1715649.,fast,650,1,Border crossing
http://id.worldcat.org/fast/1728100.,http://id.worldcat.org/fast/1728100.,fast,650,1,Communication in families
http://id.worldcat.org/fast/1734280.,http://id.worldcat.org/fast/1734280.,fast,650,1,Zen art
http://id.worldcat.org/fast/1734287.,http://id.worldcat.org/fast/1734287.,fast,650,1,Zen photography
http://id.worldcat.org/fast/1735610.,http://id.worldcat.org/fast/1735610.,fast,650,1,Enemies
http://id.worldcat.org/fast/1736333.,http://id.worldcat.org/fast/1736333.,fast,650,1,Self-reliant living
http://id.worldcat.org/fast/1737194.,http://id.worldcat.org/fast/1737194.,fast,650,1,Nicotine addiction
http://id.worldcat.org/fast/1737651.,http://id.worldcat.org/fast/1737651.,fast,650,1,Family secrets
http://id.worldcat.org/fast/1739111.,http://id.worldcat.org/fast/1739111.,fast,650,1,South Asian diaspora
http://id.worldcat.org/fast/1739131.,http://id.worldcat.org/fast/1739131.,fast,650,1,Stories in rhyme
http://id.worldcat.org/fast/1739814.,http://id.worldcat.org/fast/1739814.,fast,650,1,Collective memory
http://id.worldcat.org/fast/1740159.,http://id.worldcat.org/fast/1740159.,fast,650,1,Graphic artists
http://id.worldcat.org/fast/1740172.,http://id.worldcat.org/fast/1740172.,fast,650,1,Sexual freedom
http://id.worldcat.org/fast/1740895.,http://id.worldcat.org/fast/1740895.,fast,650,1,Cultural landscapes
http://id.worldcat.org/fast/1741278.,http://id.worldcat.org/fast/1741278.,fast,650,1,Art and design
http://id.worldcat.org/fast/1741614.,http://id.worldcat.org/fast/1741614.,fast,650,1,Art and computers
http://id.worldcat.org/fast/1741814.,http://id.worldcat.org/fast/1741814.,fast,650,1,Indigenous art
http://id.worldcat.org/fast/1742274.,http://id.worldcat.org/fast/1742274.,fast,650,1,Art and social action
http://id.worldcat.org/fast/1743060.,http://id.worldcat.org/fast/1743060.,fast,650,1,Transgender people's writings
http://id.worldcat.org/fast/1743822.,http://id.worldcat.org/fast/1743822.,fast,650,1,African American young women
http://id.worldcat.org/fast/1743856.,http://id.worldcat.org/fast/1743856.,fast,650,1,iPhone (Smartphone)
http://id.worldcat.org/fast/1743902.,http://id.worldcat.org/fast/1743902.,fast,650,1,Ice floes
http://id.worldcat.org/fast/1744619.,http://id.worldcat.org/fast/1744619.,fast,650,1,Extraordinary rendition
http://id.worldcat.org/fast/1744695.,http://id.worldcat.org/fast/1744695.,fast,650,1,Intermediality
http://id.worldcat.org/fast/1745100.,http://id.worldcat.org/fast/1745100.,fast,650,1,Nightlife
http://id.worldcat.org/fast/1745103.,http://id.worldcat.org/fast/1745103.,fast,650,1,Compulsive hoarding
http://id.worldcat.org/fast/1745522.,http://id.worldcat.org/fast/1745522.,fast,650,1,Artists as art critics
http://id.worldcat.org/fast/1746442.,http://id.worldcat.org/fast/1746442.,fast,650,1,Web browsing
http://id.worldcat.org/fast/1746829.,http://id.worldcat.org/fast/1746829.,fast,650,1,Anonymous persons
http://id.worldcat.org/fast/1748230.,http://id.worldcat.org/fast/1748230.,fast,650,1,Malware (Computer software)
http://id.worldcat.org/fast/1748560.,http://id.worldcat.org/fast/1748560.,fast,650,1,Shapeshifting
http://id.worldcat.org/fast/1748695.,http://id.worldcat.org/fast/1748695.,fast,650,1,"Chapbooks, Argentine"
http://id.worldcat.org/fast/1749759.,http://id.worldcat.org/fast/1749759.,fast,650,1,History painting
http://id.worldcat.org/fast/1753575.,http://id.worldcat.org/fast/1753575.,fast,650,1,Edible mushrooms
http://id.worldcat.org/fast/1754965.,http://id.worldcat.org/fast/1754965.,fast,650,1,Cookbooks
http://id.worldcat.org/fast/1762615.,http://id.worldcat.org/fast/1762615.,fast,650,1,Art and graphology
http://id.worldcat.org/fast/1763275.,http://id.worldcat.org/fast/1763275.,fast,650,1,Karuk artists
http://id.worldcat.org/fast/1763276.,http://id.worldcat.org/fast/1763276.,fast,650,1,Karuk art
http://id.worldcat.org/fast/1764553.,http://id.worldcat.org/fast/1764553.,fast,650,1,Invisibility
http://id.worldcat.org/fast/1764707.,http://id.worldcat.org/fast/1764707.,fast,650,1,Microblogs
http://id.worldcat.org/fast/1765020.,http://id.worldcat.org/fast/1765020.,fast,650,1,Mixed media (Art)
http://id.worldcat.org/fast/1765205.,http://id.worldcat.org/fast/1765205.,fast,650,1,Cultural geography
http://id.worldcat.org/fast/1765213.,http://id.worldcat.org/fast/1765213.,fast,650,1,Pop-up books
http://id.worldcat.org/fast/1766527.,http://id.worldcat.org/fast/1766527.,fast,650,1,Transgender people -- Identity
http://id.worldcat.org/fast/1769030.,http://id.worldcat.org/fast/1769030.,fast,650,1,Design -- Philosophy
http://id.worldcat.org/fast/1801724.,http://id.worldcat.org/fast/1801724.,fast,650,1,Vodou
http://id.worldcat.org/fast/1860481.,http://id.worldcat.org/fast/1860481.,fast,651,1,Earth (Planet)
http://id.worldcat.org/fast/1864704.,http://id.worldcat.org/fast/1864704.,fast,650,1,Cooking -- Social aspects
http://id.worldcat.org/fast/1876858.,http://id.worldcat.org/fast/1876858.,fast,651,1,Belgium -- Neuville-en-Condroz
http://id.worldcat.org/fast/1892706.,http://id.worldcat.org/fast/1892706.,fast,650,1,Relations
http://id.worldcat.org/fast/1893291.,http://id.worldcat.org/fast/1893291.,fast,650,1,Coffee stains
http://id.worldcat.org/fast/1894145.,http://id.worldcat.org/fast/1894145.,fast,650,1,International law and human rights
http://id.worldcat.org/fast/1894327.,http://id.worldcat.org/fast/1894327.,fast,650,1,Law and secrecy
http://id.worldcat.org/fast/1895561.,http://id.worldcat.org/fast/1895561.,fast,650,1,Sunprinting (Photography)
http://id.worldcat.org/fast/1896072.,http://id.worldcat.org/fast/1896072.,fast,650,1,Light and darkness in literature
http://id.worldcat.org/fast/1896074.,http://id.worldcat.org/fast/1896074.,fast,650,1,Male nude in art
http://id.worldcat.org/fast/1896096.,http://id.worldcat.org/fast/1896096.,fast,650,1,Sea in art
http://id.worldcat.org/fast/1896107.,http://id.worldcat.org/fast/1896107.,fast,650,1,Suprematism in art
http://id.worldcat.org/fast/1896120.,http://id.worldcat.org/fast/1896120.,fast,650,1,Apocalypse in art
http://id.worldcat.org/fast/1896133.,http://id.worldcat.org/fast/1896133.,fast,650,1,Female nude in art
http://id.worldcat.org/fast/1899775.,http://id.worldcat.org/fast/1899775.,fast,650,1,Families in art
http://id.worldcat.org/fast/1899809.,http://id.worldcat.org/fast/1899809.,fast,650,1,Hindu mythology in art
http://id.worldcat.org/fast/1902404.,http://id.worldcat.org/fast/1902404.,fast,650,1,Archives in art
http://id.worldcat.org/fast/1903004.,http://id.worldcat.org/fast/1903004.,fast,650,1,Diaries in art
http://id.worldcat.org/fast/1903396.,http://id.worldcat.org/fast/1903396.,fast,650,1,Grids (Crisscross patterns) in art
http://id.worldcat.org/fast/1903635.,http://id.worldcat.org/fast/1903635.,fast,650,1,Intimacy (Psychology) in art
http://id.worldcat.org/fast/1903746.,http://id.worldcat.org/fast/1903746.,fast,650,1,Language and languages in art
http://id.worldcat.org/fast/1903804.,http://id.worldcat.org/fast/1903804.,fast,650,1,Loss (Psychology) in art
http://id.worldcat.org/fast/1903831.,http://id.worldcat.org/fast/1903831.,fast,650,1,Mannequins (Figures) in art
http://id.worldcat.org/fast/1903978.,http://id.worldcat.org/fast/1903978.,fast,650,1,Motorcycles in art
http://id.worldcat.org/fast/1904403.,http://id.worldcat.org/fast/1904403.,fast,650,1,Quilts in art
http://id.worldcat.org/fast/1904444.,http://id.worldcat.org/fast/1904444.,fast,650,1,"Recycling (Waste, etc.) in art"
http://id.worldcat.org/fast/1904572.,http://id.worldcat.org/fast/1904572.,fast,650,1,Sand dunes in art
http://id.worldcat.org/fast/1904637.,http://id.worldcat.org/fast/1904637.,fast,650,1,Separation (Psychology) in art
http://id.worldcat.org/fast/1904653.,http://id.worldcat.org/fast/1904653.,fast,650,1,Service stations in art
http://id.worldcat.org/fast/1904724.,http://id.worldcat.org/fast/1904724.,fast,650,1,Social media in art
http://id.worldcat.org/fast/1904814.,http://id.worldcat.org/fast/1904814.,fast,650,1,Subconsciousness in art
http://id.worldcat.org/fast/1904834.,http://id.worldcat.org/fast/1904834.,fast,650,1,Superheroes in art
http://id.worldcat.org/fast/1904861.,http://id.worldcat.org/fast/1904861.,fast,650,1,Tanks (Military science) in art
http://id.worldcat.org/fast/1904926.,http://id.worldcat.org/fast/1904926.,fast,650,1,Thought and thinking in art
http://id.worldcat.org/fast/1905086.,http://id.worldcat.org/fast/1905086.,fast,650,1,Vivisection in literature
http://id.worldcat.org/fast/1905201.,http://id.worldcat.org/fast/1905201.,fast,650,1,Worms in art
http://id.worldcat.org/fast/1907003.,http://id.worldcat.org/fast/1907003.,fast,650,1,Hurricane Katrina (2005) in art
http://id.worldcat.org/fast/1909643.,http://id.worldcat.org/fast/1909643.,fast,650,1,Hacking
http://id.worldcat.org/fast/1910008.,http://id.worldcat.org/fast/1910008.,fast,650,1,Periodic table of the elements
http://id.worldcat.org/fast/1910879.,http://id.worldcat.org/fast/1910879.,fast,650,1,Avarice in art
http://id.worldcat.org/fast/1910947.,http://id.worldcat.org/fast/1910947.,fast,650,1,Discrimination in language
http://id.worldcat.org/fast/1911084.,http://id.worldcat.org/fast/1911084.,fast,650,1,Massacre survivors
http://id.worldcat.org/fast/1919583.,http://id.worldcat.org/fast/1919583.,fast,651,1,Egypt -- Cairo -- Maydān al-Taḥrīr
http://id.worldcat.org/fast/1920728.,http://id.worldcat.org/fast/1920728.,fast,650,1,Transgender people in art
http://id.worldcat.org/fast/1921233.,http://id.worldcat.org/fast/1921233.,fast,650,1,Mental illness in art
http://id.worldcat.org/fast/1922713.,http://id.worldcat.org/fast/1922713.,fast,651,1,Universe
http://id.worldcat.org/fast/1930830.,http://id.worldcat.org/fast/1930830.,fast,650,1,Autobiography in art
http://id.worldcat.org/fast/1938447.,http://id.worldcat.org/fast/1938447.,fast,650,1,Parents of transgender children
http://id.worldcat.org/fast/1940046.,http://id.worldcat.org/fast/1940046.,fast,650,1,Female-to-male transsexuals in art
http://id.worldcat.org/fast/1940193.,http://id.worldcat.org/fast/1940193.,fast,650,1,Black lives matter movement
http://id.worldcat.org/fast/1983247.,http://id.worldcat.org/fast/1983247.,fast,650,1,Wallpaper in art
http://id.worldcat.org/fast/1983362.,http://id.worldcat.org/fast/1983362.,fast,650,1,Environmental conditions
http://id.worldcat.org/fast/1983657.,http://id.worldcat.org/fast/1983657.,fast,650,1,Social media -- Political aspects
http://id.worldcat.org/fast/2002925.,http://id.worldcat.org/fast/2002925.,fast,650,1,Image steganography
http://id.worldcat.org/fast/2003494.,http://id.worldcat.org/fast/2003494.,fast,650,1,Transgender women
http://id.worldcat.org/fast/2004119.,http://id.worldcat.org/fast/2004119.,fast,650,1,Climatic changes in art
http://id.worldcat.org/fast/2014218.,http://id.worldcat.org/fast/2014218.,fast,650,1,Oppression (Psychology) in literature
http://id.worldcat.org/fast/2025633.,http://id.worldcat.org/fast/2025633.,fast,650,1,Drag queens
http://id.worldcat.org/fast/2025925.,http://id.worldcat.org/fast/2025925.,fast,650,1,Affect (Psychology) in art
http://id.worldcat.org/fast/2033380.,http://id.worldcat.org/fast/2033380.,fast,650,1,Children of exiles
http://id.worldcat.org/fast/2039787.,http://id.worldcat.org/fast/2039787.,fast,650,1,Zapotec language -- Study and teaching (Elementary) -- Spanish speakers
http://id.worldcat.org/fast/2070482.,http://id.worldcat.org/fast/2070482.,fast,650,1,Transgender people -- Medical care
http://id.worldcat.org/fast/793864.,http://id.worldcat.org/fast/793864.,fast,650,1,AIDS (Disease) -- Patients
http://id.worldcat.org/fast/793952.,http://id.worldcat.org/fast/793952.,fast,650,1,AIDS (Disease) -- Social aspects
http://id.worldcat.org/fast/793981.,http://id.worldcat.org/fast/793981.,fast,650,1,AIDS (Disease) and art
http://id.worldcat.org/fast/793991.,http://id.worldcat.org/fast/793991.,fast,650,1,AIDS (Disease) in art
http://id.worldcat.org/fast/794440.,http://id.worldcat.org/fast/794440.,fast,650,1,Abkhazians
http://id.worldcat.org/fast/794582.,http://id.worldcat.org/fast/794582.,fast,650,1,Abortion
http://id.worldcat.org/fast/794614.,http://id.worldcat.org/fast/794614.,fast,650,1,Abortion -- Psychological aspects
http://id.worldcat.org/fast/794636.,http://id.worldcat.org/fast/794636.,fast,650,1,Abortion -- Social aspects
http://id.worldcat.org/fast/794769.,http://id.worldcat.org/fast/794769.,fast,650,1,Abstraction
http://id.worldcat.org/fast/796219.,http://id.worldcat.org/fast/796219.,fast,650,1,Action figures (Toys)
http://id.worldcat.org/fast/796296.,http://id.worldcat.org/fast/796296.,fast,650,1,Actors
http://id.worldcat.org/fast/797076.,http://id.worldcat.org/fast/797076.,fast,650,1,Adoption
http://id.worldcat.org/fast/797224.,http://id.worldcat.org/fast/797224.,fast,650,1,Adult child sexual abuse victims in art
http://id.worldcat.org/fast/798786.,http://id.worldcat.org/fast/798786.,fast,650,1,"Aesthetics, Japanese"
http://id.worldcat.org/fast/798800.,http://id.worldcat.org/fast/798800.,fast,650,1,"Aesthetics, Modern"
http://id.worldcat.org/fast/799012.,http://id.worldcat.org/fast/799012.,fast,650,1,African American art
http://id.worldcat.org/fast/799467.,http://id.worldcat.org/fast/799467.,fast,650,1,African American women -- Social conditions
http://id.worldcat.org/fast/799661.,http://id.worldcat.org/fast/799661.,fast,650,1,African Americans -- Portraits
http://id.worldcat.org/fast/799722.,http://id.worldcat.org/fast/799722.,fast,650,1,African Americans in art
http://id.worldcat.org/fast/799938.,http://id.worldcat.org/fast/799938.,fast,650,1,Africans
http://id.worldcat.org/fast/800070.,http://id.worldcat.org/fast/800070.,fast,650,1,After-images
http://id.worldcat.org/fast/800263.,http://id.worldcat.org/fast/800263.,fast,650,1,Aggressiveness
http://id.worldcat.org/fast/800293.,http://id.worldcat.org/fast/800293.,fast,650,1,Aging
http://id.worldcat.org/fast/800358.,http://id.worldcat.org/fast/800358.,fast,650,1,Aging in art
http://id.worldcat.org/fast/802704.,http://id.worldcat.org/fast/802704.,fast,650,1,Air warfare
http://id.worldcat.org/fast/802778.,http://id.worldcat.org/fast/802778.,fast,650,1,Aircraft accidents
http://id.worldcat.org/fast/806114.,http://id.worldcat.org/fast/806114.,fast,650,1,Altered paintings
http://id.worldcat.org/fast/806254.,http://id.worldcat.org/fast/806254.,fast,650,1,Alum industry
http://id.worldcat.org/fast/806557.,http://id.worldcat.org/fast/806557.,fast,650,1,Alzheimer's disease -- Patients
http://id.worldcat.org/fast/807422.,http://id.worldcat.org/fast/807422.,fast,650,1,American prose literature
http://id.worldcat.org/fast/808759.,http://id.worldcat.org/fast/808759.,fast,650,1,Angels in art
http://id.worldcat.org/fast/809364.,http://id.worldcat.org/fast/809364.,fast,650,1,Animal rights
http://id.worldcat.org/fast/810626.,http://id.worldcat.org/fast/810626.,fast,650,1,Antinuclear movement
http://id.worldcat.org/fast/810800.,http://id.worldcat.org/fast/810800.,fast,650,1,Antislavery movements
http://id.worldcat.org/fast/810877.,http://id.worldcat.org/fast/810877.,fast,650,1,Antlers
http://id.worldcat.org/fast/810981.,http://id.worldcat.org/fast/810981.,fast,650,1,Anxiety in art
http://id.worldcat.org/fast/811112.,http://id.worldcat.org/fast/811112.,fast,650,1,Apartheid
http://id.worldcat.org/fast/811114.,http://id.worldcat.org/fast/811114.,fast,650,1,Apartheid -- Economic aspects
http://id.worldcat.org/fast/811125.,http://id.worldcat.org/fast/811125.,fast,650,1,Apartheid -- Social aspects
http://id.worldcat.org/fast/811767.,http://id.worldcat.org/fast/811767.,fast,650,1,Appliqué
http://id.worldcat.org/fast/811940.,http://id.worldcat.org/fast/811940.,fast,650,1,Aquariums
http://id.worldcat.org/fast/813010.,http://id.worldcat.org/fast/813010.,fast,650,1,Archaeology in art
http://id.worldcat.org/fast/813497.,http://id.worldcat.org/fast/813497.,fast,650,1,Architecture -- Philosophy
http://id.worldcat.org/fast/813501.,http://id.worldcat.org/fast/813501.,fast,650,1,Architecture -- Political aspects
http://id.worldcat.org/fast/813666.,http://id.worldcat.org/fast/813666.,fast,650,1,"Architecture, Domestic"
http://id.worldcat.org/fast/813766.,http://id.worldcat.org/fast/813766.,fast,650,1,"Architecture, Greek"
http://id.worldcat.org/fast/813786.,http://id.worldcat.org/fast/813786.,fast,650,1,"Architecture, Industrial"
http://id.worldcat.org/fast/813842.,http://id.worldcat.org/fast/813842.,fast,650,1,"Architecture, Modern"
http://id.worldcat.org/fast/814270.,http://id.worldcat.org/fast/814270.,fast,650,1,Argentine literature
http://id.worldcat.org/fast/814575.,http://id.worldcat.org/fast/814575.,fast,650,1,Armadillos
http://id.worldcat.org/fast/815190.,http://id.worldcat.org/fast/815190.,fast,650,1,Art -- Censorship
http://id.worldcat.org/fast/815305.,http://id.worldcat.org/fast/815305.,fast,650,1,Art -- Periodicals
http://id.worldcat.org/fast/815314.,http://id.worldcat.org/fast/815314.,fast,650,1,Art -- Private collections
http://id.worldcat.org/fast/815322.,http://id.worldcat.org/fast/815322.,fast,650,1,Art -- Public opinion
http://id.worldcat.org/fast/815381.,http://id.worldcat.org/fast/815381.,fast,650,1,"Art -- Themes, motives"
http://id.worldcat.org/fast/815398.,http://id.worldcat.org/fast/815398.,fast,650,1,Art and industry
http://id.worldcat.org/fast/815415.,http://id.worldcat.org/fast/815415.,fast,650,1,Art and mythology
http://id.worldcat.org/fast/815423.,http://id.worldcat.org/fast/815423.,fast,650,1,Art and race
http://id.worldcat.org/fast/815446.,http://id.worldcat.org/fast/815446.,fast,650,1,Art and war
http://id.worldcat.org/fast/815631.,http://id.worldcat.org/fast/815631.,fast,650,1,Art museums
http://id.worldcat.org/fast/815800.,http://id.worldcat.org/fast/815800.,fast,650,1,Art school directors
http://id.worldcat.org/fast/815801.,http://id.worldcat.org/fast/815801.,fast,650,1,Art schools
http://id.worldcat.org/fast/815827.,http://id.worldcat.org/fast/815827.,fast,650,1,Art thefts
http://id.worldcat.org/fast/815847.,http://id.worldcat.org/fast/815847.,fast,650,1,"Art, Aboriginal Australian"
http://id.worldcat.org/fast/815969.,http://id.worldcat.org/fast/815969.,fast,650,1,"Art, Australian"
http://id.worldcat.org/fast/816044.,http://id.worldcat.org/fast/816044.,fast,650,1,"Art, British"
http://id.worldcat.org/fast/816159.,http://id.worldcat.org/fast/816159.,fast,650,1,"Art, Cuban"
http://id.worldcat.org/fast/816279.,http://id.worldcat.org/fast/816279.,fast,650,1,"Art, French"
http://id.worldcat.org/fast/816307.,http://id.worldcat.org/fast/816307.,fast,650,1,"Art, German"
http://id.worldcat.org/fast/816430.,http://id.worldcat.org/fast/816430.,fast,650,1,"Art, Italian"
http://id.worldcat.org/fast/816650.,http://id.worldcat.org/fast/816650.,fast,650,1,"Art, Modern -- Philosophy"
http://id.worldcat.org/fast/816651.,http://id.worldcat.org/fast/816651.,fast,650,1,"Art, Modern -- Political aspects"
http://id.worldcat.org/fast/816902.,http://id.worldcat.org/fast/816902.,fast,650,1,"Art, Soviet"
http://id.worldcat.org/fast/817564.,http://id.worldcat.org/fast/817564.,fast,650,1,Artists -- Autographs
http://id.worldcat.org/fast/817609.,http://id.worldcat.org/fast/817609.,fast,650,1,Artists -- Portraits
http://id.worldcat.org/fast/817620.,http://id.worldcat.org/fast/817620.,fast,650,1,Artists -- Social conditions
http://id.worldcat.org/fast/817663.,http://id.worldcat.org/fast/817663.,fast,650,1,Artists' books -- Private collections
http://id.worldcat.org/fast/817664.,http://id.worldcat.org/fast/817664.,fast,650,1,Artists' books -- Publishing
http://id.worldcat.org/fast/817669.,http://id.worldcat.org/fast/817669.,fast,650,1,Artists' illustrated books
http://id.worldcat.org/fast/817698.,http://id.worldcat.org/fast/817698.,fast,650,1,Artists' studios
http://id.worldcat.org/fast/817707.,http://id.worldcat.org/fast/817707.,fast,650,1,Artists' writings
http://id.worldcat.org/fast/817731.,http://id.worldcat.org/fast/817731.,fast,650,1,Arts -- Censorship
http://id.worldcat.org/fast/817903.,http://id.worldcat.org/fast/817903.,fast,650,1,"Arts, Argentine"
http://id.worldcat.org/fast/818112.,http://id.worldcat.org/fast/818112.,fast,650,1,"Arts, Latin American"
http://id.worldcat.org/fast/819505.,http://id.worldcat.org/fast/819505.,fast,650,1,Astronautics
http://id.worldcat.org/fast/819751.,http://id.worldcat.org/fast/819751.,fast,650,1,Astronomy in art
http://id.worldcat.org/fast/820591.,http://id.worldcat.org/fast/820591.,fast,650,1,Atomic bomb in art
http://id.worldcat.org/fast/820727.,http://id.worldcat.org/fast/820727.,fast,650,1,Atrocities
http://id.worldcat.org/fast/821688.,http://id.worldcat.org/fast/821688.,fast,650,1,Authors
http://id.worldcat.org/fast/822463.,http://id.worldcat.org/fast/822463.,fast,650,1,Authorship -- Philosophy
http://id.worldcat.org/fast/822597.,http://id.worldcat.org/fast/822597.,fast,650,1,Autobiography
http://id.worldcat.org/fast/822653.,http://id.worldcat.org/fast/822653.,fast,650,1,Autographs
http://id.worldcat.org/fast/823217.,http://id.worldcat.org/fast/823217.,fast,650,1,Automobile travel
http://id.worldcat.org/fast/823792.,http://id.worldcat.org/fast/823792.,fast,650,1,Automobiles -- Psychological aspects
http://id.worldcat.org/fast/824296.,http://id.worldcat.org/fast/824296.,fast,650,1,Avarice
http://id.worldcat.org/fast/824720.,http://id.worldcat.org/fast/824720.,fast,650,1,Aztecs
http://id.worldcat.org/fast/824753.,http://id.worldcat.org/fast/824753.,fast,650,1,Aztecs -- Religion
http://id.worldcat.org/fast/824987.,http://id.worldcat.org/fast/824987.,fast,650,1,Baby boom generation
http://id.worldcat.org/fast/826017.,http://id.worldcat.org/fast/826017.,fast,650,1,Ballet
http://id.worldcat.org/fast/826018.,http://id.worldcat.org/fast/826018.,fast,650,1,Ballet -- Costume
http://id.worldcat.org/fast/826030.,http://id.worldcat.org/fast/826030.,fast,650,1,Ballet -- Stage-setting and scenery
http://id.worldcat.org/fast/829163.,http://id.worldcat.org/fast/829163.,fast,650,1,Beadwork
http://id.worldcat.org/fast/829327.,http://id.worldcat.org/fast/829327.,fast,650,1,Beats (Persons)
http://id.worldcat.org/fast/829545.,http://id.worldcat.org/fast/829545.,fast,650,1,Bee culture
http://id.worldcat.org/fast/829560.,http://id.worldcat.org/fast/829560.,fast,650,1,Bee culture in art
http://id.worldcat.org/fast/829879.,http://id.worldcat.org/fast/829879.,fast,650,1,Beginning
http://id.worldcat.org/fast/830884.,http://id.worldcat.org/fast/830884.,fast,650,1,Bestiaries
http://id.worldcat.org/fast/831739.,http://id.worldcat.org/fast/831739.,fast,650,1,Bilingualism
http://id.worldcat.org/fast/832149.,http://id.worldcat.org/fast/832149.,fast,650,1,Biography
http://id.worldcat.org/fast/833036.,http://id.worldcat.org/fast/833036.,fast,650,1,Birds -- Models
http://id.worldcat.org/fast/833715.,http://id.worldcat.org/fast/833715.,fast,650,1,Black in art
http://id.worldcat.org/fast/834024.,http://id.worldcat.org/fast/834024.,fast,650,1,Black people in art
http://id.worldcat.org/fast/835355.,http://id.worldcat.org/fast/835355.,fast,650,1,Body image in art
http://id.worldcat.org/fast/835365.,http://id.worldcat.org/fast/835365.,fast,650,1,Body language
http://id.worldcat.org/fast/835825.,http://id.worldcat.org/fast/835825.,fast,650,1,Bombs
http://id.worldcat.org/fast/836125.,http://id.worldcat.org/fast/836125.,fast,650,1,Book burning
http://id.worldcat.org/fast/836132.,http://id.worldcat.org/fast/836132.,fast,650,1,Book collecting
http://id.worldcat.org/fast/836147.,http://id.worldcat.org/fast/836147.,fast,650,1,Book covers
http://id.worldcat.org/fast/836218.,http://id.worldcat.org/fast/836218.,fast,650,1,Book jackets
http://id.worldcat.org/fast/836265.,http://id.worldcat.org/fast/836265.,fast,650,1,Bookbinding
http://id.worldcat.org/fast/836338.,http://id.worldcat.org/fast/836338.,fast,650,1,Bookmarks
http://id.worldcat.org/fast/836426.,http://id.worldcat.org/fast/836426.,fast,650,1,Books -- Marketing
http://id.worldcat.org/fast/836492.,http://id.worldcat.org/fast/836492.,fast,650,1,Booksellers and bookselling
http://id.worldcat.org/fast/837087.,http://id.worldcat.org/fast/837087.,fast,650,1,Boundaries in art
http://id.worldcat.org/fast/837570.,http://id.worldcat.org/fast/837570.,fast,650,1,Brain
http://id.worldcat.org/fast/837694.,http://id.worldcat.org/fast/837694.,fast,650,1,Brain -- Wounds and injuries
http://id.worldcat.org/fast/837701.,http://id.worldcat.org/fast/837701.,fast,650,1,Brain -- Wounds and injuries -- Patients -- Family relationships
http://id.worldcat.org/fast/838255.,http://id.worldcat.org/fast/838255.,fast,650,1,Breast
http://id.worldcat.org/fast/838293.,http://id.worldcat.org/fast/838293.,fast,650,1,Breast -- Cancer -- Patients
http://id.worldcat.org/fast/838355.,http://id.worldcat.org/fast/838355.,fast,650,1,Breast cancer in art
http://id.worldcat.org/fast/838671.,http://id.worldcat.org/fast/838671.,fast,650,1,Bridges
http://id.worldcat.org/fast/839252.,http://id.worldcat.org/fast/839252.,fast,650,1,Broadsides
http://id.worldcat.org/fast/841702.,http://id.worldcat.org/fast/841702.,fast,650,1,Bureaucracy
http://id.worldcat.org/fast/842262.,http://id.worldcat.org/fast/842262.,fast,650,1,Business
http://id.worldcat.org/fast/843481.,http://id.worldcat.org/fast/843481.,fast,650,1,Cabala
http://id.worldcat.org/fast/843565.,http://id.worldcat.org/fast/843565.,fast,650,1,Cabinets of curiosities
http://id.worldcat.org/fast/843694.,http://id.worldcat.org/fast/843694.,fast,650,1,Cactus
http://id.worldcat.org/fast/844725.,http://id.worldcat.org/fast/844725.,fast,650,1,Camera obscuras
http://id.worldcat.org/fast/844732.,http://id.worldcat.org/fast/844732.,fast,650,1,Cameras
http://id.worldcat.org/fast/845039.,http://id.worldcat.org/fast/845039.,fast,650,1,Camsa Indians
http://id.worldcat.org/fast/845411.,http://id.worldcat.org/fast/845411.,fast,650,1,Cancer -- Patients
http://id.worldcat.org/fast/845580.,http://id.worldcat.org/fast/845580.,fast,650,1,Cancer in art
http://id.worldcat.org/fast/845592.,http://id.worldcat.org/fast/845592.,fast,650,1,Cancer in women
http://id.worldcat.org/fast/845678.,http://id.worldcat.org/fast/845678.,fast,650,1,Candy
http://id.worldcat.org/fast/846453.,http://id.worldcat.org/fast/846453.,fast,650,1,Capitalism -- Social aspects
http://id.worldcat.org/fast/847024.,http://id.worldcat.org/fast/847024.,fast,650,1,Card games in art
http://id.worldcat.org/fast/847532.,http://id.worldcat.org/fast/847532.,fast,650,1,Caricatures and cartoons
http://id.worldcat.org/fast/847651.,http://id.worldcat.org/fast/847651.,fast,650,1,Carnival
http://id.worldcat.org/fast/848025.,http://id.worldcat.org/fast/848025.,fast,650,1,Cartography
http://id.worldcat.org/fast/848207.,http://id.worldcat.org/fast/848207.,fast,650,1,Cash registers
http://id.worldcat.org/fast/849907.,http://id.worldcat.org/fast/849907.,fast,650,1,Caves
http://id.worldcat.org/fast/850072.,http://id.worldcat.org/fast/850072.,fast,650,1,Celebrities
http://id.worldcat.org/fast/850386.,http://id.worldcat.org/fast/850386.,fast,650,1,Celtic languages
http://id.worldcat.org/fast/851824.,http://id.worldcat.org/fast/851824.,fast,650,1,Chairs in art
http://id.worldcat.org/fast/851884.,http://id.worldcat.org/fast/851884.,fast,650,1,Challenged books
http://id.worldcat.org/fast/852032.,http://id.worldcat.org/fast/852032.,fast,650,1,Chance
http://id.worldcat.org/fast/852883.,http://id.worldcat.org/fast/852883.,fast,650,1,Chemical elements
http://id.worldcat.org/fast/854393.,http://id.worldcat.org/fast/854393.,fast,650,1,Child development
http://id.worldcat.org/fast/854640.,http://id.worldcat.org/fast/854640.,fast,650,1,Child sexual abuse
http://id.worldcat.org/fast/854780.,http://id.worldcat.org/fast/854780.,fast,650,1,Childbirth
http://id.worldcat.org/fast/854812.,http://id.worldcat.org/fast/854812.,fast,650,1,Childbirth at home
http://id.worldcat.org/fast/854813.,http://id.worldcat.org/fast/854813.,fast,650,1,Childbirth in art
http://id.worldcat.org/fast/854849.,http://id.worldcat.org/fast/854849.,fast,650,1,Children -- Books and reading
http://id.worldcat.org/fast/855249.,http://id.worldcat.org/fast/855249.,fast,650,1,Children in art
http://id.worldcat.org/fast/855337.,http://id.worldcat.org/fast/855337.,fast,650,1,Children of divorced parents
http://id.worldcat.org/fast/856632.,http://id.worldcat.org/fast/856632.,fast,650,1,Children's stories
http://id.worldcat.org/fast/858327.,http://id.worldcat.org/fast/858327.,fast,650,1,Choice (Psychology)
http://id.worldcat.org/fast/860049.,http://id.worldcat.org/fast/860049.,fast,650,1,Chromolithography
http://id.worldcat.org/fast/860599.,http://id.worldcat.org/fast/860599.,fast,650,1,Church buildings
http://id.worldcat.org/fast/861484.,http://id.worldcat.org/fast/861484.,fast,650,1,Cinematography
http://id.worldcat.org/fast/861671.,http://id.worldcat.org/fast/861671.,fast,650,1,Circus performers
http://id.worldcat.org/fast/862081.,http://id.worldcat.org/fast/862081.,fast,650,1,City and town life
http://id.worldcat.org/fast/862177.,http://id.worldcat.org/fast/862177.,fast,650,1,City planning
http://id.worldcat.org/fast/862898.,http://id.worldcat.org/fast/862898.,fast,650,1,Civilization
http://id.worldcat.org/fast/862900.,http://id.worldcat.org/fast/862900.,fast,650,1,Civilization -- African influences
http://id.worldcat.org/fast/864856.,http://id.worldcat.org/fast/864856.,fast,650,1,Clouds
http://id.worldcat.org/fast/865316.,http://id.worldcat.org/fast/865316.,fast,650,1,Coal miners
http://id.worldcat.org/fast/865355.,http://id.worldcat.org/fast/865355.,fast,650,1,Coal mines and mining
http://id.worldcat.org/fast/865972.,http://id.worldcat.org/fast/865972.,fast,650,1,Coca
http://id.worldcat.org/fast/866301.,http://id.worldcat.org/fast/866301.,fast,650,1,Coffee
http://id.worldcat.org/fast/866359.,http://id.worldcat.org/fast/866359.,fast,650,1,Coffee in art
http://id.worldcat.org/fast/866361.,http://id.worldcat.org/fast/866361.,fast,650,1,Coffee industry
http://id.worldcat.org/fast/866613.,http://id.worldcat.org/fast/866613.,fast,650,1,Coin banks
http://id.worldcat.org/fast/867090.,http://id.worldcat.org/fast/867090.,fast,650,1,"Collage, American"
http://id.worldcat.org/fast/868394.,http://id.worldcat.org/fast/868394.,fast,650,1,Colombian wit and humor
http://id.worldcat.org/fast/868396.,http://id.worldcat.org/fast/868396.,fast,650,1,"Colombian wit and humor, Pictorial"
http://id.worldcat.org/fast/868499.,http://id.worldcat.org/fast/868499.,fast,650,1,Color
http://id.worldcat.org/fast/868512.,http://id.worldcat.org/fast/868512.,fast,650,1,Color -- Psychological aspects
http://id.worldcat.org/fast/868607.,http://id.worldcat.org/fast/868607.,fast,650,1,Color photography -- Printing processes
http://id.worldcat.org/fast/869279.,http://id.worldcat.org/fast/869279.,fast,650,1,Commerce
http://id.worldcat.org/fast/869870.,http://id.worldcat.org/fast/869870.,fast,650,1,Communalism
http://id.worldcat.org/fast/869981.,http://id.worldcat.org/fast/869981.,fast,650,1,Communication -- Philosophy
http://id.worldcat.org/fast/870039.,http://id.worldcat.org/fast/870039.,fast,650,1,Communication and culture
http://id.worldcat.org/fast/870243.,http://id.worldcat.org/fast/870243.,fast,650,1,Communication in politics
http://id.worldcat.org/fast/870487.,http://id.worldcat.org/fast/870487.,fast,650,1,Communism and art
http://id.worldcat.org/fast/871835.,http://id.worldcat.org/fast/871835.,fast,650,1,Comprehension (Theory of knowledge)
http://id.worldcat.org/fast/872033.,http://id.worldcat.org/fast/872033.,fast,650,1,Computer art
http://id.worldcat.org/fast/872105.,http://id.worldcat.org/fast/872105.,fast,650,1,Computer fonts
http://id.worldcat.org/fast/872382.,http://id.worldcat.org/fast/872382.,fast,650,1,Computer programmers
http://id.worldcat.org/fast/872390.,http://id.worldcat.org/fast/872390.,fast,650,1,Computer programming
http://id.worldcat.org/fast/872402.,http://id.worldcat.org/fast/872402.,fast,650,1,Computer programming -- Psychological aspects
http://id.worldcat.org/fast/874357.,http://id.worldcat.org/fast/874357.,fast,650,1,"Concrete poetry, American"
http://id.worldcat.org/fast/876455.,http://id.worldcat.org/fast/876455.,fast,650,1,Consumption (Economics)
http://id.worldcat.org/fast/876483.,http://id.worldcat.org/fast/876483.,fast,650,1,Consumption (Economics) in art
http://id.worldcat.org/fast/876656.,http://id.worldcat.org/fast/876656.,fast,650,1,Contests
http://id.worldcat.org/fast/878289.,http://id.worldcat.org/fast/878289.,fast,650,1,Cootie catchers
http://id.worldcat.org/fast/879972.,http://id.worldcat.org/fast/879972.,fast,650,1,"Corporations, American"
http://id.worldcat.org/fast/879975.,http://id.worldcat.org/fast/879975.,fast,650,1,"Corporations, American -- Corrupt practices"
http://id.worldcat.org/fast/880547.,http://id.worldcat.org/fast/880547.,fast,650,1,Cosmic dust
http://id.worldcat.org/fast/880600.,http://id.worldcat.org/fast/880600.,fast,650,1,Cosmology
http://id.worldcat.org/fast/881315.,http://id.worldcat.org/fast/881315.,fast,650,1,Counterculture
http://id.worldcat.org/fast/881354.,http://id.worldcat.org/fast/881354.,fast,650,1,Counting
http://id.worldcat.org/fast/881567.,http://id.worldcat.org/fast/881567.,fast,650,1,Couples
http://id.worldcat.org/fast/881609.,http://id.worldcat.org/fast/881609.,fast,650,1,Courage
http://id.worldcat.org/fast/881873.,http://id.worldcat.org/fast/881873.,fast,650,1,Courtship
http://id.worldcat.org/fast/883037.,http://id.worldcat.org/fast/883037.,fast,650,1,Crime in art
http://id.worldcat.org/fast/883184.,http://id.worldcat.org/fast/883184.,fast,650,1,Criminal courts
http://id.worldcat.org/fast/883516.,http://id.worldcat.org/fast/883516.,fast,650,1,Criminals
http://id.worldcat.org/fast/883735.,http://id.worldcat.org/fast/883735.,fast,650,1,Criticism
http://id.worldcat.org/fast/884500.,http://id.worldcat.org/fast/884500.,fast,650,1,Cryonics
http://id.worldcat.org/fast/884605.,http://id.worldcat.org/fast/884605.,fast,650,1,Cryptozoology
http://id.worldcat.org/fast/884855.,http://id.worldcat.org/fast/884855.,fast,650,1,Cube in art
http://id.worldcat.org/fast/885325.,http://id.worldcat.org/fast/885325.,fast,650,1,Currency crises
http://id.worldcat.org/fast/885794.,http://id.worldcat.org/fast/885794.,fast,650,1,Cyberspace
http://id.worldcat.org/fast/885801.,http://id.worldcat.org/fast/885801.,fast,650,1,Cyberspace -- Social aspects
http://id.worldcat.org/fast/885831.,http://id.worldcat.org/fast/885831.,fast,650,1,Cyclecars
http://id.worldcat.org/fast/886455.,http://id.worldcat.org/fast/886455.,fast,650,1,Czechs
http://id.worldcat.org/fast/886582.,http://id.worldcat.org/fast/886582.,fast,650,1,DNA data banks
http://id.worldcat.org/fast/886590.,http://id.worldcat.org/fast/886590.,fast,650,1,DNA in art
http://id.worldcat.org/fast/886764.,http://id.worldcat.org/fast/886764.,fast,650,1,Daguerreotype
http://id.worldcat.org/fast/888094.,http://id.worldcat.org/fast/888094.,fast,650,1,Dating (Social customs)
http://id.worldcat.org/fast/888385.,http://id.worldcat.org/fast/888385.,fast,650,1,Dead
http://id.worldcat.org/fast/888697.,http://id.worldcat.org/fast/888697.,fast,650,1,Death in literature
http://id.worldcat.org/fast/888897.,http://id.worldcat.org/fast/888897.,fast,650,1,Decadence in art
http://id.worldcat.org/fast/889145.,http://id.worldcat.org/fast/889145.,fast,650,1,Decoration and ornament
http://id.worldcat.org/fast/889208.,http://id.worldcat.org/fast/889208.,fast,650,1,"Decoration and ornament -- Themes, motives"
http://id.worldcat.org/fast/889548.,http://id.worldcat.org/fast/889548.,fast,650,1,Deer hunting
http://id.worldcat.org/fast/891230.,http://id.worldcat.org/fast/891230.,fast,650,1,Deserts
http://id.worldcat.org/fast/891363.,http://id.worldcat.org/fast/891363.,fast,650,1,Desire in art
http://id.worldcat.org/fast/891620.,http://id.worldcat.org/fast/891620.,fast,650,1,Detention of persons
http://id.worldcat.org/fast/891974.,http://id.worldcat.org/fast/891974.,fast,650,1,Devil
http://id.worldcat.org/fast/891989.,http://id.worldcat.org/fast/891989.,fast,650,1,Devil in art
http://id.worldcat.org/fast/892657.,http://id.worldcat.org/fast/892657.,fast,650,1,Diaries
http://id.worldcat.org/fast/892873.,http://id.worldcat.org/fast/892873.,fast,650,1,Dictators
http://id.worldcat.org/fast/893901.,http://id.worldcat.org/fast/893901.,fast,650,1,Diners (Restaurants)
http://id.worldcat.org/fast/894097.,http://id.worldcat.org/fast/894097.,fast,650,1,Diorama
http://id.worldcat.org/fast/894209.,http://id.worldcat.org/fast/894209.,fast,650,1,"Diplomatic and consular service, American"
http://id.worldcat.org/fast/894675.,http://id.worldcat.org/fast/894675.,fast,650,1,Disappeared persons
http://id.worldcat.org/fast/894985.,http://id.worldcat.org/fast/894985.,fast,650,1,Discrimination
http://id.worldcat.org/fast/895401.,http://id.worldcat.org/fast/895401.,fast,650,1,Dissenters
http://id.worldcat.org/fast/895438.,http://id.worldcat.org/fast/895438.,fast,650,1,Dissident art
http://id.worldcat.org/fast/895809.,http://id.worldcat.org/fast/895809.,fast,650,1,Divorce
http://id.worldcat.org/fast/896265.,http://id.worldcat.org/fast/896265.,fast,650,1,Dogs
http://id.worldcat.org/fast/896302.,http://id.worldcat.org/fast/896302.,fast,650,1,Dogs -- Fiction
http://id.worldcat.org/fast/896481.,http://id.worldcat.org/fast/896481.,fast,650,1,Dolls in art
http://id.worldcat.org/fast/896894.,http://id.worldcat.org/fast/896894.,fast,650,1,Doors
http://id.worldcat.org/fast/897411.,http://id.worldcat.org/fast/897411.,fast,650,1,Drainage
http://id.worldcat.org/fast/897741.,http://id.worldcat.org/fast/897741.,fast,650,1,Drawing -- Philosophy
http://id.worldcat.org/fast/897776.,http://id.worldcat.org/fast/897776.,fast,650,1,"Drawing, American"
http://id.worldcat.org/fast/897801.,http://id.worldcat.org/fast/897801.,fast,650,1,"Drawing, Colombian"
http://id.worldcat.org/fast/897818.,http://id.worldcat.org/fast/897818.,fast,650,1,"Drawing, French"
http://id.worldcat.org/fast/897995.,http://id.worldcat.org/fast/897995.,fast,650,1,Dresses
http://id.worldcat.org/fast/898476.,http://id.worldcat.org/fast/898476.,fast,650,1,Drowning victims
http://id.worldcat.org/fast/898761.,http://id.worldcat.org/fast/898761.,fast,650,1,Drugs
http://id.worldcat.org/fast/899102.,http://id.worldcat.org/fast/899102.,fast,650,1,Drunkenness (Philosophy)
http://id.worldcat.org/fast/900209.,http://id.worldcat.org/fast/900209.,fast,650,1,Dwellings in art
http://id.worldcat.org/fast/900233.,http://id.worldcat.org/fast/900233.,fast,650,1,Dyes and dyeing
http://id.worldcat.org/fast/901090.,http://id.worldcat.org/fast/901090.,fast,650,1,East and West
http://id.worldcat.org/fast/901429.,http://id.worldcat.org/fast/901429.,fast,650,1,Ecofeminism
http://id.worldcat.org/fast/901476.,http://id.worldcat.org/fast/901476.,fast,650,1,Ecology
http://id.worldcat.org/fast/902296.,http://id.worldcat.org/fast/902296.,fast,650,1,Ecosystem health
http://id.worldcat.org/fast/902886.,http://id.worldcat.org/fast/902886.,fast,650,1,"Education, Bilingual"
http://id.worldcat.org/fast/902908.,http://id.worldcat.org/fast/902908.,fast,650,1,"Education, Bilingual -- Social aspects"
http://id.worldcat.org/fast/907477.,http://id.worldcat.org/fast/907477.,fast,650,1,Electronic surveillance
http://id.worldcat.org/fast/908133.,http://id.worldcat.org/fast/908133.,fast,650,1,Elk
http://id.worldcat.org/fast/908357.,http://id.worldcat.org/fast/908357.,fast,650,1,Emblems
http://id.worldcat.org/fast/908378.,http://id.worldcat.org/fast/908378.,fast,650,1,Embroidery
http://id.worldcat.org/fast/908722.,http://id.worldcat.org/fast/908722.,fast,650,1,Emigration and immigration -- Social aspects
http://id.worldcat.org/fast/908731.,http://id.worldcat.org/fast/908731.,fast,650,1,Emigration and immigration in art
http://id.worldcat.org/fast/908830.,http://id.worldcat.org/fast/908830.,fast,650,1,Emotions -- Physiological aspects
http://id.worldcat.org/fast/909533.,http://id.worldcat.org/fast/909533.,fast,650,1,Encyclopedias and dictionaries
http://id.worldcat.org/fast/909549.,http://id.worldcat.org/fast/909549.,fast,650,1,Encyclopedias and dictionaries in literature
http://id.worldcat.org/fast/909634.,http://id.worldcat.org/fast/909634.,fast,650,1,End of the world
http://id.worldcat.org/fast/909650.,http://id.worldcat.org/fast/909650.,fast,650,1,Endangered plants
http://id.worldcat.org/fast/909658.,http://id.worldcat.org/fast/909658.,fast,650,1,Endangered species
http://id.worldcat.org/fast/911297.,http://id.worldcat.org/fast/911297.,fast,650,1,English language -- Idioms
http://id.worldcat.org/fast/911410.,http://id.worldcat.org/fast/911410.,fast,650,1,English language -- Obscene words
http://id.worldcat.org/fast/911989.,http://id.worldcat.org/fast/911989.,fast,650,1,English literature
http://id.worldcat.org/fast/912877.,http://id.worldcat.org/fast/912877.,fast,650,1,Environmental degradation
http://id.worldcat.org/fast/913560.,http://id.worldcat.org/fast/913560.,fast,650,1,Environmentally induced diseases
http://id.worldcat.org/fast/914754.,http://id.worldcat.org/fast/914754.,fast,650,1,Erosion
http://id.worldcat.org/fast/914778.,http://id.worldcat.org/fast/914778.,fast,650,1,Erotic drawing
http://id.worldcat.org/fast/914994.,http://id.worldcat.org/fast/914994.,fast,650,1,"Erotic stories, Mexican"
http://id.worldcat.org/fast/915123.,http://id.worldcat.org/fast/915123.,fast,650,1,Escape (Psychology)
http://id.worldcat.org/fast/916072.,http://id.worldcat.org/fast/916072.,fast,650,1,Ethnobiology
http://id.worldcat.org/fast/916915.,http://id.worldcat.org/fast/916915.,fast,650,1,Euthanasia
http://id.worldcat.org/fast/918097.,http://id.worldcat.org/fast/918097.,fast,650,1,Exhibitions
http://id.worldcat.org/fast/918166.,http://id.worldcat.org/fast/918166.,fast,650,1,"Exiles' writings, Cuban"
http://id.worldcat.org/fast/918547.,http://id.worldcat.org/fast/918547.,fast,650,1,Exploitation
http://id.worldcat.org/fast/918955.,http://id.worldcat.org/fast/918955.,fast,650,1,Extinct animals
http://id.worldcat.org/fast/918957.,http://id.worldcat.org/fast/918957.,fast,650,1,Extinct animals in art
http://id.worldcat.org/fast/918968.,http://id.worldcat.org/fast/918968.,fast,650,1,Extinct plants
http://id.worldcat.org/fast/919371.,http://id.worldcat.org/fast/919371.,fast,650,1,Fables in art
http://id.worldcat.org/fast/919557.,http://id.worldcat.org/fast/919557.,fast,650,1,Face in art
http://id.worldcat.org/fast/919795.,http://id.worldcat.org/fast/919795.,fast,650,1,Factory system
http://id.worldcat.org/fast/919923.,http://id.worldcat.org/fast/919923.,fast,650,1,Fairy tales -- Illustrations
http://id.worldcat.org/fast/919934.,http://id.worldcat.org/fast/919934.,fast,650,1,Fairy tales in art
http://id.worldcat.org/fast/920845.,http://id.worldcat.org/fast/920845.,fast,650,1,Fantasy in art
http://id.worldcat.org/fast/921264.,http://id.worldcat.org/fast/921264.,fast,650,1,Farm tenancy
http://id.worldcat.org/fast/921890.,http://id.worldcat.org/fast/921890.,fast,650,1,Fathers and daughters
http://id.worldcat.org/fast/921899.,http://id.worldcat.org/fast/921899.,fast,650,1,Fathers and sons
http://id.worldcat.org/fast/921909.,http://id.worldcat.org/fast/921909.,fast,650,1,Fathers and sons in art
http://id.worldcat.org/fast/922647.,http://id.worldcat.org/fast/922647.,fast,650,1,Female-to-male transsexuals
http://id.worldcat.org/fast/922665.,http://id.worldcat.org/fast/922665.,fast,650,1,Femininity in art
http://id.worldcat.org/fast/922747.,http://id.worldcat.org/fast/922747.,fast,650,1,Feminism and the arts
http://id.worldcat.org/fast/923420.,http://id.worldcat.org/fast/923420.,fast,650,1,Fetishism (Sexual behavior)
http://id.worldcat.org/fast/924213.,http://id.worldcat.org/fast/924213.,fast,650,1,Filipinos
http://id.worldcat.org/fast/924825.,http://id.worldcat.org/fast/924825.,fast,650,1,Fine books
http://id.worldcat.org/fast/925173.,http://id.worldcat.org/fast/925173.,fast,650,1,Fire
http://id.worldcat.org/fast/925193.,http://id.worldcat.org/fast/925193.,fast,650,1,Fire -- Social aspects
http://id.worldcat.org/fast/925442.,http://id.worldcat.org/fast/925442.,fast,650,1,Fire in art
http://id.worldcat.org/fast/925573.,http://id.worldcat.org/fast/925573.,fast,650,1,Firearms
http://id.worldcat.org/fast/926740.,http://id.worldcat.org/fast/926740.,fast,650,1,Fishing in art
http://id.worldcat.org/fast/926942.,http://id.worldcat.org/fast/926942.,fast,650,1,Flags
http://id.worldcat.org/fast/927291.,http://id.worldcat.org/fast/927291.,fast,650,1,Flight
http://id.worldcat.org/fast/927350.,http://id.worldcat.org/fast/927350.,fast,650,1,Flight in art
http://id.worldcat.org/fast/927377.,http://id.worldcat.org/fast/927377.,fast,650,1,Flight training
http://id.worldcat.org/fast/928396.,http://id.worldcat.org/fast/928396.,fast,650,1,Fluxus (Group of artists)
http://id.worldcat.org/fast/929383.,http://id.worldcat.org/fast/929383.,fast,650,1,Folk music
http://id.worldcat.org/fast/930503.,http://id.worldcat.org/fast/930503.,fast,650,1,Food -- Economic aspects
http://id.worldcat.org/fast/930613.,http://id.worldcat.org/fast/930613.,fast,650,1,Food -- Social aspects
http://id.worldcat.org/fast/930807.,http://id.worldcat.org/fast/930807.,fast,650,1,Food habits
http://id.worldcat.org/fast/931362.,http://id.worldcat.org/fast/931362.,fast,650,1,Football
http://id.worldcat.org/fast/931452.,http://id.worldcat.org/fast/931452.,fast,650,1,Footbinding
http://id.worldcat.org/fast/931715.,http://id.worldcat.org/fast/931715.,fast,650,1,Fore-edge painting
http://id.worldcat.org/fast/933164.,http://id.worldcat.org/fast/933164.,fast,650,1,Fossils
http://id.worldcat.org/fast/933427.,http://id.worldcat.org/fast/933427.,fast,650,1,Fourth of July
http://id.worldcat.org/fast/933507.,http://id.worldcat.org/fast/933507.,fast,650,1,Fractals
http://id.worldcat.org/fast/934688.,http://id.worldcat.org/fast/934688.,fast,650,1,French literature
http://id.worldcat.org/fast/935174.,http://id.worldcat.org/fast/935174.,fast,650,1,Friendship
http://id.worldcat.org/fast/935212.,http://id.worldcat.org/fast/935212.,fast,650,1,Friezes
http://id.worldcat.org/fast/936488.,http://id.worldcat.org/fast/936488.,fast,650,1,Furniture
http://id.worldcat.org/fast/936544.,http://id.worldcat.org/fast/936544.,fast,650,1,Furniture industry and trade
http://id.worldcat.org/fast/936587.,http://id.worldcat.org/fast/936587.,fast,650,1,Furniture workers
http://id.worldcat.org/fast/936780.,http://id.worldcat.org/fast/936780.,fast,650,1,Futurism (Art)
http://id.worldcat.org/fast/937826.,http://id.worldcat.org/fast/937826.,fast,650,1,Garden structures
http://id.worldcat.org/fast/937852.,http://id.worldcat.org/fast/937852.,fast,650,1,Gardening
http://id.worldcat.org/fast/939057.,http://id.worldcat.org/fast/939057.,fast,650,1,Gay artists
http://id.worldcat.org/fast/939145.,http://id.worldcat.org/fast/939145.,fast,650,1,Gay men -- Relations with heterosexuals
http://id.worldcat.org/fast/939255.,http://id.worldcat.org/fast/939255.,fast,650,1,Gay people
http://id.worldcat.org/fast/939593.,http://id.worldcat.org/fast/939593.,fast,650,1,Gender identity
http://id.worldcat.org/fast/939604.,http://id.worldcat.org/fast/939604.,fast,650,1,Gender identity in art
http://id.worldcat.org/fast/939652.,http://id.worldcat.org/fast/939652.,fast,650,1,Genealogy
http://id.worldcat.org/fast/940208.,http://id.worldcat.org/fast/940208.,fast,650,1,Genocide
http://id.worldcat.org/fast/940296.,http://id.worldcat.org/fast/940296.,fast,650,1,Gentrification
http://id.worldcat.org/fast/940459.,http://id.worldcat.org/fast/940459.,fast,650,1,Geographical perception
http://id.worldcat.org/fast/940469.,http://id.worldcat.org/fast/940469.,fast,650,1,Geography
http://id.worldcat.org/fast/942628.,http://id.worldcat.org/fast/942628.,fast,650,1,Gifts
http://id.worldcat.org/fast/942866.,http://id.worldcat.org/fast/942866.,fast,650,1,Girls
http://id.worldcat.org/fast/943217.,http://id.worldcat.org/fast/943217.,fast,650,1,Glass painting and staining
http://id.worldcat.org/fast/943506.,http://id.worldcat.org/fast/943506.,fast,650,1,Global warming
http://id.worldcat.org/fast/943532.,http://id.worldcat.org/fast/943532.,fast,650,1,Globalization
http://id.worldcat.org/fast/943533.,http://id.worldcat.org/fast/943533.,fast,650,1,Globalization -- Economic aspects
http://id.worldcat.org/fast/945173.,http://id.worldcat.org/fast/945173.,fast,650,1,Government aid to the arts
http://id.worldcat.org/fast/945663.,http://id.worldcat.org/fast/945663.,fast,650,1,"Government, Resistance to"
http://id.worldcat.org/fast/946360.,http://id.worldcat.org/fast/946360.,fast,650,1,Grandparent and child
http://id.worldcat.org/fast/946595.,http://id.worldcat.org/fast/946595.,fast,650,1,Graphic arts
http://id.worldcat.org/fast/946687.,http://id.worldcat.org/fast/946687.,fast,650,1,Graphology
http://id.worldcat.org/fast/947085.,http://id.worldcat.org/fast/947085.,fast,650,1,Grebo (African people)
http://id.worldcat.org/fast/947178.,http://id.worldcat.org/fast/947178.,fast,650,1,Greek language
http://id.worldcat.org/fast/947883.,http://id.worldcat.org/fast/947883.,fast,650,1,Grief
http://id.worldcat.org/fast/947910.,http://id.worldcat.org/fast/947910.,fast,650,1,Grief in literature
http://id.worldcat.org/fast/948861.,http://id.worldcat.org/fast/948861.,fast,650,1,Guatemalan literature
http://id.worldcat.org/fast/948864.,http://id.worldcat.org/fast/948864.,fast,650,1,Guatemalan poetry
http://id.worldcat.org/fast/948935.,http://id.worldcat.org/fast/948935.,fast,650,1,Guerrillas
http://id.worldcat.org/fast/949583.,http://id.worldcat.org/fast/949583.,fast,650,1,Gymnastics
http://id.worldcat.org/fast/950289.,http://id.worldcat.org/fast/950289.,fast,650,1,Haiku
http://id.worldcat.org/fast/950431.,http://id.worldcat.org/fast/950431.,fast,650,1,Hairstyles
http://id.worldcat.org/fast/950888.,http://id.worldcat.org/fast/950888.,fast,650,1,Hand weaving
http://id.worldcat.org/fast/950959.,http://id.worldcat.org/fast/950959.,fast,650,1,Handicraft
http://id.worldcat.org/fast/951160.,http://id.worldcat.org/fast/951160.,fast,650,1,Happiness
http://id.worldcat.org/fast/951863.,http://id.worldcat.org/fast/951863.,fast,650,1,Hate
http://id.worldcat.org/fast/951883.,http://id.worldcat.org/fast/951883.,fast,650,1,Hate groups
http://id.worldcat.org/fast/952704.,http://id.worldcat.org/fast/952704.,fast,650,1,Healing
http://id.worldcat.org/fast/952727.,http://id.worldcat.org/fast/952727.,fast,650,1,Healing in art
http://id.worldcat.org/fast/952743.,http://id.worldcat.org/fast/952743.,fast,650,1,Health
http://id.worldcat.org/fast/953493.,http://id.worldcat.org/fast/953493.,fast,650,1,Heart
http://id.worldcat.org/fast/953734.,http://id.worldcat.org/fast/953734.,fast,650,1,Heart in art
http://id.worldcat.org/fast/955373.,http://id.worldcat.org/fast/955373.,fast,650,1,Herbs
http://id.worldcat.org/fast/955419.,http://id.worldcat.org/fast/955419.,fast,650,1,"Heredity, Human"
http://id.worldcat.org/fast/955967.,http://id.worldcat.org/fast/955967.,fast,650,1,Hiding places
http://id.worldcat.org/fast/956511.,http://id.worldcat.org/fast/956511.,fast,650,1,High-fidelity sound systems
http://id.worldcat.org/fast/957237.,http://id.worldcat.org/fast/957237.,fast,650,1,Hip-hop
http://id.worldcat.org/fast/957686.,http://id.worldcat.org/fast/957686.,fast,650,1,Historians
http://id.worldcat.org/fast/957723.,http://id.worldcat.org/fast/957723.,fast,650,1,Historic buildings
http://id.worldcat.org/fast/958207.,http://id.worldcat.org/fast/958207.,fast,650,1,Historical reenactments
http://id.worldcat.org/fast/958337.,http://id.worldcat.org/fast/958337.,fast,650,1,History in art
http://id.worldcat.org/fast/958838.,http://id.worldcat.org/fast/958838.,fast,650,1,Holocaust survivors
http://id.worldcat.org/fast/958839.,http://id.worldcat.org/fast/958839.,fast,650,1,Holocaust survivors -- Biography
http://id.worldcat.org/fast/959545.,http://id.worldcat.org/fast/959545.,fast,650,1,Homelessness
http://id.worldcat.org/fast/959727.,http://id.worldcat.org/fast/959727.,fast,650,1,Homophobia
http://id.worldcat.org/fast/960791.,http://id.worldcat.org/fast/960791.,fast,650,1,Horticulture
http://id.worldcat.org/fast/961767.,http://id.worldcat.org/fast/961767.,fast,650,1,Hotels
http://id.worldcat.org/fast/962090.,http://id.worldcat.org/fast/962090.,fast,650,1,"Household appliances, Electric"
http://id.worldcat.org/fast/962855.,http://id.worldcat.org/fast/962855.,fast,650,1,Human beings -- Origin
http://id.worldcat.org/fast/962941.,http://id.worldcat.org/fast/962941.,fast,650,1,Human ecology
http://id.worldcat.org/fast/963107.,http://id.worldcat.org/fast/963107.,fast,650,1,Human geography
http://id.worldcat.org/fast/963121.,http://id.worldcat.org/fast/963121.,fast,650,1,Human geography -- Philosophy
http://id.worldcat.org/fast/963183.,http://id.worldcat.org/fast/963183.,fast,650,1,Human physiology
http://id.worldcat.org/fast/963258.,http://id.worldcat.org/fast/963258.,fast,650,1,Human reproduction in art
http://id.worldcat.org/fast/963285.,http://id.worldcat.org/fast/963285.,fast,650,1,Human rights
http://id.worldcat.org/fast/963482.,http://id.worldcat.org/fast/963482.,fast,650,1,Human-animal relationships
http://id.worldcat.org/fast/963760.,http://id.worldcat.org/fast/963760.,fast,650,1,"Humorous poetry, American"
http://id.worldcat.org/fast/964221.,http://id.worldcat.org/fast/964221.,fast,650,1,Hunting in art
http://id.worldcat.org/fast/964360.,http://id.worldcat.org/fast/964360.,fast,650,1,Hurricanes
http://id.worldcat.org/fast/965349.,http://id.worldcat.org/fast/965349.,fast,650,1,Hygiene
http://id.worldcat.org/fast/965356.,http://id.worldcat.org/fast/965356.,fast,650,1,Hygiene -- Social aspects
http://id.worldcat.org/fast/966135.,http://id.worldcat.org/fast/966135.,fast,650,1,Hysteria
http://id.worldcat.org/fast/966632.,http://id.worldcat.org/fast/966632.,fast,650,1,Icebergs
http://id.worldcat.org/fast/966908.,http://id.worldcat.org/fast/966908.,fast,650,1,Identity (Psychology) in art
http://id.worldcat.org/fast/966909.,http://id.worldcat.org/fast/966909.,fast,650,1,Identity (Psychology) in children
http://id.worldcat.org/fast/966930.,http://id.worldcat.org/fast/966930.,fast,650,1,Ideology in art
http://id.worldcat.org/fast/967235.,http://id.worldcat.org/fast/967235.,fast,650,1,Illumination of books and manuscripts
http://id.worldcat.org/fast/967406.,http://id.worldcat.org/fast/967406.,fast,650,1,Illustration of books
http://id.worldcat.org/fast/967501.,http://id.worldcat.org/fast/967501.,fast,650,1,Image processing
http://id.worldcat.org/fast/967541.,http://id.worldcat.org/fast/967541.,fast,650,1,Imagery (Psychology)
http://id.worldcat.org/fast/967555.,http://id.worldcat.org/fast/967555.,fast,650,1,Imaginary biography
http://id.worldcat.org/fast/967557.,http://id.worldcat.org/fast/967557.,fast,650,1,Imaginary books and libraries
http://id.worldcat.org/fast/967560.,http://id.worldcat.org/fast/967560.,fast,650,1,Imaginary companions
http://id.worldcat.org/fast/967585.,http://id.worldcat.org/fast/967585.,fast,650,1,Imagination
http://id.worldcat.org/fast/967799.,http://id.worldcat.org/fast/967799.,fast,650,1,Immigrants in art
http://id.worldcat.org/fast/967851.,http://id.worldcat.org/fast/967851.,fast,650,1,Immortalism
http://id.worldcat.org/fast/968146.,http://id.worldcat.org/fast/968146.,fast,650,1,Impermanence (Buddhism)
http://id.worldcat.org/fast/968670.,http://id.worldcat.org/fast/968670.,fast,650,1,Income distribution
http://id.worldcat.org/fast/969029.,http://id.worldcat.org/fast/969029.,fast,650,1,Indian art
http://id.worldcat.org/fast/969222.,http://id.worldcat.org/fast/969222.,fast,650,1,Indian textile fabrics
http://id.worldcat.org/fast/969510.,http://id.worldcat.org/fast/969510.,fast,650,1,Indians of Mexico
http://id.worldcat.org/fast/969556.,http://id.worldcat.org/fast/969556.,fast,650,1,Indians of Mexico -- Government relations
http://id.worldcat.org/fast/969633.,http://id.worldcat.org/fast/969633.,fast,650,1,Indians of North America
http://id.worldcat.org/fast/969749.,http://id.worldcat.org/fast/969749.,fast,650,1,Indians of North America -- Folklore
http://id.worldcat.org/fast/970120.,http://id.worldcat.org/fast/970120.,fast,650,1,"Indians, Treatment of"
http://id.worldcat.org/fast/970343.,http://id.worldcat.org/fast/970343.,fast,650,1,Individuality
http://id.worldcat.org/fast/971122.,http://id.worldcat.org/fast/971122.,fast,650,1,Industrial hygiene
http://id.worldcat.org/fast/971825.,http://id.worldcat.org/fast/971825.,fast,650,1,Industrialization
http://id.worldcat.org/fast/971843.,http://id.worldcat.org/fast/971843.,fast,650,1,Industrialization -- Social aspects
http://id.worldcat.org/fast/972484.,http://id.worldcat.org/fast/972484.,fast,650,1,"Influence (Literary, artistic, etc.)"
http://id.worldcat.org/fast/974074.,http://id.worldcat.org/fast/974074.,fast,650,1,Insects
http://id.worldcat.org/fast/974230.,http://id.worldcat.org/fast/974230.,fast,650,1,Inspiration
http://id.worldcat.org/fast/975848.,http://id.worldcat.org/fast/975848.,fast,650,1,Intelligence service
http://id.worldcat.org/fast/975979.,http://id.worldcat.org/fast/975979.,fast,650,1,Interactive art
http://id.worldcat.org/fast/977258.,http://id.worldcat.org/fast/977258.,fast,650,1,Internet in political campaigns
http://id.worldcat.org/fast/977289.,http://id.worldcat.org/fast/977289.,fast,650,1,Internet searching
http://id.worldcat.org/fast/977539.,http://id.worldcat.org/fast/977539.,fast,650,1,Interstellar communication
http://id.worldcat.org/fast/977714.,http://id.worldcat.org/fast/977714.,fast,650,1,Intimacy (Psychology)
http://id.worldcat.org/fast/979502.,http://id.worldcat.org/fast/979502.,fast,650,1,Irrigation
http://id.worldcat.org/fast/979596.,http://id.worldcat.org/fast/979596.,fast,650,1,Irrigation engineering
http://id.worldcat.org/fast/980392.,http://id.worldcat.org/fast/980392.,fast,650,1,It (The English word)
http://id.worldcat.org/fast/980660.,http://id.worldcat.org/fast/980660.,fast,650,1,Italian literature
http://id.worldcat.org/fast/983135.,http://id.worldcat.org/fast/983135.,fast,650,1,Jews
http://id.worldcat.org/fast/983229.,http://id.worldcat.org/fast/983229.,fast,650,1,Jews -- Folklore
http://id.worldcat.org/fast/984188.,http://id.worldcat.org/fast/984188.,fast,650,1,Journalists
http://id.worldcat.org/fast/985122.,http://id.worldcat.org/fast/985122.,fast,650,1,Justice
http://id.worldcat.org/fast/985936.,http://id.worldcat.org/fast/985936.,fast,650,1,Kamikaze pilots
http://id.worldcat.org/fast/987010.,http://id.worldcat.org/fast/987010.,fast,650,1,Keyboards (Electronics)
http://id.worldcat.org/fast/987694.,http://id.worldcat.org/fast/987694.,fast,650,1,Kings and rulers
http://id.worldcat.org/fast/987877.,http://id.worldcat.org/fast/987877.,fast,650,1,Kissing
http://id.worldcat.org/fast/987926.,http://id.worldcat.org/fast/987926.,fast,650,1,Kitchens
http://id.worldcat.org/fast/987953.,http://id.worldcat.org/fast/987953.,fast,650,1,Kites in art
http://id.worldcat.org/fast/988163.,http://id.worldcat.org/fast/988163.,fast,650,1,Knives in art
http://id.worldcat.org/fast/988587.,http://id.worldcat.org/fast/988587.,fast,650,1,Korean Americans
http://id.worldcat.org/fast/988589.,http://id.worldcat.org/fast/988589.,fast,650,1,Korean Americans -- Communication
http://id.worldcat.org/fast/990474.,http://id.worldcat.org/fast/990474.,fast,650,1,Labyrinths in art
http://id.worldcat.org/fast/991362.,http://id.worldcat.org/fast/991362.,fast,650,1,Land tenure
http://id.worldcat.org/fast/991689.,http://id.worldcat.org/fast/991689.,fast,650,1,Landforms
http://id.worldcat.org/fast/991791.,http://id.worldcat.org/fast/991791.,fast,650,1,Landscape archaeology
http://id.worldcat.org/fast/992030.,http://id.worldcat.org/fast/992030.,fast,650,1,Landscape photography
http://id.worldcat.org/fast/992193.,http://id.worldcat.org/fast/992193.,fast,650,1,Language and languages -- Philosophy
http://id.worldcat.org/fast/993031.,http://id.worldcat.org/fast/993031.,fast,650,1,Latin American literature
http://id.worldcat.org/fast/995186.,http://id.worldcat.org/fast/995186.,fast,650,1,Leaves
http://id.worldcat.org/fast/996540.,http://id.worldcat.org/fast/996540.,fast,650,1,Lesbians
http://id.worldcat.org/fast/996573.,http://id.worldcat.org/fast/996573.,fast,650,1,Lesbians -- Relations with heterosexuals
http://id.worldcat.org/fast/996586.,http://id.worldcat.org/fast/996586.,fast,650,1,Lesbians in art
http://id.worldcat.org/fast/996779.,http://id.worldcat.org/fast/996779.,fast,650,1,Letters
http://id.worldcat.org/fast/997445.,http://id.worldcat.org/fast/997445.,fast,650,1,Libraries -- Social aspects
http://id.worldcat.org/fast/998231.,http://id.worldcat.org/fast/998231.,fast,650,1,Life change events
http://id.worldcat.org/fast/998552.,http://id.worldcat.org/fast/998552.,fast,650,1,Light in art
http://id.worldcat.org/fast/999280.,http://id.worldcat.org/fast/999280.,fast,650,1,Linoleum block-printing
http://id.worldcat.org/fast/999424.,http://id.worldcat.org/fast/999424.,fast,650,1,Lipreading
http://id.worldcat.org/fast/999950.,http://id.worldcat.org/fast/999950.,fast,650,1,Literary recreations
http://id.worldcat.org/fast/999953.,http://id.worldcat.org/fast/999953.,fast,650,1,Literature
http://vocab.getty.edu/aat/300022187.,http://vocab.getty.edu/aat/300022187.,aat,650,1,Neo-Dada
http://vocab.getty.edu/aat/300053087.,http://vocab.getty.edu/aat/300053087.,aat,650,1,Destruction (process)
http://vocab.getty.edu/aat/300138699.,http://vocab.getty.edu/aat/300138699.,aat,650,1,Collage (technique)
http://vocab.getty.edu/aat/300247923.,http://vocab.getty.edu/aat/300247923.,aat,650,1,Folding (process)
http://vocab.getty.edu/aat/300249275.,http://vocab.getty.edu/aat/300249275.,aat,650,1,Ecological art
http://vocab.getty.edu/aat/300264827.,http://vocab.getty.edu/aat/300264827.,aat,650,1,Conceptual
http://vocab.getty.edu/aat/300265728.,http://vocab.getty.edu/aat/300265728.,aat,650,1,Photobooks
https://en.homosaurus.org/v4/homoit0000316.,https://en.homosaurus.org/v4/homoit0000316.,homoit,650,1,Crossdressers
https://en.homosaurus.org/v4/homoit0000506.,https://en.homosaurus.org/v4/homoit0000506.,homoit,650,1,Gay men
https://en.homosaurus.org/v4/homoit0001642.,https://en.homosaurus.org/v4/homoit0001642.,homoit,650,1,Trans women
https://homosaurus.org/v4/homoit0000375.,https://homosaurus.org/v4/homoit0000375.,homoit,650,1,Drag queens
https://homosaurus.org/v4/homoit0000387.,https://homosaurus.org/v4/homoit0000387.,homoit,650,1,Ecofeminism
https://homosaurus.org/v4/homoit0000436.,https://homosaurus.org/v4/homoit0000436.,homoit,650,1,FtMs
https://homosaurus.org/v4/homoit0000442.,https://homosaurus.org/v4/homoit0000442.,homoit,650,1,Kinks and fetishes
https://homosaurus.org/v4/homoit0000470.,https://homosaurus.org/v4/homoit0000470.,homoit,650,1,Gay artists
https://homosaurus.org/v4/homoit0000487.,https://homosaurus.org/v4/homoit0000487.,homoit,650,1,Gay culture
https://homosaurus.org/v4/homoit0000506.,https://homosaurus.org/v4/homoit0000506.,homoit,650,1,Gay men
https://homosaurus.org/v4/homoit0000556.,https://homosaurus.org/v4/homoit0000556.,homoit,650,1,Lesbians
https://homosaurus.org/v4/homoit0000571.,https://homosaurus.org/v4/homoit0000571.,homoit,650,1,Gender identity
https://homosaurus.org/v4/homoit0000646.,https://homosaurus.org/v4/homoit0000646.,homoit,650,1,Homophobia
https://homosaurus.org/v4/homoit0000652.,https://homosaurus.org/v4/homoit0000652.,homoit,650,1,Human rights
https://homosaurus.org/v4/homoit0000691.,https://homosaurus.org/v4/homoit0000691.,homoit,650,1,Kissing
https://homosaurus.org/v4/homoit0001025.,https://homosaurus.org/v4/homoit0001025.,homoit,650,1,Mothers of transgender people
https://homosaurus.org/v4/homoit0001052.,https://homosaurus.org/v4/homoit0001052.,homoit,650,1,Nude art
https://homosaurus.org/v4/homoit0001128.,https://homosaurus.org/v4/homoit0001128.,homoit,650,1,Pornography
https://homosaurus.org/v4/homoit0001261.,https://homosaurus.org/v4/homoit0001261.,homoit,650,1,Secrecy
https://homosaurus.org/v4/homoit0001278.,https://homosaurus.org/v4/homoit0001278.,homoit,650,1,Sexism
https://homosaurus.org/v4/homoit0001293.,https://homosaurus.org/v4/homoit0001293.,homoit,650,1,Sexual harassment
https://homosaurus.org/v4/homoit0001299.,https://homosaurus.org/v4/homoit0001299.,homoit,650,1,Sexual practices
https://homosaurus.org/v4/homoit0001390.,https://homosaurus.org/v4/homoit0001390.,homoit,650,1,Transgender artists
https://homosaurus.org/v4/homoit0001415.,https://homosaurus.org/v4/homoit0001415.,homoit,650,1,Transgender identity
https://homosaurus.org/v4/homoit0001465.,https://homosaurus.org/v4/homoit0001465.,homoit,650,1,Transitioning (Gender)
https://homosaurus.org/v4/homoit0001488.,https://homosaurus.org/v4/homoit0001488.,homoit,650,1,Vagina
https://homosaurus.org/v4/homoit0001643.,https://homosaurus.org/v4/homoit0001643.,homoit,650,1,Trans men
https://homosaurus.org/v4/homoit0002398.,https://homosaurus.org/v4/homoit0002398.,homoit,650,1,Black Lives Matter movement
https://id.kb.se/term/sao/Anarkism,https://id.kb.se/term/sao/Anarkism,sao,650,1,Anarkism
https://id.kb.se/term/sao/Artists%27%20books,https://id.kb.se/term/sao/Artists%27%20books,sao,650,1,Artists' books
https://id.kb.se/term/sao/Handel,https://id.kb.se/term/sao/Handel,sao,650,1,Handel
https://id.kb.se/term/sao/Hemligheter,https://id.kb.se/term/sao/Hemligheter,sao,650,1,Hemligheter
https://id.kb.se/term/sao/Kapitalism,https://id.kb.se/term/sao/Kapitalism,sao,650,1,Kapitalism
https://id.kb.se/term/sao/Konst,https://id.kb.se/term/sao/Konst,sao,650,1,Konst
https://id.kb.se/term/sao/Konstn%C3%A4rer,https://id.kb.se/term/sao/Konstn%C3%A4rer,sao,650,1,Konstnärer
https://id.kb.se/term/sao/Kvinnor,https://id.kb.se/term/sao/Kvinnor,sao,650,1,Kvinnor
https://id.kb.se/term/sao/Modern%20konst,https://id.kb.se/term/sao/Modern%20konst,sao,650,1,Modern konst
https://id.kb.se/term/sao/Nederl%C3%A4nderna,https://id.kb.se/term/sao/Nederl%C3%A4nderna,sao,651,1,Nederländerna
https://id.kb.se/term/sao/Parodier,https://id.kb.se/term/sao/Parodier,sao,650,1,Parodier
https://id.kb.se/term/sao/Patienter,https://id.kb.se/term/sao/Patienter,sao,650,1,Patienter
https://id.kb.se/term/sao/Patologer,https://id.kb.se/term/sao/Patologer,sao,650,1,Patologer
https://id.kb.se/term/sao/Politik,https://id.kb.se/term/sao/Politik,sao,650,1,Politik
https://id.kb.se/term/sao/Schweiz,https://id.kb.se/term/sao/Schweiz,sao,651,1,Schweiz
https://id.kb.se/term/sao/Socialism,https://id.kb.se/term/sao/Socialism,sao,650,1,Socialism
kao//eng|20th-century,,kao//eng,650,1,20th century
kao//eng|artists,,kao//eng,650,1,Artists
kao//eng|kruger-barbara,,kao//eng,650,1,"Kruger, Barbara"
kao//eng|united-states,,kao//eng,650,1,United States
kao|1900-talet,,kao,650,1,1900-talet
kao|f-renta-staterna,,kao,650,1,Förenta staterna
kao|konstn-rer,,kao,650,1,Konstnärer
kao|kruger-barbara,,kao,650,1,"Kruger, Barbara"
lcgft|portraits,,lcgft,650,1,Portraits
lcshac|alphabet,,lcshac,650,1,Alphabet
lcshac|animals-fiction,,lcshac,650,1,Animals -- Fiction
lcshac|artists-books-united-states,,lcshac,650,1,Artists' books -- United States
lcshac|bridges,,lcshac,650,1,Bridges
lcshac|castles-fiction,,lcshac,650,1,Castles -- Fiction
lcshac|children-s-literature-periodicals,,lcshac,650,1,Children's literature -- Periodicals
lcshac|children-s-periodicals,,lcshac,650,1,Children's periodicals
lcshac|dogs,,lcshac,650,1,Dogs
lcshac|folklore-germany,,lcshac,650,1,Folklore -- Germany
lcshac|map-book,,lcshac,650,1,Map book
lcshac|mice-fiction,,lcshac,650,1,Mice -- Fiction
lcshac|screenprint,,lcshac,650,1,Screenprint
lcshac|stories-in-rhyme,,lcshac,650,1,Stories in rhyme
lcshac|toy-and-movable-books,,lcshac,650,1,Toy and movable books
lcshac|wit-and-humor-pictorial-works,,lcshac,650,1,Wit and humor -- Pictorial works
lcsh|abkhazians-georgia-republic,,lcsh,650,1,Abkhazians -- Georgia (Republic)
lcsh|abnormalities-human-in-art-exhibitions,,lcsh,650,1,"Abnormalities, Human, in art -- Exhibitions"
lcsh|abortion-social-aspects,,lcsh,650,1,Abortion -- Social aspects
lcsh|absence-in-art,,lcsh,650,1,Absence in art
lcsh|abstraction,,lcsh,650,1,Abstraction
lcsh|abstraction-catalogs,,lcsh,650,1,Abstraction -- Catalogs
lcsh|academia-fiction,,lcsh,650,1,Academia -- Fiction
lcsh|accordion-fold,,lcsh,650,1,Accordion fold
lcsh|accounting-periodicals,,lcsh,650,1,Accounting -- Periodicals
lcsh|acronyms,,lcsh,650,1,Acronyms
lcsh|actresses-fiction,,lcsh,650,1,Actresses -- Fiction
lcsh|adoption-personal-narratives,,lcsh,650,1,Adoption -- Personal narratives
lcsh|adult-child-abuse-victims-writings-american,,lcsh,650,1,"Adult child abuse victims' writings, American"
lcsh|aesthetics-modern-20th-century-periodicals,,lcsh,650,1,"Aesthetics, Modern -- 20th century -- Periodicals"
lcsh|afghan-war-2001-2021-veterans-united-states,,lcsh,650,1,"Afghan War, 2001-2021 -- Veterans -- United States"
lcsh|african-american-capitalists-and-financiers-drama,,lcsh,650,1,African American capitalists and financiers -- Drama
lcsh|african-american-children-in-art,,lcsh,650,1,African American children in art
lcsh|african-american-single-fathers-drama,,lcsh,650,1,African American single fathers -- Drama
lcsh|african-american-women-fiction,,lcsh,650,1,African American women -- Fiction
lcsh|african-american-women-pictorial-works,,lcsh,650,1,African American women -- Pictorial works
lcsh|african-american-women-portraits,,lcsh,650,1,African American women -- Portraits
lcsh|african-american-women-social-conditions-pictorial-works,,lcsh,650,1,African American women -- Social conditions -- Pictorial works
lcsh|african-american-young-women-portraits,,lcsh,650,1,African American young women -- Portraits
lcsh|african-americans-history-20th-century,,lcsh,650,1,African Americans -- History -- 20th century
lcsh|african-americans-history-miscellanea,,lcsh,650,1,African Americans -- History -- Miscellanea
lcsh|african-americans-north-carolina-raleigh-portraits,,lcsh,650,1,African Americans -- North Carolina -- Raleigh -- Portraits
lcsh|african-americans-pictorial-works,,lcsh,650,1,African Americans -- Pictorial works
lcsh|african-americans-poetry,,lcsh,650,1,African Americans -- Poetry
lcsh|african-americans-race-identity-anecdotes,,lcsh,650,1,African Americans -- Race identity -- Anecdotes
lcsh|african-americans-race-identity-southern-states-in-art,,lcsh,650,1,African Americans -- Race identity -- Southern States -- In art
lcsh|african-americans-social-conditions-anecdotes,,lcsh,650,1,African Americans -- Social conditions -- Anecdotes
lcsh|african-americans-social-life-and-customs,,lcsh,650,1,African Americans -- Social life and customs
lcsh|african-americans-travel-washington-d-c,,lcsh,650,1,African Americans -- Travel -- Washington (D.C.)
lcsh|african-americans-violence-against,,lcsh,650,1,African Americans -- Violence against
lcsh|african-americans-violence-against-poetry,,lcsh,650,1,African Americans -- Violence against -- Poetry
lcsh|african-americans-virginia-fiction,,lcsh,650,1,African Americans -- Virginia -- Fiction
lcsh|african-americans-washington-d-c,,lcsh,650,1,African Americans -- Washington (D.C.)
lcsh|africans-portraits-exhibitions,,lcsh,650,1,Africans -- Portraits -- Exhibitions
lcsh|after-images-pictorial-works,,lcsh,650,1,After-images -- Pictorial works
lcsh|age-distribution-demography-in-art,,lcsh,650,1,Age distribution (Demography) -- In art
lcsh|aging,,lcsh,650,1,Aging
lcsh|agnosticism,,lcsh,650,1,Agnosticism
lcsh|aids-disease-africa,,lcsh,650,1,AIDS (Disease) -- Africa
lcsh|aids-disease-and-the-arts,,lcsh,650,1,AIDS (Disease) and the arts
lcsh|aids-disease-art,,lcsh,650,1,AIDS (Disease) -- Art
lcsh|aids-disease-epidemiology,,lcsh,650,1,AIDS (Disease) -- Epidemiology
lcsh|aids-disease-in-women-social-aspects,,lcsh,650,1,AIDS (Disease) in women -- Social aspects
lcsh|aids-disease-social-aspects,,lcsh,650,1,AIDS (Disease) -- Social aspects
lcsh|air-pollution-belgium-charleroi,,lcsh,650,1,Air -- Pollution -- Belgium -- Charleroi
lcsh|aircraft-accidents,,lcsh,650,1,Aircraft accidents
lcsh|ajawaan-lake-sask-in-art,,lcsh,650,1,Ajawaan Lake (Sask.) in art
lcsh|alcoholics-family-relationships,,lcsh,650,1,Alcoholics -- Family relationships
lcsh|alcoholism,,lcsh,650,1,Alcoholism
lcsh|algerians-france-housing-pictorial-works,,lcsh,650,1,Algerians -- France -- Housing -- Pictorial works
lcsh|allegories,,lcsh,650,1,Allegories
lcsh|alphabet,,lcsh,650,1,Alphabet
lcsh|alphabet-books-fiction,,lcsh,650,1,Alphabet books -- Fiction
lcsh|alphabet-books-specimens,,lcsh,650,1,Alphabet books -- Specimens
lcsh|alphabet-juvenile-poetry,,lcsh,650,1,Alphabet -- Juvenile poetry
lcsh|alphabet-miscellanea,,lcsh,650,1,Alphabet -- Miscellanea
lcsh|alphabet-pictorial-works,,lcsh,650,1,Alphabet -- Pictorial works
lcsh|alphabet-rhymes,,lcsh,650,1,Alphabet rhymes
lcsh|altered-books-new-york-state-exhibitions,,lcsh,650,1,Altered books -- New York (State) -- Exhibitions
lcsh|altered-books-specimens,,lcsh,650,1,Altered books -- Specimens
lcsh|altered-paintings-specimens,,lcsh,650,1,Altered paintings -- Specimens
lcsh|alum-industry-italy-history,,lcsh,650,1,Alum industry -- Italy -- History
lcsh|american-fiction-21st-century,,lcsh,650,1,American fiction -- 21st century
lcsh|american-fiction-women-authors-history-and-criticism,,lcsh,650,1,American fiction -- Women authors -- History and criticism
lcsh|american-literature-20th-century,,lcsh,650,1,American literature -- 20th century
lcsh|american-literature-20th-century-bibliography-exhibitions,,lcsh,650,1,American literature -- 20th century -- Bibliography -- Exhibitions
lcsh|american-poetry,,lcsh,650,1,American poetry
lcsh|american-poetry-20th-century,,lcsh,650,1,American poetry -- 20th century
lcsh|american-poetry-21st-century,,lcsh,650,1,American poetry -- 21st century
lcsh|american-poetry-women-authors,,lcsh,650,1,American poetry -- Women authors
lcsh|american-wit-and-humor,,lcsh,650,1,American wit and humor
lcsh|anarchism,,lcsh,650,1,Anarchism
lcsh|anarchism-europe-periodicals,,lcsh,650,1,Anarchism -- Europe -- Periodicals
lcsh|angles-geometry,,lcsh,650,1,Angles (Geometry)
lcsh|animals-humor,,lcsh,650,1,Animals -- Humor
lcsh|animals-in-art,,lcsh,650,1,Animals in art
lcsh|animals-india-pictorial-works,,lcsh,650,1,Animals -- India -- Pictorial works
lcsh|animals-mythical-in-art,,lcsh,650,1,"Animals, mythical, in art"
lcsh|animals-obituaries,,lcsh,650,1,Animals -- Obituaries
lcsh|anonymous-persons-fiction,,lcsh,650,1,Anonymous persons -- Fiction
lcsh|anthologies,,lcsh,650,1,Anthologies
lcsh|antislavery-movements-cuba-history-19th-century,,lcsh,650,1,Antislavery movements -- Cuba -- History -- 19th century
lcsh|anxiety-in-art,,lcsh,650,1,Anxiety in art
lcsh|apartheid-economic-aspects-south-africa,,lcsh,650,1,Apartheid -- Economic aspects -- South Africa
lcsh|apartheid-social-aspects-south-africa,,lcsh,650,1,Apartheid -- Social aspects -- South Africa
lcsh|apartment-houses-france-marseille-pictorial-works,,lcsh,650,1,Apartment houses -- France -- Marseille -- Pictorial works
lcsh|aphorisms-and-apothegms,,lcsh,650,1,Aphorisms and apothegms
lcsh|apocalipsir-the-spanish-word,,lcsh,650,1,Apocalipsir (The Spanish word)
lcsh|apocalypse-in-art-exhibitions,,lcsh,650,1,Apocalypse in art -- Exhibitions
lcsh|appropriation-art-periodicals,,lcsh,650,1,Appropriation (Art) -- Periodicals
lcsh|aquariums-pictorial-works,,lcsh,650,1,Aquariums -- Pictorial works
lcsh|arabic-alphabet,,lcsh,650,1,Arabic alphabet
lcsh|arabic-essays-translations-into-english,,lcsh,650,1,Arabic essays -- Translations into English
lcsh|arapaho-art-20th-century-exhibitions,,lcsh,650,1,Arapaho art -- 20th century -- Exhibitions
lcsh|architectural-drawing-in-art,,lcsh,650,1,Architectural drawing -- In art
lcsh|architectural-drawing-pictorial-works,,lcsh,650,1,Architectural drawing -- Pictorial works
lcsh|architectural-photography,,lcsh,650,1,Architectural photography
lcsh|architectural-photography-bulgaria-catalogs,,lcsh,650,1,Architectural photography -- Bulgaria -- Catalogs
lcsh|architectural-photography-italy-scampia-naples-exhibitions,,lcsh,650,1,Architectural photography -- Italy -- Scampia (Naples) -- Exhibitions
lcsh|architectural-photography-pictorial-works,,lcsh,650,1,Architectural photography -- Pictorial works
lcsh|architectural-photography-united-states,,lcsh,650,1,Architectural photography -- United States
lcsh|architecture-california-los-angeles-history-pictorial-works,,lcsh,650,1,Architecture -- California -- Los Angeles -- History -- Pictorial works
lcsh|architecture-domestic-michigan,,lcsh,650,1,"Architecture, Domestic -- Michigan"
lcsh|architecture-domestic-poetry,,lcsh,650,1,"Architecture, Domestic -- Poetry"
lcsh|architecture-in-art,,lcsh,650,1,Architecture in art
lcsh|architecture-iran-tehran,,lcsh,650,1,Architecture -- Iran -- Tehran
lcsh|architecture-lebanon-beirut,,lcsh,650,1,Architecture -- Lebanon -- Beirut
lcsh|architecture-modern-20th-century-georgia-atlanta,,lcsh,650,1,"Architecture, Modern -- 20th century -- Georgia -- Atlanta"
lcsh|architecture-political-aspects,,lcsh,650,1,Architecture -- Political aspects
lcsh|architecture-spain-barcelona-pictorial-works,,lcsh,650,1,Architecture -- Spain -- Barcelona -- Pictorial works
lcsh|archives-in-art-specimens,,lcsh,650,1,Archives in art -- Specimens
lcsh|argentine-literature-21st-century,,lcsh,650,1,Argentine literature -- 21st century
lcsh|aritstis-books,,lcsh,650,1,Aritstis' books
lcsh|armadillos-pictorial-works,,lcsh,650,1,Armadillos -- Pictorial works
lcsh|art-21st-century,,lcsh,650,1,Art -- 21st century
lcsh|art-abstract,,lcsh,650,1,"Art, abstract"
lcsh|art-abstract-21st-century,,lcsh,650,1,"Art, Abstract -- 21st century"
lcsh|art-american-21st-century,,lcsh,650,1,"Art, American -- 21st century"
lcsh|art-american-21st-century-exhibitions,,lcsh,650,1,"Art, American -- 21st century -- Exhibitions"
lcsh|art-american-california-southern-20th-century-periodicals,,lcsh,650,1,"Art, American -- California, Southern -- 20th century -- Periodicals"
lcsh|art-american-rhode-island,,lcsh,650,1,"Art, American -- Rhode Island"
lcsh|art-american-united-states-21st-century-exhibitions,,lcsh,650,1,"Art, American -- United States -- 21st century -- Exhibitions"
lcsh|art-and-design-middle-east,,lcsh,650,1,Art and design -- Middle East
lcsh|art-and-literature,,lcsh,650,1,Art and literature
lcsh|art-and-literature-periodicals,,lcsh,650,1,Art and literature -- Periodicals
lcsh|art-and-literature-united-states-exhibitions,,lcsh,650,1,Art and literature -- United States -- Exhibitions
lcsh|art-and-nuclear-warfare,,lcsh,650,1,Art and nuclear warfare
lcsh|art-and-nuclear-warfare-united-states,,lcsh,650,1,Art and nuclear warfare -- United States
lcsh|art-and-philosophy,,lcsh,650,1,Art and philosophy
lcsh|art-and-science,,lcsh,650,1,Art and science
lcsh|art-and-social-action,,lcsh,650,1,Art and social action
lcsh|art-and-social-action-21st-century-pictorial-works,,lcsh,650,1,Art and social action -- 21st century -- Pictorial works
lcsh|art-and-society,,lcsh,650,1,Art and society
lcsh|art-and-society-case-studies,,lcsh,650,1,Art and society -- Case studies
lcsh|art-and-society-history-21st-century,,lcsh,650,1,Art and society -- History -- 21st century
lcsh|art-and-society-united-states,,lcsh,650,1,Art and society -- United States
lcsh|art-and-society-z-latin-america,,lcsh,650,1,Art and society z Latin America
lcsh|art-and-technology,,lcsh,650,1,Art and technology
lcsh|art-and-technology-exhibitions,,lcsh,650,1,Art and technology -- Exhibitions
lcsh|art-and-the-internet-periodicals,,lcsh,650,1,Art and the Internet -- Periodicals
lcsh|art-and-vision-disorders,,lcsh,650,1,Art and vision disorders
lcsh|art-appreciation,,lcsh,650,1,Art appreciation
lcsh|art-australian-21st-century-exhibitions,,lcsh,650,1,"Art, Australian -- 21st century -- Exhibitions"
lcsh|art-calendars-specimens,,lcsh,650,1,Art calendars -- Specimens
lcsh|art-canadian,,lcsh,650,1,"Art, Canadian"
lcsh|art-canadian-alberta-periodicals,,lcsh,650,1,"Art, Canadian -- Alberta -- Periodicals"
lcsh|art-chile-periodicals,,lcsh,650,1,Art -- Chile -- Periodicals
lcsh|art-criticism-authorship,,lcsh,650,1,Art criticism -- Authorship
lcsh|art-criticism-bibliography,,lcsh,650,1,Art criticism -- Bibliography
lcsh|art-criticism-history-20th-century,,lcsh,650,1,Art criticism -- History -- 20th century
lcsh|art-criticism-philosophy,,lcsh,650,1,Art criticism -- Philosophy
lcsh|art-criticism-translations-into-portuguese-periodicals,,lcsh,650,1,Art criticism -- Translations into Portuguese -- Periodicals
lcsh|art-cuban-exhibitions,,lcsh,650,1,"Art, Cuban -- Exhibitions"
lcsh|art-european-20th-century,,lcsh,650,1,"Art, European -- 20th century"
lcsh|art-for-art-s-sake-movement,,lcsh,650,1,Art for art's sake (Movement)
lcsh|art-french,,lcsh,650,1,"Art, French"
lcsh|art-french-paris-20th-century,,lcsh,650,1,"Art, French -- Paris -- 20th century"
lcsh|art-germany-aachen,,lcsh,650,1,Art -- Germany -- Aachen
lcsh|art-history,,lcsh,650,1,Art--History
lcsh|art-history-humor,,lcsh,650,1,Art -- History -- Humor
lcsh|art-history-pictorial-works,,lcsh,650,1,Art -- History -- Pictorial works
lcsh|art-indic-21st-century,,lcsh,650,1,"Art, Indic -- 21st century"
lcsh|art-indic-india,,lcsh,650,1,"Art, Indic -- India"
lcsh|art-latin-american-20th-century,,lcsh,650,1,"Art, Latin American -- 20th century"
lcsh|art-mexico-21st-century-periodicals,,lcsh,650,1,Art -- Mexico -- 21st century -- Periodicals
lcsh|art-modern-20th-century-bibliography-catalogs,,lcsh,650,1,"Art, Modern -- 20th century -- Bibliography -- Catalogs"
lcsh|art-modern-20th-century-canada,,lcsh,650,1,"Art, Modern -- 20th century -- Canada"
lcsh|art-modern-20th-century-catalogs,,lcsh,650,1,"Art, Modern -- 20th century -- Catalogs"
lcsh|art-modern-20th-century-denmark,,lcsh,650,1,"Art, Modern -- 20th century -- Denmark"
lcsh|art-modern-21st-century-economic-aspects,,lcsh,650,1,"Art, Modern -- 21st century -- Economic aspects"
lcsh|art-modern-21st-century-themes-motives,,lcsh,650,1,"Art, Modern -- 21st century -- Themes, motives"
lcsh|art-modern-21st-century-united-states,,lcsh,650,1,"Art, Modern -- 21st century -- United States"
lcsh|art-modern-canada-20th-century,,lcsh,650,1,"Art, Modern -- Canada -- 20th century"
lcsh|art-modern-exhibitions,,lcsh,650,1,"Art, Modern -- Exhibitions"
lcsh|art-modern-philosophy,,lcsh,650,1,"Art, Modern -- Philosophy"
lcsh|art-modern-political-aspects,,lcsh,650,1,"Art, Modern -- Political aspects"
lcsh|art-museums,,lcsh,650,1,Art museums
lcsh|art-netherlands-rotterdam-exhibitions,,lcsh,650,1,Art -- Netherlands -- Rotterdam -- Exhibitions
lcsh|art-political-aspects,,lcsh,650,1,Art -- Political aspects
lcsh|art-political-aspects-soviet-union,,lcsh,650,1,Art -- Political aspects -- Soviet Union
lcsh|art-political-aspects-united-states,,lcsh,650,1,Art -- Political aspects -- United States
lcsh|art-prices-catalogs,,lcsh,650,1,Art -- Prices -- Catalogs
lcsh|art-psychology,,lcsh,650,1,Art -- Psychology
lcsh|art-public-opinion,,lcsh,650,1,Art -- Public opinion
lcsh|art-school-directors-argentina-anecdotes,,lcsh,650,1,Art school directors -- Argentina -- Anecdotes
lcsh|art-school-directors-argentina-humor,,lcsh,650,1,Art school directors -- Argentina -- Humor
lcsh|art-schools-colombia-21st-century,,lcsh,650,1,Art schools -- Colombia -- 21st century
lcsh|art-south-asia-periodicals,,lcsh,650,1,Art -- South Asia -- Periodicals
lcsh|art-students-great-britain-humor,,lcsh,650,1,Art students -- Great Britain -- Humor
lcsh|art-study-and-teaching-argentina-anecdotes,,lcsh,650,1,Art -- Study and teaching -- Argentina -- Anecdotes
lcsh|art-study-and-teaching-argentina-humor,,lcsh,650,1,Art -- Study and teaching -- Argentina -- Humor
lcsh|art-study-and-teaching-humor,,lcsh,650,1,Art -- Study and teaching -- Humor
lcsh|art-terminology-humor,,lcsh,650,1,Art -- Terminology -- Humor
lcsh|art-themes-motives-dictionaries-portuguese,,lcsh,650,1,"Art -- Themes, motives -- Dictionaries -- Portuguese"
lcsh|art-united-arab-emirates,,lcsh,650,1,Art -- United Arab Emirates
lcsh|artisans-mali-portraits,,lcsh,650,1,Artisans -- Mali -- Portraits
lcsh|artisits-book,,lcsh,650,1,Artisits' book
lcsh|artist-couples-great-britain,,lcsh,650,1,Artist couples -- Great Britain
lcsh|artist-s-book-kentucky,,lcsh,650,1,Artist's book -- Kentucky
lcsh|artist-s-books-new-york-state-new-york,,lcsh,650,1,Artist's books -- New York (State) -- New York
lcsh|artistic-collaboration-canada,,lcsh,650,1,Artistic collaboration -- Canada
lcsh|artistis-books,,lcsh,650,1,Artistis' books
lcsh|artists-and-models-in-art,,lcsh,650,1,Artists and models in art
lcsh|artists-anthologies,,lcsh,650,1,Artists' anthologies
lcsh|artists-as-authors,,lcsh,650,1,Artists as authors
lcsh|artists-as-collectors-pictorial-works,,lcsh,650,1,Artists as collectors -- Pictorial works
lcsh|artists-autographs-psychological-aspects,,lcsh,650,1,Artists -- Autographs -- Psychological aspects
lcsh|artists-books-20th-century,,lcsh,650,1,Artists' books -- 20th century
lcsh|artists-books-20th-century-periodicals,,lcsh,650,1,Artists' books -- 20th century -- Periodicals
lcsh|artists-books-21st-century-specimens,,lcsh,650,1,Artists' books -- 21st century -- Specimens
lcsh|artists-books-aesthetics,,lcsh,650,1,Artists' books -- Aesthetics
lcsh|artists-books-alabama,,lcsh,650,1,Artists' books -- Alabama
lcsh|artists-books-australia,,lcsh,650,1,Artists' books -- Australia
lcsh|artists-books-belgium,,lcsh,650,1,Artists' books -- Belgium
lcsh|artists-books-belgium-specimens,,lcsh,650,1,Artists' books -- Belgium -- Specimens
lcsh|artists-books-bibliography,,lcsh,650,1,Artists' books -- Bibliography
lcsh|artists-books-bolivia,,lcsh,650,1,Artists' books -- Bolivia
lcsh|artists-books-brazil-specimens,,lcsh,650,1,Artists' books -- Brazil -- Specimens
lcsh|artists-books-british-columbia-vancouver-specimens,,lcsh,650,1,Artists' books -- British Columbia -- Vancouver -- Specimens
lcsh|artists-books-california-berkeley-facsimiles,,lcsh,650,1,Artists' books -- California -- Berkeley -- Facsimiles
lcsh|artists-books-california-claremont,,lcsh,650,1,Artists' books -- California -- Claremont
lcsh|artists-books-california-el-cerrito,,lcsh,650,1,Artists' books -- California -- El Cerrito
lcsh|artists-books-california-los-angeles-20th-century,,lcsh,650,1,Artists' books -- California -- Los Angeles -- 20th century
lcsh|artists-books-california-sebastopol-specimens,,lcsh,650,1,Artists' books -- California -- Sebastopol -- Specimens
lcsh|artists-books-california-specimens,,lcsh,650,1,Artists' books -- California -- Specimens
lcsh|artists-books-canada-exhibitions,,lcsh,650,1,Artists' books -- Canada -- Exhibitions
lcsh|artists-books-chile,,lcsh,650,1,Artists' books -- Chile
lcsh|artists-books-chile-21st-century-specimens,,lcsh,650,1,Artists' books -- Chile -- 21st century -- Specimens
lcsh|artists-books-chile-specimens,,lcsh,650,1,Artists' books -- Chile -- Specimens
lcsh|artists-books-china-beijing,,lcsh,650,1,Artists' books -- China -- Beijing
lcsh|artists-books-china-suzhou-jiangsu-sheng,,lcsh,650,1,Artists' books -- China -- Suzhou (Jiangsu Sheng)
lcsh|artists-books-colombia-bogot-specimens,,lcsh,650,1,Artists' books -- Colombia -- Bogotá -- Specimens
lcsh|artists-books-colombia-specimens,,lcsh,650,1,Artists' books -- Colombia -- Specimens
lcsh|artists-books-connecticut-middletown,,lcsh,650,1,Artists' books -- Connecticut -- Middletown
lcsh|artists-books-connecticut-new-haven,,lcsh,650,1,Artists' books -- Connecticut -- New Haven
lcsh|artists-books-cuba-specimens,,lcsh,650,1,Artists' books -- Cuba -- Specimens
lcsh|artists-books-czech-republic-specimens,,lcsh,650,1,Artists' books -- Czech Republic -- Specimens
lcsh|artists-books-denmark,,lcsh,650,1,Artists' books -- Denmark
lcsh|artists-books-design-and-construction,,lcsh,650,1,Artists' books -- Design and construction
lcsh|artists-books-england-goole,,lcsh,650,1,Artists' books -- England -- Goole
lcsh|artists-books-england-history-21st-century,,lcsh,650,1,Artists' books -- England -- History -- 21st century
lcsh|artists-books-england-london-exhibitions,,lcsh,650,1,Artists' books -- England -- London -- Exhibitions
lcsh|artists-books-florida-gainesville-specimens,,lcsh,650,1,Artists' books -- Florida -- Gainesville -- Specimens
lcsh|artists-books-florida-talahassee,,lcsh,650,1,Artists' books -- Florida -- Talahassee
lcsh|artists-books-france-nice,,lcsh,650,1,Artists' books -- France -- Nice
lcsh|artists-books-georgia-atlanta,,lcsh,650,1,Artists' books -- Georgia -- Atlanta
lcsh|artists-books-georgia-atlanta-periodicals,,lcsh,650,1,Artists' books -- Georgia -- Atlanta -- Periodicals
lcsh|artists-books-germany-berlin,,lcsh,650,1,Artists' books -- Germany -- Berlin
lcsh|artists-books-germany-exhibitions,,lcsh,650,1,Artists' books -- Germany -- Exhibitions
lcsh|artists-books-germany-west,,lcsh,650,1,Artists' books -- Germany (West)
lcsh|artists-books-germany-west-exhibitions,,lcsh,650,1,"Artists' books -- Germany, West -- Exhibitions"
lcsh|artists-books-great-britain-exhibitions,,lcsh,650,1,Artists' books -- Great Britain -- Exhibitions
lcsh|artists-books-great-britain-specimens,,lcsh,650,1,Artists' books -- Great Britain -- Specimens
lcsh|artists-books-guatemala-specimens,,lcsh,650,1,Artists' books -- Guatemala -- Specimens
lcsh|artists-books-history-20th-century,,lcsh,650,1,Artists' books -- History -- 20th century
lcsh|artists-books-history-21st-century,,lcsh,650,1,Artists' books -- History -- 21st century
lcsh|artists-books-illinois-glenview,,lcsh,650,1,Artists' books -- Illinois -- Glenview
lcsh|artists-books-india,,lcsh,650,1,Artists' books -- India
lcsh|artists-books-iowa-iowa-city-21st-century-specimens,,lcsh,650,1,Artists' books -- Iowa -- Iowa City -- 21st century -- Specimens
lcsh|artists-books-italy-bologna,,lcsh,650,1,Artists' books -- Italy -- Bologna
lcsh|artists-books-japan-kyoto,,lcsh,650,1,Artists' books -- Japan -- Kyoto
lcsh|artists-books-japan-specimens,,lcsh,650,1,Artists' books -- Japan -- Specimens
lcsh|artists-books-latin-america,,lcsh,650,1,Artists' books -- Latin America
lcsh|artists-books-latin-america-21st-century-specimens,,lcsh,650,1,Artists' books -- Latin America -- 21st century -- Specimens
lcsh|artists-books-maryland-specimens,,lcsh,650,1,Artists' books -- Maryland -- Specimens
lcsh|artists-books-massachusetts-boston,,lcsh,650,1,Artists' books -- Massachusetts -- Boston
lcsh|artists-books-massachusetts-northampton,,lcsh,650,1,Artists' books -- Massachusetts -- Northampton
lcsh|artists-books-massachusetts-orange,,lcsh,650,1,Artists' books -- Massachusetts -- Orange
lcsh|artists-books-mexico-21st-century,,lcsh,650,1,Artists' books -- Mexico -- 21st century
lcsh|artists-books-mexico-21st-century-specimens,,lcsh,650,1,Artists' books -- Mexico -- 21st century -- Specimens
lcsh|artists-books-mexico-guadalajara-specimens,,lcsh,650,1,Artists' books -- Mexico -- Guadalajara -- Specimens
lcsh|artists-books-mexico-mexico-city,,lcsh,650,1,Artists' books -- Mexico -- Mexico City
lcsh|artists-books-minnesota,,lcsh,650,1,Artists' books -- Minnesota
lcsh|artists-books-minnesota-minneapolis-specimens,,lcsh,650,1,Artists' books -- Minnesota -- Minneapolis -- Specimens
lcsh|artists-books-minnesota-st-joseph,,lcsh,650,1,Artists' books -- Minnesota -- St. Joseph
lcsh|artists-books-minnesota-st-paul,,lcsh,650,1,Artists' books -- Minnesota -- St. Paul
lcsh|artists-books-missouri-saint-louis,,lcsh,650,1,Artists' books -- Missouri -- Saint Louis
lcsh|artists-books-netherlands-specimens,,lcsh,650,1,Artists' books -- Netherlands -- Specimens
lcsh|artists-books-new-hampshire-specimens,,lcsh,650,1,Artists' books -- New Hampshire -- Specimens
lcsh|artists-books-new-jersey,,lcsh,650,1,Artists' books -- New Jersey
lcsh|artists-books-new-jersey-plainsboro,,lcsh,650,1,Artists' books -- New Jersey -- Plainsboro
lcsh|artists-books-new-jersey-princeton,,lcsh,650,1,Artists' books -- New Jersey -- Princeton
lcsh|artists-books-new-york-new-york,,lcsh,650,1,Artists' books -- New York -- New York
lcsh|artists-books-new-york-state-20th-century-specimens,,lcsh,650,1,Artists' books -- New York (State) -- 20th century -- Specimens
lcsh|artists-books-new-york-state-aurora,,lcsh,650,1,Artists' books -- New York (State) -- Aurora
lcsh|artists-books-new-york-state-buffalo-specimens,,lcsh,650,1,Artists' books -- New York (State) -- Buffalo -- Specimens
lcsh|artists-books-new-york-state-new-york-21st-century,,lcsh,650,1,Artists' books -- New York (State) -- New York -- 21st century
lcsh|artists-books-new-york-state-red-hook,,lcsh,650,1,Artists' books -- New York (State) -- Red Hook
lcsh|artists-books-new-york-state-rosendale-20th-century-specimens,,lcsh,650,1,Artists' books -- New York (State) -- Rosendale -- 20th century -- Specimens
lcsh|artists-books-north-carolina-pinnacle,,lcsh,650,1,Artists' books -- North Carolina -- Pinnacle
lcsh|artists-books-north-carolina-specimens,,lcsh,650,1,Artists' books -- North Carolina -- Specimens
lcsh|artists-books-norway,,lcsh,650,1,Artists' books -- Norway
lcsh|artists-books-ohio-toledo-21st-century,,lcsh,650,1,Artists' books -- Ohio -- Toledo -- 21st century
lcsh|artists-books-oregon,,lcsh,650,1,Artists' books -- Oregon
lcsh|artists-books-oregon-portland,,lcsh,650,1,Artists' books -- Oregon -- Portland
lcsh|artists-books-pakistan,,lcsh,650,1,Artists' books -- Pakistan
lcsh|artists-books-private-collections-netherlands,,lcsh,650,1,Artists' books -- Private collections -- Netherlands
lcsh|artists-books-publishing,,lcsh,650,1,Artists' books -- Publishing
lcsh|artists-books-puerto-rico,,lcsh,650,1,Artists' books -- Puerto Rico
lcsh|artists-books-que-bec,,lcsh,650,1,Artists' books -- Québec
lcsh|artists-books-que-bec-province-montre-al-specimens,,lcsh,650,1,Artists' books -- Québec (Province) -- Montréal -- Specimens
lcsh|artists-books-rhode-island-newport,,lcsh,650,1,Artists' books -- Rhode Island -- Newport
lcsh|artists-books-rhode-island-providence-specimens,,lcsh,650,1,Artists' books -- Rhode Island -- Providence -- Specimens
lcsh|artists-books-russia-federation,,lcsh,650,1,Artists' books -- Russia (Federation)
lcsh|artists-books-sri-lanka-specimens,,lcsh,650,1,Artists' books -- Sri Lanka -- Specimens
lcsh|artists-books-themes-motives,,lcsh,650,1,"Artists' books -- Themes, motives"
lcsh|artists-books-united-states-21st-century-specimens,,lcsh,650,1,Artists' books -- United States -- 21st century -- Specimens
lcsh|artists-books-united-states-new-york,,lcsh,650,1,Artists' books -- United States -- New York
lcsh|artists-books-united-states-themes-motives,,lcsh,650,1,"Artists' books -- United States -- Themes, motives"
lcsh|artists-books-virginia,,lcsh,650,1,Artists' books -- Virginia
lcsh|artists-books-virginia-charlottesville,,lcsh,650,1,Artists' books -- Virginia -- Charlottesville
lcsh|artists-books-virginia-richmond,,lcsh,650,1,Artists' books -- Virginia -- Richmond
lcsh|artists-books-washington-seattle,,lcsh,650,1,Artists' books -- Washington -- Seattle
lcsh|artists-books-washington-state,,lcsh,650,1,Artists' books -- Washington (State)
lcsh|artists-books-washington-state-tacoma-specimens,,lcsh,650,1,Artists' books -- Washington (State) -- Tacoma -- Specimens
lcsh|artists-books-wisconsin-madison,,lcsh,650,1,Artists' books -- Wisconsin -- Madison
lcsh|artists-books-wisconsin-milwaukee,,lcsh,650,1,Artists' books -- Wisconsin -- Milwaukee
lcsh|artists-books-wisconsin-stevens-point,,lcsh,650,1,Artists' books -- Wisconsin -- Stevens Point
lcsh|artists-caricatures-and-cartoons,,lcsh,650,1,Artists -- Caricatures and cartoons
lcsh|artists-chile-21st-century,,lcsh,650,1,Artists -- Chile -- 21st century
lcsh|artists-colombia-bogot-21st-century,,lcsh,650,1,Artists -- Colombia -- Bogotá -- 21st century
lcsh|artists-england-biography,,lcsh,650,1,Artists -- England -- Biography
lcsh|artists-europe-interviews,,lcsh,650,1,Artists -- Europe -- Interviews
lcsh|artists-great-britain-interviews,,lcsh,650,1,Artists -- Great Britain -- Interviews
lcsh|artists-hungary-correspondence,,lcsh,650,1,Artists -- Hungary -- Correspondence
lcsh|artists-illustrated-books-specimens,,lcsh,650,1,Artists' illustrated books -- Specimens
lcsh|artists-miscellanea,,lcsh,650,1,Artists -- Miscellanea
lcsh|artists-preparatory-studies,,lcsh,650,1,Artists' preparatory studies
lcsh|artists-preparatory-studies-japan,,lcsh,650,1,Artists' preparatory studies -- Japan
lcsh|artists-united-states,,lcsh,650,1,Artists -- United States
lcsh|artists-writings-translations-into-portuguese-periodicals,,lcsh,650,1,Artists' writings -- Translations into Portuguese -- Periodicals
lcsh|artitsts-books-united-states,,lcsh,650,1,Artitsts' books -- United States
lcsh|arts-american-california-san-francisco-bay-area-20th-century-catalogs,,lcsh,650,1,"Arts, American -- California -- San Francisco Bay Area -- 20th century -- Catalogs"
lcsh|arts-american-georgia-atlanta-20th-century-periodicals,,lcsh,650,1,"Arts, American -- Georgia -- Atlanta -- 20th century -- Periodicals"
lcsh|arts-california-los-angeles-21st-century,,lcsh,650,1,Arts -- California -- Los Angeles -- 21st century
lcsh|arts-canada-western-periodicals,,lcsh,650,1,"Arts -- Canada, Western -- Periodicals"
lcsh|arts-canadian-20th-century,,lcsh,650,1,"Arts, Canadian -- 20th century"
lcsh|arts-censorship,,lcsh,650,1,Arts -- Censorship
lcsh|arts-censorship-united-states-exhibitions,,lcsh,650,1,Arts -- Censorship -- United States -- Exhibitions
lcsh|arts-exhibitions,,lcsh,650,1,Arts -- Exhibitions
lcsh|arts-manitoba-periodicals,,lcsh,650,1,Arts -- Manitoba -- Periodicals
lcsh|arts-periodicals,,lcsh,650,1,Arts -- Periodicals
lcsh|arts-swiss-20th-century,,lcsh,650,1,"Arts, Swiss -- 20th century"
lcsh|arts-united-states-directories,,lcsh,650,1,Arts -- United States -- Directories
lcsh|arts-united-states-marketing,,lcsh,650,1,Arts -- United States -- Marketing
lcsh|asemantic-poetry,,lcsh,650,1,Asemantic poetry
lcsh|assemblage-art,,lcsh,650,1,Assemblage (Art)
lcsh|astrology-and-gardening,,lcsh,650,1,Astrology and gardening
lcsh|astronautics-in-art,,lcsh,650,1,Astronautics in art
lcsh|astronautics-zambia-pictorial-works,,lcsh,650,1,Astronautics -- Zambia -- Pictorial works
lcsh|atlanta-ga-description-and-travel,,lcsh,650,1,Atlanta (Ga.) -- Description and travel
lcsh|atlases,,lcsh,650,1,Atlases
lcsh|atrocities-mexico-iguala-de-la-independencia,,lcsh,650,1,Atrocities -- Mexico -- Iguala de la Independencia
lcsh|authors-american-kentucky,,lcsh,650,1,"Authors, American -- Kentucky"
lcsh|autobiographical-memory-pictorial-works,,lcsh,650,1,Autobiographical memory -- Pictorial works
lcsh|autobiography,,lcsh,650,1,Autobiography
lcsh|automobile-industry-and-trade-michigan-in-art,,lcsh,650,1,Automobile industry and trade -- Michigan -- In art
lcsh|automobile-license-plates-pictorial-works,,lcsh,650,1,Automobile license plates -- Pictorial works
lcsh|automobile-travel-great-britain,,lcsh,650,1,Automobile travel -- Great Britain
lcsh|automobiles-psychological-aspects,,lcsh,650,1,Automobiles -- Psychological aspects
lcsh|avant-garde-aesthetics,,lcsh,650,1,Avant-garde (Aesthetics)
lcsh|avant-garde-aesthetics-europe-periodicals,,lcsh,650,1,Avant-garde (Aesthetics) -- Europe -- Periodicals
lcsh|avant-garde-aesthetics-latin-america,,lcsh,650,1,Avant-garde (Aesthetics) -- Latin America
lcsh|avant-garde-aesthetics-periodicals,,lcsh,650,1,Avant-garde (Aesthetics) -- Periodicals
lcsh|avant-garde-aesthetics-united-states,,lcsh,650,1,Avant-garde (Aesthetics) -- United States
lcsh|avarice-poetry,,lcsh,650,1,Avarice -- Poetry
lcsh|axonometric-projection,,lcsh,650,1,Axonometric projection
lcsh|baader-meinhof-gang-fiction,,lcsh,650,1,Baader-Meinhof gang -- Fiction
lcsh|bakeries-france-paris,,lcsh,650,1,Bakeries -- France -- Paris
lcsh|ballet-costume-exhibitions,,lcsh,650,1,Ballet -- Costume -- Exhibitions
lcsh|ballet-stage-setting-and-scenery-exhibitions,,lcsh,650,1,Ballet -- Stage-setting and scenery -- Exhibitions
lcsh|bathrooms-pictorial-works,,lcsh,650,1,Bathrooms -- Pictorial works
lcsh|battles-in-art,,lcsh,650,1,Battles in art
lcsh|beadwork-handbooks-manuals-etc,,lcsh,650,1,"Beadwork -- Handbooks, manuals, etc"
lcsh|beans-in-art,,lcsh,650,1,Beans in art
lcsh|beans-miscellanea,,lcsh,650,1,Beans -- Miscellanea
lcsh|beauty-culture-united-states,,lcsh,650,1,Beauty culture -- United States
lcsh|beauty-personal,,lcsh,650,1,"Beauty, Personal"
lcsh|beds-in-art,,lcsh,650,1,Beds in art
lcsh|bee-culture-pictorial-works,,lcsh,650,1,Bee culture -- Pictorial works
lcsh|beggars-in-art,,lcsh,650,1,Beggars in art
lcsh|belle-isle-prison-biography,,lcsh,650,1,Belle Isle (Prison) -- Biography
lcsh|belly-button-pictorial-works,,lcsh,650,1,Belly button -- Pictorial works
lcsh|belly-dance,,lcsh,650,1,Belly dance
lcsh|bereavement-fiction,,lcsh,650,1,Bereavement -- Fiction
lcsh|bereavement-new-york-state-new-york,,lcsh,650,1,Bereavement -- New York (State) -- New York
lcsh|bestiality-in-art,,lcsh,650,1,Bestiality in art
lcsh|bestiaries-india,,lcsh,650,1,Bestiaries -- India
lcsh|bgp-computer-network-protocol,,lcsh,650,1,BGP (Computer network protocol)
lcsh|bible-o-t-job,,lcsh,650,1,Bible -- O.T -- Job
lcsh|big-churches-california-los-angeles-metropolitan-area-pictorial-works,,lcsh,650,1,Big churches -- California -- Los Angeles Metropolitan Area -- Pictorial works
lcsh|big-churches-united-states-pictorial-works,,lcsh,650,1,Big churches -- United States -- Pictorial works
lcsh|bildband-1981,,lcsh,650,1,Bildband;1981
lcsh|binary-system-mathematics,,lcsh,650,1,Binary system (Mathematics)
lcsh|biology,,lcsh,650,1,Biology
lcsh|birds-argentina,,lcsh,650,1,Birds -- Argentina
lcsh|birds-behavior-pictorial-works,,lcsh,650,1,Birds -- Behavior -- Pictorial works
lcsh|birds-climatic-factors,,lcsh,650,1,Birds -- Climatic factors
lcsh|birds-models-pictorial-works,,lcsh,650,1,Birds -- Models -- Pictorial works
lcsh|birds-north-america,,lcsh,650,1,Birds -- North America
lcsh|birthdays,,lcsh,650,1,Birthdays
lcsh|birthdays-in-art,,lcsh,650,1,Birthdays in art
lcsh|black-holes-astronomy-juvenile-literature,,lcsh,650,1,Black holes (Astronomy) -- Juvenile literature
lcsh|black-lives-matter-movement-pictorial-works,,lcsh,650,1,Black lives matter movement -- Pictorial works
lcsh|black-people-in-art,,lcsh,650,1,Black people in art
lcsh|black-people-in-art-catalogs,,lcsh,650,1,Black people in art -- Catalogs
lcsh|black-people-west-indies-british-biography,,lcsh,650,1,"Black people -- West Indies, British -- Biography"
lcsh|black-people-west-indies-british-portraits,,lcsh,650,1,"Black people -- West Indies, British -- Portraits"
lcsh|blank-books-specimens,,lcsh,650,1,Blank-books -- Specimens
lcsh|blind,,lcsh,650,1,Blind
lcsh|blind-czech-republic-fiction,,lcsh,650,1,Blind -- Czech Republic -- Fiction
lcsh|blind-czech-republic-pictorial-works,,lcsh,650,1,Blind -- Czech Republic -- Pictorial works
lcsh|blind-in-art,,lcsh,650,1,Blind in art
lcsh|blind-portraits,,lcsh,650,1,Blind -- Portraits
lcsh|blindness,,lcsh,650,1,Blindness
lcsh|blocks-toys-specimens,,lcsh,650,1,Blocks (Toys) -- Specimens
lcsh|blushing-in-art,,lcsh,650,1,Blushing in art
lcsh|body-art,,lcsh,650,1,Body art
lcsh|body-human-in-literature,,lcsh,650,1,"Body, Human, in literature"
lcsh|book-burning,,lcsh,650,1,Book burning
lcsh|book-burning-history,,lcsh,650,1,Book burning -- History
lcsh|book-burning-latin-america,,lcsh,650,1,Book burning -- Latin America
lcsh|book-covers-exhibitions,,lcsh,650,1,Book covers -- Exhibitions
lcsh|book-design,,lcsh,650,1,Book design
lcsh|book-design-exhibitions,,lcsh,650,1,Book design -- Exhibitions
lcsh|book-design-handbooks-manuals-etc,,lcsh,650,1,"Book design -- Handbooks, manuals, etc"
lcsh|bookbinding-handbooks-manuals-etc,,lcsh,650,1,"Bookbinding -- Handbooks, manuals, etc"
lcsh|bookbinding-specimens,,lcsh,650,1,Bookbinding -- Specimens
lcsh|bookplates-competitions,,lcsh,650,1,Bookplates -- Competitions
lcsh|books-and-reading,,lcsh,650,1,Books and reading
lcsh|books-and-reading-iraq-baghdad,,lcsh,650,1,Books and reading -- Iraq -- Baghdad
lcsh|books-and-reading-philosophy,,lcsh,650,1,Books and reading -- Philosophy
lcsh|books-digitization,,lcsh,650,1,Books -- Digitization
lcsh|books-in-art-philosophy,,lcsh,650,1,Books in art -- Philosophy
lcsh|books-of-hours,,lcsh,650,1,Books of hours
lcsh|books-private-collections,,lcsh,650,1,Books -- Private collections
lcsh|books-private-collections-in-art,,lcsh,650,1,Books -- Private collections -- In art
lcsh|books-quotations-maxims-etc,,lcsh,650,1,"Books -- Quotations, maxims, etc"
lcsh|books-social-aspects-history,,lcsh,650,1,Books -- Social aspects -- History
lcsh|books-sociological-aspects,,lcsh,650,1,Books -- Sociological aspects
lcsh|booksellers-and-bookselling-alabama,,lcsh,650,1,Booksellers and bookselling -- Alabama
lcsh|booksellers-and-bookselling-iraq-baghdad,,lcsh,650,1,Booksellers and bookselling -- Iraq -- Baghdad
lcsh|booksellers-catalogs-california-san-francisco,,lcsh,650,1,Booksellers' catalogs -- California -- San Francisco
lcsh|bookworks-art,,lcsh,650,1,Bookworks (Art)
lcsh|bop-music,,lcsh,650,1,Bop (Music)
lcsh|border-crossing-mexican-american-border-region-fiction,,lcsh,650,1,Border crossing -- Mexican-American Border Region -- Fiction
lcsh|border-crossing-mexican-american-border-region-juvenile-fiction,,lcsh,650,1,Border crossing -- Mexican-American Border Region -- Juvenile fiction
lcsh|botanical-gardens-pictorial-works,,lcsh,650,1,Botanical gardens -- Pictorial works
lcsh|botany-georgia-atlanta-pictorial-works,,lcsh,650,1,Botany -- Georgia -- Atlanta -- Pictorial works
lcsh|boxes,,lcsh,650,1,Boxes
lcsh|boys-mexico-fiction,,lcsh,650,1,Boys -- Mexico -- Fiction
lcsh|braille-in-art,,lcsh,650,1,Braille -- In art
lcsh|brain-wounds-and-injuries-patients-family-relationships,,lcsh,650,1,Brain -- Wounds and injuries -- Patients -- Family relationships
lcsh|brass-quartets-trombones-4,,lcsh,650,1,Brass quartets (Trombones (4))
lcsh|bread-mexico-pictorial-works,,lcsh,650,1,Bread -- Mexico -- Pictorial works
lcsh|breakfasts,,lcsh,650,1,Breakfasts
lcsh|breeding,,lcsh,650,1,Breeding
lcsh|brides-in-art,,lcsh,650,1,Brides in art
lcsh|bridges-cuba-matanzas-pictorial-works,,lcsh,650,1,Bridges -- Cuba -- Matanzas -- Pictorial works
lcsh|bridges-juvenile-literature,,lcsh,650,1,Bridges -- Juvenile literature
lcsh|broadcast-journalism-fiction,,lcsh,650,1,Broadcast journalism -- Fiction
lcsh|broadsides,,lcsh,650,1,Broadsides
lcsh|broadsides-united-states-specimens,,lcsh,650,1,Broadsides -- United States -- Specimens
lcsh|brochures-design,,lcsh,650,1,Brochures -- Design
lcsh|building-materials-art,,lcsh,650,1,Building materials -- Art
lcsh|buildings-argentina-buenos-aires,,lcsh,650,1,Buildings -- Argentina -- Buenos Aires
lcsh|buildings-arizona-grand-canyon-national-park,,lcsh,650,1,Buildings -- Arizona -- Grand Canyon National Park
lcsh|buildings-europe-pictorial-works,,lcsh,650,1,Buildings -- Europe -- Pictorial works
lcsh|buildings-lebanon-beirut,,lcsh,650,1,Buildings -- Lebanon -- Beirut
lcsh|buildings-mexico-campeche-campeche-pictorial-works,,lcsh,650,1,Buildings -- Mexico -- Campeche (Campeche) -- Pictorial works
lcsh|buildings-pictorial-works,,lcsh,650,1,Buildings -- Pictorial works
lcsh|buildings-united-states-pictorial-works,,lcsh,650,1,Buildings -- United States -- Pictorial works
lcsh|bureaucracy-pictorial-works,,lcsh,650,1,Bureaucracy -- Pictorial works
lcsh|bus-stops-in-art,,lcsh,650,1,Bus stops in art
lcsh|buses-seats,,lcsh,650,1,Buses -- Seats
lcsh|business-cards-memphis-tenn,,lcsh,650,1,Business cards -- Memphis (Tenn.)
lcsh|business-cards-pictorial-works,,lcsh,650,1,Business cards -- Pictorial works
lcsh|business-pictorial-works,,lcsh,650,1,Business -- Pictorial works
lcsh|businessmen-drama,,lcsh,650,1,Businessmen -- Drama
lcsh|butterflies-on-postage-stamps,,lcsh,650,1,Butterflies on postage stamps
lcsh|cabala,,lcsh,650,1,Cabala
lcsh|calendars-specimens,,lcsh,650,1,Calendars -- Specimens
lcsh|cambodian-vietnamese-conflict-1977-1991-pictorial-works,,lcsh,650,1,"Cambodian-Vietnamese Conflict, 1977-1991 -- Pictorial works"
lcsh|cameras-pictorial-works,,lcsh,650,1,Cameras -- Pictorial works
lcsh|camping,,lcsh,650,1,Camping
lcsh|camsa-indians-folklore,,lcsh,650,1,Camsa Indians -- Folklore
lcsh|canadian-poetry,,lcsh,650,1,Canadian poetry
lcsh|canadian-poetry-20th-century,,lcsh,650,1,Canadian poetry -- 20th century
lcsh|canadian-poetry-asian-authors-21st-century,,lcsh,650,1,Canadian poetry -- Asian authors -- 21st century
lcsh|candy-containers-miscellanea,,lcsh,650,1,Candy containers -- Miscellanea
lcsh|candy-miscellanea,,lcsh,650,1,Candy -- Miscellanea
lcsh|candy-social-aspects,,lcsh,650,1,Candy -- Social aspects
lcsh|cantatas-instrumental-settings,,lcsh,650,1,Cantatas -- Instrumental settings
lcsh|capitalism,,lcsh,650,1,Capitalism
lcsh|capitalism-latin-america-history-pictorial-works,,lcsh,650,1,Capitalism -- Latin America -- History -- Pictorial works
lcsh|caricatures-and-cartoons,,lcsh,650,1,Caricatures and cartoons
lcsh|carnival-history,,lcsh,650,1,Carnival -- History
lcsh|carnival-united-states-pictorial-works,,lcsh,650,1,Carnival -- United States -- Pictorial works
lcsh|cartographers-fiction,,lcsh,650,1,Cartographers -- Fiction
lcsh|cartographers-pictorial-works,,lcsh,650,1,Cartographers -- Pictorial works
lcsh|cartography-social-aspects,,lcsh,650,1,Cartography -- Social aspects
lcsh|cash-registers-in-art,,lcsh,650,1,Cash registers in art
lcsh|catalog-cards-in-art,,lcsh,650,1,Catalog cards in art
lcsh|cats-in-art,,lcsh,650,1,Cats in art
lcsh|cats-poetry,,lcsh,650,1,Cats -- Poetry
lcsh|caves-pictorial-works,,lcsh,650,1,Caves -- Pictorial works
lcsh|celebrities-quotations-maxims-etc,,lcsh,650,1,"Celebrities -- Quotations, maxims, etc"
lcsh|cells-pictorial-works,,lcsh,650,1,Cells -- Pictorial works
lcsh|celtic-languages-alphabet,,lcsh,650,1,Celtic languages -- Alphabet
lcsh|cemeteries-connecticut-new-haven,,lcsh,650,1,Cemeteries -- Connecticut -- New Haven
lcsh|cemeteries-maine-sweden-town,,lcsh,650,1,Cemeteries -- Maine -- Sweden (Town)
lcsh|censorship-in-art,,lcsh,650,1,Censorship -- In art
lcsh|censorship-united-states-exhibitions,,lcsh,650,1,Censorship -- United States -- Exhibitions
lcsh|ceramic-sculpture-chinese-20th-century-exhibitions,,lcsh,650,1,"Ceramic sculpture, Chinese -- 20th century -- Exhibitions"
lcsh|challenged-books-united-states,,lcsh,650,1,Challenged books -- United States
lcsh|challenged-books-united-states-bibliography,,lcsh,650,1,Challenged books -- United States -- Bibliography
lcsh|chance-anecdotes,,lcsh,650,1,Chance -- Anecdotes
lcsh|chance-in-art,,lcsh,650,1,Chance in art
lcsh|chapbooks-american,,lcsh,650,1,"Chapbooks, American"
lcsh|chapbooks-argentine-specimens,,lcsh,650,1,"Chapbooks, Argentine -- Specimens"
lcsh|chapbooks-spanish-spain-madrid-specimens,,lcsh,650,1,"Chapbooks, Spanish -- Spain -- Madrid -- Specimens"
lcsh|chapbooks-spanish-specimens,,lcsh,650,1,"Chapbooks, Spanish -- Specimens"
lcsh|checks-in-art,,lcsh,650,1,Checks in art
lcsh|chemical-elements-pictorial-works,,lcsh,650,1,Chemical elements -- Pictorial works
lcsh|chess,,lcsh,650,1,Chess
lcsh|chess-in-art,,lcsh,650,1,Chess in art
lcsh|cheyenne-art-20th-century-exhibitions,,lcsh,650,1,Cheyenne art -- 20th century -- Exhibitions
lcsh|chickens-miscellanea,,lcsh,650,1,Chickens -- Miscellanea
lcsh|chickens-poetry,,lcsh,650,1,Chickens -- Poetry
lcsh|child-rearing-case-studies,,lcsh,650,1,Child rearing -- Case studies
lcsh|child-sexual-abuse,,lcsh,650,1,Child sexual abuse
lcsh|child-sexual-abuse-india,,lcsh,650,1,Child sexual abuse -- India
lcsh|childbirth-at-home-fiction,,lcsh,650,1,Childbirth at home -- Fiction
lcsh|childbirth-in-art,,lcsh,650,1,Childbirth in art
lcsh|children-and-death-juvenile-fiction,,lcsh,650,1,Children and death -- Juvenile fiction
lcsh|children-books-and-reading-gaza-strip-pictorial-works-juvenile-literature,,lcsh,650,1,Children -- Books and reading -- Gaza Strip -- Pictorial works -- Juvenile literature
lcsh|children-in-art,,lcsh,650,1,Children in art
lcsh|children-of-exiles-chile-pictorial-works,,lcsh,650,1,Children of exiles -- Chile -- Pictorial works
lcsh|children-of-holocaust-survivors,,lcsh,650,1,Children of Holocaust survivors
lcsh|children-s-books-illustrations,,lcsh,650,1,Children's books -- Illustrations
lcsh|children-s-stories,,lcsh,650,1,Children's stories
lcsh|children-s-stories-american,,lcsh,650,1,"Children's stories, American"
lcsh|children-united-states-folklore,,lcsh,650,1,Children -- United States -- Folklore
lcsh|children-united-states-pictorial-works,,lcsh,650,1,Children -- United States -- Pictorial works
lcsh|chinese-americans-race-identity,,lcsh,650,1,Chinese Americans -- Race identity
lcsh|chinese-language-china-writing,,lcsh,650,1,Chinese language -- China -- Writing
lcsh|chocolate,,lcsh,650,1,Chocolate
lcsh|choice-psychology,,lcsh,650,1,Choice (Psychology)
lcsh|choruses-sacred-women-s-voices-unaccompanied,,lcsh,650,1,"Choruses, Sacred (Women's voices), Unaccompanied"
lcsh|christian-life-juvenile-fiction,,lcsh,650,1,Christian life -- Juvenile fiction
lcsh|christian-poetry-english-19th-century,,lcsh,650,1,"Christian poetry, English -- 19th century"
lcsh|christianity-and-art,,lcsh,650,1,Christianity and art
lcsh|christmas-stories-english,,lcsh,650,1,"Christmas stories, English"
lcsh|christmas-stories-norway,,lcsh,650,1,Christmas stories -- Norway
lcsh|christmas-trees-pictorial-works,,lcsh,650,1,Christmas trees -- Pictorial works
lcsh|chromolithography-specimens,,lcsh,650,1,Chromolithography -- Specimens
lcsh|church-buildings-pictorial-works,,lcsh,650,1,Church buildings -- Pictorial works
lcsh|cinematography-abstract,,lcsh,650,1,"Cinematography, Abstract"
lcsh|circus-in-art,,lcsh,650,1,Circus in art
lcsh|cities-and-towns-england-kent-pictorial-works,,lcsh,650,1,Cities and towns -- England -- Kent -- Pictorial works
lcsh|cities-and-towns-in-art,,lcsh,650,1,Cities and towns in art
lcsh|city-and-town-life-fiction,,lcsh,650,1,City and town life -- Fiction
lcsh|city-and-town-life-pictorial-works,,lcsh,650,1,City and town life -- Pictorial works
lcsh|city-planning-georgia-atlanta,,lcsh,650,1,City planning -- Georgia -- Atlanta
lcsh|city-traffic-in-art,,lcsh,650,1,City traffic -- In art
lcsh|civil-rights-poetry,,lcsh,650,1,Civil rights -- Poetry
lcsh|civil-rights-united-states-personal-narratives,,lcsh,650,1,Civil rights -- United States -- Personal narratives
lcsh|civilization,,lcsh,650,1,Civilization
lcsh|climatic-changes-pictorial-works,,lcsh,650,1,Climatic changes -- Pictorial works
lcsh|clocks-and-watches-in-art,,lcsh,650,1,Clocks and watches in art
lcsh|clouds-diurnal-variations-photographs,,lcsh,650,1,Clouds -- Diurnal variations -- Photographs
lcsh|clouds-photographs,,lcsh,650,1,Clouds -- Photographs
lcsh|clouds-pictorial-works,,lcsh,650,1,Clouds -- Pictorial works
lcsh|clouds-poetry,,lcsh,650,1,Clouds -- Poetry
lcsh|coal-miners-west-virginia-pictorial-works,,lcsh,650,1,Coal miners -- West Virginia -- Pictorial works
lcsh|coal-mines-and-mining-west-virginia-pictorial-works,,lcsh,650,1,Coal mines and mining -- West Virginia -- Pictorial works
lcsh|coasts-pictorial-works,,lcsh,650,1,Coasts -- Pictorial works
lcsh|coca-history,,lcsh,650,1,Coca -- History
lcsh|cocaine-abuse-mexico-anecdotes,,lcsh,650,1,Cocaine abuse -- Mexico -- Anecdotes
lcsh|codfish-poetry,,lcsh,650,1,Codfish -- Poetry
lcsh|collaboration-in-art,,lcsh,650,1,Collaboration in art
lcsh|collage-american,,lcsh,650,1,"Collage, American"
lcsh|collage-american-21st-century,,lcsh,650,1,"Collage, American -- 21st century"
lcsh|collage-catalogs,,lcsh,650,1,Collage -- Catalogs
lcsh|collage-exhibitions,,lcsh,650,1,Collage -- Exhibitions
lcsh|collage-united-states,,lcsh,650,1,Collage -- United States
lcsh|collective-memory-united-states,,lcsh,650,1,Collective memory -- United States
lcsh|college-students-new-york-state-fiction,,lcsh,650,1,College students -- New York (State) -- Fiction
lcsh|color,,lcsh,650,1,Color
lcsh|color-charts-diagrams-etc,,lcsh,650,1,"Color -- Charts, diagrams, etc"
lcsh|color-in-advertising-handbooks-manuals-etc,,lcsh,650,1,"Color in advertising -- Handbooks, manuals, etc"
lcsh|color-in-architecture-italy-bologna,,lcsh,650,1,Color in architecture -- Italy -- Bologna
lcsh|color-in-art,,lcsh,650,1,Color in art
lcsh|color-in-art-handbooks-manuals-etc,,lcsh,650,1,"Color in art -- Handbooks, manuals, etc"
lcsh|color-philosophy,,lcsh,650,1,Color (Philosophy)
lcsh|color-psychological-aspects-handbooks-manuals-etc,,lcsh,650,1,"Color -- Psychological aspects -- Handbooks, manuals, etc"
lcsh|color-quotations-maxims-etc,,lcsh,650,1,"Color -- Quotations, maxims, etc"
lcsh|color-separation,,lcsh,650,1,Color separation
lcsh|combinations-in-art,,lcsh,650,1,Combinations in art
lcsh|comedy,,lcsh,650,1,Comedy
lcsh|comic-books-strips-etc,,lcsh,650,1,"Comic books, strips, etc"
lcsh|comic-books-strips-etc-brazil,,lcsh,650,1,"Comic books, strips, etc -- Brazil"
lcsh|comic-books-strips-etc-mexico,,lcsh,650,1,"Comic books, strips, etc -- Mexico"
lcsh|comic-books-strips-etc-specimens,,lcsh,650,1,"Comic books, strips, etc -- Specimens"
lcsh|comma-pictorial-works,,lcsh,650,1,Comma -- Pictorial works
lcsh|commercial-art,,lcsh,650,1,Commercial art
lcsh|commercial-art-social-aspects,,lcsh,650,1,Commercial art -- Social aspects
lcsh|commercial-catalogs,,lcsh,650,1,Commercial catalogs
lcsh|communalism-fiction,,lcsh,650,1,Communalism -- Fiction
lcsh|communalism-philosophy,,lcsh,650,1,Communalism -- Philosophy
lcsh|communication-in-families-fiction,,lcsh,650,1,Communication in families -- Fiction
lcsh|communism-fiction,,lcsh,650,1,Communism -- Fiction
lcsh|communists-germany-fiction,,lcsh,650,1,Communists -- Germany -- Fiction
lcsh|commuting-in-art,,lcsh,650,1,Commuting in art
lcsh|compact-discs-reviews-periodicals,,lcsh,650,1,Compact discs -- Reviews -- Periodicals
lcsh|company-town-architecture,,lcsh,650,1,Company town architecture
lcsh|composers-united-states,,lcsh,650,1,Composers -- United States
lcsh|compulsive-hoarding-pictorial-works,,lcsh,650,1,Compulsive hoarding -- Pictorial works
lcsh|computer-art-canada,,lcsh,650,1,Computer art -- Canada
lcsh|computer-graphics,,lcsh,650,1,Computer graphics
lcsh|computer-programmers-anecdotes,,lcsh,650,1,Computer programmers -- Anecdotes
lcsh|computer-programmers-attitudes,,lcsh,650,1,Computer programmers -- Attitudes
lcsh|computer-programming-attitudes,,lcsh,650,1,Computer programming -- Attitudes
lcsh|computer-programming-psychological-aspects,,lcsh,650,1,Computer programming -- Psychological aspects
lcsh|concepts,,lcsh,650,1,Concepts
lcsh|conceptual-art-21st-century,,lcsh,650,1,Conceptual art -- 21st century
lcsh|conceptual-art-california-exhibitions,,lcsh,650,1,Conceptual art -- California -- Exhibitions
lcsh|conceptual-art-canada,,lcsh,650,1,Conceptual art -- Canada
lcsh|conceptual-art-catalogs,,lcsh,650,1,Conceptual art -- Catalogs
lcsh|conceptual-art-france,,lcsh,650,1,Conceptual art -- France
lcsh|conceptual-art-france-20th-century-catalogs,,lcsh,650,1,Conceptual art -- France -- 20th century -- Catalogs
lcsh|conceptual-art-france-exhibitions,,lcsh,650,1,Conceptual art -- France -- Exhibitions
lcsh|conceptual-art-new-york-state-exhibitions,,lcsh,650,1,Conceptual art -- New York (State) -- Exhibitions
lcsh|conceptual-art-new-york-state-new-york,,lcsh,650,1,Conceptual art -- New York (State) -- New York
lcsh|conceptual-art-political-aspects,,lcsh,650,1,Conceptual art -- Political aspects
lcsh|conceptual-art-psychological-aspects,,lcsh,650,1,Conceptual art -- Psychological aspects
lcsh|conceptual-art-rhode-island,,lcsh,650,1,Conceptual art -- Rhode Island
lcsh|conceptual-art-venezuela,,lcsh,650,1,Conceptual art -- Venezuela
lcsh|concrete-poetry-american-21st-century,,lcsh,650,1,"Concrete poetry, American -- 21st century"
lcsh|concrete-poetry-english-scottish-authors,,lcsh,650,1,"Concrete poetry, English -- Scottish authors"
lcsh|conservatives-united-states-pictorial-works,,lcsh,650,1,Conservatives -- United States -- Pictorial works
lcsh|constellations,,lcsh,650,1,Constellations
lcsh|constellations-in-art,,lcsh,650,1,Constellations in art
lcsh|constitutional-law-united-states,,lcsh,650,1,Constitutional law -- United States
lcsh|constitutions-iraq,,lcsh,650,1,Constitutions -- Iraq
lcsh|constitutions-united-states,,lcsh,650,1,Constitutions -- United States
lcsh|constructivism-art-russia-federation-moscow-exhibitions,,lcsh,650,1,Constructivism (Art) -- Russia (Federation) -- Moscow -- Exhibitions
lcsh|consumer-goods-pictorial-works,,lcsh,650,1,Consumer goods -- Pictorial works
lcsh|consumerism,,lcsh,650,1,Consumerism
lcsh|consumption-economics-poetry,,lcsh,650,1,Consumption (Economics) -- Poetry
lcsh|contests-england-docking,,lcsh,650,1,Contests -- England -- Docking
lcsh|conversation-in-art,,lcsh,650,1,Conversation in art
lcsh|cookbooks-balkan-peninsula,,lcsh,650,1,Cookbooks -- Balkan Peninsula
lcsh|cooking-balkan-peninsula,,lcsh,650,1,Cooking -- Balkan Peninsula
lcsh|cooking-canadian,,lcsh,650,1,"Cooking, Canadian"
lcsh|cooking-in-art,,lcsh,650,1,Cooking in art
lcsh|cooking-mexico,,lcsh,650,1,Cooking -- Mexico
lcsh|cooking-new-york-state-rosendale,,lcsh,650,1,Cooking -- New York (State) -- Rosendale
lcsh|cooking-popcorn-pictorial-works,,lcsh,650,1,Cooking (Popcorn) -- Pictorial works
lcsh|cooking-social-aspects-history,,lcsh,650,1,Cooking -- Social aspects -- History
lcsh|cooking-united-states,,lcsh,650,1,Cooking -- United States
lcsh|cooks-pictorial-works,,lcsh,650,1,Cooks -- Pictorial works
lcsh|cootie-catchers-specimens,,lcsh,650,1,Cootie catchers -- Specimens
lcsh|copy-art-rhode-island,,lcsh,650,1,Copy art -- Rhode Island
lcsh|corn-in-art,,lcsh,650,1,Corn in art
lcsh|corn-ripening-pictorial-works,,lcsh,650,1,Corn -- Ripening -- Pictorial works
lcsh|cosmology-in-art,,lcsh,650,1,Cosmology in art
lcsh|costume-united-states-history-20th-century-pictorial-works,,lcsh,650,1,Costume -- United States -- History -- 20th century -- Pictorial works
lcsh|counterculture-europe-periodicals,,lcsh,650,1,Counterculture -- Europe -- Periodicals
lcsh|country-life-england-oxfordshire,,lcsh,650,1,Country life -- England -- Oxfordshire
lcsh|couples-pictorial-works,,lcsh,650,1,Couples -- Pictorial works
lcsh|covid-19-pandemic-2020-2023-north-carolina-chapel-hill-pictorial-works,,lcsh,650,1,"COVID-19 Pandemic, 2020-2023 -- North Carolina -- Chapel Hill -- Pictorial works"
lcsh|cowboys-united-states-anecdotes,,lcsh,650,1,Cowboys -- United States -- Anecdotes
lcsh|cows-pictorial-works,,lcsh,650,1,Cows -- Pictorial works
lcsh|cows-poetry,,lcsh,650,1,Cows -- Poetry
lcsh|creation-caricatures-and-cartoons,,lcsh,650,1,Creation -- Caricatures and cartoons
lcsh|creation-mythology,,lcsh,650,1,Creation -- Mythology
lcsh|creole-dialects-english-hawaii-history,,lcsh,650,1,"Creole dialects, English -- Hawaii -- History"
lcsh|criminal-courts-great-britain-fiction,,lcsh,650,1,Criminal courts -- Great Britain -- Fiction
lcsh|criminals-michigan-detroit-pictorial-works,,lcsh,650,1,Criminals -- Michigan -- Detroit -- Pictorial works
lcsh|cross-dressers-chile-social-conditions,,lcsh,650,1,Cross-dressers -- Chile -- Social conditions
lcsh|cross-dressers-cuba-havana-portraits,,lcsh,650,1,Cross-dressers -- Cuba -- Havana -- Portraits
lcsh|cryonics-drama,,lcsh,650,1,Cryonics -- Drama
lcsh|cryonics-pictorial-works,,lcsh,650,1,Cryonics -- Pictorial works
lcsh|cuban-literature-20th-century-periodicals,,lcsh,650,1,Cuban literature -- 20th century -- Periodicals
lcsh|cuban-poetry,,lcsh,650,1,Cuban poetry
lcsh|cube-in-art,,lcsh,650,1,Cube in art
lcsh|cultural-landscapes-united-states,,lcsh,650,1,Cultural landscapes -- United States
lcsh|cultural-property-china,,lcsh,650,1,Cultural property -- China
lcsh|culture-in-art-periodicals,,lcsh,650,1,Culture in art -- Periodicals
lcsh|currency-crises-argentina,,lcsh,650,1,Currency crises -- Argentina
lcsh|cut-out-craft-california-specimens,,lcsh,650,1,Cut-out craft -- California -- Specimens
lcsh|cut-out-craft-united-states-specimens,,lcsh,650,1,Cut-out craft -- United States -- Specimens
lcsh|cutting-self-mutilation-pictorial-works,,lcsh,650,1,Cutting (Self-mutilation) -- Pictorial works
lcsh|cyberspace-social-aspects-fiction,,lcsh,650,1,Cyberspace -- Social aspects -- Fiction
lcsh|cynicism-in-art,,lcsh,650,1,Cynicism in art
lcsh|czechs-travel-southwest-new-fiction,,lcsh,650,1,"Czechs -- Travel -- Southwest, New -- Fiction"
lcsh|czechs-travel-southwest-new-pictorial-works,,lcsh,650,1,"Czechs -- Travel -- Southwest, New -- Pictorial works"
lcsh|dadaism-united-states-periodicals,,lcsh,650,1,Dadaism -- United States -- Periodicals
lcsh|dadaist-poetry,,lcsh,650,1,Dadaist poetry
lcsh|dance,,lcsh,650,1,Dance
lcsh|dance-in-art-21st-century,,lcsh,650,1,Dance in art -- 21st century
lcsh|dance-in-art-specimens,,lcsh,650,1,Dance in art -- Specimens
lcsh|deafness,,lcsh,650,1,Deafness
lcsh|death,,lcsh,650,1,Death
lcsh|debt-public-maps,,lcsh,650,1,"Debt, Public -- Maps"
lcsh|deception-drama,,lcsh,650,1,Deception -- Drama
lcsh|decoration-and-ornament-architectural-paris-france-pictorial-works-early-works-to-1800,,lcsh,650,1,"Decoration and ornament, Architectural -- Paris -- France -- Pictorial works -- Early works to 1800"
lcsh|deer-hunters-pictorial-works,,lcsh,650,1,Deer hunters -- Pictorial works
lcsh|deer-hunting-pictorial-works,,lcsh,650,1,Deer hunting -- Pictorial works
lcsh|dementia,,lcsh,650,1,Dementia
lcsh|demonstrations-cayuga-nation,,lcsh,650,1,Demonstrations -- Cayuga Nation
lcsh|demonstrations-poland-history-21st-century-pictorial-works,,lcsh,650,1,Demonstrations -- Poland -- History -- 21st century -- Pictorial works
lcsh|denial-psychology,,lcsh,650,1,Denial (Psychology)
lcsh|description-and-travel,,lcsh,650,1,Description and travel
lcsh|desert-pictorial-works,,lcsh,650,1,Desert -- Pictorial works
lcsh|deserts-poetry,,lcsh,650,1,Deserts -- Poetry
lcsh|deserts-southwest-new-pictorial-works,,lcsh,650,1,"Deserts -- Southwest, New -- Pictorial works"
lcsh|deserts-southwest-old-pictorial-works,,lcsh,650,1,"Deserts -- Southwest, Old -- Pictorial works"
lcsh|design-quotations-maxims-etc,,lcsh,650,1,"Design -- Quotations, maxims, etc"
lcsh|desire-in-art,,lcsh,650,1,Desire in art
lcsh|devil-in-art,,lcsh,650,1,Devil in art
lcsh|devil-poetry,,lcsh,650,1,Devil -- Poetry
lcsh|diaries-blank-books-specimens,,lcsh,650,1,Diaries (Blank-books) -- Specimens
lcsh|diaries-letters-and-memoirs,,lcsh,650,1,"Diaries, letters, and memoirs"
lcsh|diary-fiction,,lcsh,650,1,Diary fiction
lcsh|dictators-history-20th-century,,lcsh,650,1,Dictators -- History -- 20th century
lcsh|dictators-history-21st-century,,lcsh,650,1,Dictators -- History -- 21st century
lcsh|dictators-pictorial-works,,lcsh,650,1,Dictators -- Pictorial works
lcsh|digital-printing-specimens,,lcsh,650,1,Digital printing -- Specimens
lcsh|diners-restaurants-spain-madrid-pictorial-works,,lcsh,650,1,Diners (Restaurants) -- Spain -- Madrid -- Pictorial works
lcsh|dinners-and-dining-poetry,,lcsh,650,1,Dinners and dining -- Poetry
lcsh|diorama-pictorial-works,,lcsh,650,1,Diorama -- Pictorial works
lcsh|disappeared-persons-comic-books-strips-etc,,lcsh,650,1,"Disappeared persons -- Comic books, strips, etc"
lcsh|disappeared-persons-mexico-guerrero-state-21st-century,,lcsh,650,1,Disappeared persons -- Mexico -- Guerrero (State) -- 21st century
lcsh|discarding-of-books-periodicals-etc-pictorial-works,,lcsh,650,1,"Discarding of books, periodicals, etc -- Pictorial works"
lcsh|discrimination-against-african-american-women-pictorial-works,,lcsh,650,1,Discrimination against African American women -- Pictorial works
lcsh|dissident-art-united-states,,lcsh,650,1,Dissident art -- United States
lcsh|divorce-personal-narratives,,lcsh,650,1,Divorce -- Personal narratives
lcsh|dna-in-art,,lcsh,650,1,DNA in art
lcsh|documentary-photography-china-beijing,,lcsh,650,1,Documentary photography -- China -- Beijing
lcsh|documentary-photography-exhibitions,,lcsh,650,1,Documentary photography -- Exhibitions
lcsh|documentary-photography-italy-naples,,lcsh,650,1,Documentary photography -- Italy -- Naples
lcsh|documentary-photography-japan-20th-century,,lcsh,650,1,Documentary photography -- Japan -- 20th century
lcsh|documentary-photography-michigan,,lcsh,650,1,Documentary photography -- Michigan
lcsh|documentary-photography-new-york-state,,lcsh,650,1,Documentary photography -- New York (State)
lcsh|dogfighting,,lcsh,650,1,Dogfighting
lcsh|dolls-in-art,,lcsh,650,1,Dolls in art
lcsh|doors-korea-pictorial-works,,lcsh,650,1,Doors -- Korea -- Pictorial works
lcsh|drag-queens-cuba-havana-fiction,,lcsh,650,1,Drag queens -- Cuba -- Havana -- Fiction
lcsh|dragons-in-art-exhibitions,,lcsh,650,1,Dragons in art -- Exhibitions
lcsh|drainage-united-states-maps,,lcsh,650,1,Drainage -- United States -- Maps
lcsh|drawing-american-20th-century,,lcsh,650,1,"Drawing, American -- 20th century"
lcsh|drawing-colombian-21st-century,,lcsh,650,1,"Drawing, Colombian -- 21st century"
lcsh|drawing-french-21st-century,,lcsh,650,1,"Drawing, French -- 21st century"
lcsh|drawing-philosophy,,lcsh,650,1,Drawing -- Philosophy
lcsh|drawings-german-20th-century,,lcsh,650,1,"Drawings, German -- 20th century"
lcsh|dreams,,lcsh,650,1,Dreams
lcsh|dreams-pictorial-works,,lcsh,650,1,Dreams -- Pictorial works
lcsh|dresses-pictorial-works,,lcsh,650,1,Dresses -- Pictorial works
lcsh|dust-miscellanea,,lcsh,650,1,Dust -- Miscellanea
lcsh|dust-southwest-new-pictorial-works,,lcsh,650,1,"Dust -- Southwest, New -- Pictorial works"
lcsh|dust-southwest-old-pictorial-works,,lcsh,650,1,"Dust -- Southwest, Old -- Pictorial works"
lcsh|dwellings-morocco-pictorial-works,,lcsh,650,1,Dwellings -- Morocco -- Pictorial works
lcsh|earth-sciences,,lcsh,650,1,Earth sciences
lcsh|earthworks-art-england,,lcsh,650,1,Earthworks (Art) -- England
lcsh|earthworks-art-europe,,lcsh,650,1,Earthworks (Art) -- Europe
lcsh|eavesdropping,,lcsh,650,1,Eavesdropping
lcsh|eclecticism-in-art-japan,,lcsh,650,1,Eclecticism in art -- Japan
lcsh|edible-mushrooms-united-states-pictorial-works,,lcsh,650,1,Edible mushrooms -- United States -- Pictorial works
lcsh|education-bilingual-social-aspects-pakistan,,lcsh,650,1,"Education, Bilingual -- Social aspects -- Pakistan"
lcsh|education-pictorial-works,,lcsh,650,1,Education -- Pictorial works
lcsh|elections-california-san-francisco-humor,,lcsh,650,1,Elections -- California -- San Francisco -- Humor
lcsh|elections-united-states-humor,,lcsh,650,1,Elections -- United States -- Humor
lcsh|electric-lines-poles-and-towers,,lcsh,650,1,Electric lines -- Poles and towers
lcsh|elk-pictorial-works,,lcsh,650,1,Elk -- Pictorial works
lcsh|elk-wyoming-jackson-hole-pictorial-works,,lcsh,650,1,Elk -- Wyoming -- Jackson Hole -- Pictorial works
lcsh|embroidery-hmong,,lcsh,650,1,"Embroidery, Hmong"
lcsh|emergence-philosophy,,lcsh,650,1,Emergence (Philosophy)
lcsh|emotions-physiological-aspects-in-art,,lcsh,650,1,Emotions -- Physiological aspects -- In art
lcsh|empathy-in-art,,lcsh,650,1,Empathy in art
lcsh|employee-rights-california-los-angeles-county,,lcsh,650,1,Employee rights -- California -- Los Angeles County
lcsh|employees-dismissal-of-ontario-london-art,,lcsh,650,1,Employees -- Dismissal of -- Ontario -- London -- Art
lcsh|employment-interviewing-humor,,lcsh,650,1,Employment interviewing -- Humor
lcsh|encyclopedias-and-dictionaries-social-aspects,,lcsh,650,1,Encyclopedias and dictionaries -- Social aspects
lcsh|end-of-the-world-handbooks-manuals-etc,,lcsh,650,1,"End of the world -- Handbooks, manuals, etc"
lcsh|endangered-ecosystems-costa-rica,,lcsh,650,1,Endangered ecosystems -- Costa Rica
lcsh|endangered-plants-maine-exhibitions,,lcsh,650,1,Endangered plants -- Maine -- Exhibitions
lcsh|endangered-species-maine-exhibitions,,lcsh,650,1,Endangered species -- Maine -- Exhibitions
lcsh|enemies-fiction,,lcsh,650,1,Enemies -- Fiction
lcsh|engel,,lcsh,650,1,Engel
lcsh|engels,,lcsh,650,1,Engels
lcsh|english-essays-20th-century,,lcsh,650,1,English essays -- 20th century
lcsh|english-language-19th-century-punctuation,,lcsh,650,1,English language -- 19th century -- Punctuation
lcsh|english-language-alphabet-juvenile-literature,,lcsh,650,1,English language -- Alphabet -- Juvenile literature
lcsh|english-language-alphabet-juvenile-poetry,,lcsh,650,1,English language -- Alphabet -- Juvenile poetry
lcsh|english-language-alphabet-poetry,,lcsh,650,1,English language -- Alphabet -- Poetry
lcsh|english-language-heteronyms,,lcsh,650,1,English language -- Heteronyms
lcsh|english-literature,,lcsh,650,1,English literature
lcsh|english-literature-19th-century,,lcsh,650,1,English literature -- 19th century
lcsh|enslaved-persons-west-indies-british-biography,,lcsh,650,1,"Enslaved persons -- West Indies, British -- Biography"
lcsh|enslaved-persons-west-indies-british-portraits,,lcsh,650,1,"Enslaved persons -- West Indies, British -- Portraits"
lcsh|enslaved-women-fiction,,lcsh,650,1,Enslaved women -- Fiction
lcsh|entertaining,,lcsh,650,1,Entertaining
lcsh|envelopes-stationery,,lcsh,650,1,Envelopes (Stationery)
lcsh|envelopes-stationery-in-art,,lcsh,650,1,Envelopes (Stationery) in art
lcsh|environment-art-france,,lcsh,650,1,Environment (Art) -- France
lcsh|environment-art-germany-hamburg-exhibitions,,lcsh,650,1,Environment (Art) -- Germany -- Hamburg -- Exhibitions
lcsh|environmental-degradation-colorado-pictorial-works,,lcsh,650,1,Environmental degradation -- Colorado -- Pictorial works
lcsh|environmental-degradation-north-america,,lcsh,650,1,Environmental degradation -- North America
lcsh|environmental-protection-georgia-cumberland-island,,lcsh,650,1,Environmental protection -- Georgia -- Cumberland Island
lcsh|environmental-protection-songs-and-music,,lcsh,650,1,Environmental protection -- Songs and music
lcsh|environmentally-induced-diseases-pictorial-works,,lcsh,650,1,Environmentally induced diseases -- Pictorial works
lcsh|erosion-pictorial-works,,lcsh,650,1,Erosion -- Pictorial works
lcsh|erotic-art-mexico,,lcsh,650,1,Erotic art -- Mexico
lcsh|erotic-bookplates-21st-century-exhibitions,,lcsh,650,1,Erotic bookplates -- 21st century -- Exhibitions
lcsh|erotic-stories,,lcsh,650,1,Erotic stories
lcsh|etching-printing-process,,lcsh,650,1,Etching (printing process)
lcsh|etching-specimens,,lcsh,650,1,Etching -- Specimens
lcsh|etchings,,lcsh,650,1,Etchings
lcsh|ethnobiology-caribbean-area,,lcsh,650,1,Ethnobiology -- Caribbean Area
lcsh|etiquette,,lcsh,650,1,Etiquette
lcsh|evil-eye-india,,lcsh,650,1,Evil eye -- India
lcsh|evolution,,lcsh,650,1,Evolution
lcsh|excess-in-art,,lcsh,650,1,Excess in art
lcsh|experimental-films-technique,,lcsh,650,1,Experimental films -- Technique
lcsh|experimental-poetry,,lcsh,650,1,Experimental poetry
lcsh|experimental-poetry-20th-century,,lcsh,650,1,Experimental poetry -- 20th century
lcsh|exquisite-corpse-game,,lcsh,650,1,Exquisite corpse (Game)
lcsh|exquisite-corpse-game-adaptations,,lcsh,650,1,Exquisite corpse (Game) -- Adaptations
lcsh|extinct-animals-in-art-exhibitions,,lcsh,650,1,Extinct animals in art -- Exhibitions
lcsh|extinct-animals-maine-exhibitions,,lcsh,650,1,Extinct animals -- Maine -- Exhibitions
lcsh|extinct-plants-maine-exhibitions,,lcsh,650,1,Extinct plants -- Maine -- Exhibitions
lcsh|extinction-biology,,lcsh,650,1,Extinction (Biology)
lcsh|extinction-biology-popular-works,,lcsh,650,1,Extinction (Biology) -- Popular works
lcsh|eye-in-art,,lcsh,650,1,Eye in art
lcsh|eyeglasses-in-art-exhibitions,,lcsh,650,1,Eyeglasses in art -- Exhibitions
lcsh|fables-latin,,lcsh,650,1,"Fables, Latin"
lcsh|face-in-art,,lcsh,650,1,Face in art
lcsh|face-pictorial-works,,lcsh,650,1,Face -- Pictorial works
lcsh|factories-new-york-state-pictorial-works,,lcsh,650,1,Factories -- New York (State) -- Pictorial works
lcsh|factory-system-australia,,lcsh,650,1,Factory system -- Australia
lcsh|fairy-tales-adaptations,,lcsh,650,1,Fairy tales -- Adaptations
lcsh|fairy-tales-germany,,lcsh,650,1,Fairy tales -- Germany
lcsh|fairy-tales-germany-illustrations,,lcsh,650,1,Fairy tales -- Germany -- Illustrations
lcsh|fairy-tales-in-art,,lcsh,650,1,Fairy tales in art
lcsh|families-fiction-comic-books-strips-etc,,lcsh,650,1,"Families -- Fiction -- Comic books, strips, etc"
lcsh|families-poetry,,lcsh,650,1,Families -- Poetry
lcsh|family-secrets-art,,lcsh,650,1,Family secrets -- Art
lcsh|fans-history,,lcsh,650,1,Fans -- History
lcsh|fans-specimens,,lcsh,650,1,Fans -- Specimens
lcsh|farm-tenancy-alabama,,lcsh,650,1,Farm tenancy -- Alabama
lcsh|fashion,,lcsh,650,1,Fashion
lcsh|fashion-in-art-21st-century,,lcsh,650,1,Fashion in art -- 21st century
lcsh|fashion-photography,,lcsh,650,1,Fashion photography
lcsh|fathers-and-daughters-art,,lcsh,650,1,Fathers and daughters -- Art
lcsh|fathers-and-daughters-drama,,lcsh,650,1,Fathers and daughters -- Drama
lcsh|felt-history,,lcsh,650,1,Felt -- History
lcsh|female-nude-in-art,,lcsh,650,1,Female nude in art
lcsh|female-to-male-transsexuals-family-relationships,,lcsh,650,1,Female-to-male transsexuals -- Family relationships
lcsh|female-to-male-transsexuals-medical-care-united-states,,lcsh,650,1,Female-to-male transsexuals -- Medical care -- United States
lcsh|feminine-beauty-aesthetics,,lcsh,650,1,Feminine beauty (Aesthetics)
lcsh|feminine-beauty-aesthetics-social-aspects,,lcsh,650,1,Feminine beauty (Aesthetics) -- Social aspects
lcsh|femininity-in-art-exhibitions,,lcsh,650,1,Femininity in art -- Exhibitions
lcsh|feminism-and-art-united-states-catalogs,,lcsh,650,1,Feminism and art -- United States -- Catalogs
lcsh|feminism-and-the-arts-periodicals,,lcsh,650,1,Feminism and the arts -- Periodicals
lcsh|feminism-fiction,,lcsh,650,1,Feminism -- Fiction
lcsh|feminism-in-art,,lcsh,650,1,Feminism in art
lcsh|feminist-poetry,,lcsh,650,1,Feminist poetry
lcsh|feminists-fiction,,lcsh,650,1,Feminists -- Fiction
lcsh|feral-children-india,,lcsh,650,1,Feral children -- India
lcsh|festivals-china-yunnan-sheng-pictorial-works,,lcsh,650,1,Festivals -- China -- Yunnan Sheng -- Pictorial works
lcsh|fetishism-sexual-behavior-fiction,,lcsh,650,1,Fetishism (Sexual behavior) -- Fiction
lcsh|fetishism-sexual-behavior-in-art,,lcsh,650,1,Fetishism (Sexual behavior) in art
lcsh|fibonacci-numbers,,lcsh,650,1,Fibonacci numbers
lcsh|fiction-collections,,lcsh,650,1,Fiction -- Collections
lcsh|fighter-planes-pictorial-works,,lcsh,650,1,Fighter planes -- Pictorial works
lcsh|fighting-dogs,,lcsh,650,1,Fighting dogs
lcsh|filosofia-de-l-art,,lcsh,650,1,Filosofia de l'art
lcsh|financial-crises-argentina-buenos-aires,,lcsh,650,1,Financial crises -- Argentina -- Buenos Aires
lcsh|fire-in-art,,lcsh,650,1,Fire in art
lcsh|fire-mythology-pictorial-works,,lcsh,650,1,Fire -- Mythology -- Pictorial works
lcsh|fire-pictorial-works,,lcsh,650,1,Fire -- Pictorial works
lcsh|fire-social-aspects,,lcsh,650,1,Fire -- Social aspects
lcsh|fire-stations-que-bec-province-montre-al-pictorial-works,,lcsh,650,1,Fire stations -- Québec (Province) -- Montréal -- Pictorial works
lcsh|firearms-united-states,,lcsh,650,1,Firearms -- United States
lcsh|fish-pictorial-works,,lcsh,650,1,Fish -- Pictorial works
lcsh|flags,,lcsh,650,1,Flags
lcsh|flags-brazil,,lcsh,650,1,Flags -- Brazil
lcsh|flags-description-united-states,,lcsh,650,1,Flags -- Description -- United States
lcsh|flags-in-art-exhibitions,,lcsh,650,1,Flags in art -- Exhibitions
lcsh|flags-in-art-new-york-state-new-york,,lcsh,650,1,Flags in art -- New York (State) -- New York
lcsh|flags-united-states-pictorial-works,,lcsh,650,1,Flags -- United States -- Pictorial works
lcsh|flight-in-art-exhibitions,,lcsh,650,1,Flight in art -- Exhibitions
lcsh|flip-books-handbooks-manuals-etc,,lcsh,650,1,"Flip books -- Handbooks, manuals, etc"
lcsh|flip-books-japan,,lcsh,650,1,Flip books -- Japan
lcsh|fluxus-group-of-artists-catalogs,,lcsh,650,1,Fluxus (Group of artists) -- Catalogs
lcsh|folk-music-colombia-comic-books-strips-etc,,lcsh,650,1,"Folk music -- Colombia -- Comic books, strips, etc"
lcsh|folk-music-periodicals,,lcsh,650,1,Folk music -- Periodicals
lcsh|folklore,,lcsh,650,1,Folklore
lcsh|folklore-colombia-21st-century-comic-books-strips-etc,,lcsh,650,1,"Folklore -- Colombia -- 21st century -- Comic books, strips, etc"
lcsh|folklore-haiti-poetry,,lcsh,650,1,Folklore -- Haiti -- Poetry
lcsh|folklore-japan,,lcsh,650,1,Folklore -- Japan
lcsh|folklore-mexico-sonora-state,,lcsh,650,1,Folklore -- Mexico -- Sonora (State)
lcsh|food-economic-aspects-united-states,,lcsh,650,1,Food -- Economic aspects -- United States
lcsh|food-international-cooperation-exhibitions,,lcsh,650,1,Food -- International cooperation -- Exhibitions
lcsh|food-mexico-fiction,,lcsh,650,1,Food -- Mexico -- Fiction
lcsh|food-pictorial-works,,lcsh,650,1,Food -- Pictorial works
lcsh|food-social-aspects-united-states,,lcsh,650,1,Food -- Social aspects -- United States
lcsh|food-writing-new-york-state-new-york,,lcsh,650,1,Food writing -- New York (State) -- New York
lcsh|foot-care-and-hygiene,,lcsh,650,1,Foot -- Care and hygiene
lcsh|foot-diseases-prevention,,lcsh,650,1,Foot -- Diseases -- Prevention
lcsh|football-in-art,,lcsh,650,1,Football in art
lcsh|footbinding-china-history,,lcsh,650,1,Footbinding -- China -- History
lcsh|footbinding-pictorial-works,,lcsh,650,1,Footbinding -- Pictorial works
lcsh|footprints,,lcsh,650,1,Footprints
lcsh|fore-edge-painting-specimens,,lcsh,650,1,Fore-edge painting -- Specimens
lcsh|forests-and-forestry-juvenile-literature,,lcsh,650,1,Forests and forestry -- Juvenile literature
lcsh|forests-in-art,,lcsh,650,1,Forests in art
lcsh|form-aesthetics-exhibitions,,lcsh,650,1,Form (Aesthetics) -- Exhibitions
lcsh|fortune-cookies,,lcsh,650,1,Fortune cookies
lcsh|fotografie,,lcsh,650,1,Fotografie | fotografie
lcsh|found-objects-art-catalogs,,lcsh,650,1,Found objects (Art) -- Catalogs
lcsh|fourth-of-july-pictorial-works,,lcsh,650,1,Fourth of July -- Pictorial works
lcsh|fractals-pictorial-works,,lcsh,650,1,Fractals -- Pictorial works
lcsh|french-literature-20th-century-translations-into-english,,lcsh,650,1,French literature -- 20th century -- Translations into English
lcsh|furniture-industry-and-trade-massachusetts-gardner,,lcsh,650,1,Furniture industry and trade -- Massachusetts -- Gardner
lcsh|furniture-massachusetts-gardner,,lcsh,650,1,Furniture -- Massachusetts -- Gardner
lcsh|furniture-workers-interviews,,lcsh,650,1,Furniture workers -- Interviews
lcsh|games-mexico,,lcsh,650,1,Games -- Mexico
lcsh|games-united-states,,lcsh,650,1,Games -- United States
lcsh|gardens-germany-pictorial-works,,lcsh,650,1,Gardens -- Germany -- Pictorial works
lcsh|gastronomy,,lcsh,650,1,Gastronomy
lcsh|gastronomy-poetry,,lcsh,650,1,Gastronomy -- Poetry
lcsh|gay-artists-biography,,lcsh,650,1,Gay artists -- Biography
lcsh|gay-culture-cuba,,lcsh,650,1,Gay culture -- Cuba
lcsh|gay-people-cuba-havana-portraits,,lcsh,650,1,Gay people -- Cuba -- Havana -- Portraits
lcsh|gaza-war-2014-children-pictorial-works-juvenile-literature,,lcsh,650,1,"Gaza War, 2014 -- Children -- Pictorial works -- Juvenile literature"
lcsh|gedicht,,lcsh,650,1,Gedicht
lcsh|gedichten,,lcsh,650,1,Gedichten
lcsh|geishas,,lcsh,650,1,Geishas
lcsh|gender-transition,,lcsh,650,1,Gender transition
lcsh|generals-in-art,,lcsh,650,1,Generals in art
lcsh|genocide-georgia-republic-abkhazia,,lcsh,650,1,Genocide -- Georgia (Republic) -- Abkhazia
lcsh|gentrification-united-states,,lcsh,650,1,Gentrification -- United States
lcsh|geometrical-constructions-in-art,,lcsh,650,1,Geometrical constructions in art
lcsh|geometrical-drawing,,lcsh,650,1,Geometrical drawing
lcsh|geometry,,lcsh,650,1,Geometry
lcsh|geometry-in-art,,lcsh,650,1,Geometry in art
lcsh|germany-themes-motives,,lcsh,650,1,"Germany -- Themes, motives"
lcsh|ghosts-in-art,,lcsh,650,1,Ghosts in art
lcsh|girls-poetry,,lcsh,650,1,Girls -- Poetry
lcsh|girls-united-states-fiction,,lcsh,650,1,Girls -- United States -- Fiction
lcsh|glaciers-iceland-pictorial-works,,lcsh,650,1,Glaciers -- Iceland -- Pictorial works
lcsh|glamour-photography,,lcsh,650,1,Glamour photography
lcsh|globalization,,lcsh,650,1,Globalization
lcsh|glue,,lcsh,650,1,Glue
lcsh|god-judaism-name,,lcsh,650,1,God (Judaism) -- Name
lcsh|golden-rule,,lcsh,650,1,Golden rule
lcsh|gouache-painting,,lcsh,650,1,Gouache painting
lcsh|government-resistance-to-mexico-pictorial-works,,lcsh,650,1,"Government, Resistance to -- Mexico -- Pictorial works"
lcsh|government-resistance-to-pictorial-works,,lcsh,650,1,"Government, Resistance to -- Pictorial works"
lcsh|governmental-investigations-united-states,,lcsh,650,1,Governmental investigations -- United States
lcsh|graffiti,,lcsh,650,1,Graffiti
lcsh|graffiti-artists-california-los-angeles,,lcsh,650,1,Graffiti artists -- California -- Los Angeles
lcsh|graffiti-new-york-state-new-york,,lcsh,650,1,Graffiti -- New York (State) -- New York
lcsh|graphic-artists-czech-republic-20th-century-interviews,,lcsh,650,1,Graphic artists -- Czech Republic -- 20th century -- Interviews
lcsh|graphic-arts,,lcsh,650,1,Graphic arts
lcsh|graphic-arts-social-aspects,,lcsh,650,1,Graphic arts -- Social aspects
lcsh|graphic-arts-soviet-union,,lcsh,650,1,Graphic arts -- Soviet Union
lcsh|graphic-design-typography-philippines,,lcsh,650,1,Graphic design (Typography) -- Philippines
lcsh|graphic-novels-colombia-21st-century,,lcsh,650,1,Graphic novels -- Colombia -- 21st century
lcsh|graphic-novels-united-states,,lcsh,650,1,Graphic novels -- United States
lcsh|grebo-african-people-folklore,,lcsh,650,1,Grebo (African people) -- Folklore
lcsh|greek-language-dictionaries-latin,,lcsh,650,1,Greek language -- Dictionaries -- Latin
lcsh|greeks-italy-selinus-extinct-city,,lcsh,650,1,Greeks -- Italy -- Selinus (Extinct city)
lcsh|gregorian-chants,,lcsh,650,1,Gregorian chants
lcsh|grids-cartography-in-art,,lcsh,650,1,Grids (Cartography) in art
lcsh|group-work-in-art-periodicals,,lcsh,650,1,Group work in art -- Periodicals
lcsh|group-work-in-art-united-states-exhibitions,,lcsh,650,1,Group work in art -- United States -- Exhibitions
lcsh|growth-plants-in-art,,lcsh,650,1,Growth (Plants) in art
lcsh|guatemalan-literature-21st-century,,lcsh,650,1,Guatemalan literature -- 21st century
lcsh|guatemalan-poetry-21st-century,,lcsh,650,1,Guatemalan poetry -- 21st century
lcsh|guide-dogs,,lcsh,650,1,Guide dogs
lcsh|guitarists-spain-biography,,lcsh,650,1,Guitarists -- Spain -- Biography
lcsh|haiku-english,,lcsh,650,1,"Haiku, English"
lcsh|haiku-in-photography,,lcsh,650,1,Haiku in photography
lcsh|haiku-translations-into-english,,lcsh,650,1,Haiku -- Translations into English
lcsh|hair,,lcsh,650,1,Hair
lcsh|hair-in-art,,lcsh,650,1,Hair in art
lcsh|hairstyles-in-art,,lcsh,650,1,Hairstyles in art
lcsh|halloween-new-york-state-pictorial-works,,lcsh,650,1,Halloween -- New York (State) -- Pictorial works
lcsh|hamrick-frank,,lcsh,650,1,"Hamrick, Frank"
lcsh|hand-in-art-specimens,,lcsh,650,1,Hand in art -- Specimens
lcsh|hand-weaving-colombia,,lcsh,650,1,Hand weaving -- Colombia
lcsh|handbooks-vade-mecums-etc,,lcsh,650,1,"Handbooks, vade-mecums, etc"
lcsh|handicraft-mexico-chiapas,,lcsh,650,1,Handicraft -- Mexico -- Chiapas
lcsh|handmade-paper,,lcsh,650,1,Handmade paper
lcsh|handmade-paper-mexico-san-pablito,,lcsh,650,1,Handmade paper -- Mexico -- San Pablito
lcsh|handmade-paper-united-states-specimens,,lcsh,650,1,Handmade paper -- United States -- Specimens
lcsh|handscrolls,,lcsh,650,1,Handscrolls
lcsh|handstamping,,lcsh,650,1,Handstamping
lcsh|happenings-art-austria-vienna,,lcsh,650,1,Happenings (Art) -- Austria -- Vienna
lcsh|happenings-art-catalogs,,lcsh,650,1,Happenings (Art) -- Catalogs
lcsh|happenings-art-germany,,lcsh,650,1,Happenings (Art) -- Germany
lcsh|happenings-art-iowa-waterloo,,lcsh,650,1,Happenings (Art) -- Iowa -- Waterloo
lcsh|happenings-art-spain,,lcsh,650,1,Happenings (Art) -- Spain
lcsh|happenings-art-texas-austin,,lcsh,650,1,Happenings (Art) -- Texas -- Austin
lcsh|happiness,,lcsh,650,1,Happiness
lcsh|hats-in-art,,lcsh,650,1,Hats in art
lcsh|haunted-houses,,lcsh,650,1,Haunted houses
lcsh|hazardous-waste-storage-in-art,,lcsh,650,1,Hazardous waste storage in art
lcsh|headhunters-ecuador,,lcsh,650,1,Headhunters -- Ecuador
lcsh|hearing,,lcsh,650,1,Hearing
lcsh|helices-algebraic-topology-in-art,,lcsh,650,1,Helices (Algebraic topology) -- In art
lcsh|heteronyms,,lcsh,650,1,Heteronyms
lcsh|high-fidelity-sound-systems-design-and-construction,,lcsh,650,1,High-fidelity sound systems -- Design and construction
lcsh|high-school-students-wisconsin,,lcsh,650,1,High school students -- Wisconsin
lcsh|hip-hop-north-carolina-raleigh-pictorial-works,,lcsh,650,1,Hip-hop -- North Carolina -- Raleigh -- Pictorial works
lcsh|historic-buildings,,lcsh,650,1,Historic buildings
lcsh|historic-buildings-cuba-matanzas-pictorial-works,,lcsh,650,1,Historic buildings -- Cuba -- Matanzas -- Pictorial works
lcsh|historical-fiction-american-history-and-criticism,,lcsh,650,1,"Historical fiction, American -- History and criticism"
lcsh|history-painting-history-and-criticism,,lcsh,650,1,History painting -- History and criticism
lcsh|hitler-adolf-1889-1945,,lcsh,650,1,"Hitler, Adolf, 1889-1945"
lcsh|hmong-asian-people-biography,,lcsh,650,1,Hmong (Asian people) -- Biography
lcsh|holocaust-jewish-1939-1945-in-art-specimens,,lcsh,650,1,"Holocaust, Jewish (1939-1945), in art -- Specimens"
lcsh|holocaust-jewish-1939-1945-poetry,,lcsh,650,1,"Holocaust, Jewish (1939-1945) -- Poetry"
lcsh|home,,lcsh,650,1,Home
lcsh|home-in-art,,lcsh,650,1,Home in art
lcsh|home-social-aspects,,lcsh,650,1,Home -- Social aspects
lcsh|homeless-persons,,lcsh,650,1,Homeless persons
lcsh|homeless-persons-california-santa-monica,,lcsh,650,1,Homeless persons -- California -- Santa Monica
lcsh|homeless-persons-in-art,,lcsh,650,1,Homeless persons in art
lcsh|homeless-persons-new-york-state-new-york,,lcsh,650,1,Homeless persons -- New York (State) -- New York
lcsh|homelessness-in-art,,lcsh,650,1,Homelessness in art
lcsh|homelessness-pictorial-works,,lcsh,650,1,Homelessness -- Pictorial works
lcsh|homelessness-poetry,,lcsh,650,1,Homelessness -- Poetry
lcsh|homosexuality-humor,,lcsh,650,1,Homosexuality -- Humor
lcsh|homosexuality-in-art,,lcsh,650,1,Homosexuality in art
lcsh|horror-comic-books-strips-etc-japan,,lcsh,650,1,"Horror comic books, strips, etc -- Japan"
lcsh|horses-anatomy,,lcsh,650,1,Horses -- Anatomy
lcsh|horses-in-art,,lcsh,650,1,Horses in art
lcsh|horses-poetry,,lcsh,650,1,Horses -- Poetry
lcsh|horticulture-religious-aspects,,lcsh,650,1,Horticulture -- Religious aspects
lcsh|hotels-georgia-republic-t-bilisi-pictorial-works,,lcsh,650,1,Hotels -- Georgia (Republic) -- Tʻbilisi -- Pictorial works
lcsh|household-appliances-electric-pictorial-works,,lcsh,650,1,"Household appliances, Electric -- Pictorial works"
lcsh|human-anatomy-poetry,,lcsh,650,1,Human anatomy -- Poetry
lcsh|human-beings-effect-of-environment-on,,lcsh,650,1,Human beings -- Effect of environment on
lcsh|human-body-poetry,,lcsh,650,1,Human body -- Poetry
lcsh|human-body-social-aspects-united-states,,lcsh,650,1,Human body -- Social aspects -- United States
lcsh|human-ecology-colombia,,lcsh,650,1,Human ecology -- Colombia
lcsh|human-experimentation-in-medicine-drama,,lcsh,650,1,Human experimentation in medicine -- Drama
lcsh|human-figure-in-art-pictorial-works,,lcsh,650,1,Human figure in art -- Pictorial works
lcsh|human-geography-argentina-philosophy,,lcsh,650,1,Human geography -- Argentina -- Philosophy
lcsh|human-physiology-terminology,,lcsh,650,1,Human physiology -- Terminology
lcsh|human-rights-congo-democratic-republic-nord-kivu,,lcsh,650,1,Human rights -- Congo (Democratic Republic) -- Nord-Kivu
lcsh|human-rights-poetry,,lcsh,650,1,Human rights -- Poetry
lcsh|human-settlements,,lcsh,650,1,Human settlements
lcsh|humanitarian-assistance-congo-democratic-republic-nord-kivu,,lcsh,650,1,Humanitarian assistance -- Congo (Democratic Republic) -- Nord-Kivu
lcsh|hurricanes-mississippi,,lcsh,650,1,Hurricanes -- Mississippi
lcsh|hydraulic-fracturing-environmental-aspects-colorado-pictorial-works,,lcsh,650,1,Hydraulic fracturing -- Environmental aspects -- Colorado -- Pictorial works
lcsh|hydrodynamics,,lcsh,650,1,Hydrodynamics
lcsh|hygiene-social-aspects,,lcsh,650,1,Hygiene -- Social aspects
lcsh|hymns-latin,,lcsh,650,1,"Hymns, Latin"
lcsh|hysteria-case-studies,,lcsh,650,1,Hysteria -- Case studies
lcsh|ice-floes-greenland-pictorial-works,,lcsh,650,1,Ice floes -- Greenland -- Pictorial works
lcsh|icebergs-greenland-pictorial-works,,lcsh,650,1,Icebergs -- Greenland -- Pictorial works
lcsh|iconografie,,lcsh,650,1,Iconografie
lcsh|identity-philosophical-concept-photography,,lcsh,650,1,Identity (Philosophical concept) -- Photography
lcsh|identity-philosophical-concept-pictorial-works,,lcsh,650,1,Identity (Philosophical concept) -- Pictorial works
lcsh|identity-psychology-in-art,,lcsh,650,1,Identity (Psychology) in art
lcsh|illegal-immigration-mexican-american-border-region-fiction,,lcsh,650,1,Illegal immigration -- Mexican-American Border Region -- Fiction
lcsh|illegal-immigration-mexican-american-border-region-juvenile-fiction,,lcsh,650,1,Illegal immigration -- Mexican-American Border Region -- Juvenile fiction
lcsh|illegal-immigration-united-states,,lcsh,650,1,Illegal immigration -- United States
lcsh|illumination-of-books-and-manuscripts-specimens,,lcsh,650,1,Illumination of books and manuscripts -- Specimens
lcsh|illustrated-periodicals-cuba,,lcsh,650,1,Illustrated periodicals -- Cuba
lcsh|illustraties,,lcsh,650,1,Illustraties
lcsh|illustration-of-books-great-britain,,lcsh,650,1,Illustration of books -- Great Britain
lcsh|illustrators-great-britain,,lcsh,650,1,Illustrators -- Great Britain
lcsh|imaginary-creatures-pictorial-works,,lcsh,650,1,Imaginary creatures -- Pictorial works
lcsh|imaginary-letters,,lcsh,650,1,Imaginary letters
lcsh|imaginary-places-in-art,,lcsh,650,1,Imaginary places in art
lcsh|imaginary-places-maps,,lcsh,650,1,Imaginary places -- Maps
lcsh|imagination-drama,,lcsh,650,1,Imagination -- Drama
lcsh|immigrants-mexican-american-border-region-fiction,,lcsh,650,1,Immigrants -- Mexican-American Border Region -- Fiction
lcsh|immigrants-mexican-american-border-region-juvenile-fiction,,lcsh,650,1,Immigrants -- Mexican-American Border Region -- Juvenile fiction
lcsh|immortalism-pictorial-works,,lcsh,650,1,Immortalism -- Pictorial works
lcsh|imperialism,,lcsh,650,1,Imperialism
lcsh|impermanence-buddhism-poetry,,lcsh,650,1,Impermanence (Buddhism) -- Poetry
lcsh|incantations-shuar,,lcsh,650,1,"Incantations, Shuar"
lcsh|income-distribution-south-africa,,lcsh,650,1,Income distribution -- South Africa
lcsh|income-distribution-united-states-public-opinion,,lcsh,650,1,Income distribution -- United States -- Public opinion
lcsh|indian-art-united-states-20th-century-exhibitions,,lcsh,650,1,Indian art -- United States -- 20th century -- Exhibitions
lcsh|indian-art-united-states-21st-century,,lcsh,650,1,Indian art -- United States -- 21st century
lcsh|indian-captivities-peru-poetry,,lcsh,650,1,Indian captivities -- Peru -- Poetry
lcsh|indian-textile-fabrics-colombia,,lcsh,650,1,Indian textile fabrics -- Colombia
lcsh|indians-of-north-america-in-art,,lcsh,650,1,Indians of North America in art
lcsh|indians-of-north-america-southwest-new-rites-and-ceremonies,,lcsh,650,1,"Indians of North America -- Southwest, New -- Rites and ceremonies"
lcsh|indians-treatment-of-mexico-history-16th-century,,lcsh,650,1,"Indians, Treatment of -- Mexico -- History -- 16th century"
lcsh|indigenous-art-colombia,,lcsh,650,1,Indigenous art -- Colombia
lcsh|industrial-districts-england-kent-pictorial-works,,lcsh,650,1,Industrial districts -- England -- Kent -- Pictorial works
lcsh|industrial-hygiene-australia,,lcsh,650,1,Industrial hygiene -- Australia
lcsh|industrial-sites-pictorial-works,,lcsh,650,1,Industrial sites -- Pictorial works
lcsh|industrialization-social-aspects-united-states,,lcsh,650,1,Industrialization -- Social aspects -- United States
lcsh|industrie,,lcsh,650,1,industrie
lcsh|industries-new-york-state-pictorial-works,,lcsh,650,1,Industries -- New York (State) -- Pictorial works
lcsh|infants-illinois-pictorial-works,,lcsh,650,1,Infants -- Illinois -- Pictorial works
lcsh|infants-in-art,,lcsh,650,1,Infants in art
lcsh|initials,,lcsh,650,1,Initials
lcsh|initiation-rites,,lcsh,650,1,Initiation rites
lcsh|innocence-psychology-in-art,,lcsh,650,1,Innocence (Psychology) in art
lcsh|inscriptions-connecticut-new-haven,,lcsh,650,1,Inscriptions -- Connecticut -- New Haven
lcsh|inscriptions-maine-sweden-town,,lcsh,650,1,Inscriptions -- Maine -- Sweden (Town)
lcsh|insects,,lcsh,650,1,Insects
lcsh|insomnia,,lcsh,650,1,Insomnia
lcsh|installations-art-20th-century,,lcsh,650,1,Installations (Art) -- 20th century
lcsh|installations-art-germany-frankfurt-am-main,,lcsh,650,1,Installations (Art) -- Germany -- Frankfurt am Main
lcsh|installations-art-germany-hamburg-exhibitions,,lcsh,650,1,Installations (Art) -- Germany -- Hamburg -- Exhibitions
lcsh|installations-art-norway,,lcsh,650,1,Installations (Art) -- Norway
lcsh|installations-art-texas-houston-exhibitions,,lcsh,650,1,Installations (Art) -- Texas -- Houston -- Exhibitions
lcsh|intaglio-printing-specimens,,lcsh,650,1,Intaglio printing -- Specimens
lcsh|intellectual-freedom,,lcsh,650,1,Intellectual freedom
lcsh|interactive-art-exhibitions,,lcsh,650,1,Interactive art -- Exhibitions
lcsh|internally-displaced-persons-sri-lanka-pictorial-works,,lcsh,650,1,Internally displaced persons -- Sri Lanka -- Pictorial works
lcsh|internet-in-political-campaigns-united-states-exhibitions,,lcsh,650,1,Internet in political campaigns -- United States -- Exhibitions
lcsh|internet-searching,,lcsh,650,1,Internet searching
lcsh|interpersonal-relations-in-art,,lcsh,650,1,Interpersonal relations in art
lcsh|interviews-poetry,,lcsh,650,1,Interviews -- Poetry
lcsh|inventions-in-art,,lcsh,650,1,Inventions in art
lcsh|inventions-pictorial-works,,lcsh,650,1,Inventions -- Pictorial works
lcsh|iraq-war-2003-2011,,lcsh,650,1,"Iraq War, 2003-2011"
lcsh|iraq-war-2003-2011-veterans-united-states,,lcsh,650,1,"Iraq War, 2003-2011 -- Veterans -- United States"
lcsh|irons-pressing-pictorial-works,,lcsh,650,1,Irons (Pressing) -- Pictorial works
lcsh|ironwork-france-paris-pictorial-works-early-works-to-1800,,lcsh,650,1,Ironwork -- France -- Paris -- Pictorial works -- Early works to 1800
lcsh|islam,,lcsh,650,1,Islam
lcsh|islam-influence,,lcsh,650,1,Islam -- Influence
lcsh|islam-united-states,,lcsh,650,1,Islam -- United States
lcsh|itching-in-art,,lcsh,650,1,Itching in art
lcsh|jacquard-weaving,,lcsh,650,1,Jacquard weaving
lcsh|japanese-diaries,,lcsh,650,1,Japanese -- Diaries
lcsh|japanese-literature,,lcsh,650,1,Japanese literature
lcsh|jargon-terminology-humor,,lcsh,650,1,Jargon (Terminology) -- Humor
lcsh|jargon-terminology-louisiana-new-orleans,,lcsh,650,1,Jargon (Terminology) -- Louisiana -- New Orleans
lcsh|jewelry-design,,lcsh,650,1,Jewelry -- Design
lcsh|jewish-marriage-customs-and-rites,,lcsh,650,1,Jewish marriage customs and rites
lcsh|jews-identity-pictorial-works,,lcsh,650,1,Jews -- Identity -- Pictorial works
lcsh|jews-social-life-and-customs,,lcsh,650,1,Jews -- Social life and customs
lcsh|kamikaze-pilots-pictorial-works,,lcsh,650,1,Kamikaze pilots -- Pictorial works
lcsh|karuk-artists-california,,lcsh,650,1,Karuk artists -- California
lcsh|kinetic-art,,lcsh,650,1,Kinetic art
lcsh|kingfishers,,lcsh,650,1,Kingfishers
lcsh|kitchens-balkan-peninsula-pictorial-works,,lcsh,650,1,Kitchens -- Balkan Peninsula -- Pictorial works
lcsh|knitting-history,,lcsh,650,1,Knitting -- History
lcsh|knowledge-theory-of-quotations-maxims-etc,,lcsh,650,1,"Knowledge, Theory of -- Quotations, maxims, etc"
lcsh|korean-americans-illinois-chicago,,lcsh,650,1,Korean Americans -- Illinois -- Chicago
lcsh|korean-war-1950-1953-veterans,,lcsh,650,1,"Korean War, 1950-1953 -- Veterans"
lcsh|korean-war-1950-1953-veterans-united-states,,lcsh,650,1,"Korean War, 1950-1953 -- Veterans -- United States"
lcsh|ku-klux-klan-19th-century,,lcsh,650,1,Ku Klux Klan (19th century)
lcsh|kwanzaa-united-states,,lcsh,650,1,Kwanzaa -- United States
lcsh|labor-california-los-angeles-county,,lcsh,650,1,Labor -- California -- Los Angeles County
lcsh|labor-unions-california-los-angeles-county,,lcsh,650,1,Labor unions -- California -- Los Angeles County
lcsh|land-tenure-chile-araucan-a-pictorial-works,,lcsh,650,1,Land tenure -- Chile -- Araucanía -- Pictorial works
lcsh|landforms-united-states-pictorial-works,,lcsh,650,1,Landforms -- United States -- Pictorial works
lcsh|landscape-gardening-poetry,,lcsh,650,1,Landscape gardening -- Poetry
lcsh|landscape-photography-england-kent-exhibitions,,lcsh,650,1,Landscape photography -- England -- Kent -- Exhibitions
lcsh|landscape-photography-japan,,lcsh,650,1,Landscape photography -- Japan
lcsh|landscape-photography-netherlands,,lcsh,650,1,Landscape photography -- Netherlands
lcsh|landscapes-in-art-exhibitions,,lcsh,650,1,Landscapes in art -- Exhibitions
lcsh|landscapes-pictorial-works,,lcsh,650,1,Landscapes -- Pictorial works
lcsh|landscapes-poetry,,lcsh,650,1,Landscapes -- Poetry
lcsh|language-and-ethics,,lcsh,650,1,Language and ethics
lcsh|language-and-languages,,lcsh,650,1,Language and languages
lcsh|language-and-languages-philosophy,,lcsh,650,1,Language and languages -- Philosophy
lcsh|languages-secret-china,,lcsh,650,1,"Languages, Secret -- China"
lcsh|latin-american-literature-21st-century,,lcsh,650,1,Latin American literature -- 21st century
lcsh|laundry-in-art,,lcsh,650,1,Laundry in art
lcsh|leg-in-art,,lcsh,650,1,Leg in art
lcsh|legislative-bodies-korea-south,,lcsh,650,1,Legislative bodies -- Korea (South)
lcsh|legislative-bodies-qualifications,,lcsh,650,1,Legislative bodies -- Qualifications
lcsh|lego-toys,,lcsh,650,1,LEGO toys
lcsh|lesbian-artists-united-states-exhibitions,,lcsh,650,1,Lesbian artists -- United States -- Exhibitions
lcsh|lesbian-artists-united-states-interviews,,lcsh,650,1,Lesbian artists -- United States -- Interviews
lcsh|lesbianism-in-art-exhibitions,,lcsh,650,1,Lesbianism in art -- Exhibitions
lcsh|lesbians-fiction,,lcsh,650,1,Lesbians -- Fiction
lcsh|lesbians-in-art-exhibitions,,lcsh,650,1,Lesbians in art -- Exhibitions
lcsh|letters-in-art,,lcsh,650,1,Letters in art
lcsh|liberty,,lcsh,650,1,Liberty
lcsh|libraries-in-art,,lcsh,650,1,Libraries in art
lcsh|libraries-social-aspects-history,,lcsh,650,1,Libraries -- Social aspects -- History
lcsh|library-catalogs-in-art,,lcsh,650,1,Library catalogs in art
lcsh|library-users-california-los-angeles-pictorial-works,,lcsh,650,1,Library users -- California -- Los Angeles -- Pictorial works
lcsh|life,,lcsh,650,1,Life
lcsh|life-change-events-psychological-aspects-poetry,,lcsh,650,1,Life change events -- Psychological aspects -- Poetry
lcsh|life-cycle-human,,lcsh,650,1,"Life cycle, Human"
lcsh|life-cycle-human-in-art,,lcsh,650,1,"Life cycle, Human, in art"
lcsh|life-cycle-human-poetry,,lcsh,650,1,"Life cycle, Human -- Poetry"
lcsh|lighthouses-history,,lcsh,650,1,Lighthouses -- History
lcsh|lighthouses-in-art,,lcsh,650,1,Lighthouses in art
lcsh|linocuts-specimens,,lcsh,650,1,Linocuts -- Specimens
lcsh|linoleum-block-printing,,lcsh,650,1,Linoleum block-printing
lcsh|linoleum-block-printing-american-21st-century-specimens,,lcsh,650,1,"Linoleum block-printing, American -- 21st century -- Specimens"
lcsh|linoleum-block-printing-american-specimens,,lcsh,650,1,"Linoleum block-printing, American -- Specimens"
lcsh|listening-in-art,,lcsh,650,1,Listening -- In art
lcsh|literature-and-history-united-states,,lcsh,650,1,Literature and history -- United States
lcsh|literature-criticism-and-interpretation,,lcsh,650,1,Literature -- Criticism and interpretation
lcsh|literature-experimental,,lcsh,650,1,"Literature, Experimental"
lcsh|literature-experimental-france-20th-century,,lcsh,650,1,"Literature, Experimental -- France -- 20th century"
lcsh|literature-experimental-spain,,lcsh,650,1,"Literature, Experimental -- Spain"
lcsh|literature-interpretation,,lcsh,650,1,Literature -- Interpretation
lcsh|literature-modern-periodicals,,lcsh,650,1,"Literature, Modern -- Periodicals"
lcsh|lithography-american-specimens,,lcsh,650,1,"Lithography, American -- Specimens"
lcsh|little-magazines-united-states-exhibitions,,lcsh,650,1,Little magazines -- United States -- Exhibitions
lcsh|loading-and-unloading-exhibitions,,lcsh,650,1,Loading and unloading -- Exhibitions
lcsh|loneliness-in-art,,lcsh,650,1,Loneliness in art
lcsh|longcase-clocks,,lcsh,650,1,Longcase clocks
lcsh|loss-psychology-poetry,,lcsh,650,1,Loss (Psychology) -- Poetry
lcsh|love-pakistan-pictorial-works,,lcsh,650,1,Love -- Pakistan -- Pictorial works
lcsh|love-poetry-20th-century,,lcsh,650,1,Love poetry -- 20th century
lcsh|love-poetry-american,,lcsh,650,1,"Love poetry, American"
lcsh|love-psychological-aspects,,lcsh,650,1,Love -- Psychological aspects
lcsh|lumbee-indians-pictorial-works,,lcsh,650,1,Lumbee Indians -- Pictorial works
lcsh|lust-poetry,,lcsh,650,1,Lust -- Poetry
lcsh|lynching,,lcsh,650,1,Lynching
lcsh|lynching-fiction,,lcsh,650,1,Lynching -- Fiction
lcsh|lyricists-united-states,,lcsh,650,1,Lyricists -- United States
lcsh|ma-ori-new-zealand-people-pictorial-works,,lcsh,650,1,Māori (New Zealand people) -- Pictorial works
lcsh|mafia-italy-naples-pictorial-works,,lcsh,650,1,Mafia -- Italy -- Naples -- Pictorial works
lcsh|magpies-pictorial-works,,lcsh,650,1,Magpies -- Pictorial works
lcsh|mail-art-california-southern-periodicals,,lcsh,650,1,"Mail art -- California, Southern -- Periodicals"
lcsh|mail-art-catalogs,,lcsh,650,1,Mail art -- Catalogs
lcsh|mail-art-france,,lcsh,650,1,Mail art -- France
lcsh|mail-art-periodicals,,lcsh,650,1,Mail art -- Periodicals
lcsh|malians-portraits-exhibitions,,lcsh,650,1,Malians -- Portraits -- Exhibitions
lcsh|man-woman-relationships-drama,,lcsh,650,1,Man-woman relationships -- Drama
lcsh|man-woman-relationships-poetry,,lcsh,650,1,Man-woman relationships -- Poetry
lcsh|manhole-covers-iowa-pictorial-works,,lcsh,650,1,Manhole covers -- Iowa -- Pictorial works
lcsh|manners-and-customs,,lcsh,650,1,Manners and customs
lcsh|mao-tse-tung-1893-1976,,lcsh,650,1,"Mao, Tse-tung, 1893-1976"
lcsh|map-projection-in-art,,lcsh,650,1,Map projection in art
lcsh|maps-in-art-exhibitions,,lcsh,650,1,Maps in art -- Exhibitions
lcsh|mapuche-indians-chile-araucan-a-government-relations-pictorial-works,,lcsh,650,1,Mapuche Indians -- Chile -- Araucanía -- Government relations -- Pictorial works
lcsh|mapuche-indians-land-tenure-chile-araucan-a-pictorial-works,,lcsh,650,1,Mapuche Indians -- Land tenure -- Chile -- Araucanía -- Pictorial works
lcsh|marbled-papers,,lcsh,650,1,Marbled papers
lcsh|marine-animals-juvenile-poetry,,lcsh,650,1,Marine animals -- Juvenile poetry
lcsh|marital-violence-exhibitions,,lcsh,650,1,Marital violence -- Exhibitions
lcsh|marriage-customs-and-rites,,lcsh,650,1,Marriage customs and rites
lcsh|marriage-customs-and-rites-united-states,,lcsh,650,1,Marriage customs and rites -- United States
lcsh|masks-african,,lcsh,650,1,"Masks, African"
lcsh|masks-in-art,,lcsh,650,1,Masks in art
lcsh|masks-mexico-pictorial-works,,lcsh,650,1,Masks -- Mexico -- Pictorial works
lcsh|masks-papua-new-guinea,,lcsh,650,1,Masks -- Papua New Guinea
lcsh|mass-media-and-children-united-states,,lcsh,650,1,Mass media and children -- United States
lcsh|mass-media-and-war-united-states-pictorial-works,,lcsh,650,1,Mass media and war -- United States -- Pictorial works
lcsh|mass-media-social-aspects-pictorial-works,,lcsh,650,1,Mass media -- Social aspects -- Pictorial works
lcsh|massacre-survivors-children-japan-biography,,lcsh,650,1,Massacre survivors -- Children -- Japan -- Biography
lcsh|massacres-mexico-iguala-de-la-independencia,,lcsh,650,1,Massacres -- Mexico -- Iguala de la Independencia
lcsh|mathematics-in-art,,lcsh,650,1,Mathematics in art
lcsh|mclaren-andrew,,lcsh,650,1,"McLaren, Andrew,"
lcsh|meadows-massachusetts-carlisle-pictorial-works,,lcsh,650,1,Meadows -- Massachusetts -- Carlisle -- Pictorial works
lcsh|meat-comic-books-strips-etc,,lcsh,650,1,"Meat -- Comic books, strips, etc"
lcsh|medical-drama,,lcsh,650,1,Medical drama
lcsh|medical-technology-in-art,,lcsh,650,1,Medical technology -- In art
lcsh|medicine-in-art,,lcsh,650,1,Medicine in art
lcsh|medicine-scotland-edinburgh-history,,lcsh,650,1,Medicine -- Scotland -- Edinburgh -- History
lcsh|megalithic-monuments,,lcsh,650,1,Megalithic monuments
lcsh|melanoma-patients-united-states-biography,,lcsh,650,1,Melanoma -- Patients -- United States -- Biography
lcsh|memorialization-united-states,,lcsh,650,1,Memorialization -- United States
lcsh|memory-in-literature,,lcsh,650,1,Memory in literature
lcsh|memory-political-aspects-argentina,,lcsh,650,1,Memory -- Political aspects -- Argentina
lcsh|men-white-pictorial-works,,lcsh,650,1,"Men, White -- Pictorial works"
lcsh|mental-illness-caricatures-and-cartoons,,lcsh,650,1,Mental illness -- Caricatures and cartoons
lcsh|mental-illness-humor,,lcsh,650,1,Mental illness -- Humor
lcsh|mental-illness-pictorial-works,,lcsh,650,1,Mental illness -- Pictorial works
lcsh|mental-illness-poetry,,lcsh,650,1,Mental illness -- Poetry
lcsh|mental-representation,,lcsh,650,1,Mental representation
lcsh|mentally-ill-portraits,,lcsh,650,1,Mentally ill -- Portraits
lcsh|merchant-mariners-england-bristol-history,,lcsh,650,1,Merchant mariners -- England -- Bristol -- History
lcsh|mercury-environmental-aspects,,lcsh,650,1,Mercury -- Environmental aspects
lcsh|metamorphosis-mythology-poetry,,lcsh,650,1,Metamorphosis -- Mythology -- Poetry
lcsh|meteorologists,,lcsh,650,1,Meteorologists
lcsh|meteors-in-art,,lcsh,650,1,Meteors in art
lcsh|meteors-pictorial-works,,lcsh,650,1,Meteors -- Pictorial works
lcsh|mexican-literature-20th-century,,lcsh,650,1,Mexican literature -- 20th century
lcsh|mexican-literature-women-authors,,lcsh,650,1,Mexican literature -- Women authors
lcsh|microblogs-humor,,lcsh,650,1,Microblogs -- Humor
lcsh|microwaves-in-art,,lcsh,650,1,Microwaves in art
lcsh|middle-age-social-aspects,,lcsh,650,1,Middle age -- Social aspects
lcsh|middle-class-arab-countries,,lcsh,650,1,Middle class -- Arab countries
lcsh|middle-passage-poetry,,lcsh,650,1,Middle Passage -- Poetry
lcsh|migration-internal-caribbean-area,,lcsh,650,1,"Migration, Internal -- Caribbean Area"
lcsh|militarism-social-aspects-united-states,,lcsh,650,1,Militarism -- Social aspects -- United States
lcsh|military-administration-united-states-pictorial-works,,lcsh,650,1,Military administration -- United States -- Pictorial works
lcsh|military-art-and-science-united-states-21st-century-pictorial-works,,lcsh,650,1,Military art and science -- United States -- 21st century -- Pictorial works
lcsh|military-bases-american-aerial-views,,lcsh,650,1,"Military bases, American -- Aerial views"
lcsh|military-bases-american-foreign-countries,,lcsh,650,1,"Military bases, American -- Foreign countries"
lcsh|military-bases-american-pictorial-works,,lcsh,650,1,"Military bases, American -- Pictorial works"
lcsh|military-spouses-united-states,,lcsh,650,1,Military spouses -- United States
lcsh|military-uniforms-in-art-specimens,,lcsh,650,1,Military uniforms in art -- Specimens
lcsh|mills-and-mill-work-connecticut-pictorial-works,,lcsh,650,1,Mills and mill-work -- Connecticut -- Pictorial works
lcsh|mills-and-mill-work-songs-and-music,,lcsh,650,1,Mills and mill-work -- Songs and music
lcsh|mineral-industries-environmental-aspects-montana-pictorial-works,,lcsh,650,1,Mineral industries -- Environmental aspects -- Montana -- Pictorial works
lcsh|mineral-industries-environmental-aspects-montana-poetry,,lcsh,650,1,Mineral industries -- Environmental aspects -- Montana -- Poetry
lcsh|mineral-industries-montana-history-pictorial-works,,lcsh,650,1,Mineral industries -- Montana -- History -- Pictorial works
lcsh|mineral-industries-montana-history-poetry,,lcsh,650,1,Mineral industries -- Montana -- History -- Poetry
lcsh|miners-montana-pictorial-works,,lcsh,650,1,Miners -- Montana -- Pictorial works
lcsh|miners-montana-poetry,,lcsh,650,1,Miners -- Montana -- Poetry
lcsh|miniature-art-california-los-angeles-history-21st-century,,lcsh,650,1,Miniature art -- California -- Los Angeles -- History -- 21st century
lcsh|miniature-painting-pakistani-21st-century,,lcsh,650,1,"Miniature painting, Pakistani -- 21st century"
lcsh|minimal-art-exhibitions,,lcsh,650,1,Minimal art -- Exhibitions
lcsh|mixed-media-art-great-britain,,lcsh,650,1,Mixed media (Art) -- Great Britain
lcsh|mobil-oil-company-in-art-exhibitions,,lcsh,650,1,Mobil Oil Company in art -- Exhibitions
lcsh|modernism-art-political-aspects,,lcsh,650,1,Modernism (Art) -- Political aspects
lcsh|modernism-art-quotations-maxims-etc,,lcsh,650,1,"Modernism (Art) -- Quotations, maxims, etc"
lcsh|modernism-art-religious-aspects,,lcsh,650,1,Modernism (Art) -- Religious aspects
lcsh|money-in-literature,,lcsh,650,1,Money in literature
lcsh|monochrome-painting-france,,lcsh,650,1,Monochrome painting -- France
lcsh|monochrome-painting-france-exhibitions,,lcsh,650,1,Monochrome painting -- France -- Exhibitions
lcsh|monotypes,,lcsh,650,1,Monotypes
lcsh|monsters-juvenile-fiction,,lcsh,650,1,Monsters -- Juvenile fiction
lcsh|moon-in-art,,lcsh,650,1,Moon -- In art
lcsh|morocco-leather-pictorial-works,,lcsh,650,1,Morocco leather -- Pictorial works
lcsh|mortality-artists-books-2006,,lcsh,650,1,Mortality -- Artists' books -- 2006
lcsh|motels,,lcsh,650,1,Motels
lcsh|motels-pictorial-works,,lcsh,650,1,Motels -- Pictorial works
lcsh|mothers-and-daughters-pictorial-works,,lcsh,650,1,Mothers and daughters -- Pictorial works
lcsh|mothers-and-daughters-united-states-fiction,,lcsh,650,1,Mothers and daughters -- United States -- Fiction
lcsh|mothers-and-sons-interviews,,lcsh,650,1,Mothers and sons -- Interviews
lcsh|motion-picture-actors-and-actresses-homes-and-haunts,,lcsh,650,1,Motion picture actors and actresses -- Homes and haunts
lcsh|motion-picture-actors-and-actresses-united-states,,lcsh,650,1,Motion picture actors and actresses -- United States
lcsh|motion-study,,lcsh,650,1,Motion study
lcsh|motorcyclists-social-life-and-customs-pictorial-works,,lcsh,650,1,Motorcyclists -- Social life and customs -- Pictorial works
lcsh|motorcyclists-united-states-pictorial-works,,lcsh,650,1,Motorcyclists -- United States -- Pictorial works
lcsh|mountaineering-expeditions-everest-mount-china-and-nepal-pictorial-works,,lcsh,650,1,"Mountaineering expeditions -- Everest, Mount (China and Nepal) -- Pictorial works"
lcsh|mountaineering-expeditions-himalaya-mountains-pictorial-works,,lcsh,650,1,Mountaineering expeditions -- Himalaya Mountains -- Pictorial works
lcsh|mouth-in-art,,lcsh,650,1,Mouth in art
lcsh|mud-in-art,,lcsh,650,1,Mud in art
lcsh|mud-pictorial-works,,lcsh,650,1,Mud -- Pictorial works
lcsh|multiple-art-united-states,,lcsh,650,1,Multiple art -- United States
lcsh|mural-painting-and-decoration-german-germany-berlin-20th-century,,lcsh,650,1,"Mural painting and decoration, German -- Germany -- Berlin -- 20th century"
lcsh|mural-painting-and-decoration-germany-berlin,,lcsh,650,1,Mural painting and decoration -- Germany -- Berlin
lcsh|murder-investigation-drama,,lcsh,650,1,Murder -- Investigation -- Drama
lcsh|murder-investigation-fiction,,lcsh,650,1,Murder -- Investigation -- Fiction
lcsh|murder-italy-naples-pictorial-works,,lcsh,650,1,Murder -- Italy -- Naples -- Pictorial works
lcsh|murder-victims-united-states,,lcsh,650,1,Murder victims -- United States
lcsh|museum-architecture-exhibitions,,lcsh,650,1,Museum architecture -- Exhibitions
lcsh|museums-collection-management-philosophy,,lcsh,650,1,Museums -- Collection management -- Philosophy
lcsh|museums-pictorial-works,,lcsh,650,1,Museums -- Pictorial works
lcsh|mushrooms-united-states-pictorial-works,,lcsh,650,1,Mushrooms -- United States -- Pictorial works
lcsh|music-20th-century-periodicals,,lcsh,650,1,Music -- 20th century -- Periodicals
lcsh|music-exhibitions,,lcsh,650,1,Music -- Exhibitions
lcsh|music-physiological-aspects,,lcsh,650,1,Music -- Physiological aspects
lcsh|music-psychological-aspects,,lcsh,650,1,Music -- Psychological aspects
lcsh|music-reproduction,,lcsh,650,1,Music -- Reproduction
lcsh|musicians,,lcsh,650,1,Musicians
lcsh|mussolini-benito-1883-1945,,lcsh,650,1,"Mussolini, Benito, 1883-1945"
lcsh|mutation-biology-in-art,,lcsh,650,1,Mutation (Biology) in art
lcsh|myeloid-leukemia-patients-united-states-biography,,lcsh,650,1,Myeloid leukemia -- Patients -- United States -- Biography
lcsh|mythology-classical-poetry,,lcsh,650,1,"Mythology, Classical -- Poetry"
lcsh|names-personal-art,,lcsh,650,1,"Names, Personal -- Art"
lcsh|narratives,,lcsh,650,1,Narratives
lcsh|nation-state,,lcsh,650,1,Nation-state
lcsh|national-cemeteries-american-belgium-neuville-en-condroz-pictorial-works,,lcsh,650,1,"National cemeteries, American -- Belgium -- Neuville-en-Condroz -- Pictorial works"
lcsh|national-cemeteries-american-belgium-registers,,lcsh,650,1,"National cemeteries, American -- Belgium -- Registers"
lcsh|national-parks-and-reserves-costa-rica,,lcsh,650,1,National parks and reserves -- Costa Rica
lcsh|national-socialism-in-motion-pictures-pictorial-works,,lcsh,650,1,National socialism in motion pictures -- Pictorial works
lcsh|natural-disasters-mississippi,,lcsh,650,1,Natural disasters -- Mississippi
lcsh|natural-history-costa-rica,,lcsh,650,1,Natural history -- Costa Rica
lcsh|natural-history-museums-argentina-pictorial-works,,lcsh,650,1,Natural history museums -- Argentina -- Pictorial works
lcsh|natural-history-periodicals-juvenile-literature,,lcsh,650,1,Natural history -- Periodicals -- Juvenile literature
lcsh|natural-resources,,lcsh,650,1,Natural resources
lcsh|nature-aesthetics,,lcsh,650,1,Nature (Aesthetics)
lcsh|nature-aesthetics-poetry,,lcsh,650,1,Nature (Aesthetics) -- Poetry
lcsh|nature-in-art,,lcsh,650,1,Nature in art
lcsh|nature-juvenile-literature,,lcsh,650,1,Nature -- Juvenile literature
lcsh|nature-photography,,lcsh,650,1,Nature photography
lcsh|nature-songs-and-music,,lcsh,650,1,Nature -- Songs and music
lcsh|nature-songs-and-music-texts,,lcsh,650,1,Nature -- Songs and music -- Texts
lcsh|navajo-indians-rites-and-ceremonies,,lcsh,650,1,Navajo Indians -- Rites and ceremonies
lcsh|navajo-poetry-translations-into-english,,lcsh,650,1,Navajo poetry -- Translations into English
lcsh|nazis-portraits,,lcsh,650,1,Nazis -- Portraits
lcsh|needlework-in-art,,lcsh,650,1,Needlework in art
lcsh|neurosciences-in-the-arts,,lcsh,650,1,Neurosciences in the arts
lcsh|newspapers-in-art,,lcsh,650,1,Newspapers in art
lcsh|nightlife-mexico-anecdotes,,lcsh,650,1,Nightlife -- Mexico -- Anecdotes
lcsh|nightmares,,lcsh,650,1,Nightmares
lcsh|nightmares-in-literature,,lcsh,650,1,Nightmares in literature
lcsh|nixon-richard-m-richard-milhous-1913,,lcsh,650,1,"Nixon, Richard M. (Richard Milhous), 1913-"
lcsh|nomads-poetry,,lcsh,650,1,Nomads -- Poetry
lcsh|noncitizens-mexican-american-border-region-fiction,,lcsh,650,1,Noncitizens -- Mexican-American Border Region -- Fiction
lcsh|noncitizens-mexican-american-border-region-juvenile-fiction,,lcsh,650,1,Noncitizens -- Mexican-American Border Region -- Juvenile fiction
lcsh|nostalgia-poetry,,lcsh,650,1,Nostalgia -- Poetry
lcsh|notebooks,,lcsh,650,1,Notebooks
lcsh|novelists-american-20th-century-family-relationships,,lcsh,650,1,"Novelists, American -- 20th century -- Family relationships"
lcsh|nu-shu,,lcsh,650,1,Nü shu
lcsh|nuclear-explosions-in-art,,lcsh,650,1,Nuclear explosions in art
lcsh|nuclear-physics-history-20th-century,,lcsh,650,1,Nuclear physics -- History -- 20th century
lcsh|nuclear-power-plants-press-coverage,,lcsh,650,1,Nuclear power plants -- Press coverage
lcsh|nuclear-warfare-social-aspects-united-states-history-20th-century,,lcsh,650,1,Nuclear warfare -- Social aspects -- United States -- History -- 20th century
lcsh|nuclear-weapons-marshall-islands-bikini-atoll-testing,,lcsh,650,1,Nuclear weapons -- Marshall Islands -- Bikini Atoll -- Testing
lcsh|nuclear-weapons-marshall-islands-testing,,lcsh,650,1,Nuclear weapons -- Marshall Islands -- Testing
lcsh|nude-in-art-pictorial-works,,lcsh,650,1,Nude in art -- Pictorial works
lcsh|nursery-rhymes-humor,,lcsh,650,1,Nursery rhymes -- Humor
lcsh|nutrition-mexico,,lcsh,650,1,Nutrition -- Mexico
lcsh|nymphs-greek-deities-fiction,,lcsh,650,1,Nymphs (Greek deities) -- Fiction
lcsh|ocean-waves-in-art,,lcsh,650,1,Ocean waves in art
lcsh|offset-lithography,,lcsh,650,1,Offset lithography
lcsh|offset-lithography-specimens,,lcsh,650,1,Offset lithography -- Specimens
lcsh|oil-spills-california-san-francisco-bay,,lcsh,650,1,Oil spills -- California -- San Francisco Bay
lcsh|old-age,,lcsh,650,1,Old age
lcsh|older-women-united-states,,lcsh,650,1,Older women -- United States
lcsh|omens-in-art,,lcsh,650,1,Omens in art
lcsh|on-demand-printing-photography-competitions,,lcsh,650,1,On-demand printing -- Photography -- Competitions
lcsh|onions-poetry,,lcsh,650,1,Onions -- Poetry
lcsh|onomatopoeia,,lcsh,650,1,Onomatopoeia
lcsh|opera-pictorial-works,,lcsh,650,1,Opera -- Pictorial works
lcsh|operation-crossroads-marshall-islands-1946,,lcsh,650,1,"Operation Crossroads, Marshall Islands, 1946"
lcsh|oral-interpretation-of-poetry,,lcsh,650,1,Oral interpretation of poetry
lcsh|origami,,lcsh,650,1,Origami
lcsh|otomi-indians-folklore,,lcsh,650,1,Otomi Indians -- Folklore
lcsh|otomi-indians-mexico-san-pablito,,lcsh,650,1,Otomi Indians -- Mexico -- San Pablito
lcsh|outdoor-furniture-egypt-cairo-guidebooks,,lcsh,650,1,Outdoor furniture -- Egypt -- Cairo -- Guidebooks
lcsh|outdoor-photography,,lcsh,650,1,Outdoor photography
lcsh|outdoor-photography-minnesota,,lcsh,650,1,Outdoor photography -- Minnesota
lcsh|outdoor-photography-texas,,lcsh,650,1,Outdoor photography -- Texas
lcsh|outdoor-sculpture-new-york-state-new-york,,lcsh,650,1,Outdoor sculpture -- New York (State) -- New York
lcsh|outdoor-sculpture-washington-d-c,,lcsh,650,1,Outdoor sculpture -- Washington (D.C.)
lcsh|overuse-injuries-prevention,,lcsh,650,1,Overuse injuries -- Prevention
lcsh|pageants-washington-state-walla-walla,,lcsh,650,1,Pageants -- Washington (State) -- Walla Walla
lcsh|painters-france-biography,,lcsh,650,1,Painters -- France -- Biography
lcsh|painters-germany-west-biography,,lcsh,650,1,Painters -- Germany (West) -- Biography
lcsh|painters-poetry,,lcsh,650,1,Painters -- Poetry
lcsh|painting,,lcsh,650,1,Painting
lcsh|painting-england-london-catalogs,,lcsh,650,1,Painting -- England -- London -- Catalogs
lcsh|painting-german-21st-century,,lcsh,650,1,"Painting, German -- 21st century"
lcsh|painting-germany,,lcsh,650,1,Painting -- Germany
lcsh|painting-specimens,,lcsh,650,1,Painting -- Specimens
lcsh|pakistanis-pakistan-peshawar-portraits,,lcsh,650,1,Pakistanis -- Pakistan -- Peshawar -- Portraits
lcsh|palmistry-miscellanea,,lcsh,650,1,Palmistry -- Miscellanea
lcsh|palms-california-los-angeles,,lcsh,650,1,Palms -- California -- Los Angeles
lcsh|palms-in-art,,lcsh,650,1,Palms in art
lcsh|paper-folding-graphic-design,,lcsh,650,1,Paper folding(Graphic design)
lcsh|paper-handmade,,lcsh,650,1,"Paper, Handmade"
lcsh|paper-handmade-specimens,,lcsh,650,1,"Paper, Handmade -- Specimens"
lcsh|paper-pictorial-works,,lcsh,650,1,Paper -- Pictorial works
lcsh|paper-religious-aspects,,lcsh,650,1,Paper -- Religious aspects
lcsh|paper-sample-books,,lcsh,650,1,Paper -- Sample books
lcsh|paper-sculpture,,lcsh,650,1,Paper sculpture
lcsh|paper-sculpture-juvenile-literature,,lcsh,650,1,Paper sculpture -- Juvenile literature
lcsh|paper-substitutes,,lcsh,650,1,Paper substitutes
lcsh|paper-substitutes-specimens,,lcsh,650,1,Paper substitutes -- Specimens
lcsh|paper-work-united-states-exhibitions,,lcsh,650,1,Paper work -- United States -- Exhibitions
lcsh|papermaking-asia,,lcsh,650,1,Papermaking -- Asia
lcsh|papermaking-history,,lcsh,650,1,Papermaking -- History
lcsh|papermaking-mexico,,lcsh,650,1,Papermaking -- Mexico
lcsh|papermaking-physiological-aspects,,lcsh,650,1,Papermaking -- Physiological aspects
lcsh|papermaking-technique,,lcsh,650,1,Papermaking -- Technique
lcsh|paradise-in-art,,lcsh,650,1,Paradise in art
lcsh|parenting,,lcsh,650,1,Parenting
lcsh|parenting-pictorial-works,,lcsh,650,1,Parenting -- Pictorial works
lcsh|parents-of-transgender-children-family-relationships,,lcsh,650,1,Parents of transgender children -- Family relationships
lcsh|parking-lots-pictorial-works,,lcsh,650,1,Parking lots -- Pictorial works
lcsh|parks-georgia-atlanta,,lcsh,650,1,Parks -- Georgia -- Atlanta
lcsh|parodies,,lcsh,650,1,Parodies
lcsh|particles-nuclear-physics-in-art,,lcsh,650,1,Particles (Nuclear physics) in art
lcsh|parties-united-states-pictorial-works,,lcsh,650,1,Parties -- United States -- Pictorial works
lcsh|pasta-craft-specimens,,lcsh,650,1,Pasta craft -- Specimens
lcsh|pasta-products-specimens,,lcsh,650,1,Pasta products -- Specimens
lcsh|pathogenic-viruses-in-art,,lcsh,650,1,Pathogenic viruses -- In art
lcsh|pathologists,,lcsh,650,1,Pathologists
lcsh|patients,,lcsh,650,1,Patients
lcsh|patriotism-united-states,,lcsh,650,1,Patriotism -- United States
lcsh|pelicans-poetry,,lcsh,650,1,Pelicans -- Poetry
lcsh|peonies-pictorial-works,,lcsh,650,1,Peonies -- Pictorial works
lcsh|people-with-disabilities-in-art,,lcsh,650,1,People with disabilities in art
lcsh|people-with-disabilities-poetry,,lcsh,650,1,People with disabilities -- Poetry
lcsh|people-with-mental-disabilities-institutional-care-taiwan-pictorial-works,,lcsh,650,1,People with mental disabilities -- Institutional care -- Taiwan -- Pictorial works
lcsh|perception-catalogs,,lcsh,650,1,Perception -- Catalogs
lcsh|percussion-instruments-poetry,,lcsh,650,1,Percussion instruments -- Poetry
lcsh|performance-art-california-san-francisco-bay-area-catalogs,,lcsh,650,1,Performance art -- California -- San Francisco Bay Area -- Catalogs
lcsh|performance-art-canada,,lcsh,650,1,Performance art -- Canada
lcsh|performance-art-czech-republic,,lcsh,650,1,Performance art -- Czech Republic
lcsh|performance-art-england-london,,lcsh,650,1,Performance art -- England -- London
lcsh|performance-art-germany-berlin-exhibitions,,lcsh,650,1,Performance art -- Germany -- Berlin -- Exhibitions
lcsh|performance-art-new-york-state-new-york,,lcsh,650,1,Performance art -- New York (State) -- New York
lcsh|performance-art-new-york-state-new-york-exhibitions,,lcsh,650,1,Performance art -- New York (State) -- New York -- Exhibitions
lcsh|performance-art-united-states-21st-century,,lcsh,650,1,Performance art -- United States -- 21st century
lcsh|periodic-table-of-the-elements-pictorial-works,,lcsh,650,1,Periodic table of the elements -- Pictorial works
lcsh|persian-gulf-war-1991-art-and-the-war,,lcsh,650,1,"Persian Gulf War, 1991 -- Art and the war"
lcsh|persian-gulf-war-1991-veterans-united-states,,lcsh,650,1,"Persian Gulf War, 1991 -- Veterans -- United States"
lcsh|pets-anecdotes,,lcsh,650,1,Pets -- Anecdotes
lcsh|phenology,,lcsh,650,1,Phenology
lcsh|philosophy-ancient,,lcsh,650,1,"Philosophy, Ancient"
lcsh|photobooks-history,,lcsh,650,1,Photobooks -- History
lcsh|photobooks-japan,,lcsh,650,1,Photobooks -- Japan
lcsh|photocollage,,lcsh,650,1,Photocollage
lcsh|photocollage-exhibitions,,lcsh,650,1,Photocollage -- Exhibitions
lcsh|photocopying-in-art,,lcsh,650,1,Photocopying in art
lcsh|photographers,,lcsh,650,1,Photographers
lcsh|photographers-albania-biography-pictorial-works,,lcsh,650,1,Photographers -- Albania -- Biography -- Pictorial works
lcsh|photographers-belgium,,lcsh,650,1,Photographers -- Belgium
lcsh|photographers-interviews,,lcsh,650,1,Photographers -- Interviews
lcsh|photographers-israel-biography-pictorial-works,,lcsh,650,1,Photographers -- Israel -- Biography -- Pictorial works
lcsh|photographers-mali-portraits,,lcsh,650,1,Photographers -- Mali -- Portraits
lcsh|photographic-criticism,,lcsh,650,1,Photographic criticism
lcsh|photography,,lcsh,650,1,Photography
lcsh|photography-archival-resources,,lcsh,650,1,Photography -- Archival resources
lcsh|photography-argentina,,lcsh,650,1,Photography -- Argentina
lcsh|photography-artistic-21st-century-periodicals,,lcsh,650,1,"Photography, Artistic -- 21st century -- Periodicals"
lcsh|photography-artistic-quotations-maxims-etc,,lcsh,650,1,"Photography, Artistic -- Quotations, maxims, etc"
lcsh|photography-canada-21st-century,,lcsh,650,1,Photography -- Canada -- 21st century
lcsh|photography-canada-exhibitions,,lcsh,650,1,Photography -- Canada -- Exhibitions
lcsh|photography-close-up,,lcsh,650,1,"Photography, Close-up"
lcsh|photography-collectors-and-collecting,,lcsh,650,1,Photography -- Collectors and collecting
lcsh|photography-competitions-21st-century,,lcsh,650,1,Photography -- Competitions -- 21st century
lcsh|photography-england-exhibitions,,lcsh,650,1,Photography -- England -- Exhibitions
lcsh|photography-erotic-pictorial-works,,lcsh,650,1,"Photography, Erotic -- Pictorial works"
lcsh|photography-exposure,,lcsh,650,1,Photography -- Exposure
lcsh|photography-history,,lcsh,650,1,Photography -- History
lcsh|photography-history-and-criticism-21st-century,,lcsh,650,1,Photography -- History and criticism -- 21st century
lcsh|photography-industrial,,lcsh,650,1,"Photography, Industrial"
lcsh|photography-industrial-new-york-state,,lcsh,650,1,"Photography, Industrial -- New York (State)"
lcsh|photography-israel-catalogs,,lcsh,650,1,Photography -- Israel -- Catalogs
lcsh|photography-of-clouds,,lcsh,650,1,Photography of clouds
lcsh|photography-of-dogs-juvenile-literature,,lcsh,650,1,Photography of dogs -- Juvenile literature
lcsh|photography-of-gardens,,lcsh,650,1,Photography of gardens
lcsh|photography-of-insects,,lcsh,650,1,Photography of insects
lcsh|photography-of-interiors,,lcsh,650,1,Photography of interiors
lcsh|photography-of-painting,,lcsh,650,1,Photography of painting
lcsh|photography-of-rocks-exhibitions,,lcsh,650,1,Photography of rocks -- Exhibitions
lcsh|photography-of-the-nude-exhibitions,,lcsh,650,1,Photography of the nude -- Exhibitions
lcsh|photography-of-water,,lcsh,650,1,Photography of water
lcsh|photography-of-women,,lcsh,650,1,Photography of women
lcsh|photography-of-women-21st-century,,lcsh,650,1,Photography of women -- 21st century
lcsh|photography-of-women-europe,,lcsh,650,1,Photography of women -- Europe
lcsh|photography-of-women-france,,lcsh,650,1,Photography of women -- France
lcsh|photography-periodicals,,lcsh,650,1,Photography -- Periodicals
lcsh|photography-philosophy,,lcsh,650,1,Photography -- Philosophy
lcsh|photography-philosophy-21st-century,,lcsh,650,1,Photography -- Philosophy -- 21st century
lcsh|photography-poland-21st-century,,lcsh,650,1,Photography -- Poland -- 21st century
lcsh|photography-private-collections,,lcsh,650,1,Photography -- Private collections
lcsh|photography-processing-humor,,lcsh,650,1,Photography -- Processing -- Humor
lcsh|photography-table-top,,lcsh,650,1,"Photography, Table-top"
lcsh|photography-united-states-20th-century-exhibitions,,lcsh,650,1,Photography -- United States -- 20th Century -- Exhibitions
lcsh|photography-united-states-21st-century,,lcsh,650,1,Photography -- United States -- 21st century
lcsh|photography-united-states-21st-century-periodicals,,lcsh,650,1,Photography -- United States -- 21st century -- Periodicals
lcsh|photography-united-states-exhibitions,,lcsh,650,1,Photography -- United States -- Exhibitions
lcsh|photography-united-states-history-20th-century,,lcsh,650,1,Photography -- United States -- History -- 20th century
lcsh|photojournalism,,lcsh,650,1,Photojournalism
lcsh|photojournalism-albania-history-pictorial-works,,lcsh,650,1,Photojournalism -- Albania -- History -- Pictorial works
lcsh|photojournalism-china-history-pictorial-works,,lcsh,650,1,Photojournalism -- China -- History -- Pictorial works
lcsh|photojournalism-miscellanea,,lcsh,650,1,Photojournalism -- Miscellanea
lcsh|photojournalism-psychological-aspects,,lcsh,650,1,Photojournalism -- Psychological aspects
lcsh|photojournalists-england-diaries,,lcsh,650,1,Photojournalists -- England -- Diaries
lcsh|photojournalists-japan,,lcsh,650,1,Photojournalists -- Japan
lcsh|photojournalists-united-states-diaries,,lcsh,650,1,Photojournalists -- United States -- Diaries
lcsh|photomontage,,lcsh,650,1,Photomontage
lcsh|photomontage-specimens,,lcsh,650,1,Photomontage -- Specimens
lcsh|photomontage-united-states,,lcsh,650,1,Photomontage -- United States
lcsh|physics,,lcsh,650,1,Physics
lcsh|pidgin-english-social-aspects-hawaii,,lcsh,650,1,Pidgin English -- Social aspects -- Hawaii
lcsh|pies-in-art,,lcsh,650,1,Pies in art
lcsh|pies-miscellanea,,lcsh,650,1,Pies -- Miscellanea
lcsh|pit-bull-terriers,,lcsh,650,1,Pit bull terriers
lcsh|pit-bull-terriers-fiction,,lcsh,650,1,Pit bull terriers -- Fiction
lcsh|pitchers-pictorial-works,,lcsh,650,1,Pitchers -- Pictorial works
lcsh|pixies-drama,,lcsh,650,1,Pixies -- Drama
lcsh|pizza-in-art,,lcsh,650,1,Pizza in art
lcsh|plague-in-art,,lcsh,650,1,Plague in art
lcsh|planets-exploration,,lcsh,650,1,Planets -- Exploration
lcsh|plantation-life-georgia-saint-simons-island-island-history-19th-century,,lcsh,650,1,Plantation life -- Georgia -- Saint Simons Island (Island) -- History -- 19th century
lcsh|plants-mexico-pictorial-works,,lcsh,650,1,Plants -- Mexico -- Pictorial works
lcsh|play-united-states,,lcsh,650,1,Play -- United States
lcsh|playing-cards,,lcsh,650,1,Playing cards
lcsh|plays-on-words,,lcsh,650,1,Plays on words
lcsh|poetics,,lcsh,650,1,Poetics
lcsh|poetry-21st-century,,lcsh,650,1,Poetry -- 21st century
lcsh|poetry-modern-20th-century,,lcsh,650,1,"Poetry, Modern -- 20th century"
lcsh|poetry-modern-20th-century-translations-into-german,,lcsh,650,1,"Poetry, Modern -- 20th century -- Translations into German"
lcsh|poetry-modern-21st-century,,lcsh,650,1,"Poetry, Modern -- 21st century"
lcsh|poetry-modern-21st-century-translations-into-english,,lcsh,650,1,"Poetry, Modern -- 21st century -- Translations into English"
lcsh|poetry-modern-twentieth-century,,lcsh,650,1,"Poetry, Modern -- Twentieth Century"
lcsh|poets-poetry,,lcsh,650,1,Poets -- Poetry
lcsh|police-michigan-detroit-pictorial-works,,lcsh,650,1,Police -- Michigan -- Detroit -- Pictorial works
lcsh|police-shootings,,lcsh,650,1,Police shootings
lcsh|police-shootings-mexico-iguala-de-la-independencia,,lcsh,650,1,Police shootings -- Mexico -- Iguala de la Independencia
lcsh|political-activists-colombia-biography,,lcsh,650,1,Political activists -- Colombia -- Biography
lcsh|political-atrocities-united-states,,lcsh,650,1,Political atrocities -- United States
lcsh|political-corruption,,lcsh,650,1,Political corruption
lcsh|political-refugees-cambodia,,lcsh,650,1,Political refugees -- Cambodia
lcsh|politicians-canada-pictorial-works-exhibitions,,lcsh,650,1,Politicians -- Canada -- Pictorial works -- Exhibitions
lcsh|politicians-in-art-exhibitions,,lcsh,650,1,Politicians in art -- Exhibitions
lcsh|politics-in-art,,lcsh,650,1,Politics in art
lcsh|pollution-in-art,,lcsh,650,1,Pollution in art
lcsh|pop-art,,lcsh,650,1,Pop art
lcsh|pop-art-quotations-maxims-etc,,lcsh,650,1,"Pop art -- Quotations, maxims, etc"
lcsh|pop-up-books,,lcsh,650,1,Pop-up books
lcsh|pop-up-books-united-states-21st-century,,lcsh,650,1,Pop-up books -- United States -- 21st century
lcsh|popcorn-fiction,,lcsh,650,1,Popcorn -- Fiction
lcsh|popular-culture-pictorial-works,,lcsh,650,1,Popular culture -- Pictorial works
lcsh|popular-culture-south-america,,lcsh,650,1,Popular culture -- South America
lcsh|popular-music-periodicals,,lcsh,650,1,Popular music -- Periodicals
lcsh|popular-music-united-states-history-and-criticism,,lcsh,650,1,Popular music -- United States -- History and criticism
lcsh|portrait-drawing,,lcsh,650,1,Portrait drawing
lcsh|portrait-photography-china-beijing,,lcsh,650,1,Portrait photography -- China -- Beijing
lcsh|portrait-photography-exhibitions,,lcsh,650,1,Portrait photography -- Exhibitions
lcsh|portrait-photography-india,,lcsh,650,1,Portrait photography -- India
lcsh|portrait-photography-mali-exhibitions,,lcsh,650,1,Portrait photography -- Mali -- Exhibitions
lcsh|portrait-photography-south-africa,,lcsh,650,1,Portrait photography -- South Africa
lcsh|portrait-photography-wisconsin,,lcsh,650,1,Portrait photography -- Wisconsin
lcsh|portraits-20th-century,,lcsh,650,1,Portraits -- 20th century
lcsh|portraiture,,lcsh,650,1,Portraiture
lcsh|post-cards,,lcsh,650,1,Post cards
lcsh|postage-stamp-design,,lcsh,650,1,Postage stamp design
lcsh|postage-stamps-forgeries,,lcsh,650,1,Postage stamps -- Forgeries
lcsh|postage-stamps-topics-women,,lcsh,650,1,Postage stamps -- Topics -- Women
lcsh|postcards-collectors-and-collecting-periodicals,,lcsh,650,1,Postcards -- Collectors and collecting -- Periodicals
lcsh|postcards-england,,lcsh,650,1,Postcards -- England
lcsh|postcards-mexico-specimens,,lcsh,650,1,Postcards -- Mexico -- Specimens
lcsh|postcards-united-states,,lcsh,650,1,Postcards -- United States
lcsh|posters-20th-century,,lcsh,650,1,Posters -- 20th century
lcsh|postmodernism-literature-united-states,,lcsh,650,1,Postmodernism (Literature) -- United States
lcsh|poultry-industry-north-carolina,,lcsh,650,1,Poultry industry -- North Carolina
lcsh|prescribed-burning-pictorial-works,,lcsh,650,1,Prescribed burning -- Pictorial works
lcsh|prescribed-burning-united-states-pictorial-works,,lcsh,650,1,Prescribed burning -- United States -- Pictorial works
lcsh|presidential-candidates-united-states-exhibitions,,lcsh,650,1,Presidential candidates -- United States -- Exhibitions
lcsh|presidents-united-states-election-2012-exhibitions,,lcsh,650,1,Presidents -- United States -- Election -- 2012 -- Exhibitions
lcsh|presidents-united-states-portraits,,lcsh,650,1,Presidents -- United States -- Portraits
lcsh|presley-elvis-1935-1977-miscellanea,,lcsh,650,1,"Presley, Elvis, 1935-1977 -- Miscellanea"
lcsh|printed-ephemera-catalogs,,lcsh,650,1,Printed ephemera -- Catalogs
lcsh|printing-england-london-21st-century-specimens,,lcsh,650,1,Printing -- England -- London -- 21st century -- Specimens
lcsh|printing-history-20th-century,,lcsh,650,1,Printing -- History -- 20th century
lcsh|printing-history-20th-century-specimens,,lcsh,650,1,Printing -- History -- 20th century -- Specimens
lcsh|printing-in-art,,lcsh,650,1,Printing in art
lcsh|printing-technique-specimens,,lcsh,650,1,Printing -- Technique -- Specimens
lcsh|printing-united-states-history-21st-century,,lcsh,650,1,Printing -- United States -- History -- 21st century
lcsh|prints,,lcsh,650,1,Prints
lcsh|prints-cuban-21st-century,,lcsh,650,1,"Prints, Cuban -- 21st century"
lcsh|prints-english-20th-century,,lcsh,650,1,"Prints, English -- 20th century"
lcsh|prints-mexican-21st-century-specimens,,lcsh,650,1,"Prints, Mexican -- 21st century -- Specimens"
lcsh|prisoners-of-war-in-art,,lcsh,650,1,Prisoners of war in art
lcsh|prisoners-of-war-virginia-richmond-diaries,,lcsh,650,1,Prisoners of war -- Virginia -- Richmond -- Diaries
lcsh|prisons-italy-livorno-history,,lcsh,650,1,Prisons -- Italy -- Livorno -- History
lcsh|prohibited-books-united-states,,lcsh,650,1,Prohibited books -- United States
lcsh|prohibited-books-united-states-bibliography,,lcsh,650,1,Prohibited books -- United States -- Bibliography
lcsh|propaganda-capitalist-parodies-imitations-etc,,lcsh,650,1,"Propaganda, Capitalist -- Parodies, imitations, etc"
lcsh|propaganda-communist-pictorial-works,,lcsh,650,1,"Propaganda, Communist -- Pictorial works"
lcsh|proportion-anthropometry-in-art-exhibitions,,lcsh,650,1,Proportion (Anthropometry) in art -- Exhibitions
lcsh|prostitutes-europe-portraits,,lcsh,650,1,Prostitutes -- Europe -- Portraits
lcsh|protest-movements-united-states-history-21st-century,,lcsh,650,1,Protest movements -- United States -- History -- 21st century
lcsh|proverbs-yoruba,,lcsh,650,1,"Proverbs, Yoruba"
lcsh|psychiatric-hospitals-peru-pictorial-works,,lcsh,650,1,Psychiatric hospitals -- Peru -- Pictorial works
lcsh|psychic-readings-united-states,,lcsh,650,1,Psychic readings -- United States
lcsh|psychic-trauma-in-art,,lcsh,650,1,Psychic trauma in art
lcsh|psychoanalysis-and-art,,lcsh,650,1,Psychoanalysis and art
lcsh|psychological-child-abuse,,lcsh,650,1,Psychological child abuse
lcsh|public-art-france-rennes,,lcsh,650,1,Public art -- France -- Rennes
lcsh|public-art-germany-hamburg-exhibitions,,lcsh,650,1,Public art -- Germany -- Hamburg -- Exhibitions
lcsh|public-art-mexico-mexico-city,,lcsh,650,1,Public art -- Mexico -- Mexico City
lcsh|public-art-norway,,lcsh,650,1,Public art -- Norway
lcsh|public-housing-france-history-20th-century-pictorial-works,,lcsh,650,1,Public housing -- France -- History -- 20th century -- Pictorial works
lcsh|pulp-painting-specimens,,lcsh,650,1,Pulp painting -- Specimens
lcsh|pupae-pictorial-works,,lcsh,650,1,Pupae -- Pictorial works
lcsh|puppet-theater,,lcsh,650,1,Puppet theater
lcsh|puppet-theater-specimens,,lcsh,650,1,Puppet theater -- Specimens
lcsh|puppets,,lcsh,650,1,Puppets
lcsh|puppets-fiction,,lcsh,650,1,Puppets -- Fiction
lcsh|quechua-mythology-peru-huarochir-province,,lcsh,650,1,Quechua mythology -- Peru -- Huarochirí (Province)
lcsh|questioning,,lcsh,650,1,Questioning
lcsh|quilting-poetry,,lcsh,650,1,Quilting -- Poetry
lcsh|quotations,,lcsh,650,1,Quotations
lcsh|race-discrimination-washington-d-c,,lcsh,650,1,Race discrimination -- Washington (D.C.)
lcsh|race-in-art-catalogs,,lcsh,650,1,Race in art -- Catalogs
lcsh|race-riots-united-states-pictorial-works,,lcsh,650,1,Race riots -- United States -- Pictorial works
lcsh|racial-profiling-in-law-enforcement-united-states-pictorial-works,,lcsh,650,1,Racial profiling in law enforcement -- United States -- Pictorial works
lcsh|racism-economic-aspects-united-states-history-20th-century,,lcsh,650,1,Racism -- Economic aspects -- United States -- History -- 20th century
lcsh|racism-in-anthropology,,lcsh,650,1,Racism in anthropology
lcsh|racism-in-language,,lcsh,650,1,Racism in language
lcsh|racism-political-aspects,,lcsh,650,1,Racism -- Political aspects
lcsh|racism-united-states-anecdotes,,lcsh,650,1,Racism -- United States -- Anecdotes
lcsh|racism-united-states-case-studies,,lcsh,650,1,Racism -- United States -- Case studies
lcsh|racism-united-states-poetry,,lcsh,650,1,Racism -- United States -- Poetry
lcsh|radar-history-20th-century,,lcsh,650,1,Radar -- History -- 20th century
lcsh|radioactive-substances,,lcsh,650,1,Radioactive substances
lcsh|radioactivity,,lcsh,650,1,Radioactivity
lcsh|railroads-in-art,,lcsh,650,1,Railroads in art
lcsh|rain-and-rainfall-pictorial-works,,lcsh,650,1,Rain and rainfall -- Pictorial works
lcsh|rain-forests-costa-rica,,lcsh,650,1,Rain forests -- Costa Rica
lcsh|rainbow-in-art,,lcsh,650,1,Rainbow in art
lcsh|rap-music,,lcsh,650,1,Rap (Music)
lcsh|rape-victims-in-art,,lcsh,650,1,Rape victims in art
lcsh|rare-birds-north-america,,lcsh,650,1,Rare birds -- North America
lcsh|readers-primary-1950-1975-history-and-criticism,,lcsh,650,1,Readers (Primary) -- 1950-1975 -- History and criticism
lcsh|record-labels-specimens,,lcsh,650,1,Record labels -- Specimens
lcsh|recovering-alcoholics,,lcsh,650,1,Recovering alcoholics
lcsh|red-in-art-handbooks-manuals-etc,,lcsh,650,1,"Red in art -- Handbooks, manuals, etc"
lcsh|red-in-literature,,lcsh,650,1,Red in literature
lcsh|refrigerators-pictorial-works,,lcsh,650,1,Refrigerators -- Pictorial works
lcsh|refugees-iran-pictorial-works,,lcsh,650,1,Refugees -- Iran -- Pictorial works
lcsh|refugees-laos-biography,,lcsh,650,1,Refugees -- Laos -- Biography
lcsh|refugees-legal-status-laws-etc,,lcsh,650,1,"Refugees--Legal status, laws, etc"
lcsh|refugees-united-states-comic-books-strips-etc,,lcsh,650,1,"Refugees -- United States -- Comic books, strips, etc"
lcsh|refuse-and-refuse-disposal-pictorial-works,,lcsh,650,1,Refuse and refuse disposal -- Pictorial works
lcsh|regicides-drama,,lcsh,650,1,Regicides -- Drama
lcsh|relational-art-california-san-francisco,,lcsh,650,1,Relational art -- California -- San Francisco
lcsh|relief-printing-specimens,,lcsh,650,1,Relief printing -- Specimens
lcsh|relief-prints,,lcsh,650,1,Relief prints
lcsh|religion-in-art,,lcsh,650,1,Religion in art
lcsh|religious-right-pictorial-works,,lcsh,650,1,Religious right -- Pictorial works
lcsh|remote-sensing-images,,lcsh,650,1,Remote-sensing images
lcsh|reptiles-galapagos-islands,,lcsh,650,1,Reptiles -- Galapagos Islands
lcsh|restrooms-pictorial-works,,lcsh,650,1,Restrooms -- Pictorial works
lcsh|revenge-drama,,lcsh,650,1,Revenge -- Drama
lcsh|revolutionary-poetry-cuban,,lcsh,650,1,"Revolutionary poetry, Cuban"
lcsh|revolutions-mexico-pictorial-works,,lcsh,650,1,Revolutions -- Mexico -- Pictorial works
lcsh|revolutions-pictorial-works,,lcsh,650,1,Revolutions -- Pictorial works
lcsh|revolutions-puerto-rico-history-20th-century-comic-books-strips-etc,,lcsh,650,1,"Revolutions -- Puerto Rico -- History -- 20th century -- Comic books, strips, etc"
lcsh|rhythm-and-blues-music-pictorial-works,,lcsh,650,1,Rhythm and blues music -- Pictorial works
lcsh|rice-fiction,,lcsh,650,1,Rice -- Fiction
lcsh|rings-pictorial-works,,lcsh,650,1,Rings -- Pictorial works
lcsh|rings-religious-aspects,,lcsh,650,1,Rings -- Religious aspects
lcsh|river-travel,,lcsh,650,1,River travel
lcsh|rivers-pictorial-works,,lcsh,650,1,Rivers -- Pictorial works
lcsh|rivers-virginia-fairfax-county-pictorial-works,,lcsh,650,1,Rivers -- Virginia -- Fairfax County -- Pictorial works
lcsh|roadkill-pictorial-works,,lcsh,650,1,Roadkill -- Pictorial works
lcsh|roads-europe-surveying,,lcsh,650,1,Roads -- Europe -- Surveying
lcsh|roads-germany-pictorial-works,,lcsh,650,1,Roads -- Germany -- Pictorial works
lcsh|robots-juvenile-fiction,,lcsh,650,1,Robots -- Juvenile fiction
lcsh|rock-music-1981-1990,,lcsh,650,1,Rock music -- 1981-1990
lcsh|romance-fiction,,lcsh,650,1,Romance fiction
lcsh|rubber-bands,,lcsh,650,1,Rubber bands
lcsh|ruderal-plants-new-york-state-new-york,,lcsh,650,1,Ruderal plants -- New York (State) -- New York
lcsh|rugs-turkey-influence-exhibitions,,lcsh,650,1,Rugs -- Turkey -- Influence -- Exhibitions
lcsh|ruins-in-art,,lcsh,650,1,Ruins in art
lcsh|rural-schools-mexico-guerrero-state,,lcsh,650,1,Rural schools -- Mexico -- Guerrero (State)
lcsh|russian-poetry-20th-century-translations-into-spanish,,lcsh,650,1,Russian poetry -- 20th century -- Translations into Spanish
lcsh|russians-uzbekistan,,lcsh,650,1,Russians -- Uzbekistan
lcsh|saddle-stitching,,lcsh,650,1,Saddle stitching
lcsh|sadomasochism,,lcsh,650,1,Sadomasochism
lcsh|sadomasochism-pictorial-works,,lcsh,650,1,Sadomasochism -- Pictorial works
lcsh|sailing,,lcsh,650,1,Sailing
lcsh|sailing-miscellanea,,lcsh,650,1,Sailing -- Miscellanea
lcsh|sails-exhibitions,,lcsh,650,1,Sails -- Exhibitions
lcsh|sashes-clothing-colombia,,lcsh,650,1,Sashes (Clothing) -- Colombia
lcsh|scars-pictorial-works,,lcsh,650,1,Scars -- Pictorial works
lcsh|school-children-juvenile-fiction,,lcsh,650,1,School children -- Juvenile fiction
lcsh|school-integration-southern-states-history,,lcsh,650,1,School integration -- Southern States -- History
lcsh|science-fiction,,lcsh,650,1,Science fiction
lcsh|science-history-pictorial-works,,lcsh,650,1,Science -- History -- Pictorial works
lcsh|science-periodicals-juvenile-literature,,lcsh,650,1,Science -- Periodicals -- Juvenile literature
lcsh|scientists-comic-books-strips-etc,,lcsh,650,1,"Scientists -- Comic books, strips, etc"
lcsh|sculpture-modern-20th-century,,lcsh,650,1,"Sculpture, Modern -- 20th century"
lcsh|sculpture-modern-20th-century-venezuela,,lcsh,650,1,"Sculpture, Modern -- 20th century -- Venezuela"
lcsh|sea-monsters,,lcsh,650,1,Sea monsters
lcsh|seashore-pictorial-works,,lcsh,650,1,Seashore -- Pictorial works
lcsh|seasons-in-literature,,lcsh,650,1,Seasons in literature
lcsh|secrecy,,lcsh,650,1,Secrecy
lcsh|sedimentation-and-deposition-pictorial-works,,lcsh,650,1,Sedimentation and deposition -- Pictorial works
lcsh|self-actualization-psychology-in-women-poetry,,lcsh,650,1,Self-actualization (Psychology) in women -- Poetry
lcsh|self-portraits,,lcsh,650,1,Self-portraits
lcsh|self-portraits-american-exhibitions,,lcsh,650,1,"Self-portraits, American -- Exhibitions"
lcsh|self-portraits-caricatures-and-cartoons,,lcsh,650,1,Self-portraits -- Caricatures and cartoons
lcsh|self-preservation-drama,,lcsh,650,1,Self-preservation -- Drama
lcsh|separation-psychology-in-art,,lcsh,650,1,Separation (Psychology) in art
lcsh|september-11-terrorist-attacks-2001,,lcsh,650,1,"September 11 Terrorist Attacks, 2001"
lcsh|september-11-terrorist-attacks-2001-in-art,,lcsh,650,1,"September 11 Terrorist Attacks, 2001, in art"
lcsh|september-11-terrorist-attacks-2001-miscellanea,,lcsh,650,1,"September 11 Terrorist Attacks, 2001 -- Miscellanea"
lcsh|sepulchral-monuments-in-art,,lcsh,650,1,Sepulchral monuments in art
lcsh|serial-murders-drama,,lcsh,650,1,Serial murders -- Drama
lcsh|serigraphy-argentina,,lcsh,650,1,Serigraphy -- Argentina
lcsh|serigraphy-exhibitions,,lcsh,650,1,Serigraphy -- Exhibitions
lcsh|serpents-pictorial-works,,lcsh,650,1,Serpents -- Pictorial works
lcsh|service-stations-california-pictorial-works,,lcsh,650,1,Service stations -- California -- Pictorial works
lcsh|service-stations-germany-pictorial-works,,lcsh,650,1,Service stations -- Germany -- Pictorial works
lcsh|service-stations-united-states-pictorial-works,,lcsh,650,1,Service stations -- United States -- Pictorial works
lcsh|sewing-poetry,,lcsh,650,1,Sewing -- Poetry
lcsh|sex-customs-personal-narratives,,lcsh,650,1,Sex customs -- Personal narratives
lcsh|sex-discrimination-against-women,,lcsh,650,1,Sex discrimination against women
lcsh|sex-in-art,,lcsh,650,1,Sex in art
lcsh|sex-instruction-handbooks-manuals-etc,,lcsh,650,1,"Sex instruction -- Handbooks, manuals, etc"
lcsh|sexism-in-art,,lcsh,650,1,Sexism in art
lcsh|sexism-in-language,,lcsh,650,1,Sexism in language
lcsh|sexual-dominance-and-submission-pictorial-works,,lcsh,650,1,Sexual dominance and submission -- Pictorial works
lcsh|shades-and-shadows-pictorial-works,,lcsh,650,1,Shades and shadows -- Pictorial works
lcsh|shadow-puppets-specimens,,lcsh,650,1,Shadow puppets -- Specimens
lcsh|shadow-shows-specimens,,lcsh,650,1,Shadow shows -- Specimens
lcsh|shamans-new-mexico-fiction,,lcsh,650,1,Shamans -- New Mexico -- Fiction
lcsh|shapes,,lcsh,650,1,Shapes
lcsh|shapeshifting-pictorial-works,,lcsh,650,1,Shapeshifting -- Pictorial works
lcsh|shells-pictorial-works-040gse,,lcsh,650,1,Shells -- Pictorial works.040GSE
lcsh|shipping-italy-livorno-history,,lcsh,650,1,Shipping -- Italy -- Livorno -- History
lcsh|shipping-pictorial-works,,lcsh,650,1,Shipping -- Pictorial works
lcsh|shipwrecks-in-art,,lcsh,650,1,Shipwrecks in art
lcsh|shipwrecks-oregon,,lcsh,650,1,Shipwrecks -- Oregon
lcsh|shoes-in-art,,lcsh,650,1,Shoes in art
lcsh|shopping-carts-england-pictorial-works,,lcsh,650,1,Shopping carts -- England -- Pictorial works
lcsh|shopping-carts-great-britain-pictorial-works,,lcsh,650,1,Shopping carts -- Great Britain -- Pictorial works
lcsh|shopping-malls-england-pictorial-works,,lcsh,650,1,Shopping malls -- England -- Pictorial works
lcsh|shopping-malls-pictorial-works,,lcsh,650,1,Shopping malls -- Pictorial works
lcsh|short-stories,,lcsh,650,1,Short stories
lcsh|short-stories-mexican-20th-century,,lcsh,650,1,"Short stories, Mexican -- 20th century"
lcsh|sign-painting-philippines,,lcsh,650,1,Sign painting -- Philippines
lcsh|signals-and-signaling,,lcsh,650,1,Signals and signaling
lcsh|signals-and-signaling-in-art,,lcsh,650,1,Signals and signaling -- In art
lcsh|signs-and-signboards-lettering,,lcsh,650,1,Signs and signboards -- Lettering
lcsh|signs-and-signboards-pictorial-works,,lcsh,650,1,Signs and signboards -- Pictorial works
lcsh|sikhism-history,,lcsh,650,1,Sikhism -- History
lcsh|sikhism-pictorial-works,,lcsh,650,1,Sikhism -- Pictorial works
lcsh|silkscreen,,lcsh,650,1,Silkscreen
lcsh|sin-religious-aspects-catholic-church-humor,,lcsh,650,1,Sin -- Religious aspects -- Catholic Church -- Humor
lcsh|sisters-in-art,,lcsh,650,1,Sisters in art
lcsh|site-specific-installations-art-belgium,,lcsh,650,1,Site-specific installations (Art) -- Belgium
lcsh|sky-pictorial-works,,lcsh,650,1,Sky -- Pictorial works
lcsh|slave-labor-italy-history,,lcsh,650,1,Slave labor -- Italy -- History
lcsh|slave-trade-cuba-history-19th-century,,lcsh,650,1,Slave trade -- Cuba -- History -- 19th century
lcsh|slave-trade-history,,lcsh,650,1,Slave trade -- History
lcsh|slave-traders-correspondence,,lcsh,650,1,Slave traders -- Correspondence
lcsh|slavery-cuba-history-19th-century,,lcsh,650,1,Slavery -- Cuba -- History -- 19th century
lcsh|slavery-united-states-history-sources,,lcsh,650,1,Slavery -- United States -- History -- Sources
lcsh|slavery-west-indies-british,,lcsh,650,1,"Slavery -- West Indies, British"
lcsh|sleep-poetry,,lcsh,650,1,Sleep -- Poetry
lcsh|small-press-books-argentina-c-rdoba-specimens,,lcsh,650,1,Small press books -- Argentina -- Córdoba -- Specimens
lcsh|small-press-books-brazil-specimens,,lcsh,650,1,Small press books -- Brazil -- Specimens
lcsh|small-press-books-specimens,,lcsh,650,1,Small press books -- Specimens
lcsh|smoke-pictorial-works,,lcsh,650,1,Smoke -- Pictorial works
lcsh|smoking-fiction,,lcsh,650,1,Smoking -- Fiction
lcsh|snow,,lcsh,650,1,Snow
lcsh|soap-bubbles-in-art,,lcsh,650,1,Soap bubbles in art
lcsh|social-interaction-case-studies,,lcsh,650,1,Social interaction -- Case studies
lcsh|social-media-caricatures-and-cartoons,,lcsh,650,1,Social media -- Caricatures and cartoons
lcsh|social-media-pakistan-pictorial-works,,lcsh,650,1,Social media -- Pakistan -- Pictorial works
lcsh|social-media-political-aspects-united-states-exhibitions,,lcsh,650,1,Social media -- Political aspects -- United States -- Exhibitions
lcsh|social-movements-colombia-bogot,,lcsh,650,1,Social movements -- Colombia -- Bogotá
lcsh|social-movements-egypt-pictorial-works,,lcsh,650,1,Social movements -- Egypt -- Pictorial works
lcsh|social-perception-case-studies,,lcsh,650,1,Social perception -- Case studies
lcsh|socialism,,lcsh,650,1,Socialism
lcsh|socialism-colombia-bogot,,lcsh,650,1,Socialism -- Colombia -- Bogotá
lcsh|socialism-europe-periodicals,,lcsh,650,1,Socialism -- Europe -- Periodicals
lcsh|socialist-realism-in-art-russia-federation-exhibitions,,lcsh,650,1,Socialist realism in art -- Russia (Federation) -- Exhibitions
lcsh|sociology,,lcsh,650,1,Sociology
lcsh|solar-energy-in-art,,lcsh,650,1,Solar energy in art
lcsh|soldiers-monuments-belgium,,lcsh,650,1,Soldiers' monuments -- Belgium
lcsh|soldiers-monuments-belgium-neuville-en-condroz-pictorial-works,,lcsh,650,1,Soldiers' monuments -- Belgium -- Neuville-en-Condroz -- Pictorial works
lcsh|solitude-poetry,,lcsh,650,1,Solitude -- Poetry
lcsh|song-cycles,,lcsh,650,1,Song cycles
lcsh|songs,,lcsh,650,1,Songs
lcsh|songs-medium-voice-with-synthesizer,,lcsh,650,1,Songs (Medium voice) with synthesizer
lcsh|songs-with-piano,,lcsh,650,1,Songs with piano
lcsh|sonnets-american,,lcsh,650,1,"Sonnets, American"
lcsh|sound,,lcsh,650,1,Sound
lcsh|sound-art,,lcsh,650,1,Sound art
lcsh|sound-in-art,,lcsh,650,1,Sound in art
lcsh|sound-installations-art-exhibitions,,lcsh,650,1,Sound installations (Art) -- Exhibitions
lcsh|sound-sculpture-exhibitions,,lcsh,650,1,Sound sculpture -- Exhibitions
lcsh|sounds-washington-d-c,,lcsh,650,1,Sounds -- Washington (D.C.)
lcsh|south-asian-diaspora-periodicals,,lcsh,650,1,South Asian diaspora -- Periodicals
lcsh|south-asian-literature-periodicals,,lcsh,650,1,South Asian literature -- Periodicals
lcsh|south-asian-poetry-periodicals,,lcsh,650,1,South Asian poetry -- Periodicals
lcsh|south-asians-in-literature-periodicals,,lcsh,650,1,South Asians in literature -- Periodicals
lcsh|space-architecture,,lcsh,650,1,Space (Architecture)
lcsh|space-art,,lcsh,650,1,Space (Art)
lcsh|space-debris-catalogs,,lcsh,650,1,Space debris -- Catalogs
lcsh|space-debris-pictorial-works,,lcsh,650,1,Space debris -- Pictorial works
lcsh|space-flight-to-the-moon-pictorial-works,,lcsh,650,1,Space flight to the moon -- Pictorial works
lcsh|space-photography-united-states,,lcsh,650,1,Space photography -- United States
lcsh|spaniards-pictorial-works,,lcsh,650,1,Spaniards -- Pictorial works
lcsh|spaniards-portraits,,lcsh,650,1,Spaniards -- Portraits
lcsh|spanish-language-grammar,,lcsh,650,1,Spanish language -- Grammar
lcsh|spanish-literature,,lcsh,650,1,Spanish literature
lcsh|spanish-poetry-cuba,,lcsh,650,1,Spanish poetry -- Cuba
lcsh|spanish-poetry-mexico,,lcsh,650,1,Spanish poetry -- Mexico
lcsh|spices,,lcsh,650,1,Spices
lcsh|spices-literary-collections,,lcsh,650,1,Spices -- Literary collections
lcsh|spices-poetry,,lcsh,650,1,Spices -- Poetry
lcsh|spirituality-poetry,,lcsh,650,1,Spirituality -- Poetry
lcsh|spontaneous-generation-in-art,,lcsh,650,1,Spontaneous generation in art
lcsh|st-pas-exhibitions,,lcsh,650,1,Stūpas -- Exhibitions
lcsh|stad,,lcsh,650,1,stad
lcsh|stalin-joseph-1879-1953,,lcsh,650,1,"Stalin, Joseph, 1879-1953"
lcsh|stars-pictorial-works,,lcsh,650,1,Stars -- Pictorial works
lcsh|stars-poetry,,lcsh,650,1,Stars -- Poetry
lcsh|state-sponsored-terrorism-mexico-guerrero-state-21st-century,,lcsh,650,1,State-sponsored terrorism -- Mexico -- Guerrero (State) -- 21st century
lcsh|statesmen-biography,,lcsh,650,1,Statesmen -- Biography
lcsh|steampunk-culture-illustrations,,lcsh,650,1,Steampunk culture -- Illustrations
lcsh|stereoscopic-views-pictorial-works,,lcsh,650,1,Stereoscopic views -- Pictorial works
lcsh|stereotypes-social-psychology-in-art,,lcsh,650,1,Stereotypes (Social psychology) in art
lcsh|stochastic-systems,,lcsh,650,1,Stochastic systems
lcsh|storefronts-united-states-pictorial-works,,lcsh,650,1,Storefronts -- United States -- Pictorial works
lcsh|stores-retail-england-pictorial-works,,lcsh,650,1,"Stores, Retail -- England -- Pictorial works"
lcsh|stories-in-rhyme-juvenile-literature,,lcsh,650,1,Stories in rhyme -- Juvenile literature
lcsh|storytelling,,lcsh,650,1,Storytelling
lcsh|storytelling-in-art,,lcsh,650,1,Storytelling in art
lcsh|street-art-california-los-angeles,,lcsh,650,1,Street art -- California -- Los Angeles
lcsh|street-photography-egypt-cairo,,lcsh,650,1,Street photography -- Egypt -- Cairo
lcsh|streets-brazil-s-o-paulo,,lcsh,650,1,Streets -- Brazil -- São Paulo
lcsh|streets-comic-books-strips-etc,,lcsh,650,1,"Streets -- Comic books, strips, etc"
lcsh|streets-in-art,,lcsh,650,1,Streets in art
lcsh|string-figures-philosophy,,lcsh,650,1,String figures -- Philosophy
lcsh|striptease-in-art,,lcsh,650,1,Striptease in art
lcsh|structuralism,,lcsh,650,1,Structuralism
lcsh|students-political-activity-mexico-guerrero-state-21st-century,,lcsh,650,1,Students -- Political activity -- Mexico -- Guerrero (State) -- 21st century
lcsh|subjectivity,,lcsh,650,1,Subjectivity
lcsh|suburban-life-california-pictorial-works,,lcsh,650,1,Suburban life -- California -- Pictorial works
lcsh|suburbs-virginia-fairfax-county-pictorial-works,,lcsh,650,1,Suburbs -- Virginia -- Fairfax County -- Pictorial works
lcsh|success,,lcsh,650,1,Success
lcsh|suicide-bombers,,lcsh,650,1,Suicide bombers
lcsh|sundials-greece-athens,,lcsh,650,1,Sundials -- Greece -- Athens
lcsh|sunflowers-pictorial-works,,lcsh,650,1,Sunflowers -- Pictorial works
lcsh|sunprinting-photography-specimens,,lcsh,650,1,Sunprinting (Photography) -- Specimens
lcsh|suprematism-in-art,,lcsh,650,1,Suprematism in art
lcsh|surrealism-england,,lcsh,650,1,Surrealism -- England
lcsh|surrealism-united-states,,lcsh,650,1,Surrealism -- United States
lcsh|swallows-in-art,,lcsh,650,1,Swallows in art
lcsh|symbolism-in-art-philosophy,,lcsh,650,1,Symbolism in art -- Philosophy
lcsh|talismans,,lcsh,650,1,Talismans
lcsh|talismans-specimens,,lcsh,650,1,Talismans -- Specimens
lcsh|tamil-indic-people-housing-pictorial-works,,lcsh,650,1,Tamil (Indic people) -- Housing -- Pictorial works
lcsh|tampons-in-art,,lcsh,650,1,Tampons in art
lcsh|tango-dance-caricatures-and-cartoons,,lcsh,650,1,Tango (Dance) -- Caricatures and cartoons
lcsh|tanks-military-science-miscellanea,,lcsh,650,1,Tanks (Military science) -- Miscellanea
lcsh|taoism-poetry,,lcsh,650,1,Taoism -- Poetry
lcsh|targets-shooting-pictorial-works,,lcsh,650,1,Targets (Shooting) -- Pictorial works
lcsh|tarot-mexico,,lcsh,650,1,Tarot -- Mexico
lcsh|tattoo-artists-california-los-angeles,,lcsh,650,1,Tattoo artists -- California -- Los Angeles
lcsh|tax-returns-in-art,,lcsh,650,1,Tax returns in art
lcsh|taxation-in-art,,lcsh,650,1,Taxation in art
lcsh|taxicabs-mali-pictorial-works,,lcsh,650,1,Taxicabs -- Mali -- Pictorial works
lcsh|tea-pictorial-works,,lcsh,650,1,Tea -- Pictorial works
lcsh|teachers,,lcsh,650,1,Teachers
lcsh|teaching-handbooks-manuals-etc,,lcsh,650,1,"Teaching -- Handbooks, manuals, etc"
lcsh|teapots-pictorial-works,,lcsh,650,1,Teapots -- Pictorial works
lcsh|technological-innovations-social-aspects-united-states,,lcsh,650,1,Technological innovations -- Social aspects -- United States
lcsh|technology-and-the-arts,,lcsh,650,1,Technology and the arts
lcsh|teenage-girls-crimes-against-italy-naples-pictorial-works,,lcsh,650,1,Teenage girls -- Crimes against -- Italy -- Naples -- Pictorial works
lcsh|teenage-girls-italy-naples-social-conditions-pictorial-works,,lcsh,650,1,Teenage girls -- Italy -- Naples -- Social conditions -- Pictorial works
lcsh|teeth-eruption-pictorial-works,,lcsh,650,1,Teeth -- Eruption -- Pictorial works
lcsh|television-broadcasting,,lcsh,650,1,Television broadcasting
lcsh|television-broadcasting-michigan-detroit,,lcsh,650,1,Television broadcasting -- Michigan -- Detroit
lcsh|television-programs-excerpts,,lcsh,650,1,Television programs -- Excerpts
lcsh|tenors-singers-great-britain-biography,,lcsh,650,1,Tenors (Singers) -- Great Britain -- Biography
lcsh|terrorists-germany-fiction,,lcsh,650,1,Terrorists -- Germany -- Fiction
lcsh|textile-artists-united-states-biography,,lcsh,650,1,Textile artists -- United States -- Biography
lcsh|textile-artists-united-states-exhibitions,,lcsh,650,1,Textile artists -- United States -- Exhibitions
lcsh|textile-fabrics,,lcsh,650,1,Textile fabrics
lcsh|textile-fabrics-in-art,,lcsh,650,1,Textile fabrics in art
lcsh|textile-fabrics-specimens,,lcsh,650,1,Textile fabrics -- Specimens
lcsh|theater-political-aspects-periodicals,,lcsh,650,1,Theater -- Political aspects -- Periodicals
lcsh|theft,,lcsh,650,1,Theft
lcsh|tigers-in-art,,lcsh,650,1,Tigers in art
lcsh|time-capsules-rhode-island-providence,,lcsh,650,1,Time capsules -- Rhode Island -- Providence
lcsh|time-quotations-maxims-etc,,lcsh,650,1,"Time -- Quotations, maxims, etc"
lcsh|tintin-fictitious-character,,lcsh,650,1,Tintin (Fictitious character)
lcsh|tintype-specimens,,lcsh,650,1,Tintype -- Specimens
lcsh|topiary-work-pictorial-works,,lcsh,650,1,Topiary work -- Pictorial works
lcsh|tornadoes-alabama-in-art,,lcsh,650,1,Tornadoes -- Alabama -- In art
lcsh|torture,,lcsh,650,1,Torture
lcsh|torture-in-art,,lcsh,650,1,Torture in art
lcsh|totems-specimens,,lcsh,650,1,Totems -- Specimens
lcsh|towers-in-art,,lcsh,650,1,Towers in art
lcsh|toy-and-movable-books-design,,lcsh,650,1,Toy and movable books -- Design
lcsh|toy-and-movable-books-exhibitions,,lcsh,650,1,Toy and movable books -- Exhibitions
lcsh|toy-and-movable-books-maine-exhibitions,,lcsh,650,1,Toy and movable books -- Maine -- Exhibitions
lcsh|toy-and-movable-books-united-states-21st-century,,lcsh,650,1,Toy and movable books -- United States -- 21st century
lcsh|toy-and-moveable-books,,lcsh,650,1,Toy and moveable books
lcsh|toy-and-moveable-books-specimens,,lcsh,650,1,Toy and moveable books -- Specimens
lcsh|toys,,lcsh,650,1,Toys
lcsh|trans-people,,lcsh,650,1,Trans people
lcsh|transgender-people-cuba-havana-portraits,,lcsh,650,1,Transgender people -- Cuba -- Havana -- Portraits
lcsh|transgender-people-cuba-portraits,,lcsh,650,1,Transgender people -- Cuba -- Portraits
lcsh|transgender-people-family-relationships,,lcsh,650,1,Transgender people -- Family relationships
lcsh|transgender-people-medical-care-united-states,,lcsh,650,1,Transgender people -- Medical care -- United States
lcsh|transgender-women-united-states-biography,,lcsh,650,1,Transgender women -- United States -- Biography
lcsh|transportation-accidents-que-bec-province-montre-al,,lcsh,650,1,Transportation accidents -- Québec (Province) -- Montréal
lcsh|transsexuals-cuba-havana-portraits,,lcsh,650,1,Transsexuals -- Cuba -- Havana -- Portraits
lcsh|travelers-writings-british,,lcsh,650,1,"Travelers' writings, British"
lcsh|trees-in-literature,,lcsh,650,1,Trees in literature
lcsh|trees-pictorial-works,,lcsh,650,1,Trees -- Pictorial works
lcsh|trees-turkey-istanbul-pictorial-works,,lcsh,650,1,Trees -- Turkey -- Istanbul -- Pictorial works
lcsh|trials-witchcraft-massachusetts-salem-poetry,,lcsh,650,1,Trials (Witchcraft) -- Massachusetts -- Salem -- Poetry
lcsh|triangle,,lcsh,650,1,Triangle
lcsh|triangles-interpersonal-relations,,lcsh,650,1,Triangles (Interpersonal relations)
lcsh|tulip-mania-1634-1637,,lcsh,650,1,"Tulip Mania, 1634-1637"
lcsh|turtles-folklore,,lcsh,650,1,Turtles -- Folklore
lcsh|twentieth-century-pictorial-works,,lcsh,650,1,Twentieth century -- Pictorial works
lcsh|type-and-type-founding,,lcsh,650,1,Type and type-founding
lcsh|type-and-type-founding-in-art-pictorial-works,,lcsh,650,1,Type and type-founding in art -- Pictorial works
lcsh|typewriter-art,,lcsh,650,1,Typewriter art
lcsh|uighur-turkic-people-china-xinjiang-uygur-zizhiqu-pictorial-works,,lcsh,650,1,Uighur (Turkic people) -- China -- Xinjiang Uygur Zizhiqu -- Pictorial works
lcsh|ukulele-history,,lcsh,650,1,Ukulele -- History
lcsh|ultraviolet-radiation,,lcsh,650,1,Ultraviolet radiation
lcsh|underground-press-publications-united-states-exhibitions,,lcsh,650,1,Underground press publications -- United States -- Exhibitions
lcsh|unemployed-drama,,lcsh,650,1,Unemployed -- Drama
lcsh|united-states-foreign-relations-20th-century-pictorial-works,,lcsh,650,1,United States -- Foreign relations -- 20th century -- Pictorial works
lcsh|upside-down-books-specimens,,lcsh,650,1,Upside-down books -- Specimens
lcsh|uruguayan-poetry-21st-century,,lcsh,650,1,Uruguayan poetry -- 21st century
lcsh|vagina-poetry,,lcsh,650,1,Vagina -- Poetry
lcsh|vegetarianism-humor,,lcsh,650,1,Vegetarianism -- Humor
lcsh|vernacular-architecture-california-los-angeles-metropolitan-area-pictorial-works,,lcsh,650,1,Vernacular architecture -- California -- Los Angeles Metropolitan Area -- Pictorial works
lcsh|vernacular-architecture-united-states-pictorial-works,,lcsh,650,1,Vernacular architecture -- United States -- Pictorial works
lcsh|veterans-united-states-21st-century,,lcsh,650,1,Veterans -- United States -- 21st century
lcsh|veterans-united-states-biography-portraits,,lcsh,650,1,Veterans -- United States -- Biography -- Portraits
lcsh|victims-in-literature,,lcsh,650,1,Victims in literature
lcsh|victims-of-state-sponsored-terrorism-mexico-guerrero-state-21st-century,,lcsh,650,1,Victims of state-sponsored terrorism -- Mexico -- Guerrero (State) -- 21st century
lcsh|victims-of-terrorism-new-york-state-new-york-pictorial-works,,lcsh,650,1,Victims of terrorism -- New York (State) -- New York -- Pictorial works
lcsh|video-art-canada,,lcsh,650,1,Video art -- Canada
lcsh|video-art-england-kent,,lcsh,650,1,Video art -- England -- Kent
lcsh|video-art-israel-exhibitions,,lcsh,650,1,Video art -- Israel -- Exhibitions
lcsh|video-art-themes-motives,,lcsh,650,1,"Video art -- Themes, motives"
lcsh|video-tapes-in-education,,lcsh,650,1,Video tapes in education
lcsh|violence-america-history,,lcsh,650,1,Violence -- America -- History
lcsh|violence-in-art,,lcsh,650,1,Violence in art
lcsh|violence-in-art-united-states,,lcsh,650,1,Violence in art -- United States
lcsh|violence-in-literature,,lcsh,650,1,Violence in literature
lcsh|virus-diseases-in-art,,lcsh,650,1,Virus diseases -- In art
lcsh|visual-literacy,,lcsh,650,1,Visual literacy
lcsh|visual-perception,,lcsh,650,1,Visual perception
lcsh|visual-poetry-english,,lcsh,650,1,"Visual poetry, English"
lcsh|visual-poetry-french-translations-into-english,,lcsh,650,1,"Visual poetry, French -- Translations into English"
lcsh|visual-poetry-polish,,lcsh,650,1,"Visual poetry, Polish"
lcsh|vitreous-body,,lcsh,650,1,Vitreous body
lcsh|vocabulary,,lcsh,650,1,Vocabulary
lcsh|vocal-ensembles,,lcsh,650,1,Vocal ensembles
lcsh|vocational-guidance-humor,,lcsh,650,1,Vocational guidance -- Humor
lcsh|vodou-haiti-poetry,,lcsh,650,1,Vodou -- Haiti -- Poetry
lcsh|vodou-in-art-specimens,,lcsh,650,1,Vodou in art -- Specimens
lcsh|volvelles-specimens,,lcsh,650,1,Volvelles -- Specimens
lcsh|vowels-poetry,,lcsh,650,1,Vowels -- Poetry
lcsh|voyages-and-travels-fiction,,lcsh,650,1,Voyages and travels -- Fiction
lcsh|voyages-and-travels-pictorial-works,,lcsh,650,1,Voyages and travels -- Pictorial works
lcsh|voyeurism-in-art,,lcsh,650,1,Voyeurism in art
lcsh|vulnerability-personality-trait,,lcsh,650,1,Vulnerability (Personality trait)
lcsh|waitresses,,lcsh,650,1,Waitresses
lcsh|waitresses-in-art,,lcsh,650,1,Waitresses in art
lcsh|waitresses-miscellanea,,lcsh,650,1,Waitresses -- Miscellanea
lcsh|wakefulness-in-literature,,lcsh,650,1,Wakefulness in literature
lcsh|walking-in-art-exhibitions,,lcsh,650,1,Walking in art -- Exhibitions
lcsh|walking-new-york-state-new-york,,lcsh,650,1,Walking -- New York (State) -- New York
lcsh|walking-pictorial-works,,lcsh,650,1,Walking -- Pictorial works
lcsh|wallets-specimens,,lcsh,650,1,Wallets -- Specimens
lcsh|war,,lcsh,650,1,War
lcsh|war-memorials-pictorial-works,,lcsh,650,1,War memorials -- Pictorial works
lcsh|war-on-terrorism-2001-2009-art-and-the-war,,lcsh,650,1,"War on Terrorism, 2001-2009 -- Art and the war"
lcsh|war-on-terrorism-2001-2009-comic-books-strips-etc,,lcsh,650,1,"War on Terrorism, 2001-2009 -- Comic books, strips, etc"
lcsh|war-on-terrorism-2001-2009-humor,,lcsh,650,1,"War on Terrorism, 2001-2009 -- Humor"
lcsh|war-photography,,lcsh,650,1,War photography
lcsh|war-photography-northern-ireland,,lcsh,650,1,War photography -- Northern Ireland
lcsh|war-victims,,lcsh,650,1,War victims
lcsh|water-clocks-greece-athens,,lcsh,650,1,Water clocks -- Greece -- Athens
lcsh|water-conservation,,lcsh,650,1,Water conservation
lcsh|watercolor-painting,,lcsh,650,1,Watercolor painting
lcsh|watercolor-painting-specimens,,lcsh,650,1,Watercolor painting -- Specimens
lcsh|watergate-affair-1972-1974,,lcsh,650,1,"Watergate Affair, 1972-1974"
lcsh|watersheds-united-states-maps,,lcsh,650,1,Watersheds -- United States -- Maps
lcsh|watts-riot-los-angeles-calif-1965-pictorial-works,,lcsh,650,1,"Watts Riot, Los Angeles, Calif., 1965 -- Pictorial works"
lcsh|weather,,lcsh,650,1,Weather
lcsh|web-search-engines-research,,lcsh,650,1,Web search engines -- Research
lcsh|web-search-engines-social-aspects,,lcsh,650,1,Web search engines -- Social aspects
lcsh|web-sites-in-art-periodicals,,lcsh,650,1,Web sites in art -- Periodicals
lcsh|wedding-photography,,lcsh,650,1,Wedding photography
lcsh|weddings,,lcsh,650,1,Weddings
lcsh|weimaraner-dog-breed-pictorial-works-juvenile-literature,,lcsh,650,1,Weimaraner (Dog breed) -- Pictorial works -- Juvenile literature
lcsh|west-african-alphabet,,lcsh,650,1,West African alphabet
lcsh|west-u-s-in-art,,lcsh,650,1,West (U.S.) -- In art
lcsh|wild-flowers-in-art-exhibitions,,lcsh,650,1,Wild flowers in art -- Exhibitions
lcsh|windows-korea-pictorial-works,,lcsh,650,1,Windows -- Korea -- Pictorial works
lcsh|wit-and-humor,,lcsh,650,1,Wit and humor
lcsh|wit-and-humor-juvenile,,lcsh,650,1,"Wit and humor, Juvenile"
lcsh|wit-and-humor-pictorial,,lcsh,650,1,"Wit and humor, Pictorial"
lcsh|wit-and-humor-pictorial-periodicals,,lcsh,650,1,"Wit and humor, Pictorial -- Periodicals"
lcsh|witchcraft-massachusetts-salem-poetry,,lcsh,650,1,Witchcraft -- Massachusetts -- Salem -- Poetry
lcsh|women-and-literature-ireland-history-20th-century,,lcsh,650,1,Women and literature -- Ireland -- History -- 20th century
lcsh|women-and-literature-united-states,,lcsh,650,1,Women and literature -- United States
lcsh|women-and-psychoanalysis-case-studies,,lcsh,650,1,Women and psychoanalysis -- Case studies
lcsh|women-and-religion,,lcsh,650,1,Women and religion
lcsh|women-and-war-congo-democratic-republic-nord-kivu,,lcsh,650,1,Women and war -- Congo (Democratic Republic) -- Nord-Kivu
lcsh|women-artists-exhibitions,,lcsh,650,1,Women artists -- Exhibitions
lcsh|women-artists-france-20th-century-exhibitions,,lcsh,650,1,Women artists -- France -- 20th century -- Exhibitions
lcsh|women-artists-periodicals,,lcsh,650,1,Women artists -- Periodicals
lcsh|women-artists-united-states-21st-century-pictorial-works,,lcsh,650,1,Women artists -- United States -- 21st century -- Pictorial works
lcsh|women-artists-united-states-catalogs,,lcsh,650,1,Women artists -- United States -- Catalogs
lcsh|women-black-brazil-social-conditions-poetry,,lcsh,650,1,"Women, Black -- Brazil -- Social conditions -- Poetry"
lcsh|women-black-portraits,,lcsh,650,1,"Women, Black -- Portraits"
lcsh|women-china-language,,lcsh,650,1,Women -- China -- Language
lcsh|women-czech-republic-biography,,lcsh,650,1,Women -- Czech Republic -- Biography
lcsh|women-czech-republic-pictorial-works,,lcsh,650,1,Women -- Czech Republic -- Pictorial works
lcsh|women-czech-republic-social-conditions,,lcsh,650,1,Women -- Czech Republic -- Social conditions
lcsh|women-detectives-fiction,,lcsh,650,1,Women detectives -- Fiction
lcsh|women-health-and-hygiene-congo-democratic-republic-nord-kivu,,lcsh,650,1,Women -- Health and hygiene -- Congo (Democratic Republic) -- Nord-Kivu
lcsh|women-hungary-history-middle-ages-500-1500,,lcsh,650,1,"Women -- Hungary -- History -- Middle Ages, 500-1500"
lcsh|women-in-art-exhibitions,,lcsh,650,1,Women in art -- Exhibitions
lcsh|women-in-popular-culture-united-states,,lcsh,650,1,Women in popular culture -- United States
lcsh|women-in-the-bible-poetry,,lcsh,650,1,Women in the Bible -- Poetry
lcsh|women-in-the-book-industries-and-trade,,lcsh,650,1,Women in the book industries and trade
lcsh|women-in-the-professions-france-portraits,,lcsh,650,1,Women in the professions -- France -- Portraits
lcsh|women-latin-america-economic-conditions-pictorial-works,,lcsh,650,1,Women -- Latin America -- Economic conditions -- Pictorial works
lcsh|women-latin-america-social-conditions-pictorial-works,,lcsh,650,1,Women -- Latin America -- Social conditions -- Pictorial works
lcsh|women-painters-poetry,,lcsh,650,1,Women painters -- Poetry
lcsh|women-photographers-21st-century,,lcsh,650,1,Women photographers -- 21st century
lcsh|women-photographers-india,,lcsh,650,1,Women photographers -- India
lcsh|women-poetry,,lcsh,650,1,Women -- Poetry
lcsh|women-printers,,lcsh,650,1,Women printers
lcsh|women-rock-musicians-fiction,,lcsh,650,1,Women rock musicians -- Fiction
lcsh|women-s-health-services-congo-democratic-republic-nord-kivu,,lcsh,650,1,Women's health services -- Congo (Democratic Republic) -- Nord-Kivu
lcsh|women-saints-in-art,,lcsh,650,1,Women saints in art
lcsh|women-shamans-mexico-chiapas,,lcsh,650,1,Women shamans -- Mexico -- Chiapas
lcsh|women-southern-states-poetry,,lcsh,650,1,Women -- Southern States -- Poetry
lcsh|women-suffrage-united-states,,lcsh,650,1,Women -- Suffrage -- United States
lcsh|wood-engraving,,lcsh,650,1,Wood-engraving
lcsh|wood-engraving-20th-century-specimens,,lcsh,650,1,Wood-engraving -- 20th century -- Specimens
lcsh|wood-engraving-21st-century,,lcsh,650,1,Wood-engraving -- 21st century
lcsh|wood-engraving-japanese,,lcsh,650,1,"Wood-engraving, Japanese"
lcsh|wood-engraving-tibetan-printing,,lcsh,650,1,"Wood-engraving, Tibetan -- Printing"
lcsh|word-games,,lcsh,650,1,Word games
lcsh|work-in-art,,lcsh,650,1,Work in art
lcsh|working-class-families-england-oxfordshire,,lcsh,650,1,Working class families -- England -- Oxfordshire
lcsh|working-class-libraries-south-africa,,lcsh,650,1,Working class libraries -- South Africa
lcsh|world-history-juvenile-literature,,lcsh,650,1,World history -- Juvenile literature
lcsh|world-history-pictorial-works-juvenile-literature,,lcsh,650,1,World history -- Pictorial works -- Juvenile literature
lcsh|world-music-discography-periodicals,,lcsh,650,1,World music -- Discography -- Periodicals
lcsh|world-music-history-and-criticism-periodicals,,lcsh,650,1,World music -- History and criticism -- Periodicals
lcsh|world-music-periodicals,,lcsh,650,1,World music -- Periodicals
lcsh|world-war-1939-1945-concentration-camps,,lcsh,650,1,"World War, 1939-1945 -- Concentration camps"
lcsh|world-war-1939-1945-concentration-camps-personal-narratives-czechoslovakian,,lcsh,650,1,"World War, 1939-1945 -- Concentration camps -- Personal narratives, Czechoslovakian"
lcsh|world-war-1939-1945-japan-hiroshima-shi-art-and-the-war,,lcsh,650,1,"World War, 1939-1945 -- Japan -- Hiroshima-shi -- Art and the war"
lcsh|world-war-1939-1945-monuments-belgium-neuville-en-condroz-pictorial-works,,lcsh,650,1,"World War, 1939-1945 -- Monuments -- Belgium -- Neuville-en-Condroz -- Pictorial works"
lcsh|world-war-1939-1945-personal-narratives,,lcsh,650,1,"World War, 1939-1945 -- Personal narratives"
lcsh|world-war-1939-1945-personal-narratives-czechoslovakian,,lcsh,650,1,"World War, 1939-1945 -- Personal narratives, Czechoslovakian"
lcsh|world-war-1939-1945-pictorial-works,,lcsh,650,1,"World War, 1939-1945 -- Pictorial works"
lcsh|world-war-1939-1945-veterans-united-states,,lcsh,650,1,"World War, 1939-1945 -- Veterans -- United States"
lcsh|writing,,lcsh,650,1,Writing
lcsh|writing-invisible,,lcsh,650,1,"Writing, Invisible"
lcsh|written-communication,,lcsh,650,1,Written communication
lcsh|yaqui-indians-folklore,,lcsh,650,1,Yaqui Indians -- Folklore
lcsh|yiddish-poetry,,lcsh,650,1,Yiddish poetry
lcsh|yiddish-poetry-translations-into-english,,lcsh,650,1,Yiddish poetry -- Translations into English
lcsh|young-adults-egypt-political-activity-pictorial-works,,lcsh,650,1,Young adults -- Egypt -- Political activity -- Pictorial works
lcsh|young-adults-egypt-social-conditions-pictorial-works,,lcsh,650,1,Young adults -- Egypt -- Social conditions -- Pictorial works
lcsh|young-women-crimes-against-italy-naples-pictorial-works,,lcsh,650,1,Young women -- Crimes against -- Italy -- Naples -- Pictorial works
lcsh|young-women-italy-naples-social-conditions-pictorial-works,,lcsh,650,1,Young women -- Italy -- Naples -- Social conditions -- Pictorial works
lcsh|young-women-united-states-fiction,,lcsh,650,1,Young women -- United States -- Fiction
lcsh|youth-great-britain,,lcsh,650,1,Youth -- Great Britain
lcsh|zapotec-language-glossaries-vocabularies-etc,,lcsh,650,1,"Zapotec language -- Glossaries, vocabularies, etc"
lcsh|zeichnung,,lcsh,650,1,Zeichnung
lcsh|zen-buddhism,,lcsh,650,1,Zen Buddhism
lcsh|zen-poetry-english,,lcsh,650,1,"Zen poetry, English"
lcsh|zines-argentina-21st-century-specimens,,lcsh,650,1,Zines -- Argentina -- 21st century -- Specimens
lcsh|zines-california-san-francisco,,lcsh,650,1,Zines -- California -- San Francisco
lcsh|zines-peru-21st-century-specimens,,lcsh,650,1,Zines -- Peru -- 21st century -- Specimens
lcsh|zines-pictorial-works,,lcsh,650,1,Zines -- Pictorial works
lcsh|zoos-poetry,,lcsh,650,1,Zoos -- Poetry
lctgm|photographers-1970-1980,,lctgm,650,1,Photographers -- 1970-1980
lctgm|snapshots,,lctgm,650,1,Snapshots
local|drawings-animals,,local,650,1,Drawings: Animals
local|drawings-book-illustrations-dramatizations-representations-of-legends-etc,,local,650,1,"Drawings: Book illustrations, dramatizations, representations of legends, etc"
local|drawings-figures-other-than-portraits-men-full-length,,local,650,1,Drawings: Figures other than portraits: Men: Full length
local|drawings-genre,,local,650,1,Drawings: Genre
local|figures-other-than-portraits-women-with-hands,,local,650,1,Figures other than portraits: Women: With hands
local|frescoes-and-or-murals,,local,650,1,Frescoes and / or murals
local|genre-ballet-scenes-single-figures,,local,650,1,Genre: Ballet scenes: Single figures
local|genre-dances,,local,650,1,Genre: Dances
local|genre-domestic,,local,650,1,Genre: Domestic
local|genre-games,,local,650,1,Genre: Games
local|genre-horse-fairs-and-horse-racing,,local,650,1,Genre: Horse fairs and horse racing
local|genre-polite,,local,650,1,Genre: Polite
local|genre-tavern-brawls-and-other-tavern-scenes,,local,650,1,Genre: Tavern brawls and other tavern scenes
local|offset-printing-specimens,,local,650,1,Offset printing -- Specimens
local|portraits-men-portraits-name-of-subject,,local,650,1,Portraits: Men: Portraits: Name of subject
local|portraits-men-with-hands-without-hats-head-to-right,,local,650,1,Portraits: Men: With hands (without hats): Head to right
local|sculpture-mythological-and-allegorical,,local,650,1,Sculpture: Mythological and allegorical
local|sculpture-nude-figures-single,,local,650,1,Sculpture: Nude figures: Single
local|seascapes-and-coastal-scenes-with-land-only,,local,650,1,Seascapes and coastal scenes: With land only
local|typographic-art,,local,650,1,Typographic art
local|vehicles-etc,,local,650,1,"Vehicles, etc"
mesh|alchemy,,mesh,650,1,Alchemy
mesh|art,,mesh,650,1,Art
mesh|camping,,mesh,650,1,Camping
mesh|choice-behavior,,mesh,650,1,Choice Behavior
mesh|literature-modern,,mesh,650,1,"Literature, Modern"
mesh|radioactivity,,mesh,650,1,Radioactivity
nli|photography-artistic-united-states,,nli,650,1,"Photography, Artistic -- United States"
nli|photography-history,,nli,650,1,Photography -- History
nli|photography-philosophy,,nli,650,1,Photography -- Philosophy
none|aalst,,,651,1,Aalst
none|abkhazia-georgia-ethnic-relations,,,651,1,Abkhazia (Georgia) -- Ethnic relations
none|alabama-rural-conditions,,,651,1,Alabama -- Rural conditions
none|albania-foreign-relations-china-pictorial-works,,,651,1,Albania -- Foreign relations -- China -- Pictorial works
none|algeria-history-revolution-1954-1962-pictorial-works,,,651,1,"Algeria -- History -- Revolution, 1954-1962 -- Pictorial works"
none|america-history-pictorial-works,,,651,1,America -- History -- Pictorial works
none|amou-daria,,,651,1,Amou-Daria
none|amsterdam-netherlands,,,651,1,Amsterdam (Netherlands)
none|amu-darya,,,651,1,Amu Darya
none|araucan-a-chile-description-and-travel-pictorial-works,,,651,1,Araucanía (Chile) -- Description and travel -- Pictorial works
none|arctic-regions-pictorial-works,,,651,1,Arctic regions -- Pictorial works
none|argentina-moral-conditions,,,651,1,Argentina -- Moral conditions
none|argentina-quotations-maxims-etc,,,651,1,"Argentina -- Quotations, maxims, etc"
none|artists-books,,,650,1,Artists' books
none|assisi-italy-in-art,,,651,1,Assisi (Italy) -- In art
none|atlanta-ga-fiction,,,651,1,Atlanta (Ga.) -- Fiction
none|bangkok-thailand-description-and-travel,,,651,1,Bangkok (Thailand) -- Description and travel
none|bangkok-thailand-social-life-and-customs-comic-books-strips-etc,,,651,1,"Bangkok (Thailand) -- Social life and customs -- Comic books, strips, etc"
none|beijing-china-pictorial-works-artists-books,,,651,1,Beijing (China) -- Pictorial works -- Artists' books
none|beirut-lebanon-pictorial-works,,,651,1,Beirut (Lebanon) -- Pictorial works
none|belgi,,,651,1,België
none|belsunce-marseille-france-buildings-structures-etc-pictorial-works,,,651,1,"Belsunce (Marseille, France) -- Buildings, structures, etc -- Pictorial works"
none|bengal-india-in-art,,,651,1,Bengal (India) -- In art
none|bikini-atoll-marshall-islands,,,651,1,Bikini Atoll (Marshall Islands)
none|biloxi-miss-in-art,,,651,1,Biloxi (Miss.) -- In art
none|bogot-colombia-pictorial-works,,,651,1,Bogotá (Colombia) -- Pictorial works
none|brazil-social-conditions-poetry,,,651,1,Brazil -- Social conditions -- Poetry
none|bristol-england-history,,,651,1,Bristol (England) -- History
none|brockman-s-mount-kent-england-pictorial-works,,,651,1,"Brockman's Mount (Kent, England) -- Pictorial works"
none|brockman-s-mount-kent-england-pictorial-works-exhibitions,,,651,1,"Brockman's Mount (Kent, England) -- Pictorial works -- Exhibitions"
none|brooklyn-bridge-new-york-n-y-pictorial-works,,,651,1,"Brooklyn Bridge (New York, N.Y.) -- Pictorial works"
none|brooks-range-alaska-photographs,,,651,1,Brooks Range (Alaska) -- Photographs
none|buenos-aires-argentina-miscellanea,,,651,1,Buenos Aires (Argentina) -- Miscellanea
none|byzantine-empire-in-art,,,651,1,Byzantine Empire -- In art
none|california-emigration-and-immigration-social-aspects-fiction,,,651,1,California -- Emigration and immigration -- Social aspects -- Fiction
none|california-emigration-and-immigration-social-aspects-juvenile-fiction,,,651,1,California -- Emigration and immigration -- Social aspects -- Juvenile fiction
none|california-in-art,,,651,1,California -- In art
none|california-social-life-and-customs-21st-century-pictorial-works,,,651,1,California -- Social life and customs -- 21st century -- Pictorial works
none|cambodia-pictorial-works,,,651,1,Cambodia -- Pictorial works
none|campeche-campeche-mexico-pictorial-works,,,651,1,"Campeche (Campeche, Mexico) -- Pictorial works"
none|canada,,,651,1,Canada
none|carlisle-mass-pictorial-works,,,651,1,Carlisle (Mass.) -- Pictorial works
none|caucasus-in-art-exhibitions,,,651,1,Caucasus -- In art -- Exhibitions
none|cayuga-nation-history-pictorial-works,,,651,1,Cayuga Nation -- History -- Pictorial works
none|charleroi-belgium-environmental-conditions,,,651,1,Charleroi (Belgium) -- Environmental conditions
none|charlottesville-va-fiction,,,651,1,Charlottesville (Va.) -- Fiction
none|chattanooga-tenn-pictorial-works,,,651,1,Chattanooga (Tenn.) -- Pictorial works
none|chicago-ill-views,,,651,1,Chicago (Ill.) -- Views
none|chile-history-1973-1988-in-art,,,651,1,Chile -- History -- 1973-1988 -- In art
none|chile-history-21st-century,,,651,1,Chile -- History -- 21st century
none|chile-history-coup-d-tat-1973-in-art,,,651,1,"Chile -- History -- Coup d'état, 1973 -- In art"
none|chile-history-coup-d-tat-1973-miscellanea,,,651,1,"Chile -- History -- Coup d'état, 1973 -- Miscellanea"
none|chile-politics-and-government-in-art,,,651,1,Chile -- Politics and government -- In art
none|chile-politics-and-government-miscellanea,,,651,1,Chile -- Politics and government -- Miscellanea
none|chile-social-conditions-21st-century,,,651,1,Chile -- Social conditions -- 21st century
none|china-foreign-relations-albania-pictorial-works,,,651,1,China -- Foreign relations -- Albania -- Pictorial works
none|china-history-tiananmen-square-incident-1989-press-coverage,,,651,1,"China -- History -- Tiananmen Square Incident, 1989 -- Press coverage"
none|colombia-pictorial-works,,,651,1,Colombia -- Pictorial works
none|colombia-politics-and-government-caricatures-and-cartoons,,,651,1,Colombia -- Politics and government -- Caricatures and cartoons
none|corner-brook-n-l,,,651,1,Corner Brook (N.L.)
none|cotswold-hills-england-description-and-travel,,,651,1,Cotswold Hills (England) -- Description and travel
none|crux-constellation,,,651,1,Crux (Constellation)
none|cuba-description-and-travel,,,651,1,Cuba -- Description and travel
none|cuba-imperialism,,,651,1,Cuba -- Imperialism
none|cuba-pictorial-works,,,651,1,Cuba -- Pictorial works
none|cumberland-island-ga,,,651,1,Cumberland Island (Ga.)
none|death-valley-calif-and-nev-pictorial-works,,,651,1,Death Valley (Calif. and Nev.) -- Pictorial works
none|earth-planet-orbit-pictorial-works,,,651,1,Earth (Planet) -- Orbit -- Pictorial works
none|egypt-history-21st-century,,,651,1,Egypt -- History -- 21st century
none|egypt-history-protests-2011,,,651,1,"Egypt -- History -- Protests, 2011-"
none|egypt-history-protests-2011-2013-pictorial-works,,,651,1,"Egypt -- History -- Protests, 2011-2013 -- Pictorial works"
none|egypt-politics-and-government-21st-century-pictorial-works,,,651,1,Egypt -- Politics and government -- 21st century -- Pictorial works
none|el-paso-tex-in-art,,,651,1,El Paso (Tex.) -- In art
none|england-drama,,,651,1,England -- Drama
none|england-poetry,,,651,1,England -- Poetry
none|eugene-or-statistics,,,651,1,Eugene (Or.) -- Statistics
none|eurasia-in-art-exhibitions,,,651,1,Eurasia -- In art -- Exhibitions
none|europe-central-history-pictorial-works,,,651,1,"Europe, Central -- History -- Pictorial works"
none|europe-eastern-history-pictorial-works,,,651,1,"Europe, Eastern -- History -- Pictorial works"
none|europe-pictorial-works,,,651,1,Europe -- Pictorial works
none|europe-southern-economic-conditions-21st-century,,,651,1,"Europe, Southern -- Economic conditions -- 21st century"
none|europe-southern-pictorial-works,,,651,1,"Europe, Southern -- Pictorial works"
none|europe-southern-social-conditions,,,651,1,"Europe, Southern -- Social conditions"
none|everest-mount-china-and-nepal-pictorial-works,,,651,1,"Everest, Mount (China and Nepal) -- Pictorial works"
none|exhibition-catalogs,,,650,1,Exhibition catalogs
none|florence-italy-in-art,,,651,1,Florence (Italy) -- In art
none|florence-italy-pictorial-works,,,651,1,Florence (Italy) -- Pictorial works
none|florida-fiction,,,651,1,Florida -- Fiction
none|forbidden-city-beijing-china-pictorial-works,,,651,1,"Forbidden City (Beijing, China) -- Pictorial works"
none|france-court-and-courtiers,,,651,1,France -- Court and courtiers
none|france-history-revolution-1789-1799-miscellanea,,,651,1,"France -- History -- Revolution, 1789-1799 -- Miscellanea"
none|fuji-mount-japan-pictorial-works,,,651,1,"Fuji, Mount (Japan) -- Pictorial works"
none|furka-pass-switzerland-in-art-exhibitions,,,651,1,Furka Pass (Switzerland) -- In art -- Exhibitions
none|galapagos-islands-description-and-travel,,,651,1,Galapagos Islands -- Description and travel
none|garze-zangzu-zizhizhou-china-description-and-travel,,,651,1,Garze Zangzu Zizhizhou (China) -- Description and travel
none|garze-zangzu-zizhizhou-china-religion,,,651,1,Garze Zangzu Zizhizhou (China) -- Religion
none|georgia-music,,,651,1,Georgia -- Music
none|georgia-social-life-and-customs-21st-century-pictorial-works,,,651,1,Georgia -- Social life and customs -- 21st century -- Pictorial works
none|germany-aachen,,,651,1,Germany ; Aachen
none|glasgow-scotland-fiction,,,651,1,Glasgow (Scotland) -- Fiction
none|glasgow-scotland-in-art,,,651,1,Glasgow (Scotland) -- In art
none|great-britain,,,651,1,Great Britain
none|guerrero-mexico-state-politics-and-government-21st-century,,,651,1,Guerrero (Mexico : State) -- Politics and government -- 21st century
none|haiti-in-art,,,651,1,Haiti -- In art
none|hamptons-n-y-fiction,,,651,1,Hamptons (N.Y.) -- Fiction
none|hebrides-scotland-in-art,,,651,1,Hebrides (Scotland) -- In art
none|himalaya-mountains-pictorial-works,,,651,1,Himalaya Mountains -- Pictorial works
none|hiroshima-shi-japan-history-bombardment-1945-pictorial-works,,,651,1,"Hiroshima-shi (Japan) -- History -- Bombardment, 1945 -- Pictorial works"
none|hiroshima-shi-japan-in-art,,,651,1,Hiroshima-shi (Japan) -- In art
none|hollywood-boulevard-los-angeles-calif-pictorial-works,,,651,1,"Hollywood Boulevard (Los Angeles, Calif.) -- Pictorial works"
none|hong-kong-china-in-art,,,651,1,Hong Kong (China) -- In art
none|iceland-pictorial-works,,,651,1,Iceland -- Pictorial works
none|india-history,,,651,1,India -- History
none|iran-history-revolution-1979-pictorial-works,,,651,1,"Iran -- History -- Revolution, 1979 -- Pictorial works"
none|ireland-in-literature,,,651,1,Ireland -- In literature
none|ireland-politics-and-government,,,651,1,Ireland -- Politics and government
none|ireland-social-life-and-customs-fiction,,,651,1,Ireland -- Social life and customs -- Fiction
none|israel-social-conditions-20th-century-pictorial-works,,,651,1,Israel -- Social conditions -- 20th century -- Pictorial works
none|israel-social-conditions-21st-century-pictorial-works,,,651,1,Israel -- Social conditions -- 21st century -- Pictorial works
none|japan,,,651,1,Japan
none|japan-social-life-and-customs-20th-century,,,651,1,Japan -- Social life and customs -- 20th century
none|k-ln-kunst-ffentlichkeit-projekt-geschichte-1992,,,651,1,Köln -- Kunst -- Öffentlichkeit -- Projekt -- Geschichte 1992
none|ka-antalya-i-li-turkey-in-art,,,651,1,"Kaş (Antalya İli, Turkey) -- In art"
none|kampala-uganda-statistics,,,651,1,Kampala (Uganda) -- Statistics
none|karachi-pakistan-maps,,,651,1,Karachi (Pakistan) -- Maps
none|kem-russia-description-and-travel,,,651,1,Kemʹ (Russia) -- Description and travel
none|kem-russia-pictorial-works,,,651,1,Kemʹ (Russia) -- Pictorial works
none|kent-england-pictorial-works,,,651,1,Kent (England) -- Pictorial works
none|khiva-uzbekistan-history,,,651,1,Khiva (Uzbekistan) -- History
none|kilimanjaro-mount-tanzania,,,651,1,"Kilimanjaro, Mount (Tanzania)"
none|knoxville-tenn-fiction,,,651,1,Knoxville (Tenn.) -- Fiction
none|latin-america-colonial-influence,,,651,1,Latin America -- Colonial influence
none|latin-america-history-pictorial-works,,,651,1,Latin America -- History -- Pictorial works
none|latin-america-in-art,,,651,1,Latin America -- In art
none|letterpress,,,650,1,Letterpress
none|letterpress-printing,,,650,1,Letterpress printing
none|livorno-italy-commerce-history,,,651,1,Livorno (Italy) -- Commerce -- History
none|livorno-italy-history-religious-aspects,,,651,1,Livorno (Italy) -- History -- Religious aspects
none|london-england-pictorial-works,,,651,1,London (England) -- Pictorial works
none|london-england-social-life-and-customs-20th-century,,,651,1,London (England) -- Social life and customs -- 20th century
none|los-alamos-n-m-pictorial-works,,,651,1,Los Alamos (N.M.) -- Pictorial works
none|los-angeles-calif-maps,,,651,1,Los Angeles (Calif.) -- Maps
none|los-angeles-calif-parking-pictorial-works,,,651,1,Los Angeles (Calif.) -- Parking -- Pictorial works
none|marseille-france-buildings-structures-etc-pictorial-works,,,651,1,"Marseille (France) -- Buildings, structures, etc -- Pictorial works"
none|massachusetts-history-colonial-period-ca-1600-1775-poetry,,,651,1,"Massachusetts -- History -- Colonial period, ca. 1600-1775 -- Poetry"
none|matanzas-cuba-history,,,651,1,Matanzas (Cuba) -- History
none|matanzas-cuba-pictorial-works,,,651,1,Matanzas (Cuba) -- Pictorial works
none|matanzas-cuba-poetry,,,651,1,Matanzas (Cuba) -- Poetry
none|mayd-n-al-ta-r-r-cairo-egypt-in-art,,,651,1,"Maydān al-Taḥrīr (Cairo, Egypt) -- In art"
none|mediterranean-region-description-and-travel,,,651,1,Mediterranean Region -- Description and travel
none|mediterranean-region-pictorial-works,,,651,1,Mediterranean Region -- Pictorial works
none|mexican-american-border-region-in-art,,,651,1,Mexican-American Border Region -- In art
none|mexican-american-border-region-social-conditions-fiction,,,651,1,Mexican-American Border Region -- Social conditions -- Fiction
none|mexican-american-border-region-social-conditions-juvenile-fiction,,,651,1,Mexican-American Border Region -- Social conditions -- Juvenile fiction
none|mexico-emigration-and-immigration-social-aspects-fiction,,,651,1,Mexico -- Emigration and immigration -- Social aspects -- Fiction
none|mexico-emigration-and-immigration-social-aspects-juvenile-fiction,,,651,1,Mexico -- Emigration and immigration -- Social aspects -- Juvenile fiction
none|mexico-folklore-pictorial-works,,,651,1,Mexico -- Folklore -- Pictorial works
none|mexico-social-life-and-customs-pictorial-works,,,651,1,Mexico -- Social life and customs -- Pictorial works
none|michigan-in-art,,,651,1,Michigan -- In art
none|michigan-pictorial-works,,,651,1,Michigan -- Pictorial works
none|minnesota-pictorial-works,,,651,1,Minnesota -- Pictorial works
none|moon,,,651,1,Moon
none|moon-in-art,,,651,1,Moon -- In art
none|moon-phases-in-art,,,651,1,Moon -- Phases -- In art
none|naples-italy-description-and-travel,,,651,1,Naples (Italy) -- Description and travel
none|naples-italy-social-conditions-pictorial-works,,,651,1,Naples (Italy) -- Social conditions -- Pictorial works
none|nassau-bahamas-fiction,,,651,1,Nassau (Bahamas) -- Fiction
none|nebraska-poetry,,,651,1,Nebraska -- Poetry
none|netherlands-economic-conditions-17th-century,,,651,1,Netherlands -- Economic conditions -- 17th century
none|netherlands-history-17th-century,,,651,1,Netherlands -- History -- 17th century
none|new-orleans-batture-la-history,,,651,1,New Orleans Batture (La.) -- History
none|new-orleans-batture-la-in-art,,,651,1,New Orleans Batture (La.) -- In art
none|new-orleans-la-social-life-and-customs,,,651,1,New Orleans (La.) -- Social life and customs
none|new-york-n-y,,,651,1,New York (N.Y.)
none|new-york-n-y-description-and-travel,,,651,1,New York (N.Y.) -- Description and travel
none|new-york-n-y-in-art,,,651,1,New York (N.Y.) -- In art
none|new-york-n-y-pictorial-works,,,651,1,New York (N.Y.) -- Pictorial works
none|new-york-state,,,651,1,New York (State)
none|new-york-state-biography-portraits,,,651,1,New York (State) -- Biography -- Portraits
none|new-york-state-in-art,,,651,1,New York (State) -- In art
none|nile-river,,,651,1,Nile River
none|nord-kivu-congo-social-conditions,,,651,1,Nord-Kivu (Congo) -- Social conditions
none|north-carolina-pictorial-works,,,651,1,North Carolina -- Pictorial works
none|oakland-calif-in-art,,,651,1,Oakland (Calif.) -- In art
none|ohio-biography-portraits,,,651,1,Ohio -- Biography -- Portraits
none|ohio-in-art,,,651,1,Ohio -- In art
none|ohio-social-life-and-customs-21st-century-pictorial-works,,,651,1,Ohio -- Social life and customs -- 21st century -- Pictorial works
none|orissa-india-in-art,,,651,1,Orissa (India) -- In art
none|ossabaw-island-ga-photographs,,,651,1,Ossabaw Island (Ga.) -- Photographs
none|outer-space-exploration-united-states,,,651,1,Outer space -- Exploration -- United States
none|oxfordshire-england-social-life-and-customs,,,651,1,Oxfordshire (England) -- Social life and customs
none|pakistan-social-conditions-in-art,,,651,1,Pakistan -- Social conditions -- In art
none|palmetto-fla-biography,,,651,1,Palmetto (Fla.) -- Biography
none|palmetto-fla-history-20th-century,,,651,1,Palmetto (Fla.) -- History -- 20th century
none|paris-france,,,651,1,Paris (France)
none|paris-france-everyday-life-1940-1944,,,651,1,Paris (France) -- Everyday life -- 1940-1944
none|paris-france-pictorial-works,,,651,1,Paris (France) -- Pictorial works
none|philadelphia-pa-in-art,,,651,1,Philadelphia (Pa.) -- In art
none|piccadilly-circus-london-england,,,651,1,"Piccadilly Circus (London, England)"
none|portland-or-in-art,,,651,1,Portland (Or.) -- In art
none|providence-r-i-race-relations,,,651,1,Providence (R.I.) -- Race relations
none|puerto-rico-history-nationalist-insurrection-1950-comic-books-strips-etc,,,651,1,"Puerto Rico -- History -- Nationalist Insurrection, 1950 -- Comic books, strips, etc"
none|quincy-mass-pictorial-works,,,651,1,Quincy (Mass.) -- Pictorial works
none|rhone-glacier-switzerland-in-art-exhibitions,,,651,1,Rhone Glacier (Switzerland) -- In art -- Exhibitions
none|richmond-va-fiction,,,651,1,Richmond (Va.) -- Fiction
none|ringsjo-n-sweden-pictorial-works,,,651,1,Ringsjön (Sweden) -- Pictorial works
none|rochester-n-y-pictorial-works,,,651,1,Rochester (N.Y.) -- Pictorial works
none|s-o-paulo-brazil-pictorial-works,,,651,1,São Paulo (Brazil) -- Pictorial works
none|saginaw-mich-pictorial-works,,,651,1,Saginaw (Mich.) -- Pictorial works
none|saint-denis-france-pictorial-works,,,651,1,Saint-Denis (France) -- Pictorial works
none|saint-simons-island-ga-island-history-19th-century,,,651,1,Saint Simons Island (Ga. : Island) -- History -- 19th century
none|san-francisco-bay-area-calif-in-art,,,651,1,San Francisco Bay Area (Calif.) -- In art
none|san-francisco-calif-in-art,,,651,1,San Francisco (Calif.) -- In art
none|san-joaquin-valley-calif-pictorial-works,,,651,1,San Joaquin Valley (Calif.) -- Pictorial works
none|santa-clara-valley-santa-clara-county-calif-pictorial-works,,,651,1,"Santa Clara Valley (Santa Clara County, Calif.) -- Pictorial works"
none|scampia-naples-italy-pictorial-works,,,651,1,"Scampia (Naples, Italy) -- Pictorial works"
none|scarborough-england-fiction,,,651,1,Scarborough (England) -- Fiction
none|scotland-drama,,,651,1,Scotland -- Drama
none|scotland-pictorial-works,,,651,1,Scotland -- Pictorial works
none|screenprint,,,650,1,Screenprint
none|seattle-wash-exhibitions,,,651,1,Seattle (Wash.) -- Exhibitions
none|selinus-extinct-city,,,651,1,Selinus (Extinct city)
none|seoul-korea-pictorial-works,,,651,1,Seoul (Korea) -- Pictorial works
none|serigraphy,,,650,1,Serigraphy
none|sicily-italy-description-and-travel,,,651,1,Sicily (Italy) -- Description and travel
none|sikkim-india-in-art,,,651,1,Sikkim (India) -- In art
none|sinemoret-s-bulgaria-pictorial-works,,,651,1,Sinemoret︠s︡ (Bulgaria) -- Pictorial works
none|skagastr-nd-iceland-pictorial-works,,,651,1,Skagaströnd (Iceland) -- Pictorial works
none|south-africa-pictorial-works,,,651,1,South Africa -- Pictorial works
none|southern-states-pictorial-works,,,651,1,Southern States -- Pictorial works
none|southwest-old-pictorial-works,,,651,1,"Southwest, Old -- Pictorial works"
none|sri-lanka-history-civil-war-1983-2009-refugees-social-conditions-pictorial-works,,,651,1,"Sri Lanka -- History -- Civil War, 1983-2009 -- Refugees -- Social conditions -- Pictorial works"
none|strasbourg-france-in-art,,,651,1,Strasbourg (France) -- In art
none|sun-pictorial-works,,,651,1,Sun -- Pictorial works
none|sun-rising-and-setting-pictorial-works,,,651,1,Sun -- Rising and setting -- Pictorial works
none|syme-greece-municipality,,,651,1,Symē (Greece : Municipality)
none|t-bilisi-georgia-pictorial-works,,,651,1,Tʻbilisi (Georgia) -- Pictorial works
none|tacoma-wash-pictorial-works,,,651,1,Tacoma (Wash.) -- Pictorial works
none|tatvan-turkey,,,651,1,Tatvan (Turkey)
none|tehran-iran-in-art,,,651,1,Tehran (Iran) -- In art
none|thailand-biography,,,651,1,Thailand -- Biography
none|thames-river-england-pictorial-works,,,651,1,Thames River (England) -- Pictorial works
none|tian-an-men-beijing-china-pictorial-works,,,651,1,"Tian'an Men (Beijing, China) -- Pictorial works"
none|turkey-description-and-travel,,,651,1,Turkey -- Description and travel
none|turkey-tatvan,,,651,1,Turkey - Tatvan
none|united-states-emigration-and-immigration-comic-books-strips-etc,,,651,1,"United States -- Emigration and immigration -- Comic books, strips, etc"
none|united-states-emigration-and-immigration-in-art,,,651,1,United States -- Emigration and immigration -- In art
none|united-states-emigration-and-immigration-social-aspects-fiction,,,651,1,United States -- Emigration and immigration -- Social aspects -- Fiction
none|united-states-emigration-and-immigration-social-aspects-juvenile-fiction,,,651,1,United States -- Emigration and immigration -- Social aspects -- Juvenile fiction
none|united-states-foreign-relations-comic-books-strips-etc,,,651,1,"United States -- Foreign relations -- Comic books, strips, etc"
none|united-states-foreign-relations-humor,,,651,1,United States -- Foreign relations -- Humor
none|united-states-history-civil-war-1861-1865-in-art,,,651,1,"United States -- History -- Civil War, 1861-1865 -- In art"
none|united-states-history-civil-war-1861-1865-personal-narratives,,,651,1,"United States -- History -- Civil War, 1861-1865 -- Personal narratives"
none|united-states-history-civil-war-1861-1865-prisoners-and-prisons,,,651,1,"United States -- History -- Civil War, 1861-1865 -- Prisoners and prisons"
none|united-states-history-revolution-1775-1783-fiction,,,651,1,"United States -- History -- Revolution, 1775-1783 -- Fiction"
none|united-states-history-revolution-1775-1783-personal-narratives,,,651,1,"United States -- History -- Revolution, 1775-1783 -- Personal narratives"
none|united-states-pictorial-works-civilization-united-states-illustrated-works-pictorial-works,,,651,1,United States -- Pictorial works -- Civilization -- United States -- Illustrated works -- Pictorial works
none|united-states-politics-and-government-1981-1989,,,651,1,United States -- Politics and government -- 1981-1989
none|united-states-politics-and-government-1981-1989-fiction,,,651,1,United States -- Politics and government -- 1981-1989 -- Fiction
none|united-states-politics-and-government-2001-2009-pictorial-works,,,651,1,United States -- Politics and government -- 2001-2009 -- Pictorial works
none|united-states-politics-and-government-2017-2021-in-art,,,651,1,United States -- Politics and government -- 2017-2021 -- In art
none|united-states-politics-and-government-comic-books-strips-etc,,,651,1,"United States -- Politics and government -- Comic books, strips, etc"
none|united-states-race-relations-poetry,,,651,1,United States -- Race relations -- Poetry
none|united-states-social-life-and-customs-1945-1970-pictorial-works,,,651,1,United States -- Social life and customs -- 1945-1970 -- Pictorial works
none|united-states-social-life-and-customs-caricatures-and-cartoons,,,651,1,United States -- Social life and customs -- Caricatures and cartoons
none|united-states-territorial-expansion,,,651,1,United States -- Territorial expansion
none|universe-pictorial-works,,,651,1,Universe -- Pictorial works
none|uzbekistan-politics-and-government,,,651,1,Uzbekistan -- Politics and government
none|vancouver-b-c-exhibitions,,,651,1,Vancouver (B.C.) -- Exhibitions
none|venice-italy-pictorial-works,,,651,1,Venice (Italy) -- Pictorial works
none|venice-lagoon-of-italy-pictorial-works,,,651,1,"Venice, Lagoon of (Italy) -- Pictorial works"
none|vermont-in-art,,,651,1,Vermont -- In art
none|vickburg-miss-fiction,,,651,1,Vickburg (Miss.) -- Fiction
none|vietnam-pictorial-works-exhibitions,,,651,1,Vietnam -- Pictorial works -- Exhibitions
none|virginia-fiction,,,651,1,Virginia -- Fiction
none|wenham-mass-history-poetry,,,651,1,Wenham (Mass.) -- History -- Poetry
none|west-u-s-pictorial-works,,,651,1,West (U.S.) -- Pictorial works
none|west-virginia-pictorial-works,,,651,1,West Virginia -- Pictorial works
none|west-virginia-social-conditions-pictorial-works,,,651,1,West Virginia -- Social conditions -- Pictorial works
none|will-county-ill-pictorial-works,,,651,1,Will County (Ill.) -- Pictorial works
none|xinjiang-uygur-zizhiqu-china-ethnic-relations,,,651,1,Xinjiang Uygur Zizhiqu (China) -- Ethnic relations
none|xinjiang-uygur-zizhiqu-china-pictorial-works,,,651,1,Xinjiang Uygur Zizhiqu (China) -- Pictorial works
none|yazd-iran-in-art,,,651,1,Yazd (Iran) -- In art
none|yosemite-national-park-calif-pictorial-works,,,651,1,Yosemite National Park (Calif.) -- Pictorial works
none|yunnan-sheng-china-social-life-and-customs-pictorial-works,,,651,1,Yunnan Sheng (China) -- Social life and customs -- Pictorial works
ram|art-et-photographie,,ram,650,1,Art et photographie
ram|edinburgh-expositions-1985-1986,,ram,650,1,Edinburgh -- Expositions -- 1985-1986
ram|edinburgh-fruitmarket-gallery-expositions-1985-1986,,ram,650,1,"Edinburgh, Fruitmarket gallery -- Expositions -- 1985-1986"
ram|livres-d-artistes,,ram,650,1,Livres d'artistes
ram|londres-expositions-1985,,ram,650,1,Londres -- Expositions -- 1985
ram|londres-institute-of-contemporary-arts-expositions-1985,,ram,650,1,"Londres, Institute of contemporary arts -- Expositions -- 1985"
ram|poe-sie-concre-te,,ram,650,1,Poésie concrète
rbgenr|artists-books-1997,,rbgenr,650,1,Artists' books -- 1997
rswk|photoalbum-bildband,,rswk,650,1,Photoalbum -- Bildband
rvm|alphabets-de-coration,,rvm,650,1,Alphabets (Décoration)
rvm|architecture-californie-los-angeles-histoire-ouvrages-illustre-s,,rvm,650,1,Architecture -- Californie -- Los Angeles -- Histoire -- Ouvrages illustrés
rvm|art-20e-si-cle-p-riodiques,,rvm,650,1,Art -- 20e siècle -- Périodiques
rvm|art-20e-sie-cle-pe-riodiques,,rvm,650,1,Art -- 20e siècle -- Périodiques
rvm|art-canadien-alberta-p-riodiques,,rvm,650,1,Art canadien -- Alberta -- Périodiques
rvm|art-et-litte-rature-pe-riodiques,,rvm,650,1,Art et littérature -- Périodiques
rvm|art-moderne-20e-si-cle-p-riodiques,,rvm,650,1,Art moderne -- 20e siècle -- Périodiques
rvm|art-p-riodiques,,rvm,650,1,Art -- Périodiques
rvm|art-par-ordinateur-canada,,rvm,650,1,Art par ordinateur -- Canada
rvm|art-pe-riodiques,,rvm,650,1,Art -- Périodiques
rvm|art-vide-o-canada,,rvm,650,1,Art vidéo -- Canada
rvm|axonome-trie,,rvm,650,1,Axonométrie
rvm|bestiaires,,rvm,650,1,Bestiaires
rvm|couleur-dans-l-art,,rvm,650,1,Couleur dans l'art
rvm|dieu-judai-sme-nom,,rvm,650,1,Dieu (Judaïsme) -- Nom
rvm|discrimination-a-l-e-gard-des-femmes,,rvm,650,1,Discrimination à l'égard des femmes
rvm|discrimination-sexuelle-contre-les-femmes,,rvm,650,1,Discrimination sexuelle contre les femmes
rvm|e-lastiques,,rvm,650,1,Élastiques
rvm|e-lections-californie-san-francisco-humour,,rvm,650,1,Élections -- Californie -- San Francisco -- Humour
rvm|fe-minisme-et-art,,rvm,650,1,Féminisme et art
rvm|fe-minisme-romans-nouvelles-etc,,rvm,650,1,"Féminisme -- Romans, nouvelles, etc"
rvm|femmes-artistes,,rvm,650,1,Femmes artistes
rvm|guerre-mondiale-1939-1945-camps-d-internement,,rvm,650,1,"Guerre mondiale, 1939-1945 -- Camps d'internement"
rvm|holocauste-1939-1945-dans-l-art-spe-cimens,,rvm,650,1,"Holocauste, 1939-1945, dans l'art -- Spécimens"
rvm|holocauste-1939-1945-re-cits-personnels,,rvm,650,1,"Holocauste, 1939-1945 -- Récits personnels"
rvm|kabbale,,rvm,650,1,Kabbale
rvm|lesbiennes-romans-nouvelles-etc,,rvm,650,1,"Lesbiennes -- Romans, nouvelles, etc"
rvm|ligne-art,,rvm,650,1,Ligne (Art)
rvm|littoral-ouvrages-illustre-s,,rvm,650,1,Littoral -- Ouvrages illustrés
rvm|livres-d-artistes-e-cosse,,rvm,650,1,Livres d'artistes -- Écosse
rvm|livres-d-artistes-e-tats-unis-20e-sie-cle-spe-cimens,,rvm,650,1,Livres d'artistes -- États-Unis -- 20e siècle -- Spécimens
rvm|livres-d-artistes-new-york-e-tat-expositions,,rvm,650,1,Livres d'artistes -- New York (État) -- Expositions
rvm|livres-d-artistes-spe-cimens,,rvm,650,1,Livres d'artistes -- Spécimens
rvm|livres-d-artistes-tats-unis-sp-cimens,,rvm,650,1,Livres d'artistes -- États-Unis -- Spécimens
rvm|livres-photos-histoire,,rvm,650,1,Livres photos -- Histoire
rvm|livres-transforme-s-new-york-e-tat-expositions,,rvm,650,1,Livres transformés -- New York (État) -- Expositions
rvm|main-dans-l-art-spe-cimens,,rvm,650,1,Main dans l'art -- Spécimens
rvm|martins-pe-cheurs-dans-l-art,,rvm,650,1,Martins-pêcheurs dans l'art
rvm|photographie-artistique-expositions,,rvm,650,1,Photographie artistique -- Expositions
rvm|photographie-histoire,,rvm,650,1,Photographie -- Histoire
rvm|photographie-philosophie,,rvm,650,1,Photographie -- Philosophie
rvm|plages-ouvrages-illustre-s,,rvm,650,1,Plages -- Ouvrages illustrés
rvm|rock-musique-1981-1990,,rvm,650,1,Rock (Musique) -- 1981-1990
rvm|sciences-naturelles-p-riodiques-ouvrages-pour-la-jeunesse,,rvm,650,1,Sciences naturelles -- Périodiques -- Ouvrages pour la jeunesse
rvm|sciences-p-riodiques-ouvrages-pour-la-jeunesse,,rvm,650,1,Sciences -- Périodiques -- Ouvrages pour la jeunesse
sao|amerikansk-konst-1900-talet-1945,,sao,650,1,Amerikansk konst -- 1900-talet -- 1945-
sao|konstn-rer-f-renta-staterna-1900-talet-1945,,sao,650,1,Konstnärer -- Förenta staterna -- 1900-talet -- 1945-
sao|konstn-rer-f-renta-staterna-1945,,sao,650,1,Konstnärer -- Förenta staterna -- 1945-
sao|konstutst-llningar-schweiz-basel,,sao,650,1,Konstutställningar -- Schweiz -- Basel
sao|konstutst-llningar-schweiz-z-rich,,sao,650,1,Konstutställningar -- Schweiz -- Zürich
sao|konstutst-llningar-tyskland-wolfsburg,,sao,650,1,Konstutställningar -- Tyskland -- Wolfsburg
sao|tulpaner-historia,,sao,650,1,Tulpaner -- historia
swd|bildband,,swd,650,1,Bildband
unspecified|aartists-books-zbelgium-vspecimens,,unspecified,650,1,‡aArtists' books‡zBelgium‡vSpecimens
unspecified|adhesive-bindings,,unspecified,650,1,Adhesive bindings
unspecified|air-mail-envelopes,,unspecified,650,1,Air mail envelopes
unspecified|airdrop,,unspecified,650,1,Airdrop
unspecified|animals-in-art,,unspecified,650,1,Animals in art
unspecified|antin-eleanor,,unspecified,650,1,"Antin, Eleanor"
unspecified|apo,,unspecified,650,1,APO
unspecified|art-american,,unspecified,650,1,"Art, American"
unspecified|art-et-action-sociale,,unspecified,650,1,Art et action sociale
unspecified|art-modern,,unspecified,650,1,"Art, Modern"
unspecified|art-political-aspects,,unspecified,650,1,Art ; Political aspects
unspecified|art-publicitaire,,unspecified,650,1,Art publicitaire
unspecified|art-publicitaire-aspect-social,,unspecified,650,1,Art publicitaire - Aspect social
unspecified|artist-couples,,unspecified,650,1,Artist couples
unspecified|artists-books-1978,,unspecified,650,1,Artists' books ; 1978
unspecified|artists-books-1983,,unspecified,650,1,Artists' books ; 1983
unspecified|artists-books-2007,,unspecified,650,1,Artists' books -- 2007
unspecified|artists-books-books-united-states,,unspecified,650,1,Artists' books (books) ; United States
unspecified|artists-books-germany-munich-1970,,unspecified,650,1,Artists' books - Germany - Munich - 1970
unspecified|artists-books-illinois-chicago-2013,,unspecified,650,1,Artists' books ; Illinois ; Chicago ; 2013
unspecified|artists-books-iowa-1995,,unspecified,650,1,Artists' books ; Iowa ; 1995
unspecified|artists-books-mexico-mexico-city,,unspecified,650,1,Artists' books ; Mexico ; Mexico City
unspecified|artists-books-netherlands-maastricht-1974,,unspecified,650,1,Artists' books ; Netherlands ; Maastricht ; 1974
unspecified|artists-books-new-jersey-plainsboro,,unspecified,650,1,Artists' books -- New Jersey -- Plainsboro
unspecified|artists-books-new-york-state-20th-century,,unspecified,650,1,Artists' books ; New York (State) ; 20th century
unspecified|artists-books-specimens,,unspecified,650,1,Artists' books ; Specimens
unspecified|artists-books-united-states,,unspecified,650,1,Artists' books ; United States
unspecified|artists-books-united-states-1979,,unspecified,650,1,Artists' books ; United States ; 1979
unspecified|arts-graphiques,,unspecified,650,1,Arts graphiques
unspecified|arts-graphiques-aspect-social,,unspecified,650,1,Arts graphiques - Aspect social
unspecified|au-erparlamentarische-opposition,,unspecified,650,1,Außerparlamentarische Opposition
unspecified|author-s-presentation-copies-provenance,,unspecified,650,1,Author's presentation copies (Provenance)
unspecified|automatism-exhibitions,,unspecified,650,1,Automatism -- Exhibitions
unspecified|baader-meinhof-gruppe,,unspecified,650,1,Baader-Meinhof-Gruppe
unspecified|bathrooms,,unspecified,650,1,Bathrooms
unspecified|bewegung-2-juni,,unspecified,650,1,Bewegung 2. Juni
unspecified|blank-books,,unspecified,650,1,Blank-books
unspecified|broadside-poems,,unspecified,650,1,Broadside poems
unspecified|canada,,unspecified,650,1,Canada
unspecified|catalogs,,unspecified,650,1,Catalogs
unspecified|catling-brian-exhibitions,,unspecified,650,1,Catling -- Brian -- Exhibitions
unspecified|cerd-jordi,,unspecified,650,1,"Cerdà, Jordi"
unspecified|chr-1991,,unspecified,650,1,CHR 1991
unspecified|collage,,unspecified,650,1,Collage
unspecified|comic-books-strips-etc,,unspecified,650,1,"Comic books, strips, etc"
unspecified|commercial-art,,unspecified,650,1,commercial art
unspecified|concrete-poems,,unspecified,650,1,Concrete poems
unspecified|cookery,,unspecified,650,1,Cookery
unspecified|dos-a-dos-binding-specimens,,unspecified,650,1,Dos-a-dos binding -- Specimens
unspecified|eccentrics-and-eccentricities-in-art,,unspecified,650,1,Eccentrics and eccentricities in art
unspecified|english-literature,,unspecified,650,1,English literature
unspecified|envelopes-stationery,,unspecified,650,1,Envelopes (Stationery)
unspecified|experimental-writing-in-english-1945-texts,,unspecified,650,1,"Experimental writing in English,++1945- - Texts"
unspecified|feminism-in-art,,unspecified,650,1,Feminism in art
unspecified|flip-books,,unspecified,650,1,flip books
unspecified|folioscopes,,unspecified,650,1,Folioscopes
unspecified|fotoband,,unspecified,650,1,Fotoband
unspecified|france,,unspecified,650,1,France
unspecified|france-nice,,unspecified,650,1,France ; Nice
unspecified|goldstein-gary,,unspecified,650,1,"Goldstein, Gary"
unspecified|great-britain,,unspecified,650,1,Great Britain
unspecified|grobet-lourdes,,unspecified,650,1,"Grobet, Lourdes"
unspecified|handmade-papers-fibre-products,,unspecified,650,1,Handmade papers (fibre products
unspecified|handmade-papers-paper,,unspecified,650,1,Handmade papers (Paper)
unspecified|history,,unspecified,650,1,History
unspecified|humanitarian-assistance,,unspecified,650,1,Humanitarian assistance
unspecified|installations-art,,unspecified,650,1,Installations (Art)
unspecified|installations-art-great-britain,,unspecified,650,1,Installations (Art) -- Great Britain
unspecified|jones-allen,,unspecified,650,1,"Jones, Allen"
unspecified|king-susan-elizabeth,,unspecified,650,1,"King, Susan Elizabeth"
unspecified|konstn-rer-f-renta-staterna-1900-talet-1945-biografi,,unspecified,650,1,Konstnärer -- Förenta staterna -- 1900-talet -- 1945- -- biografi
unspecified|konstutst-llningar-f-renta-staterna-new-york,,unspecified,650,1,Konstutställningar -- Förenta staterna -- New York
unspecified|kvinnliga-konstn-rer-belgien-1945,,unspecified,650,1,Kvinnliga konstnärer -- Belgien -- 1945-
unspecified|lakes-pictorial-works,,unspecified,650,1,Lakes -- Pictorial works
unspecified|landscape-scotland-pictorial-works,,unspecified,650,1,Landscape -- Scotland -- Pictorial works
unspecified|lara-magali,,unspecified,650,1,"Lara, Magali"
unspecified|leaflets-dropped-from-aircraft,,unspecified,650,1,Leaflets dropped from aircraft
unspecified|leporello,,unspecified,650,1,Leporello
unspecified|literature-experimental,,unspecified,650,1,"Literature, Experimental"
unspecified|literature-experimental-great-britain,,unspecified,650,1,"Literature, Experimental -- Great Britain"
unspecified|living-sculpture,,unspecified,650,1,Living sculpture
unspecified|m-lare-bildkonstn-rer-f-renta-staterna-1900-talet-1945-biografi,,unspecified,650,1,Målare (bildkonstnärer) -- Förenta staterna -- 1900-talet -- 1945- -- biografi
unspecified|marriage-customs-and-rites,,unspecified,650,1,Marriage customs and rites
unspecified|mexico-mexico-city,,unspecified,650,1,Mexico ; Mexico City
unspecified|militanter-widerstand,,unspecified,650,1,Militanter Widerstand
unspecified|motion-picture-actors-and-actresses,,unspecified,650,1,Motion picture actors and actresses
unspecified|mummies-and-mummification,,unspecified,650,1,Mummies and mummification
unspecified|mythologie,,unspecified,650,1,Mythologie
unspecified|names,,unspecified,650,1,Names
unspecified|nature-aesthetics,,unspecified,650,1,Nature (Aesthetics)
unspecified|netherlands,,unspecified,650,1,Netherlands
unspecified|norwegian-poetry,,unspecified,650,1,Norwegian poetry
unspecified|nuclear-disarmament,,unspecified,650,1,Nuclear disarmament
unspecified|ohnesorg-benno,,unspecified,650,1,"Ohnesorg, Benno"
unspecified|paleopathology,,unspecified,650,1,Paleopathology
unspecified|paper-bindings,,unspecified,650,1,Paper bindings
unspecified|performance-art-exhibitions,,unspecified,650,1,Performance art -- Exhibitions
unspecified|photography,,unspecified,650,1,Photography
unspecified|photography-of-trees-germany-cologne,,unspecified,650,1,Photography of trees -- Germany -- Cologne
unspecified|pictorial-works,,unspecified,650,1,Pictorial works
unspecified|plainsindianer,,unspecified,650,1,Plainsindianer
unspecified|po-sie,,unspecified,650,1,Poésie
unspecified|political-art,,unspecified,650,1,political art
unspecified|politisk-konst-tyskland,,unspecified,650,1,Politisk konst -- Tyskland
unspecified|pop-art,,unspecified,650,1,Pop Art
unspecified|portraits,,unspecified,650,1,Portraits
unspecified|preservation-and-restoration-mummies,,unspecified,650,1,Preservation and restoration -- Mummies
unspecified|propaganda,,unspecified,650,1,Propaganda
unspecified|public-records,,unspecified,650,1,Public records
unspecified|raf,,unspecified,650,1,RAF
unspecified|restrooms,,unspecified,650,1,Restrooms
unspecified|revolution-re-zellen,,unspecified,650,1,Revolutionäre Zellen
unspecified|rote-armee-fraktion,,unspecified,650,1,Rote Armee Fraktion
unspecified|rz,,unspecified,650,1,RZ
unspecified|sculpture,,unspecified,650,1,Sculpture
unspecified|sculpture-british,,unspecified,650,1,"Sculpture, British"
unspecified|sculptures,,unspecified,650,1,Sculptures
unspecified|spirit-writings-exhibitions,,unspecified,650,1,Spirit writings -- Exhibitions
unspecified|spiritualism-in-art-exhibitions,,unspecified,650,1,Spiritualism in art -- Exhibitions
unspecified|stadtguerilla,,unspecified,650,1,Stadtguerilla
unspecified|studentenbewegung,,unspecified,650,1,Studentenbewegung
unspecified|tentoonstellingscatalogi-vorm,,unspecified,650,1,Tentoonstellingscatalogi (vorm)
unspecified|terrorismus,,unspecified,650,1,Terrorismus
unspecified|travelers-writings,,unspecified,650,1,Travelers' writings
unspecified|united-states,,unspecified,650,1,United States
unspecified|vautier-ben,,unspecified,650,1,"Vautier, Ben"
unspecified|west-africa-small-arms-sale-of-arms-delivery-of-arms-arms-control-disarmament-demobilization-and-reintegration-regional-international-cooperation,,unspecified,650,1,"West Africa -- Small arms -- Sale of arms/delivery of arms -- Arms control -- Disarmament, demobilization and reintegration -- Regional international cooperation"
unspecified|westafrika-kleinwaffen-waffenverk-ufe-waffenlieferungen-r-stungskontrolle-disarmament-demobilization-and-reintegration-regionale-internationale-zusammenarbeit,,unspecified,650,1,"Westafrika -- Kleinwaffen -- Waffenverkäufe/Waffenlieferungen -- Rüstungskontrolle -- Disarmament, Demobilization and Reintegration -- Regionale internationale Zusammenarbeit"
unspecified|wewerka-steffan,,unspecified,650,1,"Wewerka, Steffan"
unspecified|women-in-art,,unspecified,650,1,Women in art
unspecified|world-history,,unspecified,650,1,World history
unspecified|zeichnung,,unspecified,650,1,Zeichnung
