cluster,labels,include,conceptId,category,prefLabel,exactMatch,note
none|aalst,Aalst,y,aalst-be,geographic-city,Aalst (Belgium),http://id.loc.gov/authorities/names/n81035796,
none|abkhazia-georgia-ethnic-relations,Abkhazia (Georgia) -- Ethnic relations,y,abkhazia-georgia-ethnic-relations,geographic,Abkhazia (Georgia) -- Ethnic relations,,auto-seeded draft; review,""
http://id.worldcat.org/fast/1205406.,Afghanistan,y,afghanistan,geographic-country,Afghanistan,,
http://id.worldcat.org/fast/1239509.,Africa,y,africa,geographic-continent,Africa,,
http://id.worldcat.org/fast/1204694.,Alabama,y,alabama-us,geographic-state-province,Alabama (United States),,
none|alabama-rural-conditions,Alabama -- Rural conditions,y,alabama-rural-conditions,geographic,Alabama -- Rural conditions,,auto-seeded draft; review
http://id.worldcat.org/fast/1243455.,Alaska -- Brooks Range,y,brooks-range,geographic-landmass,"Brooks Range (Alaska, US)",,
http://id.worldcat.org/fast/1226682.,Albania,y,albania,geographic-country,Albania,,
none|albania-foreign-relations-china-pictorial-works,Albania -- Foreign relations -- China -- Pictorial works,y,albania-foreign-relations-china-pictorial-works,geographic,Albania -- Foreign relations -- China -- Pictorial works,,auto-seeded draft; review
(OCoLC)fst01204828,Alberta,y,alberta-ca,geographic-state-province,Alberta (Canada),http://id.worldcat.org/fast/1204828,
none|algeria-history-revolution-1954-1962-pictorial-works,"Algeria -- History -- Revolution, 1954-1962 -- Pictorial works",y,revolution-algeria-1954-1962,event,"Revolution (Algeria : 1954-1962)",https://id.worldcat.org/fast/1354461,
http://id.worldcat.org/fast/1239786.,America,n,,,,,too broad
none|america-history-pictorial-works,America -- History -- Pictorial works,n,,,,,too broad/unspecific
none|amou-daria,Amou-Daria,y,amu-darya,geographic-water,Amu-Darya (River),https://id.loc.gov/authorities/subjects/sh85004683.html,
none|amsterdam-netherlands,Amsterdam (Netherlands),y,amsterdam-nl,geographic-city,Amsterdam (Netherlands),http://id.loc.gov/authorities/names/n78095634,
none|amu-darya,Amu Darya,y,amu-darya,geographic,,,
http://id.worldcat.org/fast/1240128.,Arab countries,n,,,,,too broad
none|araucan-a-chile-description-and-travel-pictorial-works,Araucanía (Chile) -- Description and travel -- Pictorial works,y,araucania-cl,geographic-region,Araucanía (Chile),https://www.getty.edu/vow/TGNFullDisplay?find=&place=&nation=&logic=&note=&role=&subjectid=1001692,
http://id.worldcat.org/fast/1243320.,Arctic Ocean -- White Sea,y,white-sea,geographic-water,White Sea,,
http://id.worldcat.org/fast/1240227.,Arctic Regions,y,arctic,geographic-region,Arctic region,,
none|arctic-regions-pictorial-works,Arctic regions -- Pictorial works,y,arctic,geographic-region,,,
http://id.worldcat.org/fast/1205614.,Argentina,y,argentina,geographic-country,Argentina,,
fast|argentina,Argentina,y,argentina,geographic-country,,,
http://id.worldcat.org/fast/1205786.,Argentina -- Buenos Aires,y,buenos-aires-ar,geographic-city,Buenos Aires (Argentina),,
http://id.worldcat.org/fast/1208241.,Argentina -- Córdoba,y,cordoba-ar,geographic-state-province,Córdoba Province (Argentina),,
none|argentina-moral-conditions,Argentina -- Moral conditions,y,argentina-moral-conditions,geographic,Argentina -- Moral conditions,,auto-seeded draft; review
none|argentina-quotations-maxims-etc,"Argentina -- Quotations, maxims, etc",y,argentina,geographic-country,"",,
http://id.loc.gov/authorities/subjects/sh85007071.,Argentina -- Social conditions,y,argentina-social-conditions,geographic,Argentina -- Social conditions,,auto-seeded draft; review
http://id.worldcat.org/fast/1204820.,Arizona,y,arizona-us,geographic-state-province,Arizona (United States),,
http://id.worldcat.org/fast/1308848.,Arizona -- Grand Canyon National Park,y,grand-canyon-park,geographic-park,Grand Canyon National Park,,
http://id.worldcat.org/fast/1240495.,Asia,y,asia,geographic-continent,Asia,,
(OCoLC)fst01239830,Asia - Amu Darya,y,amu-darya,geographic-water,,,
http://id.worldcat.org/fast/1333948.,Asia -- Mount Everest,y,mount-everest,geographic-landmass,Mount Everest,,
none|assisi-italy-in-art,Assisi (Italy) -- In art,y,assisi-it,geographic-inhabited-place,Assisi (Italy),,
none|atlanta-ga-fiction,Atlanta (Ga.) -- Fiction,y,atlanta-us,geographic-city,"",,fiction is construction term
none|atlanta-ga-history,Atlanta (Ga.) -- History,y,atlanta-ga-history,geographic,Atlanta (Ga.) -- History,,auto-seeded draft; review
none|atlanta-ga-pictorial-works,Atlanta (Ga.) -- Pictorial works,y,atlanta-us,geographic-city,"Atlanta, Georgia (United States)",https://id.loc.gov/authorities/names/n79023214.html,
http://id.worldcat.org/fast/1204543.,Australia,y,australia,geographic-country,Australia,,
http://id.loc.gov/authorities/names/n80006292,Baghdad (Iraq),y,baghdad-iq,geographic-city,Baghdad (Iraq),,
http://id.worldcat.org/fast/1241484.,Balkan Peninsula,y,balkans,geographic-region,Balkans,,
none|bamako-mali-pictorial-works,Bamako (Mali) -- Pictorial works,y,bamako-ml,geographic-city,"Bamako (Mali) ",,
none|bangkok-thailand-description-and-travel,Bangkok (Thailand) -- Description and travel,y,bangkok-th,geographic-city,Bangkok (Thailand) ,,
none|bangkok-thailand-social-life-and-customs-comic-books-strips-etc,"Bangkok (Thailand) -- Social life and customs -- Comic books, strips, etc",y,bangkok-thailand-social-life-and-customs-comic-books-strips-etc,geographic,"Bangkok (Thailand) -- Social life and customs -- Comic books, strips, etc",,auto-seeded draft; review
none|beijing-china-pictorial-works-artists-books,Beijing (China) -- Pictorial works -- Artists' books,y,beijing-cn,geographic-city,Beijing (China),https://id.loc.gov/authorities/names/n79076155.html,
none|beirut-lebanon-pictorial-works,Beirut (Lebanon) -- Pictorial works,y,beirut-lb,geographic-city,Beirut (Lebanon),https://id.loc.gov/authorities/names/n83068103.html,
none|belgi,België,y,belgium,geographic-country,Belgium,http://id.worldcat.org/fast/1210278.,
http://id.worldcat.org/fast/1210278.,Belgium,y,belgium,geographic-country,,,
http://id.worldcat.org/fast/1208177.,Belgium -- Charleroi,y,charleroi-be,geographic-city,Charleroi (Belgium),,
http://id.loc.gov/authorities/subjects/sh2008114395.,Belgium -- Maps,y,belgium,geographic-country,,,maps is construction term
http://id.worldcat.org/fast/1876858.,Belgium -- Neuville-en-Condroz,y,neuville-be,geographic-inhabited-place,Neuville-en-Condroz (Belgium),,
none|belsunce-marseille-france-buildings-structures-etc-pictorial-works,"Belsunce (Marseille, France) -- Buildings, structures, etc -- Pictorial works",y,belsunce-marseille-france-buildings-structures-etc-pictorial-works,geographic,"Belsunce (Marseille, France) -- Buildings, structures, etc -- Pictorial works",,auto-seeded draft; review
none|bengal-india-in-art,Bengal (India) -- In art,y,bengal-in,geographic-region,Bengal (India),,
http://id.loc.gov/authorities/subjects/sh2008114411,"Berlin (Germany) -- Buildings, structures, etc",y,berlin-germany-buildings-structures-etc,geographic,"Berlin (Germany) -- Buildings, structures, etc",,auto-seeded draft; review
http://id.loc.gov/authorities/subjects/sh2008114414.,Berlin (Germany) -- Pictorial works,y,berlin-de,geographic-city,Berlin (Germany),,
none|bikini-atoll-marshall-islands,Bikini Atoll (Marshall Islands),y,bikini-atoll-mh,geographic-island,Bikini Atoll (Marshall Islands),,
none|biloxi-miss-in-art,Biloxi (Miss.) -- In art,y,biloxi-us,geographic-city,"Biloxi, Mississippi (United States)",,
none|bogot-colombia-pictorial-works,Bogotá (Colombia) -- Pictorial works,y,bogota-co,geographic-city,Bogotá (Colombia),,
http://id.worldcat.org/fast/1205549.,Bolivia,y,bolivia,geographic-country,Bolivia,,
http://id.loc.gov/authorities/subjects/sh93000607.,"Bowery (New York, N.Y. : Street)",y,manhattan-us,geographic-inhabited-place,"Manhattan (New York, United States)",,
http://id.worldcat.org/fast/1206830.,Brazil,y,brazil,geographic-country,Brazil,,
http://id.loc.gov/authorities/names/n79128015,Brazil,y,brazil,geographic-country,,,
http://id.worldcat.org/fast/1205761.,Brazil -- São Paulo,y,sao-paulo-br,geographic,São Paulo (Brazil),,
none|brazil-social-conditions-poetry,Brazil -- Social conditions -- Poetry,y,brazil-social-conditions-poetry,geographic,Brazil -- Social conditions -- Poetry,,auto-seeded draft; review
none|bristol-england-history,Bristol (England) -- History,y,bristol-england-history,geographic,Bristol (England) -- History,,auto-seeded draft; review
http://id.worldcat.org/fast/1211882.,British Columbia -- Vancouver,y,vancouver-ca,geographic-city,"Vancouver, British Columbia (Canada)",,
none|brockman-s-mount-kent-england-pictorial-works,"Brockman's Mount (Kent, England) -- Pictorial works",y,brockmans-mount-gb,geographic-landmass,"Brockman's Mount (Kent, England)",,
none|brockman-s-mount-kent-england-pictorial-works-exhibitions,"Brockman's Mount (Kent, England) -- Pictorial works -- Exhibitions",y,brockman-s-mount-kent-england-pictorial-works-exhibitions,geographic,"Brockman's Mount (Kent, England) -- Pictorial works -- Exhibitions",,auto-seeded draft; review
none|brooklyn-bridge-new-york-n-y-pictorial-works,"Brooklyn Bridge (New York, N.Y.) -- Pictorial works",y,brooklyn-bridge-us,geographic-structure,"Brooklyn Bridge (New York, United States)",,
none|brooks-range-alaska-photographs,Brooks Range (Alaska) -- Photographs,y,brooks-range,geographic-landmass,,,photgraphs is construction method
none|buenos-aires-argentina-miscellanea,Buenos Aires (Argentina) -- Miscellanea,y,buenos-aires-ar,geographic-city,,,
http://id.loc.gov/authorities/subjects/sh2008114518.,Buenos Aires (Argentina) -- Pictorial works,y,buenos-aires-ar,geographic-city,,,
none|byzantine-empire-in-art,Byzantine Empire -- In art,y,byzantine-empire,geographic-historical,Byzantine Empire,https://id.worldcat.org/fast/1209292,
http://id.worldcat.org/fast/1204928.,California,y,california,geographic,California,,auto-seeded draft; review
(OCoLC)fst01204928.,California,y,california,geographic,California,,auto-seeded draft; review
http://id.loc.gov/authorities/names/n79041717,California,y,california,geographic,California,,auto-seeded draft; review
(OCoLC)fst01204540,California - Los Angeles,y,california-los-angeles,geographic,California -- Los Angeles,,auto-seeded draft; review
none|california-emigration-and-immigration-social-aspects-fiction,California -- Emigration and immigration -- Social aspects -- Fiction,y,california-emigration-and-immigration-social-aspects-fiction,geographic,California -- Emigration and immigration -- Social aspects -- Fiction,,auto-seeded draft; review
none|california-emigration-and-immigration-social-aspects-juvenile-fiction,California -- Emigration and immigration -- Social aspects -- Juvenile fiction,y,california-emigration-and-immigration-social-aspects-juvenile-fiction,geographic,California -- Emigration and immigration -- Social aspects -- Juvenile fiction,,auto-seeded draft; review
none|california-in-art,California -- In art,y,california-in-art,geographic,California -- In art,,auto-seeded draft; review
http://id.worldcat.org/fast/1204540.,California -- Los Angeles,y,california-los-angeles,geographic,California -- Los Angeles,,auto-seeded draft; review
fast|california-los-angeles,California -- Los Angeles,y,california-los-angeles,geographic,California -- Los Angeles,,auto-seeded draft; review
(OCoLC)fst01204540.,California -- Los Angeles,y,california-los-angeles,geographic,California -- Los Angeles,,auto-seeded draft; review
http://id.worldcat.org/fast/1316330.,California -- Los Angeles -- Hollywood Boulevard,y,california-los-angeles-hollywood-boulevard,geographic,California -- Los Angeles -- Hollywood Boulevard,,auto-seeded draft; review
http://id.worldcat.org/fast/1317002.,California -- Los Angeles -- Sunset Boulevard,y,california-los-angeles-sunset-boulevard,geographic,California -- Los Angeles -- Sunset Boulevard,,auto-seeded draft; review
fast|california-san-francisco,California -- San Francisco,y,california-san-francisco,geographic,California -- San Francisco,,auto-seeded draft; review
http://id.worldcat.org/fast/1204481.,California -- San Francisco,y,california-san-francisco,geographic,California -- San Francisco,,auto-seeded draft; review
http://id.worldcat.org/fast/1270333.,California -- San Joaquin Valley,y,california-san-joaquin-valley,geographic,California -- San Joaquin Valley,,auto-seeded draft; review
http://id.worldcat.org/fast/1316612.,California -- Santa Clara Valley (Santa Clara County),y,california-santa-clara-valley-santa-clara-county,geographic,California -- Santa Clara Valley (Santa Clara County),,auto-seeded draft; review
(OCoLC)fst01205880,California -- Santa Cruz,y,california-santa-cruz,geographic,California -- Santa Cruz,,auto-seeded draft; review
(OCoLC)fst01219044,California -- Sebastopol,y,california-sebastopol,geographic,California -- Sebastopol,,auto-seeded draft; review
none|california-social-life-and-customs-21st-century-pictorial-works,California -- Social life and customs -- 21st century -- Pictorial works,y,california-social-life-and-customs-21st-century-pictorial-works,geographic,California -- Social life and customs -- 21st century -- Pictorial works,,auto-seeded draft; review
http://id.worldcat.org/fast/1207659.,Cambodia,y,cambodia,geographic,Cambodia,,auto-seeded draft; review
http://id.loc.gov/authorities/subjects/sh85019084.,Cambodia -- History,y,cambodia-history,geographic,Cambodia -- History,,auto-seeded draft; review
none|cambodia-pictorial-works,Cambodia -- Pictorial works,y,cambodia-pictorial-works,geographic,Cambodia -- Pictorial works,,auto-seeded draft; review
none|campeche-campeche-mexico-pictorial-works,"Campeche (Campeche, Mexico) -- Pictorial works",y,campeche-campeche-mexico-pictorial-works,geographic,"Campeche (Campeche, Mexico) -- Pictorial works",,auto-seeded draft; review
http://id.worldcat.org/fast/1204310.,Canada,y,canada-geographic,geographic,Canada,,auto-seeded draft; review
fast|canada,Canada,y,canada-geographic,geographic,Canada,,auto-seeded draft; review
none|canada,Canada,y,canada-geographic,geographic,Canada,,auto-seeded draft; review
http://id.worldcat.org/fast/1244080.,Caribbean Area,y,caribbean-area,geographic,Caribbean Area,,auto-seeded draft; review
none|carlisle-mass-pictorial-works,Carlisle (Mass.) -- Pictorial works,y,carlisle-mass-pictorial-works,geographic,Carlisle (Mass.) -- Pictorial works,,auto-seeded draft; review
http://id.worldcat.org/fast/1244425.,Caucasus,y,caucasus,geographic,Caucasus,,auto-seeded draft; review
none|caucasus-in-art-exhibitions,Caucasus -- In art -- Exhibitions,y,caucasus-in-art-exhibitions,geographic,Caucasus -- In art -- Exhibitions,,auto-seeded draft; review
http://id.worldcat.org/fast/1343044.,Caucasus Region,y,caucasus-region,geographic,Caucasus Region,,auto-seeded draft; review
http://id.loc.gov/authorities/names/no2024012546,Cayuga Nation,y,cayuga-nation,geographic,Cayuga Nation,,auto-seeded draft; review
none|cayuga-nation-history-pictorial-works,Cayuga Nation -- History -- Pictorial works,y,cayuga-nation-history-pictorial-works,geographic,Cayuga Nation -- History -- Pictorial works,,auto-seeded draft; review
http://id.worldcat.org/fast/1240497.,Central Asia,y,central-asia,geographic,Central Asia,,auto-seeded draft; review
http://id.worldcat.org/fast/1244544.,Central Europe,y,central-europe,geographic,Central Europe,,auto-seeded draft; review
none|charleroi-belgium-environmental-conditions,Charleroi (Belgium) -- Environmental conditions,y,charleroi-belgium-environmental-conditions,geographic,Charleroi (Belgium) -- Environmental conditions,,auto-seeded draft; review
none|charlottesville-va-fiction,Charlottesville (Va.) -- Fiction,y,charlottesville-va-fiction,geographic,Charlottesville (Va.) -- Fiction,,auto-seeded draft; review
none|chattanooga-tenn-pictorial-works,Chattanooga (Tenn.) -- Pictorial works,y,chattanooga-tenn-pictorial-works,geographic,Chattanooga (Tenn.) -- Pictorial works,,auto-seeded draft; review
http://id.loc.gov/authorities/subjects/sh94005637.,"Chiapas (Mexico) -- History -- Peasant Uprising, 1994-",y,chiapas-mexico-history-peasant-uprising-1994,geographic,"Chiapas (Mexico) -- History -- Peasant Uprising, 1994-",,auto-seeded draft; review
none|chicago-ill-views,Chicago (Ill.) -- Views,y,chicago-ill-views,geographic,Chicago (Ill.) -- Views,,auto-seeded draft; review
http://id.worldcat.org/fast/1205362.,Chile,y,chile,geographic,Chile,,auto-seeded draft; review
http://id.worldcat.org/fast/1246236.,Chile -- Araucanía,y,chile-araucan-a,geographic,Chile -- Araucanía,,auto-seeded draft; review
none|chile-history-1973-1988-in-art,Chile -- History -- 1973-1988 -- In art,y,chile-history-1973-1988-in-art,geographic,Chile -- History -- 1973-1988 -- In art,,auto-seeded draft; review
none|chile-history-21st-century,Chile -- History -- 21st century,y,chile-history-21st-century,geographic,Chile -- History -- 21st century,,auto-seeded draft; review
none|chile-history-coup-d-tat-1973-in-art,"Chile -- History -- Coup d'état, 1973 -- In art",y,chile-history-coup-d-tat-1973-in-art,geographic,"Chile -- History -- Coup d'état, 1973 -- In art",,auto-seeded draft; review
none|chile-history-coup-d-tat-1973-miscellanea,"Chile -- History -- Coup d'état, 1973 -- Miscellanea",y,chile-history-coup-d-tat-1973-miscellanea,geographic,"Chile -- History -- Coup d'état, 1973 -- Miscellanea",,auto-seeded draft; review
none|chile-politics-and-government-in-art,Chile -- Politics and government -- In art,y,chile-politics-and-government-in-art,geographic,Chile -- Politics and government -- In art,,auto-seeded draft; review
none|chile-politics-and-government-miscellanea,Chile -- Politics and government -- Miscellanea,y,chile-politics-and-government-miscellanea,geographic,Chile -- Politics and government -- Miscellanea,,auto-seeded draft; review
none|chile-social-conditions-21st-century,Chile -- Social conditions -- 21st century,y,chile-social-conditions-21st-century,geographic,Chile -- Social conditions -- 21st century,,auto-seeded draft; review
http://id.worldcat.org/fast/1206073.,China,y,china,geographic,China,,auto-seeded draft; review
http://id.worldcat.org/fast/1205740.,China -- Beijing,y,china-beijing,geographic,China -- Beijing,,auto-seeded draft; review
http://id.worldcat.org/fast/1316233.,China -- Beijing -- Tian'an Men,y,china-beijing-tian-an-men,geographic,China -- Beijing -- Tian'an Men,,auto-seeded draft; review
none|china-foreign-relations-albania-pictorial-works,China -- Foreign relations -- Albania -- Pictorial works,y,china-foreign-relations-albania-pictorial-works,geographic,China -- Foreign relations -- Albania -- Pictorial works,,auto-seeded draft; review
http://id.worldcat.org/fast/1232826.,China -- Garze Zangzu Zizhizhou,y,china-garze-zangzu-zizhizhou,geographic,China -- Garze Zangzu Zizhizhou,,auto-seeded draft; review
none|china-history-tiananmen-square-incident-1989-press-coverage,"China -- History -- Tiananmen Square Incident, 1989 -- Press coverage",y,china-history-tiananmen-square-incident-1989-press-coverage,geographic,"China -- History -- Tiananmen Square Incident, 1989 -- Press coverage",,auto-seeded draft; review
http://id.loc.gov/authorities/subjects/sh85024186.,China -- Social life and customs,y,china-social-life-and-customs,geographic,China -- Social life and customs,,auto-seeded draft; review
http://id.worldcat.org/fast/1328820.,China -- Suzhou (Jiangsu Sheng),y,china-suzhou-jiangsu-sheng,geographic,China -- Suzhou (Jiangsu Sheng),,auto-seeded draft; review
http://id.worldcat.org/fast/1212006.,China -- Xinjiang Uygur Zizhiqu,y,china-xinjiang-uygur-zizhiqu,geographic,China -- Xinjiang Uygur Zizhiqu,,auto-seeded draft; review
http://id.worldcat.org/fast/1205916.,Colombia,y,colombia,geographic,Colombia,,auto-seeded draft; review
http://id.worldcat.org/fast/1204897.,Colombia -- Bogotá,y,colombia-bogot,geographic,Colombia -- Bogotá,,auto-seeded draft; review
none|colombia-pictorial-works,Colombia -- Pictorial works,y,colombia-pictorial-works,geographic,Colombia -- Pictorial works,,auto-seeded draft; review
none|colombia-politics-and-government-caricatures-and-cartoons,Colombia -- Politics and government -- Caricatures and cartoons,y,colombia-politics-and-government-caricatures-and-cartoons,geographic,Colombia -- Politics and government -- Caricatures and cartoons,,auto-seeded draft; review
http://id.worldcat.org/fast/1205688.,Connecticut,y,connecticut,geographic,Connecticut,,auto-seeded draft; review
none|corner-brook-n-l,Corner Brook (N.L.),y,corner-brook-n-l,geographic,Corner Brook (N.L.),,auto-seeded draft; review
none|cotswold-hills-england-description-and-travel,Cotswold Hills (England) -- Description and travel,y,cotswold-hills-england-description-and-travel,geographic,Cotswold Hills (England) -- Description and travel,,auto-seeded draft; review
none|crux-constellation,Crux (Constellation),y,crux-constellation,geographic,Crux (Constellation),,auto-seeded draft; review
http://id.worldcat.org/fast/1205805.,Cuba,y,cuba,geographic,Cuba,,auto-seeded draft; review
fast|cuba,Cuba,y,cuba,geographic,Cuba,,auto-seeded draft; review
http://id.loc.gov/authorities/subjects/sh85034549.,Cuba -- Civilization -- African influences,y,cuba-civilization-african-influences,geographic,Cuba -- Civilization -- African influences,,auto-seeded draft; review
none|cuba-description-and-travel,Cuba -- Description and travel,y,cuba-description-and-travel,geographic,Cuba -- Description and travel,,auto-seeded draft; review
http://id.worldcat.org/fast/1205198.,Cuba -- Havana,y,cuba-havana,geographic,Cuba -- Havana,,auto-seeded draft; review
http://id.loc.gov/authorities/subjects/sh85034561.,Cuba -- History,y,cuba-history,geographic,Cuba -- History,,auto-seeded draft; review
http://id.loc.gov/authorities/subjects/sh85034569.,Cuba -- History -- 1878-1895,y,cuba-history-1878-1895,geographic,Cuba -- History -- 1878-1895,,auto-seeded draft; review
none|cuba-imperialism,Cuba -- Imperialism,y,cuba-imperialism,geographic,Cuba -- Imperialism,,auto-seeded draft; review
http://id.worldcat.org/fast/1231371.,Cuba -- Matanzas,y,cuba-matanzas,geographic,Cuba -- Matanzas,,auto-seeded draft; review
none|cuba-pictorial-works,Cuba -- Pictorial works,y,cuba-pictorial-works,geographic,Cuba -- Pictorial works,,auto-seeded draft; review
http://id.loc.gov/authorities/subjects/sh85034593.,Cuba -- Politics and government,y,cuba-politics-and-government,geographic,Cuba -- Politics and government,,auto-seeded draft; review
http://id.loc.gov/authorities/subjects/sh85034594.,Cuba -- Politics and government -- 1810-1899,y,cuba-politics-and-government-1810-1899,geographic,Cuba -- Politics and government -- 1810-1899,,auto-seeded draft; review
none|cumberland-island-ga,Cumberland Island (Ga.),y,cumberland-island-ga,geographic,Cumberland Island (Ga.),,auto-seeded draft; review
http://id.worldcat.org/fast/1256743.,Czech Republic,y,czech-republic,geographic,Czech Republic,,auto-seeded draft; review
none|death-valley-calif-and-nev-pictorial-works,Death Valley (Calif. and Nev.) -- Pictorial works,y,death-valley-calif-and-nev-pictorial-works,geographic,Death Valley (Calif. and Nev.) -- Pictorial works,,auto-seeded draft; review
(DE-576)208896201,Deutschland,y,deutschland,geographic,Deutschland,,auto-seeded draft; review
http://id.worldcat.org/fast/1860481.,Earth (Planet),y,earth-planet,geographic,Earth (Planet),,auto-seeded draft; review
none|earth-planet-orbit-pictorial-works,Earth (Planet) -- Orbit -- Pictorial works,y,earth-planet-orbit-pictorial-works,geographic,Earth (Planet) -- Orbit -- Pictorial works,,auto-seeded draft; review
http://id.worldcat.org/fast/1245079.,Eastern Europe,y,eastern-europe,geographic,Eastern Europe,,auto-seeded draft; review
http://id.worldcat.org/fast/1208755.,Egypt,y,egypt,geographic,Egypt,,auto-seeded draft; review
http://id.worldcat.org/fast/1205204.,Egypt -- Cairo,y,egypt-cairo,geographic,Egypt -- Cairo,,auto-seeded draft; review
http://id.worldcat.org/fast/1919583.,Egypt -- Cairo -- Maydān al-Taḥrīr,y,egypt-cairo-mayd-n-al-ta-r-r,geographic,Egypt -- Cairo -- Maydān al-Taḥrīr,,auto-seeded draft; review
none|egypt-description-and-travel,Egypt -- Description and travel,y,egypt-description-and-travel,geographic,Egypt -- Description and travel,,auto-seeded draft; review
none|egypt-history-21st-century,Egypt -- History -- 21st century,y,egypt-history-21st-century,geographic,Egypt -- History -- 21st century,,auto-seeded draft; review
none|egypt-history-protests-2011,"Egypt -- History -- Protests, 2011-",y,egypt-history-protests-2011,geographic,"Egypt -- History -- Protests, 2011-",,auto-seeded draft; review
http://id.loc.gov/authorities/subjects/sh2011004490.,"Egypt -- History -- Protests, 2011-2013",y,egypt-history-protests-2011-2013,geographic,"Egypt -- History -- Protests, 2011-2013",,auto-seeded draft; review
none|egypt-history-protests-2011-2013-pictorial-works,"Egypt -- History -- Protests, 2011-2013 -- Pictorial works",y,egypt-history-protests-2011-2013-pictorial-works,geographic,"Egypt -- History -- Protests, 2011-2013 -- Pictorial works",,auto-seeded draft; review
none|egypt-in-art,Egypt -- In art,y,egypt-in-art,geographic,Egypt -- In art,,auto-seeded draft; review
none|egypt-politics-and-government-21st-century-pictorial-works,Egypt -- Politics and government -- 21st century -- Pictorial works,y,egypt-politics-and-government-21st-century-pictorial-works,geographic,Egypt -- Politics and government -- 21st century -- Pictorial works,,auto-seeded draft; review
none|el-paso-tex-in-art,El Paso (Tex.) -- In art,y,el-paso-tex-in-art,geographic,El Paso (Tex.) -- In art,,auto-seeded draft; review
http://id.worldcat.org/fast/1219920.,England,y,england,geographic,England,,auto-seeded draft; review
(OCoLC)fst01219920,England,y,england,geographic,England,,auto-seeded draft; review
fast|england,England,y,england,geographic,England,,auto-seeded draft; review
none|england-drama,England -- Drama,y,england-drama,geographic,England -- Drama,,auto-seeded draft; review
http://id.worldcat.org/fast/1204271.,England -- London,y,england-london,geographic,England -- London,,auto-seeded draft; review
(OCoLC)fst01204271,England -- London,y,england-london,geographic,England -- London,,auto-seeded draft; review
none|england-poetry,England -- Poetry,y,england-poetry,geographic,England -- Poetry,,auto-seeded draft; review
http://id.worldcat.org/fast/1239979.,England -- Thames River,y,england-thames-river,geographic,England -- Thames River,,auto-seeded draft; review
none|epynt-mountain-wales,Epynt Mountain (Wales),y,epynt-mountain-wales,geographic,Epynt Mountain (Wales),,auto-seeded draft; review
none|epynt-mountain-wales-pictorial-works,Epynt Mountain (Wales) -- Pictorial works,y,epynt-mountain-wales-pictorial-works,geographic,Epynt Mountain (Wales) -- Pictorial works,,auto-seeded draft; review
none|eugene-or-statistics,Eugene (Or.) -- Statistics,y,eugene-or-statistics,geographic,Eugene (Or.) -- Statistics,,auto-seeded draft; review
http://id.worldcat.org/fast/1245058.,Eurasia,y,eurasia,geographic,Eurasia,,auto-seeded draft; review
none|eurasia-in-art-exhibitions,Eurasia -- In art -- Exhibitions,y,eurasia-in-art-exhibitions,geographic,Eurasia -- In art -- Exhibitions,,auto-seeded draft; review
http://id.worldcat.org/fast/1245064.,Europe,y,europe,geographic,Europe,,auto-seeded draft; review
none|europe-pictorial-works,Europe -- Pictorial works,y,europe-pictorial-works,geographic,Europe -- Pictorial works,,auto-seeded draft; review
none|europe-central-history-pictorial-works,"Europe, Central -- History -- Pictorial works",y,europe-central-history-pictorial-works,geographic,"Europe, Central -- History -- Pictorial works",,auto-seeded draft; review
none|europe-eastern-history-pictorial-works,"Europe, Eastern -- History -- Pictorial works",y,europe-eastern-history-pictorial-works,geographic,"Europe, Eastern -- History -- Pictorial works",,auto-seeded draft; review
none|europe-southern-economic-conditions-21st-century,"Europe, Southern -- Economic conditions -- 21st century",y,europe-southern-economic-conditions-21st-century,geographic,"Europe, Southern -- Economic conditions -- 21st century",,auto-seeded draft; review
none|europe-southern-pictorial-works,"Europe, Southern -- Pictorial works",y,europe-southern-pictorial-works,geographic,"Europe, Southern -- Pictorial works",,auto-seeded draft; review
none|europe-southern-social-conditions,"Europe, Southern -- Social conditions",y,europe-southern-social-conditions,geographic,"Europe, Southern -- Social conditions",,auto-seeded draft; review
none|everest-mount-china-and-nepal-pictorial-works,"Everest, Mount (China and Nepal) -- Pictorial works",y,everest-mount-china-and-nepal-pictorial-works,geographic,"Everest, Mount (China and Nepal) -- Pictorial works",,auto-seeded draft; review
none|florence-italy-in-art,Florence (Italy) -- In art,y,florence-italy-in-art,geographic,Florence (Italy) -- In art,,auto-seeded draft; review
none|florence-italy-pictorial-works,Florence (Italy) -- Pictorial works,y,florence-italy-pictorial-works,geographic,Florence (Italy) -- Pictorial works,,auto-seeded draft; review
none|florida-fiction,Florida -- Fiction,y,florida-fiction,geographic,Florida -- Fiction,,auto-seeded draft; review
http://id.worldcat.org/fast/1214008.,Florida -- Palmetto,y,florida-palmetto,geographic,Florida -- Palmetto,,auto-seeded draft; review
http://id.worldcat.org/fast/1206534.,Florida -- Tallahassee,y,florida-tallahassee,geographic,Florida -- Tallahassee,,auto-seeded draft; review
none|forbidden-city-beijing-china-pictorial-works,"Forbidden City (Beijing, China) -- Pictorial works",y,forbidden-city-beijing-china-pictorial-works,geographic,"Forbidden City (Beijing, China) -- Pictorial works",,auto-seeded draft; review
http://id.worldcat.org/fast/1204289.,France,y,france-geographic,geographic,France,,auto-seeded draft; review
none|france-court-and-courtiers,France -- Court and courtiers,y,france-court-and-courtiers,geographic,France -- Court and courtiers,,auto-seeded draft; review
none|france-history-revolution-1789-1799-miscellanea,"France -- History -- Revolution, 1789-1799 -- Miscellanea",y,france-history-revolution-1789-1799-miscellanea,geographic,"France -- History -- Revolution, 1789-1799 -- Miscellanea",,auto-seeded draft; review
(OCoLC)fst01206417,France -- Marseille,y,france-marseille,geographic,France -- Marseille,,auto-seeded draft; review
(OCoLC)fst01323415,France -- Marseille -- Belsunce,y,france-marseille-belsunce,geographic,France -- Marseille -- Belsunce,,auto-seeded draft; review
none|fuji-mount-japan-pictorial-works,"Fuji, Mount (Japan) -- Pictorial works",y,fuji-mount-japan-pictorial-works,geographic,"Fuji, Mount (Japan) -- Pictorial works",,auto-seeded draft; review
none|furka-pass-switzerland-in-art-exhibitions,Furka Pass (Switzerland) -- In art -- Exhibitions,y,furka-pass-switzerland-in-art-exhibitions,geographic,Furka Pass (Switzerland) -- In art -- Exhibitions,,auto-seeded draft; review
none|galapagos-islands-description-and-travel,Galapagos Islands -- Description and travel,y,galapagos-islands-description-and-travel,geographic,Galapagos Islands -- Description and travel,,auto-seeded draft; review
none|garze-zangzu-zizhizhou-china-description-and-travel,Garze Zangzu Zizhizhou (China) -- Description and travel,y,garze-zangzu-zizhizhou-china-description-and-travel,geographic,Garze Zangzu Zizhizhou (China) -- Description and travel,,auto-seeded draft; review
none|garze-zangzu-zizhizhou-china-pictorial-works,Garze Zangzu Zizhizhou (China) -- Pictorial works,y,garze-zangzu-zizhizhou-china-pictorial-works,geographic,Garze Zangzu Zizhizhou (China) -- Pictorial works,,auto-seeded draft; review
none|garze-zangzu-zizhizhou-china-religion,Garze Zangzu Zizhizhou (China) -- Religion,y,garze-zangzu-zizhizhou-china-religion,geographic,Garze Zangzu Zizhizhou (China) -- Religion,,auto-seeded draft; review
http://id.worldcat.org/fast/1240021.,Gaza Strip,y,gaza-strip,geographic,Gaza Strip,,auto-seeded draft; review
http://id.worldcat.org/fast/1204622.,Georgia,y,georgia,geographic,Georgia,,auto-seeded draft; review
http://id.worldcat.org/fast/1204627.,Georgia -- Atlanta,y,georgia-atlanta,geographic,Georgia -- Atlanta,,auto-seeded draft; review
none|georgia-music,Georgia -- Music,y,georgia-music,geographic,Georgia -- Music,,auto-seeded draft; review
none|georgia-pictorial-works,Georgia -- Pictorial works,y,georgia-pictorial-works,geographic,Georgia -- Pictorial works,,auto-seeded draft; review
http://id.worldcat.org/fast/1333716.,Georgia -- Saint Simons Island (Island),y,georgia-saint-simons-island-island,geographic,Georgia -- Saint Simons Island (Island),,auto-seeded draft; review
none|georgia-social-life-and-customs-21st-century-pictorial-works,Georgia -- Social life and customs -- 21st century -- Pictorial works,y,georgia-social-life-and-customs-21st-century-pictorial-works,geographic,Georgia -- Social life and customs -- 21st century -- Pictorial works,,auto-seeded draft; review
http://id.worldcat.org/fast/1221658.,Georgia (Republic),y,georgia-republic,geographic,Georgia (Republic),,auto-seeded draft; review
http://id.worldcat.org/fast/1262882.,Georgia (Republic) -- Abkhazia,y,georgia-republic-abkhazia,geographic,Georgia (Republic) -- Abkhazia,,auto-seeded draft; review
http://id.loc.gov/authorities/subjects/sh2008115138.,Georgia (Republic) -- Ethnic relations,y,georgia-republic-ethnic-relations,geographic,Georgia (Republic) -- Ethnic relations,,auto-seeded draft; review
http://id.worldcat.org/fast/1206337.,Georgia (Republic) -- Tʻbilisi,y,georgia-republic-t-bilisi,geographic,Georgia (Republic) -- Tʻbilisi,,auto-seeded draft; review
http://id.worldcat.org/fast/1210272.,Germany,y,germany,geographic,Germany,,auto-seeded draft; review
http://id.worldcat.org/fast/1204829.,Germany -- Berlin,y,germany-berlin,geographic,Germany -- Berlin,,auto-seeded draft; review
none|germany-aachen,Germany ; Aachen,y,germany-aachen,geographic,Germany ; Aachen,,auto-seeded draft; review
http://id.loc.gov/authorities/subjects/sh89000304,Gila National Forest (N.M.),y,gila-national-forest-n-m,geographic,Gila National Forest (N.M.),,auto-seeded draft; review
none|glasgow-scotland-fiction,Glasgow (Scotland) -- Fiction,y,glasgow-scotland-fiction,geographic,Glasgow (Scotland) -- Fiction,,auto-seeded draft; review
none|glasgow-scotland-in-art,Glasgow (Scotland) -- In art,y,glasgow-scotland-in-art,geographic,Glasgow (Scotland) -- In art,,auto-seeded draft; review
http://id.loc.gov/authorities/subjects/sh2005004886.,Grand Canyon National Park (Ariz.),y,grand-canyon-national-park-ariz,geographic,Grand Canyon National Park (Ariz.),,auto-seeded draft; review
http://id.worldcat.org/fast/1204623.,Great Britain,y,great-britain-geographic,geographic,Great Britain,,auto-seeded draft; review
(OCoLC)fst01204623,Great Britain,y,great-britain-geographic,geographic,Great Britain,,auto-seeded draft; review
fast|great-britain,Great Britain,y,great-britain-geographic,geographic,Great Britain,,auto-seeded draft; review
http://id.loc.gov/authorities/subjects/sh85056605.,Great Britain,y,great-britain-geographic,geographic,Great Britain,,auto-seeded draft; review
none|great-britain,Great Britain,y,great-britain-geographic,geographic,Great Britain,,auto-seeded draft; review
http://id.worldcat.org/fast/1208380.,Greece,y,greece,geographic,Greece,,auto-seeded draft; review
http://id.worldcat.org/fast/1204474.,Greece -- Athens,y,greece-athens,geographic,Greece -- Athens,,auto-seeded draft; review
http://id.worldcat.org/fast/1205290.,Greenland,y,greenland,geographic,Greenland,,auto-seeded draft; review
http://id.worldcat.org/fast/1205154.,Guatemala,y,guatemala,geographic,Guatemala,,auto-seeded draft; review
none|guerrero-mexico-state-politics-and-government-21st-century,Guerrero (Mexico : State) -- Politics and government -- 21st century,y,guerrero-mexico-state-politics-and-government-21st-century,geographic,Guerrero (Mexico : State) -- Politics and government -- 21st century,,auto-seeded draft; review
http://id.worldcat.org/fast/1205135.,Haiti,y,haiti,geographic,Haiti,,auto-seeded draft; review
none|haiti-in-art,Haiti -- In art,y,haiti-in-art,geographic,Haiti -- In art,,auto-seeded draft; review
none|hamptons-n-y-fiction,Hamptons (N.Y.) -- Fiction,y,hamptons-n-y-fiction,geographic,Hamptons (N.Y.) -- Fiction,,auto-seeded draft; review
none|hebrides-scotland-in-art,Hebrides (Scotland) -- In art,y,hebrides-scotland-in-art,geographic,Hebrides (Scotland) -- In art,,auto-seeded draft; review
http://id.worldcat.org/fast/1242048.,Himalaya Mountains,y,himalaya-mountains,geographic,Himalaya Mountains,,auto-seeded draft; review
none|himalaya-mountains-pictorial-works,Himalaya Mountains -- Pictorial works,y,himalaya-mountains-pictorial-works,geographic,Himalaya Mountains -- Pictorial works,,auto-seeded draft; review
none|hiroshima-shi-japan-history-bombardment-1945-pictorial-works,"Hiroshima-shi (Japan) -- History -- Bombardment, 1945 -- Pictorial works",y,hiroshima-shi-japan-history-bombardment-1945-pictorial-works,geographic,"Hiroshima-shi (Japan) -- History -- Bombardment, 1945 -- Pictorial works",,auto-seeded draft; review
none|hiroshima-shi-japan-in-art,Hiroshima-shi (Japan) -- In art,y,hiroshima-shi-japan-in-art,geographic,Hiroshima-shi (Japan) -- In art,,auto-seeded draft; review
none|hollywood-boulevard-los-angeles-calif-pictorial-works,"Hollywood Boulevard (Los Angeles, Calif.) -- Pictorial works",y,hollywood-boulevard-los-angeles-calif-pictorial-works,geographic,"Hollywood Boulevard (Los Angeles, Calif.) -- Pictorial works",,auto-seeded draft; review
none|hong-kong-china-in-art,Hong Kong (China) -- In art,y,hong-kong-china-in-art,geographic,Hong Kong (China) -- In art,,auto-seeded draft; review
none|iceland-pictorial-works,Iceland -- Pictorial works,y,iceland-pictorial-works,geographic,Iceland -- Pictorial works,,auto-seeded draft; review
http://id.worldcat.org/fast/1204048.,Illinois -- Chicago,y,illinois-chicago,geographic,Illinois -- Chicago,,auto-seeded draft; review
http://id.worldcat.org/fast/1209847.,Illinois -- Will County,y,illinois-will-county,geographic,Illinois -- Will County,,auto-seeded draft; review
http://id.worldcat.org/fast/1210276.,India,y,india,geographic,India,,auto-seeded draft; review
none|india-history,India -- History,y,india-history,geographic,India -- History,,auto-seeded draft; review
http://id.worldcat.org/fast/1207110.,India -- Jammu and Kashmir,y,india-jammu-and-kashmir,geographic,India -- Jammu and Kashmir,,auto-seeded draft; review
http://id.loc.gov/authorities/subjects/sh2008115428,India -- Pictorial works,y,india-pictorial-works,geographic,India -- Pictorial works,,auto-seeded draft; review
http://id.worldcat.org/fast/1204604.,Indiana,y,indiana,geographic,Indiana,,auto-seeded draft; review
http://id.worldcat.org/fast/1205182.,Indiana -- Indianapolis,y,indiana-indianapolis,geographic,Indiana -- Indianapolis,,auto-seeded draft; review
http://id.worldcat.org/fast/1204889.,Iran,y,iran,geographic,Iran,,auto-seeded draft; review
none|iran-history-revolution-1979-pictorial-works,"Iran -- History -- Revolution, 1979 -- Pictorial works",y,iran-history-revolution-1979-pictorial-works,geographic,"Iran -- History -- Revolution, 1979 -- Pictorial works",,auto-seeded draft; review
http://id.loc.gov/authorities/subjects/sh90001578.,Iran -- Social conditions,y,iran-social-conditions,geographic,Iran -- Social conditions,,auto-seeded draft; review
http://id.worldcat.org/fast/1204877.,Iran -- Tehran,y,iran-tehran,geographic,Iran -- Tehran,,auto-seeded draft; review
http://id.worldcat.org/fast/1228960.,Iran -- Yazd,y,iran-yazd,geographic,Iran -- Yazd,,auto-seeded draft; review
http://id.worldcat.org/fast/1205757.,Iraq,y,iraq,geographic,Iraq,,auto-seeded draft; review
http://id.worldcat.org/fast/1207444.,Iraq -- Baghdad,y,iraq-baghdad,geographic,Iraq -- Baghdad,,auto-seeded draft; review
http://id.worldcat.org/fast/1205427.,Ireland,y,ireland,geographic,Ireland,,auto-seeded draft; review
http://id.loc.gov/authorities/subjects/sh85067977.,Ireland -- Description and travel,y,ireland-description-and-travel,geographic,Ireland -- Description and travel,,auto-seeded draft; review
none|ireland-in-literature,Ireland -- In literature,y,ireland-in-literature,geographic,Ireland -- In literature,,auto-seeded draft; review
none|ireland-politics-and-government,Ireland -- Politics and government,y,ireland-politics-and-government,geographic,Ireland -- Politics and government,,auto-seeded draft; review
http://id.loc.gov/authorities/subjects/sh85068048.,Ireland -- Social life and customs,y,ireland-social-life-and-customs,geographic,Ireland -- Social life and customs,,auto-seeded draft; review
none|ireland-social-life-and-customs-fiction,Ireland -- Social life and customs -- Fiction,y,ireland-social-life-and-customs-fiction,geographic,Ireland -- Social life and customs -- Fiction,,auto-seeded draft; review
http://id.worldcat.org/fast/1204236.,Israel,y,israel,geographic,Israel,,auto-seeded draft; review
none|israel-social-conditions-20th-century-pictorial-works,Israel -- Social conditions -- 20th century -- Pictorial works,y,israel-social-conditions-20th-century-pictorial-works,geographic,Israel -- Social conditions -- 20th century -- Pictorial works,,auto-seeded draft; review
none|israel-social-conditions-21st-century-pictorial-works,Israel -- Social conditions -- 21st century -- Pictorial works,y,israel-social-conditions-21st-century-pictorial-works,geographic,Israel -- Social conditions -- 21st century -- Pictorial works,,auto-seeded draft; review
http://id.worldcat.org/fast/1204565.,Italy,y,italy,geographic,Italy,,auto-seeded draft; review
http://id.worldcat.org/fast/1206046.,Italy -- Assisi,y,italy-assisi,geographic,Italy -- Assisi,,auto-seeded draft; review
http://id.worldcat.org/fast/1206206.,Italy -- Livorno,y,italy-livorno,geographic,Italy -- Livorno,,auto-seeded draft; review
http://id.worldcat.org/fast/1204441.,Italy -- Naples,y,italy-naples,geographic,Italy -- Naples,,auto-seeded draft; review
http://id.worldcat.org/fast/1714547.,Italy -- Naples -- Scampia,y,italy-naples-scampia,geographic,Italy -- Naples -- Scampia,,auto-seeded draft; review
http://id.loc.gov/authorities/subjects/sh2008115597.,Jammu and Kashmir (India) -- Politics and government,y,jammu-and-kashmir-india-politics-and-government,geographic,Jammu and Kashmir (India) -- Politics and government,,auto-seeded draft; review
http://id.worldcat.org/fast/1204082.,Japan,y,japan,geographic,Japan,,auto-seeded draft; review
none|japan,Japan,y,japan,geographic,Japan,,auto-seeded draft; review
http://id.loc.gov/authorities/subjects/sh85069398.,Japan -- Description and travel,y,japan-description-and-travel,geographic,Japan -- Description and travel,,auto-seeded draft; review
http://id.worldcat.org/fast/1209723.,Japan -- Hiroshima-shi,y,japan-hiroshima-shi,geographic,Japan -- Hiroshima-shi,,auto-seeded draft; review
http://id.worldcat.org/fast/1333540.,Japan -- Mount Fuji,y,japan-mount-fuji,geographic,Japan -- Mount Fuji,,auto-seeded draft; review
none|japan-social-life-and-customs-20th-century,Japan -- Social life and customs -- 20th century,y,japan-social-life-and-customs-20th-century,geographic,Japan -- Social life and customs -- 20th century,,auto-seeded draft; review
none|kampala-uganda-statistics,Kampala (Uganda) -- Statistics,y,kampala-uganda-statistics,geographic,Kampala (Uganda) -- Statistics,,auto-seeded draft; review
http://id.loc.gov/authorities/names/n79106326,Karachi (Pakistan),y,karachi-pakistan,geographic,Karachi (Pakistan),,auto-seeded draft; review
none|karachi-pakistan-maps,Karachi (Pakistan) -- Maps,y,karachi-pakistan-maps,geographic,Karachi (Pakistan) -- Maps,,auto-seeded draft; review
none|ka-antalya-i-li-turkey-in-art,"Kaş (Antalya İli, Turkey) -- In art",y,ka-antalya-i-li-turkey-in-art,geographic,"Kaş (Antalya İli, Turkey) -- In art",,auto-seeded draft; review
none|kem-russia-description-and-travel,Kemʹ (Russia) -- Description and travel,y,kem-russia-description-and-travel,geographic,Kemʹ (Russia) -- Description and travel,,auto-seeded draft; review
none|kem-russia-pictorial-works,Kemʹ (Russia) -- Pictorial works,y,kem-russia-pictorial-works,geographic,Kemʹ (Russia) -- Pictorial works,,auto-seeded draft; review
none|kent-england-pictorial-works,Kent (England) -- Pictorial works,y,kent-england-pictorial-works,geographic,Kent (England) -- Pictorial works,,auto-seeded draft; review
(OCoLC)fst01204494,Kentucky,y,kentucky,geographic,Kentucky,,auto-seeded draft; review
none|khiva-uzbekistan-history,Khiva (Uzbekistan) -- History,y,khiva-uzbekistan-history,geographic,Khiva (Uzbekistan) -- History,,auto-seeded draft; review
none|kilimanjaro-mount-tanzania,"Kilimanjaro, Mount (Tanzania)",y,kilimanjaro-mount-tanzania,geographic,"Kilimanjaro, Mount (Tanzania)",,auto-seeded draft; review
none|knoxville-tenn-fiction,Knoxville (Tenn.) -- Fiction,y,knoxville-tenn-fiction,geographic,Knoxville (Tenn.) -- Fiction,,auto-seeded draft; review
none|k-ln-kunst-ffentlichkeit-projekt-geschichte-1992,Köln -- Kunst -- Öffentlichkeit -- Projekt -- Geschichte 1992,y,k-ln-kunst-ffentlichkeit-projekt-geschichte-1992,geographic,Köln -- Kunst -- Öffentlichkeit -- Projekt -- Geschichte 1992,,auto-seeded draft; review
http://id.worldcat.org/fast/1206434.,Korea,y,korea,geographic,Korea,,auto-seeded draft; review
(OCoLC)fst01206791.,Korea (South),y,korea-south,geographic,Korea (South),,auto-seeded draft; review
http://id.worldcat.org/fast/1245945.,Latin America,y,latin-america,geographic,Latin America,,auto-seeded draft; review
none|latin-america-colonial-influence,Latin America -- Colonial influence,y,latin-america-colonial-influence,geographic,Latin America -- Colonial influence,,auto-seeded draft; review
none|latin-america-history-pictorial-works,Latin America -- History -- Pictorial works,y,latin-america-history-pictorial-works,geographic,Latin America -- History -- Pictorial works,,auto-seeded draft; review
none|latin-america-in-art,Latin America -- In art,y,latin-america-in-art,geographic,Latin America -- In art,,auto-seeded draft; review
http://id.loc.gov/authorities/subjects/sh2008116017.,Latin America -- Relations -- United States,y,latin-america-relations-united-states,geographic,Latin America -- Relations -- United States,,auto-seeded draft; review
http://id.worldcat.org/fast/1206063.,Lebanon,y,lebanon,geographic,Lebanon,,auto-seeded draft; review
http://id.worldcat.org/fast/1225260.,Lebanon -- Beirut,y,lebanon-beirut,geographic,Lebanon -- Beirut,,auto-seeded draft; review
http://id.loc.gov/authorities/subjects/sh85075636.,"Lebanon -- History -- Civil War, 1975-1990",y,lebanon-history-civil-war-1975-1990,geographic,"Lebanon -- History -- Civil War, 1975-1990",,auto-seeded draft; review
none|livorno-italy-commerce-history,Livorno (Italy) -- Commerce -- History,y,livorno-italy-commerce-history,geographic,Livorno (Italy) -- Commerce -- History,,auto-seeded draft; review
none|livorno-italy-history-religious-aspects,Livorno (Italy) -- History -- Religious aspects,y,livorno-italy-history-religious-aspects,geographic,Livorno (Italy) -- History -- Religious aspects,,auto-seeded draft; review
none|london-england-in-art,London (England) -- In art,y,london-england-in-art,geographic,London (England) -- In art,,auto-seeded draft; review
http://id.loc.gov/authorities/subjects/sh2009129915,London (England) -- In art,y,london-england-in-art,geographic,London (England) -- In art,,auto-seeded draft; review
none|london-england-pictorial-works,London (England) -- Pictorial works,y,london-england-pictorial-works,geographic,London (England) -- Pictorial works,,auto-seeded draft; review
none|london-england-social-life-and-customs-20th-century,London (England) -- Social life and customs -- 20th century,y,london-england-social-life-and-customs-20th-century,geographic,London (England) -- Social life and customs -- 20th century,,auto-seeded draft; review
none|los-alamos-n-m-pictorial-works,Los Alamos (N.M.) -- Pictorial works,y,los-alamos-n-m-pictorial-works,geographic,Los Alamos (N.M.) -- Pictorial works,,auto-seeded draft; review
none|los-angeles-calif-buildings-structures-etc-pictorial-works,"Los Angeles (Calif.) -- Buildings, structures, etc -- Pictorial works",y,los-angeles-calif-buildings-structures-etc-pictorial-works,geographic,"Los Angeles (Calif.) -- Buildings, structures, etc -- Pictorial works",,auto-seeded draft; review
none|los-angeles-calif-in-art,Los Angeles (Calif.) -- In art,y,los-angeles-calif-in-art,geographic,Los Angeles (Calif.) -- In art,,auto-seeded draft; review
none|los-angeles-calif-maps,Los Angeles (Calif.) -- Maps,y,los-angeles-calif-maps,geographic,Los Angeles (Calif.) -- Maps,,auto-seeded draft; review
none|los-angeles-calif-parking-pictorial-works,Los Angeles (Calif.) -- Parking -- Pictorial works,y,los-angeles-calif-parking-pictorial-works,geographic,Los Angeles (Calif.) -- Parking -- Pictorial works,,auto-seeded draft; review
http://id.loc.gov/authorities/subjects/sh2008116076.,Los Angeles (Calif.) -- Pictorial works,y,los-angeles-calif-pictorial-works,geographic,Los Angeles (Calif.) -- Pictorial works,,auto-seeded draft; review
http://id.loc.gov/authorities/subjects/sh2008116077.,Los Angeles (Calif.) -- Social conditions,y,los-angeles-calif-social-conditions,geographic,Los Angeles (Calif.) -- Social conditions,,auto-seeded draft; review
http://id.worldcat.org/fast/1207035.,Louisiana,y,louisiana,geographic,Louisiana,,auto-seeded draft; review
http://id.worldcat.org/fast/1271260.,Louisiana -- New Orleans Batture,y,louisiana-new-orleans-batture,geographic,Louisiana -- New Orleans Batture,,auto-seeded draft; review
http://id.worldcat.org/fast/1204270.,Maine,y,maine,geographic,Maine,,auto-seeded draft; review
http://id.worldcat.org/fast/1204327.,Mali,y,mali,geographic,Mali,,auto-seeded draft; review
http://id.worldcat.org/fast/1203020.,Mali -- Bamako,y,mali-bamako,geographic,Mali -- Bamako,,auto-seeded draft; review
none|mali-pictorial-works,Mali -- Pictorial works,y,mali-pictorial-works,geographic,Mali -- Pictorial works,,auto-seeded draft; review
none|marseille-france-buildings-structures-etc-pictorial-works,"Marseille (France) -- Buildings, structures, etc -- Pictorial works",y,marseille-france-buildings-structures-etc-pictorial-works,geographic,"Marseille (France) -- Buildings, structures, etc -- Pictorial works",,auto-seeded draft; review
http://id.worldcat.org/fast/1204739.,Maryland,y,maryland,geographic,Maryland,,auto-seeded draft; review
http://id.loc.gov/authorities/subjects/sh2008107465.,Maryland -- Fiction,y,maryland-fiction,geographic,Maryland -- Fiction,,auto-seeded draft; review
(OCoLC)fst01204307,Massachusetts,y,massachusetts,geographic,Massachusetts,,auto-seeded draft; review
http://id.worldcat.org/fast/1204307.,Massachusetts,y,massachusetts,geographic,Massachusetts,,auto-seeded draft; review
http://id.worldcat.org/fast/1276594.,Massachusetts -- Carlisle,y,massachusetts-carlisle,geographic,Massachusetts -- Carlisle,,auto-seeded draft; review
http://id.worldcat.org/fast/1214572.,Massachusetts -- Gardner,y,massachusetts-gardner,geographic,Massachusetts -- Gardner,,auto-seeded draft; review
none|massachusetts-history-colonial-period-ca-1600-1775-poetry,"Massachusetts -- History -- Colonial period, ca. 1600-1775 -- Poetry",y,massachusetts-history-colonial-period-ca-1600-1775-poetry,geographic,"Massachusetts -- History -- Colonial period, ca. 1600-1775 -- Poetry",,auto-seeded draft; review
http://id.worldcat.org/fast/1341028.,Massachusetts -- North Shore (Coast),y,massachusetts-north-shore-coast,geographic,Massachusetts -- North Shore (Coast),,auto-seeded draft; review
http://id.worldcat.org/fast/1212966.,Massachusetts -- Quincy,y,massachusetts-quincy,geographic,Massachusetts -- Quincy,,auto-seeded draft; review
(OCoLC)fst01205839,Massachusetts -- Salem,y,massachusetts-salem,geographic,Massachusetts -- Salem,,auto-seeded draft; review
none|matanzas-cuba-history,Matanzas (Cuba) -- History,y,matanzas-cuba-history,geographic,Matanzas (Cuba) -- History,,auto-seeded draft; review
none|matanzas-cuba-pictorial-works,Matanzas (Cuba) -- Pictorial works,y,matanzas-cuba-pictorial-works,geographic,Matanzas (Cuba) -- Pictorial works,,auto-seeded draft; review
none|matanzas-cuba-poetry,Matanzas (Cuba) -- Poetry,y,matanzas-cuba-poetry,geographic,Matanzas (Cuba) -- Poetry,,auto-seeded draft; review
none|mayd-n-al-ta-r-r-cairo-egypt-in-art,"Maydān al-Taḥrīr (Cairo, Egypt) -- In art",y,mayd-n-al-ta-r-r-cairo-egypt-in-art,geographic,"Maydān al-Taḥrīr (Cairo, Egypt) -- In art",,auto-seeded draft; review
http://id.worldcat.org/fast/1239752.,Mediterranean Region,y,mediterranean-region,geographic,Mediterranean Region,,auto-seeded draft; review
none|mediterranean-region-description-and-travel,Mediterranean Region -- Description and travel,y,mediterranean-region-description-and-travel,geographic,Mediterranean Region -- Description and travel,,auto-seeded draft; review
none|mediterranean-region-pictorial-works,Mediterranean Region -- Pictorial works,y,mediterranean-region-pictorial-works,geographic,Mediterranean Region -- Pictorial works,,auto-seeded draft; review
none|mexican-american-border-region-in-art,Mexican-American Border Region -- In art,y,mexican-american-border-region-in-art,geographic,Mexican-American Border Region -- In art,,auto-seeded draft; review
none|mexican-american-border-region-social-conditions-fiction,Mexican-American Border Region -- Social conditions -- Fiction,y,mexican-american-border-region-social-conditions-fiction,geographic,Mexican-American Border Region -- Social conditions -- Fiction,,auto-seeded draft; review
none|mexican-american-border-region-social-conditions-juvenile-fiction,Mexican-American Border Region -- Social conditions -- Juvenile fiction,y,mexican-american-border-region-social-conditions-juvenile-fiction,geographic,Mexican-American Border Region -- Social conditions -- Juvenile fiction,,auto-seeded draft; review
http://id.worldcat.org/fast/1211700.,Mexico,y,mexico,geographic,Mexico,,auto-seeded draft; review
http://id.worldcat.org/fast/1713522.,Mexico -- Campeche (Campeche),y,mexico-campeche-campeche,geographic,Mexico -- Campeche (Campeche),,auto-seeded draft; review
http://id.worldcat.org/fast/1202769.,Mexico -- Chiapas,y,mexico-chiapas,geographic,Mexico -- Chiapas,,auto-seeded draft; review
none|mexico-emigration-and-immigration-social-aspects-fiction,Mexico -- Emigration and immigration -- Social aspects -- Fiction,y,mexico-emigration-and-immigration-social-aspects-fiction,geographic,Mexico -- Emigration and immigration -- Social aspects -- Fiction,,auto-seeded draft; review
none|mexico-emigration-and-immigration-social-aspects-juvenile-fiction,Mexico -- Emigration and immigration -- Social aspects -- Juvenile fiction,y,mexico-emigration-and-immigration-social-aspects-juvenile-fiction,geographic,Mexico -- Emigration and immigration -- Social aspects -- Juvenile fiction,,auto-seeded draft; review
none|mexico-folklore-pictorial-works,Mexico -- Folklore -- Pictorial works,y,mexico-folklore-pictorial-works,geographic,Mexico -- Folklore -- Pictorial works,,auto-seeded draft; review
http://id.worldcat.org/fast/1206482.,Mexico -- Guadalajara,y,mexico-guadalajara,geographic,Mexico -- Guadalajara,,auto-seeded draft; review
http://id.worldcat.org/fast/1330184.,Mexico -- Guerrero (State),y,mexico-guerrero-state,geographic,Mexico -- Guerrero (State),,auto-seeded draft; review
http://id.loc.gov/authorities/subjects/sh85084590.,"Mexico -- History -- Revolution, 1910-1920",y,mexico-history-revolution-1910-1920,geographic,"Mexico -- History -- Revolution, 1910-1920",,auto-seeded draft; review
http://id.worldcat.org/fast/1269543.,Mexico -- Iguala de la Independencia,y,mexico-iguala-de-la-independencia,geographic,Mexico -- Iguala de la Independencia,,auto-seeded draft; review
http://id.worldcat.org/fast/1206137.,Mexico -- Mexico City,y,mexico-mexico-city-geographic,geographic,Mexico -- Mexico City,,auto-seeded draft; review
http://id.loc.gov/authorities/subjects/sh2007100313.,Mexico -- Pictorial works,y,mexico-pictorial-works,geographic,Mexico -- Pictorial works,,auto-seeded draft; review
none|mexico-poetry,Mexico -- Poetry,y,mexico-poetry,geographic,Mexico -- Poetry,,auto-seeded draft; review
http://id.worldcat.org/fast/1278282.,Mexico -- San Jerónimo Amanalco,y,mexico-san-jer-nimo-amanalco,geographic,Mexico -- San Jerónimo Amanalco,,auto-seeded draft; review
http://id.worldcat.org/fast/1263963.,Mexico -- San Pablito,y,mexico-san-pablito,geographic,Mexico -- San Pablito,,auto-seeded draft; review
none|mexico-social-life-and-customs-pictorial-works,Mexico -- Social life and customs -- Pictorial works,y,mexico-social-life-and-customs-pictorial-works,geographic,Mexico -- Social life and customs -- Pictorial works,,auto-seeded draft; review
http://id.worldcat.org/fast/1330176.,Mexico -- Sonora (State),y,mexico-sonora-state,geographic,Mexico -- Sonora (State),,auto-seeded draft; review
http://id.loc.gov/authorities/subjects/sh2008115852.,Mexico City (Mexico) -- Social conditions,y,mexico-city-mexico-social-conditions,geographic,Mexico City (Mexico) -- Social conditions,,auto-seeded draft; review
http://id.worldcat.org/fast/1208387.,Michigan,y,michigan,geographic,Michigan,,auto-seeded draft; review
http://id.worldcat.org/fast/1205010.,Michigan -- Detroit,y,michigan-detroit,geographic,Michigan -- Detroit,,auto-seeded draft; review
none|michigan-in-art,Michigan -- In art,y,michigan-in-art,geographic,Michigan -- In art,,auto-seeded draft; review
none|michigan-pictorial-works,Michigan -- Pictorial works,y,michigan-pictorial-works,geographic,Michigan -- Pictorial works,,auto-seeded draft; review
http://id.loc.gov/authorities/subjects/sh85090501.,Middle East,y,middle-east,geographic,Middle East,,auto-seeded draft; review
http://id.worldcat.org/fast/1241586.,Middle East,y,middle-east,geographic,Middle East,,auto-seeded draft; review
http://id.worldcat.org/fast/1347439.,Middle East Region,y,middle-east-region,geographic,Middle East Region,,auto-seeded draft; review
http://id.worldcat.org/fast/1204560.,Minnesota,y,minnesota,geographic,Minnesota,,auto-seeded draft; review
(OCoLC)fst01204560.,Minnesota,y,minnesota,geographic,Minnesota,,auto-seeded draft; review
none|minnesota-pictorial-works,Minnesota -- Pictorial works,y,minnesota-pictorial-works,geographic,Minnesota -- Pictorial works,,auto-seeded draft; review
http://id.worldcat.org/fast/1207034.,Mississippi,y,mississippi,geographic,Mississippi,,auto-seeded draft; review
http://id.worldcat.org/fast/1208396.,Mississippi -- Biloxi,y,mississippi-biloxi,geographic,Mississippi -- Biloxi,,auto-seeded draft; review
none|moon,Moon,y,moon,geographic,Moon,,auto-seeded draft; review
http://id.loc.gov/authorities/subjects/sh85087150,Moon -- In art,y,moon-in-art-geographic,geographic,Moon -- In art,,auto-seeded draft; review
none|moon-in-art,Moon -- In art,y,moon-in-art-geographic,geographic,Moon -- In art,,auto-seeded draft; review
none|moon-phases-in-art,Moon -- Phases -- In art,y,moon-phases-in-art,geographic,Moon -- Phases -- In art,,auto-seeded draft; review
none|naples-italy-description-and-travel,Naples (Italy) -- Description and travel,y,naples-italy-description-and-travel,geographic,Naples (Italy) -- Description and travel,,auto-seeded draft; review
none|naples-italy-social-conditions-pictorial-works,Naples (Italy) -- Social conditions -- Pictorial works,y,naples-italy-social-conditions-pictorial-works,geographic,Naples (Italy) -- Social conditions -- Pictorial works,,auto-seeded draft; review
none|nassau-bahamas-fiction,Nassau (Bahamas) -- Fiction,y,nassau-bahamas-fiction,geographic,Nassau (Bahamas) -- Fiction,,auto-seeded draft; review
none|nebraska-poetry,Nebraska -- Poetry,y,nebraska-poetry,geographic,Nebraska -- Poetry,,auto-seeded draft; review
https://id.kb.se/term/sao/Nederl%C3%A4nderna,Nederländerna,y,nederl-nderna,geographic,Nederländerna,,auto-seeded draft; review
http://id.worldcat.org/fast/1204034.,Netherlands,y,netherlands-geographic,geographic,Netherlands,,auto-seeded draft; review
none|netherlands-economic-conditions-17th-century,Netherlands -- Economic conditions -- 17th century,y,netherlands-economic-conditions-17th-century,geographic,Netherlands -- Economic conditions -- 17th century,,auto-seeded draft; review
none|netherlands-history-17th-century,Netherlands -- History -- 17th century,y,netherlands-history-17th-century,geographic,Netherlands -- History -- 17th century,,auto-seeded draft; review
http://id.worldcat.org/fast/1204269.,New Mexico,y,new-mexico,geographic,New Mexico,,auto-seeded draft; review
http://id.worldcat.org/fast/1205849.,New Mexico -- Los Alamos,y,new-mexico-los-alamos,geographic,New Mexico -- Los Alamos,,auto-seeded draft; review
none|new-orleans-la-social-life-and-customs,New Orleans (La.) -- Social life and customs,y,new-orleans-la-social-life-and-customs,geographic,New Orleans (La.) -- Social life and customs,,auto-seeded draft; review
none|new-orleans-batture-la-history,New Orleans Batture (La.) -- History,y,new-orleans-batture-la-history,geographic,New Orleans Batture (La.) -- History,,auto-seeded draft; review
none|new-orleans-batture-la-in-art,New Orleans Batture (La.) -- In art,y,new-orleans-batture-la-in-art,geographic,New Orleans Batture (La.) -- In art,,auto-seeded draft; review
http://id.worldcat.org/fast/1204574.,New South Wales -- Sydney,y,new-south-wales-sydney,geographic,New South Wales -- Sydney,,auto-seeded draft; review
http://id.worldcat.org/fast/1244556.,New Southwest,y,new-southwest,geographic,New Southwest,,auto-seeded draft; review
none|new-york-n-y,New York (N.Y.),y,new-york-n-y,geographic,New York (N.Y.),,auto-seeded draft; review
none|new-york-n-y-description-and-travel,New York (N.Y.) -- Description and travel,y,new-york-n-y-description-and-travel,geographic,New York (N.Y.) -- Description and travel,,auto-seeded draft; review
none|new-york-n-y-fiction,New York (N.Y.) -- Fiction,y,new-york-n-y-fiction,geographic,New York (N.Y.) -- Fiction,,auto-seeded draft; review
http://id.loc.gov/authorities/subjects/sh2008108377.,New York (N.Y.) -- Fiction,y,new-york-n-y-fiction,geographic,New York (N.Y.) -- Fiction,,auto-seeded draft; review
none|new-york-n-y-in-art,New York (N.Y.) -- In art,y,new-york-n-y-in-art,geographic,New York (N.Y.) -- In art,,auto-seeded draft; review
http://id.loc.gov/authorities/subjects/sh2008116322.,New York (N.Y.) -- Pictorial works,y,new-york-n-y-pictorial-works,geographic,New York (N.Y.) -- Pictorial works,,auto-seeded draft; review
http://id.loc.gov/authorities/subjects/sh2008116322,New York (N.Y.) -- Pictorial works,y,new-york-n-y-pictorial-works,geographic,New York (N.Y.) -- Pictorial works,,auto-seeded draft; review
none|new-york-n-y-pictorial-works,New York (N.Y.) -- Pictorial works,y,new-york-n-y-pictorial-works,geographic,New York (N.Y.) -- Pictorial works,,auto-seeded draft; review
http://id.worldcat.org/fast/1210280.,New York (State),y,new-york-state,geographic,New York (State),,auto-seeded draft; review
(OCoLC)fst01210280,New York (State),y,new-york-state,geographic,New York (State),,auto-seeded draft; review
(OCoLC)fst01210280.,New York (State),y,new-york-state,geographic,New York (State),,auto-seeded draft; review
none|new-york-state,New York (State),y,new-york-state,geographic,New York (State),,auto-seeded draft; review
none|new-york-state-biography-portraits,New York (State) -- Biography -- Portraits,y,new-york-state-biography-portraits,geographic,New York (State) -- Biography -- Portraits,,auto-seeded draft; review
none|new-york-state-in-art,New York (State) -- In art,y,new-york-state-in-art,geographic,New York (State) -- In art,,auto-seeded draft; review
http://id.worldcat.org/fast/1204333.,New York (State) -- New York,y,new-york-state-new-york,geographic,New York (State) -- New York,,auto-seeded draft; review
http://id.worldcat.org/fast/1335837.,New York (State) -- New York -- Bowery (Street),y,new-york-state-new-york-bowery-street,geographic,New York (State) -- New York -- Bowery (Street),,auto-seeded draft; review
http://id.loc.gov/authorities/subjects/sh2010103459.,New York (State) -- Pictorial works,y,new-york-state-pictorial-works,geographic,New York (State) -- Pictorial works,,auto-seeded draft; review
fast|new-york-state-rosendale,New York (State) -- Rosendale,y,new-york-state-rosendale,geographic,New York (State) -- Rosendale,,auto-seeded draft; review
http://id.worldcat.org/fast/1218994.,New York (State) -- Rosendale,y,new-york-state-rosendale,geographic,New York (State) -- Rosendale,,auto-seeded draft; review
none|nile-river,Nile River,y,nile-river,geographic,Nile River,,auto-seeded draft; review
none|nord-kivu-congo-social-conditions,Nord-Kivu (Congo) -- Social conditions,y,nord-kivu-congo-social-conditions,geographic,Nord-Kivu (Congo) -- Social conditions,,auto-seeded draft; review
http://id.worldcat.org/fast/1242475.,North America,y,north-america,geographic,North America,,auto-seeded draft; review
http://id.loc.gov/authorities/subjects/sh85092460.,North America -- History,y,north-america-history,geographic,North America -- History,,auto-seeded draft; review
http://id.worldcat.org/fast/1239966.,North America -- Mexican-American Border Region,y,north-america-mexican-american-border-region,geographic,North America -- Mexican-American Border Region,,auto-seeded draft; review
http://id.worldcat.org/fast/1244458.,North America -- Sonoran Desert,y,north-america-sonoran-desert,geographic,North America -- Sonoran Desert,,auto-seeded draft; review
http://id.worldcat.org/fast/1204304.,North Carolina,y,north-carolina,geographic,North Carolina,,auto-seeded draft; review
http://id.worldcat.org/fast/1206600.,North Carolina -- Chapel Hill,y,north-carolina-chapel-hill,geographic,North Carolina -- Chapel Hill,,auto-seeded draft; review
http://id.loc.gov/authorities/subjects/sh2008108376.,North Carolina -- Fiction,y,north-carolina-fiction,geographic,North Carolina -- Fiction,,auto-seeded draft; review
none|north-carolina-pictorial-works,North Carolina -- Pictorial works,y,north-carolina-pictorial-works,geographic,North Carolina -- Pictorial works,,auto-seeded draft; review
http://id.worldcat.org/fast/1206341.,North Carolina -- Raleigh,y,north-carolina-raleigh,geographic,North Carolina -- Raleigh,,auto-seeded draft; review
http://id.loc.gov/authorities/subjects/sh91003538.,North Shore (Mass. : Coast),y,north-shore-mass-coast,geographic,North Shore (Mass. : Coast),,auto-seeded draft; review
http://id.worldcat.org/fast/1205215.,Northern Ireland,y,northern-ireland,geographic,Northern Ireland,,auto-seeded draft; review
http://id.worldcat.org/fast/1204556.,Norway,y,norway,geographic,Norway,,auto-seeded draft; review
none|oakland-calif-in-art,Oakland (Calif.) -- In art,y,oakland-calif-in-art,geographic,Oakland (Calif.) -- In art,,auto-seeded draft; review
http://id.worldcat.org/fast/1242982.,Oceania,y,oceania,geographic,Oceania,,auto-seeded draft; review
http://id.loc.gov/authorities/subjects/sh85093911.,Oceania -- Description and travel,y,oceania-description-and-travel,geographic,Oceania -- Description and travel,,auto-seeded draft; review
http://id.worldcat.org/fast/1205075.,Ohio,y,ohio,geographic,Ohio,,auto-seeded draft; review
none|ohio-biography-portraits,Ohio -- Biography -- Portraits,y,ohio-biography-portraits,geographic,Ohio -- Biography -- Portraits,,auto-seeded draft; review
none|ohio-in-art,Ohio -- In art,y,ohio-in-art,geographic,Ohio -- In art,,auto-seeded draft; review
none|ohio-social-life-and-customs-21st-century-pictorial-works,Ohio -- Social life and customs -- 21st century -- Pictorial works,y,ohio-social-life-and-customs-21st-century-pictorial-works,geographic,Ohio -- Social life and customs -- 21st century -- Pictorial works,,auto-seeded draft; review
http://id.worldcat.org/fast/1204579.,Oregon,y,oregon,geographic,Oregon,,auto-seeded draft; review
none|orissa-india-in-art,Orissa (India) -- In art,y,orissa-india-in-art,geographic,Orissa (India) -- In art,,auto-seeded draft; review
none|ossabaw-island-ga-photographs,Ossabaw Island (Ga.) -- Photographs,y,ossabaw-island-ga-photographs,geographic,Ossabaw Island (Ga.) -- Photographs,,auto-seeded draft; review
none|outer-space-exploration-united-states,Outer space -- Exploration -- United States,y,outer-space-exploration-united-states,geographic,Outer space -- Exploration -- United States,,auto-seeded draft; review
none|oxfordshire-england-social-life-and-customs,Oxfordshire (England) -- Social life and customs,y,oxfordshire-england-social-life-and-customs,geographic,Oxfordshire (England) -- Social life and customs,,auto-seeded draft; review
http://id.worldcat.org/fast/1244201.,Pacific Ocean -- Islands of the Pacific,y,pacific-ocean-islands-of-the-pacific,geographic,Pacific Ocean -- Islands of the Pacific,,auto-seeded draft; review
http://id.worldcat.org/fast/1210275.,Pakistan,y,pakistan,geographic,Pakistan,,auto-seeded draft; review
http://id.worldcat.org/fast/1206375.,Pakistan -- Karachi,y,pakistan-karachi,geographic,Pakistan -- Karachi,,auto-seeded draft; review
http://id.worldcat.org/fast/1202892.,Pakistan -- Peshawar,y,pakistan-peshawar,geographic,Pakistan -- Peshawar,,auto-seeded draft; review
none|pakistan-social-conditions-in-art,Pakistan -- Social conditions -- In art,y,pakistan-social-conditions-in-art,geographic,Pakistan -- Social conditions -- In art,,auto-seeded draft; review
none|palmetto-fla-biography,Palmetto (Fla.) -- Biography,y,palmetto-fla-biography,geographic,Palmetto (Fla.) -- Biography,,auto-seeded draft; review
none|palmetto-fla-history-20th-century,Palmetto (Fla.) -- History -- 20th century,y,palmetto-fla-history-20th-century,geographic,Palmetto (Fla.) -- History -- 20th century,,auto-seeded draft; review
http://id.worldcat.org/fast/1212610.,Papua New Guinea,y,papua-new-guinea,geographic,Papua New Guinea,,auto-seeded draft; review
none|paris-france,Paris (France),y,paris-france,geographic,Paris (France),,auto-seeded draft; review
none|paris-france-everyday-life-1940-1944,Paris (France) -- Everyday life -- 1940-1944,y,paris-france-everyday-life-1940-1944,geographic,Paris (France) -- Everyday life -- 1940-1944,,auto-seeded draft; review
none|paris-france-pictorial-works,Paris (France) -- Pictorial works,y,paris-france-pictorial-works,geographic,Paris (France) -- Pictorial works,,auto-seeded draft; review
http://id.worldcat.org/fast/1244349.,Persian Gulf Region,y,persian-gulf-region,geographic,Persian Gulf Region,,auto-seeded draft; review
http://id.worldcat.org/fast/1205190.,Peru,y,peru,geographic,Peru,,auto-seeded draft; review
http://id.worldcat.org/fast/1330865.,Peru -- Huarochirí (Province),y,peru-huarochir-province,geographic,Peru -- Huarochirí (Province),,auto-seeded draft; review
none|philadelphia-pa-in-art,Philadelphia (Pa.) -- In art,y,philadelphia-pa-in-art,geographic,Philadelphia (Pa.) -- In art,,auto-seeded draft; review
http://id.worldcat.org/fast/1205261.,Philippines,y,philippines,geographic,Philippines,,auto-seeded draft; review
none|piccadilly-circus-london-england,"Piccadilly Circus (London, England)",y,piccadilly-circus-london-england,geographic,"Piccadilly Circus (London, England)",,auto-seeded draft; review
http://id.worldcat.org/fast/1206891.,Poland,y,poland,geographic,Poland,,auto-seeded draft; review
http://id.worldcat.org/fast/1245645.,Polar regions,y,polar-regions,geographic,Polar regions,,auto-seeded draft; review
none|portland-or-in-art,Portland (Or.) -- In art,y,portland-or-in-art,geographic,Portland (Or.) -- In art,,auto-seeded draft; review
none|providence-r-i-race-relations,Providence (R.I.) -- Race relations,y,providence-r-i-race-relations,geographic,Providence (R.I.) -- Race relations,,auto-seeded draft; review
http://id.worldcat.org/fast/1205432.,Puerto Rico,y,puerto-rico,geographic,Puerto Rico,,auto-seeded draft; review
none|puerto-rico-history-nationalist-insurrection-1950-comic-books-strips-etc,"Puerto Rico -- History -- Nationalist Insurrection, 1950 -- Comic books, strips, etc",y,puerto-rico-history-nationalist-insurrection-1950-comic-books-strips-etc,geographic,"Puerto Rico -- History -- Nationalist Insurrection, 1950 -- Comic books, strips, etc",,auto-seeded draft; review
(OCoLC)fst01210434.,Québec -- Montréal,y,qu-bec-montr-al,geographic,Québec -- Montréal,,auto-seeded draft; review
none|quincy-mass-pictorial-works,Quincy (Mass.) -- Pictorial works,y,quincy-mass-pictorial-works,geographic,Quincy (Mass.) -- Pictorial works,,auto-seeded draft; review
(OCoLC)fst01204977,Rhode Island -- Providence,y,rhode-island-providence,geographic,Rhode Island -- Providence,,auto-seeded draft; review
none|rhone-glacier-switzerland-in-art-exhibitions,Rhone Glacier (Switzerland) -- In art -- Exhibitions,y,rhone-glacier-switzerland-in-art-exhibitions,geographic,Rhone Glacier (Switzerland) -- In art -- Exhibitions,,auto-seeded draft; review
none|richmond-va-fiction,Richmond (Va.) -- Fiction,y,richmond-va-fiction,geographic,Richmond (Va.) -- Fiction,,auto-seeded draft; review
none|ringsjo-n-sweden-pictorial-works,Ringsjön (Sweden) -- Pictorial works,y,ringsjo-n-sweden-pictorial-works,geographic,Ringsjön (Sweden) -- Pictorial works,,auto-seeded draft; review
none|rochester-n-y-pictorial-works,Rochester (N.Y.) -- Pictorial works,y,rochester-n-y-pictorial-works,geographic,Rochester (N.Y.) -- Pictorial works,,auto-seeded draft; review
http://id.worldcat.org/fast/1262050.,Russia (Federation),y,russia-federation,geographic,Russia (Federation),,auto-seeded draft; review
http://id.worldcat.org/fast/1286768.,Russia (Federation) -- Kemʹ,y,russia-federation-kem,geographic,Russia (Federation) -- Kemʹ,,auto-seeded draft; review
none|saginaw-mich-pictorial-works,Saginaw (Mich.) -- Pictorial works,y,saginaw-mich-pictorial-works,geographic,Saginaw (Mich.) -- Pictorial works,,auto-seeded draft; review
none|saint-simons-island-ga-island-history-19th-century,Saint Simons Island (Ga. : Island) -- History -- 19th century,y,saint-simons-island-ga-island-history-19th-century,geographic,Saint Simons Island (Ga. : Island) -- History -- 19th century,,auto-seeded draft; review
none|saint-denis-france-pictorial-works,Saint-Denis (France) -- Pictorial works,y,saint-denis-france-pictorial-works,geographic,Saint-Denis (France) -- Pictorial works,,auto-seeded draft; review
none|san-francisco-calif-in-art,San Francisco (Calif.) -- In art,y,san-francisco-calif-in-art,geographic,San Francisco (Calif.) -- In art,,auto-seeded draft; review
none|san-francisco-bay-area-calif-in-art,San Francisco Bay Area (Calif.) -- In art,y,san-francisco-bay-area-calif-in-art,geographic,San Francisco Bay Area (Calif.) -- In art,,auto-seeded draft; review
http://id.loc.gov/authorities/names/n96100371,San Jerónimo Amanalco (Mexico),y,san-jer-nimo-amanalco-mexico,geographic,San Jerónimo Amanalco (Mexico),,auto-seeded draft; review
none|san-joaquin-valley-calif-pictorial-works,San Joaquin Valley (Calif.) -- Pictorial works,y,san-joaquin-valley-calif-pictorial-works,geographic,San Joaquin Valley (Calif.) -- Pictorial works,,auto-seeded draft; review
none|santa-clara-valley-santa-clara-county-calif-pictorial-works,"Santa Clara Valley (Santa Clara County, Calif.) -- Pictorial works",y,santa-clara-valley-santa-clara-county-calif-pictorial-works,geographic,"Santa Clara Valley (Santa Clara County, Calif.) -- Pictorial works",,auto-seeded draft; review
none|s-o-paulo-brazil-pictorial-works,São Paulo (Brazil) -- Pictorial works,y,s-o-paulo-brazil-pictorial-works,geographic,São Paulo (Brazil) -- Pictorial works,,auto-seeded draft; review
none|scampia-naples-italy-pictorial-works,"Scampia (Naples, Italy) -- Pictorial works",y,scampia-naples-italy-pictorial-works,geographic,"Scampia (Naples, Italy) -- Pictorial works",,auto-seeded draft; review
none|scarborough-england-fiction,Scarborough (England) -- Fiction,y,scarborough-england-fiction,geographic,Scarborough (England) -- Fiction,,auto-seeded draft; review
https://id.kb.se/term/sao/Schweiz,Schweiz,y,schweiz,geographic,Schweiz,,auto-seeded draft; review
http://id.nlm.nih.gov/mesh/D012606.,Scotland,y,scotland,geographic,Scotland,,auto-seeded draft; review
http://id.worldcat.org/fast/1206715.,Scotland,y,scotland,geographic,Scotland,,auto-seeded draft; review
none|scotland-drama,Scotland -- Drama,y,scotland-drama,geographic,Scotland -- Drama,,auto-seeded draft; review
http://id.worldcat.org/fast/1205145.,Scotland -- Edinburgh,y,scotland-edinburgh,geographic,Scotland -- Edinburgh,,auto-seeded draft; review
http://id.worldcat.org/fast/1212902.,Scotland -- Glasgow,y,scotland-glasgow,geographic,Scotland -- Glasgow,,auto-seeded draft; review
http://id.worldcat.org/fast/1241579.,Scotland -- Hebrides,y,scotland-hebrides,geographic,Scotland -- Hebrides,,auto-seeded draft; review
none|scotland-pictorial-works,Scotland -- Pictorial works,y,scotland-pictorial-works,geographic,Scotland -- Pictorial works,,auto-seeded draft; review
none|seattle-wash-exhibitions,Seattle (Wash.) -- Exhibitions,y,seattle-wash-exhibitions,geographic,Seattle (Wash.) -- Exhibitions,,auto-seeded draft; review
none|selinus-extinct-city,Selinus (Extinct city),y,selinus-extinct-city,geographic,Selinus (Extinct city),,auto-seeded draft; review
none|seoul-korea-pictorial-works,Seoul (Korea) -- Pictorial works,y,seoul-korea-pictorial-works,geographic,Seoul (Korea) -- Pictorial works,,auto-seeded draft; review
none|sicily-italy-description-and-travel,Sicily (Italy) -- Description and travel,y,sicily-italy-description-and-travel,geographic,Sicily (Italy) -- Description and travel,,auto-seeded draft; review
none|sikkim-india-in-art,Sikkim (India) -- In art,y,sikkim-india-in-art,geographic,Sikkim (India) -- In art,,auto-seeded draft; review
none|sinemoret-s-bulgaria-pictorial-works,Sinemoret︠s︡ (Bulgaria) -- Pictorial works,y,sinemoret-s-bulgaria-pictorial-works,geographic,Sinemoret︠s︡ (Bulgaria) -- Pictorial works,,auto-seeded draft; review
none|skagastr-nd-iceland-pictorial-works,Skagaströnd (Iceland) -- Pictorial works,y,skagastr-nd-iceland-pictorial-works,geographic,Skagaströnd (Iceland) -- Pictorial works,,auto-seeded draft; review
http://id.worldcat.org/fast/1244288.,Solar system,y,solar-system,geographic,Solar system,,auto-seeded draft; review
none|sonoran-desert-pictorial-works,Sonoran Desert -- Pictorial works,y,sonoran-desert-pictorial-works,geographic,Sonoran Desert -- Pictorial works,,auto-seeded draft; review
http://id.worldcat.org/fast/1204616.,South Africa,y,south-africa,geographic,South Africa,,auto-seeded draft; review
none|south-africa-pictorial-works,South Africa -- Pictorial works,y,south-africa-pictorial-works,geographic,South Africa -- Pictorial works,,auto-seeded draft; review
http://id.loc.gov/authorities/subjects/sh85125492.,South Africa -- Politics and government -- 1961-1978,y,south-africa-politics-and-government-1961-1978,geographic,South Africa -- Politics and government -- 1961-1978,,auto-seeded draft; review
http://id.loc.gov/authorities/subjects/sh85125493.,South Africa -- Politics and government -- 1978-1989,y,south-africa-politics-and-government-1978-1989,geographic,South Africa -- Politics and government -- 1978-1989,,auto-seeded draft; review
http://id.loc.gov/authorities/subjects/sh85125494.,South Africa -- Race relations,y,south-africa-race-relations,geographic,South Africa -- Race relations,,auto-seeded draft; review
http://id.worldcat.org/fast/1244515.,South America,y,south-america,geographic,South America,,auto-seeded draft; review
http://id.worldcat.org/fast/1244520.,South Asia,y,south-asia,geographic,South Asia,,auto-seeded draft; review
http://id.worldcat.org/fast/1245082.,Southern Europe,y,southern-europe,geographic,Southern Europe,,auto-seeded draft; review
http://id.worldcat.org/fast/1244550.,Southern States,y,southern-states,geographic,Southern States,,auto-seeded draft; review
none|southern-states-pictorial-works,Southern States -- Pictorial works,y,southern-states-pictorial-works,geographic,Southern States -- Pictorial works,,auto-seeded draft; review
none|southern-states-social-life-and-customs,Southern States -- Social life and customs,y,southern-states-social-life-and-customs,geographic,Southern States -- Social life and customs,,auto-seeded draft; review
http://id.loc.gov/authorities/subjects/sh2008117051.,"Southwest, New -- Pictorial works",y,southwest-new-pictorial-works,geographic,"Southwest, New -- Pictorial works",,auto-seeded draft; review
none|southwest-old-pictorial-works,"Southwest, Old -- Pictorial works",y,southwest-old-pictorial-works,geographic,"Southwest, Old -- Pictorial works",,auto-seeded draft; review
http://id.worldcat.org/fast/1210281.,Soviet Union,y,soviet-union,geographic,Soviet Union,,auto-seeded draft; review
http://id.worldcat.org/fast/1204303.,Spain,y,spain,geographic,Spain,,auto-seeded draft; review
http://id.loc.gov/authorities/subjects/sh85126049.,Spain -- Economic conditions,y,spain-economic-conditions,geographic,Spain -- Economic conditions,,auto-seeded draft; review
http://id.worldcat.org/fast/1204086.,Spain -- Madrid,y,spain-madrid,geographic,Spain -- Madrid,,auto-seeded draft; review
http://id.worldcat.org/fast/1204827.,Spain -- Seville,y,spain-seville,geographic,Spain -- Seville,,auto-seeded draft; review
http://id.loc.gov/authorities/subjects/sh85126180.,Spain -- Social conditions,y,spain-social-conditions,geographic,Spain -- Social conditions,,auto-seeded draft; review
none|sri-lanka-history-civil-war-1983-2009-refugees-social-conditions-pictorial-works,"Sri Lanka -- History -- Civil War, 1983-2009 -- Refugees -- Social conditions -- Pictorial works",y,sri-lanka-history-civil-war-1983-2009-refugees-social-conditions-pictorial-works,geographic,"Sri Lanka -- History -- Civil War, 1983-2009 -- Refugees -- Social conditions -- Pictorial works",,auto-seeded draft; review
none|strasbourg-france-in-art,Strasbourg (France) -- In art,y,strasbourg-france-in-art,geographic,Strasbourg (France) -- In art,,auto-seeded draft; review
http://id.worldcat.org/fast/1245970.,Sun,y,sun,geographic,Sun,,auto-seeded draft; review
none|sun-pictorial-works,Sun -- Pictorial works,y,sun-pictorial-works,geographic,Sun -- Pictorial works,,auto-seeded draft; review
none|sun-rising-and-setting-pictorial-works,Sun -- Rising and setting -- Pictorial works,y,sun-rising-and-setting-pictorial-works,geographic,Sun -- Rising and setting -- Pictorial works,,auto-seeded draft; review
none|sunset-boulevard-los-angeles-calif-pictorial-works,"Sunset Boulevard (Los Angeles, Calif.) -- Pictorial works",y,sunset-boulevard-los-angeles-calif-pictorial-works,geographic,"Sunset Boulevard (Los Angeles, Calif.) -- Pictorial works",,auto-seeded draft; review
http://id.loc.gov/authorities/subjects/sh2008111545.,Sydney (N.S.W.) -- Fiction,y,sydney-n-s-w-fiction,geographic,Sydney (N.S.W.) -- Fiction,,auto-seeded draft; review
none|syme-greece-municipality,Symē (Greece : Municipality),y,syme-greece-municipality,geographic,Symē (Greece : Municipality),,auto-seeded draft; review
none|tacoma-wash-pictorial-works,Tacoma (Wash.) -- Pictorial works,y,tacoma-wash-pictorial-works,geographic,Tacoma (Wash.) -- Pictorial works,,auto-seeded draft; review
none|tatvan-turkey,Tatvan (Turkey),y,tatvan-turkey,geographic,Tatvan (Turkey),,auto-seeded draft; review
none|tehran-iran-in-art,Tehran (Iran) -- In art,y,tehran-iran-in-art,geographic,Tehran (Iran) -- In art,,auto-seeded draft; review
http://id.worldcat.org/fast/1205713.,Tennessee -- Chattanooga,y,tennessee-chattanooga,geographic,Tennessee -- Chattanooga,,auto-seeded draft; review
http://id.worldcat.org/fast/1206442.,Tennessee -- Knoxville,y,tennessee-knoxville,geographic,Tennessee -- Knoxville,,auto-seeded draft; review
http://id.worldcat.org/fast/1210336.,Texas,y,texas,geographic,Texas,,auto-seeded draft; review
http://id.worldcat.org/fast/1206678.,Texas -- El Paso,y,texas-el-paso,geographic,Texas -- El Paso,,auto-seeded draft; review
http://id.worldcat.org/fast/1205077.,Texas -- Houston,y,texas-houston,geographic,Texas -- Houston,,auto-seeded draft; review
http://id.worldcat.org/fast/1205310.,Thailand,y,thailand,geographic,Thailand,,auto-seeded draft; review
http://id.worldcat.org/fast/1205495.,Thailand -- Bangkok,y,thailand-bangkok,geographic,Thailand -- Bangkok,,auto-seeded draft; review
none|thailand-biography,Thailand -- Biography,y,thailand-biography,geographic,Thailand -- Biography,,auto-seeded draft; review
http://id.worldcat.org/fast/1246494.,Thailand -- Thon Buri,y,thailand-thon-buri,geographic,Thailand -- Thon Buri,,auto-seeded draft; review
none|thames-river-england-pictorial-works,Thames River (England) -- Pictorial works,y,thames-river-england-pictorial-works,geographic,Thames River (England) -- Pictorial works,,auto-seeded draft; review
none|t-bilisi-georgia-pictorial-works,Tʻbilisi (Georgia) -- Pictorial works,y,t-bilisi-georgia-pictorial-works,geographic,Tʻbilisi (Georgia) -- Pictorial works,,auto-seeded draft; review
none|tian-an-men-beijing-china-pictorial-works,"Tian'an Men (Beijing, China) -- Pictorial works",y,tian-an-men-beijing-china-pictorial-works,geographic,"Tian'an Men (Beijing, China) -- Pictorial works",,auto-seeded draft; review
http://id.worldcat.org/fast/1208963.,Turkey,y,turkey,geographic,Turkey,,auto-seeded draft; review
none|turkey-tatvan,Turkey - Tatvan,y,turkey-tatvan,geographic,Turkey - Tatvan,,auto-seeded draft; review
none|turkey-description-and-travel,Turkey -- Description and travel,y,turkey-description-and-travel,geographic,Turkey -- Description and travel,,auto-seeded draft; review
http://id.worldcat.org/fast/1204833.,Turkey -- Istanbul,y,turkey-istanbul,geographic,Turkey -- Istanbul,,auto-seeded draft; review
http://id.worldcat.org/fast/1327374.,Turkey -- Kaş (Antalya İli),y,turkey-ka-antalya-i-li,geographic,Turkey -- Kaş (Antalya İli),,auto-seeded draft; review
http://id.worldcat.org/fast/1205954.,United Arab Emirates,y,united-arab-emirates,geographic,United Arab Emirates,,auto-seeded draft; review
http://id.worldcat.org/fast/1204155.,United States,y,united-states-geographic,geographic,United States,,auto-seeded draft; review
(OCoLC)fst01204155,United States,y,united-states-geographic,geographic,United States,,auto-seeded draft; review
none|united-states,United States,y,united-states-geographic,geographic,United States,,auto-seeded draft; review
fast|united-states,United States,y,united-states-geographic,geographic,United States,,auto-seeded draft; review
(OCoLC)fst01204155.,United States,y,united-states-geographic,geographic,United States,,auto-seeded draft; review
http://id.nlm.nih.gov/mesh/D014481.,United States,y,united-states-geographic,geographic,United States,,auto-seeded draft; review
http://id.loc.gov/authorities/subjects/sh85139943,United States -- Civilization -- 1918-1945,y,united-states-civilization-1918-1945,geographic,United States -- Civilization -- 1918-1945,,auto-seeded draft; review
http://id.loc.gov/authorities/subjects/sh85139945,United States -- Civilization -- 1945-,y,united-states-civilization-1945,geographic,United States -- Civilization -- 1945-,,auto-seeded draft; review
http://id.worldcat.org/fast/1310291.,United States -- Death Valley,y,united-states-death-valley,geographic,United States -- Death Valley,,auto-seeded draft; review
http://id.loc.gov/authorities/subjects/sh85139993,United States -- Description and travel,y,united-states-description-and-travel,geographic,United States -- Description and travel,,auto-seeded draft; review
none|united-states-emigration-and-immigration-comic-books-strips-etc,"United States -- Emigration and immigration -- Comic books, strips, etc",y,united-states-emigration-and-immigration-comic-books-strips-etc,geographic,"United States -- Emigration and immigration -- Comic books, strips, etc",,auto-seeded draft; review
none|united-states-emigration-and-immigration-in-art,United States -- Emigration and immigration -- In art,y,united-states-emigration-and-immigration-in-art,geographic,United States -- Emigration and immigration -- In art,,auto-seeded draft; review
none|united-states-emigration-and-immigration-social-aspects-fiction,United States -- Emigration and immigration -- Social aspects -- Fiction,y,united-states-emigration-and-immigration-social-aspects-fiction,geographic,United States -- Emigration and immigration -- Social aspects -- Fiction,,auto-seeded draft; review
none|united-states-emigration-and-immigration-social-aspects-juvenile-fiction,United States -- Emigration and immigration -- Social aspects -- Juvenile fiction,y,united-states-emigration-and-immigration-social-aspects-juvenile-fiction,geographic,United States -- Emigration and immigration -- Social aspects -- Juvenile fiction,,auto-seeded draft; review
none|united-states-foreign-relations-comic-books-strips-etc,"United States -- Foreign relations -- Comic books, strips, etc",y,united-states-foreign-relations-comic-books-strips-etc,geographic,"United States -- Foreign relations -- Comic books, strips, etc",,auto-seeded draft; review
none|united-states-foreign-relations-humor,United States -- Foreign relations -- Humor,y,united-states-foreign-relations-humor,geographic,United States -- Foreign relations -- Humor,,auto-seeded draft; review
none|united-states-history-civil-war-1861-1865-in-art,"United States -- History -- Civil War, 1861-1865 -- In art",y,united-states-history-civil-war-1861-1865-in-art,geographic,"United States -- History -- Civil War, 1861-1865 -- In art",,auto-seeded draft; review
none|united-states-history-civil-war-1861-1865-personal-narratives,"United States -- History -- Civil War, 1861-1865 -- Personal narratives",y,united-states-history-civil-war-1861-1865-personal-narratives,geographic,"United States -- History -- Civil War, 1861-1865 -- Personal narratives",,auto-seeded draft; review
none|united-states-history-civil-war-1861-1865-prisoners-and-prisons,"United States -- History -- Civil War, 1861-1865 -- Prisoners and prisons",y,united-states-history-civil-war-1861-1865-prisoners-and-prisons,geographic,"United States -- History -- Civil War, 1861-1865 -- Prisoners and prisons",,auto-seeded draft; review
none|united-states-history-revolution-1775-1783-fiction,"United States -- History -- Revolution, 1775-1783 -- Fiction",y,united-states-history-revolution-1775-1783-fiction,geographic,"United States -- History -- Revolution, 1775-1783 -- Fiction",,auto-seeded draft; review
none|united-states-history-revolution-1775-1783-personal-narratives,"United States -- History -- Revolution, 1775-1783 -- Personal narratives",y,united-states-history-revolution-1775-1783-personal-narratives,geographic,"United States -- History -- Revolution, 1775-1783 -- Personal narratives",,auto-seeded draft; review
http://id.loc.gov/authorities/subjects/sh85140338.,"United States -- History, Military",y,united-states-history-military,geographic,"United States -- History, Military",,auto-seeded draft; review
http://id.worldcat.org/fast/1244557.,United States -- Old Southwest,y,united-states-old-southwest,geographic,United States -- Old Southwest,,auto-seeded draft; review
http://id.loc.gov/authorities/subjects/sh85140007.,United States -- Pictorial works,y,united-states-pictorial-works,geographic,United States -- Pictorial works,,auto-seeded draft; review
none|united-states-pictorial-works,United States -- Pictorial works,y,united-states-pictorial-works,geographic,United States -- Pictorial works,,auto-seeded draft; review
http://id.loc.gov/authorities/subjects/sh85140007,United States -- Pictorial works,y,united-states-pictorial-works,geographic,United States -- Pictorial works,,auto-seeded draft; review
none|united-states-pictorial-works-civilization-united-states-illustrated-works-pictorial-works,United States -- Pictorial works -- Civilization -- United States -- Illustrated works -- Pictorial works,y,united-states-pictorial-works-civilization-united-states-illustrated-works-pictorial-works,geographic,United States -- Pictorial works -- Civilization -- United States -- Illustrated works -- Pictorial works,,auto-seeded draft; review
none|united-states-pictorial-works-exhibitions,United States -- Pictorial works -- Exhibitions,y,united-states-pictorial-works-exhibitions,geographic,United States -- Pictorial works -- Exhibitions,,auto-seeded draft; review
none|united-states-politics-and-government-1981-1989,United States -- Politics and government -- 1981-1989,y,united-states-politics-and-government-1981-1989,geographic,United States -- Politics and government -- 1981-1989,,auto-seeded draft; review
none|united-states-politics-and-government-1981-1989-fiction,United States -- Politics and government -- 1981-1989 -- Fiction,y,united-states-politics-and-government-1981-1989-fiction,geographic,United States -- Politics and government -- 1981-1989 -- Fiction,,auto-seeded draft; review
none|united-states-politics-and-government-2001-2009-pictorial-works,United States -- Politics and government -- 2001-2009 -- Pictorial works,y,united-states-politics-and-government-2001-2009-pictorial-works,geographic,United States -- Politics and government -- 2001-2009 -- Pictorial works,,auto-seeded draft; review
http://id.loc.gov/authorities/subjects/sh2009003409.,United States -- Politics and government -- 2009-2017,y,united-states-politics-and-government-2009-2017,geographic,United States -- Politics and government -- 2009-2017,,auto-seeded draft; review
none|united-states-politics-and-government-2017-2021-in-art,United States -- Politics and government -- 2017-2021 -- In art,y,united-states-politics-and-government-2017-2021-in-art,geographic,United States -- Politics and government -- 2017-2021 -- In art,,auto-seeded draft; review
none|united-states-politics-and-government-comic-books-strips-etc,"United States -- Politics and government -- Comic books, strips, etc",y,united-states-politics-and-government-comic-books-strips-etc,geographic,"United States -- Politics and government -- Comic books, strips, etc",,auto-seeded draft; review
http://id.loc.gov/authorities/subjects/sh85140494.,United States -- Race relations,y,united-states-race-relations,geographic,United States -- Race relations,,auto-seeded draft; review
none|united-states-race-relations-poetry,United States -- Race relations -- Poetry,y,united-states-race-relations-poetry,geographic,United States -- Race relations -- Poetry,,auto-seeded draft; review
http://id.loc.gov/authorities/subjects/sh2007100013.,United States -- Relations -- Latin America,y,united-states-relations-latin-america,geographic,United States -- Relations -- Latin America,,auto-seeded draft; review
none|united-states-social-life-and-customs-1945-1970-pictorial-works,United States -- Social life and customs -- 1945-1970 -- Pictorial works,y,united-states-social-life-and-customs-1945-1970-pictorial-works,geographic,United States -- Social life and customs -- 1945-1970 -- Pictorial works,,auto-seeded draft; review
none|united-states-social-life-and-customs-caricatures-and-cartoons,United States -- Social life and customs -- Caricatures and cartoons,y,united-states-social-life-and-customs-caricatures-and-cartoons,geographic,United States -- Social life and customs -- Caricatures and cartoons,,auto-seeded draft; review
http://id.loc.gov/authorities/subjects/sh2007100003.,United States -- Social life and customs -- Fiction,y,united-states-social-life-and-customs-fiction,geographic,United States -- Social life and customs -- Fiction,,auto-seeded draft; review
http://id.loc.gov/authorities/subjects/sh85140553.,"United States -- Statistics, Medical",y,united-states-statistics-medical,geographic,"United States -- Statistics, Medical",,auto-seeded draft; review
http://id.worldcat.org/fast/1245973.,United States -- Sunbelt States,y,united-states-sunbelt-states,geographic,United States -- Sunbelt States,,auto-seeded draft; review
none|united-states-territorial-expansion,United States -- Territorial expansion,y,united-states-territorial-expansion,geographic,United States -- Territorial expansion,,auto-seeded draft; review
http://id.worldcat.org/fast/1922713.,Universe,y,universe,geographic,Universe,,auto-seeded draft; review
none|universe-pictorial-works,Universe -- Pictorial works,y,universe-pictorial-works,geographic,Universe -- Pictorial works,,auto-seeded draft; review
(OCoLC)fst01260657,Uzbekistan,y,uzbekistan,geographic,Uzbekistan,,auto-seeded draft; review
http://id.worldcat.org/fast/1260657.,Uzbekistan,y,uzbekistan,geographic,Uzbekistan,,auto-seeded draft; review
http://id.worldcat.org/fast/1225025.,Uzbekistan -- Khiva,y,uzbekistan-khiva,geographic,Uzbekistan -- Khiva,,auto-seeded draft; review
none|uzbekistan-pictorial-works,Uzbekistan -- Pictorial works,y,uzbekistan-pictorial-works,geographic,Uzbekistan -- Pictorial works,,auto-seeded draft; review
none|uzbekistan-politics-and-government,Uzbekistan -- Politics and government,y,uzbekistan-politics-and-government,geographic,Uzbekistan -- Politics and government,,auto-seeded draft; review
none|vancouver-b-c-exhibitions,Vancouver (B.C.) -- Exhibitions,y,vancouver-b-c-exhibitions,geographic,Vancouver (B.C.) -- Exhibitions,,auto-seeded draft; review
none|venice-italy-pictorial-works,Venice (Italy) -- Pictorial works,y,venice-italy-pictorial-works,geographic,Venice (Italy) -- Pictorial works,,auto-seeded draft; review
none|venice-lagoon-of-italy-pictorial-works,"Venice, Lagoon of (Italy) -- Pictorial works",y,venice-lagoon-of-italy-pictorial-works,geographic,"Venice, Lagoon of (Italy) -- Pictorial works",,auto-seeded draft; review
http://id.worldcat.org/fast/1204305.,Vermont,y,vermont,geographic,Vermont,,auto-seeded draft; review
none|vermont-in-art,Vermont -- In art,y,vermont-in-art,geographic,Vermont -- In art,,auto-seeded draft; review
none|vickburg-miss-fiction,Vickburg (Miss.) -- Fiction,y,vickburg-miss-fiction,geographic,Vickburg (Miss.) -- Fiction,,auto-seeded draft; review
none|vietnam-pictorial-works-exhibitions,Vietnam -- Pictorial works -- Exhibitions,y,vietnam-pictorial-works-exhibitions,geographic,Vietnam -- Pictorial works -- Exhibitions,,auto-seeded draft; review
http://id.worldcat.org/fast/1204597.,Virginia,y,virginia,geographic,Virginia,,auto-seeded draft; review
(OCoLC)fst01204597,Virginia,y,virginia,geographic,Virginia,,auto-seeded draft; review
(OCoLC)fst01204493,Virginia -- Charlottesville,y,virginia-charlottesville,geographic,Virginia -- Charlottesville,,auto-seeded draft; review
http://id.worldcat.org/fast/1204981.,Virginia -- Fairfax County,y,virginia-fairfax-county,geographic,Virginia -- Fairfax County,,auto-seeded draft; review
none|virginia-fiction,Virginia -- Fiction,y,virginia-fiction,geographic,Virginia -- Fiction,,auto-seeded draft; review
http://id.worldcat.org/fast/1204505.,Washington (D.C.),y,washington-d-c,geographic,Washington (D.C.),,auto-seeded draft; review
http://id.worldcat.org/fast/1204940.,Washington (State) -- Seattle,y,washington-state-seattle,geographic,Washington (State) -- Seattle,,auto-seeded draft; review
http://id.worldcat.org/fast/1292253.,Washington (State) -- Southeast Seattle,y,washington-state-southeast-seattle,geographic,Washington (State) -- Southeast Seattle,,auto-seeded draft; review
http://id.worldcat.org/fast/1205636.,Washington (State) -- Tacoma,y,washington-state-tacoma,geographic,Washington (State) -- Tacoma,,auto-seeded draft; review
http://id.worldcat.org/fast/1208940.,Washington (State) -- Walla Walla,y,washington-state-walla-walla,geographic,Washington (State) -- Walla Walla,,auto-seeded draft; review
none|wenham-mass-history-poetry,Wenham (Mass.) -- History -- Poetry,y,wenham-mass-history-poetry,geographic,Wenham (Mass.) -- History -- Poetry,,auto-seeded draft; review
none|west-u-s-pictorial-works,West (U.S.) -- Pictorial works,y,west-u-s-pictorial-works,geographic,West (U.S.) -- Pictorial works,,auto-seeded draft; review
http://id.worldcat.org/fast/1205316.,West Virginia,y,west-virginia,geographic,West Virginia,,auto-seeded draft; review
none|west-virginia-pictorial-works,West Virginia -- Pictorial works,y,west-virginia-pictorial-works,geographic,West Virginia -- Pictorial works,,auto-seeded draft; review
none|west-virginia-social-conditions-pictorial-works,West Virginia -- Social conditions -- Pictorial works,y,west-virginia-social-conditions-pictorial-works,geographic,West Virginia -- Social conditions -- Pictorial works,,auto-seeded draft; review
http://id.worldcat.org/fast/1245897.,Western Hemisphere,y,western-hemisphere,geographic,Western Hemisphere,,auto-seeded draft; review
http://id.loc.gov/authorities/subjects/sh85146512.,White Sea (Russia),y,white-sea-russia,geographic,White Sea (Russia),,auto-seeded draft; review
none|will-county-ill-pictorial-works,Will County (Ill.) -- Pictorial works,y,will-county-ill-pictorial-works,geographic,Will County (Ill.) -- Pictorial works,,auto-seeded draft; review
http://id.worldcat.org/fast/1204595.,Wisconsin,y,wisconsin,geographic,Wisconsin,,auto-seeded draft; review
http://id.worldcat.org/fast/1244360.,Wyoming -- Jackson Hole,y,wyoming-jackson-hole,geographic,Wyoming -- Jackson Hole,,auto-seeded draft; review
none|xinjiang-uygur-zizhiqu-china-ethnic-relations,Xinjiang Uygur Zizhiqu (China) -- Ethnic relations,y,xinjiang-uygur-zizhiqu-china-ethnic-relations,geographic,Xinjiang Uygur Zizhiqu (China) -- Ethnic relations,,auto-seeded draft; review
none|xinjiang-uygur-zizhiqu-china-pictorial-works,Xinjiang Uygur Zizhiqu (China) -- Pictorial works,y,xinjiang-uygur-zizhiqu-china-pictorial-works,geographic,Xinjiang Uygur Zizhiqu (China) -- Pictorial works,,auto-seeded draft; review
none|yazd-iran-in-art,Yazd (Iran) -- In art,y,yazd-iran-in-art,geographic,Yazd (Iran) -- In art,,auto-seeded draft; review
none|yosemite-national-park-calif-pictorial-works,Yosemite National Park (Calif.) -- Pictorial works,y,yosemite-national-park-calif-pictorial-works,geographic,Yosemite National Park (Calif.) -- Pictorial works,,auto-seeded draft; review
none|yunnan-sheng-china-social-life-and-customs-pictorial-works,Yunnan Sheng (China) -- Social life and customs -- Pictorial works,y,yunnan-sheng-china-social-life-and-customs-pictorial-works,geographic,Yunnan Sheng (China) -- Social life and customs -- Pictorial works,,auto-seeded draft; review
http://id.worldcat.org/fast/1209422.,Zambia,y,zambia,geographic,Zambia,,auto-seeded draft; review
unspecified|aartists-books-zbelgium-vspecimens,‡aArtists' books‡zBelgium‡vSpecimens,y,aartists-books-zbelgium-vspecimens,topical,‡aArtists' books‡zBelgium‡vSpecimens,,auto-seeded draft; review
kao//eng|20th-century,20th century,y,20th-century,topical,20th century,,auto-seeded draft; review
(NL-LeOCL)077600088,21.22 history of drawing,y,21-22-history-of-drawing,topical,21.22 history of drawing,,auto-seeded draft; review
kao|1900-talet,1900-talet,y,1900-talet,topical,1900-talet,,auto-seeded draft; review
http://id.worldcat.org/fast/794440.,Abkhazians,y,abkhazians,topical,Abkhazians,,auto-seeded draft; review
lcsh|abkhazians-georgia-republic,Abkhazians -- Georgia (Republic),y,abkhazians-georgia-republic,topical,Abkhazians -- Georgia (Republic),,auto-seeded draft; review
lcsh|abnormalities-human-in-art-exhibitions,"Abnormalities, Human, in art -- Exhibitions",y,abnormalities-human-in-art-exhibitions,topical,"Abnormalities, Human, in art -- Exhibitions",,auto-seeded draft; review
http://id.worldcat.org/fast/794582.,Abortion,y,abortion,topical,Abortion,,auto-seeded draft; review
http://id.loc.gov/authorities/subjects/sh2009113356.,Abortion -- Psychological aspects,y,abortion-psychological-aspects,topical,Abortion -- Psychological aspects,,auto-seeded draft; review
http://id.worldcat.org/fast/794614.,Abortion -- Psychological aspects,y,abortion-psychological-aspects,topical,Abortion -- Psychological aspects,,auto-seeded draft; review
http://id.worldcat.org/fast/794636.,Abortion -- Social aspects,y,abortion-social-aspects,topical,Abortion -- Social aspects,,auto-seeded draft; review
lcsh|abortion-social-aspects,Abortion -- Social aspects,y,abortion-social-aspects,topical,Abortion -- Social aspects,,auto-seeded draft; review
lcsh|absence-in-art,Absence in art,y,absence-in-art,topical,Absence in art,,auto-seeded draft; review
(OCoLC)fst00794769,Abstraction,y,abstraction,topical,Abstraction,,auto-seeded draft; review
http://id.loc.gov/authorities/subjects/sh85000258.,Abstraction,y,abstraction,topical,Abstraction,,auto-seeded draft; review
http://id.worldcat.org/fast/794769.,Abstraction,y,abstraction,topical,Abstraction,,auto-seeded draft; review
lcsh|abstraction,Abstraction,y,abstraction,topical,Abstraction,,auto-seeded draft; review
lcsh|abstraction-catalogs,Abstraction -- Catalogs,y,abstraction-catalogs,topical,Abstraction -- Catalogs,,auto-seeded draft; review
local|abstractions-surrealism-fantastic-art,"Abstractions, Surrealism, fantastic art",y,abstractions-surrealism-fantastic-art,topical,"Abstractions, Surrealism, fantastic art",,auto-seeded draft; review
lcsh|academia-fiction,Academia -- Fiction,y,academia-fiction,topical,Academia -- Fiction,,auto-seeded draft; review
lcsh|accordion-fold,Accordion fold,y,accordion-fold,topical,Accordion fold,,auto-seeded draft; review
lcsh|accordion-fold-format-binding,Accordion fold format (Binding),y,accordion-fold-format-binding,topical,Accordion fold format (Binding),,auto-seeded draft; review
(OCoLC)fst00795379,Accounting,y,accounting,topical,Accounting,,auto-seeded draft; review
lcsh|accounting-periodicals,Accounting -- Periodicals,y,accounting-periodicals,topical,Accounting -- Periodicals,,auto-seeded draft; review
lcsh|acronyms,Acronyms,y,acronyms,topical,Acronyms,,auto-seeded draft; review
http://id.loc.gov/authorities/subjects/sh93003796.,Action figures (Toys),y,action-figures-toys,topical,Action figures (Toys),,auto-seeded draft; review
http://id.worldcat.org/fast/796219.,Action figures (Toys),y,action-figures-toys,topical,Action figures (Toys),,auto-seeded draft; review
http://id.worldcat.org/fast/796296.,Actors,y,actors,topical,Actors,,auto-seeded draft; review
http://id.loc.gov/authorities/subjects/sh85000747.,Actors -- Portraits,y,actors-portraits,topical,Actors -- Portraits,,auto-seeded draft; review
lcsh|actresses-fiction,Actresses -- Fiction,y,actresses-fiction,topical,Actresses -- Fiction,,auto-seeded draft; review
unspecified|adhesive-bindings,Adhesive bindings,y,adhesive-bindings,topical,Adhesive bindings,,auto-seeded draft; review
lcsh|adoptees-in-art,Adoptees in art,y,adoptees-in-art,topical,Adoptees in art,,auto-seeded draft; review
http://id.worldcat.org/fast/797076.,Adoption,y,adoption,topical,Adoption,,auto-seeded draft; review
lcsh|adoption-personal-narratives,Adoption -- Personal narratives,y,adoption-personal-narratives,topical,Adoption -- Personal narratives,,auto-seeded draft; review
lcsh|adult-child-abuse-victims-writings-american,"Adult child abuse victims' writings, American",y,adult-child-abuse-victims-writings-american,topical,"Adult child abuse victims' writings, American",,auto-seeded draft; review
http://id.loc.gov/authorities/subjects/sh99002225.,Adult child sexual abuse victims in art,y,adult-child-sexual-abuse-victims-in-art,topical,Adult child sexual abuse victims in art,,auto-seeded draft; review
http://id.worldcat.org/fast/797224.,Adult child sexual abuse victims in art,y,adult-child-sexual-abuse-victims-in-art,topical,Adult child sexual abuse victims in art,,auto-seeded draft; review
lcsh|aesthetics,Aesthetics,y,aesthetics,topical,Aesthetics,,auto-seeded draft; review
http://id.loc.gov/authorities/subjects/sh85001465.,"Aesthetics, Japanese",y,aesthetics-japanese,topical,"Aesthetics, Japanese",,auto-seeded draft; review
http://id.worldcat.org/fast/798786.,"Aesthetics, Japanese",y,aesthetics-japanese,topical,"Aesthetics, Japanese",,auto-seeded draft; review
http://id.worldcat.org/fast/798800.,"Aesthetics, Modern",y,aesthetics-modern,topical,"Aesthetics, Modern",,auto-seeded draft; review
http://id.loc.gov/authorities/subjects/sh85001474.,"Aesthetics, Modern -- 20th century",y,aesthetics-modern-20th-century,topical,"Aesthetics, Modern -- 20th century",,auto-seeded draft; review
lcsh|aesthetics-modern-20th-century-periodicals,"Aesthetics, Modern -- 20th century -- Periodicals",y,aesthetics-modern-20th-century-periodicals,topical,"Aesthetics, Modern -- 20th century -- Periodicals",,auto-seeded draft; review
http://id.loc.gov/authorities/subjects/sh2020006620.,Affect (Psychology) in art,y,affect-psychology-in-art,topical,Affect (Psychology) in art,,auto-seeded draft; review
http://id.worldcat.org/fast/2025925.,Affect (Psychology) in art,y,affect-psychology-in-art,topical,Affect (Psychology) in art,,auto-seeded draft; review
lcsh|afghan-war-2001-2021-veterans-united-states,"Afghan War, 2001-2021 -- Veterans -- United States",y,afghan-war-2001-2021-veterans-united-states,topical,"Afghan War, 2001-2021 -- Veterans -- United States",,auto-seeded draft; review
http://id.loc.gov/authorities/subjects/sh85001790.,African American art,y,african-american-art,topical,African American art,,auto-seeded draft; review
http://id.worldcat.org/fast/799012.,African American art,y,african-american-art,topical,African American art,,auto-seeded draft; review
lcsh|african-american-capitalists-and-financiers-drama,African American capitalists and financiers -- Drama,y,african-american-capitalists-and-financiers-drama,topical,African American capitalists and financiers -- Drama,,auto-seeded draft; review
lcsh|african-american-children-in-art,African American children in art,y,african-american-children-in-art,topical,African American children in art,,auto-seeded draft; review
http://id.loc.gov/authorities/subjects/sh96011135.,African American men in art,y,african-american-men-in-art,topical,African American men in art,,auto-seeded draft; review
http://id.worldcat.org/fast/799256.,African American men in art,y,african-american-men-in-art,topical,African American men in art,,auto-seeded draft; review
lcsh|african-american-single-fathers-drama,African American single fathers -- Drama,y,african-american-single-fathers-drama,topical,African American single fathers -- Drama,,auto-seeded draft; review
http://id.worldcat.org/fast/799438.,African American women,y,african-american-women,topical,African American women,,auto-seeded draft; review
lcsh|african-american-women-fiction,African American women -- Fiction,y,african-american-women-fiction,topical,African American women -- Fiction,,auto-seeded draft; review
lcsh|african-american-women-pictorial-works,African American women -- Pictorial works,y,african-american-women-pictorial-works,topical,African American women -- Pictorial works,,auto-seeded draft; review
lcsh|african-american-women-portraits,African American women -- Portraits,y,african-american-women-portraits,topical,African American women -- Portraits,,auto-seeded draft; review
http://id.worldcat.org/fast/799467.,African American women -- Social conditions,y,african-american-women-social-conditions,topical,African American women -- Social conditions,,auto-seeded draft; review
lcsh|african-american-women-social-conditions-pictorial-works,African American women -- Social conditions -- Pictorial works,y,african-american-women-social-conditions-pictorial-works,topical,African American women -- Social conditions -- Pictorial works,,auto-seeded draft; review
http://id.worldcat.org/fast/1743822.,African American young women,y,african-american-young-women,topical,African American young women,,auto-seeded draft; review
lcsh|african-american-young-women-portraits,African American young women -- Portraits,y,african-american-young-women-portraits,topical,African American young women -- Portraits,,auto-seeded draft; review
http://id.worldcat.org/fast/799558.,African Americans,y,african-americans,topical,African Americans,,auto-seeded draft; review
(OCoLC)fst00799558,African Americans,y,african-americans,topical,African Americans,,auto-seeded draft; review
http://id.loc.gov/authorities/subjects/sh2007100197.,African Americans -- Biography,y,african-americans-biography,topical,African Americans -- Biography,,auto-seeded draft; review
http://id.worldcat.org/fast/799570.,African Americans -- Biography,y,african-americans-biography,topical,African Americans -- Biography,,auto-seeded draft; review
lcsh|african-americans-history-20th-century,African Americans -- History -- 20th century,y,african-americans-history-20th-century,topical,African Americans -- History -- 20th century,,auto-seeded draft; review
lcsh|african-americans-history-miscellanea,African Americans -- History -- Miscellanea,y,african-americans-history-miscellanea,topical,African Americans -- History -- Miscellanea,,auto-seeded draft; review
lcsh|african-americans-north-carolina-raleigh-portraits,African Americans -- North Carolina -- Raleigh -- Portraits,y,african-americans-north-carolina-raleigh-portraits,topical,African Americans -- North Carolina -- Raleigh -- Portraits,,auto-seeded draft; review
http://id.loc.gov/authorities/subjects/sh2009114048.,African Americans -- Pictorial works,y,african-americans-pictorial-works,topical,African Americans -- Pictorial works,,auto-seeded draft; review
lcsh|african-americans-pictorial-works,African Americans -- Pictorial works,y,african-americans-pictorial-works,topical,African Americans -- Pictorial works,,auto-seeded draft; review
http://id.loc.gov/authorities/subjects/sh2007100202.,African Americans -- Poetry,y,african-americans-poetry,topical,African Americans -- Poetry,,auto-seeded draft; review
lcsh|african-americans-poetry,African Americans -- Poetry,y,african-americans-poetry,topical,African Americans -- Poetry,,auto-seeded draft; review
http://id.loc.gov/authorities/subjects/sh2009114058.,African Americans -- Portraits,y,african-americans-portraits,topical,African Americans -- Portraits,,auto-seeded draft; review
http://id.worldcat.org/fast/799661.,African Americans -- Portraits,y,african-americans-portraits,topical,African Americans -- Portraits,,auto-seeded draft; review
http://id.worldcat.org/fast/799666.,African Americans -- Race identity,y,african-americans-race-identity,topical,African Americans -- Race identity,,auto-seeded draft; review
lcsh|african-americans-race-identity-anecdotes,African Americans -- Race identity -- Anecdotes,y,african-americans-race-identity-anecdotes,topical,African Americans -- Race identity -- Anecdotes,,auto-seeded draft; review
lcsh|african-americans-race-identity-southern-states-in-art,African Americans -- Race identity -- Southern States -- In art,y,african-americans-race-identity-southern-states-in-art,topical,African Americans -- Race identity -- Southern States -- In art,,auto-seeded draft; review
http://id.worldcat.org/fast/799698.,African Americans -- Social conditions,y,african-americans-social-conditions,topical,African Americans -- Social conditions,,auto-seeded draft; review
lcsh|african-americans-social-conditions-anecdotes,African Americans -- Social conditions -- Anecdotes,y,african-americans-social-conditions-anecdotes,topical,African Americans -- Social conditions -- Anecdotes,,auto-seeded draft; review
lcsh|african-americans-social-conditions-pictorial-works,African Americans -- Social conditions -- Pictorial works,y,african-americans-social-conditions-pictorial-works,topical,African Americans -- Social conditions -- Pictorial works,,auto-seeded draft; review
lcsh|african-americans-social-life-and-customs,African Americans -- Social life and customs,y,african-americans-social-life-and-customs,topical,African Americans -- Social life and customs,,auto-seeded draft; review
lcsh|african-americans-travel-washington-d-c,African Americans -- Travel -- Washington (D.C.),y,african-americans-travel-washington-d-c,topical,African Americans -- Travel -- Washington (D.C.),,auto-seeded draft; review
lcsh|african-americans-violence-against,African Americans -- Violence against,y,african-americans-violence-against,topical,African Americans -- Violence against,,auto-seeded draft; review
lcsh|african-americans-violence-against-poetry,African Americans -- Violence against -- Poetry,y,african-americans-violence-against-poetry,topical,African Americans -- Violence against -- Poetry,,auto-seeded draft; review
lcsh|african-americans-virginia-fiction,African Americans -- Virginia -- Fiction,y,african-americans-virginia-fiction,topical,African Americans -- Virginia -- Fiction,,auto-seeded draft; review
lcsh|african-americans-washington-d-c,African Americans -- Washington (D.C.),y,african-americans-washington-d-c,topical,African Americans -- Washington (D.C.),,auto-seeded draft; review
lcsh|african-americans-in-art,African Americans in art,y,african-americans-in-art,topical,African Americans in art,,auto-seeded draft; review
http://id.loc.gov/authorities/subjects/sh85002006.,African Americans in art,y,african-americans-in-art,topical,African Americans in art,,auto-seeded draft; review
http://id.worldcat.org/fast/799722.,African Americans in art,y,african-americans-in-art,topical,African Americans in art,,auto-seeded draft; review
http://id.worldcat.org/fast/799938.,Africans,y,africans,topical,Africans,,auto-seeded draft; review
lcsh|africans-portraits-exhibitions,Africans -- Portraits -- Exhibitions,y,africans-portraits-exhibitions,topical,Africans -- Portraits -- Exhibitions,,auto-seeded draft; review
http://id.worldcat.org/fast/800070.,After-images,y,after-images,topical,After-images,,auto-seeded draft; review
lcsh|after-images-pictorial-works,After-images -- Pictorial works,y,after-images-pictorial-works,topical,After-images -- Pictorial works,,auto-seeded draft; review
lcsh|age-distribution-demography-in-art,Age distribution (Demography) -- In art,y,age-distribution-demography-in-art,topical,Age distribution (Demography) -- In art,,auto-seeded draft; review
http://id.loc.gov/authorities/subjects/sh85002193,Aggressiveness,y,aggressiveness,topical,Aggressiveness,,auto-seeded draft; review
http://id.loc.gov/authorities/subjects/sh85002193.,Aggressiveness,y,aggressiveness,topical,Aggressiveness,,auto-seeded draft; review
http://id.worldcat.org/fast/800263.,Aggressiveness,y,aggressiveness,topical,Aggressiveness,,auto-seeded draft; review
http://id.loc.gov/authorities/subjects/sh85002201.,Aging,y,aging,topical,Aging,,auto-seeded draft; review
http://id.worldcat.org/fast/800293.,Aging,y,aging,topical,Aging,,auto-seeded draft; review
lcsh|aging,Aging,y,aging,topical,Aging,,auto-seeded draft; review
http://id.loc.gov/authorities/subjects/sh96011080.,Aging in art,y,aging-in-art,topical,Aging in art,,auto-seeded draft; review
http://id.worldcat.org/fast/800358.,Aging in art,y,aging-in-art,topical,Aging in art,,auto-seeded draft; review
lcsh|agnosticism,Agnosticism,y,agnosticism,topical,Agnosticism,,auto-seeded draft; review
http://id.worldcat.org/fast/793808.,AIDS (Disease),y,aids-disease,topical,AIDS (Disease),,auto-seeded draft; review
lcsh|aids-disease-africa,AIDS (Disease) -- Africa,y,aids-disease-africa,topical,AIDS (Disease) -- Africa,,auto-seeded draft; review
lcsh|aids-disease-art,AIDS (Disease) -- Art,y,aids-disease-art,topical,AIDS (Disease) -- Art,,auto-seeded draft; review
lcsh|aids-disease-epidemiology,AIDS (Disease) -- Epidemiology,y,aids-disease-epidemiology,topical,AIDS (Disease) -- Epidemiology,,auto-seeded draft; review
http://id.worldcat.org/fast/793864.,AIDS (Disease) -- Patients,y,aids-disease-patients,topical,AIDS (Disease) -- Patients,,auto-seeded draft; review
http://id.loc.gov/authorities/subjects/sh2007100928.,AIDS (Disease) -- Patients -- United States -- Biography,y,aids-disease-patients-united-states-biography,topical,AIDS (Disease) -- Patients -- United States -- Biography,,auto-seeded draft; review
lcsh|aids-disease-personal-narratives,AIDS (Disease) -- Personal narratives,y,aids-disease-personal-narratives,topical,AIDS (Disease) -- Personal narratives,,auto-seeded draft; review
http://id.worldcat.org/fast/793952.,AIDS (Disease) -- Social aspects,y,aids-disease-social-aspects,topical,AIDS (Disease) -- Social aspects,,auto-seeded draft; review
lcsh|aids-disease-social-aspects,AIDS (Disease) -- Social aspects,y,aids-disease-social-aspects,topical,AIDS (Disease) -- Social aspects,,auto-seeded draft; review
http://id.loc.gov/authorities/subjects/sh2002004688.,AIDS (Disease) and art,y,aids-disease-and-art,topical,AIDS (Disease) and art,,auto-seeded draft; review
http://id.worldcat.org/fast/793981.,AIDS (Disease) and art,y,aids-disease-and-art,topical,AIDS (Disease) and art,,auto-seeded draft; review
lcsh|aids-disease-and-the-arts,AIDS (Disease) and the arts,y,aids-disease-and-the-arts,topical,AIDS (Disease) and the arts,,auto-seeded draft; review
lcsh|aids-disease-in-art,AIDS (Disease) in art,y,aids-disease-in-art,topical,AIDS (Disease) in art,,auto-seeded draft; review
http://id.loc.gov/authorities/subjects/sh96011083.,AIDS (Disease) in art,y,aids-disease-in-art,topical,AIDS (Disease) in art,,auto-seeded draft; review
http://id.worldcat.org/fast/793991.,AIDS (Disease) in art,y,aids-disease-in-art,topical,AIDS (Disease) in art,,auto-seeded draft; review
lcsh|aids-disease-in-women-social-aspects,AIDS (Disease) in women -- Social aspects,y,aids-disease-in-women-social-aspects,topical,AIDS (Disease) in women -- Social aspects,,auto-seeded draft; review
http://id.worldcat.org/fast/802066.,Air,y,air,topical,Air,,auto-seeded draft; review
http://id.worldcat.org/fast/802083.,Air -- Pollution,y,air-pollution,topical,Air -- Pollution,,auto-seeded draft; review
lcsh|air-pollution-belgium-charleroi,Air -- Pollution -- Belgium -- Charleroi,y,air-pollution-belgium-charleroi,topical,Air -- Pollution -- Belgium -- Charleroi,,auto-seeded draft; review
lcsh|air-pollution-pictorial-works,Air -- Pollution -- Pictorial works,y,air-pollution-pictorial-works,topical,Air -- Pollution -- Pictorial works,,auto-seeded draft; review
unspecified|air-mail-envelopes,Air mail envelopes,y,air-mail-envelopes,topical,Air mail envelopes,,auto-seeded draft; review
http://id.loc.gov/authorities/subjects/sh85002719.,Air warfare,y,air-warfare,topical,Air warfare,,auto-seeded draft; review
http://id.worldcat.org/fast/802704.,Air warfare,y,air-warfare,topical,Air warfare,,auto-seeded draft; review
http://id.loc.gov/authorities/subjects/sh85001323.,Aircraft accidents,y,aircraft-accidents,topical,Aircraft accidents,,auto-seeded draft; review
http://id.worldcat.org/fast/802778.,Aircraft accidents,y,aircraft-accidents,topical,Aircraft accidents,,auto-seeded draft; review
lcsh|aircraft-accidents,Aircraft accidents,y,aircraft-accidents,topical,Aircraft accidents,,auto-seeded draft; review
unspecified|airdrop,Airdrop,y,airdrop,topical,Airdrop,,auto-seeded draft; review
lcsh|ajawaan-lake-sask-in-art,Ajawaan Lake (Sask.) in art,y,ajawaan-lake-sask-in-art,topical,Ajawaan Lake (Sask.) in art,,auto-seeded draft; review
lcsh|alchemy,Alchemy,y,alchemy,topical,Alchemy,,auto-seeded draft; review
mesh|alchemy,Alchemy,y,alchemy,topical,Alchemy,,auto-seeded draft; review
http://id.loc.gov/authorities/subjects/sh96012229,Alchemy in art,y,alchemy-in-art,topical,Alchemy in art,,auto-seeded draft; review
lcsh|alcoholics-family-relationships,Alcoholics -- Family relationships,y,alcoholics-family-relationships,topical,Alcoholics -- Family relationships,,auto-seeded draft; review
lcsh|alcoholism,Alcoholism,y,alcoholism,topical,Alcoholism,,auto-seeded draft; review
lcsh|aleatory-music,Aleatory music,y,aleatory-music,topical,Aleatory music,,auto-seeded draft; review
fast|aleatory-music,Aleatory music,y,aleatory-music,topical,Aleatory music,,auto-seeded draft; review
http://id.loc.gov/authorities/subjects/sh85022486.,Aleatory music,y,aleatory-music,topical,Aleatory music,,auto-seeded draft; review
http://id.worldcat.org/fast/804693.,Aleatory music,y,aleatory-music,topical,Aleatory music,,auto-seeded draft; review
lcsh|algerians-france-housing-pictorial-works,Algerians -- France -- Housing -- Pictorial works,y,algerians-france-housing-pictorial-works,topical,Algerians -- France -- Housing -- Pictorial works,,auto-seeded draft; review
lcsh|allegories,Allegories,y,allegories,topical,Allegories,,auto-seeded draft; review
http://id.worldcat.org/fast/805945.,Alphabet,y,alphabet,topical,Alphabet,,auto-seeded draft; review
http://id.loc.gov/authorities/subjects/sh85003819,Alphabet,y,alphabet,topical,Alphabet,,auto-seeded draft; review
http://id.loc.gov/authorities/subjects/sh85003819.,Alphabet,y,alphabet,topical,Alphabet,,auto-seeded draft; review
lcshac|alphabet,Alphabet,y,alphabet,topical,Alphabet,,auto-seeded draft; review
lcsh|alphabet,Alphabet,y,alphabet,topical,Alphabet,,auto-seeded draft; review
http://id.loc.gov/authorities/subjects/sh2009114729.,Alphabet -- Juvenile literature,y,alphabet-juvenile-literature,topical,Alphabet -- Juvenile literature,,auto-seeded draft; review
lcsh|alphabet-juvenile-poetry,Alphabet -- Juvenile poetry,y,alphabet-juvenile-poetry,topical,Alphabet -- Juvenile poetry,,auto-seeded draft; review
lcsh|alphabet-miscellanea,Alphabet -- Miscellanea,y,alphabet-miscellanea,topical,Alphabet -- Miscellanea,,auto-seeded draft; review
lcsh|alphabet-pictorial-works,Alphabet -- Pictorial works,y,alphabet-pictorial-works,topical,Alphabet -- Pictorial works,,auto-seeded draft; review
lcsh|alphabet-books-fiction,Alphabet books -- Fiction,y,alphabet-books-fiction,topical,Alphabet books -- Fiction,,auto-seeded draft; review
http://id.loc.gov/authorities/subjects/sh2007101018.,Alphabet books -- Juvenile literature,y,alphabet-books-juvenile-literature,topical,Alphabet books -- Juvenile literature,,auto-seeded draft; review
lcsh|alphabet-books-specimens,Alphabet books -- Specimens,y,alphabet-books-specimens,topical,Alphabet books -- Specimens,,auto-seeded draft; review
lcsh|alphabet-books,Alphabet books | Alphabet Books,y,alphabet-books,topical,Alphabet books,,auto-seeded draft; review
lcsh|alphabet-in-art,Alphabet in art,y,alphabet-in-art,topical,Alphabet in art,,auto-seeded draft; review
http://id.loc.gov/authorities/subjects/sh98000405.,Alphabet in art,y,alphabet-in-art,topical,Alphabet in art,,auto-seeded draft; review
http://id.worldcat.org/fast/805965.,Alphabet in art,y,alphabet-in-art,topical,Alphabet in art,,auto-seeded draft; review
lcsh|alphabet-rhymes,Alphabet rhymes,y,alphabet-rhymes,topical,Alphabet rhymes,,auto-seeded draft; review
lcsh|alphabets,Alphabets,y,alphabets,topical,Alphabets,,auto-seeded draft; review
http://id.loc.gov/authorities/subjects/sh85003826.,Alphabets,y,alphabets,topical,Alphabets,,auto-seeded draft; review
http://id.worldcat.org/fast/805974.,Alphabets,y,alphabets,topical,Alphabets,,auto-seeded draft; review
fast|alphabets,Alphabets,y,alphabets,topical,Alphabets,,auto-seeded draft; review
http://id.loc.gov/authorities/subjects/sh85003826,Alphabets,y,alphabets,topical,Alphabets,,auto-seeded draft; review
rvm|alphabets-de-coration,Alphabets (Décoration),y,alphabets-de-coration,topical,Alphabets (Décoration),,auto-seeded draft; review
http://id.worldcat.org/fast/806113.,Altered books,y,altered-books,topical,Altered books,,auto-seeded draft; review
http://id.loc.gov/authorities/subjects/sh2003001210.,Altered books,y,altered-books,topical,Altered books,,auto-seeded draft; review
(OCoLC)fst00806113,Altered books,y,altered-books,topical,Altered books,,auto-seeded draft; review
lcsh|altered-books-facsimiles,Altered books -- Facsimiles,y,altered-books-facsimiles,topical,Altered books -- Facsimiles,,auto-seeded draft; review
lcsh|altered-books-new-york-state-exhibitions,Altered books -- New York (State) -- Exhibitions,y,altered-books-new-york-state-exhibitions,topical,Altered books -- New York (State) -- Exhibitions,,auto-seeded draft; review
lcsh|altered-books-specimens,Altered books -- Specimens,y,altered-books-specimens,topical,Altered books -- Specimens,,auto-seeded draft; review
http://id.worldcat.org/fast/806114.,Altered paintings,y,altered-paintings,topical,Altered paintings,,auto-seeded draft; review
lcsh|altered-paintings-specimens,Altered paintings -- Specimens,y,altered-paintings-specimens,topical,Altered paintings -- Specimens,,auto-seeded draft; review
http://id.worldcat.org/fast/806254.,Alum industry,y,alum-industry,topical,Alum industry,,auto-seeded draft; review
lcsh|alum-industry-italy-history,Alum industry -- Italy -- History,y,alum-industry-italy-history,topical,Alum industry -- Italy -- History,,auto-seeded draft; review
http://id.worldcat.org/fast/806532.,Alzheimer's disease,y,alzheimer-s-disease,topical,Alzheimer's disease,,auto-seeded draft; review
http://id.loc.gov/authorities/subjects/sh85004080.,Alzheimer's disease,y,alzheimer-s-disease,topical,Alzheimer's disease,,auto-seeded draft; review
http://id.worldcat.org/fast/806557.,Alzheimer's disease -- Patients,y,alzheimer-s-disease-patients,topical,Alzheimer's disease -- Patients,,auto-seeded draft; review
http://id.loc.gov/authorities/subjects/sh2009114743.,Alzheimer's disease -- Patients -- Biography,y,alzheimer-s-disease-patients-biography,topical,Alzheimer's disease -- Patients -- Biography,,auto-seeded draft; review
lcsh|american-fiction-21st-century,American fiction -- 21st century,y,american-fiction-21st-century,topical,American fiction -- 21st century,,auto-seeded draft; review
lcsh|american-fiction-women-authors-history-and-criticism,American fiction -- Women authors -- History and criticism,y,american-fiction-women-authors-history-and-criticism,topical,American fiction -- Women authors -- History and criticism,,auto-seeded draft; review
http://id.worldcat.org/fast/807113.,American literature,y,american-literature,topical,American literature,,auto-seeded draft; review
http://id.loc.gov/authorities/subjects/sh85004336.,American literature,y,american-literature,topical,American literature,,auto-seeded draft; review
http://id.loc.gov/authorities/subjects/sh85004341.,American literature -- 20th century,y,american-literature-20th-century,topical,American literature -- 20th century,,auto-seeded draft; review
lcsh|american-literature-20th-century,American literature -- 20th century,y,american-literature-20th-century,topical,American literature -- 20th century,,auto-seeded draft; review
lcsh|american-literature-20th-century-bibliography-exhibitions,American literature -- 20th century -- Bibliography -- Exhibitions,y,american-literature-20th-century-bibliography-exhibitions,topical,American literature -- 20th century -- Bibliography -- Exhibitions,,auto-seeded draft; review
http://id.worldcat.org/fast/807348.,American poetry,y,american-poetry,topical,American poetry,,auto-seeded draft; review
(OCoLC)fst00807348,American poetry,y,american-poetry,topical,American poetry,,auto-seeded draft; review
http://id.loc.gov/authorities/subjects/sh85004382,American poetry,y,american-poetry,topical,American poetry,,auto-seeded draft; review
lcsh|american-poetry,American poetry,y,american-poetry,topical,American poetry,,auto-seeded draft; review
http://id.loc.gov/authorities/subjects/sh85004387,American poetry -- 20th century,y,american-poetry-20th-century,topical,American poetry -- 20th century,,auto-seeded draft; review
http://id.loc.gov/authorities/subjects/sh85004387.,American poetry -- 20th century,y,american-poetry-20th-century,topical,American poetry -- 20th century,,auto-seeded draft; review
lcsh|american-poetry-20th-century,American poetry -- 20th century,y,american-poetry-20th-century,topical,American poetry -- 20th century,,auto-seeded draft; review
lcsh|american-poetry-20th-century-periodicals,American poetry -- 20th century -- Periodicals,y,american-poetry-20th-century-periodicals,topical,American poetry -- 20th century -- Periodicals,,auto-seeded draft; review
http://id.loc.gov/authorities/subjects/sh2007100768.,American poetry -- 21st century,y,american-poetry-21st-century,topical,American poetry -- 21st century,,auto-seeded draft; review
http://id.loc.gov/authorities/subjects/sh2007100768,American poetry -- 21st century,y,american-poetry-21st-century,topical,American poetry -- 21st century,,auto-seeded draft; review
lcsh|american-poetry-21st-century,American poetry -- 21st century,y,american-poetry-21st-century,topical,American poetry -- 21st century,,auto-seeded draft; review
lcsh|american-poetry-women-authors,American poetry -- Women authors,y,american-poetry-women-authors,topical,American poetry -- Women authors,,auto-seeded draft; review
http://id.worldcat.org/fast/807422.,American prose literature,y,american-prose-literature,topical,American prose literature,,auto-seeded draft; review
http://id.loc.gov/authorities/subjects/sh2007101031.,American prose literature -- 20th century,y,american-prose-literature-20th-century,topical,American prose literature -- 20th century,,auto-seeded draft; review
http://id.loc.gov/authorities/subjects/sh85004412.,"American Revolution Bicentennial, 1976",y,american-revolution-bicentennial-1976,topical,"American Revolution Bicentennial, 1976",,auto-seeded draft; review
lcsh|american-wit-and-humor,American wit and humor,y,american-wit-and-humor,topical,American wit and humor,,auto-seeded draft; review
lcsh|american-wit-and-humor-pictorial,"American wit and humor, Pictorial",y,american-wit-and-humor-pictorial,topical,"American wit and humor, Pictorial",,auto-seeded draft; review
sao|amerikansk-konst-1900-talet-1945,Amerikansk konst -- 1900-talet -- 1945-,y,amerikansk-konst-1900-talet-1945,topical,Amerikansk konst -- 1900-talet -- 1945-,,auto-seeded draft; review
http://id.worldcat.org/fast/808387.,Anarchism,y,anarchism,topical,Anarchism,,auto-seeded draft; review
http://id.loc.gov/authorities/subjects/sh85004812.,Anarchism,y,anarchism,topical,Anarchism,,auto-seeded draft; review
lcsh|anarchism,Anarchism,y,anarchism,topical,Anarchism,,auto-seeded draft; review
lcsh|anarchism-europe-periodicals,Anarchism -- Europe -- Periodicals,y,anarchism-europe-periodicals,topical,Anarchism -- Europe -- Periodicals,,auto-seeded draft; review
https://id.kb.se/term/sao/Anarkism,Anarkism,y,anarkism,topical,Anarkism,,auto-seeded draft; review
http://id.loc.gov/authorities/subjects/sh85004836.,"Anatomy, Artistic",y,anatomy-artistic,topical,"Anatomy, Artistic",,auto-seeded draft; review
http://id.worldcat.org/fast/808452.,"Anatomy, Artistic",y,anatomy-artistic,topical,"Anatomy, Artistic",,auto-seeded draft; review
http://id.nlm.nih.gov/mesh/D000716.,"Anatomy, Artistic",y,anatomy-artistic,topical,"Anatomy, Artistic",,auto-seeded draft; review
http://id.loc.gov/authorities/subjects/sh85005008.,Angels in art,y,angels-in-art,topical,Angels in art,,auto-seeded draft; review
http://id.worldcat.org/fast/808759.,Angels in art,y,angels-in-art,topical,Angels in art,,auto-seeded draft; review
lcsh|angles-geometry,Angles (Geometry),y,angles-geometry,topical,Angles (Geometry),,auto-seeded draft; review
http://id.loc.gov/authorities/subjects/sh89005495.,Animal rights,y,animal-rights,topical,Animal rights,,auto-seeded draft; review
http://id.worldcat.org/fast/809364.,Animal rights,y,animal-rights,topical,Animal rights,,auto-seeded draft; review
http://id.worldcat.org/fast/809431.,Animal welfare,y,animal-welfare,topical,Animal welfare,,auto-seeded draft; review
http://id.loc.gov/authorities/subjects/sh85005274.,Animal welfare,y,animal-welfare,topical,Animal welfare,,auto-seeded draft; review
http://id.loc.gov/authorities/subjects/sh2007101130.,Animal welfare -- Fiction,y,animal-welfare-fiction,topical,Animal welfare -- Fiction,,auto-seeded draft; review
http://id.worldcat.org/fast/809468.,Animals,y,animals,topical,Animals,,auto-seeded draft; review
lcshac|animals-fiction,Animals -- Fiction,y,animals-fiction,topical,Animals -- Fiction,,auto-seeded draft; review
lcsh|animals-humor,Animals -- Humor,y,animals-humor,topical,Animals -- Humor,,auto-seeded draft; review
lcsh|animals-india-pictorial-works,Animals -- India -- Pictorial works,y,animals-india-pictorial-works,topical,Animals -- India -- Pictorial works,,auto-seeded draft; review
lcsh|animals-obituaries,Animals -- Obituaries,y,animals-obituaries,topical,Animals -- Obituaries,,auto-seeded draft; review
http://id.worldcat.org/fast/809573.,Animals in art,y,animals-in-art,topical,Animals in art,,auto-seeded draft; review
http://id.loc.gov/authorities/subjects/sh85005283,Animals in art,y,animals-in-art,topical,Animals in art,,auto-seeded draft; review
http://id.loc.gov/authorities/subjects/sh85005283.,Animals in art,y,animals-in-art,topical,Animals in art,,auto-seeded draft; review
lcsh|animals-in-art,Animals in art,y,animals-in-art,topical,Animals in art,,auto-seeded draft; review
unspecified|animals-in-art,Animals in art,y,animals-in-art,topical,Animals in art,,auto-seeded draft; review
http://id.loc.gov/authorities/subjects/sh2007101134.,Animals in art -- Exhibitions,y,animals-in-art-exhibitions,topical,Animals in art -- Exhibitions,,auto-seeded draft; review
lcsh|animals-mythical-in-art,"Animals, mythical, in art",y,animals-mythical-in-art,topical,"Animals, mythical, in art",,auto-seeded draft; review
local|animals-birds,Animals: Birds,y,animals-birds,topical,Animals: Birds,,auto-seeded draft; review
http://id.worldcat.org/fast/809757.,Anniversaries,y,anniversaries,topical,Anniversaries,,auto-seeded draft; review
http://id.worldcat.org/fast/1746829.,Anonymous persons,y,anonymous-persons,topical,Anonymous persons,,auto-seeded draft; review
lcsh|anonymous-persons-fiction,Anonymous persons -- Fiction,y,anonymous-persons-fiction,topical,Anonymous persons -- Fiction,,auto-seeded draft; review
lcsh|anthologies,Anthologies,y,anthologies,topical,Anthologies,,auto-seeded draft; review
unspecified|antin-eleanor,"Antin, Eleanor",y,antin-eleanor,topical,"Antin, Eleanor",,auto-seeded draft; review
http://id.loc.gov/authorities/subjects/sh85005721.,Antinuclear movement,y,antinuclear-movement,topical,Antinuclear movement,,auto-seeded draft; review
http://id.worldcat.org/fast/810626.,Antinuclear movement,y,antinuclear-movement,topical,Antinuclear movement,,auto-seeded draft; review
http://id.worldcat.org/fast/810800.,Antislavery movements,y,antislavery-movements,topical,Antislavery movements,,auto-seeded draft; review
lcsh|antislavery-movements-cuba-history-19th-century,Antislavery movements -- Cuba -- History -- 19th century,y,antislavery-movements-cuba-history-19th-century,topical,Antislavery movements -- Cuba -- History -- 19th century,,auto-seeded draft; review
http://id.loc.gov/authorities/subjects/sh85005791.,Antlers,y,antlers,topical,Antlers,,auto-seeded draft; review
http://id.worldcat.org/fast/810877.,Antlers,y,antlers,topical,Antlers,,auto-seeded draft; review
http://id.loc.gov/authorities/subjects/sh96012263.,Anxiety in art,y,anxiety-in-art,topical,Anxiety in art,,auto-seeded draft; review
http://id.worldcat.org/fast/810981.,Anxiety in art,y,anxiety-in-art,topical,Anxiety in art,,auto-seeded draft; review
lcsh|anxiety-in-art,Anxiety in art,y,anxiety-in-art,topical,Anxiety in art,,auto-seeded draft; review
http://id.worldcat.org/fast/811112.,Apartheid,y,apartheid,topical,Apartheid,,auto-seeded draft; review
http://id.worldcat.org/fast/811114.,Apartheid -- Economic aspects,y,apartheid-economic-aspects,topical,Apartheid -- Economic aspects,,auto-seeded draft; review
lcsh|apartheid-economic-aspects-south-africa,Apartheid -- Economic aspects -- South Africa,y,apartheid-economic-aspects-south-africa,topical,Apartheid -- Economic aspects -- South Africa,,auto-seeded draft; review
http://id.worldcat.org/fast/811125.,Apartheid -- Social aspects,y,apartheid-social-aspects,topical,Apartheid -- Social aspects,,auto-seeded draft; review
lcsh|apartheid-social-aspects-south-africa,Apartheid -- Social aspects -- South Africa,y,apartheid-social-aspects-south-africa,topical,Apartheid -- Social aspects -- South Africa,,auto-seeded draft; review
http://id.loc.gov/authorities/subjects/sh96012266.,Apartheid in art,y,apartheid-in-art,topical,Apartheid in art,,auto-seeded draft; review
http://id.worldcat.org/fast/811129.,Apartheid in art,y,apartheid-in-art,topical,Apartheid in art,,auto-seeded draft; review
http://id.worldcat.org/fast/811132.,Apartment houses,y,apartment-houses,topical,Apartment houses,,auto-seeded draft; review
(OCoLC)fst00811132,Apartment houses,y,apartment-houses,topical,Apartment houses,,auto-seeded draft; review
fast|apartment-houses,Apartment houses,y,apartment-houses,topical,Apartment houses,,auto-seeded draft; review
lcsh|apartment-houses-california-los-angeles-pictorial-works,Apartment houses -- California -- Los Angeles -- Pictorial works,y,apartment-houses-california-los-angeles-pictorial-works,topical,Apartment houses -- California -- Los Angeles -- Pictorial works,,auto-seeded draft; review
lcsh|apartment-houses-france-marseille-pictorial-works,Apartment houses -- France -- Marseille -- Pictorial works,y,apartment-houses-france-marseille-pictorial-works,topical,Apartment houses -- France -- Marseille -- Pictorial works,,auto-seeded draft; review
(OCoLC)fst00811260,Apes in art,y,apes-in-art,topical,Apes in art,,auto-seeded draft; review
http://id.loc.gov/authorities/subjects/sh96012267,Apes in art,y,apes-in-art,topical,Apes in art,,auto-seeded draft; review
lcsh|aphorisms-and-apothegms,Aphorisms and apothegms,y,aphorisms-and-apothegms,topical,Aphorisms and apothegms,,auto-seeded draft; review
unspecified|apo,APO,y,apo,topical,APO,,auto-seeded draft; review
lcsh|apocalipsir-the-spanish-word,Apocalipsir (The Spanish word),y,apocalipsir-the-spanish-word,topical,Apocalipsir (The Spanish word),,auto-seeded draft; review
http://id.worldcat.org/fast/1896120.,Apocalypse in art,y,apocalypse-in-art,topical,Apocalypse in art,,auto-seeded draft; review
lcsh|apocalypse-in-art-exhibitions,Apocalypse in art -- Exhibitions,y,apocalypse-in-art-exhibitions,topical,Apocalypse in art -- Exhibitions,,auto-seeded draft; review
http://id.worldcat.org/fast/811767.,Appliqué,y,appliqu,topical,Appliqué,,auto-seeded draft; review
abo.org|appropriated-text,Appropriated text,y,appropriated-text,topical,Appropriated text,,auto-seeded draft; review
http://id.worldcat.org/fast/811824.,Appropriation (Art),y,appropriation-art,topical,Appropriation (Art),,auto-seeded draft; review
http://id.loc.gov/authorities/subjects/sh93007118.,Appropriation (Art),y,appropriation-art,topical,Appropriation (Art),,auto-seeded draft; review
http://id.loc.gov/authorities/subjects/sh93007118,Appropriation (Art),y,appropriation-art,topical,Appropriation (Art),,auto-seeded draft; review
lcsh|appropriation-art-periodicals,Appropriation (Art) -- Periodicals,y,appropriation-art-periodicals,topical,Appropriation (Art) -- Periodicals,,auto-seeded draft; review
http://id.worldcat.org/fast/811940.,Aquariums,y,aquariums,topical,Aquariums,,auto-seeded draft; review
lcsh|aquariums-pictorial-works,Aquariums -- Pictorial works,y,aquariums-pictorial-works,topical,Aquariums -- Pictorial works,,auto-seeded draft; review
lcsh|arabic-alphabet,Arabic alphabet,y,arabic-alphabet,topical,Arabic alphabet,,auto-seeded draft; review
lcsh|arabic-essays-translations-into-english,Arabic essays -- Translations into English,y,arabic-essays-translations-into-english,topical,Arabic essays -- Translations into English,,auto-seeded draft; review
lcsh|arapaho-art-20th-century-exhibitions,Arapaho art -- 20th century -- Exhibitions,y,arapaho-art-20th-century-exhibitions,topical,Arapaho art -- 20th century -- Exhibitions,,auto-seeded draft; review
http://id.loc.gov/authorities/subjects/sh2002000955.,Archaeology in art,y,archaeology-in-art,topical,Archaeology in art,,auto-seeded draft; review
http://id.worldcat.org/fast/813010.,Archaeology in art,y,archaeology-in-art,topical,Archaeology in art,,auto-seeded draft; review
http://id.worldcat.org/fast/813226.,Architectural drawing,y,architectural-drawing,topical,Architectural drawing,,auto-seeded draft; review
http://id.loc.gov/authorities/subjects/sh85006587.,Architectural drawing,y,architectural-drawing,topical,Architectural drawing,,auto-seeded draft; review
lcsh|architectural-drawing-in-art,Architectural drawing -- In art,y,architectural-drawing-in-art,topical,Architectural drawing -- In art,,auto-seeded draft; review
lcsh|architectural-drawing-pictorial-works,Architectural drawing -- Pictorial works,y,architectural-drawing-pictorial-works,topical,Architectural drawing -- Pictorial works,,auto-seeded draft; review
http://id.worldcat.org/fast/813301.,Architectural photography,y,architectural-photography,topical,Architectural photography,,auto-seeded draft; review
http://id.loc.gov/authorities/subjects/sh85101268.,Architectural photography,y,architectural-photography,topical,Architectural photography,,auto-seeded draft; review
lcsh|architectural-photography,Architectural photography,y,architectural-photography,topical,Architectural photography,,auto-seeded draft; review
lcsh|architectural-photography-bulgaria-catalogs,Architectural photography -- Bulgaria -- Catalogs,y,architectural-photography-bulgaria-catalogs,topical,Architectural photography -- Bulgaria -- Catalogs,,auto-seeded draft; review
lcsh|architectural-photography-italy-scampia-naples-exhibitions,Architectural photography -- Italy -- Scampia (Naples) -- Exhibitions,y,architectural-photography-italy-scampia-naples-exhibitions,topical,Architectural photography -- Italy -- Scampia (Naples) -- Exhibitions,,auto-seeded draft; review
lcsh|architectural-photography-pictorial-works,Architectural photography -- Pictorial works,y,architectural-photography-pictorial-works,topical,Architectural photography -- Pictorial works,,auto-seeded draft; review
lcsh|architectural-photography-united-states,Architectural photography -- United States,y,architectural-photography-united-states,topical,Architectural photography -- United States,,auto-seeded draft; review
(OCoLC)fst01127601,Architectural Space,y,architectural-space,topical,Architectural Space,,auto-seeded draft; review
http://id.worldcat.org/fast/813346.,Architecture,y,architecture,topical,Architecture,,auto-seeded draft; review
fast|architecture,Architecture,y,architecture,topical,Architecture,,auto-seeded draft; review
http://id.loc.gov/authorities/subjects/sh85006611.,Architecture,y,architecture,topical,Architecture,,auto-seeded draft; review
lcsh|architecture-california-los-angeles-history-20th-century-pictorial-works,Architecture -- California -- Los Angeles -- History -- 20th century -- Pictorial works,y,architecture-california-los-angeles-history-20th-century-pictorial-works,topical,Architecture -- California -- Los Angeles -- History -- 20th century -- Pictorial works,,auto-seeded draft; review
lcsh|architecture-california-los-angeles-history-pictorial-works,Architecture -- California -- Los Angeles -- History -- Pictorial works,y,architecture-california-los-angeles-history-pictorial-works,topical,Architecture -- California -- Los Angeles -- History -- Pictorial works,,auto-seeded draft; review
rvm|architecture-californie-los-angeles-histoire-ouvrages-illustre-s,Architecture -- Californie -- Los Angeles -- Histoire -- Ouvrages illustrés,y,architecture-californie-los-angeles-histoire-ouvrages-illustre-s,topical,Architecture -- Californie -- Los Angeles -- Histoire -- Ouvrages illustrés,,auto-seeded draft; review
http://id.loc.gov/authorities/subjects/sh2004006086.,Architecture -- History,y,architecture-history,topical,Architecture -- History,,auto-seeded draft; review
lcsh|architecture-iran-tehran,Architecture -- Iran -- Tehran,y,architecture-iran-tehran,topical,Architecture -- Iran -- Tehran,,auto-seeded draft; review
lcsh|architecture-lebanon-beirut,Architecture -- Lebanon -- Beirut,y,architecture-lebanon-beirut,topical,Architecture -- Lebanon -- Beirut,,auto-seeded draft; review
http://id.loc.gov/authorities/subjects/sh85006684.,Architecture -- Middle East,y,architecture-middle-east,topical,Architecture -- Middle East,,auto-seeded draft; review
http://id.loc.gov/authorities/subjects/sh85006685.,Architecture -- Netherlands,y,architecture-netherlands,topical,Architecture -- Netherlands,,auto-seeded draft; review
http://id.loc.gov/authorities/subjects/sh2007101285.,Architecture -- Philosophy,y,architecture-philosophy,topical,Architecture -- Philosophy,,auto-seeded draft; review
http://id.worldcat.org/fast/813497.,Architecture -- Philosophy,y,architecture-philosophy,topical,Architecture -- Philosophy,,auto-seeded draft; review
http://id.loc.gov/authorities/subjects/sh85006636.,Architecture -- Pictorial works,y,architecture-pictorial-works,topical,Architecture -- Pictorial works,,auto-seeded draft; review
http://id.worldcat.org/fast/813501.,Architecture -- Political aspects,y,architecture-political-aspects,topical,Architecture -- Political aspects,,auto-seeded draft; review
lcsh|architecture-political-aspects,Architecture -- Political aspects,y,architecture-political-aspects,topical,Architecture -- Political aspects,,auto-seeded draft; review
lcsh|architecture-spain-barcelona-pictorial-works,Architecture -- Spain -- Barcelona -- Pictorial works,y,architecture-spain-barcelona-pictorial-works,topical,Architecture -- Spain -- Barcelona -- Pictorial works,,auto-seeded draft; review
http://id.loc.gov/authorities/subjects/sh85006894.,Architecture and society,y,architecture-and-society,topical,Architecture and society,,auto-seeded draft; review
http://id.worldcat.org/fast/813574.,Architecture and society,y,architecture-and-society,topical,Architecture and society,,auto-seeded draft; review
http://id.loc.gov/authorities/subjects/sh85006905.,Architecture in art,y,architecture-in-art,topical,Architecture in art,,auto-seeded draft; review
http://id.worldcat.org/fast/813596.,Architecture in art,y,architecture-in-art,topical,Architecture in art,,auto-seeded draft; review
lcsh|architecture-in-art,Architecture in art,y,architecture-in-art,topical,Architecture in art,,auto-seeded draft; review
http://id.worldcat.org/fast/813666.,"Architecture, Domestic",y,architecture-domestic,topical,"Architecture, Domestic",,auto-seeded draft; review
lcsh|architecture-domestic-michigan,"Architecture, Domestic -- Michigan",y,architecture-domestic-michigan,topical,"Architecture, Domestic -- Michigan",,auto-seeded draft; review
lcsh|architecture-domestic-poetry,"Architecture, Domestic -- Poetry",y,architecture-domestic-poetry,topical,"Architecture, Domestic -- Poetry",,auto-seeded draft; review
http://id.loc.gov/authorities/subjects/sh85006795.,"Architecture, Greek",y,architecture-greek,topical,"Architecture, Greek",,auto-seeded draft; review
http://id.worldcat.org/fast/813766.,"Architecture, Greek",y,architecture-greek,topical,"Architecture, Greek",,auto-seeded draft; review
http://id.loc.gov/authorities/subjects/sh85006803.,"Architecture, Industrial",y,architecture-industrial,topical,"Architecture, Industrial",,auto-seeded draft; review
http://id.worldcat.org/fast/813786.,"Architecture, Industrial",y,architecture-industrial,topical,"Architecture, Industrial",,auto-seeded draft; review
http://id.worldcat.org/fast/813842.,"Architecture, Modern",y,architecture-modern,topical,"Architecture, Modern",,auto-seeded draft; review
http://id.loc.gov/authorities/subjects/sh85006834.,"Architecture, Modern -- 20th century",y,architecture-modern-20th-century,topical,"Architecture, Modern -- 20th century",,auto-seeded draft; review
lcsh|architecture-modern-20th-century-georgia-atlanta,"Architecture, Modern -- 20th century -- Georgia -- Atlanta",y,architecture-modern-20th-century-georgia-atlanta,topical,"Architecture, Modern -- 20th century -- Georgia -- Atlanta",,auto-seeded draft; review
(OCoLC)fst00814030,Archives,y,archives,topical,Archives,,auto-seeded draft; review
lcsh|archives,Archives,y,archives,topical,Archives,,auto-seeded draft; review
http://id.loc.gov/authorities/subjects/sh2008005503.,Archives in art,y,archives-in-art,topical,Archives in art,,auto-seeded draft; review
http://id.worldcat.org/fast/1902404.,Archives in art,y,archives-in-art,topical,Archives in art,,auto-seeded draft; review
lcsh|archives-in-art-specimens,Archives in art -- Specimens,y,archives-in-art-specimens,topical,Archives in art -- Specimens,,auto-seeded draft; review
http://id.worldcat.org/fast/814270.,Argentine literature,y,argentine-literature,topical,Argentine literature,,auto-seeded draft; review
http://id.loc.gov/authorities/subjects/sh2007101337.,Argentine literature -- 20th century,y,argentine-literature-20th-century,topical,Argentine literature -- 20th century,,auto-seeded draft; review
lcsh|argentine-literature-21st-century,Argentine literature -- 21st century,y,argentine-literature-21st-century,topical,Argentine literature -- 21st century,,auto-seeded draft; review
http://id.worldcat.org/fast/814289.,Argentine poetry,y,argentine-poetry,topical,Argentine poetry,,auto-seeded draft; review
http://id.loc.gov/authorities/subjects/sh85007089.,Argentine poetry,y,argentine-poetry,topical,Argentine poetry,,auto-seeded draft; review
lcsh|argentine-poetry-21st-century,Argentine poetry -- 21st century,y,argentine-poetry-21st-century,topical,Argentine poetry -- 21st century,,auto-seeded draft; review
lcsh|aritists-books,Aritists' books,y,aritists-books,topical,Aritists' books,,auto-seeded draft; review
lcsh|aritstis-books,Aritstis' books,y,aritstis-books,topical,Aritstis' books,,auto-seeded draft; review
http://id.worldcat.org/fast/814575.,Armadillos,y,armadillos,topical,Armadillos,,auto-seeded draft; review
lcsh|armadillos-pictorial-works,Armadillos -- Pictorial works,y,armadillos-pictorial-works,topical,Armadillos -- Pictorial works,,auto-seeded draft; review
http://id.worldcat.org/fast/815177.,Art,y,art,topical,Art,,auto-seeded draft; review
lcsh|art,Art,y,art,topical,Art,,auto-seeded draft; review
unspecified|art,Art,y,art,topical,Art,,auto-seeded draft; review
http://id.loc.gov/authorities/subjects/sh85007461.,Art,y,art,topical,Art,,auto-seeded draft; review
(OCoLC)fst00815177,Art,y,art,topical,Art,,auto-seeded draft; review
(OCoLC)fst01423702,Art,y,art,topical,Art,,auto-seeded draft; review
mesh|art,Art,y,art,topical,Art,,auto-seeded draft; review
(CaQQLa)201-0001314,Art -- 20e siècle -- Expositions,y,art-20e-sie-cle-expositions,topical,Art -- 20e siècle -- Expositions,,auto-seeded draft; review
rvm|art-20e-si-cle-p-riodiques,Art -- 20e siècle -- Périodiques,y,art-20e-si-cle-p-riodiques,topical,Art -- 20e siècle -- Périodiques,,auto-seeded draft; review
rvm|art-20e-sie-cle-pe-riodiques,Art -- 20e siècle -- Périodiques,y,art-20e-sie-cle-pe-riodiques,topical,Art -- 20e siècle -- Périodiques,,auto-seeded draft; review
lcsh|art-21st-century,Art -- 21st century,y,art-21st-century,topical,Art -- 21st century,,auto-seeded draft; review
http://id.loc.gov/authorities/subjects/sh85007464,Art -- Anecdotes,y,art-anecdotes,topical,Art -- Anecdotes,,auto-seeded draft; review
http://id.loc.gov/authorities/subjects/sh85007470.,Art -- Censorship,y,art-censorship,topical,Art -- Censorship,,auto-seeded draft; review
http://id.worldcat.org/fast/815190.,Art -- Censorship,y,art-censorship,topical,Art -- Censorship,,auto-seeded draft; review
lcsh|art-chile-periodicals,Art -- Chile -- Periodicals,y,art-chile-periodicals,topical,Art -- Chile -- Periodicals,,auto-seeded draft; review
http://id.loc.gov/authorities/subjects/sh2007101418.,Art -- Economic aspects,y,art-economic-aspects,topical,Art -- Economic aspects,,auto-seeded draft; review
http://id.worldcat.org/fast/815231.,Art -- Economic aspects,y,art-economic-aspects,topical,Art -- Economic aspects,,auto-seeded draft; review
lcsh|art-germany-aachen,Art -- Germany -- Aachen,y,art-germany-aachen,topical,Art -- Germany -- Aachen,,auto-seeded draft; review
lcsh|art-history-humor,Art -- History -- Humor,y,art-history-humor,topical,Art -- History -- Humor,,auto-seeded draft; review
lcsh|art-history-pictorial-works,Art -- History -- Pictorial works,y,art-history-pictorial-works,topical,Art -- History -- Pictorial works,,auto-seeded draft; review
http://id.loc.gov/authorities/subjects/sh88000512,Art -- Humor,y,art-humor,topical,Art -- Humor,,auto-seeded draft; review
http://id.loc.gov/authorities/subjects/sh2007101019.,Art -- Juvenile literature,y,art-juvenile-literature,topical,Art -- Juvenile literature,,auto-seeded draft; review
lcsh|art-mexico-21st-century-periodicals,Art -- Mexico -- 21st century -- Periodicals,y,art-mexico-21st-century-periodicals,topical,Art -- Mexico -- 21st century -- Periodicals,,auto-seeded draft; review
lcsh|art-netherlands-rotterdam-exhibitions,Art -- Netherlands -- Rotterdam -- Exhibitions,y,art-netherlands-rotterdam-exhibitions,topical,Art -- Netherlands -- Rotterdam -- Exhibitions,,auto-seeded draft; review
lcsh|art-periodicals,Art -- Periodicals,y,art-periodicals,topical,Art -- Periodicals,,auto-seeded draft; review
http://id.loc.gov/authorities/subjects/sh2007101354.,Art -- Periodicals,y,art-periodicals,topical,Art -- Periodicals,,auto-seeded draft; review
http://id.worldcat.org/fast/815305.,Art -- Periodicals,y,art-periodicals,topical,Art -- Periodicals,,auto-seeded draft; review
rvm|art-p-riodiques,Art -- Périodiques,y,art-p-riodiques,topical,Art -- Périodiques,,auto-seeded draft; review
rvm|art-pe-riodiques,Art -- Périodiques,y,art-pe-riodiques,topical,Art -- Périodiques,,auto-seeded draft; review
http://id.worldcat.org/fast/815307.,Art -- Philosophy,y,art-philosophy,topical,Art -- Philosophy,,auto-seeded draft; review
http://id.loc.gov/authorities/subjects/sh85007494.,Art -- Philosophy,y,art-philosophy,topical,Art -- Philosophy,,auto-seeded draft; review
lcsh|art-philosophy,Art -- Philosophy,y,art-philosophy,topical,Art -- Philosophy,,auto-seeded draft; review
http://id.loc.gov/authorities/subjects/sh2009115895.,Art -- Philosophy -- History -- 20th century,y,art-philosophy-history-20th-century,topical,Art -- Philosophy -- History -- 20th century,,auto-seeded draft; review
http://id.worldcat.org/fast/815309.,Art -- Political aspects,y,art-political-aspects,topical,Art -- Political aspects,,auto-seeded draft; review
http://id.loc.gov/authorities/subjects/sh85007495.,Art -- Political aspects,y,art-political-aspects,topical,Art -- Political aspects,,auto-seeded draft; review
lcsh|art-political-aspects,Art -- Political aspects,y,art-political-aspects,topical,Art -- Political aspects,,auto-seeded draft; review
lcsh|art-political-aspects-soviet-union,Art -- Political aspects -- Soviet Union,y,art-political-aspects-soviet-union,topical,Art -- Political aspects -- Soviet Union,,auto-seeded draft; review
lcsh|art-political-aspects-united-states,Art -- Political aspects -- United States,y,art-political-aspects-united-states,topical,Art -- Political aspects -- United States,,auto-seeded draft; review
lcsh|art-prices-catalogs,Art -- Prices -- Catalogs,y,art-prices-catalogs,topical,Art -- Prices -- Catalogs,,auto-seeded draft; review
http://id.worldcat.org/fast/815314.,Art -- Private collections,y,art-private-collections,topical,Art -- Private collections,,auto-seeded draft; review
lcsh|art-psychology,Art -- Psychology,y,art-psychology,topical,Art -- Psychology,,auto-seeded draft; review
http://id.worldcat.org/fast/815322.,Art -- Public opinion,y,art-public-opinion,topical,Art -- Public opinion,,auto-seeded draft; review
lcsh|art-public-opinion,Art -- Public opinion,y,art-public-opinion,topical,Art -- Public opinion,,auto-seeded draft; review
lcsh|art-south-asia-periodicals,Art -- South Asia -- Periodicals,y,art-south-asia-periodicals,topical,Art -- South Asia -- Periodicals,,auto-seeded draft; review
http://id.worldcat.org/fast/815338.,Art -- Study and teaching,y,art-study-and-teaching,topical,Art -- Study and teaching,,auto-seeded draft; review
lcsh|art-study-and-teaching-argentina-anecdotes,Art -- Study and teaching -- Argentina -- Anecdotes,y,art-study-and-teaching-argentina-anecdotes,topical,Art -- Study and teaching -- Argentina -- Anecdotes,,auto-seeded draft; review
lcsh|art-study-and-teaching-argentina-humor,Art -- Study and teaching -- Argentina -- Humor,y,art-study-and-teaching-argentina-humor,topical,Art -- Study and teaching -- Argentina -- Humor,,auto-seeded draft; review
lcsh|art-study-and-teaching-colombia-bogot-21st-century,Art -- Study and teaching -- Colombia -- Bogotá -- 21st century,y,art-study-and-teaching-colombia-bogot-21st-century,topical,Art -- Study and teaching -- Colombia -- Bogotá -- 21st century,,auto-seeded draft; review
lcsh|art-study-and-teaching-humor,Art -- Study and teaching -- Humor,y,art-study-and-teaching-humor,topical,Art -- Study and teaching -- Humor,,auto-seeded draft; review
lcsh|art-terminology-humor,Art -- Terminology -- Humor,y,art-terminology-humor,topical,Art -- Terminology -- Humor,,auto-seeded draft; review
http://id.worldcat.org/fast/815381.,"Art -- Themes, motives",y,art-themes-motives,topical,"Art -- Themes, motives",,auto-seeded draft; review
lcsh|art-themes-motives-dictionaries-portuguese,"Art -- Themes, motives -- Dictionaries -- Portuguese",y,art-themes-motives-dictionaries-portuguese,topical,"Art -- Themes, motives -- Dictionaries -- Portuguese",,auto-seeded draft; review
lcsh|art-united-arab-emirates,Art -- United Arab Emirates,y,art-united-arab-emirates,topical,Art -- United Arab Emirates,,auto-seeded draft; review
unspecified|art-political-aspects,Art ; Political aspects,y,art-political-aspects,topical,Art -- Political aspects,,auto-seeded draft; review
http://id.loc.gov/authorities/subjects/sh2006007630.,Art and computers,y,art-and-computers,topical,Art and computers,,auto-seeded draft; review
http://id.worldcat.org/fast/1741614.,Art and computers,y,art-and-computers,topical,Art and computers,,auto-seeded draft; review
http://id.worldcat.org/fast/1741278.,Art and design,y,art-and-design,topical,Art and design,,auto-seeded draft; review
lcsh|art-and-design-middle-east,Art and design -- Middle East,y,art-and-design-middle-east,topical,Art and design -- Middle East,,auto-seeded draft; review
http://id.loc.gov/authorities/subjects/sh2010008610.,Art and graphology,y,art-and-graphology,topical,Art and graphology,,auto-seeded draft; review
http://id.worldcat.org/fast/1762615.,Art and graphology,y,art-and-graphology,topical,Art and graphology,,auto-seeded draft; review
http://id.loc.gov/authorities/subjects/sh85007961.,Art and industry,y,art-and-industry,topical,Art and industry,,auto-seeded draft; review
http://id.worldcat.org/fast/815398.,Art and industry,y,art-and-industry,topical,Art and industry,,auto-seeded draft; review
http://id.loc.gov/authorities/subjects/sh85007962,Art and literature,y,art-and-literature,topical,Art and literature,,auto-seeded draft; review
http://id.worldcat.org/fast/815400.,Art and literature,y,art-and-literature,topical,Art and literature,,auto-seeded draft; review
http://id.loc.gov/authorities/subjects/sh85007962.,Art and literature,y,art-and-literature,topical,Art and literature,,auto-seeded draft; review
lcsh|art-and-literature,Art and literature,y,art-and-literature,topical,Art and literature,,auto-seeded draft; review
lcsh|art-and-literature-periodicals,Art and literature -- Periodicals,y,art-and-literature-periodicals,topical,Art and literature -- Periodicals,,auto-seeded draft; review
lcsh|art-and-literature-united-states-exhibitions,Art and literature -- United States -- Exhibitions,y,art-and-literature-united-states-exhibitions,topical,Art and literature -- United States -- Exhibitions,,auto-seeded draft; review
(OCoLC)fst00815400,Art and literature | Arts and Literature,y,art-and-literature,topical,Art and literature,,auto-seeded draft; review
(OCoLC)fst00815413,Art and Music,y,art-and-music,topical,Art and Music,,auto-seeded draft; review
lcsh|art-and-music,Art and music,y,art-and-music,topical,Art and Music,,auto-seeded draft; review
http://id.loc.gov/authorities/subjects/sh85007968.,Art and mythology,y,art-and-mythology,topical,Art and mythology,,auto-seeded draft; review
http://id.worldcat.org/fast/815415.,Art and mythology,y,art-and-mythology,topical,Art and mythology,,auto-seeded draft; review
lcsh|art-and-nuclear-warfare,Art and nuclear warfare,y,art-and-nuclear-warfare,topical,Art and nuclear warfare,,auto-seeded draft; review
lcsh|art-and-nuclear-warfare-united-states,Art and nuclear warfare -- United States,y,art-and-nuclear-warfare-united-states,topical,Art and nuclear warfare -- United States,,auto-seeded draft; review
lcsh|art-and-philosophy,Art and philosophy,y,art-and-philosophy,topical,Art and philosophy,,auto-seeded draft; review
lcsh|art-and-photography,Art and photography,y,art-and-photography,topical,Art and photography,,auto-seeded draft; review
http://id.loc.gov/authorities/subjects/sh85007971.,Art and race,y,art-and-race,topical,Art and race,,auto-seeded draft; review
http://id.worldcat.org/fast/815423.,Art and race,y,art-and-race,topical,Art and race,,auto-seeded draft; review
lcsh|art-and-science,Art and science,y,art-and-science,topical,Art and science,,auto-seeded draft; review
http://id.worldcat.org/fast/1742274.,Art and social action,y,art-and-social-action,topical,Art and social action,,auto-seeded draft; review
lcsh|art-and-social-action,Art and social action,y,art-and-social-action,topical,Art and social action,,auto-seeded draft; review
lcsh|art-and-social-action-21st-century-pictorial-works,Art and social action -- 21st century -- Pictorial works,y,art-and-social-action-21st-century-pictorial-works,topical,Art and social action -- 21st century -- Pictorial works,,auto-seeded draft; review
http://id.worldcat.org/fast/815432.,Art and society,y,art-and-society,topical,Art and society,,auto-seeded draft; review
(OCoLC)fst00815432,Art and society,y,art-and-society,topical,Art and society,,auto-seeded draft; review
lcsh|art-and-society,Art and society,y,art-and-society,topical,Art and society,,auto-seeded draft; review
lcsh|art-and-society-case-studies,Art and society -- Case studies,y,art-and-society-case-studies,topical,Art and society -- Case studies,,auto-seeded draft; review
lcsh|art-and-society-history-21st-century,Art and society -- History -- 21st century,y,art-and-society-history-21st-century,topical,Art and society -- History -- 21st century,,auto-seeded draft; review
lcsh|art-and-society-united-states,Art and society -- United States,y,art-and-society-united-states,topical,Art and society -- United States,,auto-seeded draft; review
lcsh|art-and-society-z-latin-america,Art and society z Latin America,y,art-and-society-z-latin-america,topical,Art and society z Latin America,,auto-seeded draft; review
http://id.loc.gov/authorities/subjects/sh85007977.,Art and technology,y,art-and-technology,topical,Art and technology,,auto-seeded draft; review
http://id.worldcat.org/fast/815441.,Art and technology,y,art-and-technology,topical,Art and technology,,auto-seeded draft; review
(OCoLC)fst01145276,Art and Technology,y,art-and-technology,topical,Art and technology,,auto-seeded draft; review
lcsh|art-and-technology,Art and technology,y,art-and-technology,topical,Art and technology,,auto-seeded draft; review
lcsh|art-and-technology-exhibitions,Art and technology -- Exhibitions,y,art-and-technology-exhibitions,topical,Art and technology -- Exhibitions,,auto-seeded draft; review
http://id.worldcat.org/fast/1739207.,Art and the Internet,y,art-and-the-internet,topical,Art and the Internet,,auto-seeded draft; review
http://id.loc.gov/authorities/subjects/sh2003008599.,Art and the Internet,y,art-and-the-internet,topical,Art and the Internet,,auto-seeded draft; review
lcsh|art-and-the-internet-periodicals,Art and the Internet -- Periodicals,y,art-and-the-internet-periodicals,topical,Art and the Internet -- Periodicals,,auto-seeded draft; review
lcsh|art-and-vision-disorders,Art and vision disorders,y,art-and-vision-disorders,topical,Art and vision disorders,,auto-seeded draft; review
http://id.loc.gov/authorities/subjects/sh85007979.,Art and war,y,art-and-war,topical,Art and war,,auto-seeded draft; review
http://id.worldcat.org/fast/815446.,Art and war,y,art-and-war,topical,Art and war,,auto-seeded draft; review
fast|art-appreciation,Art appreciation,y,art-appreciation,topical,Art appreciation,,auto-seeded draft; review
lcsh|art-appreciation,Art appreciation,y,art-appreciation,topical,Art appreciation,,auto-seeded draft; review
http://id.worldcat.org/fast/815469.,Art brut,y,art-brut,topical,Art brut,,auto-seeded draft; review
http://id.loc.gov/authorities/subjects/sh85007984.,Art brut,y,art-brut,topical,Art brut,,auto-seeded draft; review
lcsh|art-brut-illinois-chicago,Art brut -- Illinois -- Chicago,y,art-brut-illinois-chicago,topical,Art brut -- Illinois -- Chicago,,auto-seeded draft; review
lcsh|art-calendars-specimens,Art calendars -- Specimens,y,art-calendars-specimens,topical,Art calendars -- Specimens,,auto-seeded draft; review
rvm|art-canadien-alberta-p-riodiques,Art canadien -- Alberta -- Périodiques,y,art-canadien-alberta-p-riodiques,topical,Art canadien -- Alberta -- Périodiques,,auto-seeded draft; review
http://id.worldcat.org/fast/815492.,Art criticism,y,art-criticism,topical,Art criticism,,auto-seeded draft; review
http://id.loc.gov/authorities/subjects/sh85007989.,Art criticism,y,art-criticism,topical,Art criticism,,auto-seeded draft; review
lcsh|art-criticism-authorship,Art criticism -- Authorship,y,art-criticism-authorship,topical,Art criticism -- Authorship,,auto-seeded draft; review
lcsh|art-criticism-bibliography,Art criticism -- Bibliography,y,art-criticism-bibliography,topical,Art criticism -- Bibliography,,auto-seeded draft; review
http://id.loc.gov/authorities/subjects/sh2009115767.,Art criticism -- History -- 20th century,y,art-criticism-history-20th-century,topical,Art criticism -- History -- 20th century,,auto-seeded draft; review
lcsh|art-criticism-history-20th-century,Art criticism -- History -- 20th century,y,art-criticism-history-20th-century,topical,Art criticism -- History -- 20th century,,auto-seeded draft; review
lcsh|art-criticism-philosophy,Art criticism -- Philosophy,y,art-criticism-philosophy,topical,Art criticism -- Philosophy,,auto-seeded draft; review
lcsh|art-criticism-translations-into-portuguese-periodicals,Art criticism -- Translations into Portuguese -- Periodicals,y,art-criticism-translations-into-portuguese-periodicals,topical,Art criticism -- Translations into Portuguese -- Periodicals,,auto-seeded draft; review
unspecified|art-et-action-sociale,Art et action sociale,y,art-et-action-sociale,topical,Art et action sociale,,auto-seeded draft; review
rvm|art-et-litte-rature-pe-riodiques,Art et littérature -- Périodiques,y,art-et-litte-rature-pe-riodiques,topical,Art et littérature -- Périodiques,,auto-seeded draft; review
ram|art-et-photographie,Art et photographie,y,art-et-photographie,topical,Art et photographie,,auto-seeded draft; review
lcsh|art-for-art-s-sake-movement,Art for art's sake (Movement),y,art-for-art-s-sake-movement,topical,Art for art's sake (Movement),,auto-seeded draft; review
(OCoLC)fst00815396,Art History,y,art-history,topical,Art History,,auto-seeded draft; review
rvm|art-moderne-20e-si-cle-p-riodiques,Art moderne -- 20e siècle -- Périodiques,y,art-moderne-20e-si-cle-p-riodiques,topical,Art moderne -- 20e siècle -- Périodiques,,auto-seeded draft; review
http://id.worldcat.org/fast/815631.,Art museums,y,art-museums,topical,Art museums,,auto-seeded draft; review
lcsh|art-museums,Art museums,y,art-museums,topical,Art museums,,auto-seeded draft; review
http://id.loc.gov/authorities/subjects/sh2002000807,Art museums -- Exhibitions,y,art-museums-exhibitions,topical,Art museums -- Exhibitions,,auto-seeded draft; review
rvm|art-par-ordinateur-canada,Art par ordinateur -- Canada,y,art-par-ordinateur-canada,topical,Art par ordinateur -- Canada,,auto-seeded draft; review
aat|art-photography,art photography,y,art-photography,topical,art photography,,auto-seeded draft; review
unspecified|art-publicitaire,Art publicitaire,y,art-publicitaire,topical,Art publicitaire,,auto-seeded draft; review
unspecified|art-publicitaire-aspect-social,Art publicitaire - Aspect social,y,art-publicitaire-aspect-social,topical,Art publicitaire - Aspect social,,auto-seeded draft; review
http://id.worldcat.org/fast/815800.,Art school directors,y,art-school-directors,topical,Art school directors,,auto-seeded draft; review
lcsh|art-school-directors-argentina-anecdotes,Art school directors -- Argentina -- Anecdotes,y,art-school-directors-argentina-anecdotes,topical,Art school directors -- Argentina -- Anecdotes,,auto-seeded draft; review
lcsh|art-school-directors-argentina-humor,Art school directors -- Argentina -- Humor,y,art-school-directors-argentina-humor,topical,Art school directors -- Argentina -- Humor,,auto-seeded draft; review
http://id.worldcat.org/fast/815801.,Art schools,y,art-schools,topical,Art schools,,auto-seeded draft; review
lcsh|art-schools-colombia-21st-century,Art schools -- Colombia -- 21st century,y,art-schools-colombia-21st-century,topical,Art schools -- Colombia -- 21st century,,auto-seeded draft; review
lcsh|art-students-great-britain-humor,Art students -- Great Britain -- Humor,y,art-students-great-britain-humor,topical,Art students -- Great Britain -- Humor,,auto-seeded draft; review
http://id.loc.gov/authorities/subjects/sh85008086.,Art thefts,y,art-thefts,topical,Art thefts,,auto-seeded draft; review
http://id.worldcat.org/fast/815827.,Art thefts,y,art-thefts,topical,Art thefts,,auto-seeded draft; review
rvm|art-vide-o-canada,Art vidéo -- Canada,y,art-vide-o-canada,topical,Art vidéo -- Canada,,auto-seeded draft; review
lcsh|art-history,Art--History,y,art-history,topical,Art History,,auto-seeded draft; review
http://id.loc.gov/authorities/subjects/sh85007557.,"Art, Aboriginal Australian",y,art-aboriginal-australian,topical,"Art, Aboriginal Australian",,auto-seeded draft; review
http://id.worldcat.org/fast/815847.,"Art, Aboriginal Australian",y,art-aboriginal-australian,topical,"Art, Aboriginal Australian",,auto-seeded draft; review
(OCoLC)fst00815850.,"Art, Abstract",y,art-abstract,topical,"Art, Abstract",,auto-seeded draft; review
lcsh|art-abstract,"Art, abstract",y,art-abstract,topical,"Art, Abstract",,auto-seeded draft; review
lcsh|art-abstract-21st-century,"Art, Abstract -- 21st century",y,art-abstract-21st-century,topical,"Art, Abstract -- 21st century",,auto-seeded draft; review
http://id.loc.gov/authorities/subjects/sh85007537,"Art, American",y,art-american,topical,"Art, American",,auto-seeded draft; review
http://id.worldcat.org/fast/815895.,"Art, American",y,art-american,topical,"Art, American",,auto-seeded draft; review
http://id.loc.gov/authorities/subjects/sh85007537.,"Art, American",y,art-american,topical,"Art, American",,auto-seeded draft; review
unspecified|art-american,"Art, American",y,art-american,topical,"Art, American",,auto-seeded draft; review
http://id.loc.gov/authorities/subjects/sh2007101378.,"Art, American -- 20th century -- Catalogs",y,art-american-20th-century-catalogs,topical,"Art, American -- 20th century -- Catalogs",,auto-seeded draft; review
http://id.loc.gov/authorities/subjects/sh2007101376,"Art, American -- 20th century -- Exhibitions",y,art-american-20th-century-exhibitions,topical,"Art, American -- 20th century -- Exhibitions",,auto-seeded draft; review
lcsh|art-american-21st-century,"Art, American -- 21st century",y,art-american-21st-century,topical,"Art, American -- 21st century",,auto-seeded draft; review
lcsh|art-american-21st-century-exhibitions,"Art, American -- 21st century -- Exhibitions",y,art-american-21st-century-exhibitions,topical,"Art, American -- 21st century -- Exhibitions",,auto-seeded draft; review
lcsh|art-american-california-southern-20th-century-periodicals,"Art, American -- California, Southern -- 20th century -- Periodicals",y,art-american-california-southern-20th-century-periodicals,topical,"Art, American -- California, Southern -- 20th century -- Periodicals",,auto-seeded draft; review
http://id.loc.gov/authorities/subjects/sh2007101386,"Art, American -- Exhibitions",y,art-american-exhibitions,topical,"Art, American -- Exhibitions",,auto-seeded draft; review
lcsh|art-american-rhode-island,"Art, American -- Rhode Island",y,art-american-rhode-island,topical,"Art, American -- Rhode Island",,auto-seeded draft; review
lcsh|art-american-united-states-21st-century-exhibitions,"Art, American -- United States -- 21st century -- Exhibitions",y,art-american-united-states-21st-century-exhibitions,topical,"Art, American -- United States -- 21st century -- Exhibitions",,auto-seeded draft; review
http://id.loc.gov/authorities/subjects/sh85007545,"Art, Argentine",y,art-argentine,topical,"Art, Argentine",,auto-seeded draft; review
http://id.worldcat.org/fast/815969.,"Art, Australian",y,art-australian,topical,"Art, Australian",,auto-seeded draft; review
lcsh|art-australian-21st-century-exhibitions,"Art, Australian -- 21st century -- Exhibitions",y,art-australian-21st-century-exhibitions,topical,"Art, Australian -- 21st century -- Exhibitions",,auto-seeded draft; review
http://id.loc.gov/authorities/subjects/sh85007558,"Art, Austrian",y,art-austrian,topical,"Art, Austrian",,auto-seeded draft; review
http://id.loc.gov/authorities/subjects/sh85007579,"Art, Brazilian",y,art-brazilian,topical,"Art, Brazilian",,auto-seeded draft; review
http://id.loc.gov/authorities/subjects/sh85007581,"Art, British",y,art-british,topical,"Art, British",,auto-seeded draft; review
http://id.worldcat.org/fast/816044.,"Art, British",y,art-british,topical,"Art, British",,auto-seeded draft; review
http://id.loc.gov/authorities/subjects/sh2007101408.,"Art, British -- 20th century -- Exhibitions",y,art-british-20th-century-exhibitions,topical,"Art, British -- 20th century -- Exhibitions",,auto-seeded draft; review
(OCoLC)fst00816079,"Art, Canadian",y,art-canadian,topical,"Art, Canadian",,auto-seeded draft; review
lcsh|art-canadian,"Art, Canadian",y,art-canadian,topical,"Art, Canadian",,auto-seeded draft; review
lcsh|art-canadian-alberta-periodicals,"Art, Canadian -- Alberta -- Periodicals",y,art-canadian-alberta-periodicals,topical,"Art, Canadian -- Alberta -- Periodicals",,auto-seeded draft; review
http://id.worldcat.org/fast/816159.,"Art, Cuban",y,art-cuban,topical,"Art, Cuban",,auto-seeded draft; review
http://id.loc.gov/authorities/subjects/sh2004003786.,"Art, Cuban -- 20th century",y,art-cuban-20th-century,topical,"Art, Cuban -- 20th century",,auto-seeded draft; review
lcsh|art-cuban-exhibitions,"Art, Cuban -- Exhibitions",y,art-cuban-exhibitions,topical,"Art, Cuban -- Exhibitions",,auto-seeded draft; review
lcsh|art-european-20th-century,"Art, European -- 20th century",y,art-european-20th-century,topical,"Art, European -- 20th century",,auto-seeded draft; review
http://id.loc.gov/authorities/subjects/sh85007659,"Art, Flemish",y,art-flemish,topical,"Art, Flemish",,auto-seeded draft; review
http://id.loc.gov/authorities/subjects/sh85007662,"Art, French",y,art-french,topical,"Art, French",,auto-seeded draft; review
http://id.worldcat.org/fast/816279.,"Art, French",y,art-french,topical,"Art, French",,auto-seeded draft; review
lcsh|art-french,"Art, French",y,art-french,topical,"Art, French",,auto-seeded draft; review
http://id.loc.gov/authorities/subjects/sh85007811.,"Art, French -- 20th century",y,art-french-20th-century,topical,"Art, French -- 20th century",,auto-seeded draft; review
lcsh|art-french-paris-20th-century,"Art, French -- Paris -- 20th century",y,art-french-paris-20th-century,topical,"Art, French -- Paris -- 20th century",,auto-seeded draft; review
(OCoLC)fst00816307.,"Art, German",y,art-german,topical,"Art, German",,auto-seeded draft; review
http://id.worldcat.org/fast/816307.,"Art, German",y,art-german,topical,"Art, German",,auto-seeded draft; review
http://id.loc.gov/authorities/subjects/sh2005001363.,"Art, German -- 21st century",y,art-german-21st-century,topical,"Art, German -- 21st century",,auto-seeded draft; review
http://id.loc.gov/authorities/subjects/sh2009115640,"Art, German -- 21st century -- Exhibitions",y,art-german-21st-century-exhibitions,topical,"Art, German -- 21st century -- Exhibitions",,auto-seeded draft; review
http://id.worldcat.org/fast/816391.,"Art, Indic",y,art-indic,topical,"Art, Indic",,auto-seeded draft; review
lcsh|art-indic-21st-century,"Art, Indic -- 21st century",y,art-indic-21st-century,topical,"Art, Indic -- 21st century",,auto-seeded draft; review
lcsh|art-indic-india,"Art, Indic -- India",y,art-indic-india,topical,"Art, Indic -- India",,auto-seeded draft; review
http://id.loc.gov/authorities/subjects/sh85007718,"Art, Italian",y,art-italian,topical,"Art, Italian",,auto-seeded draft; review
http://id.loc.gov/authorities/subjects/sh85007718.,"Art, Italian",y,art-italian,topical,"Art, Italian",,auto-seeded draft; review
http://id.worldcat.org/fast/816430.,"Art, Italian",y,art-italian,topical,"Art, Italian",,auto-seeded draft; review
lcsh|art-latin-american-20th-century,"Art, Latin American -- 20th century",y,art-latin-american-20th-century,topical,"Art, Latin American -- 20th century",,auto-seeded draft; review
http://id.worldcat.org/fast/816615.,"Art, Modern",y,art-modern,topical,"Art, Modern",,auto-seeded draft; review
(OCoLC)fst00816615,"Art, Modern",y,art-modern,topical,"Art, Modern",,auto-seeded draft; review
lcsh|art-modern,"Art, Modern",y,art-modern,topical,"Art, Modern",,auto-seeded draft; review
unspecified|art-modern,"Art, Modern",y,art-modern,topical,"Art, Modern",,auto-seeded draft; review
lcsh|art-modern-20th-century,"Art, Modern -- 20th century",y,art-modern-20th-century,topical,"Art, Modern -- 20th century",,auto-seeded draft; review
http://id.loc.gov/authorities/subjects/sh85007805.,"Art, Modern -- 20th century",y,art-modern-20th-century,topical,"Art, Modern -- 20th century",,auto-seeded draft; review
lcsh|art-modern-20th-century-bibliography-catalogs,"Art, Modern -- 20th century -- Bibliography -- Catalogs",y,art-modern-20th-century-bibliography-catalogs,topical,"Art, Modern -- 20th century -- Bibliography -- Catalogs",,auto-seeded draft; review
lcsh|art-modern-20th-century-canada,"Art, Modern -- 20th century -- Canada",y,art-modern-20th-century-canada,topical,"Art, Modern -- 20th century -- Canada",,auto-seeded draft; review
lcsh|art-modern-20th-century-catalogs,"Art, Modern -- 20th century -- Catalogs",y,art-modern-20th-century-catalogs,topical,"Art, Modern -- 20th century -- Catalogs",,auto-seeded draft; review
lcsh|art-modern-20th-century-denmark,"Art, Modern -- 20th century -- Denmark",y,art-modern-20th-century-denmark,topical,"Art, Modern -- 20th century -- Denmark",,auto-seeded draft; review
lcsh|art-modern-20th-century-exhibitions,"Art, Modern -- 20th century -- Exhibitions",y,art-modern-20th-century-exhibitions,topical,"Art, Modern -- 20th century -- Exhibitions",,auto-seeded draft; review
http://id.loc.gov/authorities/subjects/sh2007101136,"Art, Modern -- 20th century -- Exhibitions",y,art-modern-20th-century-exhibitions,topical,"Art, Modern -- 20th century -- Exhibitions",,auto-seeded draft; review
http://id.loc.gov/authorities/subjects/sh2007101136.,"Art, Modern -- 20th century -- Exhibitions",y,art-modern-20th-century-exhibitions,topical,"Art, Modern -- 20th century -- Exhibitions",,auto-seeded draft; review
lcsh|art-modern-20th-century-periodicals,"Art, Modern -- 20th century -- Periodicals",y,art-modern-20th-century-periodicals,topical,"Art, Modern -- 20th century -- Periodicals",,auto-seeded draft; review
http://id.loc.gov/authorities/subjects/sh2007101461,"Art, Modern -- 20th century -- Periodicals",y,art-modern-20th-century-periodicals,topical,"Art, Modern -- 20th century -- Periodicals",,auto-seeded draft; review
http://id.loc.gov/authorities/subjects/sh2007101461.,"Art, Modern -- 20th century -- Periodicals",y,art-modern-20th-century-periodicals,topical,"Art, Modern -- 20th century -- Periodicals",,auto-seeded draft; review
http://id.loc.gov/authorities/subjects/sh2002000548.,"Art, Modern -- 21st century",y,art-modern-21st-century,topical,"Art, Modern -- 21st century",,auto-seeded draft; review
http://id.loc.gov/authorities/subjects/sh2009115813.,"Art, Modern -- 21st century -- Catalogs",y,art-modern-21st-century-catalogs,topical,"Art, Modern -- 21st century -- Catalogs",,auto-seeded draft; review
lcsh|art-modern-21st-century-economic-aspects,"Art, Modern -- 21st century -- Economic aspects",y,art-modern-21st-century-economic-aspects,topical,"Art, Modern -- 21st century -- Economic aspects",,auto-seeded draft; review
http://id.loc.gov/authorities/subjects/sh2007101370.,"Art, Modern -- 21st century -- Exhibitions",y,art-modern-21st-century-exhibitions,topical,"Art, Modern -- 21st century -- Exhibitions",,auto-seeded draft; review
http://id.loc.gov/authorities/subjects/sh2009115876.,"Art, Modern -- 21st century -- Periodicals",y,art-modern-21st-century-periodicals,topical,"Art, Modern -- 21st century -- Periodicals",,auto-seeded draft; review
lcsh|art-modern-21st-century-themes-motives,"Art, Modern -- 21st century -- Themes, motives",y,art-modern-21st-century-themes-motives,topical,"Art, Modern -- 21st century -- Themes, motives",,auto-seeded draft; review
lcsh|art-modern-21st-century-united-states,"Art, Modern -- 21st century -- United States",y,art-modern-21st-century-united-states,topical,"Art, Modern -- 21st century -- United States",,auto-seeded draft; review
lcsh|art-modern-canada-20th-century,"Art, Modern -- Canada -- 20th century",y,art-modern-canada-20th-century,topical,"Art, Modern -- Canada -- 20th century",,auto-seeded draft; review
lcsh|art-modern-exhibitions,"Art, Modern -- Exhibitions",y,art-modern-exhibitions,topical,"Art, Modern -- Exhibitions",,auto-seeded draft; review
http://id.worldcat.org/fast/816650.,"Art, Modern -- Philosophy",y,art-modern-philosophy,topical,"Art, Modern -- Philosophy",,auto-seeded draft; review
lcsh|art-modern-philosophy,"Art, Modern -- Philosophy",y,art-modern-philosophy,topical,"Art, Modern -- Philosophy",,auto-seeded draft; review
http://id.worldcat.org/fast/816651.,"Art, Modern -- Political aspects",y,art-modern-political-aspects,topical,"Art, Modern -- Political aspects",,auto-seeded draft; review
lcsh|art-modern-political-aspects,"Art, Modern -- Political aspects",y,art-modern-political-aspects,topical,"Art, Modern -- Political aspects",,auto-seeded draft; review
lcsh|art-modern-21st-century,"Art, Modern--21st century | Art, Modern -- 21st century",y,art-modern-21st-century,topical,"Art, Modern -- 21st century",,auto-seeded draft; review
http://id.loc.gov/authorities/subjects/sh2001010404.,"Art, Papua New Guinean",y,art-papua-new-guinean,topical,"Art, Papua New Guinean",,auto-seeded draft; review
http://id.worldcat.org/fast/1429797.,"Art, Papua New Guinean",y,art-papua-new-guinean,topical,"Art, Papua New Guinean",,auto-seeded draft; review
http://id.loc.gov/authorities/subjects/sh2007101434,"Art, Russian -- 20th century -- Exhibitions",y,art-russian-20th-century-exhibitions,topical,"Art, Russian -- 20th century -- Exhibitions",,auto-seeded draft; review
unspecified|art-scottish,"Art, Scottish",y,art-scottish,topical,"Art, Scottish",,auto-seeded draft; review
http://id.loc.gov/authorities/subjects/sh89001760.,"Art, Soviet",y,art-soviet,topical,"Art, Soviet",,auto-seeded draft; review
http://id.worldcat.org/fast/816902.,"Art, Soviet",y,art-soviet,topical,"Art, Soviet",,auto-seeded draft; review
lcsh|artisans-mali-portraits,Artisans -- Mali -- Portraits,y,artisans-mali-portraits,topical,Artisans -- Mali -- Portraits,,auto-seeded draft; review
lcsh|artisits-book,Artisits' book,y,artisits-book,topical,Artisits' book,,auto-seeded draft; review
unspecified|artist-couples,Artist couples,y,artist-couples,topical,Artist couples,,auto-seeded draft; review
lcsh|artist-couples-great-britain,Artist couples -- Great Britain,y,artist-couples-great-britain,topical,Artist couples -- Great Britain,,auto-seeded draft; review
lcsh|artist-s-book-kentucky,Artist's book -- Kentucky,y,artist-s-book-kentucky,topical,Artist's book -- Kentucky,,auto-seeded draft; review
lcsh|artist-s-books-new-york-state-new-york,Artist's books -- New York (State) -- New York,y,artist-s-books-new-york-state-new-york,topical,Artist's books -- New York (State) -- New York,,auto-seeded draft; review
http://id.worldcat.org/fast/817556.,Artistic collaboration,y,artistic-collaboration,topical,Artistic collaboration,,auto-seeded draft; review
http://id.loc.gov/authorities/subjects/sh93003368.,Artistic collaboration,y,artistic-collaboration,topical,Artistic collaboration,,auto-seeded draft; review
lcsh|artistic-collaboration-canada,Artistic collaboration -- Canada,y,artistic-collaboration-canada,topical,Artistic collaboration -- Canada,,auto-seeded draft; review
lcsh|artistic-collaboration-exhibitions,Artistic collaboration -- Exhibitions,y,artistic-collaboration-exhibitions,topical,Artistic collaboration -- Exhibitions,,auto-seeded draft; review
lcsh|artistis-books,Artistis' books,y,artistis-books,topical,Artistis' books,,auto-seeded draft; review
http://id.worldcat.org/fast/817559.,Artists,y,artists,topical,Artists,,auto-seeded draft; review
(OCoLC)fst00817559,Artists,y,artists,topical,Artists,,auto-seeded draft; review
lcsh|artists,Artists,y,artists,topical,Artists,,auto-seeded draft; review
kao//eng|artists,Artists,y,artists,topical,Artists,,auto-seeded draft; review
http://id.worldcat.org/fast/817564.,Artists -- Autographs,y,artists-autographs,topical,Artists -- Autographs,,auto-seeded draft; review
lcsh|artists-autographs-psychological-aspects,Artists -- Autographs -- Psychological aspects,y,artists-autographs-psychological-aspects,topical,Artists -- Autographs -- Psychological aspects,,auto-seeded draft; review
lcsh|artists-caricatures-and-cartoons,Artists -- Caricatures and cartoons,y,artists-caricatures-and-cartoons,topical,Artists -- Caricatures and cartoons,,auto-seeded draft; review
lcsh|artists-chile-21st-century,Artists -- Chile -- 21st century,y,artists-chile-21st-century,topical,Artists -- Chile -- 21st century,,auto-seeded draft; review
lcsh|artists-colombia-bogot-21st-century,Artists -- Colombia -- Bogotá -- 21st century,y,artists-colombia-bogot-21st-century,topical,Artists -- Colombia -- Bogotá -- 21st century,,auto-seeded draft; review
http://id.loc.gov/authorities/subjects/sh2007101490.,Artists -- England -- Biography,y,artists-england-biography,topical,Artists -- England -- Biography,,auto-seeded draft; review
lcsh|artists-england-biography,Artists -- England -- Biography,y,artists-england-biography,topical,Artists -- England -- Biography,,auto-seeded draft; review
lcsh|artists-europe-interviews,Artists -- Europe -- Interviews,y,artists-europe-interviews,topical,Artists -- Europe -- Interviews,,auto-seeded draft; review
lcsh|artists-fiction,Artists -- Fiction,y,artists-fiction,topical,Artists -- Fiction,,auto-seeded draft; review
lcsh|artists-great-britain-interviews,Artists -- Great Britain -- Interviews,y,artists-great-britain-interviews,topical,Artists -- Great Britain -- Interviews,,auto-seeded draft; review
lcsh|artists-hungary-correspondence,Artists -- Hungary -- Correspondence,y,artists-hungary-correspondence,topical,Artists -- Hungary -- Correspondence,,auto-seeded draft; review
lcsh|artists-miscellanea,Artists -- Miscellanea,y,artists-miscellanea,topical,Artists -- Miscellanea,,auto-seeded draft; review
http://id.worldcat.org/fast/817604.,Artists -- Philosophy,y,artists-philosophy,topical,Artists -- Philosophy,,auto-seeded draft; review
lcsh|artists-poetry,Artists -- Poetry,y,artists-poetry,topical,Artists -- Poetry,,auto-seeded draft; review
http://id.loc.gov/authorities/subjects/sh2007101506,Artists -- Portraits,y,artists-portraits,topical,Artists -- Portraits,,auto-seeded draft; review
http://id.loc.gov/authorities/subjects/sh2007101506.,Artists -- Portraits,y,artists-portraits,topical,Artists -- Portraits,,auto-seeded draft; review
http://id.worldcat.org/fast/817609.,Artists -- Portraits,y,artists-portraits,topical,Artists -- Portraits,,auto-seeded draft; review
http://id.loc.gov/authorities/subjects/sh85008282.,Artists -- Social conditions,y,artists-social-conditions,topical,Artists -- Social conditions,,auto-seeded draft; review
http://id.worldcat.org/fast/817620.,Artists -- Social conditions,y,artists-social-conditions,topical,Artists -- Social conditions,,auto-seeded draft; review
lcsh|artists-united-states,Artists -- United States,y,artists-united-states,topical,Artists -- United States,,auto-seeded draft; review
http://id.loc.gov/authorities/subjects/sh2007100575.,Artists -- United States -- Biography,y,artists-united-states-biography,topical,Artists -- United States -- Biography,,auto-seeded draft; review
http://id.loc.gov/authorities/subjects/sh2007101382.,Artists -- United States -- Interviews,y,artists-united-states-interviews,topical,Artists -- United States -- Interviews,,auto-seeded draft; review
lcsh|artists-united-states-philosophy,Artists -- United States -- Philosophy,y,artists-united-states-philosophy,topical,Artists -- United States -- Philosophy,,auto-seeded draft; review
http://id.loc.gov/authorities/subjects/sh85008299,Artists and models in art,y,artists-and-models-in-art,topical,Artists and models in art,,auto-seeded draft; review
lcsh|artists-and-models-in-art,Artists and models in art,y,artists-and-models-in-art,topical,Artists and models in art,,auto-seeded draft; review
http://id.loc.gov/authorities/subjects/sh2008003690.,Artists as art critics,y,artists-as-art-critics,topical,Artists as art critics,,auto-seeded draft; review
http://id.worldcat.org/fast/1745522.,Artists as art critics,y,artists-as-art-critics,topical,Artists as art critics,,auto-seeded draft; review
lcsh|artists-as-authors,Artists as authors,y,artists-as-authors,topical,Artists as authors,,auto-seeded draft; review
(OCoLC)fst01930687,Artists as collectors,y,artists-as-collectors,topical,Artists as collectors,,auto-seeded draft; review
lcsh|artists-as-collectors-pictorial-works,Artists as collectors -- Pictorial works,y,artists-as-collectors-pictorial-works,topical,Artists as collectors -- Pictorial works,,auto-seeded draft; review
lcsh|artists-anthologies,Artists' anthologies,y,artists-anthologies,topical,Artists' anthologies,,auto-seeded draft; review
http://id.worldcat.org/fast/817660.,Artists' books,y,artists-books,topical,Artists' books,,auto-seeded draft; review
(OCoLC)fst00817660,Artists' books,y,artists-books,topical,Artists' books,,auto-seeded draft; review
unspecified|artists-books,Artists' books,y,artists-books,topical,Artists' books,,auto-seeded draft; review
(OCoLC)fst01750153,Artists' books,y,artists-books,topical,Artists' books,,auto-seeded draft; review
fast|artists-books,Artists' books,y,artists-books,topical,Artists' books,,auto-seeded draft; review
http://id.loc.gov/authorities/subjects/sh85008302.,Artists' books,y,artists-books,topical,Artists' books,,auto-seeded draft; review
(OCoLC)fst00817660.,Artists' books,y,artists-books,topical,Artists' books,,auto-seeded draft; review
aat|artists-books,Artists' books,y,artists-books,topical,Artists' books,,auto-seeded draft; review
https://id.kb.se/term/sao/Artists%27%20books,Artists' books,y,artists-books,topical,Artists' books,,auto-seeded draft; review
none|artists-books,Artists' books,y,artists-books,topical,Artists' books,,auto-seeded draft; review
unspecified|artists-books-germany-munich-1970,Artists' books - Germany - Munich - 1970,y,artists-books-germany-munich-1970,topical,Artists' books - Germany - Munich - 1970,,auto-seeded draft; review
rbgenr|artists-books-1997,Artists' books -- 1997,y,artists-books-1997,topical,Artists' books -- 1997,,auto-seeded draft; review
unspecified|artists-books-2007,Artists' books -- 2007,y,artists-books-2007,topical,Artists' books -- 2007,,auto-seeded draft; review
lcsh|artists-books-20th-century,Artists' books -- 20th century,y,artists-books-20th-century,topical,Artists' books -- 20th century,,auto-seeded draft; review
lcsh|artists-books-20th-century-periodicals,Artists' books -- 20th century -- Periodicals,y,artists-books-20th-century-periodicals,topical,Artists' books -- 20th century -- Periodicals,,auto-seeded draft; review
lcsh|artists-books-21st-century,Artists' books -- 21st century,y,artists-books-21st-century,topical,Artists' books -- 21st century,,auto-seeded draft; review
lcsh|artists-books-21st-century-specimens,Artists' books -- 21st century -- Specimens,y,artists-books-21st-century-specimens,topical,Artists' books -- 21st century -- Specimens,,auto-seeded draft; review
lcsh|artists-books-aesthetics,Artists' books -- Aesthetics,y,artists-books-aesthetics,topical,Artists' books -- Aesthetics,,auto-seeded draft; review
lcsh|artists-books-alabama,Artists' books -- Alabama,y,artists-books-alabama,topical,Artists' books -- Alabama,,auto-seeded draft; review
lcsh|artists-books-argentina,Artists' books -- Argentina,y,artists-books-argentina,topical,Artists' books -- Argentina,,auto-seeded draft; review
lcsh|artists-books-arizona,Artists' books -- Arizona,y,artists-books-arizona,topical,Artists' books -- Arizona,,auto-seeded draft; review
lcsh|artists-books-arizona-tempe,Artists' books -- Arizona -- Tempe,y,artists-books-arizona-tempe,topical,Artists' books -- Arizona -- Tempe,,auto-seeded draft; review
lcsh|artists-books-australia,Artists' books -- Australia,y,artists-books-australia,topical,Artists' books -- Australia,,auto-seeded draft; review
lcsh|artists-books-belgium,Artists' books -- Belgium,y,artists-books-belgium,topical,Artists' books -- Belgium,,auto-seeded draft; review
lcsh|artists-books-belgium-specimens,Artists' books -- Belgium -- Specimens,y,artists-books-belgium-specimens,topical,Artists' books -- Belgium -- Specimens,,auto-seeded draft; review
lcsh|artists-books-bibliography,Artists' books -- Bibliography,y,artists-books-bibliography,topical,Artists' books -- Bibliography,,auto-seeded draft; review
lcsh|artists-books-bolivia,Artists' books -- Bolivia,y,artists-books-bolivia,topical,Artists' books -- Bolivia,,auto-seeded draft; review
lcsh|artists-books-brazil-specimens,Artists' books -- Brazil -- Specimens,y,artists-books-brazil-specimens,topical,Artists' books -- Brazil -- Specimens,,auto-seeded draft; review
lcsh|artists-books-british-columbia-vancouver-specimens,Artists' books -- British Columbia -- Vancouver -- Specimens,y,artists-books-british-columbia-vancouver-specimens,topical,Artists' books -- British Columbia -- Vancouver -- Specimens,,auto-seeded draft; review
unspecified|artists-books-brooklyn-new-york-n-y,"Artists' books -- Brooklyn (New York, N.Y.)",y,artists-books-brooklyn-new-york-n-y,topical,"Artists' books -- Brooklyn (New York, N.Y.)",,auto-seeded draft; review
lcsh|artists-books-california,Artists' books -- California,y,artists-books-california,topical,Artists' books -- California,,auto-seeded draft; review
lcsh|artists-books-california-berkeley,Artists' books -- California -- Berkeley,y,artists-books-california-berkeley,topical,Artists' books -- California -- Berkeley,,auto-seeded draft; review
lcsh|artists-books-california-berkeley-facsimiles,Artists' books -- California -- Berkeley -- Facsimiles,y,artists-books-california-berkeley-facsimiles,topical,Artists' books -- California -- Berkeley -- Facsimiles,,auto-seeded draft; review
lcsh|artists-books-california-claremont,Artists' books -- California -- Claremont,y,artists-books-california-claremont,topical,Artists' books -- California -- Claremont,,auto-seeded draft; review
lcsh|artists-books-california-el-cerrito,Artists' books -- California -- El Cerrito,y,artists-books-california-el-cerrito,topical,Artists' books -- California -- El Cerrito,,auto-seeded draft; review
lcsh|artists-books-california-los-angeles-20th-century,Artists' books -- California -- Los Angeles -- 20th century,y,artists-books-california-los-angeles-20th-century,topical,Artists' books -- California -- Los Angeles -- 20th century,,auto-seeded draft; review
lcsh|artists-books-california-oakland,Artists' books -- California -- Oakland,y,artists-books-california-oakland,topical,Artists' books -- California -- Oakland,,auto-seeded draft; review
lcsh|artists-books-california-oakland-specimens,Artists' books -- California -- Oakland -- Specimens,y,artists-books-california-oakland-specimens,topical,Artists' books -- California -- Oakland -- Specimens,,auto-seeded draft; review
lcsh|artists-books-california-pasedena,Artists' books -- California -- Pasedena,y,artists-books-california-pasedena,topical,Artists' books -- California -- Pasedena,,auto-seeded draft; review
lcsh|artists-books-california-san-diego,Artists' books -- California -- San Diego,y,artists-books-california-san-diego,topical,Artists' books -- California -- San Diego,,auto-seeded draft; review
lcsh|artists-books-california-santa-cruz,Artists' books -- California -- Santa Cruz,y,artists-books-california-santa-cruz,topical,Artists' books -- California -- Santa Cruz,,auto-seeded draft; review
lcsh|artists-books-california-sebastopol-specimens,Artists' books -- California -- Sebastopol -- Specimens,y,artists-books-california-sebastopol-specimens,topical,Artists' books -- California -- Sebastopol -- Specimens,,auto-seeded draft; review
lcsh|artists-books-california-specimens,Artists' books -- California -- Specimens,y,artists-books-california-specimens,topical,Artists' books -- California -- Specimens,,auto-seeded draft; review
lcsh|artists-books-canada,Artists' books -- Canada,y,artists-books-canada,topical,Artists' books -- Canada,,auto-seeded draft; review
lcsh|artists-books-canada-exhibitions,Artists' books -- Canada -- Exhibitions,y,artists-books-canada-exhibitions,topical,Artists' books -- Canada -- Exhibitions,,auto-seeded draft; review
lcsh|artists-books-catalogs,Artists' books -- Catalogs,y,artists-books-catalogs,topical,Artists' books -- Catalogs,,auto-seeded draft; review
lcsh|artists-books-chile,Artists' books -- Chile,y,artists-books-chile,topical,Artists' books -- Chile,,auto-seeded draft; review
lcsh|artists-books-chile-21st-century-specimens,Artists' books -- Chile -- 21st century -- Specimens,y,artists-books-chile-21st-century-specimens,topical,Artists' books -- Chile -- 21st century -- Specimens,,auto-seeded draft; review
lcsh|artists-books-chile-specimens,Artists' books -- Chile -- Specimens,y,artists-books-chile-specimens,topical,Artists' books -- Chile -- Specimens,,auto-seeded draft; review
lcsh|artists-books-china-beijing,Artists' books -- China -- Beijing,y,artists-books-china-beijing,topical,Artists' books -- China -- Beijing,,auto-seeded draft; review
lcsh|artists-books-china-suzhou-jiangsu-sheng,Artists' books -- China -- Suzhou (Jiangsu Sheng),y,artists-books-china-suzhou-jiangsu-sheng,topical,Artists' books -- China -- Suzhou (Jiangsu Sheng),,auto-seeded draft; review
lcsh|artists-books-colombia-21st-century-specimens,Artists' books -- Colombia -- 21st century -- Specimens,y,artists-books-colombia-21st-century-specimens,topical,Artists' books -- Colombia -- 21st century -- Specimens,,auto-seeded draft; review
lcsh|artists-books-colombia-bogot-specimens,Artists' books -- Colombia -- Bogotá -- Specimens,y,artists-books-colombia-bogot-specimens,topical,Artists' books -- Colombia -- Bogotá -- Specimens,,auto-seeded draft; review
lcsh|artists-books-colombia-specimens,Artists' books -- Colombia -- Specimens,y,artists-books-colombia-specimens,topical,Artists' books -- Colombia -- Specimens,,auto-seeded draft; review
lcsh|artists-books-competitions-georgia,Artists' books -- Competitions -- Georgia,y,artists-books-competitions-georgia,topical,Artists' books -- Competitions -- Georgia,,auto-seeded draft; review
lcsh|artists-books-congresses,Artists' books -- Congresses,y,artists-books-congresses,topical,Artists' books -- Congresses,,auto-seeded draft; review
lcsh|artists-books-connecticut-middletown,Artists' books -- Connecticut -- Middletown,y,artists-books-connecticut-middletown,topical,Artists' books -- Connecticut -- Middletown,,auto-seeded draft; review
lcsh|artists-books-connecticut-new-haven,Artists' books -- Connecticut -- New Haven,y,artists-books-connecticut-new-haven,topical,Artists' books -- Connecticut -- New Haven,,auto-seeded draft; review
lcsh|artists-books-cuba,Artists' books -- Cuba,y,artists-books-cuba,topical,Artists' books -- Cuba,,auto-seeded draft; review
lcsh|artists-books-cuba-matanzas-specimens,Artists' books -- Cuba -- Matanzas -- Specimens,y,artists-books-cuba-matanzas-specimens,topical,Artists' books -- Cuba -- Matanzas -- Specimens,,auto-seeded draft; review
lcsh|artists-books-cuba-specimens,Artists' books -- Cuba -- Specimens,y,artists-books-cuba-specimens,topical,Artists' books -- Cuba -- Specimens,,auto-seeded draft; review
lcsh|artists-books-czech-republic-specimens,Artists' books -- Czech Republic -- Specimens,y,artists-books-czech-republic-specimens,topical,Artists' books -- Czech Republic -- Specimens,,auto-seeded draft; review
lcsh|artists-books-denmark,Artists' books -- Denmark,y,artists-books-denmark,topical,Artists' books -- Denmark,,auto-seeded draft; review
lcsh|artists-books-design-and-construction,Artists' books -- Design and construction,y,artists-books-design-and-construction,topical,Artists' books -- Design and construction,,auto-seeded draft; review
lcsh|artists-books-england,Artists' books -- England,y,artists-books-england,topical,Artists' books -- England,,auto-seeded draft; review
lcsh|artists-books-england-goole,Artists' books -- England -- Goole,y,artists-books-england-goole,topical,Artists' books -- England -- Goole,,auto-seeded draft; review
lcsh|artists-books-england-history-21st-century,Artists' books -- England -- History -- 21st century,y,artists-books-england-history-21st-century,topical,Artists' books -- England -- History -- 21st century,,auto-seeded draft; review
lcsh|artists-books-england-london,Artists' books -- England -- London,y,artists-books-england-london,topical,Artists' books -- England -- London,,auto-seeded draft; review
lcsh|artists-books-england-london-exhibitions,Artists' books -- England -- London -- Exhibitions,y,artists-books-england-london-exhibitions,topical,Artists' books -- England -- London -- Exhibitions,,auto-seeded draft; review
lcsh|artists-books-england-norwich,Artists' books -- England -- Norwich,y,artists-books-england-norwich,topical,Artists' books -- England -- Norwich,,auto-seeded draft; review
lcsh|artists-books-england-oxford,Artists' books -- England -- Oxford,y,artists-books-england-oxford,topical,Artists' books -- England -- Oxford,,auto-seeded draft; review
lcsh|artists-books-exhibitions,Artists' books -- Exhibitions,y,artists-books-exhibitions,topical,Artists' books -- Exhibitions,,auto-seeded draft; review
http://id.loc.gov/authorities/subjects/sh2007101460.,Artists' books -- Exhibitions,y,artists-books-exhibitions,topical,Artists' books -- Exhibitions,,auto-seeded draft; review
http://id.worldcat.org/fast/817661.,Artists' books -- Exhibitions,y,artists-books-exhibitions,topical,Artists' books -- Exhibitions,,auto-seeded draft; review
http://id.loc.gov/authorities/subjects/sh2007101460,Artists' books -- Exhibitions,y,artists-books-exhibitions,topical,Artists' books -- Exhibitions,,auto-seeded draft; review
lcsh|artists-books-facsimiles,Artists' books -- Facsimiles,y,artists-books-facsimiles,topical,Artists' books -- Facsimiles,,auto-seeded draft; review
lcsh|artists-books-florida-gainesville-specimens,Artists' books -- Florida -- Gainesville -- Specimens,y,artists-books-florida-gainesville-specimens,topical,Artists' books -- Florida -- Gainesville -- Specimens,,auto-seeded draft; review
lcsh|artists-books-florida-talahassee,Artists' books -- Florida -- Talahassee,y,artists-books-florida-talahassee,topical,Artists' books -- Florida -- Talahassee,,auto-seeded draft; review
lcsh|artists-books-france,Artists' books -- France,y,artists-books-france,topical,Artists' books -- France,,auto-seeded draft; review
http://id.loc.gov/authorities/subjects/sh2009115669.,Artists' books -- France,y,artists-books-france,topical,Artists' books -- France,,auto-seeded draft; review
lcsh|artists-books-france-nice,Artists' books -- France -- Nice,y,artists-books-france-nice,topical,Artists' books -- France -- Nice,,auto-seeded draft; review
lcsh|artists-books-georgia,Artists' books -- Georgia,y,artists-books-georgia,topical,Artists' books -- Georgia,,auto-seeded draft; review
lcsh|artists-books-georgia-atlanta,Artists' books -- Georgia -- Atlanta,y,artists-books-georgia-atlanta,topical,Artists' books -- Georgia -- Atlanta,,auto-seeded draft; review
lcsh|artists-books-georgia-atlanta-periodicals,Artists' books -- Georgia -- Atlanta -- Periodicals,y,artists-books-georgia-atlanta-periodicals,topical,Artists' books -- Georgia -- Atlanta -- Periodicals,,auto-seeded draft; review
lcsh|artists-books-germany,Artists' books -- Germany,y,artists-books-germany,topical,Artists' books -- Germany,,auto-seeded draft; review
lcsh|artists-books-germany-berlin,Artists' books -- Germany -- Berlin,y,artists-books-germany-berlin,topical,Artists' books -- Germany -- Berlin,,auto-seeded draft; review
lcsh|artists-books-germany-exhibitions,Artists' books -- Germany -- Exhibitions,y,artists-books-germany-exhibitions,topical,Artists' books -- Germany -- Exhibitions,,auto-seeded draft; review
lcsh|artists-books-germany-west,Artists' books -- Germany (West),y,artists-books-germany-west,topical,Artists' books -- Germany (West),,auto-seeded draft; review
lcsh|artists-books-germany-west-exhibitions,"Artists' books -- Germany, West -- Exhibitions",y,artists-books-germany-west-exhibitions,topical,"Artists' books -- Germany, West -- Exhibitions",,auto-seeded draft; review
lcsh|artists-books-great-britain,Artists' books -- Great Britain,y,artists-books-great-britain,topical,Artists' books -- Great Britain,,auto-seeded draft; review
lcsh|artists-books-great-britain-exhibitions,Artists' books -- Great Britain -- Exhibitions,y,artists-books-great-britain-exhibitions,topical,Artists' books -- Great Britain -- Exhibitions,,auto-seeded draft; review
lcsh|artists-books-great-britain-specimens,Artists' books -- Great Britain -- Specimens,y,artists-books-great-britain-specimens,topical,Artists' books -- Great Britain -- Specimens,,auto-seeded draft; review
unspecified|artists-books-great-britain,Artists' books -- Great Britain | Artists' books ; Great Britain,y,artists-books-great-britain,topical,Artists' books -- Great Britain,,auto-seeded draft; review
lcsh|artists-books-guatemala-specimens,Artists' books -- Guatemala -- Specimens,y,artists-books-guatemala-specimens,topical,Artists' books -- Guatemala -- Specimens,,auto-seeded draft; review
lcsh|artists-books-history,Artists' books -- History,y,artists-books-history,topical,Artists' books -- History,,auto-seeded draft; review
lcsh|artists-books-history-20th-century,Artists' books -- History -- 20th century,y,artists-books-history-20th-century,topical,Artists' books -- History -- 20th century,,auto-seeded draft; review
lcsh|artists-books-history-21st-century,Artists' books -- History -- 21st century,y,artists-books-history-21st-century,topical,Artists' books -- History -- 21st century,,auto-seeded draft; review
lcsh|artists-books-illinois,Artists' books -- Illinois,y,artists-books-illinois,topical,Artists' books -- Illinois,,auto-seeded draft; review
lcsh|artists-books-illinois-chicago,Artists' books -- Illinois -- Chicago,y,artists-books-illinois-chicago,topical,Artists' books -- Illinois -- Chicago,,auto-seeded draft; review
lcsh|artists-books-illinois-chicago-21st-century,Artists' books -- Illinois -- Chicago -- 21st century,y,artists-books-illinois-chicago-21st-century,topical,Artists' books -- Illinois -- Chicago -- 21st century,,auto-seeded draft; review
lcsh|artists-books-illinois-glenview,Artists' books -- Illinois -- Glenview,y,artists-books-illinois-glenview,topical,Artists' books -- Illinois -- Glenview,,auto-seeded draft; review
lcsh|artists-books-india,Artists' books -- India,y,artists-books-india,topical,Artists' books -- India,,auto-seeded draft; review
lcsh|artists-books-iowa-iowa-city,Artists' books -- Iowa -- Iowa City,y,artists-books-iowa-iowa-city,topical,Artists' books -- Iowa -- Iowa City,,auto-seeded draft; review
lcsh|artists-books-iowa-iowa-city-21st-century-specimens,Artists' books -- Iowa -- Iowa City -- 21st century -- Specimens,y,artists-books-iowa-iowa-city-21st-century-specimens,topical,Artists' books -- Iowa -- Iowa City -- 21st century -- Specimens,,auto-seeded draft; review
unspecified|artists-books-ireland,Artists' books -- Ireland,y,artists-books-ireland,topical,Artists' books -- Ireland,,auto-seeded draft; review
lcsh|artists-books-italy,Artists' books -- Italy,y,artists-books-italy,topical,Artists' books -- Italy,,auto-seeded draft; review
lcsh|artists-books-italy-bologna,Artists' books -- Italy -- Bologna,y,artists-books-italy-bologna,topical,Artists' books -- Italy -- Bologna,,auto-seeded draft; review
lcsh|artists-books-japan,Artists' books -- Japan,y,artists-books-japan,topical,Artists' books -- Japan,,auto-seeded draft; review
lcsh|artists-books-japan-kyoto,Artists' books -- Japan -- Kyoto,y,artists-books-japan-kyoto,topical,Artists' books -- Japan -- Kyoto,,auto-seeded draft; review
lcsh|artists-books-japan-specimens,Artists' books -- Japan -- Specimens,y,artists-books-japan-specimens,topical,Artists' books -- Japan -- Specimens,,auto-seeded draft; review
lcsh|artists-books-latin-america,Artists' books -- Latin America,y,artists-books-latin-america,topical,Artists' books -- Latin America,,auto-seeded draft; review
lcsh|artists-books-latin-america-21st-century-specimens,Artists' books -- Latin America -- 21st century -- Specimens,y,artists-books-latin-america-21st-century-specimens,topical,Artists' books -- Latin America -- 21st century -- Specimens,,auto-seeded draft; review
lcsh|artists-books-maryland-specimens,Artists' books -- Maryland -- Specimens,y,artists-books-maryland-specimens,topical,Artists' books -- Maryland -- Specimens,,auto-seeded draft; review
lcsh|artists-books-massachusetts-boston,Artists' books -- Massachusetts -- Boston,y,artists-books-massachusetts-boston,topical,Artists' books -- Massachusetts -- Boston,,auto-seeded draft; review
lcsh|artists-books-massachusetts-northampton,Artists' books -- Massachusetts -- Northampton,y,artists-books-massachusetts-northampton,topical,Artists' books -- Massachusetts -- Northampton,,auto-seeded draft; review
lcsh|artists-books-massachusetts-orange,Artists' books -- Massachusetts -- Orange,y,artists-books-massachusetts-orange,topical,Artists' books -- Massachusetts -- Orange,,auto-seeded draft; review
lcsh|artists-books-mexico,Artists' books -- Mexico,y,artists-books-mexico,topical,Artists' books -- Mexico,,auto-seeded draft; review
lcsh|artists-books-mexico-21st-century,Artists' books -- Mexico -- 21st century,y,artists-books-mexico-21st-century,topical,Artists' books -- Mexico -- 21st century,,auto-seeded draft; review
lcsh|artists-books-mexico-21st-century-specimens,Artists' books -- Mexico -- 21st century -- Specimens,y,artists-books-mexico-21st-century-specimens,topical,Artists' books -- Mexico -- 21st century -- Specimens,,auto-seeded draft; review
lcsh|artists-books-mexico-guadalajara-specimens,Artists' books -- Mexico -- Guadalajara -- Specimens,y,artists-books-mexico-guadalajara-specimens,topical,Artists' books -- Mexico -- Guadalajara -- Specimens,,auto-seeded draft; review
lcsh|artists-books-mexico-mexico-city,Artists' books -- Mexico -- Mexico City,y,artists-books-mexico-mexico-city,topical,Artists' books -- Mexico -- Mexico City,,auto-seeded draft; review
lcsh|artists-books-mexico-specimens,Artists' books -- Mexico -- Specimens,y,artists-books-mexico-specimens,topical,Artists' books -- Mexico -- Specimens,,auto-seeded draft; review
lcsh|artists-books-michigan-huntington-woods,Artists' books -- Michigan -- Huntington Woods,y,artists-books-michigan-huntington-woods,topical,Artists' books -- Michigan -- Huntington Woods,,auto-seeded draft; review
lcsh|artists-books-minnesota,Artists' books -- Minnesota,y,artists-books-minnesota,topical,Artists' books -- Minnesota,,auto-seeded draft; review
lcsh|artists-books-minnesota-minneapolis,Artists' books -- Minnesota -- Minneapolis,y,artists-books-minnesota-minneapolis,topical,Artists' books -- Minnesota -- Minneapolis,,auto-seeded draft; review
lcsh|artists-books-minnesota-minneapolis-specimens,Artists' books -- Minnesota -- Minneapolis -- Specimens,y,artists-books-minnesota-minneapolis-specimens,topical,Artists' books -- Minnesota -- Minneapolis -- Specimens,,auto-seeded draft; review
lcsh|artists-books-minnesota-st-joseph,Artists' books -- Minnesota -- St. Joseph,y,artists-books-minnesota-st-joseph,topical,Artists' books -- Minnesota -- St. Joseph,,auto-seeded draft; review
lcsh|artists-books-minnesota-st-paul,Artists' books -- Minnesota -- St. Paul,y,artists-books-minnesota-st-paul,topical,Artists' books -- Minnesota -- St. Paul,,auto-seeded draft; review
lcsh|artists-books-missouri-saint-louis,Artists' books -- Missouri -- Saint Louis,y,artists-books-missouri-saint-louis,topical,Artists' books -- Missouri -- Saint Louis,,auto-seeded draft; review
lcsh|artists-books-netherlands,Artists' books -- Netherlands,y,artists-books-netherlands,topical,Artists' books -- Netherlands,,auto-seeded draft; review
lcsh|artists-books-netherlands-specimens,Artists' books -- Netherlands -- Specimens,y,artists-books-netherlands-specimens,topical,Artists' books -- Netherlands -- Specimens,,auto-seeded draft; review
lcsh|artists-books-new-hampshire-specimens,Artists' books -- New Hampshire -- Specimens,y,artists-books-new-hampshire-specimens,topical,Artists' books -- New Hampshire -- Specimens,,auto-seeded draft; review
lcsh|artists-books-new-jersey,Artists' books -- New Jersey,y,artists-books-new-jersey,topical,Artists' books -- New Jersey,,auto-seeded draft; review
lcsh|artists-books-new-jersey-plainsboro,Artists' books -- New Jersey -- Plainsboro,y,artists-books-new-jersey-plainsboro,topical,Artists' books -- New Jersey -- Plainsboro,,auto-seeded draft; review
unspecified|artists-books-new-jersey-plainsboro,Artists' books -- New Jersey -- Plainsboro,y,artists-books-new-jersey-plainsboro,topical,Artists' books -- New Jersey -- Plainsboro,,auto-seeded draft; review
lcsh|artists-books-new-jersey-princeton,Artists' books -- New Jersey -- Princeton,y,artists-books-new-jersey-princeton,topical,Artists' books -- New Jersey -- Princeton,,auto-seeded draft; review
lcsh|artists-books-new-york-new-york,Artists' books -- New York -- New York,y,artists-books-new-york-new-york,topical,Artists' books -- New York -- New York,,auto-seeded draft; review
lcsh|artists-books-new-york-red-hook,Artists' books -- New York -- Red Hook,y,artists-books-new-york-red-hook,topical,Artists' books -- New York -- Red Hook,,auto-seeded draft; review
lcsh|artists-books-new-york-rosendale,Artists' books -- New York -- Rosendale,y,artists-books-new-york-rosendale,topical,Artists' books -- New York -- Rosendale,,auto-seeded draft; review
lcsh|artists-books-new-york-state,Artists' books -- New York (State),y,artists-books-new-york-state,topical,Artists' books -- New York (State),,auto-seeded draft; review
lcsh|artists-books-new-york-state-20th-century-specimens,Artists' books -- New York (State) -- 20th century -- Specimens,y,artists-books-new-york-state-20th-century-specimens,topical,Artists' books -- New York (State) -- 20th century -- Specimens,,auto-seeded draft; review
lcsh|artists-books-new-york-state-aurora,Artists' books -- New York (State) -- Aurora,y,artists-books-new-york-state-aurora,topical,Artists' books -- New York (State) -- Aurora,,auto-seeded draft; review
lcsh|artists-books-new-york-state-buffalo-specimens,Artists' books -- New York (State) -- Buffalo -- Specimens,y,artists-books-new-york-state-buffalo-specimens,topical,Artists' books -- New York (State) -- Buffalo -- Specimens,,auto-seeded draft; review
lcsh|artists-books-new-york-state-exhibitions,Artists' books -- New York (State) -- Exhibitions,y,artists-books-new-york-state-exhibitions,topical,Artists' books -- New York (State) -- Exhibitions,,auto-seeded draft; review
lcsh|artists-books-new-york-state-new-york,Artists' books -- New York (State) -- New York,y,artists-books-new-york-state-new-york,topical,Artists' books -- New York (State) -- New York,,auto-seeded draft; review
lcsh|artists-books-new-york-state-new-york-21st-century,Artists' books -- New York (State) -- New York -- 21st century,y,artists-books-new-york-state-new-york-21st-century,topical,Artists' books -- New York (State) -- New York -- 21st century,,auto-seeded draft; review
lcsh|artists-books-new-york-state-new-york-specimens,Artists' books -- New York (State) -- New York -- Specimens,y,artists-books-new-york-state-new-york-specimens,topical,Artists' books -- New York (State) -- New York -- Specimens,,auto-seeded draft; review
http://id.loc.gov/authorities/subjects/sh85008302,Artists' books -- New York (State) -- New York | Artists' books | Artists' books -- Minnesota | Artists' books -- Marketing | Artists' books -- Italy | Artists' books -- California | Artists' books -- California -- Specimens,y,artists-books-new-york-state-new-york,topical,Artists' books -- New York (State) -- New York,,auto-seeded draft; review
lcsh|artists-books-new-york-state-red-hook,Artists' books -- New York (State) -- Red Hook,y,artists-books-new-york-state-red-hook,topical,Artists' books -- New York (State) -- Red Hook,,auto-seeded draft; review
lcsh|artists-books-new-york-state-rosendale-20th-century-specimens,Artists' books -- New York (State) -- Rosendale -- 20th century -- Specimens,y,artists-books-new-york-state-rosendale-20th-century-specimens,topical,Artists' books -- New York (State) -- Rosendale -- 20th century -- Specimens,,auto-seeded draft; review
lcsh|artists-books-new-york-state-rosendale-specimens,Artists' books -- New York (State) -- Rosendale -- Specimens,y,artists-books-new-york-state-rosendale-specimens,topical,Artists' books -- New York (State) -- Rosendale -- Specimens,,auto-seeded draft; review
lcsh|artists-books-new-york-state-rosendale,Artists' books -- New York (State) -- Rosendale | Artists books -- New York (State) -- Rosendale,y,artists-books-new-york-state-rosendale,topical,Artists' books -- New York (State) -- Rosendale,,auto-seeded draft; review
lcsh|artists-books-north-carolina-pinnacle,Artists' books -- North Carolina -- Pinnacle,y,artists-books-north-carolina-pinnacle,topical,Artists' books -- North Carolina -- Pinnacle,,auto-seeded draft; review
lcsh|artists-books-north-carolina-specimens,Artists' books -- North Carolina -- Specimens,y,artists-books-north-carolina-specimens,topical,Artists' books -- North Carolina -- Specimens,,auto-seeded draft; review
lcsh|artists-books-norway,Artists' books -- Norway,y,artists-books-norway,topical,Artists' books -- Norway,,auto-seeded draft; review
lcsh|artists-books-ohio-toledo-21st-century,Artists' books -- Ohio -- Toledo -- 21st century,y,artists-books-ohio-toledo-21st-century,topical,Artists' books -- Ohio -- Toledo -- 21st century,,auto-seeded draft; review
lcsh|artists-books-oregon,Artists' books -- Oregon,y,artists-books-oregon,topical,Artists' books -- Oregon,,auto-seeded draft; review
lcsh|artists-books-oregon-portland,Artists' books -- Oregon -- Portland,y,artists-books-oregon-portland,topical,Artists' books -- Oregon -- Portland,,auto-seeded draft; review
lcsh|artists-books-pakistan,Artists' books -- Pakistan,y,artists-books-pakistan,topical,Artists' books -- Pakistan,,auto-seeded draft; review
lcsh|artists-books-pennsylvania-philadelphia,Artists' books -- Pennsylvania -- Philadelphia,y,artists-books-pennsylvania-philadelphia,topical,Artists' books -- Pennsylvania -- Philadelphia,,auto-seeded draft; review
lcsh|artists-books-periodicals,Artists' books -- Periodicals,y,artists-books-periodicals,topical,Artists' books -- Periodicals,,auto-seeded draft; review
lcsh|artists-books-personal-narratives,Artists' books -- Personal narratives,y,artists-books-personal-narratives,topical,Artists' books -- Personal narratives,,auto-seeded draft; review
http://id.worldcat.org/fast/817663.,Artists' books -- Private collections,y,artists-books-private-collections,topical,Artists' books -- Private collections,,auto-seeded draft; review
lcsh|artists-books-private-collections-netherlands,Artists' books -- Private collections -- Netherlands,y,artists-books-private-collections-netherlands,topical,Artists' books -- Private collections -- Netherlands,,auto-seeded draft; review
http://id.worldcat.org/fast/817664.,Artists' books -- Publishing,y,artists-books-publishing,topical,Artists' books -- Publishing,,auto-seeded draft; review
lcsh|artists-books-publishing,Artists' books -- Publishing,y,artists-books-publishing,topical,Artists' books -- Publishing,,auto-seeded draft; review
lcsh|artists-books-puerto-rico,Artists' books -- Puerto Rico,y,artists-books-puerto-rico,topical,Artists' books -- Puerto Rico,,auto-seeded draft; review
lcsh|artists-books-que-bec,Artists' books -- Québec,y,artists-books-que-bec,topical,Artists' books -- Québec,,auto-seeded draft; review
lcsh|artists-books-que-bec-province-montre-al-specimens,Artists' books -- Québec (Province) -- Montréal -- Specimens,y,artists-books-que-bec-province-montre-al-specimens,topical,Artists' books -- Québec (Province) -- Montréal -- Specimens,,auto-seeded draft; review
lcsh|artists-books-rhode-island-newport,Artists' books -- Rhode Island -- Newport,y,artists-books-rhode-island-newport,topical,Artists' books -- Rhode Island -- Newport,,auto-seeded draft; review
lcsh|artists-books-rhode-island-providence,Artists' books -- Rhode Island -- Providence,y,artists-books-rhode-island-providence,topical,Artists' books -- Rhode Island -- Providence,,auto-seeded draft; review
lcsh|artists-books-rhode-island-providence-specimens,Artists' books -- Rhode Island -- Providence -- Specimens,y,artists-books-rhode-island-providence-specimens,topical,Artists' books -- Rhode Island -- Providence -- Specimens,,auto-seeded draft; review
lcsh|artists-books-russia-federation,Artists' books -- Russia (Federation),y,artists-books-russia-federation,topical,Artists' books -- Russia (Federation),,auto-seeded draft; review
lcsh|artists-books-scotland,Artists' books -- Scotland,y,artists-books-scotland,topical,Artists' books -- Scotland,,auto-seeded draft; review
lcsh|artists-books-spain,Artists' books -- Spain,y,artists-books-spain,topical,Artists' books -- Spain,,auto-seeded draft; review
lcsh|artists-books-specimens,Artists' books -- Specimens,y,artists-books-specimens,topical,Artists' books -- Specimens,,auto-seeded draft; review
http://id.loc.gov/authorities/subjects/sh2023000629.,Artists' books -- Specimens,y,artists-books-specimens,topical,Artists' books -- Specimens,,auto-seeded draft; review
http://id.loc.gov/authorities/subjects/sh2023000629,Artists' books -- Specimens,y,artists-books-specimens,topical,Artists' books -- Specimens,,auto-seeded draft; review
lcsh|artists-books-sri-lanka-specimens,Artists' books -- Sri Lanka -- Specimens,y,artists-books-sri-lanka-specimens,topical,Artists' books -- Sri Lanka -- Specimens,,auto-seeded draft; review
lcsh|artists-books-themes-motives,"Artists' books -- Themes, motives",y,artists-books-themes-motives,topical,"Artists' books -- Themes, motives",,auto-seeded draft; review
lcsh|artists-books-united-states,Artists' books -- United States,y,artists-books-united-states,topical,Artists' books -- United States,,auto-seeded draft; review
http://id.loc.gov/authorities/subjects/sh2007101486,Artists' books -- United States,y,artists-books-united-states,topical,Artists' books -- United States,,auto-seeded draft; review
http://id.loc.gov/authorities/subjects/sh2007101486.,Artists' books -- United States,y,artists-books-united-states,topical,Artists' books -- United States,,auto-seeded draft; review
lcshac|artists-books-united-states,Artists' books -- United States,y,artists-books-united-states,topical,Artists' books -- United States,,auto-seeded draft; review
lcsh|artists-books-united-states-20th-century-specimens,Artists' books -- United States -- 20th century -- Specimens,y,artists-books-united-states-20th-century-specimens,topical,Artists' books -- United States -- 20th century -- Specimens,,auto-seeded draft; review
lcsh|artists-books-united-states-21st-century-specimens,Artists' books -- United States -- 21st century -- Specimens,y,artists-books-united-states-21st-century-specimens,topical,Artists' books -- United States -- 21st century -- Specimens,,auto-seeded draft; review
lcsh|artists-books-united-states-exhibitions,Artists' books -- United States -- Exhibitions,y,artists-books-united-states-exhibitions,topical,Artists' books -- United States -- Exhibitions,,auto-seeded draft; review
http://id.loc.gov/authorities/subjects/sh2009115980.,Artists' books -- United States -- Exhibitions,y,artists-books-united-states-exhibitions,topical,Artists' books -- United States -- Exhibitions,,auto-seeded draft; review
lcsh|artists-books-united-states-new-york,Artists' books -- United States -- New York,y,artists-books-united-states-new-york,topical,Artists' books -- United States -- New York,,auto-seeded draft; review
lcsh|artists-books-united-states-specimens,Artists' books -- United States -- Specimens,y,artists-books-united-states-specimens,topical,Artists' books -- United States -- Specimens,,auto-seeded draft; review
lcsh|artists-books-united-states-themes-motives,"Artists' books -- United States -- Themes, motives",y,artists-books-united-states-themes-motives,topical,"Artists' books -- United States -- Themes, motives",,auto-seeded draft; review
lcsh|artists-books-vermont-newark,Artists' books -- Vermont -- Newark,y,artists-books-vermont-newark,topical,Artists' books -- Vermont -- Newark,,auto-seeded draft; review
lcsh|artists-books-virginia,Artists' books -- Virginia,y,artists-books-virginia,topical,Artists' books -- Virginia,,auto-seeded draft; review
lcsh|artists-books-virginia-charlottesville,Artists' books -- Virginia -- Charlottesville,y,artists-books-virginia-charlottesville,topical,Artists' books -- Virginia -- Charlottesville,,auto-seeded draft; review
lcsh|artists-books-virginia-richmond,Artists' books -- Virginia -- Richmond,y,artists-books-virginia-richmond,topical,Artists' books -- Virginia -- Richmond,,auto-seeded draft; review
lcsh|artists-books-washington-seattle,Artists' books -- Washington -- Seattle,y,artists-books-washington-seattle,topical,Artists' books -- Washington -- Seattle,,auto-seeded draft; review
lcsh|artists-books-washington-d-c,Artists' books -- Washington (D.C.),y,artists-books-washington-d-c,topical,Artists' books -- Washington (D.C.),,auto-seeded draft; review
lcsh|artists-books-washington-state,Artists' books -- Washington (State),y,artists-books-washington-state,topical,Artists' books -- Washington (State),,auto-seeded draft; review
lcsh|artists-books-washington-state-tacoma-specimens,Artists' books -- Washington (State) -- Tacoma -- Specimens,y,artists-books-washington-state-tacoma-specimens,topical,Artists' books -- Washington (State) -- Tacoma -- Specimens,,auto-seeded draft; review
lcsh|artists-books-wisconsin-madison,Artists' books -- Wisconsin -- Madison,y,artists-books-wisconsin-madison,topical,Artists' books -- Wisconsin -- Madison,,auto-seeded draft; review
lcsh|artists-books-wisconsin-milwaukee,Artists' books -- Wisconsin -- Milwaukee,y,artists-books-wisconsin-milwaukee,topical,Artists' books -- Wisconsin -- Milwaukee,,auto-seeded draft; review
lcsh|artists-books-wisconsin-stevens-point,Artists' books -- Wisconsin -- Stevens Point,y,artists-books-wisconsin-stevens-point,topical,Artists' books -- Wisconsin -- Stevens Point,,auto-seeded draft; review
unspecified|artists-books-1978,Artists' books ; 1978,y,artists-books-1978,topical,Artists' books ; 1978,,auto-seeded draft; review
unspecified|artists-books-1983,Artists' books ; 1983,y,artists-books-1983,topical,Artists' books ; 1983,,auto-seeded draft; review
unspecified|artists-books-illinois-chicago-2013,Artists' books ; Illinois ; Chicago ; 2013,y,artists-books-illinois-chicago-2013,topical,Artists' books ; Illinois ; Chicago ; 2013,,auto-seeded draft; review
unspecified|artists-books-iowa-1995,Artists' books ; Iowa ; 1995,y,artists-books-iowa-1995,topical,Artists' books ; Iowa ; 1995,,auto-seeded draft; review
unspecified|artists-books-mexico-mexico-city,Artists' books ; Mexico ; Mexico City,y,artists-books-mexico-mexico-city,topical,Artists' books -- Mexico -- Mexico City,,auto-seeded draft; review
unspecified|artists-books-netherlands-maastricht-1974,Artists' books ; Netherlands ; Maastricht ; 1974,y,artists-books-netherlands-maastricht-1974,topical,Artists' books ; Netherlands ; Maastricht ; 1974,,auto-seeded draft; review
unspecified|artists-books-new-york-state-20th-century,Artists' books ; New York (State) ; 20th century,y,artists-books-new-york-state-20th-century,topical,Artists' books ; New York (State) ; 20th century,,auto-seeded draft; review
unspecified|artists-books-rhode-island-20th-century,Artists' books ; Rhode Island ; 20th century,y,artists-books-rhode-island-20th-century,topical,Artists' books ; Rhode Island ; 20th century,,auto-seeded draft; review
unspecified|artists-books-specimens,Artists' books ; Specimens,y,artists-books-specimens,topical,Artists' books -- Specimens,,auto-seeded draft; review
unspecified|artists-books-united-states,Artists' books ; United States,y,artists-books-united-states,topical,Artists' books -- United States,,auto-seeded draft; review
unspecified|artists-books-united-states-1979,Artists' books ; United States ; 1979,y,artists-books-united-states-1979,topical,Artists' books ; United States ; 1979,,auto-seeded draft; review
unspecified|artists-books-books,artists' books (books),y,artists-books-books,topical,artists' books (books),,auto-seeded draft; review
http://vocab.getty.edu/aat/300123016.,Artists' books (books),y,artists-books-books,topical,artists' books (books),,auto-seeded draft; review
aat|artists-books-books,artists' books (books),y,artists-books-books,topical,artists' books (books),,auto-seeded draft; review
(CStmoGRI)aat300123016,artists' books (books),y,artists-books-books,topical,artists' books (books),,auto-seeded draft; review
aat|artists-books-books-florida-tallahassee-21st-century,Artists' books (books) -- Florida -- Tallahassee -- 21st century,y,artists-books-books-florida-tallahassee-21st-century,topical,Artists' books (books) -- Florida -- Tallahassee -- 21st century,,auto-seeded draft; review
unspecified|artists-books-books-united-states,Artists' books (books) ; United States,y,artists-books-books-united-states,topical,Artists' books (books) ; United States,,auto-seeded draft; review
lcsh|artists-books,Artists' books | Artists books,y,artists-books,topical,Artists' books,,auto-seeded draft; review
http://id.worldcat.org/fast/817669.,Artists' illustrated books,y,artists-illustrated-books,topical,Artists' illustrated books,,auto-seeded draft; review
lcsh|artists-illustrated-books-specimens,Artists' illustrated books -- Specimens,y,artists-illustrated-books-specimens,topical,Artists' illustrated books -- Specimens,,auto-seeded draft; review
lcsh|artists-preparatory-studies,Artists' preparatory studies,y,artists-preparatory-studies,topical,Artists' preparatory studies,,auto-seeded draft; review
lcsh|artists-preparatory-studies-japan,Artists' preparatory studies -- Japan,y,artists-preparatory-studies-japan,topical,Artists' preparatory studies -- Japan,,auto-seeded draft; review
http://id.loc.gov/authorities/subjects/sh85008315.,Artists' studios,y,artists-studios,topical,Artists' studios,,auto-seeded draft; review
http://id.worldcat.org/fast/817698.,Artists' studios,y,artists-studios,topical,Artists' studios,,auto-seeded draft; review
http://id.worldcat.org/fast/817707.,Artists' writings,y,artists-writings,topical,Artists' writings,,auto-seeded draft; review
lcsh|artists-writings-translations-into-portuguese-periodicals,Artists' writings -- Translations into Portuguese -- Periodicals,y,artists-writings-translations-into-portuguese-periodicals,topical,Artists' writings -- Translations into Portuguese -- Periodicals,,auto-seeded draft; review
lcsh|artitsts-books-united-states,Artitsts' books -- United States,y,artitsts-books-united-states,topical,Artitsts' books -- United States,,auto-seeded draft; review
http://id.worldcat.org/fast/817721.,Arts,y,arts,topical,Arts,,auto-seeded draft; review
http://id.loc.gov/authorities/subjects/sh85008324.,Arts,y,arts,topical,Arts,,auto-seeded draft; review
lcsh|arts-california-los-angeles-21st-century,Arts -- California -- Los Angeles -- 21st century,y,arts-california-los-angeles-21st-century,topical,Arts -- California -- Los Angeles -- 21st century,,auto-seeded draft; review
lcsh|arts-canada-western-periodicals,"Arts -- Canada, Western -- Periodicals",y,arts-canada-western-periodicals,topical,"Arts -- Canada, Western -- Periodicals",,auto-seeded draft; review
http://id.worldcat.org/fast/817731.,Arts -- Censorship,y,arts-censorship,topical,Arts -- Censorship,,auto-seeded draft; review
lcsh|arts-censorship,Arts -- Censorship,y,arts-censorship,topical,Arts -- Censorship,,auto-seeded draft; review
lcsh|arts-censorship-united-states-exhibitions,Arts -- Censorship -- United States -- Exhibitions,y,arts-censorship-united-states-exhibitions,topical,Arts -- Censorship -- United States -- Exhibitions,,auto-seeded draft; review
lcsh|arts-exhibitions,Arts -- Exhibitions,y,arts-exhibitions,topical,Arts -- Exhibitions,,auto-seeded draft; review
lcsh|arts-manitoba-periodicals,Arts -- Manitoba -- Periodicals,y,arts-manitoba-periodicals,topical,Arts -- Manitoba -- Periodicals,,auto-seeded draft; review
lcsh|arts-periodicals,Arts -- Periodicals,y,arts-periodicals,topical,Arts -- Periodicals,,auto-seeded draft; review
http://id.loc.gov/authorities/subjects/sh2009113916,Arts -- Political aspects,y,arts-political-aspects,topical,Arts -- Political aspects,,auto-seeded draft; review
lcsh|arts-united-states-directories,Arts -- United States -- Directories,y,arts-united-states-directories,topical,Arts -- United States -- Directories,,auto-seeded draft; review
lcsh|arts-united-states-marketing,Arts -- United States -- Marketing,y,arts-united-states-marketing,topical,Arts -- United States -- Marketing,,auto-seeded draft; review
unspecified|arts-graphiques,Arts graphiques,y,arts-graphiques,topical,Arts graphiques,,auto-seeded draft; review
unspecified|arts-graphiques-aspect-social,Arts graphiques - Aspect social,y,arts-graphiques-aspect-social,topical,Arts graphiques - Aspect social,,auto-seeded draft; review
http://id.worldcat.org/fast/817891.,"Arts, American",y,arts-american,topical,"Arts, American",,auto-seeded draft; review
http://id.loc.gov/authorities/subjects/sh85008337.,"Arts, American",y,arts-american,topical,"Arts, American",,auto-seeded draft; review
http://id.loc.gov/authorities/subjects/sh85008423.,"Arts, American -- 20th century",y,arts-american-20th-century,topical,"Arts, American -- 20th century",,auto-seeded draft; review
lcsh|arts-american-california-san-francisco-bay-area-20th-century-catalogs,"Arts, American -- California -- San Francisco Bay Area -- 20th century -- Catalogs",y,arts-american-california-san-francisco-bay-area-20th-century-catalogs,topical,"Arts, American -- California -- San Francisco Bay Area -- 20th century -- Catalogs",,auto-seeded draft; review
lcsh|arts-american-georgia-atlanta-20th-century-periodicals,"Arts, American -- Georgia -- Atlanta -- 20th century -- Periodicals",y,arts-american-georgia-atlanta-20th-century-periodicals,topical,"Arts, American -- Georgia -- Atlanta -- 20th century -- Periodicals",,auto-seeded draft; review
http://id.loc.gov/authorities/subjects/sh89006640.,"Arts, Argentine",y,arts-argentine,topical,"Arts, Argentine",,auto-seeded draft; review
http://id.worldcat.org/fast/817903.,"Arts, Argentine",y,arts-argentine,topical,"Arts, Argentine",,auto-seeded draft; review
lcsh|arts-canadian-20th-century,"Arts, Canadian -- 20th century",y,arts-canadian-20th-century,topical,"Arts, Canadian -- 20th century",,auto-seeded draft; review
http://id.loc.gov/authorities/subjects/sh85008409.,"Arts, Latin American",y,arts-latin-american,topical,"Arts, Latin American",,auto-seeded draft; review
http://id.worldcat.org/fast/818112.,"Arts, Latin American",y,arts-latin-american,topical,"Arts, Latin American",,auto-seeded draft; review
http://id.worldcat.org/fast/818137.,"Arts, Modern",y,arts-modern,topical,"Arts, Modern",,auto-seeded draft; review
http://id.loc.gov/authorities/subjects/sh85008419.,"Arts, Modern -- 20th century",y,arts-modern-20th-century,topical,"Arts, Modern -- 20th century",,auto-seeded draft; review
http://id.loc.gov/authorities/subjects/sh2007101521,"Arts, Modern -- 20th century -- Periodicals",y,arts-modern-20th-century-periodicals,topical,"Arts, Modern -- 20th century -- Periodicals",,auto-seeded draft; review
lcsh|arts-swiss-20th-century,"Arts, Swiss -- 20th century",y,arts-swiss-20th-century,topical,"Arts, Swiss -- 20th century",,auto-seeded draft; review
lcsh|asemantic-poetry,Asemantic poetry,y,asemantic-poetry,topical,Asemantic poetry,,auto-seeded draft; review
local|asemic-writing,Asemic writing,y,asemic-writing,topical,Asemic writing,,auto-seeded draft; review
http://id.loc.gov/authorities/subjects/sh85008764.,Assemblage (Art),y,assemblage-art,topical,Assemblage (Art),,auto-seeded draft; review
http://id.worldcat.org/fast/818997.,Assemblage (Art),y,assemblage-art,topical,Assemblage (Art),,auto-seeded draft; review
lcsh|assemblage-art,Assemblage (Art),y,assemblage-art,topical,Assemblage (Art),,auto-seeded draft; review
lcsh|astrology-and-gardening,Astrology and gardening,y,astrology-and-gardening,topical,Astrology and gardening,,auto-seeded draft; review
http://id.worldcat.org/fast/819505.,Astronautics,y,astronautics,topical,Astronautics,,auto-seeded draft; review
lcsh|astronautics-zambia-pictorial-works,Astronautics -- Zambia -- Pictorial works,y,astronautics-zambia-pictorial-works,topical,Astronautics -- Zambia -- Pictorial works,,auto-seeded draft; review
lcsh|astronautics-in-art,Astronautics in art,y,astronautics-in-art,topical,Astronautics in art,,auto-seeded draft; review
http://id.loc.gov/authorities/subjects/sh96011443.,Astronomy in art,y,astronomy-in-art,topical,Astronomy in art,,auto-seeded draft; review
http://id.worldcat.org/fast/819751.,Astronomy in art,y,astronomy-in-art,topical,Astronomy in art,,auto-seeded draft; review
lcsh|atlanta-ga-description-and-travel,Atlanta (Ga.) -- Description and travel,y,atlanta-ga-description-and-travel,topical,Atlanta (Ga.) -- Description and travel,,auto-seeded draft; review
lcsh|atlases,Atlases,y,atlases,topical,Atlases,,auto-seeded draft; review
http://id.loc.gov/authorities/subjects/sh99014341.,Atomic bomb in art,y,atomic-bomb-in-art,topical,Atomic bomb in art,,auto-seeded draft; review
http://id.worldcat.org/fast/820591.,Atomic bomb in art,y,atomic-bomb-in-art,topical,Atomic bomb in art,,auto-seeded draft; review
http://id.worldcat.org/fast/820727.,Atrocities,y,atrocities,topical,Atrocities,,auto-seeded draft; review
lcsh|atrocities-mexico-iguala-de-la-independencia,Atrocities -- Mexico -- Iguala de la Independencia,y,atrocities-mexico-iguala-de-la-independencia,topical,Atrocities -- Mexico -- Iguala de la Independencia,,auto-seeded draft; review
unspecified|au-erparlamentarische-opposition,Außerparlamentarische Opposition,y,au-erparlamentarische-opposition,topical,Außerparlamentarische Opposition,,auto-seeded draft; review
unspecified|author-s-presentation-copies-provenance,Author's presentation copies (Provenance),y,author-s-presentation-copies-provenance,topical,Author's presentation copies (Provenance),,auto-seeded draft; review
http://id.worldcat.org/fast/821688.,Authors,y,authors,topical,Authors,,auto-seeded draft; review
http://id.loc.gov/authorities/subjects/sh2009116332.,Authors -- Quotations,y,authors-quotations,topical,Authors -- Quotations,,auto-seeded draft; review
(OCoLC)fst00821764,"Authors, American",y,authors-american,topical,"Authors, American",,auto-seeded draft; review
lcsh|authors-american-kentucky,"Authors, American -- Kentucky",y,authors-american-kentucky,topical,"Authors, American -- Kentucky",,auto-seeded draft; review
http://id.loc.gov/authorities/subjects/sh85010030.,Authorship,y,authorship,topical,Authorship,,auto-seeded draft; review
http://id.worldcat.org/fast/822442.,Authorship,y,authorship,topical,Authorship,,auto-seeded draft; review
lcsh|authorship,Authorship,y,authorship,topical,Authorship,,auto-seeded draft; review
http://id.loc.gov/authorities/subjects/sh2009116377.,Authorship -- Philosophy,y,authorship-philosophy,topical,Authorship -- Philosophy,,auto-seeded draft; review
http://id.worldcat.org/fast/822463.,Authorship -- Philosophy,y,authorship-philosophy,topical,Authorship -- Philosophy,,auto-seeded draft; review
lcsh|autobiographical-memory-pictorial-works,Autobiographical memory -- Pictorial works,y,autobiographical-memory-pictorial-works,topical,Autobiographical memory -- Pictorial works,,auto-seeded draft; review
http://id.loc.gov/authorities/subjects/sh2003003610.,Autobiographical memory in art,y,autobiographical-memory-in-art,topical,Autobiographical memory in art,,auto-seeded draft; review
http://id.worldcat.org/fast/822590.,Autobiographical memory in art,y,autobiographical-memory-in-art,topical,Autobiographical memory in art,,auto-seeded draft; review
lcsh|autobiographical-memory-in-art,Autobiographical memory in art,y,autobiographical-memory-in-art,topical,Autobiographical memory in art,,auto-seeded draft; review
(OCoLC)fst00822590,Autobiographical memory in art,y,autobiographical-memory-in-art,topical,Autobiographical memory in art,,auto-seeded draft; review
http://id.loc.gov/authorities/subjects/sh85010050.,Autobiography,y,autobiography,topical,Autobiography,,auto-seeded draft; review
http://id.worldcat.org/fast/822597.,Autobiography,y,autobiography,topical,Autobiography,,auto-seeded draft; review
lcsh|autobiography,Autobiography,y,autobiography,topical,Autobiography,,auto-seeded draft; review
http://id.loc.gov/authorities/subjects/sh2015002377.,Autobiography in art,y,autobiography-in-art,topical,Autobiography in art,,auto-seeded draft; review
http://id.worldcat.org/fast/1930830.,Autobiography in art,y,autobiography-in-art,topical,Autobiography in art,,auto-seeded draft; review
http://id.worldcat.org/fast/822653.,Autographs,y,autographs,topical,Autographs,,auto-seeded draft; review
unspecified|automatism-exhibitions,Automatism -- Exhibitions,y,automatism-exhibitions,topical,Automatism -- Exhibitions,,auto-seeded draft; review
lcsh|automobile-industry-and-trade-michigan-in-art,Automobile industry and trade -- Michigan -- In art,y,automobile-industry-and-trade-michigan-in-art,topical,Automobile industry and trade -- Michigan -- In art,,auto-seeded draft; review
lcsh|automobile-license-plates-pictorial-works,Automobile license plates -- Pictorial works,y,automobile-license-plates-pictorial-works,topical,Automobile license plates -- Pictorial works,,auto-seeded draft; review
http://id.worldcat.org/fast/823217.,Automobile travel,y,automobile-travel,topical,Automobile travel,,auto-seeded draft; review
lcsh|automobile-travel-great-britain,Automobile travel -- Great Britain,y,automobile-travel-great-britain,topical,Automobile travel -- Great Britain,,auto-seeded draft; review
http://id.worldcat.org/fast/823232.,Automobiles,y,automobiles,topical,Automobiles,,auto-seeded draft; review
http://id.loc.gov/authorities/subjects/sh2007101755.,Automobiles -- Pictorial works,y,automobiles-pictorial-works,topical,Automobiles -- Pictorial works,,auto-seeded draft; review
http://id.worldcat.org/fast/823792.,Automobiles -- Psychological aspects,y,automobiles-psychological-aspects,topical,Automobiles -- Psychological aspects,,auto-seeded draft; review
lcsh|automobiles-psychological-aspects,Automobiles -- Psychological aspects,y,automobiles-psychological-aspects,topical,Automobiles -- Psychological aspects,,auto-seeded draft; review
http://id.worldcat.org/fast/824280.,Avant-garde (Aesthetics),y,avant-garde-aesthetics,topical,Avant-garde (Aesthetics),,auto-seeded draft; review
lcsh|avant-garde-aesthetics,Avant-garde (Aesthetics),y,avant-garde-aesthetics,topical,Avant-garde (Aesthetics),,auto-seeded draft; review
lcsh|avant-garde-aesthetics-europe-periodicals,Avant-garde (Aesthetics) -- Europe -- Periodicals,y,avant-garde-aesthetics-europe-periodicals,topical,Avant-garde (Aesthetics) -- Europe -- Periodicals,,auto-seeded draft; review
lcsh|avant-garde-aesthetics-latin-america,Avant-garde (Aesthetics) -- Latin America,y,avant-garde-aesthetics-latin-america,topical,Avant-garde (Aesthetics) -- Latin America,,auto-seeded draft; review
lcsh|avant-garde-aesthetics-periodicals,Avant-garde (Aesthetics) -- Periodicals,y,avant-garde-aesthetics-periodicals,topical,Avant-garde (Aesthetics) -- Periodicals,,auto-seeded draft; review
lcsh|avant-garde-aesthetics-united-states,Avant-garde (Aesthetics) -- United States,y,avant-garde-aesthetics-united-states,topical,Avant-garde (Aesthetics) -- United States,,auto-seeded draft; review
http://id.worldcat.org/fast/824296.,Avarice,y,avarice,topical,Avarice,,auto-seeded draft; review
lcsh|avarice-poetry,Avarice -- Poetry,y,avarice-poetry,topical,Avarice -- Poetry,,auto-seeded draft; review
http://id.loc.gov/authorities/subjects/sh2014001772.,Avarice in art,y,avarice-in-art,topical,Avarice in art,,auto-seeded draft; review
http://id.worldcat.org/fast/1910879.,Avarice in art,y,avarice-in-art,topical,Avarice in art,,auto-seeded draft; review
fast|axonometric-projection,Axonometric projection,y,axonometric-projection,topical,Axonometric projection,,auto-seeded draft; review
lcsh|axonometric-projection,Axonometric projection,y,axonometric-projection,topical,Axonometric projection,,auto-seeded draft; review
aat|axonometric-projections-images,axonometric projections (images),y,axonometric-projections-images,topical,axonometric projections (images),,auto-seeded draft; review
rvm|axonome-trie,Axonométrie,y,axonome-trie,topical,Axonométrie,,auto-seeded draft; review
http://id.worldcat.org/fast/824720.,Aztecs,y,aztecs,topical,Aztecs,,auto-seeded draft; review
http://id.loc.gov/authorities/subjects/sh85010684.,Aztecs -- Religion,y,aztecs-religion,topical,Aztecs -- Religion,,auto-seeded draft; review
http://id.worldcat.org/fast/824753.,Aztecs -- Religion,y,aztecs-religion,topical,Aztecs -- Religion,,auto-seeded draft; review
lcsh|baader-meinhof-gang-fiction,Baader-Meinhof gang -- Fiction,y,baader-meinhof-gang-fiction,topical,Baader-Meinhof gang -- Fiction,,auto-seeded draft; review
unspecified|baader-meinhof-gruppe,Baader-Meinhof-Gruppe,y,baader-meinhof-gruppe,topical,Baader-Meinhof-Gruppe,,auto-seeded draft; review
http://id.loc.gov/authorities/subjects/sh85010752.,Baby boom generation,y,baby-boom-generation,topical,Baby boom generation,,auto-seeded draft; review
http://id.worldcat.org/fast/824987.,Baby boom generation,y,baby-boom-generation,topical,Baby boom generation,,auto-seeded draft; review
lcsh|bakeries-france-paris,Bakeries -- France -- Paris,y,bakeries-france-paris,topical,Bakeries -- France -- Paris,,auto-seeded draft; review
http://id.worldcat.org/fast/826017.,Ballet,y,ballet,topical,Ballet,,auto-seeded draft; review
http://id.worldcat.org/fast/826018.,Ballet -- Costume,y,ballet-costume,topical,Ballet -- Costume,,auto-seeded draft; review
lcsh|ballet-costume-exhibitions,Ballet -- Costume -- Exhibitions,y,ballet-costume-exhibitions,topical,Ballet -- Costume -- Exhibitions,,auto-seeded draft; review
http://id.worldcat.org/fast/826030.,Ballet -- Stage-setting and scenery,y,ballet-stage-setting-and-scenery,topical,Ballet -- Stage-setting and scenery,,auto-seeded draft; review
lcsh|ballet-stage-setting-and-scenery-exhibitions,Ballet -- Stage-setting and scenery -- Exhibitions,y,ballet-stage-setting-and-scenery-exhibitions,topical,Ballet -- Stage-setting and scenery -- Exhibitions,,auto-seeded draft; review
http://id.loc.gov/authorities/subjects/sh96011397,Baseball in art,y,baseball-in-art,topical,Baseball in art,,auto-seeded draft; review
unspecified|bathrooms,Bathrooms,y,bathrooms,topical,Bathrooms,,auto-seeded draft; review
lcsh|bathrooms-pictorial-works,Bathrooms -- Pictorial works,y,bathrooms-pictorial-works,topical,Bathrooms -- Pictorial works,,auto-seeded draft; review
lcsh|battles-in-art,Battles in art,y,battles-in-art,topical,Battles in art,,auto-seeded draft; review
fast|beaches,Beaches,y,beaches,topical,Beaches,,auto-seeded draft; review
lcsh|beaches-pictorial-works,Beaches -- Pictorial works,y,beaches-pictorial-works,topical,Beaches -- Pictorial works,,auto-seeded draft; review
lcsh|beaches-in-art,Beaches in art,y,beaches-in-art,topical,Beaches in art,,auto-seeded draft; review
http://id.worldcat.org/fast/829163.,Beadwork,y,beadwork,topical,Beadwork,,auto-seeded draft; review
lcsh|beadwork-handbooks-manuals-etc,"Beadwork -- Handbooks, manuals, etc",y,beadwork-handbooks-manuals-etc,topical,"Beadwork -- Handbooks, manuals, etc",,auto-seeded draft; review
http://id.loc.gov/authorities/subjects/sh93009395.,Beadwork -- United States,y,beadwork-united-states,topical,Beadwork -- United States,,auto-seeded draft; review
lcsh|beans-miscellanea,Beans -- Miscellanea,y,beans-miscellanea,topical,Beans -- Miscellanea,,auto-seeded draft; review
http://id.loc.gov/authorities/subjects/sh2007001582,Beans in art,y,beans-in-art,topical,Beans in art,,auto-seeded draft; review
lcsh|beans-in-art,Beans in art,y,beans-in-art,topical,Beans in art,,auto-seeded draft; review
http://id.worldcat.org/fast/829327.,Beats (Persons),y,beats-persons,topical,Beats (Persons),,auto-seeded draft; review
http://id.loc.gov/authorities/subjects/sh2007101924.,Beats (Persons) -- Fiction,y,beats-persons-fiction,topical,Beats (Persons) -- Fiction,,auto-seeded draft; review
lcsh|beauty-culture-united-states,Beauty culture -- United States,y,beauty-culture-united-states,topical,Beauty culture -- United States,,auto-seeded draft; review
lcsh|beauty-personal,"Beauty, Personal",y,beauty-personal,topical,"Beauty, Personal",,auto-seeded draft; review
lcsh|beds-in-art,Beds in art,y,beds-in-art,topical,Beds in art,,auto-seeded draft; review
http://id.worldcat.org/fast/829545.,Bee culture,y,bee-culture,topical,Bee culture,,auto-seeded draft; review
lcsh|bee-culture-pictorial-works,Bee culture -- Pictorial works,y,bee-culture-pictorial-works,topical,Bee culture -- Pictorial works,,auto-seeded draft; review
http://id.loc.gov/authorities/subjects/sh96011616.,Bee culture in art,y,bee-culture-in-art,topical,Bee culture in art,,auto-seeded draft; review
http://id.worldcat.org/fast/829560.,Bee culture in art,y,bee-culture-in-art,topical,Bee culture in art,,auto-seeded draft; review
(OCoLC)fst00829869,Beggars in art,y,beggars-in-art,topical,Beggars in art,,auto-seeded draft; review
lcsh|beggars-in-art,Beggars in art,y,beggars-in-art,topical,Beggars in art,,auto-seeded draft; review
http://id.loc.gov/authorities/subjects/sh85012886.,Beginning,y,beginning,topical,Beginning,,auto-seeded draft; review
http://id.worldcat.org/fast/829879.,Beginning,y,beginning,topical,Beginning,,auto-seeded draft; review
lcsh|belle-isle-prison-biography,Belle Isle (Prison) -- Biography,y,belle-isle-prison-biography,topical,Belle Isle (Prison) -- Biography,,auto-seeded draft; review
lcsh|belly-button-pictorial-works,Belly button -- Pictorial works,y,belly-button-pictorial-works,topical,Belly button -- Pictorial works,,auto-seeded draft; review
lcsh|belly-dance,Belly dance,y,belly-dance,topical,Belly dance,,auto-seeded draft; review
lcsh|bereavement-fiction,Bereavement -- Fiction,y,bereavement-fiction,topical,Bereavement -- Fiction,,auto-seeded draft; review
lcsh|bereavement-new-york-state-new-york,Bereavement -- New York (State) -- New York,y,bereavement-new-york-state-new-york,topical,Bereavement -- New York (State) -- New York,,auto-seeded draft; review
http://id.loc.gov/authorities/subjects/sh85013357,"Berlin Wall, Berlin, Germany, 1961-1989",y,berlin-wall-berlin-germany-1961-1989,topical,"Berlin Wall, Berlin, Germany, 1961-1989",,auto-seeded draft; review
http://id.worldcat.org/fast/1709753.,"Berlin Wall, Berlin, Germany, 1961-1989",y,berlin-wall-berlin-germany-1961-1989,topical,"Berlin Wall, Berlin, Germany, 1961-1989",,auto-seeded draft; review
http://id.loc.gov/authorities/subjects/sh2009116949.,"Berlin Wall, Berlin, Germany, 1961-1989 -- Pictorial works",y,berlin-wall-berlin-germany-1961-1989-pictorial-works,topical,"Berlin Wall, Berlin, Germany, 1961-1989 -- Pictorial works",,auto-seeded draft; review
rvm|bestiaires,Bestiaires,y,bestiaires,topical,Bestiaires,,auto-seeded draft; review
lcsh|bestiality-in-art,Bestiality in art,y,bestiality-in-art,topical,Bestiality in art,,auto-seeded draft; review
lcsh|bestiaries,Bestiaries,y,bestiaries,topical,Bestiaries,,auto-seeded draft; review
aat|bestiaries,bestiaries,y,bestiaries,topical,Bestiaries,,auto-seeded draft; review
fast|bestiaries,Bestiaries,y,bestiaries,topical,Bestiaries,,auto-seeded draft; review
http://id.worldcat.org/fast/830884.,Bestiaries,y,bestiaries,topical,Bestiaries,,auto-seeded draft; review
lcsh|bestiaries-india,Bestiaries -- India,y,bestiaries-india,topical,Bestiaries -- India,,auto-seeded draft; review
unspecified|bewegung-2-juni,Bewegung 2. Juni,y,bewegung-2-juni,topical,Bewegung 2. Juni,,auto-seeded draft; review
(OCoLC)fst00824866,BGP (Computer network protocol),y,bgp-computer-network-protocol,topical,BGP (Computer network protocol),,auto-seeded draft; review
lcsh|bgp-computer-network-protocol,BGP (Computer network protocol),y,bgp-computer-network-protocol,topical,BGP (Computer network protocol),,auto-seeded draft; review
lcsh|bible-o-t-job,Bible -- O.T -- Job,y,bible-o-t-job,topical,Bible -- O.T -- Job,,auto-seeded draft; review
lcsh|big-churches-california-los-angeles-metropolitan-area-pictorial-works,Big churches -- California -- Los Angeles Metropolitan Area -- Pictorial works,y,big-churches-california-los-angeles-metropolitan-area-pictorial-works,topical,Big churches -- California -- Los Angeles Metropolitan Area -- Pictorial works,,auto-seeded draft; review
lcsh|big-churches-united-states-pictorial-works,Big churches -- United States -- Pictorial works,y,big-churches-united-states-pictorial-works,topical,Big churches -- United States -- Pictorial works,,auto-seeded draft; review
gnd|bildband,Bildband,y,bildband,topical,Bildband,,auto-seeded draft; review
swd|bildband,Bildband,y,bildband,topical,Bildband,,auto-seeded draft; review
lcsh|bildband-1981,Bildband;1981,y,bildband-1981,topical,Bildband;1981,,auto-seeded draft; review
http://id.loc.gov/authorities/subjects/sh85014030.,Bilingualism,y,bilingualism,topical,Bilingualism,,auto-seeded draft; review
http://id.worldcat.org/fast/831739.,Bilingualism,y,bilingualism,topical,Bilingualism,,auto-seeded draft; review
lcsh|binary-system-mathematics,Binary system (Mathematics),y,binary-system-mathematics,topical,Binary system (Mathematics),,auto-seeded draft; review
http://id.worldcat.org/fast/832149.,Biography,y,biography,topical,Biography,,auto-seeded draft; review
(OCoLC)fst00832383,Biology,y,biology,topical,Biology,,auto-seeded draft; review
lcsh|biology,Biology,y,biology,topical,Biology,,auto-seeded draft; review
http://id.worldcat.org/fast/832970.,Birds,y,birds,topical,Birds,,auto-seeded draft; review
lcsh|birds-argentina,Birds -- Argentina,y,birds-argentina,topical,Birds -- Argentina,,auto-seeded draft; review
lcsh|birds-behavior-pictorial-works,Birds -- Behavior -- Pictorial works,y,birds-behavior-pictorial-works,topical,Birds -- Behavior -- Pictorial works,,auto-seeded draft; review
lcsh|birds-climatic-factors,Birds -- Climatic factors,y,birds-climatic-factors,topical,Birds -- Climatic factors,,auto-seeded draft; review
http://id.worldcat.org/fast/833036.,Birds -- Models,y,birds-models,topical,Birds -- Models,,auto-seeded draft; review
lcsh|birds-models-pictorial-works,Birds -- Models -- Pictorial works,y,birds-models-pictorial-works,topical,Birds -- Models -- Pictorial works,,auto-seeded draft; review
lcsh|birds-north-america,Birds -- North America,y,birds-north-america,topical,Birds -- North America,,auto-seeded draft; review
lcsh|birds-pictorial-works,Birds -- Pictorial works,y,birds-pictorial-works,topical,Birds -- Pictorial works,,auto-seeded draft; review
lcsh|birds-in-art,Birds in art,y,birds-in-art,topical,Birds in art,,auto-seeded draft; review
http://id.loc.gov/authorities/subjects/sh85014342.,Birds in art,y,birds-in-art,topical,Birds in art,,auto-seeded draft; review
http://id.worldcat.org/fast/833087.,Birds in art,y,birds-in-art,topical,Birds in art,,auto-seeded draft; review
http://id.loc.gov/authorities/subjects/sh85014342,Birds in art,y,birds-in-art,topical,Birds in art,,auto-seeded draft; review
lcsh|birthdays,Birthdays,y,birthdays,topical,Birthdays,,auto-seeded draft; review
lcsh|birthdays-fiction,Birthdays -- Fiction,y,birthdays-fiction,topical,Birthdays -- Fiction,,auto-seeded draft; review
lcsh|birthdays-in-art,Birthdays in art,y,birthdays-in-art,topical,Birthdays in art,,auto-seeded draft; review
lcsh|black-holes-astronomy-juvenile-literature,Black holes (Astronomy) -- Juvenile literature,y,black-holes-astronomy-juvenile-literature,topical,Black holes (Astronomy) -- Juvenile literature,,auto-seeded draft; review
http://id.loc.gov/authorities/subjects/sh2004003291,Black humor in art,y,black-humor-in-art,topical,Black humor in art,,auto-seeded draft; review
http://id.loc.gov/authorities/subjects/sh85014578.,Black in art,y,black-in-art,topical,Black in art,,auto-seeded draft; review
http://id.worldcat.org/fast/833715.,Black in art,y,black-in-art,topical,Black in art,,auto-seeded draft; review
http://id.worldcat.org/fast/1940193.,Black lives matter movement,y,black-lives-matter-movement,topical,Black lives matter movement,,auto-seeded draft; review
https://homosaurus.org/v4/homoit0002398.,Black Lives Matter movement,y,black-lives-matter-movement,topical,Black lives matter movement,,auto-seeded draft; review
lcsh|black-lives-matter-movement-pictorial-works,Black lives matter movement -- Pictorial works,y,black-lives-matter-movement-pictorial-works,topical,Black lives matter movement -- Pictorial works,,auto-seeded draft; review
lcsh|black-people-west-indies-british-biography,"Black people -- West Indies, British -- Biography",y,black-people-west-indies-british-biography,topical,"Black people -- West Indies, British -- Biography",,auto-seeded draft; review
lcsh|black-people-west-indies-british-portraits,"Black people -- West Indies, British -- Portraits",y,black-people-west-indies-british-portraits,topical,"Black people -- West Indies, British -- Portraits",,auto-seeded draft; review
http://id.loc.gov/authorities/subjects/sh85014706.,Black people in art,y,black-people-in-art,topical,Black people in art,,auto-seeded draft; review
http://id.worldcat.org/fast/834024.,Black people in art,y,black-people-in-art,topical,Black people in art,,auto-seeded draft; review
lcsh|black-people-in-art,Black people in art,y,black-people-in-art,topical,Black people in art,,auto-seeded draft; review
lcsh|black-people-in-art-catalogs,Black people in art -- Catalogs,y,black-people-in-art-catalogs,topical,Black people in art -- Catalogs,,auto-seeded draft; review
unspecified|blank-books,Blank-books,y,blank-books,topical,Blank-books,,auto-seeded draft; review
lcsh|blank-books-specimens,Blank-books -- Specimens,y,blank-books-specimens,topical,Blank-books -- Specimens,,auto-seeded draft; review
http://id.worldcat.org/fast/834291.,Blind,y,blind,topical,Blind,,auto-seeded draft; review
lcsh|blind,Blind,y,blind,topical,Blind,,auto-seeded draft; review
lcsh|blind-czech-republic-fiction,Blind -- Czech Republic -- Fiction,y,blind-czech-republic-fiction,topical,Blind -- Czech Republic -- Fiction,,auto-seeded draft; review
lcsh|blind-czech-republic-pictorial-works,Blind -- Czech Republic -- Pictorial works,y,blind-czech-republic-pictorial-works,topical,Blind -- Czech Republic -- Pictorial works,,auto-seeded draft; review
lcsh|blind-portraits,Blind -- Portraits,y,blind-portraits,topical,Blind -- Portraits,,auto-seeded draft; review
lcsh|blind-in-art,Blind in art,y,blind-in-art,topical,Blind in art,,auto-seeded draft; review
lcsh|blindness,Blindness,y,blindness,topical,Blindness,,auto-seeded draft; review
lcsh|blocks-toys-specimens,Blocks (Toys) -- Specimens,y,blocks-toys-specimens,topical,Blocks (Toys) -- Specimens,,auto-seeded draft; review
http://id.loc.gov/authorities/subjects/sh85015069,Blue in art,y,blue-in-art,topical,Blue in art,,auto-seeded draft; review
lcsh|blushing-in-art,Blushing in art,y,blushing-in-art,topical,Blushing in art,,auto-seeded draft; review
http://id.loc.gov/authorities/subjects/sh96011700.,Boats and boating in art,y,boats-and-boating-in-art,topical,Boats and boating in art,,auto-seeded draft; review
http://id.worldcat.org/fast/835230.,Boats and boating in art,y,boats-and-boating-in-art,topical,Boats and boating in art,,auto-seeded draft; review
(OCoLC)fst00835316,Body art,y,body-art,topical,Body art,,auto-seeded draft; review
lcsh|body-art,Body art,y,body-art,topical,Body art,,auto-seeded draft; review
lcsh|body-image-in-art,Body image in art,y,body-image-in-art,topical,Body image in art,,auto-seeded draft; review
http://id.loc.gov/authorities/subjects/sh2002000168.,Body image in art,y,body-image-in-art,topical,Body image in art,,auto-seeded draft; review
http://id.worldcat.org/fast/835355.,Body image in art,y,body-image-in-art,topical,Body image in art,,auto-seeded draft; review
http://id.loc.gov/authorities/subjects/sh85092369.,Body language,y,body-language,topical,Body language,,auto-seeded draft; review
http://id.worldcat.org/fast/835365.,Body language,y,body-language,topical,Body language,,auto-seeded draft; review
lcsh|body-human-in-literature,"Body, Human, in literature",y,body-human-in-literature,topical,"Body, Human, in literature",,auto-seeded draft; review
lcsh|bombing-and-gunnery-ranges-wales-epynt-mountain,Bombing and gunnery ranges -- Wales -- Epynt Mountain,y,bombing-and-gunnery-ranges-wales-epynt-mountain,topical,Bombing and gunnery ranges -- Wales -- Epynt Mountain,,auto-seeded draft; review
http://id.worldcat.org/fast/835818.,Bombings,y,bombings,topical,Bombings,,auto-seeded draft; review
lcsh|bombings-iraq-baghdad,Bombings -- Iraq -- Baghdad,y,bombings-iraq-baghdad,topical,Bombings -- Iraq -- Baghdad,,auto-seeded draft; review
http://id.loc.gov/authorities/subjects/sh85015477.,Bombs,y,bombs,topical,Bombs,,auto-seeded draft; review
http://id.worldcat.org/fast/835825.,Bombs,y,bombs,topical,Bombs,,auto-seeded draft; review
http://id.worldcat.org/fast/836125.,Book burning,y,book-burning,topical,Book burning,,auto-seeded draft; review
lcsh|book-burning,Book burning,y,book-burning,topical,Book burning,,auto-seeded draft; review
lcsh|book-burning-history,Book burning -- History,y,book-burning-history,topical,Book burning -- History,,auto-seeded draft; review
lcsh|book-burning-latin-america,Book burning -- Latin America,y,book-burning-latin-america,topical,Book burning -- Latin America,,auto-seeded draft; review
http://id.loc.gov/authorities/subjects/sh85015610.,Book collecting,y,book-collecting,topical,Book collecting,,auto-seeded draft; review
http://id.worldcat.org/fast/836132.,Book collecting,y,book-collecting,topical,Book collecting,,auto-seeded draft; review
http://id.worldcat.org/fast/836147.,Book covers,y,book-covers,topical,Book covers,,auto-seeded draft; review
lcsh|book-covers-exhibitions,Book covers -- Exhibitions,y,book-covers-exhibitions,topical,Book covers -- Exhibitions,,auto-seeded draft; review
http://id.loc.gov/authorities/subjects/sh85015614.,Book design,y,book-design,topical,Book design,,auto-seeded draft; review
http://id.worldcat.org/fast/836152.,Book design,y,book-design,topical,Book design,,auto-seeded draft; review
lcsh|book-design,Book design,y,book-design,topical,Book design,,auto-seeded draft; review
lcsh|book-design-exhibitions,Book design -- Exhibitions,y,book-design-exhibitions,topical,Book design -- Exhibitions,,auto-seeded draft; review
lcsh|book-design-handbooks-manuals-etc,"Book design -- Handbooks, manuals, etc",y,book-design-handbooks-manuals-etc,topical,"Book design -- Handbooks, manuals, etc",,auto-seeded draft; review
http://id.loc.gov/authorities/subjects/sh85015630.,Book jackets,y,book-jackets,topical,Book jackets,,auto-seeded draft; review
http://id.worldcat.org/fast/836218.,Book jackets,y,book-jackets,topical,Book jackets,,auto-seeded draft; review
http://id.worldcat.org/fast/836265.,Bookbinding,y,bookbinding,topical,Bookbinding,,auto-seeded draft; review
http://id.loc.gov/authorities/subjects/sh2007102086.,"Bookbinding -- Handbooks, manuals, etc",y,bookbinding-handbooks-manuals-etc,topical,"Bookbinding -- Handbooks, manuals, etc",,auto-seeded draft; review
lcsh|bookbinding-handbooks-manuals-etc,"Bookbinding -- Handbooks, manuals, etc",y,bookbinding-handbooks-manuals-etc,topical,"Bookbinding -- Handbooks, manuals, etc",,auto-seeded draft; review
http://id.loc.gov/authorities/subjects/sh85015720,Bookbinding -- Repairing,y,bookbinding-repairing,topical,Bookbinding -- Repairing,,auto-seeded draft; review
lcsh|bookbinding-specimens,Bookbinding -- Specimens,y,bookbinding-specimens,topical,Bookbinding -- Specimens,,auto-seeded draft; review
http://id.loc.gov/authorities/subjects/sh85015736.,Bookmarks,y,bookmarks,topical,Bookmarks,,auto-seeded draft; review
http://id.worldcat.org/fast/836338.,Bookmarks,y,bookmarks,topical,Bookmarks,,auto-seeded draft; review
lcsh|bookplates-competitions,Bookplates -- Competitions,y,bookplates-competitions,topical,Bookplates -- Competitions,,auto-seeded draft; review
http://id.worldcat.org/fast/836401.,Books,y,books,topical,Books,,auto-seeded draft; review
http://id.loc.gov/authorities/subjects/sh85015739,Books -- Conservation and restoration,y,books-conservation-and-restoration,topical,Books -- Conservation and restoration,,auto-seeded draft; review
lcsh|books-digitization,Books -- Digitization,y,books-digitization,topical,Books -- Digitization,,auto-seeded draft; review
http://id.loc.gov/authorities/subjects/sh85015744.,Books -- History,y,books-history,topical,Books -- History,,auto-seeded draft; review
http://id.loc.gov/authorities/subjects/sh2009117403,Books -- Marketing,y,books-marketing,topical,Books -- Marketing,,auto-seeded draft; review
http://id.loc.gov/authorities/subjects/sh2009117403.,Books -- Marketing,y,books-marketing,topical,Books -- Marketing,,auto-seeded draft; review
http://id.worldcat.org/fast/836426.,Books -- Marketing,y,books-marketing,topical,Books -- Marketing,,auto-seeded draft; review
http://id.worldcat.org/fast/836439.,Books -- Private collections,y,books-private-collections,topical,Books -- Private collections,,auto-seeded draft; review
lcsh|books-private-collections,Books -- Private collections,y,books-private-collections,topical,Books -- Private collections,,auto-seeded draft; review
lcsh|books-private-collections-in-art,Books -- Private collections -- In art,y,books-private-collections-in-art,topical,Books -- Private collections -- In art,,auto-seeded draft; review
lcsh|books-quotations-maxims-etc,"Books -- Quotations, maxims, etc",y,books-quotations-maxims-etc,topical,"Books -- Quotations, maxims, etc",,auto-seeded draft; review
lcsh|books-social-aspects-history,Books -- Social aspects -- History,y,books-social-aspects-history,topical,Books -- Social aspects -- History,,auto-seeded draft; review
lcsh|books-sociological-aspects,Books -- Sociological aspects,y,books-sociological-aspects,topical,Books -- Sociological aspects,,auto-seeded draft; review
http://id.worldcat.org/fast/836454.,Books and reading,y,books-and-reading,topical,Books and reading,,auto-seeded draft; review
http://id.loc.gov/authorities/subjects/sh85015758.,Books and reading,y,books-and-reading,topical,Books and reading,,auto-seeded draft; review
lcsh|books-and-reading,Books and reading,y,books-and-reading,topical,Books and reading,,auto-seeded draft; review
lcsh|books-and-reading-iraq-baghdad,Books and reading -- Iraq -- Baghdad,y,books-and-reading-iraq-baghdad,topical,Books and reading -- Iraq -- Baghdad,,auto-seeded draft; review
lcsh|books-and-reading-philosophy,Books and reading -- Philosophy,y,books-and-reading-philosophy,topical,Books and reading -- Philosophy,,auto-seeded draft; review
http://id.loc.gov/authorities/subjects/sh96011709.,Books and reading in art,y,books-and-reading-in-art,topical,Books and reading in art,,auto-seeded draft; review
http://id.worldcat.org/fast/836477.,Books and reading in art,y,books-and-reading-in-art,topical,Books and reading in art,,auto-seeded draft; review
http://id.worldcat.org/fast/836479.,Books in art,y,books-in-art,topical,Books in art,,auto-seeded draft; review
http://id.loc.gov/authorities/subjects/sh85015760.,Books in art,y,books-in-art,topical,Books in art,,auto-seeded draft; review
lcsh|books-in-art-exhibitions,Books in art -- Exhibitions,y,books-in-art-exhibitions,topical,Books in art -- Exhibitions,,auto-seeded draft; review
lcsh|books-in-art-philosophy,Books in art -- Philosophy,y,books-in-art-philosophy,topical,Books in art -- Philosophy,,auto-seeded draft; review
lcsh|books-of-hours,Books of hours,y,books-of-hours,topical,Books of hours,,auto-seeded draft; review
http://id.worldcat.org/fast/836492.,Booksellers and bookselling,y,booksellers-and-bookselling,topical,Booksellers and bookselling,,auto-seeded draft; review
lcsh|booksellers-and-bookselling-alabama,Booksellers and bookselling -- Alabama,y,booksellers-and-bookselling-alabama,topical,Booksellers and bookselling -- Alabama,,auto-seeded draft; review
lcsh|booksellers-and-bookselling-iraq-baghdad,Booksellers and bookselling -- Iraq -- Baghdad,y,booksellers-and-bookselling-iraq-baghdad,topical,Booksellers and bookselling -- Iraq -- Baghdad,,auto-seeded draft; review
lcsh|booksellers-catalogs-california-san-francisco,Booksellers' catalogs -- California -- San Francisco,y,booksellers-catalogs-california-san-francisco,topical,Booksellers' catalogs -- California -- San Francisco,,auto-seeded draft; review
aat|bookworks,bookworks,y,bookworks,topical,bookworks,,auto-seeded draft; review
(CStmoGRI)aat300178842,bookworks,y,bookworks,topical,bookworks,,auto-seeded draft; review
lcsh|bookworks-art,Bookworks (Art),y,bookworks-art,topical,Bookworks (Art),,auto-seeded draft; review
lcsh|bop-music,Bop (Music),y,bop-music,topical,Bop (Music),,auto-seeded draft; review
http://id.worldcat.org/fast/1715649.,Border crossing,y,border-crossing,topical,Border crossing,,auto-seeded draft; review
lcsh|border-crossing-mexican-american-border-region-fiction,Border crossing -- Mexican-American Border Region -- Fiction,y,border-crossing-mexican-american-border-region-fiction,topical,Border crossing -- Mexican-American Border Region -- Fiction,,auto-seeded draft; review
lcsh|border-crossing-mexican-american-border-region-juvenile-fiction,Border crossing -- Mexican-American Border Region -- Juvenile fiction,y,border-crossing-mexican-american-border-region-juvenile-fiction,topical,Border crossing -- Mexican-American Border Region -- Juvenile fiction,,auto-seeded draft; review
lcsh|botanical-gardens-pictorial-works,Botanical gardens -- Pictorial works,y,botanical-gardens-pictorial-works,topical,Botanical gardens -- Pictorial works,,auto-seeded draft; review
lcsh|botany-georgia-atlanta-pictorial-works,Botany -- Georgia -- Atlanta -- Pictorial works,y,botany-georgia-atlanta-pictorial-works,topical,Botany -- Georgia -- Atlanta -- Pictorial works,,auto-seeded draft; review
unspecified|botany-pictorial-works,Botany -- Pictorial works,y,botany-pictorial-works,topical,Botany -- Pictorial works,,auto-seeded draft; review
http://id.loc.gov/authorities/subjects/sh96011714.,Boundaries in art,y,boundaries-in-art,topical,Boundaries in art,,auto-seeded draft; review
http://id.worldcat.org/fast/837087.,Boundaries in art,y,boundaries-in-art,topical,Boundaries in art,,auto-seeded draft; review
lcsh|boxes,Boxes,y,boxes,topical,Boxes,,auto-seeded draft; review
http://id.worldcat.org/fast/837358.,Boys,y,boys,topical,Boys,,auto-seeded draft; review
http://id.loc.gov/authorities/subjects/sh2007101907.,Boys -- Fiction,y,boys-fiction,topical,Boys -- Fiction,,auto-seeded draft; review
lcsh|boys-mexico-fiction,Boys -- Mexico -- Fiction,y,boys-mexico-fiction,topical,Boys -- Mexico -- Fiction,,auto-seeded draft; review
lcsh|braille-in-art,Braille -- In art,y,braille-in-art,topical,Braille -- In art,,auto-seeded draft; review
http://id.worldcat.org/fast/837570.,Brain,y,brain,topical,Brain,,auto-seeded draft; review
http://id.worldcat.org/fast/837694.,Brain -- Wounds and injuries,y,brain-wounds-and-injuries,topical,Brain -- Wounds and injuries,,auto-seeded draft; review
http://id.worldcat.org/fast/837701.,Brain -- Wounds and injuries -- Patients -- Family relationships,y,brain-wounds-and-injuries-patients-family-relationships,topical,Brain -- Wounds and injuries -- Patients -- Family relationships,,auto-seeded draft; review
lcsh|brain-wounds-and-injuries-patients-family-relationships,Brain -- Wounds and injuries -- Patients -- Family relationships,y,brain-wounds-and-injuries-patients-family-relationships,topical,Brain -- Wounds and injuries -- Patients -- Family relationships,,auto-seeded draft; review
http://id.nlm.nih.gov/mesh/D001930Q000523.,Brain Injuries -- psychology,y,brain-injuries-psychology,topical,Brain Injuries -- psychology,,auto-seeded draft; review
http://id.nlm.nih.gov/mesh/D001930Q000534.,Brain Injuries -- rehabilitation,y,brain-injuries-rehabilitation,topical,Brain Injuries -- rehabilitation,,auto-seeded draft; review
lcsh|brass-quartets-trombones-4,Brass quartets (Trombones (4)),y,brass-quartets-trombones-4,topical,Brass quartets (Trombones (4)),,auto-seeded draft; review
http://id.worldcat.org/fast/1198482.,Bread,y,bread,topical,Bread,,auto-seeded draft; review
lcsh|bread-mexico-pictorial-works,Bread -- Mexico -- Pictorial works,y,bread-mexico-pictorial-works,topical,Bread -- Mexico -- Pictorial works,,auto-seeded draft; review
lcsh|breakfasts,Breakfasts,y,breakfasts,topical,Breakfasts,,auto-seeded draft; review
http://id.worldcat.org/fast/838255.,Breast,y,breast,topical,Breast,,auto-seeded draft; review
http://id.worldcat.org/fast/838293.,Breast -- Cancer -- Patients,y,breast-cancer-patients,topical,Breast -- Cancer -- Patients,,auto-seeded draft; review
http://id.loc.gov/authorities/subjects/sh2007102150.,Breast -- Cancer -- Patients -- United States -- Biography,y,breast-cancer-patients-united-states-biography,topical,Breast -- Cancer -- Patients -- United States -- Biography,,auto-seeded draft; review
http://id.loc.gov/authorities/subjects/sh2001006038.,Breast cancer in art,y,breast-cancer-in-art,topical,Breast cancer in art,,auto-seeded draft; review
http://id.worldcat.org/fast/838355.,Breast cancer in art,y,breast-cancer-in-art,topical,Breast cancer in art,,auto-seeded draft; review
lcsh|breeding,Breeding,y,breeding,topical,Breeding,,auto-seeded draft; review
lcsh|brides-in-art,Brides in art,y,brides-in-art,topical,Brides in art,,auto-seeded draft; review
http://id.worldcat.org/fast/838671.,Bridges,y,bridges,topical,Bridges,,auto-seeded draft; review
lcshac|bridges,Bridges,y,bridges,topical,Bridges,,auto-seeded draft; review
lcsh|bridges-cuba-matanzas-pictorial-works,Bridges -- Cuba -- Matanzas -- Pictorial works,y,bridges-cuba-matanzas-pictorial-works,topical,Bridges -- Cuba -- Matanzas -- Pictorial works,,auto-seeded draft; review
lcsh|bridges-juvenile-literature,Bridges -- Juvenile literature,y,bridges-juvenile-literature,topical,Bridges -- Juvenile literature,,auto-seeded draft; review
lcsh|broadcast-journalism-fiction,Broadcast journalism -- Fiction,y,broadcast-journalism-fiction,topical,Broadcast journalism -- Fiction,,auto-seeded draft; review
unspecified|broadside-poems,Broadside poems,y,broadside-poems,topical,Broadside poems,,auto-seeded draft; review
http://id.worldcat.org/fast/839252.,Broadsides,y,broadsides,topical,Broadsides,,auto-seeded draft; review
lcsh|broadsides,Broadsides,y,broadsides,topical,Broadsides,,auto-seeded draft; review
lcsh|broadsides-united-states-specimens,Broadsides -- United States -- Specimens,y,broadsides-united-states-specimens,topical,Broadsides -- United States -- Specimens,,auto-seeded draft; review
lcsh|brochures-design,Brochures -- Design,y,brochures-design,topical,Brochures -- Design,,auto-seeded draft; review
lcsh|building-materials-art,Building materials -- Art,y,building-materials-art,topical,Building materials -- Art,,auto-seeded draft; review
http://id.worldcat.org/fast/840962.,Buildings,y,buildings,topical,Buildings,,auto-seeded draft; review
fast|buildings,Buildings,y,buildings,topical,Buildings,,auto-seeded draft; review
(OCoLC)fst00840962,Buildings,y,buildings,topical,Buildings,,auto-seeded draft; review
lcsh|buildings-argentina-buenos-aires,Buildings -- Argentina -- Buenos Aires,y,buildings-argentina-buenos-aires,topical,Buildings -- Argentina -- Buenos Aires,,auto-seeded draft; review
lcsh|buildings-arizona-grand-canyon-national-park,Buildings -- Arizona -- Grand Canyon National Park,y,buildings-arizona-grand-canyon-national-park,topical,Buildings -- Arizona -- Grand Canyon National Park,,auto-seeded draft; review
lcsh|buildings-california-los-angeles-pictorial-works,Buildings -- California -- Los Angeles -- Pictorial works,y,buildings-california-los-angeles-pictorial-works,topical,Buildings -- California -- Los Angeles -- Pictorial works,,auto-seeded draft; review
lcsh|buildings-europe-pictorial-works,Buildings -- Europe -- Pictorial works,y,buildings-europe-pictorial-works,topical,Buildings -- Europe -- Pictorial works,,auto-seeded draft; review
lcsh|buildings-lebanon-beirut,Buildings -- Lebanon -- Beirut,y,buildings-lebanon-beirut,topical,Buildings -- Lebanon -- Beirut,,auto-seeded draft; review
lcsh|buildings-mexico-campeche-campeche-pictorial-works,Buildings -- Mexico -- Campeche (Campeche) -- Pictorial works,y,buildings-mexico-campeche-campeche-pictorial-works,topical,Buildings -- Mexico -- Campeche (Campeche) -- Pictorial works,,auto-seeded draft; review
lcsh|buildings-pictorial-works,Buildings -- Pictorial works,y,buildings-pictorial-works,topical,Buildings -- Pictorial works,,auto-seeded draft; review
lcsh|buildings-united-states-pictorial-works,Buildings -- United States -- Pictorial works,y,buildings-united-states-pictorial-works,topical,Buildings -- United States -- Pictorial works,,auto-seeded draft; review
http://id.worldcat.org/fast/841702.,Bureaucracy,y,bureaucracy,topical,Bureaucracy,,auto-seeded draft; review
lcsh|bureaucracy-pictorial-works,Bureaucracy -- Pictorial works,y,bureaucracy-pictorial-works,topical,Bureaucracy -- Pictorial works,,auto-seeded draft; review
lcsh|bus-stops-in-art,Bus stops in art,y,bus-stops-in-art,topical,Bus stops in art,,auto-seeded draft; review
lcsh|buses-seats,Buses -- Seats,y,buses-seats,topical,Buses -- Seats,,auto-seeded draft; review
http://id.worldcat.org/fast/842262.,Business,y,business,topical,Business,,auto-seeded draft; review
lcsh|business-pictorial-works,Business -- Pictorial works,y,business-pictorial-works,topical,Business -- Pictorial works,,auto-seeded draft; review
lcsh|business-cards-memphis-tenn,Business cards -- Memphis (Tenn.),y,business-cards-memphis-tenn,topical,Business cards -- Memphis (Tenn.),,auto-seeded draft; review
lcsh|business-cards-pictorial-works,Business cards -- Pictorial works,y,business-cards-pictorial-works,topical,Business cards -- Pictorial works,,auto-seeded draft; review
lcsh|businessmen-drama,Businessmen -- Drama,y,businessmen-drama,topical,Businessmen -- Drama,,auto-seeded draft; review
lcsh|butterflies-in-art,Butterflies in art,y,butterflies-in-art,topical,Butterflies in art,,auto-seeded draft; review
lcsh|butterflies-on-postage-stamps,Butterflies on postage stamps,y,butterflies-on-postage-stamps,topical,Butterflies on postage stamps,,auto-seeded draft; review
fast|cabala,Cabala,y,cabala,topical,Cabala,,auto-seeded draft; review
http://id.loc.gov/authorities/subjects/sh85018546.,Cabala,y,cabala,topical,Cabala,,auto-seeded draft; review
http://id.worldcat.org/fast/843481.,Cabala,y,cabala,topical,Cabala,,auto-seeded draft; review
lcsh|cabala,Cabala,y,cabala,topical,Cabala,,auto-seeded draft; review
http://id.loc.gov/authorities/subjects/sh2002010501.,Cabinets of curiosities,y,cabinets-of-curiosities,topical,Cabinets of curiosities,,auto-seeded draft; review
http://id.worldcat.org/fast/843565.,Cabinets of curiosities,y,cabinets-of-curiosities,topical,Cabinets of curiosities,,auto-seeded draft; review
http://id.worldcat.org/fast/843694.,Cactus,y,cactus,topical,Cactus,,auto-seeded draft; review
http://id.loc.gov/authorities/subjects/sh2009118136,Cactus -- Pictorial works,y,cactus-pictorial-works,topical,Cactus -- Pictorial works,,auto-seeded draft; review
http://id.loc.gov/authorities/subjects/sh2009118136.,Cactus -- Pictorial works,y,cactus-pictorial-works,topical,Cactus -- Pictorial works,,auto-seeded draft; review
lcsh|calendars-specimens,Calendars -- Specimens,y,calendars-specimens,topical,Calendars -- Specimens,,auto-seeded draft; review
http://id.loc.gov/authorities/subjects/sh85019096.,"Cambodian-Vietnamese Conflict, 1977-1991",y,cambodian-vietnamese-conflict-1977-1991,topical,"Cambodian-Vietnamese Conflict, 1977-1991",,auto-seeded draft; review
lcsh|cambodian-vietnamese-conflict-1977-1991-pictorial-works,"Cambodian-Vietnamese Conflict, 1977-1991 -- Pictorial works",y,cambodian-vietnamese-conflict-1977-1991-pictorial-works,topical,"Cambodian-Vietnamese Conflict, 1977-1991 -- Pictorial works",,auto-seeded draft; review
http://id.loc.gov/authorities/subjects/sh85019128.,Camera obscuras,y,camera-obscuras,topical,Camera obscuras,,auto-seeded draft; review
http://id.worldcat.org/fast/844725.,Camera obscuras,y,camera-obscuras,topical,Camera obscuras,,auto-seeded draft; review
http://id.worldcat.org/fast/844732.,Cameras,y,cameras,topical,Cameras,,auto-seeded draft; review
lcsh|cameras-pictorial-works,Cameras -- Pictorial works,y,cameras-pictorial-works,topical,Cameras -- Pictorial works,,auto-seeded draft; review
http://id.loc.gov/authorities/subjects/sh85019231.,Camping,y,camping,topical,Camping,,auto-seeded draft; review
http://id.worldcat.org/fast/844926.,Camping,y,camping,topical,Camping,,auto-seeded draft; review
lcsh|camping,Camping,y,camping,topical,Camping,,auto-seeded draft; review
mesh|camping,Camping,y,camping,topical,Camping,,auto-seeded draft; review
http://id.worldcat.org/fast/845039.,Camsa Indians,y,camsa-indians,topical,Camsa Indians,,auto-seeded draft; review
lcsh|camsa-indians-folklore,Camsa Indians -- Folklore,y,camsa-indians-folklore,topical,Camsa Indians -- Folklore,,auto-seeded draft; review
unspecified|canada,Canada,y,canada-topical,topical,Canada,,auto-seeded draft; review
lcsh|canadian-poetry,Canadian poetry,y,canadian-poetry,topical,Canadian poetry,,auto-seeded draft; review
lcsh|canadian-poetry-20th-century,Canadian poetry -- 20th century,y,canadian-poetry-20th-century,topical,Canadian poetry -- 20th century,,auto-seeded draft; review
lcsh|canadian-poetry-asian-authors-21st-century,Canadian poetry -- Asian authors -- 21st century,y,canadian-poetry-asian-authors-21st-century,topical,Canadian poetry -- Asian authors -- 21st century,,auto-seeded draft; review
http://id.worldcat.org/fast/845317.,Cancer,y,cancer,topical,Cancer,,auto-seeded draft; review
http://id.worldcat.org/fast/845411.,Cancer -- Patients,y,cancer-patients,topical,Cancer -- Patients,,auto-seeded draft; review
http://id.loc.gov/authorities/subjects/sh85019520.,Cancer -- Patients -- Biography,y,cancer-patients-biography,topical,Cancer -- Patients -- Biography,,auto-seeded draft; review
http://id.loc.gov/authorities/subjects/sh2009118257.,Cancer -- United States -- Statistics,y,cancer-united-states-statistics,topical,Cancer -- United States -- Statistics,,auto-seeded draft; review
http://id.loc.gov/authorities/subjects/sh2001006039.,Cancer in art,y,cancer-in-art,topical,Cancer in art,,auto-seeded draft; review
http://id.worldcat.org/fast/845580.,Cancer in art,y,cancer-in-art,topical,Cancer in art,,auto-seeded draft; review
http://id.loc.gov/authorities/subjects/sh97008236.,Cancer in women,y,cancer-in-women,topical,Cancer in women,,auto-seeded draft; review
http://id.worldcat.org/fast/845592.,Cancer in women,y,cancer-in-women,topical,Cancer in women,,auto-seeded draft; review
http://id.worldcat.org/fast/845678.,Candy,y,candy,topical,Candy,,auto-seeded draft; review
lcsh|candy-miscellanea,Candy -- Miscellanea,y,candy-miscellanea,topical,Candy -- Miscellanea,,auto-seeded draft; review
lcsh|candy-social-aspects,Candy -- Social aspects,y,candy-social-aspects,topical,Candy -- Social aspects,,auto-seeded draft; review
lcsh|candy-containers-miscellanea,Candy containers -- Miscellanea,y,candy-containers-miscellanea,topical,Candy containers -- Miscellanea,,auto-seeded draft; review
lcsh|cantatas-instrumental-settings,Cantatas -- Instrumental settings,y,cantatas-instrumental-settings,topical,Cantatas -- Instrumental settings,,auto-seeded draft; review
lcsh|canvas-embroidery-specimens,Canvas embroidery -- Specimens,y,canvas-embroidery-specimens,topical,Canvas embroidery -- Specimens,,auto-seeded draft; review
(OCoLC)fst00846374,Capital Flows,y,capital-flows,topical,Capital Flows,,auto-seeded draft; review
lcsh|capital-movements,Capital movements,y,capital-movements,topical,Capital movements,,auto-seeded draft; review
http://id.worldcat.org/fast/846425.,Capitalism,y,capitalism,topical,Capitalism,,auto-seeded draft; review
lcsh|capitalism,Capitalism,y,capitalism,topical,Capitalism,,auto-seeded draft; review
lcsh|capitalism-latin-america-history-pictorial-works,Capitalism -- Latin America -- History -- Pictorial works,y,capitalism-latin-america-history-pictorial-works,topical,Capitalism -- Latin America -- History -- Pictorial works,,auto-seeded draft; review
http://id.loc.gov/authorities/subjects/sh2008100104.,Capitalism -- Social aspects,y,capitalism-social-aspects,topical,Capitalism -- Social aspects,,auto-seeded draft; review
http://id.worldcat.org/fast/846453.,Capitalism -- Social aspects,y,capitalism-social-aspects,topical,Capitalism -- Social aspects,,auto-seeded draft; review
http://id.loc.gov/authorities/subjects/sh96012272,Card games in art,y,card-games-in-art,topical,Card games in art,,auto-seeded draft; review
http://id.loc.gov/authorities/subjects/sh96012272.,Card games in art,y,card-games-in-art,topical,Card games in art,,auto-seeded draft; review
http://id.worldcat.org/fast/847024.,Card games in art,y,card-games-in-art,topical,Card games in art,,auto-seeded draft; review
http://id.worldcat.org/fast/847532.,Caricatures and cartoons,y,caricatures-and-cartoons,topical,Caricatures and cartoons,,auto-seeded draft; review
lcsh|caricatures-and-cartoons,Caricatures and cartoons,y,caricatures-and-cartoons,topical,Caricatures and cartoons,,auto-seeded draft; review
http://id.loc.gov/authorities/subjects/sh85020315.,Caricatures and cartoons -- United States,y,caricatures-and-cartoons-united-states,topical,Caricatures and cartoons -- United States,,auto-seeded draft; review
http://id.worldcat.org/fast/847651.,Carnival,y,carnival,topical,Carnival,,auto-seeded draft; review
lcsh|carnival-history,Carnival -- History,y,carnival-history,topical,Carnival -- History,,auto-seeded draft; review
lcsh|carnival-united-states-pictorial-works,Carnival -- United States -- Pictorial works,y,carnival-united-states-pictorial-works,topical,Carnival -- United States -- Pictorial works,,auto-seeded draft; review
lcsh|cartographers-fiction,Cartographers -- Fiction,y,cartographers-fiction,topical,Cartographers -- Fiction,,auto-seeded draft; review
lcsh|cartographers-pictorial-works,Cartographers -- Pictorial works,y,cartographers-pictorial-works,topical,Cartographers -- Pictorial works,,auto-seeded draft; review
lcsh|cartography,Cartography,y,cartography,topical,Cartography,,auto-seeded draft; review
(OCoLC)fst00848025,Cartography,y,cartography,topical,Cartography,,auto-seeded draft; review
http://id.loc.gov/authorities/subjects/sh85020515.,Cartography,y,cartography,topical,Cartography,,auto-seeded draft; review
http://id.worldcat.org/fast/848025.,Cartography,y,cartography,topical,Cartography,,auto-seeded draft; review
lcsh|cartography-social-aspects,Cartography -- Social aspects,y,cartography-social-aspects,topical,Cartography -- Social aspects,,auto-seeded draft; review
http://id.loc.gov/authorities/subjects/sh2014002440.,Cartonera books,y,cartonera-books,topical,Cartonera books,,auto-seeded draft; review
http://id.worldcat.org/fast/1921898.,Cartonera books,y,cartonera-books,topical,Cartonera books,,auto-seeded draft; review
http://id.loc.gov/authorities/subjects/sh85020586.,Cash registers,y,cash-registers,topical,Cash registers,,auto-seeded draft; review
http://id.worldcat.org/fast/848207.,Cash registers,y,cash-registers,topical,Cash registers,,auto-seeded draft; review
lcsh|cash-registers-in-art,Cash registers in art,y,cash-registers-in-art,topical,Cash registers in art,,auto-seeded draft; review
lcshac|castles-fiction,Castles -- Fiction,y,castles-fiction,topical,Castles -- Fiction,,auto-seeded draft; review
lcsh|catalog-cards-in-art,Catalog cards in art,y,catalog-cards-in-art,topical,Catalog cards in art,,auto-seeded draft; review
unspecified|catalogs,Catalogs,y,catalogs,topical,Catalogs,,auto-seeded draft; review
unspecified|catling-brian-exhibitions,Catling -- Brian -- Exhibitions,y,catling-brian-exhibitions,topical,Catling -- Brian -- Exhibitions,,auto-seeded draft; review
lcsh|cats-poetry,Cats -- Poetry,y,cats-poetry,topical,Cats -- Poetry,,auto-seeded draft; review
(OCoLC)fst00849456,Cats in art,y,cats-in-art,topical,Cats in art,,auto-seeded draft; review
http://id.loc.gov/authorities/subjects/sh85021279,Cats in art,y,cats-in-art,topical,Cats in art,,auto-seeded draft; review
lcsh|cats-in-art,Cats in art,y,cats-in-art,topical,Cats in art,,auto-seeded draft; review
http://id.worldcat.org/fast/849907.,Caves,y,caves,topical,Caves,,auto-seeded draft; review
lcsh|caves-pictorial-works,Caves -- Pictorial works,y,caves-pictorial-works,topical,Caves -- Pictorial works,,auto-seeded draft; review
http://id.worldcat.org/fast/850072.,Celebrities,y,celebrities,topical,Celebrities,,auto-seeded draft; review
http://id.loc.gov/authorities/subjects/sh2009118588.,Celebrities -- Quotations,y,celebrities-quotations,topical,Celebrities -- Quotations,,auto-seeded draft; review
lcsh|celebrities-quotations-maxims-etc,"Celebrities -- Quotations, maxims, etc",y,celebrities-quotations-maxims-etc,topical,"Celebrities -- Quotations, maxims, etc",,auto-seeded draft; review
lcsh|cells-pictorial-works,Cells -- Pictorial works,y,cells-pictorial-works,topical,Cells -- Pictorial works,,auto-seeded draft; review
http://id.worldcat.org/fast/850386.,Celtic languages,y,celtic-languages,topical,Celtic languages,,auto-seeded draft; review
lcsh|celtic-languages-alphabet,Celtic languages -- Alphabet,y,celtic-languages-alphabet,topical,Celtic languages -- Alphabet,,auto-seeded draft; review
lcsh|cemeteries-connecticut-new-haven,Cemeteries -- Connecticut -- New Haven,y,cemeteries-connecticut-new-haven,topical,Cemeteries -- Connecticut -- New Haven,,auto-seeded draft; review
lcsh|cemeteries-maine-sweden-town,Cemeteries -- Maine -- Sweden (Town),y,cemeteries-maine-sweden-town,topical,Cemeteries -- Maine -- Sweden (Town),,auto-seeded draft; review
http://id.worldcat.org/fast/850568.,Censorship,y,censorship,topical,Censorship,,auto-seeded draft; review
http://id.loc.gov/authorities/subjects/sh85021828.,Censorship,y,censorship,topical,Censorship,,auto-seeded draft; review
http://id.loc.gov/authorities/subjects/sh2009118752.,Censorship -- Fiction,y,censorship-fiction,topical,Censorship -- Fiction,,auto-seeded draft; review
lcsh|censorship-in-art,Censorship -- In art,y,censorship-in-art,topical,Censorship -- In art,,auto-seeded draft; review
lcsh|censorship-united-states-exhibitions,Censorship -- United States -- Exhibitions,y,censorship-united-states-exhibitions,topical,Censorship -- United States -- Exhibitions,,auto-seeded draft; review
lcsh|ceramic-sculpture-chinese-20th-century-exhibitions,"Ceramic sculpture, Chinese -- 20th century -- Exhibitions",y,ceramic-sculpture-chinese-20th-century-exhibitions,topical,"Ceramic sculpture, Chinese -- 20th century -- Exhibitions",,auto-seeded draft; review
unspecified|cerd-jordi,"Cerdà, Jordi",y,cerd-jordi,topical,"Cerdà, Jordi",,auto-seeded draft; review
http://id.loc.gov/authorities/subjects/sh85022357.,Chairs in art,y,chairs-in-art,topical,Chairs in art,,auto-seeded draft; review
http://id.worldcat.org/fast/851824.,Chairs in art,y,chairs-in-art,topical,Chairs in art,,auto-seeded draft; review
http://id.worldcat.org/fast/851884.,Challenged books,y,challenged-books,topical,Challenged books,,auto-seeded draft; review
lcsh|challenged-books-united-states,Challenged books -- United States,y,challenged-books-united-states,topical,Challenged books -- United States,,auto-seeded draft; review
lcsh|challenged-books-united-states-bibliography,Challenged books -- United States -- Bibliography,y,challenged-books-united-states-bibliography,topical,Challenged books -- United States -- Bibliography,,auto-seeded draft; review
http://id.worldcat.org/fast/852032.,Chance,y,chance,topical,Chance,,auto-seeded draft; review
lcsh|chance-anecdotes,Chance -- Anecdotes,y,chance-anecdotes,topical,Chance -- Anecdotes,,auto-seeded draft; review
http://id.loc.gov/authorities/subjects/sh97000008.,Chance in art,y,chance-in-art,topical,Chance in art,,auto-seeded draft; review
http://id.worldcat.org/fast/852034.,Chance in art,y,chance-in-art,topical,Chance in art,,auto-seeded draft; review
lcsh|chance-in-art,Chance in art,y,chance-in-art,topical,Chance in art,,auto-seeded draft; review
lcsh|chapbooks-american,"Chapbooks, American",y,chapbooks-american,topical,"Chapbooks, American",,auto-seeded draft; review
http://id.worldcat.org/fast/1748695.,"Chapbooks, Argentine",y,chapbooks-argentine,topical,"Chapbooks, Argentine",,auto-seeded draft; review
lcsh|chapbooks-argentine-specimens,"Chapbooks, Argentine -- Specimens",y,chapbooks-argentine-specimens,topical,"Chapbooks, Argentine -- Specimens",,auto-seeded draft; review
http://id.worldcat.org/fast/1763432.,"Chapbooks, Mexican",y,chapbooks-mexican,topical,"Chapbooks, Mexican",,auto-seeded draft; review
lcsh|chapbooks-mexican-specimens,"Chapbooks, Mexican -- Specimens",y,chapbooks-mexican-specimens,topical,"Chapbooks, Mexican -- Specimens",,auto-seeded draft; review
http://id.worldcat.org/fast/852211.,"Chapbooks, Spanish",y,chapbooks-spanish,topical,"Chapbooks, Spanish",,auto-seeded draft; review
http://id.loc.gov/authorities/subjects/sh85022574.,"Chapbooks, Spanish",y,chapbooks-spanish,topical,"Chapbooks, Spanish",,auto-seeded draft; review
lcsh|chapbooks-spanish-spain-madrid-specimens,"Chapbooks, Spanish -- Spain -- Madrid -- Specimens",y,chapbooks-spanish-spain-madrid-specimens,topical,"Chapbooks, Spanish -- Spain -- Madrid -- Specimens",,auto-seeded draft; review
lcsh|chapbooks-spanish-spain-seville-specimens,"Chapbooks, Spanish -- Spain -- Seville -- Specimens",y,chapbooks-spanish-spain-seville-specimens,topical,"Chapbooks, Spanish -- Spain -- Seville -- Specimens",,auto-seeded draft; review
lcsh|chapbooks-spanish-specimens,"Chapbooks, Spanish -- Specimens",y,chapbooks-spanish-specimens,topical,"Chapbooks, Spanish -- Specimens",,auto-seeded draft; review
lcsh|checks-in-art,Checks in art,y,checks-in-art,topical,Checks in art,,auto-seeded draft; review
http://id.loc.gov/authorities/subjects/sh85022897.,Chemical elements,y,chemical-elements,topical,Chemical elements,,auto-seeded draft; review
http://id.worldcat.org/fast/852883.,Chemical elements,y,chemical-elements,topical,Chemical elements,,auto-seeded draft; review
lcsh|chemical-elements-pictorial-works,Chemical elements -- Pictorial works,y,chemical-elements-pictorial-works,topical,Chemical elements -- Pictorial works,,auto-seeded draft; review
lcsh|chess,Chess,y,chess,topical,Chess,,auto-seeded draft; review
lcsh|chess-in-art,Chess in art,y,chess-in-art,topical,Chess in art,,auto-seeded draft; review
lcsh|cheyenne-art-20th-century-exhibitions,Cheyenne art -- 20th century -- Exhibitions,y,cheyenne-art-20th-century-exhibitions,topical,Cheyenne art -- 20th century -- Exhibitions,,auto-seeded draft; review
lcsh|chickens-miscellanea,Chickens -- Miscellanea,y,chickens-miscellanea,topical,Chickens -- Miscellanea,,auto-seeded draft; review
lcsh|chickens-poetry,Chickens -- Poetry,y,chickens-poetry,topical,Chickens -- Poetry,,auto-seeded draft; review
http://id.worldcat.org/fast/854393.,Child development,y,child-development,topical,Child development,,auto-seeded draft; review
http://id.loc.gov/authorities/subjects/sh2009118946.,Child development -- Case studies,y,child-development-case-studies,topical,Child development -- Case studies,,auto-seeded draft; review
http://id.worldcat.org/fast/854588.,Child rearing,y,child-rearing,topical,Child rearing,,auto-seeded draft; review
http://id.loc.gov/authorities/subjects/sh85023387.,Child rearing,y,child-rearing,topical,Child rearing,,auto-seeded draft; review
lcsh|child-rearing-case-studies,Child rearing -- Case studies,y,child-rearing-case-studies,topical,Child rearing -- Case studies,,auto-seeded draft; review
http://id.worldcat.org/fast/854640.,Child sexual abuse,y,child-sexual-abuse,topical,Child sexual abuse,,auto-seeded draft; review
lcsh|child-sexual-abuse,Child sexual abuse,y,child-sexual-abuse,topical,Child sexual abuse,,auto-seeded draft; review
lcsh|child-sexual-abuse-india,Child sexual abuse -- India,y,child-sexual-abuse-india,topical,Child sexual abuse -- India,,auto-seeded draft; review
http://id.worldcat.org/fast/854780.,Childbirth,y,childbirth,topical,Childbirth,,auto-seeded draft; review
http://id.worldcat.org/fast/854812.,Childbirth at home,y,childbirth-at-home,topical,Childbirth at home,,auto-seeded draft; review
lcsh|childbirth-at-home-fiction,Childbirth at home -- Fiction,y,childbirth-at-home-fiction,topical,Childbirth at home -- Fiction,,auto-seeded draft; review
http://id.loc.gov/authorities/subjects/sh96011758.,Childbirth in art,y,childbirth-in-art,topical,Childbirth in art,,auto-seeded draft; review
http://id.worldcat.org/fast/854813.,Childbirth in art,y,childbirth-in-art,topical,Childbirth in art,,auto-seeded draft; review
lcsh|childbirth-in-art,Childbirth in art,y,childbirth-in-art,topical,Childbirth in art,,auto-seeded draft; review
http://id.worldcat.org/fast/854835.,Children,y,children,topical,Children,,auto-seeded draft; review
(OCoLC)fst00854835,Children,y,children,topical,Children,,auto-seeded draft; review
homoit|children,Children,y,children,topical,Children,,auto-seeded draft; review
http://id.worldcat.org/fast/854849.,Children -- Books and reading,y,children-books-and-reading,topical,Children -- Books and reading,,auto-seeded draft; review
lcsh|children-books-and-reading-gaza-strip-pictorial-works-juvenile-literature,Children -- Books and reading -- Gaza Strip -- Pictorial works -- Juvenile literature,y,children-books-and-reading-gaza-strip-pictorial-works-juvenile-literature,topical,Children -- Books and reading -- Gaza Strip -- Pictorial works -- Juvenile literature,,auto-seeded draft; review
lcsh|children-pictorial-works,Children -- Pictorial works,y,children-pictorial-works,topical,Children -- Pictorial works,,auto-seeded draft; review
lcsh|children-united-states-folklore,Children -- United States -- Folklore,y,children-united-states-folklore,topical,Children -- United States -- Folklore,,auto-seeded draft; review
lcsh|children-united-states-pictorial-works,Children -- United States -- Pictorial works,y,children-united-states-pictorial-works,topical,Children -- United States -- Pictorial works,,auto-seeded draft; review
lcsh|children-and-death-juvenile-fiction,Children and death -- Juvenile fiction,y,children-and-death-juvenile-fiction,topical,Children and death -- Juvenile fiction,,auto-seeded draft; review
http://id.loc.gov/authorities/subjects/sh85023533,Children in art,y,children-in-art,topical,Children in art,,auto-seeded draft; review
http://id.loc.gov/authorities/subjects/sh85023533.,Children in art,y,children-in-art,topical,Children in art,,auto-seeded draft; review
http://id.worldcat.org/fast/855249.,Children in art,y,children-in-art,topical,Children in art,,auto-seeded draft; review
lcsh|children-in-art,Children in art,y,children-in-art,topical,Children in art,,auto-seeded draft; review
http://id.worldcat.org/fast/855337.,Children of divorced parents,y,children-of-divorced-parents,topical,Children of divorced parents,,auto-seeded draft; review
http://id.loc.gov/authorities/subjects/sh2008100490.,Children of divorced parents -- Fiction,y,children-of-divorced-parents-fiction,topical,Children of divorced parents -- Fiction,,auto-seeded draft; review
http://id.worldcat.org/fast/2033380.,Children of exiles,y,children-of-exiles,topical,Children of exiles,,auto-seeded draft; review
lcsh|children-of-exiles-chile-pictorial-works,Children of exiles -- Chile -- Pictorial works,y,children-of-exiles-chile-pictorial-works,topical,Children of exiles -- Chile -- Pictorial works,,auto-seeded draft; review
lcsh|children-of-holocaust-survivors,Children of Holocaust survivors,y,children-of-holocaust-survivors,topical,Children of Holocaust survivors,,auto-seeded draft; review
(OCoLC)fst00855720,Children's books,y,children-s-books,topical,Children's books,,auto-seeded draft; review
lcsh|children-s-books-illustrations,Children's books -- Illustrations,y,children-s-books-illustrations,topical,Children's books -- Illustrations,,auto-seeded draft; review
lcshac|children-s-literature-periodicals,Children's literature -- Periodicals,y,children-s-literature-periodicals,topical,Children's literature -- Periodicals,,auto-seeded draft; review
lcshac|children-s-periodicals,Children's periodicals,y,children-s-periodicals,topical,Children's periodicals,,auto-seeded draft; review
http://id.worldcat.org/fast/856632.,Children's stories,y,children-s-stories,topical,Children's stories,,auto-seeded draft; review
lcsh|children-s-stories,Children's stories,y,children-s-stories,topical,Children's stories,,auto-seeded draft; review
lcsh|children-s-stories-american,"Children's stories, American",y,children-s-stories-american,topical,"Children's stories, American",,auto-seeded draft; review
lcsh|chinese-americans-race-identity,Chinese Americans -- Race identity,y,chinese-americans-race-identity,topical,Chinese Americans -- Race identity,,auto-seeded draft; review
lcsh|chinese-language-china-writing,Chinese language -- China -- Writing,y,chinese-language-china-writing,topical,Chinese language -- China -- Writing,,auto-seeded draft; review
lcsh|chocolate,Chocolate,y,chocolate,topical,Chocolate,,auto-seeded draft; review
http://id.loc.gov/authorities/subjects/sh85024618.,Choice (Psychology),y,choice-psychology,topical,Choice (Psychology),,auto-seeded draft; review
http://id.worldcat.org/fast/858327.,Choice (Psychology),y,choice-psychology,topical,Choice (Psychology),,auto-seeded draft; review
lcsh|choice-psychology,Choice (Psychology),y,choice-psychology,topical,Choice (Psychology),,auto-seeded draft; review
mesh|choice-behavior,Choice Behavior,y,choice-behavior,topical,Choice Behavior,,auto-seeded draft; review
lcsh|choruses-sacred-women-s-voices-unaccompanied,"Choruses, Sacred (Women's voices), Unaccompanied",y,choruses-sacred-women-s-voices-unaccompanied,topical,"Choruses, Sacred (Women's voices), Unaccompanied",,auto-seeded draft; review
unspecified|chr-1991,CHR 1991,y,chr-1991,topical,CHR 1991,,auto-seeded draft; review
lcsh|christian-life-juvenile-fiction,Christian life -- Juvenile fiction,y,christian-life-juvenile-fiction,topical,Christian life -- Juvenile fiction,,auto-seeded draft; review
lcsh|christian-poetry-english-19th-century,"Christian poetry, English -- 19th century",y,christian-poetry-english-19th-century,topical,"Christian poetry, English -- 19th century",,auto-seeded draft; review
lcsh|christianity-and-art,Christianity and art,y,christianity-and-art,topical,Christianity and art,,auto-seeded draft; review
lcsh|christmas,Christmas,y,christmas,topical,Christmas,,auto-seeded draft; review
lcsh|christmas-stories-norway,Christmas stories -- Norway,y,christmas-stories-norway,topical,Christmas stories -- Norway,,auto-seeded draft; review
lcsh|christmas-stories-english,"Christmas stories, English",y,christmas-stories-english,topical,"Christmas stories, English",,auto-seeded draft; review
lcsh|christmas-trees-pictorial-works,Christmas trees -- Pictorial works,y,christmas-trees-pictorial-works,topical,Christmas trees -- Pictorial works,,auto-seeded draft; review
http://id.worldcat.org/fast/860049.,Chromolithography,y,chromolithography,topical,Chromolithography,,auto-seeded draft; review
lcsh|chromolithography-specimens,Chromolithography -- Specimens,y,chromolithography-specimens,topical,Chromolithography -- Specimens,,auto-seeded draft; review
http://id.loc.gov/authorities/subjects/sh85025412.,"Chronology, Historical",y,chronology-historical,topical,"Chronology, Historical",,auto-seeded draft; review
http://id.worldcat.org/fast/860207.,"Chronology, Historical",y,chronology-historical,topical,"Chronology, Historical",,auto-seeded draft; review
http://id.worldcat.org/fast/860599.,Church buildings,y,church-buildings,topical,Church buildings,,auto-seeded draft; review
lcsh|church-buildings-pictorial-works,Church buildings -- Pictorial works,y,church-buildings-pictorial-works,topical,Church buildings -- Pictorial works,,auto-seeded draft; review
http://id.loc.gov/authorities/subjects/sh85026014.,Cinematography,y,cinematography,topical,Cinematography,,auto-seeded draft; review
http://id.worldcat.org/fast/861484.,Cinematography,y,cinematography,topical,Cinematography,,auto-seeded draft; review
lcsh|cinematography-abstract,"Cinematography, Abstract",y,cinematography-abstract,topical,"Cinematography, Abstract",,auto-seeded draft; review
lcsh|circus-in-art,Circus in art,y,circus-in-art,topical,Circus in art,,auto-seeded draft; review
http://id.loc.gov/authorities/subjects/sh85026090.,Circus performers,y,circus-performers,topical,Circus performers,,auto-seeded draft; review
http://id.worldcat.org/fast/861671.,Circus performers,y,circus-performers,topical,Circus performers,,auto-seeded draft; review
lcsh|cities-and-towns-england-kent-pictorial-works,Cities and towns -- England -- Kent -- Pictorial works,y,cities-and-towns-england-kent-pictorial-works,topical,Cities and towns -- England -- Kent -- Pictorial works,,auto-seeded draft; review
lcsh|cities-and-towns-in-art,Cities and towns in art,y,cities-and-towns-in-art,topical,Cities and towns in art,,auto-seeded draft; review
http://id.worldcat.org/fast/862081.,City and town life,y,city-and-town-life,topical,City and town life,,auto-seeded draft; review
lcsh|city-and-town-life-fiction,City and town life -- Fiction,y,city-and-town-life-fiction,topical,City and town life -- Fiction,,auto-seeded draft; review
lcsh|city-and-town-life-pictorial-works,City and town life -- Pictorial works,y,city-and-town-life-pictorial-works,topical,City and town life -- Pictorial works,,auto-seeded draft; review
http://id.loc.gov/authorities/subjects/sh85026282.,City planning,y,city-planning,topical,City planning,,auto-seeded draft; review
http://id.worldcat.org/fast/862177.,City planning,y,city-planning,topical,City planning,,auto-seeded draft; review
lcsh|city-planning-georgia-atlanta,City planning -- Georgia -- Atlanta,y,city-planning-georgia-atlanta,topical,City planning -- Georgia -- Atlanta,,auto-seeded draft; review
lcsh|city-traffic-in-art,City traffic -- In art,y,city-traffic-in-art,topical,City traffic -- In art,,auto-seeded draft; review
http://id.worldcat.org/fast/862627.,Civil rights,y,civil-rights,topical,Civil rights,,auto-seeded draft; review
http://id.loc.gov/authorities/subjects/sh85026371.,Civil rights,y,civil-rights,topical,Civil rights,,auto-seeded draft; review
lcsh|civil-rights-poetry,Civil rights -- Poetry,y,civil-rights-poetry,topical,Civil rights -- Poetry,,auto-seeded draft; review
lcsh|civil-rights-united-states-personal-narratives,Civil rights -- United States -- Personal narratives,y,civil-rights-united-states-personal-narratives,topical,Civil rights -- United States -- Personal narratives,,auto-seeded draft; review
http://id.worldcat.org/fast/862898.,Civilization,y,civilization,topical,Civilization,,auto-seeded draft; review
lcsh|civilization,Civilization,y,civilization,topical,Civilization,,auto-seeded draft; review
http://id.worldcat.org/fast/862900.,Civilization -- African influences,y,civilization-african-influences,topical,Civilization -- African influences,,auto-seeded draft; review
http://id.worldcat.org/fast/864229.,Climatic changes,y,climatic-changes,topical,Climatic changes,,auto-seeded draft; review
http://id.loc.gov/authorities/subjects/sh85027037.,Climatic changes,y,climatic-changes,topical,Climatic changes,,auto-seeded draft; review
lcsh|climatic-changes-pictorial-works,Climatic changes -- Pictorial works,y,climatic-changes-pictorial-works,topical,Climatic changes -- Pictorial works,,auto-seeded draft; review
http://id.loc.gov/authorities/subjects/sh2019000286.,Climatic changes in art,y,climatic-changes-in-art,topical,Climatic changes in art,,auto-seeded draft; review
http://id.worldcat.org/fast/2004119.,Climatic changes in art,y,climatic-changes-in-art,topical,Climatic changes in art,,auto-seeded draft; review
lcsh|clippings-books-newspapers-etc-in-art,"Clippings (Books, newspapers, etc.) in art",y,clippings-books-newspapers-etc-in-art,topical,"Clippings (Books, newspapers, etc.) in art",,auto-seeded draft; review
lcsh|clocks-and-watches-in-art,Clocks and watches in art,y,clocks-and-watches-in-art,topical,Clocks and watches in art,,auto-seeded draft; review
http://id.loc.gov/authorities/subjects/sh85033274.,Clothing and dress in art,y,clothing-and-dress-in-art,topical,Clothing and dress in art,,auto-seeded draft; review
http://id.worldcat.org/fast/1199302.,Clothing and dress in art,y,clothing-and-dress-in-art,topical,Clothing and dress in art,,auto-seeded draft; review
http://id.worldcat.org/fast/864856.,Clouds,y,clouds,topical,Clouds,,auto-seeded draft; review
lcsh|clouds-diurnal-variations-photographs,Clouds -- Diurnal variations -- Photographs,y,clouds-diurnal-variations-photographs,topical,Clouds -- Diurnal variations -- Photographs,,auto-seeded draft; review
lcsh|clouds-photographs,Clouds -- Photographs,y,clouds-photographs,topical,Clouds -- Photographs,,auto-seeded draft; review
http://id.loc.gov/authorities/subjects/sh85027193.,Clouds -- Pictorial works,y,clouds-pictorial-works,topical,Clouds -- Pictorial works,,auto-seeded draft; review
lcsh|clouds-pictorial-works,Clouds -- Pictorial works,y,clouds-pictorial-works,topical,Clouds -- Pictorial works,,auto-seeded draft; review
lcsh|clouds-poetry,Clouds -- Poetry,y,clouds-poetry,topical,Clouds -- Poetry,,auto-seeded draft; review
lcsh|clouds-in-art,Clouds in art,y,clouds-in-art,topical,Clouds in art,,auto-seeded draft; review
http://id.worldcat.org/fast/865316.,Coal miners,y,coal-miners,topical,Coal miners,,auto-seeded draft; review
lcsh|coal-miners-west-virginia-pictorial-works,Coal miners -- West Virginia -- Pictorial works,y,coal-miners-west-virginia-pictorial-works,topical,Coal miners -- West Virginia -- Pictorial works,,auto-seeded draft; review
http://id.worldcat.org/fast/865355.,Coal mines and mining,y,coal-mines-and-mining,topical,Coal mines and mining,,auto-seeded draft; review
lcsh|coal-mines-and-mining-west-virginia-pictorial-works,Coal mines and mining -- West Virginia -- Pictorial works,y,coal-mines-and-mining-west-virginia-pictorial-works,topical,Coal mines and mining -- West Virginia -- Pictorial works,,auto-seeded draft; review
fast|coasts,Coasts,y,coasts,topical,Coasts,,auto-seeded draft; review
lcsh|coasts-pictorial-works,Coasts -- Pictorial works,y,coasts-pictorial-works,topical,Coasts -- Pictorial works,,auto-seeded draft; review
http://id.worldcat.org/fast/865972.,Coca,y,coca,topical,Coca,,auto-seeded draft; review
lcsh|coca-history,Coca -- History,y,coca-history,topical,Coca -- History,,auto-seeded draft; review
http://id.worldcat.org/fast/1430058.,Cocaine abuse,y,cocaine-abuse,topical,Cocaine abuse,,auto-seeded draft; review
lcsh|cocaine-abuse-mexico-anecdotes,Cocaine abuse -- Mexico -- Anecdotes,y,cocaine-abuse-mexico-anecdotes,topical,Cocaine abuse -- Mexico -- Anecdotes,,auto-seeded draft; review
lcsh|codfish-poetry,Codfish -- Poetry,y,codfish-poetry,topical,Codfish -- Poetry,,auto-seeded draft; review
(OCoLC)fst00866300,Coevolution,y,coevolution,topical,Coevolution,,auto-seeded draft; review
http://id.loc.gov/authorities/subjects/sh85027695,Coevolution,y,coevolution,topical,Coevolution,,auto-seeded draft; review
http://id.loc.gov/authorities/subjects/sh85027699.,Coffee,y,coffee,topical,Coffee,,auto-seeded draft; review
http://id.worldcat.org/fast/866301.,Coffee,y,coffee,topical,Coffee,,auto-seeded draft; review
http://id.loc.gov/authorities/subjects/sh96011089.,Coffee in art,y,coffee-in-art,topical,Coffee in art,,auto-seeded draft; review
http://id.worldcat.org/fast/866359.,Coffee in art,y,coffee-in-art,topical,Coffee in art,,auto-seeded draft; review
http://id.worldcat.org/fast/866361.,Coffee industry,y,coffee-industry,topical,Coffee industry,,auto-seeded draft; review
http://id.loc.gov/authorities/subjects/sh2008101159.,Coffee industry -- Colombia,y,coffee-industry-colombia,topical,Coffee industry -- Colombia,,auto-seeded draft; review
http://id.loc.gov/authorities/subjects/sh2013001204.,Coffee stains,y,coffee-stains,topical,Coffee stains,,auto-seeded draft; review
http://id.worldcat.org/fast/1893291.,Coffee stains,y,coffee-stains,topical,Coffee stains,,auto-seeded draft; review
http://id.loc.gov/authorities/subjects/sh85027777.,Coin banks,y,coin-banks,topical,Coin banks,,auto-seeded draft; review
http://id.worldcat.org/fast/866613.,Coin banks,y,coin-banks,topical,Coin banks,,auto-seeded draft; review
lcsh|collaboration-in-art,Collaboration in art,y,collaboration-in-art,topical,Collaboration in art,,auto-seeded draft; review
http://id.worldcat.org/fast/867085.,Collage,y,collage,topical,Collage,,auto-seeded draft; review
http://id.loc.gov/authorities/subjects/sh85027965.,Collage,y,collage,topical,Collage,,auto-seeded draft; review
lcsh|collage,Collage,y,collage,topical,Collage,,auto-seeded draft; review
unspecified|collage,Collage,y,collage,topical,Collage,,auto-seeded draft; review
lcsh|collage-catalogs,Collage -- Catalogs,y,collage-catalogs,topical,Collage -- Catalogs,,auto-seeded draft; review
http://id.loc.gov/authorities/subjects/sh2009120581.,Collage -- Exhibitions,y,collage-exhibitions,topical,Collage -- Exhibitions,,auto-seeded draft; review
lcsh|collage-exhibitions,Collage -- Exhibitions,y,collage-exhibitions,topical,Collage -- Exhibitions,,auto-seeded draft; review
lcsh|collage-united-states,Collage -- United States,y,collage-united-states,topical,Collage -- United States,,auto-seeded draft; review
http://vocab.getty.edu/aat/300138699.,Collage (technique),y,collage-technique,topical,Collage (technique),,auto-seeded draft; review
http://id.loc.gov/authorities/subjects/sh85027966.,"Collage, American",y,collage-american,topical,"Collage, American",,auto-seeded draft; review
http://id.worldcat.org/fast/867090.,"Collage, American",y,collage-american,topical,"Collage, American",,auto-seeded draft; review
lcsh|collage-american,"Collage, American",y,collage-american,topical,"Collage, American",,auto-seeded draft; review
lcsh|collage-american-21st-century,"Collage, American -- 21st century",y,collage-american-21st-century,topical,"Collage, American -- 21st century",,auto-seeded draft; review
http://id.worldcat.org/fast/1739814.,Collective memory,y,collective-memory,topical,Collective memory,,auto-seeded draft; review
lcsh|collective-memory-united-states,Collective memory -- United States,y,collective-memory-united-states,topical,Collective memory -- United States,,auto-seeded draft; review
lcsh|college-students-new-york-state-fiction,College students -- New York (State) -- Fiction,y,college-students-new-york-state-fiction,topical,College students -- New York (State) -- Fiction,,auto-seeded draft; review
http://id.loc.gov/authorities/subjects/sh85028537.,Colombian wit and humor,y,colombian-wit-and-humor,topical,Colombian wit and humor,,auto-seeded draft; review
http://id.worldcat.org/fast/868394.,Colombian wit and humor,y,colombian-wit-and-humor,topical,Colombian wit and humor,,auto-seeded draft; review
http://id.loc.gov/authorities/subjects/sh85028538.,"Colombian wit and humor, Pictorial",y,colombian-wit-and-humor-pictorial,topical,"Colombian wit and humor, Pictorial",,auto-seeded draft; review
http://id.worldcat.org/fast/868396.,"Colombian wit and humor, Pictorial",y,colombian-wit-and-humor-pictorial,topical,"Colombian wit and humor, Pictorial",,auto-seeded draft; review
http://id.worldcat.org/fast/1352432.,Colonial influence,y,colonial-influence,topical,Colonial influence,,auto-seeded draft; review
(OCoLC)fst00968126,Colonialism,y,colonialism,topical,Colonialism,,auto-seeded draft; review
http://id.worldcat.org/fast/868499.,Color,y,color,topical,Color,,auto-seeded draft; review
lcsh|color,Color,y,color,topical,Color,,auto-seeded draft; review
lcsh|color-charts-diagrams-etc,"Color -- Charts, diagrams, etc",y,color-charts-diagrams-etc,topical,"Color -- Charts, diagrams, etc",,auto-seeded draft; review
http://id.loc.gov/authorities/subjects/sh85028579.,Color -- Psychological aspects,y,color-psychological-aspects,topical,Color -- Psychological aspects,,auto-seeded draft; review
http://id.worldcat.org/fast/868512.,Color -- Psychological aspects,y,color-psychological-aspects,topical,Color -- Psychological aspects,,auto-seeded draft; review
lcsh|color-psychological-aspects-handbooks-manuals-etc,"Color -- Psychological aspects -- Handbooks, manuals, etc",y,color-psychological-aspects-handbooks-manuals-etc,topical,"Color -- Psychological aspects -- Handbooks, manuals, etc",,auto-seeded draft; review
lcsh|color-quotations-maxims-etc,"Color -- Quotations, maxims, etc",y,color-quotations-maxims-etc,topical,"Color -- Quotations, maxims, etc",,auto-seeded draft; review
lcsh|color-philosophy,Color (Philosophy),y,color-philosophy,topical,Color (Philosophy),,auto-seeded draft; review
lcsh|color-in-advertising-handbooks-manuals-etc,"Color in advertising -- Handbooks, manuals, etc",y,color-in-advertising-handbooks-manuals-etc,topical,"Color in advertising -- Handbooks, manuals, etc",,auto-seeded draft; review
lcsh|color-in-architecture-italy-bologna,Color in architecture -- Italy -- Bologna,y,color-in-architecture-italy-bologna,topical,Color in architecture -- Italy -- Bologna,,auto-seeded draft; review
http://id.loc.gov/authorities/subjects/sh85028596.,Color in art,y,color-in-art,topical,Color in art,,auto-seeded draft; review
http://id.worldcat.org/fast/868563.,Color in art,y,color-in-art,topical,Color in art,,auto-seeded draft; review
fast|color-in-art,Color in art,y,color-in-art,topical,Color in art,,auto-seeded draft; review
lcsh|color-in-art,Color in art,y,color-in-art,topical,Color in art,,auto-seeded draft; review
lcsh|color-in-art-handbooks-manuals-etc,"Color in art -- Handbooks, manuals, etc",y,color-in-art-handbooks-manuals-etc,topical,"Color in art -- Handbooks, manuals, etc",,auto-seeded draft; review
http://id.worldcat.org/fast/868596.,Color photography,y,color-photography,topical,Color photography,,auto-seeded draft; review
http://id.loc.gov/authorities/subjects/sh85028614.,Color photography,y,color-photography,topical,Color photography,,auto-seeded draft; review
http://id.loc.gov/authorities/subjects/sh85028619.,Color photography -- Printing processes,y,color-photography-printing-processes,topical,Color photography -- Printing processes,,auto-seeded draft; review
http://id.worldcat.org/fast/868607.,Color photography -- Printing processes,y,color-photography-printing-processes,topical,Color photography -- Printing processes,,auto-seeded draft; review
lcsh|color-separation,Color separation,y,color-separation,topical,Color separation,,auto-seeded draft; review
lcsh|combinations-in-art,Combinations in art,y,combinations-in-art,topical,Combinations in art,,auto-seeded draft; review
lcsh|comedy,Comedy,y,comedy,topical,Comedy,,auto-seeded draft; review
http://id.worldcat.org/fast/869145.,"Comic books, strips, etc",y,comic-books-strips-etc,topical,"Comic books, strips, etc",,auto-seeded draft; review
lcsh|comic-books-strips-etc,"Comic books, strips, etc",y,comic-books-strips-etc,topical,"Comic books, strips, etc",,auto-seeded draft; review
unspecified|comic-books-strips-etc,"Comic books, strips, etc",y,comic-books-strips-etc,topical,"Comic books, strips, etc",,auto-seeded draft; review
lcsh|comic-books-strips-etc-brazil,"Comic books, strips, etc -- Brazil",y,comic-books-strips-etc-brazil,topical,"Comic books, strips, etc -- Brazil",,auto-seeded draft; review
lcsh|comic-books-strips-etc-mexico,"Comic books, strips, etc -- Mexico",y,comic-books-strips-etc-mexico,topical,"Comic books, strips, etc -- Mexico",,auto-seeded draft; review
lcsh|comic-books-strips-etc-specimens,"Comic books, strips, etc -- Specimens",y,comic-books-strips-etc-specimens,topical,"Comic books, strips, etc -- Specimens",,auto-seeded draft; review
lcsh|comma-pictorial-works,Comma -- Pictorial works,y,comma-pictorial-works,topical,Comma -- Pictorial works,,auto-seeded draft; review
(DLC)sh 85028901,Commerce,y,commerce,topical,Commerce,,auto-seeded draft; review
http://id.worldcat.org/fast/869279.,Commerce,y,commerce,topical,Commerce,,auto-seeded draft; review
lcsh|commercial-art,Commercial art,y,commercial-art,topical,Commercial art,,auto-seeded draft; review
unspecified|commercial-art,commercial art,y,commercial-art,topical,Commercial art,,auto-seeded draft; review
lcsh|commercial-art-social-aspects,Commercial art -- Social aspects,y,commercial-art-social-aspects,topical,Commercial art -- Social aspects,,auto-seeded draft; review
lcsh|commercial-catalogs,Commercial catalogs,y,commercial-catalogs,topical,Commercial catalogs,,auto-seeded draft; review
http://id.worldcat.org/fast/869870.,Communalism,y,communalism,topical,Communalism,,auto-seeded draft; review
lcsh|communalism-fiction,Communalism -- Fiction,y,communalism-fiction,topical,Communalism -- Fiction,,auto-seeded draft; review
lcsh|communalism-philosophy,Communalism -- Philosophy,y,communalism-philosophy,topical,Communalism -- Philosophy,,auto-seeded draft; review
http://id.worldcat.org/fast/869952.,Communication,y,communication,topical,Communication,,auto-seeded draft; review
http://id.loc.gov/authorities/subjects/sh2008117714.,Communication -- History,y,communication-history,topical,Communication -- History,,auto-seeded draft; review
http://id.loc.gov/authorities/subjects/sh2008101311.,Communication -- Philosophy,y,communication-philosophy,topical,Communication -- Philosophy,,auto-seeded draft; review
http://id.worldcat.org/fast/869981.,Communication -- Philosophy,y,communication-philosophy,topical,Communication -- Philosophy,,auto-seeded draft; review
http://id.loc.gov/authorities/subjects/sh88005224.,Communication and culture,y,communication-and-culture,topical,Communication and culture,,auto-seeded draft; review
http://id.worldcat.org/fast/870039.,Communication and culture,y,communication-and-culture,topical,Communication and culture,,auto-seeded draft; review
http://id.loc.gov/authorities/subjects/sh94003061.,Communication and technology,y,communication-and-technology,topical,Communication and technology,,auto-seeded draft; review
http://id.worldcat.org/fast/870044.,Communication and technology,y,communication-and-technology,topical,Communication and technology,,auto-seeded draft; review
http://id.worldcat.org/fast/1728100.,Communication in families,y,communication-in-families,topical,Communication in families,,auto-seeded draft; review
lcsh|communication-in-families-fiction,Communication in families -- Fiction,y,communication-in-families-fiction,topical,Communication in families -- Fiction,,auto-seeded draft; review
http://id.loc.gov/authorities/subjects/sh85029088.,Communication in politics,y,communication-in-politics,topical,Communication in politics,,auto-seeded draft; review
http://id.worldcat.org/fast/870243.,Communication in politics,y,communication-in-politics,topical,Communication in politics,,auto-seeded draft; review
(OCoLC)fst00870421,Communism,y,communism,topical,Communism,,auto-seeded draft; review
lcsh|communism-fiction,Communism -- Fiction,y,communism-fiction,topical,Communism -- Fiction,,auto-seeded draft; review
http://id.loc.gov/authorities/subjects/sh85029135.,Communism and art,y,communism-and-art,topical,Communism and art,,auto-seeded draft; review
http://id.worldcat.org/fast/870487.,Communism and art,y,communism-and-art,topical,Communism and art,,auto-seeded draft; review
lcsh|communists-germany-fiction,Communists -- Germany -- Fiction,y,communists-germany-fiction,topical,Communists -- Germany -- Fiction,,auto-seeded draft; review
lcsh|commuting-in-art,Commuting in art,y,commuting-in-art,topical,Commuting in art,,auto-seeded draft; review
(OCoLC)fst00871275,Compact discs,y,compact-discs,topical,Compact discs,,auto-seeded draft; review
lcsh|compact-discs-reviews-periodicals,Compact discs -- Reviews -- Periodicals,y,compact-discs-reviews-periodicals,topical,Compact discs -- Reviews -- Periodicals,,auto-seeded draft; review
lcsh|company-town-architecture,Company town architecture,y,company-town-architecture,topical,Company town architecture,,auto-seeded draft; review
lcsh|composers-united-states,Composers -- United States,y,composers-united-states,topical,Composers -- United States,,auto-seeded draft; review
http://id.loc.gov/authorities/subjects/sh85029423.,Comprehension (Theory of knowledge),y,comprehension-theory-of-knowledge,topical,Comprehension (Theory of knowledge),,auto-seeded draft; review
http://id.worldcat.org/fast/871835.,Comprehension (Theory of knowledge),y,comprehension-theory-of-knowledge,topical,Comprehension (Theory of knowledge),,auto-seeded draft; review
http://id.worldcat.org/fast/1745103.,Compulsive hoarding,y,compulsive-hoarding,topical,Compulsive hoarding,,auto-seeded draft; review
lcsh|compulsive-hoarding-pictorial-works,Compulsive hoarding -- Pictorial works,y,compulsive-hoarding-pictorial-works,topical,Compulsive hoarding -- Pictorial works,,auto-seeded draft; review
lcsh|computer-art,Computer art,y,computer-art,topical,Computer art,,auto-seeded draft; review
http://id.worldcat.org/fast/872033.,Computer art,y,computer-art,topical,Computer art,,auto-seeded draft; review
lcsh|computer-art-canada,Computer art -- Canada,y,computer-art-canada,topical,Computer art -- Canada,,auto-seeded draft; review
lcsh|computer-art-united-states,Computer art -- United States,y,computer-art-united-states,topical,Computer art -- United States,,auto-seeded draft; review
http://id.worldcat.org/fast/872105.,Computer fonts,y,computer-fonts,topical,Computer fonts,,auto-seeded draft; review
http://id.loc.gov/authorities/subjects/sh00001055.,Computer fonts -- Specimens,y,computer-fonts-specimens,topical,Computer fonts -- Specimens,,auto-seeded draft; review
(OCoLC)fst00872119,Computer graphics,y,computer-graphics,topical,Computer graphics,,auto-seeded draft; review
http://id.loc.gov/authorities/subjects/sh85029500,Computer graphics,y,computer-graphics,topical,Computer graphics,,auto-seeded draft; review
lcsh|computer-graphics,Computer graphics,y,computer-graphics,topical,Computer graphics,,auto-seeded draft; review
http://id.worldcat.org/fast/872382.,Computer programmers,y,computer-programmers,topical,Computer programmers,,auto-seeded draft; review
lcsh|computer-programmers-anecdotes,Computer programmers -- Anecdotes,y,computer-programmers-anecdotes,topical,Computer programmers -- Anecdotes,,auto-seeded draft; review
lcsh|computer-programmers-attitudes,Computer programmers -- Attitudes,y,computer-programmers-attitudes,topical,Computer programmers -- Attitudes,,auto-seeded draft; review
http://id.worldcat.org/fast/872390.,Computer programming,y,computer-programming,topical,Computer programming,,auto-seeded draft; review
lcsh|computer-programming-attitudes,Computer programming -- Attitudes,y,computer-programming-attitudes,topical,Computer programming -- Attitudes,,auto-seeded draft; review
http://id.worldcat.org/fast/872402.,Computer programming -- Psychological aspects,y,computer-programming-psychological-aspects,topical,Computer programming -- Psychological aspects,,auto-seeded draft; review
lcsh|computer-programming-psychological-aspects,Computer programming -- Psychological aspects,y,computer-programming-psychological-aspects,topical,Computer programming -- Psychological aspects,,auto-seeded draft; review
(OCoLC)fst00872969,Concepts,y,concepts,topical,Concepts,,auto-seeded draft; review
lcsh|concepts,Concepts,y,concepts,topical,Concepts,,auto-seeded draft; review
http://vocab.getty.edu/aat/300264827.,Conceptual,y,conceptual,topical,Conceptual,,auto-seeded draft; review
lcsh|conceptual-art,Conceptual art,y,conceptual-art,topical,Conceptual art,,auto-seeded draft; review
http://id.worldcat.org/fast/872980.,Conceptual art,y,conceptual-art,topical,Conceptual art,,auto-seeded draft; review
http://id.loc.gov/authorities/subjects/sh85029624,Conceptual art,y,conceptual-art,topical,Conceptual art,,auto-seeded draft; review
http://id.loc.gov/authorities/subjects/sh85029624.,Conceptual art,y,conceptual-art,topical,Conceptual art,,auto-seeded draft; review
unspecified|conceptual-art,Conceptual art,y,conceptual-art,topical,Conceptual art,,auto-seeded draft; review
(OCoLC)fst00872980,Conceptual Art,y,conceptual-art,topical,Conceptual art,,auto-seeded draft; review
lcsh|conceptual-art-21st-century,Conceptual art -- 21st century,y,conceptual-art-21st-century,topical,Conceptual art -- 21st century,,auto-seeded draft; review
lcsh|conceptual-art-california-exhibitions,Conceptual art -- California -- Exhibitions,y,conceptual-art-california-exhibitions,topical,Conceptual art -- California -- Exhibitions,,auto-seeded draft; review
lcsh|conceptual-art-canada,Conceptual art -- Canada,y,conceptual-art-canada,topical,Conceptual art -- Canada,,auto-seeded draft; review
lcsh|conceptual-art-catalogs,Conceptual art -- Catalogs,y,conceptual-art-catalogs,topical,Conceptual art -- Catalogs,,auto-seeded draft; review
lcsh|conceptual-art-exhibitions,Conceptual art -- Exhibitions,y,conceptual-art-exhibitions,topical,Conceptual art -- Exhibitions,,auto-seeded draft; review
http://id.loc.gov/authorities/subjects/sh2008101518.,Conceptual art -- Exhibitions,y,conceptual-art-exhibitions,topical,Conceptual art -- Exhibitions,,auto-seeded draft; review
http://id.loc.gov/authorities/subjects/sh2008101518,Conceptual art -- Exhibitions,y,conceptual-art-exhibitions,topical,Conceptual art -- Exhibitions,,auto-seeded draft; review
lcsh|conceptual-art-france,Conceptual art -- France,y,conceptual-art-france,topical,Conceptual art -- France,,auto-seeded draft; review
lcsh|conceptual-art-france-20th-century-catalogs,Conceptual art -- France -- 20th century -- Catalogs,y,conceptual-art-france-20th-century-catalogs,topical,Conceptual art -- France -- 20th century -- Catalogs,,auto-seeded draft; review
lcsh|conceptual-art-france-exhibitions,Conceptual art -- France -- Exhibitions,y,conceptual-art-france-exhibitions,topical,Conceptual art -- France -- Exhibitions,,auto-seeded draft; review
lcsh|conceptual-art-italy,Conceptual art -- Italy,y,conceptual-art-italy,topical,Conceptual art -- Italy,,auto-seeded draft; review
lcsh|conceptual-art-new-york-state-exhibitions,Conceptual art -- New York (State) -- Exhibitions,y,conceptual-art-new-york-state-exhibitions,topical,Conceptual art -- New York (State) -- Exhibitions,,auto-seeded draft; review
lcsh|conceptual-art-new-york-state-new-york,Conceptual art -- New York (State) -- New York,y,conceptual-art-new-york-state-new-york,topical,Conceptual art -- New York (State) -- New York,,auto-seeded draft; review
lcsh|conceptual-art-periodicals,Conceptual art -- Periodicals,y,conceptual-art-periodicals,topical,Conceptual art -- Periodicals,,auto-seeded draft; review
lcsh|conceptual-art-poland,Conceptual art -- Poland,y,conceptual-art-poland,topical,Conceptual art -- Poland,,auto-seeded draft; review
lcsh|conceptual-art-political-aspects,Conceptual art -- Political aspects,y,conceptual-art-political-aspects,topical,Conceptual art -- Political aspects,,auto-seeded draft; review
lcsh|conceptual-art-psychological-aspects,Conceptual art -- Psychological aspects,y,conceptual-art-psychological-aspects,topical,Conceptual art -- Psychological aspects,,auto-seeded draft; review
lcsh|conceptual-art-rhode-island,Conceptual art -- Rhode Island,y,conceptual-art-rhode-island,topical,Conceptual art -- Rhode Island,,auto-seeded draft; review
lcsh|conceptual-art-specimens,Conceptual art -- Specimens,y,conceptual-art-specimens,topical,Conceptual art -- Specimens,,auto-seeded draft; review
http://id.loc.gov/authorities/subjects/sh2009121277.,Conceptual art -- United States,y,conceptual-art-united-states,topical,Conceptual art -- United States,,auto-seeded draft; review
lcsh|conceptual-art-united-states,Conceptual art -- United States,y,conceptual-art-united-states,topical,Conceptual art -- United States,,auto-seeded draft; review
lcsh|conceptual-art-united-states-exhibitions,Conceptual art -- United States -- Exhibitions,y,conceptual-art-united-states-exhibitions,topical,Conceptual art -- United States -- Exhibitions,,auto-seeded draft; review
http://id.loc.gov/authorities/subjects/sh2008101519,Conceptual art -- United States -- Exhibitions,y,conceptual-art-united-states-exhibitions,topical,Conceptual art -- United States -- Exhibitions,,auto-seeded draft; review
lcsh|conceptual-art-venezuela,Conceptual art -- Venezuela,y,conceptual-art-venezuela,topical,Conceptual art -- Venezuela,,auto-seeded draft; review
unspecified|concrete-poems,Concrete poems,y,concrete-poems,topical,Concrete poems,,auto-seeded draft; review
lcsh|concrete-poetry,Concrete poetry,y,concrete-poetry,topical,Concrete poetry,,auto-seeded draft; review
(OCoLC)fst00874354,Concrete poetry,y,concrete-poetry,topical,Concrete poetry,,auto-seeded draft; review
lcsh|concrete-poetry-american,"Concrete poetry, American",y,concrete-poetry-american,topical,"Concrete poetry, American",,auto-seeded draft; review
http://id.loc.gov/authorities/subjects/sh95001585.,"Concrete poetry, American",y,concrete-poetry-american,topical,"Concrete poetry, American",,auto-seeded draft; review
http://id.worldcat.org/fast/874357.,"Concrete poetry, American",y,concrete-poetry-american,topical,"Concrete poetry, American",,auto-seeded draft; review
lcsh|concrete-poetry-american-21st-century,"Concrete poetry, American -- 21st century",y,concrete-poetry-american-21st-century,topical,"Concrete poetry, American -- 21st century",,auto-seeded draft; review
fast|concrete-poetry-english,"Concrete poetry, English",y,concrete-poetry-english,topical,"Concrete poetry, English",,auto-seeded draft; review
http://id.loc.gov/authorities/subjects/sh85030737,"Concrete poetry, English",y,concrete-poetry-english,topical,"Concrete poetry, English",,auto-seeded draft; review
lcsh|concrete-poetry-english-scottish-authors,"Concrete poetry, English -- Scottish authors",y,concrete-poetry-english-scottish-authors,topical,"Concrete poetry, English -- Scottish authors",,auto-seeded draft; review
http://id.loc.gov/authorities/subjects/sh96009241,"Concrete poetry, French",y,concrete-poetry-french,topical,"Concrete poetry, French",,auto-seeded draft; review
http://id.worldcat.org/fast/1200823.,Conservatives,y,conservatives,topical,Conservatives,,auto-seeded draft; review
lcsh|conservatives-united-states-pictorial-works,Conservatives -- United States -- Pictorial works,y,conservatives-united-states-pictorial-works,topical,Conservatives -- United States -- Pictorial works,,auto-seeded draft; review
lcsh|constellations,Constellations,y,constellations,topical,Constellations,,auto-seeded draft; review
(OCoLC)fst00875742,Constellations in art,y,constellations-in-art,topical,Constellations in art,,auto-seeded draft; review
lcsh|constellations-in-art,Constellations in art,y,constellations-in-art,topical,Constellations in art,,auto-seeded draft; review
lcsh|constitutional-law-united-states,Constitutional law -- United States,y,constitutional-law-united-states,topical,Constitutional law -- United States,,auto-seeded draft; review
lcsh|constitutions-iraq,Constitutions -- Iraq,y,constitutions-iraq,topical,Constitutions -- Iraq,,auto-seeded draft; review
lcsh|constitutions-united-states,Constitutions -- United States,y,constitutions-united-states,topical,Constitutions -- United States,,auto-seeded draft; review
http://id.loc.gov/authorities/subjects/sh85031455.,Constructivism (Art),y,constructivism-art,topical,Constructivism (Art),,auto-seeded draft; review
http://id.worldcat.org/fast/876178.,Constructivism (Art),y,constructivism-art,topical,Constructivism (Art),,auto-seeded draft; review
lcsh|constructivism-art-russia-federation-moscow-exhibitions,Constructivism (Art) -- Russia (Federation) -- Moscow -- Exhibitions,y,constructivism-art-russia-federation-moscow-exhibitions,topical,Constructivism (Art) -- Russia (Federation) -- Moscow -- Exhibitions,,auto-seeded draft; review
lcsh|consumer-goods-pictorial-works,Consumer goods -- Pictorial works,y,consumer-goods-pictorial-works,topical,Consumer goods -- Pictorial works,,auto-seeded draft; review
lcsh|consumerism,Consumerism,y,consumerism,topical,Consumerism,,auto-seeded draft; review
http://id.worldcat.org/fast/876455.,Consumption (Economics),y,consumption-economics,topical,Consumption (Economics),,auto-seeded draft; review
lcsh|consumption-economics-poetry,Consumption (Economics) -- Poetry,y,consumption-economics-poetry,topical,Consumption (Economics) -- Poetry,,auto-seeded draft; review
http://id.loc.gov/authorities/subjects/sh96011104.,Consumption (Economics) in art,y,consumption-economics-in-art,topical,Consumption (Economics) in art,,auto-seeded draft; review
http://id.worldcat.org/fast/876483.,Consumption (Economics) in art,y,consumption-economics-in-art,topical,Consumption (Economics) in art,,auto-seeded draft; review
(OCoLC)fst01159820,Contemporary Art,y,contemporary-art,topical,Contemporary Art,,auto-seeded draft; review
http://id.worldcat.org/fast/876656.,Contests,y,contests,topical,Contests,,auto-seeded draft; review
lcsh|contests-england-docking,Contests -- England -- Docking,y,contests-england-docking,topical,Contests -- England -- Docking,,auto-seeded draft; review
lcsh|conversation-in-art,Conversation in art,y,conversation-in-art,topical,Conversation in art,,auto-seeded draft; review
http://id.worldcat.org/fast/1754965.,Cookbooks,y,cookbooks,topical,Cookbooks,,auto-seeded draft; review
lcsh|cookbooks-balkan-peninsula,Cookbooks -- Balkan Peninsula,y,cookbooks-balkan-peninsula,topical,Cookbooks -- Balkan Peninsula,,auto-seeded draft; review
unspecified|cookery,Cookery,y,cookery,topical,Cookery,,auto-seeded draft; review
lcsh|cookery-meat,Cookery (Meat),y,cookery-meat,topical,Cookery (Meat),,auto-seeded draft; review
http://id.worldcat.org/fast/1754966.,Cooking,y,cooking,topical,Cooking,,auto-seeded draft; review
lcsh|cooking-balkan-peninsula,Cooking -- Balkan Peninsula,y,cooking-balkan-peninsula,topical,Cooking -- Balkan Peninsula,,auto-seeded draft; review
lcsh|cooking-mexico,Cooking -- Mexico,y,cooking-mexico,topical,Cooking -- Mexico,,auto-seeded draft; review
lcsh|cooking-new-york-state-rosendale,Cooking -- New York (State) -- Rosendale,y,cooking-new-york-state-rosendale,topical,Cooking -- New York (State) -- Rosendale,,auto-seeded draft; review
http://id.worldcat.org/fast/1864704.,Cooking -- Social aspects,y,cooking-social-aspects,topical,Cooking -- Social aspects,,auto-seeded draft; review
lcsh|cooking-social-aspects-history,Cooking -- Social aspects -- History,y,cooking-social-aspects-history,topical,Cooking -- Social aspects -- History,,auto-seeded draft; review
lcsh|cooking-united-states,Cooking -- United States,y,cooking-united-states,topical,Cooking -- United States,,auto-seeded draft; review
lcsh|cooking-popcorn-pictorial-works,Cooking (Popcorn) -- Pictorial works,y,cooking-popcorn-pictorial-works,topical,Cooking (Popcorn) -- Pictorial works,,auto-seeded draft; review
lcsh|cooking-in-art,Cooking in art,y,cooking-in-art,topical,Cooking in art,,auto-seeded draft; review
lcsh|cooking-canadian,"Cooking, Canadian",y,cooking-canadian,topical,"Cooking, Canadian",,auto-seeded draft; review
lcsh|cooks-pictorial-works,Cooks -- Pictorial works,y,cooks-pictorial-works,topical,Cooks -- Pictorial works,,auto-seeded draft; review
http://id.worldcat.org/fast/878289.,Cootie catchers,y,cootie-catchers,topical,Cootie catchers,,auto-seeded draft; review
lcsh|cootie-catchers-specimens,Cootie catchers -- Specimens,y,cootie-catchers-specimens,topical,Cootie catchers -- Specimens,,auto-seeded draft; review
http://id.loc.gov/authorities/subjects/sh85032432.,Copy art,y,copy-art,topical,Copy art,,auto-seeded draft; review
http://id.worldcat.org/fast/878658.,Copy art,y,copy-art,topical,Copy art,,auto-seeded draft; review
lcsh|copy-art,Copy art,y,copy-art,topical,Copy art,,auto-seeded draft; review
lcsh|copy-art-rhode-island,Copy art -- Rhode Island,y,copy-art-rhode-island,topical,Copy art -- Rhode Island,,auto-seeded draft; review
lcsh|copy-art-united-states,Copy art -- United States,y,copy-art-united-states,topical,Copy art -- United States,,auto-seeded draft; review
(OCoLC)fst00878667,Copybooks,y,copybooks,topical,Copybooks,,auto-seeded draft; review
http://id.loc.gov/authorities/subjects/sh85099492,Copybooks,y,copybooks,topical,Copybooks,,auto-seeded draft; review
http://id.worldcat.org/fast/878993.,Corn,y,corn,topical,Corn,,auto-seeded draft; review
lcsh|corn-fiction,Corn -- Fiction,y,corn-fiction,topical,Corn -- Fiction,,auto-seeded draft; review
http://id.loc.gov/authorities/subjects/sh85032661.,Corn -- Folklore,y,corn-folklore,topical,Corn -- Folklore,,auto-seeded draft; review
http://id.worldcat.org/fast/1199284.,Corn -- Folklore,y,corn-folklore,topical,Corn -- Folklore,,auto-seeded draft; review
lcsh|corn-ripening-pictorial-works,Corn -- Ripening -- Pictorial works,y,corn-ripening-pictorial-works,topical,Corn -- Ripening -- Pictorial works,,auto-seeded draft; review
lcsh|corn-in-art,Corn in art,y,corn-in-art,topical,Corn in art,,auto-seeded draft; review
http://id.worldcat.org/fast/879972.,"Corporations, American",y,corporations-american,topical,"Corporations, American",,auto-seeded draft; review
http://id.loc.gov/authorities/subjects/sh85032960.,"Corporations, American -- Corrupt practices",y,corporations-american-corrupt-practices,topical,"Corporations, American -- Corrupt practices",,auto-seeded draft; review
http://id.worldcat.org/fast/879975.,"Corporations, American -- Corrupt practices",y,corporations-american-corrupt-practices,topical,"Corporations, American -- Corrupt practices",,auto-seeded draft; review
http://id.loc.gov/authorities/subjects/sh85033146.,Cosmic dust,y,cosmic-dust,topical,Cosmic dust,,auto-seeded draft; review
http://id.worldcat.org/fast/880547.,Cosmic dust,y,cosmic-dust,topical,Cosmic dust,,auto-seeded draft; review
lcsh|cosmology,Cosmology,y,cosmology,topical,Cosmology,,auto-seeded draft; review
(OCoLC)fst00880600,Cosmology,y,cosmology,topical,Cosmology,,auto-seeded draft; review
http://id.loc.gov/authorities/subjects/sh85033169.,Cosmology,y,cosmology,topical,Cosmology,,auto-seeded draft; review
http://id.worldcat.org/fast/880600.,Cosmology,y,cosmology,topical,Cosmology,,auto-seeded draft; review
http://id.loc.gov/authorities/subjects/sh96011153.,Cosmology in art,y,cosmology-in-art,topical,Cosmology in art,,auto-seeded draft; review
http://id.worldcat.org/fast/880615.,Cosmology in art,y,cosmology-in-art,topical,Cosmology in art,,auto-seeded draft; review
lcsh|cosmology-in-art,Cosmology in art,y,cosmology-in-art,topical,Cosmology in art,,auto-seeded draft; review
lcsh|costume-united-states-history-20th-century-pictorial-works,Costume -- United States -- History -- 20th century -- Pictorial works,y,costume-united-states-history-20th-century-pictorial-works,topical,Costume -- United States -- History -- 20th century -- Pictorial works,,auto-seeded draft; review
rvm|couleur-dans-l-art,Couleur dans l'art,y,couleur-dans-l-art,topical,Couleur dans l'art,,auto-seeded draft; review
http://id.worldcat.org/fast/881315.,Counterculture,y,counterculture,topical,Counterculture,,auto-seeded draft; review
lcsh|counterculture-europe-periodicals,Counterculture -- Europe -- Periodicals,y,counterculture-europe-periodicals,topical,Counterculture -- Europe -- Periodicals,,auto-seeded draft; review
http://id.loc.gov/authorities/childrensSubjects/sj96005274.,Counting,y,counting,topical,Counting,,auto-seeded draft; review
http://id.worldcat.org/fast/881354.,Counting,y,counting,topical,Counting,,auto-seeded draft; review
http://id.loc.gov/authorities/subjects/sh2008100753.,Counting -- Juvenile literature,y,counting-juvenile-literature,topical,Counting -- Juvenile literature,,auto-seeded draft; review
lcsh|country-life-england-oxfordshire,Country life -- England -- Oxfordshire,y,country-life-england-oxfordshire,topical,Country life -- England -- Oxfordshire,,auto-seeded draft; review
http://id.worldcat.org/fast/881567.,Couples,y,couples,topical,Couples,,auto-seeded draft; review
lcsh|couples-pictorial-works,Couples -- Pictorial works,y,couples-pictorial-works,topical,Couples -- Pictorial works,,auto-seeded draft; review
http://id.worldcat.org/fast/881609.,Courage,y,courage,topical,Courage,,auto-seeded draft; review
http://id.loc.gov/authorities/subjects/sh2009122160.,Courage -- Juvenile fiction,y,courage-juvenile-fiction,topical,Courage -- Juvenile fiction,,auto-seeded draft; review
http://id.loc.gov/authorities/subjects/sh85033596.,Courtship,y,courtship,topical,Courtship,,auto-seeded draft; review
http://id.worldcat.org/fast/881873.,Courtship,y,courtship,topical,Courtship,,auto-seeded draft; review
http://id.loc.gov/authorities/subjects/sh2020008759.,"COVID-19 Pandemic, 2020-2023",y,covid-19-pandemic-2020-2023,topical,"COVID-19 Pandemic, 2020-2023",,auto-seeded draft; review
lcsh|covid-19-pandemic-2020-2023-north-carolina-chapel-hill-pictorial-works,"COVID-19 Pandemic, 2020-2023 -- North Carolina -- Chapel Hill -- Pictorial works",y,covid-19-pandemic-2020-2023-north-carolina-chapel-hill-pictorial-works,topical,"COVID-19 Pandemic, 2020-2023 -- North Carolina -- Chapel Hill -- Pictorial works",,auto-seeded draft; review
lcsh|cowboys-united-states-anecdotes,Cowboys -- United States -- Anecdotes,y,cowboys-united-states-anecdotes,topical,Cowboys -- United States -- Anecdotes,,auto-seeded draft; review
lcsh|cows-pictorial-works,Cows -- Pictorial works,y,cows-pictorial-works,topical,Cows -- Pictorial works,,auto-seeded draft; review
lcsh|cows-poetry,Cows -- Poetry,y,cows-poetry,topical,Cows -- Poetry,,auto-seeded draft; review
http://id.loc.gov/authorities/subjects/sh85033667,Cows in art,y,cows-in-art,topical,Cows in art,,auto-seeded draft; review
http://id.worldcat.org/fast/882382.,Creation,y,creation,topical,Creation,,auto-seeded draft; review
http://id.loc.gov/authorities/subjects/sh85033823.,Creation,y,creation,topical,Creation,,auto-seeded draft; review
lcsh|creation-caricatures-and-cartoons,Creation -- Caricatures and cartoons,y,creation-caricatures-and-cartoons,topical,Creation -- Caricatures and cartoons,,auto-seeded draft; review
fast|creation-mythology,Creation -- Mythology,y,creation-mythology,topical,Creation -- Mythology,,auto-seeded draft; review
lcsh|creation-mythology,Creation -- Mythology,y,creation-mythology,topical,Creation -- Mythology,,auto-seeded draft; review
http://id.loc.gov/authorities/subjects/sh85033827.,"Creation (Literary, artistic, etc.)",y,creation-literary-artistic-etc,topical,"Creation (Literary, artistic, etc.)",,auto-seeded draft; review
http://id.worldcat.org/fast/882393.,"Creation (Literary, artistic, etc.)",y,creation-literary-artistic-etc,topical,"Creation (Literary, artistic, etc.)",,auto-seeded draft; review
http://id.loc.gov/authorities/subjects/sh85033827,"Creation (Literary, artistic, etc.)",y,creation-literary-artistic-etc,topical,"Creation (Literary, artistic, etc.)",,auto-seeded draft; review
http://id.loc.gov/authorities/subjects/sh85033828,Creation in art,y,creation-in-art,topical,Creation in art,,auto-seeded draft; review
lcsh|creole-dialects-english-hawaii-history,"Creole dialects, English -- Hawaii -- History",y,creole-dialects-english-hawaii-history,topical,"Creole dialects, English -- Hawaii -- History",,auto-seeded draft; review
http://id.loc.gov/authorities/subjects/sh96011363.,Crime in art,y,crime-in-art,topical,Crime in art,,auto-seeded draft; review
http://id.worldcat.org/fast/883037.,Crime in art,y,crime-in-art,topical,Crime in art,,auto-seeded draft; review
http://id.worldcat.org/fast/883184.,Criminal courts,y,criminal-courts,topical,Criminal courts,,auto-seeded draft; review
lcsh|criminal-courts-great-britain-fiction,Criminal courts -- Great Britain -- Fiction,y,criminal-courts-great-britain-fiction,topical,Criminal courts -- Great Britain -- Fiction,,auto-seeded draft; review
http://id.worldcat.org/fast/883516.,Criminals,y,criminals,topical,Criminals,,auto-seeded draft; review
lcsh|criminals-michigan-detroit-pictorial-works,Criminals -- Michigan -- Detroit -- Pictorial works,y,criminals-michigan-detroit-pictorial-works,topical,Criminals -- Michigan -- Detroit -- Pictorial works,,auto-seeded draft; review
http://id.loc.gov/authorities/subjects/sh85034149.,Criticism,y,criticism,topical,Criticism,,auto-seeded draft; review
http://id.worldcat.org/fast/883735.,Criticism,y,criticism,topical,Criticism,,auto-seeded draft; review
http://id.worldcat.org/fast/1198648.,Criticism and interpretation,y,criticism-and-interpretation,topical,Criticism and interpretation,,auto-seeded draft; review
http://id.worldcat.org/fast/1155473.,Cross-dressers,y,cross-dressers,topical,Cross-dressers,,auto-seeded draft; review
http://id.loc.gov/authorities/subjects/sh89002495.,Cross-dressers,y,cross-dressers,topical,Cross-dressers,,auto-seeded draft; review
lcsh|cross-dressers-chile-social-conditions,Cross-dressers -- Chile -- Social conditions,y,cross-dressers-chile-social-conditions,topical,Cross-dressers -- Chile -- Social conditions,,auto-seeded draft; review
lcsh|cross-dressers-cuba-havana-portraits,Cross-dressers -- Cuba -- Havana -- Portraits,y,cross-dressers-cuba-havana-portraits,topical,Cross-dressers -- Cuba -- Havana -- Portraits,,auto-seeded draft; review
https://homosaurus.org/v4/homoit0000316.,Crossdressers,y,crossdressers,topical,Crossdressers,,auto-seeded draft; review
https://en.homosaurus.org/v4/homoit0000316.,Crossdressers,y,crossdressers,topical,Crossdressers,,auto-seeded draft; review
http://id.worldcat.org/fast/884500.,Cryonics,y,cryonics,topical,Cryonics,,auto-seeded draft; review
lcsh|cryonics-drama,Cryonics -- Drama,y,cryonics-drama,topical,Cryonics -- Drama,,auto-seeded draft; review
lcsh|cryonics-pictorial-works,Cryonics -- Pictorial works,y,cryonics-pictorial-works,topical,Cryonics -- Pictorial works,,auto-seeded draft; review
http://id.loc.gov/authorities/subjects/sh94005718.,Cryptozoology,y,cryptozoology,topical,Cryptozoology,,auto-seeded draft; review
http://id.worldcat.org/fast/884605.,Cryptozoology,y,cryptozoology,topical,Cryptozoology,,auto-seeded draft; review
fast|cuban-literature,Cuban literature,y,cuban-literature,topical,Cuban literature,,auto-seeded draft; review
lcsh|cuban-literature-20th-century-periodicals,Cuban literature -- 20th century -- Periodicals,y,cuban-literature-20th-century-periodicals,topical,Cuban literature -- 20th century -- Periodicals,,auto-seeded draft; review
http://id.worldcat.org/fast/884822.,Cuban poetry,y,cuban-poetry,topical,Cuban poetry,,auto-seeded draft; review
http://id.loc.gov/authorities/subjects/sh85034628.,Cuban poetry,y,cuban-poetry,topical,Cuban poetry,,auto-seeded draft; review
lcsh|cuban-poetry,Cuban poetry,y,cuban-poetry,topical,Cuban poetry,,auto-seeded draft; review
lcsh|cuban-poetry-21st-century,Cuban poetry -- 21st century,y,cuban-poetry-21st-century,topical,Cuban poetry -- 21st century,,auto-seeded draft; review
http://id.loc.gov/authorities/subjects/sh85034646.,Cube in art,y,cube-in-art,topical,Cube in art,,auto-seeded draft; review
http://id.worldcat.org/fast/884855.,Cube in art,y,cube-in-art,topical,Cube in art,,auto-seeded draft; review
lcsh|cube-in-art,Cube in art,y,cube-in-art,topical,Cube in art,,auto-seeded draft; review
http://id.loc.gov/authorities/subjects/sh2006005978.,Cultural geography,y,cultural-geography,topical,Cultural geography,,auto-seeded draft; review
http://id.worldcat.org/fast/1765205.,Cultural geography,y,cultural-geography,topical,Cultural geography,,auto-seeded draft; review
http://id.worldcat.org/fast/1740895.,Cultural landscapes,y,cultural-landscapes,topical,Cultural landscapes,,auto-seeded draft; review
lcsh|cultural-landscapes-united-states,Cultural landscapes -- United States,y,cultural-landscapes-united-states,topical,Cultural landscapes -- United States,,auto-seeded draft; review
lcsh|cultural-property-china,Cultural property -- China,y,cultural-property-china,topical,Cultural property -- China,,auto-seeded draft; review
http://id.loc.gov/authorities/subjects/sh85034755,Culture,y,culture,topical,Culture,,auto-seeded draft; review
http://id.worldcat.org/fast/1200589.,Culture in art,y,culture-in-art,topical,Culture in art,,auto-seeded draft; review
lcsh|culture-in-art-periodicals,Culture in art -- Periodicals,y,culture-in-art-periodicals,topical,Culture in art -- Periodicals,,auto-seeded draft; review
http://id.worldcat.org/fast/885325.,Currency crises,y,currency-crises,topical,Currency crises,,auto-seeded draft; review
lcsh|currency-crises-argentina,Currency crises -- Argentina,y,currency-crises-argentina,topical,Currency crises -- Argentina,,auto-seeded draft; review
lcsh|cut-out-craft-california-specimens,Cut-out craft -- California -- Specimens,y,cut-out-craft-california-specimens,topical,Cut-out craft -- California -- Specimens,,auto-seeded draft; review
lcsh|cut-out-craft-united-states-specimens,Cut-out craft -- United States -- Specimens,y,cut-out-craft-united-states-specimens,topical,Cut-out craft -- United States -- Specimens,,auto-seeded draft; review
lcsh|cutting-self-mutilation-pictorial-works,Cutting (Self-mutilation) -- Pictorial works,y,cutting-self-mutilation-pictorial-works,topical,Cutting (Self-mutilation) -- Pictorial works,,auto-seeded draft; review
http://id.worldcat.org/fast/885794.,Cyberspace,y,cyberspace,topical,Cyberspace,,auto-seeded draft; review
http://id.worldcat.org/fast/885801.,Cyberspace -- Social aspects,y,cyberspace-social-aspects,topical,Cyberspace -- Social aspects,,auto-seeded draft; review
lcsh|cyberspace-social-aspects-fiction,Cyberspace -- Social aspects -- Fiction,y,cyberspace-social-aspects-fiction,topical,Cyberspace -- Social aspects -- Fiction,,auto-seeded draft; review
http://id.loc.gov/authorities/subjects/sh85035061.,Cyclecars,y,cyclecars,topical,Cyclecars,,auto-seeded draft; review
http://id.worldcat.org/fast/885831.,Cyclecars,y,cyclecars,topical,Cyclecars,,auto-seeded draft; review
lcsh|cynicism-in-art,Cynicism in art,y,cynicism-in-art,topical,Cynicism in art,,auto-seeded draft; review
http://id.worldcat.org/fast/886455.,Czechs,y,czechs,topical,Czechs,,auto-seeded draft; review
lcsh|czechs-travel-southwest-new-fiction,"Czechs -- Travel -- Southwest, New -- Fiction",y,czechs-travel-southwest-new-fiction,topical,"Czechs -- Travel -- Southwest, New -- Fiction",,auto-seeded draft; review
lcsh|czechs-travel-southwest-new-pictorial-works,"Czechs -- Travel -- Southwest, New -- Pictorial works",y,czechs-travel-southwest-new-pictorial-works,topical,"Czechs -- Travel -- Southwest, New -- Pictorial works",,auto-seeded draft; review
lcsh|dadaism-united-states-periodicals,Dadaism -- United States -- Periodicals,y,dadaism-united-states-periodicals,topical,Dadaism -- United States -- Periodicals,,auto-seeded draft; review
lcsh|dadaist-poetry,Dadaist poetry,y,dadaist-poetry,topical,Dadaist poetry,,auto-seeded draft; review
http://id.loc.gov/authorities/subjects/sh85035408.,Daguerreotype,y,daguerreotype,topical,Daguerreotype,,auto-seeded draft; review
http://id.worldcat.org/fast/886764.,Daguerreotype,y,daguerreotype,topical,Daguerreotype,,auto-seeded draft; review
http://id.loc.gov/authorities/subjects/sh85035659,Dance,y,dance,topical,Dance,,auto-seeded draft; review
lcsh|dance,Dance,y,dance,topical,Dance,,auto-seeded draft; review
http://id.worldcat.org/fast/887522.,Dance in art,y,dance-in-art,topical,Dance in art,,auto-seeded draft; review
http://id.loc.gov/authorities/subjects/sh85035688.,Dance in art,y,dance-in-art,topical,Dance in art,,auto-seeded draft; review
lcsh|dance-in-art-21st-century,Dance in art -- 21st century,y,dance-in-art-21st-century,topical,Dance in art -- 21st century,,auto-seeded draft; review
lcsh|dance-in-art-specimens,Dance in art -- Specimens,y,dance-in-art-specimens,topical,Dance in art -- Specimens,,auto-seeded draft; review
http://id.loc.gov/authorities/subjects/sh85035884.,Dating (Social customs),y,dating-social-customs,topical,Dating (Social customs),,auto-seeded draft; review
http://id.worldcat.org/fast/888094.,Dating (Social customs),y,dating-social-customs,topical,Dating (Social customs),,auto-seeded draft; review
http://id.loc.gov/authorities/subjects/sh85036024.,Dead,y,dead,topical,Dead,,auto-seeded draft; review
http://id.worldcat.org/fast/888385.,Dead,y,dead,topical,Dead,,auto-seeded draft; review
http://id.loc.gov/authorities/subjects/sh85036044,Deadly sins,y,deadly-sins,topical,Deadly sins,,auto-seeded draft; review
lcsh|deafness,Deafness,y,deafness,topical,Deafness,,auto-seeded draft; review
http://id.worldcat.org/fast/888613.,Death,y,death,topical,Death,,auto-seeded draft; review
lcsh|death,Death,y,death,topical,Death,,auto-seeded draft; review
http://id.loc.gov/authorities/subjects/sh2008102074.,Death -- Poetry,y,death-poetry,topical,Death -- Poetry,,auto-seeded draft; review
http://id.loc.gov/authorities/subjects/sh85036106.,Death in art,y,death-in-art,topical,Death in art,,auto-seeded draft; review
http://id.worldcat.org/fast/888694.,Death in art,y,death-in-art,topical,Death in art,,auto-seeded draft; review
lcsh|death-in-art,Death in art,y,death-in-art,topical,Death in art,,auto-seeded draft; review
http://id.loc.gov/authorities/subjects/sh85036106,Death in art,y,death-in-art,topical,Death in art,,auto-seeded draft; review
http://id.loc.gov/authorities/subjects/sh2008102071,Death in art -- Exhibitions,y,death-in-art-exhibitions,topical,Death in art -- Exhibitions,,auto-seeded draft; review
http://id.loc.gov/authorities/subjects/sh85036108.,Death in literature,y,death-in-literature,topical,Death in literature,,auto-seeded draft; review
http://id.worldcat.org/fast/888697.,Death in literature,y,death-in-literature,topical,Death in literature,,auto-seeded draft; review
lcsh|debt-public-maps,"Debt, Public -- Maps",y,debt-public-maps,topical,"Debt, Public -- Maps",,auto-seeded draft; review
http://id.loc.gov/authorities/subjects/sh97005153.,Decadence in art,y,decadence-in-art,topical,Decadence in art,,auto-seeded draft; review
http://id.worldcat.org/fast/888897.,Decadence in art,y,decadence-in-art,topical,Decadence in art,,auto-seeded draft; review
lcsh|deception-drama,Deception -- Drama,y,deception-drama,topical,Deception -- Drama,,auto-seeded draft; review
http://id.worldcat.org/fast/889145.,Decoration and ornament,y,decoration-and-ornament,topical,Decoration and ornament,,auto-seeded draft; review
http://id.loc.gov/authorities/subjects/sh00008481.,"Decoration and ornament -- Themes, motives",y,decoration-and-ornament-themes-motives,topical,"Decoration and ornament -- Themes, motives",,auto-seeded draft; review
http://id.worldcat.org/fast/889208.,"Decoration and ornament -- Themes, motives",y,decoration-and-ornament-themes-motives,topical,"Decoration and ornament -- Themes, motives",,auto-seeded draft; review
lcsh|decoration-and-ornament-architectural-paris-france-pictorial-works-early-works-to-1800,"Decoration and ornament, Architectural -- Paris -- France -- Pictorial works -- Early works to 1800",y,decoration-and-ornament-architectural-paris-france-pictorial-works-early-works-to-1800,topical,"Decoration and ornament, Architectural -- Paris -- France -- Pictorial works -- Early works to 1800",,auto-seeded draft; review
http://id.worldcat.org/fast/1201567.,Deer hunters,y,deer-hunters,topical,Deer hunters,,auto-seeded draft; review
lcsh|deer-hunters-pictorial-works,Deer hunters -- Pictorial works,y,deer-hunters-pictorial-works,topical,Deer hunters -- Pictorial works,,auto-seeded draft; review
http://id.worldcat.org/fast/889548.,Deer hunting,y,deer-hunting,topical,Deer hunting,,auto-seeded draft; review
lcsh|deer-hunting-pictorial-works,Deer hunting -- Pictorial works,y,deer-hunting-pictorial-works,topical,Deer hunting -- Pictorial works,,auto-seeded draft; review
lcsh|dementia,Dementia,y,dementia,topical,Dementia,,auto-seeded draft; review
http://id.loc.gov/authorities/subjects/sh85036647.,Democracy,y,democracy,topical,Democracy,,auto-seeded draft; review
http://id.worldcat.org/fast/890077.,Democracy,y,democracy,topical,Democracy,,auto-seeded draft; review
http://id.worldcat.org/fast/890222.,Demonstrations,y,demonstrations,topical,Demonstrations,,auto-seeded draft; review
lcsh|demonstrations-cayuga-nation,Demonstrations -- Cayuga Nation,y,demonstrations-cayuga-nation,topical,Demonstrations -- Cayuga Nation,,auto-seeded draft; review
http://id.loc.gov/authorities/subjects/sh2009001537.,Demonstrations -- Mexico,y,demonstrations-mexico,topical,Demonstrations -- Mexico,,auto-seeded draft; review
lcsh|demonstrations-poland-history-21st-century-pictorial-works,Demonstrations -- Poland -- History -- 21st century -- Pictorial works,y,demonstrations-poland-history-21st-century-pictorial-works,topical,Demonstrations -- Poland -- History -- 21st century -- Pictorial works,,auto-seeded draft; review
lcsh|denial-psychology,Denial (Psychology),y,denial-psychology,topical,Denial (Psychology),,auto-seeded draft; review
lcsh|description-and-travel,Description and travel,y,description-and-travel,topical,Description and travel,,auto-seeded draft; review
lcsh|desert-pictorial-works,Desert -- Pictorial works,y,desert-pictorial-works,topical,Desert -- Pictorial works,,auto-seeded draft; review
http://id.worldcat.org/fast/891230.,Deserts,y,deserts,topical,Deserts,,auto-seeded draft; review
lcsh|deserts-poetry,Deserts -- Poetry,y,deserts-poetry,topical,Deserts -- Poetry,,auto-seeded draft; review
lcsh|deserts-southwest-new-pictorial-works,"Deserts -- Southwest, New -- Pictorial works",y,deserts-southwest-new-pictorial-works,topical,"Deserts -- Southwest, New -- Pictorial works",,auto-seeded draft; review
lcsh|deserts-southwest-old-pictorial-works,"Deserts -- Southwest, Old -- Pictorial works",y,deserts-southwest-old-pictorial-works,topical,"Deserts -- Southwest, Old -- Pictorial works",,auto-seeded draft; review
http://id.worldcat.org/fast/891253.,Design,y,design,topical,Design,,auto-seeded draft; review
http://id.loc.gov/authorities/subjects/sh85037197.,Design,y,design,topical,Design,,auto-seeded draft; review
http://id.loc.gov/authorities/subjects/sh2009123237.,Design -- Philosophy,y,design-philosophy,topical,Design -- Philosophy,,auto-seeded draft; review
http://id.worldcat.org/fast/1769030.,Design -- Philosophy,y,design-philosophy,topical,Design -- Philosophy,,auto-seeded draft; review
lcsh|design-quotations-maxims-etc,"Design -- Quotations, maxims, etc",y,design-quotations-maxims-etc,topical,"Design -- Quotations, maxims, etc",,auto-seeded draft; review
http://id.loc.gov/authorities/subjects/sh96011505.,Desire in art,y,desire-in-art,topical,Desire in art,,auto-seeded draft; review
http://id.worldcat.org/fast/891363.,Desire in art,y,desire-in-art,topical,Desire in art,,auto-seeded draft; review
lcsh|desire-in-art,Desire in art,y,desire-in-art,topical,Desire in art,,auto-seeded draft; review
http://vocab.getty.edu/aat/300053087.,Destruction (process),y,destruction-process,topical,Destruction (process),,auto-seeded draft; review
http://id.loc.gov/authorities/subjects/sh85037293.,Detention of persons,y,detention-of-persons,topical,Detention of persons,,auto-seeded draft; review
http://id.worldcat.org/fast/891620.,Detention of persons,y,detention-of-persons,topical,Detention of persons,,auto-seeded draft; review
http://id.worldcat.org/fast/891974.,Devil,y,devil,topical,Devil,,auto-seeded draft; review
lcsh|devil-poetry,Devil -- Poetry,y,devil-poetry,topical,Devil -- Poetry,,auto-seeded draft; review
http://id.loc.gov/authorities/subjects/sh96011510.,Devil in art,y,devil-in-art,topical,Devil in art,,auto-seeded draft; review
http://id.worldcat.org/fast/891989.,Devil in art,y,devil-in-art,topical,Devil in art,,auto-seeded draft; review
lcsh|devil-in-art,Devil in art,y,devil-in-art,topical,Devil in art,,auto-seeded draft; review
http://id.loc.gov/authorities/subjects/sh85037601.,Diaries,y,diaries,topical,Diaries,,auto-seeded draft; review
http://id.worldcat.org/fast/892657.,Diaries,y,diaries,topical,Diaries,,auto-seeded draft; review
lcsh|diaries-blank-books-specimens,Diaries (Blank-books) -- Specimens,y,diaries-blank-books-specimens,topical,Diaries (Blank-books) -- Specimens,,auto-seeded draft; review
http://id.loc.gov/authorities/subjects/sh2012004587.,Diaries in art,y,diaries-in-art,topical,Diaries in art,,auto-seeded draft; review
http://id.worldcat.org/fast/1903004.,Diaries in art,y,diaries-in-art,topical,Diaries in art,,auto-seeded draft; review
lcsh|diaries-letters-and-memoirs,"Diaries, letters, and memoirs",y,diaries-letters-and-memoirs,topical,"Diaries, letters, and memoirs",,auto-seeded draft; review
lcsh|diary-fiction,Diary fiction,y,diary-fiction,topical,Diary fiction,,auto-seeded draft; review
http://id.worldcat.org/fast/892873.,Dictators,y,dictators,topical,Dictators,,auto-seeded draft; review
lcsh|dictators-history-20th-century,Dictators -- History -- 20th century,y,dictators-history-20th-century,topical,Dictators -- History -- 20th century,,auto-seeded draft; review
lcsh|dictators-history-21st-century,Dictators -- History -- 21st century,y,dictators-history-21st-century,topical,Dictators -- History -- 21st century,,auto-seeded draft; review
lcsh|dictators-pictorial-works,Dictators -- Pictorial works,y,dictators-pictorial-works,topical,Dictators -- Pictorial works,,auto-seeded draft; review
rvm|dieu-judai-sme-nom,Dieu (Judaïsme) -- Nom,y,dieu-judai-sme-nom,topical,Dieu (Judaïsme) -- Nom,,auto-seeded draft; review
(OCoLC)fst00893716,Digital Media,y,digital-media,topical,Digital Media,,auto-seeded draft; review
lcsh|digital-media,Digital media,y,digital-media,topical,Digital Media,,auto-seeded draft; review
lcsh|digital-printing-specimens,Digital printing -- Specimens,y,digital-printing-specimens,topical,Digital printing -- Specimens,,auto-seeded draft; review
http://id.worldcat.org/fast/893901.,Diners (Restaurants),y,diners-restaurants,topical,Diners (Restaurants),,auto-seeded draft; review
lcsh|diners-restaurants-spain-madrid-pictorial-works,Diners (Restaurants) -- Spain -- Madrid -- Pictorial works,y,diners-restaurants-spain-madrid-pictorial-works,topical,Diners (Restaurants) -- Spain -- Madrid -- Pictorial works,,auto-seeded draft; review
lcsh|dinners-and-dining-poetry,Dinners and dining -- Poetry,y,dinners-and-dining-poetry,topical,Dinners and dining -- Poetry,,auto-seeded draft; review
http://id.worldcat.org/fast/894097.,Diorama,y,diorama,topical,Diorama,,auto-seeded draft; review
lcsh|diorama-pictorial-works,Diorama -- Pictorial works,y,diorama-pictorial-works,topical,Diorama -- Pictorial works,,auto-seeded draft; review
http://id.loc.gov/authorities/subjects/sh85140008.,"Diplomatic and consular service, American",y,diplomatic-and-consular-service-american,topical,"Diplomatic and consular service, American",,auto-seeded draft; review
http://id.worldcat.org/fast/894209.,"Diplomatic and consular service, American",y,diplomatic-and-consular-service-american,topical,"Diplomatic and consular service, American",,auto-seeded draft; review
http://id.worldcat.org/fast/1907412.,Diplomatic relations,y,diplomatic-relations,topical,Diplomatic relations,,auto-seeded draft; review
http://id.worldcat.org/fast/894675.,Disappeared persons,y,disappeared-persons,topical,Disappeared persons,,auto-seeded draft; review
lcsh|disappeared-persons-comic-books-strips-etc,"Disappeared persons -- Comic books, strips, etc",y,disappeared-persons-comic-books-strips-etc,topical,"Disappeared persons -- Comic books, strips, etc",,auto-seeded draft; review
lcsh|disappeared-persons-mexico-guerrero-state-21st-century,Disappeared persons -- Mexico -- Guerrero (State) -- 21st century,y,disappeared-persons-mexico-guerrero-state-21st-century,topical,Disappeared persons -- Mexico -- Guerrero (State) -- 21st century,,auto-seeded draft; review
lcsh|discarding-of-books-periodicals-etc-pictorial-works,"Discarding of books, periodicals, etc -- Pictorial works",y,discarding-of-books-periodicals-etc-pictorial-works,topical,"Discarding of books, periodicals, etc -- Pictorial works",,auto-seeded draft; review
http://id.loc.gov/authorities/subjects/sh85038376.,Discrimination,y,discrimination,topical,Discrimination,,auto-seeded draft; review
http://id.worldcat.org/fast/894985.,Discrimination,y,discrimination,topical,Discrimination,,auto-seeded draft; review
rvm|discrimination-a-l-e-gard-des-femmes,Discrimination à l'égard des femmes,y,discrimination-a-l-e-gard-des-femmes,topical,Discrimination à l'égard des femmes,,auto-seeded draft; review
lcsh|discrimination-against-african-american-women-pictorial-works,Discrimination against African American women -- Pictorial works,y,discrimination-against-african-american-women-pictorial-works,topical,Discrimination against African American women -- Pictorial works,,auto-seeded draft; review
http://id.loc.gov/authorities/subjects/sh2014001823.,Discrimination in language,y,discrimination-in-language,topical,Discrimination in language,,auto-seeded draft; review
http://id.worldcat.org/fast/1910947.,Discrimination in language,y,discrimination-in-language,topical,Discrimination in language,,auto-seeded draft; review
rvm|discrimination-sexuelle-contre-les-femmes,Discrimination sexuelle contre les femmes,y,discrimination-sexuelle-contre-les-femmes,topical,Discrimination sexuelle contre les femmes,,auto-seeded draft; review
http://id.loc.gov/authorities/subjects/sh85038488.,Dissenters,y,dissenters,topical,Dissenters,,auto-seeded draft; review
http://id.worldcat.org/fast/895401.,Dissenters,y,dissenters,topical,Dissenters,,auto-seeded draft; review
http://id.worldcat.org/fast/895438.,Dissident art,y,dissident-art,topical,Dissident art,,auto-seeded draft; review
lcsh|dissident-art-united-states,Dissident art -- United States,y,dissident-art-united-states,topical,Dissident art -- United States,,auto-seeded draft; review
http://id.worldcat.org/fast/895809.,Divorce,y,divorce,topical,Divorce,,auto-seeded draft; review
lcsh|divorce-personal-narratives,Divorce -- Personal narratives,y,divorce-personal-narratives,topical,Divorce -- Personal narratives,,auto-seeded draft; review
http://id.loc.gov/authorities/subjects/sh2003006467.,DNA data banks,y,dna-data-banks,topical,DNA data banks,,auto-seeded draft; review
http://id.worldcat.org/fast/886582.,DNA data banks,y,dna-data-banks,topical,DNA data banks,,auto-seeded draft; review
http://id.loc.gov/authorities/subjects/sh99000228.,DNA in art,y,dna-in-art,topical,DNA in art,,auto-seeded draft; review
http://id.worldcat.org/fast/886590.,DNA in art,y,dna-in-art,topical,DNA in art,,auto-seeded draft; review
lcsh|dna-in-art,DNA in art,y,dna-in-art,topical,DNA in art,,auto-seeded draft; review
http://id.worldcat.org/fast/896093.,Documentary photography,y,documentary-photography,topical,Documentary photography,,auto-seeded draft; review
http://id.loc.gov/authorities/subjects/sh85101277.,Documentary photography,y,documentary-photography,topical,Documentary photography,,auto-seeded draft; review
lcsh|documentary-photography,Documentary photography,y,documentary-photography,topical,Documentary photography,,auto-seeded draft; review
lcsh|documentary-photography-china-beijing,Documentary photography -- China -- Beijing,y,documentary-photography-china-beijing,topical,Documentary photography -- China -- Beijing,,auto-seeded draft; review
lcsh|documentary-photography-exhibitions,Documentary photography -- Exhibitions,y,documentary-photography-exhibitions,topical,Documentary photography -- Exhibitions,,auto-seeded draft; review
lcsh|documentary-photography-italy-naples,Documentary photography -- Italy -- Naples,y,documentary-photography-italy-naples,topical,Documentary photography -- Italy -- Naples,,auto-seeded draft; review
lcsh|documentary-photography-japan-20th-century,Documentary photography -- Japan -- 20th century,y,documentary-photography-japan-20th-century,topical,Documentary photography -- Japan -- 20th century,,auto-seeded draft; review
lcsh|documentary-photography-michigan,Documentary photography -- Michigan,y,documentary-photography-michigan,topical,Documentary photography -- Michigan,,auto-seeded draft; review
lcsh|documentary-photography-new-york-state,Documentary photography -- New York (State),y,documentary-photography-new-york-state,topical,Documentary photography -- New York (State),,auto-seeded draft; review
lcsh|documentary-photography-new-york-state-new-york,Documentary photography -- New York (State) -- New York,y,documentary-photography-new-york-state-new-york,topical,Documentary photography -- New York (State) -- New York,,auto-seeded draft; review
http://id.worldcat.org/fast/896097.,Documentary photography -- Social aspects,y,documentary-photography-social-aspects,topical,Documentary photography -- Social aspects,,auto-seeded draft; review
lcsh|documentary-photography-social-aspects,Documentary photography -- Social aspects,y,documentary-photography-social-aspects,topical,Documentary photography -- Social aspects,,auto-seeded draft; review
lcsh|dogfighting,Dogfighting,y,dogfighting,topical,Dogfighting,,auto-seeded draft; review
http://id.worldcat.org/fast/896265.,Dogs,y,dogs,topical,Dogs,,auto-seeded draft; review
lcshac|dogs,Dogs,y,dogs,topical,Dogs,,auto-seeded draft; review
http://id.loc.gov/authorities/subjects/sh2008102051.,Dogs -- Fiction,y,dogs-fiction,topical,Dogs -- Fiction,,auto-seeded draft; review
http://id.worldcat.org/fast/896302.,Dogs -- Fiction,y,dogs-fiction,topical,Dogs -- Fiction,,auto-seeded draft; review
lcsh|dogs-in-art,Dogs in art,y,dogs-in-art,topical,Dogs in art,,auto-seeded draft; review
http://id.loc.gov/authorities/subjects/sh97000077.,Dolls in art,y,dolls-in-art,topical,Dolls in art,,auto-seeded draft; review
http://id.worldcat.org/fast/896481.,Dolls in art,y,dolls-in-art,topical,Dolls in art,,auto-seeded draft; review
lcsh|dolls-in-art,Dolls in art,y,dolls-in-art,topical,Dolls in art,,auto-seeded draft; review
http://id.worldcat.org/fast/896894.,Doors,y,doors,topical,Doors,,auto-seeded draft; review
lcsh|doors-korea-pictorial-works,Doors -- Korea -- Pictorial works,y,doors-korea-pictorial-works,topical,Doors -- Korea -- Pictorial works,,auto-seeded draft; review
unspecified|dos-a-dos-binding-specimens,Dos-a-dos binding -- Specimens,y,dos-a-dos-binding-specimens,topical,Dos-a-dos binding -- Specimens,,auto-seeded draft; review
http://id.worldcat.org/fast/2025633.,Drag queens,y,drag-queens,topical,Drag queens,,auto-seeded draft; review
https://homosaurus.org/v4/homoit0000375.,Drag queens,y,drag-queens,topical,Drag queens,,auto-seeded draft; review
lcsh|drag-queens-cuba-havana-fiction,Drag queens -- Cuba -- Havana -- Fiction,y,drag-queens-cuba-havana-fiction,topical,Drag queens -- Cuba -- Havana -- Fiction,,auto-seeded draft; review
lcsh|dragons-in-art-exhibitions,Dragons in art -- Exhibitions,y,dragons-in-art-exhibitions,topical,Dragons in art -- Exhibitions,,auto-seeded draft; review
http://id.worldcat.org/fast/897411.,Drainage,y,drainage,topical,Drainage,,auto-seeded draft; review
lcsh|drainage-united-states-maps,Drainage -- United States -- Maps,y,drainage-united-states-maps,topical,Drainage -- United States -- Maps,,auto-seeded draft; review
http://id.worldcat.org/fast/897725.,Drawing,y,drawing,topical,Drawing,,auto-seeded draft; review
lcsh|drawing,Drawing,y,drawing,topical,Drawing,,auto-seeded draft; review
http://id.loc.gov/authorities/subjects/sh85039408.,Drawing,y,drawing,topical,Drawing,,auto-seeded draft; review
http://id.loc.gov/authorities/subjects/sh85039415.,Drawing -- 20th century,y,drawing-20th-century,topical,Drawing -- 20th century,,auto-seeded draft; review
http://id.loc.gov/authorities/subjects/sh2005001314.,Drawing -- 21st century,y,drawing-21st-century,topical,Drawing -- 21st century,,auto-seeded draft; review
http://id.worldcat.org/fast/897741.,Drawing -- Philosophy,y,drawing-philosophy,topical,Drawing -- Philosophy,,auto-seeded draft; review
lcsh|drawing-philosophy,Drawing -- Philosophy,y,drawing-philosophy,topical,Drawing -- Philosophy,,auto-seeded draft; review
(OCoLC)fst00897776,"Drawing, American",y,drawing-american,topical,"Drawing, American",,auto-seeded draft; review
http://id.worldcat.org/fast/897776.,"Drawing, American",y,drawing-american,topical,"Drawing, American",,auto-seeded draft; review
lcsh|drawing-american-20th-century,"Drawing, American -- 20th century",y,drawing-american-20th-century,topical,"Drawing, American -- 20th century",,auto-seeded draft; review
lcsh|drawing-american-21st-century,"Drawing, American -- 21st century",y,drawing-american-21st-century,topical,"Drawing, American -- 21st century",,auto-seeded draft; review
http://id.worldcat.org/fast/897801.,"Drawing, Colombian",y,drawing-colombian,topical,"Drawing, Colombian",,auto-seeded draft; review
lcsh|drawing-colombian-21st-century,"Drawing, Colombian -- 21st century",y,drawing-colombian-21st-century,topical,"Drawing, Colombian -- 21st century",,auto-seeded draft; review
http://id.worldcat.org/fast/897818.,"Drawing, French",y,drawing-french,topical,"Drawing, French",,auto-seeded draft; review
lcsh|drawing-french-21st-century,"Drawing, French -- 21st century",y,drawing-french-21st-century,topical,"Drawing, French -- 21st century",,auto-seeded draft; review
http://id.worldcat.org/fast/897844.,"Drawing, Mexican",y,drawing-mexican,topical,"Drawing, Mexican",,auto-seeded draft; review
lcsh|drawing-mexican-21st-century,"Drawing, Mexican -- 21st century",y,drawing-mexican-21st-century,topical,"Drawing, Mexican -- 21st century",,auto-seeded draft; review
lcsh|drawings-german-20th-century,"Drawings, German -- 20th century",y,drawings-german-20th-century,topical,"Drawings, German -- 20th century",,auto-seeded draft; review
local|drawings-animals,Drawings: Animals,y,drawings-animals,topical,Drawings: Animals,,auto-seeded draft; review
local|drawings-book-illustrations-dramatizations-representations-of-legends-etc,"Drawings: Book illustrations, dramatizations, representations of legends, etc",y,drawings-book-illustrations-dramatizations-representations-of-legends-etc,topical,"Drawings: Book illustrations, dramatizations, representations of legends, etc",,auto-seeded draft; review
local|drawings-figures-other-than-portraits-men-full-length,Drawings: Figures other than portraits: Men: Full length,y,drawings-figures-other-than-portraits-men-full-length,topical,Drawings: Figures other than portraits: Men: Full length,,auto-seeded draft; review
local|drawings-genre,Drawings: Genre,y,drawings-genre,topical,Drawings: Genre,,auto-seeded draft; review
local|drawings-old-testament,Drawings: Old Testament,y,drawings-old-testament,topical,Drawings: Old Testament,,auto-seeded draft; review
(OCoLC)fst01198490,Dreams,y,dreams,topical,Dreams,,auto-seeded draft; review
http://id.worldcat.org/fast/1198490.,Dreams,y,dreams,topical,Dreams,,auto-seeded draft; review
lcsh|dreams,Dreams,y,dreams,topical,Dreams,,auto-seeded draft; review
http://id.loc.gov/authorities/subjects/sh2009123809.,Dreams -- Juvenile fiction,y,dreams-juvenile-fiction,topical,Dreams -- Juvenile fiction,,auto-seeded draft; review
lcsh|dreams-pictorial-works,Dreams -- Pictorial works,y,dreams-pictorial-works,topical,Dreams -- Pictorial works,,auto-seeded draft; review
http://id.loc.gov/authorities/subjects/sh85039486.,Dreams in art,y,dreams-in-art,topical,Dreams in art,,auto-seeded draft; review
http://id.worldcat.org/fast/897910.,Dreams in art,y,dreams-in-art,topical,Dreams in art,,auto-seeded draft; review
lcsh|dreams-in-art,Dreams in art,y,dreams-in-art,topical,Dreams in art,,auto-seeded draft; review
(OCoLC)fst00897910,Dreams in art,y,dreams-in-art,topical,Dreams in art,,auto-seeded draft; review
http://id.worldcat.org/fast/897995.,Dresses,y,dresses,topical,Dresses,,auto-seeded draft; review
lcsh|dresses-pictorial-works,Dresses -- Pictorial works,y,dresses-pictorial-works,topical,Dresses -- Pictorial works,,auto-seeded draft; review
unspecified|dried-flowers-plants,Dried flowers (plants),y,dried-flowers-plants,topical,Dried flowers (plants),,auto-seeded draft; review
http://id.loc.gov/authorities/subjects/sh85039671.,Drowning victims,y,drowning-victims,topical,Drowning victims,,auto-seeded draft; review
http://id.worldcat.org/fast/898476.,Drowning victims,y,drowning-victims,topical,Drowning victims,,auto-seeded draft; review
http://id.loc.gov/authorities/subjects/sh85039719.,Drugs,y,drugs,topical,Drugs,,auto-seeded draft; review
http://id.worldcat.org/fast/898761.,Drugs,y,drugs,topical,Drugs,,auto-seeded draft; review
http://id.loc.gov/authorities/subjects/sh88001424.,Drunkenness (Philosophy),y,drunkenness-philosophy,topical,Drunkenness (Philosophy),,auto-seeded draft; review
http://id.worldcat.org/fast/899102.,Drunkenness (Philosophy),y,drunkenness-philosophy,topical,Drunkenness (Philosophy),,auto-seeded draft; review
http://id.worldcat.org/fast/899630.,Dust,y,dust,topical,Dust,,auto-seeded draft; review
lcsh|dust-miscellanea,Dust -- Miscellanea,y,dust-miscellanea,topical,Dust -- Miscellanea,,auto-seeded draft; review
lcsh|dust-southwest-new-pictorial-works,"Dust -- Southwest, New -- Pictorial works",y,dust-southwest-new-pictorial-works,topical,"Dust -- Southwest, New -- Pictorial works",,auto-seeded draft; review
lcsh|dust-southwest-old-pictorial-works,"Dust -- Southwest, Old -- Pictorial works",y,dust-southwest-old-pictorial-works,topical,"Dust -- Southwest, Old -- Pictorial works",,auto-seeded draft; review
http://id.loc.gov/authorities/subjects/sh2017003932,Dwarfs (Folklore) in art,y,dwarfs-folklore-in-art,topical,Dwarfs (Folklore) in art,,auto-seeded draft; review
http://id.loc.gov/authorities/subjects/sh2017003931,Dwarfs (Persons) in art,y,dwarfs-persons-in-art,topical,Dwarfs (Persons) in art,,auto-seeded draft; review
lcsh|dwellings-morocco-pictorial-works,Dwellings -- Morocco -- Pictorial works,y,dwellings-morocco-pictorial-works,topical,Dwellings -- Morocco -- Pictorial works,,auto-seeded draft; review
lcsh|dwellings-in-art,Dwellings in art,y,dwellings-in-art,topical,Dwellings in art,,auto-seeded draft; review
http://id.loc.gov/authorities/subjects/sh96011516.,Dwellings in art,y,dwellings-in-art,topical,Dwellings in art,,auto-seeded draft; review
http://id.worldcat.org/fast/900209.,Dwellings in art,y,dwellings-in-art,topical,Dwellings in art,,auto-seeded draft; review
http://id.loc.gov/authorities/subjects/sh85040281.,Dyes and dyeing,y,dyes-and-dyeing,topical,Dyes and dyeing,,auto-seeded draft; review
http://id.worldcat.org/fast/900233.,Dyes and dyeing,y,dyes-and-dyeing,topical,Dyes and dyeing,,auto-seeded draft; review
lcsh|earth-sciences,Earth sciences,y,earth-sciences,topical,Earth sciences,,auto-seeded draft; review
http://id.loc.gov/authorities/subjects/sh85040508.,Earthworks (Art),y,earthworks-art,topical,Earthworks (Art),,auto-seeded draft; review
http://id.worldcat.org/fast/900959.,Earthworks (Art),y,earthworks-art,topical,Earthworks (Art),,auto-seeded draft; review
lcsh|earthworks-art-england,Earthworks (Art) -- England,y,earthworks-art-england,topical,Earthworks (Art) -- England,,auto-seeded draft; review
lcsh|earthworks-art-europe,Earthworks (Art) -- Europe,y,earthworks-art-europe,topical,Earthworks (Art) -- Europe,,auto-seeded draft; review
http://id.loc.gov/authorities/subjects/sh85040522.,East and West,y,east-and-west,topical,East and West,,auto-seeded draft; review
http://id.worldcat.org/fast/901090.,East and West,y,east-and-west,topical,East and West,,auto-seeded draft; review
lcsh|eavesdropping,Eavesdropping,y,eavesdropping,topical,Eavesdropping,,auto-seeded draft; review
unspecified|eccentrics-and-eccentricities-in-art,Eccentrics and eccentricities in art,y,eccentrics-and-eccentricities-in-art,topical,Eccentrics and eccentricities in art,,auto-seeded draft; review
lcsh|eclecticism-in-art-japan,Eclecticism in art -- Japan,y,eclecticism-in-art-japan,topical,Eclecticism in art -- Japan,,auto-seeded draft; review
http://id.loc.gov/authorities/subjects/sh91001601.,Ecofeminism,y,ecofeminism,topical,Ecofeminism,,auto-seeded draft; review
http://id.worldcat.org/fast/901429.,Ecofeminism,y,ecofeminism,topical,Ecofeminism,,auto-seeded draft; review
https://homosaurus.org/v4/homoit0000387.,Ecofeminism,y,ecofeminism,topical,Ecofeminism,,auto-seeded draft; review
http://vocab.getty.edu/aat/300249275.,Ecological art,y,ecological-art,topical,Ecological art,,auto-seeded draft; review
http://id.loc.gov/authorities/subjects/sh85040752.,Ecology,y,ecology,topical,Ecology,,auto-seeded draft; review
http://id.worldcat.org/fast/901476.,Ecology,y,ecology,topical,Ecology,,auto-seeded draft; review
http://id.loc.gov/authorities/subjects/sh97000102.,Ecology in art,y,ecology-in-art,topical,Ecology in art,,auto-seeded draft; review
http://id.worldcat.org/fast/901556.,Ecology in art,y,ecology-in-art,topical,Ecology in art,,auto-seeded draft; review
http://id.worldcat.org/fast/1919582.,Economic conditions,y,economic-conditions,topical,Economic conditions,,auto-seeded draft; review
http://id.loc.gov/authorities/subjects/sh00003491.,Ecosystem health,y,ecosystem-health,topical,Ecosystem health,,auto-seeded draft; review
http://id.worldcat.org/fast/902296.,Ecosystem health,y,ecosystem-health,topical,Ecosystem health,,auto-seeded draft; review
http://id.worldcat.org/fast/1753575.,Edible mushrooms,y,edible-mushrooms,topical,Edible mushrooms,,auto-seeded draft; review
lcsh|edible-mushrooms-united-states-pictorial-works,Edible mushrooms -- United States -- Pictorial works,y,edible-mushrooms-united-states-pictorial-works,topical,Edible mushrooms -- United States -- Pictorial works,,auto-seeded draft; review
ram|edinburgh-expositions-1985-1986,Edinburgh -- Expositions -- 1985-1986,y,edinburgh-expositions-1985-1986,topical,Edinburgh -- Expositions -- 1985-1986,,auto-seeded draft; review
ram|edinburgh-fruitmarket-gallery-expositions-1985-1986,"Edinburgh, Fruitmarket gallery -- Expositions -- 1985-1986",y,edinburgh-fruitmarket-gallery-expositions-1985-1986,topical,"Edinburgh, Fruitmarket gallery -- Expositions -- 1985-1986",,auto-seeded draft; review
lcsh|education-pictorial-works,Education -- Pictorial works,y,education-pictorial-works,topical,Education -- Pictorial works,,auto-seeded draft; review
(OCoLC)fst00902864,Education in art,y,education-in-art,topical,Education in art,,auto-seeded draft; review
http://id.worldcat.org/fast/902886.,"Education, Bilingual",y,education-bilingual,topical,"Education, Bilingual",,auto-seeded draft; review
http://id.worldcat.org/fast/902908.,"Education, Bilingual -- Social aspects",y,education-bilingual-social-aspects,topical,"Education, Bilingual -- Social aspects",,auto-seeded draft; review
lcsh|education-bilingual-social-aspects-pakistan,"Education, Bilingual -- Social aspects -- Pakistan",y,education-bilingual-social-aspects-pakistan,topical,"Education, Bilingual -- Social aspects -- Pakistan",,auto-seeded draft; review
rvm|e-lastiques,Élastiques,y,e-lastiques,topical,Élastiques,,auto-seeded draft; review
fast|elections,Elections,y,elections,topical,Elections,,auto-seeded draft; review
lcsh|elections-california-san-francisco-humor,Elections -- California -- San Francisco -- Humor,y,elections-california-san-francisco-humor,topical,Elections -- California -- San Francisco -- Humor,,auto-seeded draft; review
rvm|e-lections-californie-san-francisco-humour,Élections -- Californie -- San Francisco -- Humour,y,e-lections-californie-san-francisco-humour,topical,Élections -- Californie -- San Francisco -- Humour,,auto-seeded draft; review
lcsh|elections-united-states-humor,Elections -- United States -- Humor,y,elections-united-states-humor,topical,Elections -- United States -- Humor,,auto-seeded draft; review
lcsh|electric-lines-poles-and-towers,Electric lines -- Poles and towers,y,electric-lines-poles-and-towers,topical,Electric lines -- Poles and towers,,auto-seeded draft; review
(OCoLC)fst00906956,Electronic data processing,y,electronic-data-processing,topical,Electronic data processing,,auto-seeded draft; review
http://id.loc.gov/authorities/subjects/sh2008102641,Electronic data processing -- Periodicals,y,electronic-data-processing-periodicals,topical,Electronic data processing -- Periodicals,,auto-seeded draft; review
http://id.worldcat.org/fast/907477.,Electronic surveillance,y,electronic-surveillance,topical,Electronic surveillance,,auto-seeded draft; review
http://id.loc.gov/authorities/subjects/sh2008102512.,Electronic surveillance -- United States,y,electronic-surveillance-united-states,topical,Electronic surveillance -- United States,,auto-seeded draft; review
http://id.worldcat.org/fast/908133.,Elk,y,elk,topical,Elk,,auto-seeded draft; review
lcsh|elk-pictorial-works,Elk -- Pictorial works,y,elk-pictorial-works,topical,Elk -- Pictorial works,,auto-seeded draft; review
lcsh|elk-wyoming-jackson-hole-pictorial-works,Elk -- Wyoming -- Jackson Hole -- Pictorial works,y,elk-wyoming-jackson-hole-pictorial-works,topical,Elk -- Wyoming -- Jackson Hole -- Pictorial works,,auto-seeded draft; review
http://id.loc.gov/authorities/subjects/sh85042693.,Emblems,y,emblems,topical,Emblems,,auto-seeded draft; review
http://id.worldcat.org/fast/908357.,Emblems,y,emblems,topical,Emblems,,auto-seeded draft; review
http://id.loc.gov/authorities/subjects/sh85042701.,Embroidery,y,embroidery,topical,Embroidery,,auto-seeded draft; review
http://id.worldcat.org/fast/908378.,Embroidery,y,embroidery,topical,Embroidery,,auto-seeded draft; review
lcsh|embroidery-hmong,"Embroidery, Hmong",y,embroidery-hmong,topical,"Embroidery, Hmong",,auto-seeded draft; review
lcsh|emergence-philosophy,Emergence (Philosophy),y,emergence-philosophy,topical,Emergence (Philosophy),,auto-seeded draft; review
http://id.worldcat.org/fast/908690.,Emigration and immigration,y,emigration-and-immigration,topical,Emigration and immigration,,auto-seeded draft; review
http://id.loc.gov/authorities/subjects/sh85042782.,Emigration and immigration,y,emigration-and-immigration,topical,Emigration and immigration,,auto-seeded draft; review
http://id.worldcat.org/fast/908722.,Emigration and immigration -- Social aspects,y,emigration-and-immigration-social-aspects,topical,Emigration and immigration -- Social aspects,,auto-seeded draft; review
http://id.loc.gov/authorities/subjects/sh99001150.,Emigration and immigration in art,y,emigration-and-immigration-in-art,topical,Emigration and immigration in art,,auto-seeded draft; review
http://id.worldcat.org/fast/908731.,Emigration and immigration in art,y,emigration-and-immigration-in-art,topical,Emigration and immigration in art,,auto-seeded draft; review
http://id.worldcat.org/fast/908819.,Emotions,y,emotions,topical,Emotions,,auto-seeded draft; review
http://id.loc.gov/authorities/subjects/sh85042818.,Emotions,y,emotions,topical,Emotions,,auto-seeded draft; review
http://id.worldcat.org/fast/908830.,Emotions -- Physiological aspects,y,emotions-physiological-aspects,topical,Emotions -- Physiological aspects,,auto-seeded draft; review
lcsh|emotions-physiological-aspects-in-art,Emotions -- Physiological aspects -- In art,y,emotions-physiological-aspects-in-art,topical,Emotions -- Physiological aspects -- In art,,auto-seeded draft; review
http://id.loc.gov/authorities/subjects/sh85042824.,Emotions in art,y,emotions-in-art,topical,Emotions in art,,auto-seeded draft; review
http://id.worldcat.org/fast/908862.,Emotions in art,y,emotions-in-art,topical,Emotions in art,,auto-seeded draft; review
(OCoLC)fst00908891,Empathy in art,y,empathy-in-art,topical,Empathy in art,,auto-seeded draft; review
lcsh|empathy-in-art,Empathy in art,y,empathy-in-art,topical,Empathy in art,,auto-seeded draft; review
lcsh|employee-rights-california-los-angeles-county,Employee rights -- California -- Los Angeles County,y,employee-rights-california-los-angeles-county,topical,Employee rights -- California -- Los Angeles County,,auto-seeded draft; review
lcsh|employees-dismissal-of-ontario-london-art,Employees -- Dismissal of -- Ontario -- London -- Art,y,employees-dismissal-of-ontario-london-art,topical,Employees -- Dismissal of -- Ontario -- London -- Art,,auto-seeded draft; review
lcsh|employment-interviewing-humor,Employment interviewing -- Humor,y,employment-interviewing-humor,topical,Employment interviewing -- Humor,,auto-seeded draft; review
http://id.worldcat.org/fast/909533.,Encyclopedias and dictionaries,y,encyclopedias-and-dictionaries,topical,Encyclopedias and dictionaries,,auto-seeded draft; review
lcsh|encyclopedias-and-dictionaries-social-aspects,Encyclopedias and dictionaries -- Social aspects,y,encyclopedias-and-dictionaries-social-aspects,topical,Encyclopedias and dictionaries -- Social aspects,,auto-seeded draft; review
http://id.loc.gov/authorities/subjects/sh94004256.,Encyclopedias and dictionaries in literature,y,encyclopedias-and-dictionaries-in-literature,topical,Encyclopedias and dictionaries in literature,,auto-seeded draft; review
http://id.worldcat.org/fast/909549.,Encyclopedias and dictionaries in literature,y,encyclopedias-and-dictionaries-in-literature,topical,Encyclopedias and dictionaries in literature,,auto-seeded draft; review
http://id.worldcat.org/fast/909634.,End of the world,y,end-of-the-world,topical,End of the world,,auto-seeded draft; review
lcsh|end-of-the-world-handbooks-manuals-etc,"End of the world -- Handbooks, manuals, etc",y,end-of-the-world-handbooks-manuals-etc,topical,"End of the world -- Handbooks, manuals, etc",,auto-seeded draft; review
lcsh|endangered-ecosystems-costa-rica,Endangered ecosystems -- Costa Rica,y,endangered-ecosystems-costa-rica,topical,Endangered ecosystems -- Costa Rica,,auto-seeded draft; review
http://id.worldcat.org/fast/909650.,Endangered plants,y,endangered-plants,topical,Endangered plants,,auto-seeded draft; review
lcsh|endangered-plants-maine-exhibitions,Endangered plants -- Maine -- Exhibitions,y,endangered-plants-maine-exhibitions,topical,Endangered plants -- Maine -- Exhibitions,,auto-seeded draft; review
lcsh|endangered-plants-poetry,Endangered plants -- Poetry,y,endangered-plants-poetry,topical,Endangered plants -- Poetry,,auto-seeded draft; review
http://id.worldcat.org/fast/909658.,Endangered species,y,endangered-species,topical,Endangered species,,auto-seeded draft; review
lcsh|endangered-species-maine-exhibitions,Endangered species -- Maine -- Exhibitions,y,endangered-species-maine-exhibitions,topical,Endangered species -- Maine -- Exhibitions,,auto-seeded draft; review
http://id.worldcat.org/fast/1735610.,Enemies,y,enemies,topical,Enemies,,auto-seeded draft; review
lcsh|enemies-fiction,Enemies -- Fiction,y,enemies-fiction,topical,Enemies -- Fiction,,auto-seeded draft; review
lcsh|engel,Engel,y,engel,topical,Engel,,auto-seeded draft; review
lcsh|engels,Engels,y,engels,topical,Engels,,auto-seeded draft; review
(DE-576)208909400,Englisch,y,englisch,topical,Englisch,,auto-seeded draft; review
lcsh|english-essays-20th-century,English essays -- 20th century,y,english-essays-20th-century,topical,English essays -- 20th century,,auto-seeded draft; review
http://id.worldcat.org/fast/910920.,English language,y,english-language,topical,English language,,auto-seeded draft; review
lcsh|english-language-19th-century-punctuation,English language -- 19th century -- Punctuation,y,english-language-19th-century-punctuation,topical,English language -- 19th century -- Punctuation,,auto-seeded draft; review
http://id.worldcat.org/fast/910941.,English language -- Alphabet,y,english-language-alphabet,topical,English language -- Alphabet,,auto-seeded draft; review
lcsh|english-language-alphabet,English language -- Alphabet,y,english-language-alphabet,topical,English language -- Alphabet,,auto-seeded draft; review
http://id.loc.gov/authorities/subjects/sh2008103036.,English language -- Alphabet -- Juvenile literature,y,english-language-alphabet-juvenile-literature,topical,English language -- Alphabet -- Juvenile literature,,auto-seeded draft; review
lcsh|english-language-alphabet-juvenile-literature,English language -- Alphabet -- Juvenile literature,y,english-language-alphabet-juvenile-literature,topical,English language -- Alphabet -- Juvenile literature,,auto-seeded draft; review
lcsh|english-language-alphabet-juvenile-poetry,English language -- Alphabet -- Juvenile poetry,y,english-language-alphabet-juvenile-poetry,topical,English language -- Alphabet -- Juvenile poetry,,auto-seeded draft; review
lcsh|english-language-alphabet-poetry,English language -- Alphabet -- Poetry,y,english-language-alphabet-poetry,topical,English language -- Alphabet -- Poetry,,auto-seeded draft; review
lcsh|english-language-heteronyms,English language -- Heteronyms,y,english-language-heteronyms,topical,English language -- Heteronyms,,auto-seeded draft; review
http://id.loc.gov/authorities/subjects/sh85043583.,English language -- Idioms,y,english-language-idioms,topical,English language -- Idioms,,auto-seeded draft; review
http://id.worldcat.org/fast/911297.,English language -- Idioms,y,english-language-idioms,topical,English language -- Idioms,,auto-seeded draft; review
http://id.loc.gov/authorities/subjects/sh85043619.,English language -- Obscene words,y,english-language-obscene-words,topical,English language -- Obscene words,,auto-seeded draft; review
http://id.worldcat.org/fast/911410.,English language -- Obscene words,y,english-language-obscene-words,topical,English language -- Obscene words,,auto-seeded draft; review
http://id.loc.gov/authorities/subjects/sh85043743.,English language -- Terms and phrases,y,english-language-terms-and-phrases,topical,English language -- Terms and phrases,,auto-seeded draft; review
http://id.worldcat.org/fast/911873.,English language -- Terms and phrases,y,english-language-terms-and-phrases,topical,English language -- Terms and phrases,,auto-seeded draft; review
http://id.loc.gov/authorities/subjects/sh85043777.,English literature,y,english-literature,topical,English literature,,auto-seeded draft; review
http://id.worldcat.org/fast/911989.,English literature,y,english-literature,topical,English literature,,auto-seeded draft; review
lcsh|english-literature,English literature,y,english-literature,topical,English literature,,auto-seeded draft; review
unspecified|english-literature,English literature,y,english-literature,topical,English literature,,auto-seeded draft; review
lcsh|english-literature-19th-century,English literature -- 19th century,y,english-literature-19th-century,topical,English literature -- 19th century,,auto-seeded draft; review
http://id.worldcat.org/fast/1120522.,Enslaved persons,y,enslaved-persons,topical,Enslaved persons,,auto-seeded draft; review
http://id.loc.gov/authorities/subjects/sh85123316.,Enslaved persons -- Social conditions,y,enslaved-persons-social-conditions,topical,Enslaved persons -- Social conditions,,auto-seeded draft; review
http://id.worldcat.org/fast/1120577.,Enslaved persons -- Social conditions,y,enslaved-persons-social-conditions,topical,Enslaved persons -- Social conditions,,auto-seeded draft; review
lcsh|enslaved-persons-west-indies-british-biography,"Enslaved persons -- West Indies, British -- Biography",y,enslaved-persons-west-indies-british-biography,topical,"Enslaved persons -- West Indies, British -- Biography",,auto-seeded draft; review
lcsh|enslaved-persons-west-indies-british-portraits,"Enslaved persons -- West Indies, British -- Portraits",y,enslaved-persons-west-indies-british-portraits,topical,"Enslaved persons -- West Indies, British -- Portraits",,auto-seeded draft; review
lcsh|enslaved-women-fiction,Enslaved women -- Fiction,y,enslaved-women-fiction,topical,Enslaved women -- Fiction,,auto-seeded draft; review
lcsh|entertaining,Entertaining,y,entertaining,topical,Entertaining,,auto-seeded draft; review
lcsh|envelopes-stationery,Envelopes (Stationery),y,envelopes-stationery,topical,Envelopes (Stationery),,auto-seeded draft; review
unspecified|envelopes-stationery,Envelopes (Stationery),y,envelopes-stationery,topical,Envelopes (Stationery),,auto-seeded draft; review
lcsh|envelopes-stationery-in-art,Envelopes (Stationery) in art,y,envelopes-stationery-in-art,topical,Envelopes (Stationery) in art,,auto-seeded draft; review
http://id.worldcat.org/fast/912849.,Environment (Art),y,environment-art,topical,Environment (Art),,auto-seeded draft; review
http://id.loc.gov/authorities/subjects/sh85044164.,Environment (Art),y,environment-art,topical,Environment (Art),,auto-seeded draft; review
lcsh|environment-art,Environment (Art),y,environment-art,topical,Environment (Art),,auto-seeded draft; review
lcsh|environment-art-france,Environment (Art) -- France,y,environment-art-france,topical,Environment (Art) -- France,,auto-seeded draft; review
lcsh|environment-art-germany-hamburg-exhibitions,Environment (Art) -- Germany -- Hamburg -- Exhibitions,y,environment-art-germany-hamburg-exhibitions,topical,Environment (Art) -- Germany -- Hamburg -- Exhibitions,,auto-seeded draft; review
http://id.loc.gov/authorities/subjects/sh89001224.,Environment (Art) -- United States,y,environment-art-united-states,topical,Environment (Art) -- United States,,auto-seeded draft; review
http://id.worldcat.org/fast/1983362.,Environmental conditions,y,environmental-conditions,topical,Environmental conditions,,auto-seeded draft; review
http://id.worldcat.org/fast/912877.,Environmental degradation,y,environmental-degradation,topical,Environmental degradation,,auto-seeded draft; review
lcsh|environmental-degradation-colorado-pictorial-works,Environmental degradation -- Colorado -- Pictorial works,y,environmental-degradation-colorado-pictorial-works,topical,Environmental degradation -- Colorado -- Pictorial works,,auto-seeded draft; review
lcsh|environmental-degradation-north-america,Environmental degradation -- North America,y,environmental-degradation-north-america,topical,Environmental degradation -- North America,,auto-seeded draft; review
lcsh|environmental-protection-georgia-cumberland-island,Environmental protection -- Georgia -- Cumberland Island,y,environmental-protection-georgia-cumberland-island,topical,Environmental protection -- Georgia -- Cumberland Island,,auto-seeded draft; review
lcsh|environmental-protection-songs-and-music,Environmental protection -- Songs and music,y,environmental-protection-songs-and-music,topical,Environmental protection -- Songs and music,,auto-seeded draft; review
http://id.worldcat.org/fast/913560.,Environmentally induced diseases,y,environmentally-induced-diseases,topical,Environmentally induced diseases,,auto-seeded draft; review
lcsh|environmentally-induced-diseases-pictorial-works,Environmentally induced diseases -- Pictorial works,y,environmentally-induced-diseases-pictorial-works,topical,Environmentally induced diseases -- Pictorial works,,auto-seeded draft; review
http://id.worldcat.org/fast/914754.,Erosion,y,erosion,topical,Erosion,,auto-seeded draft; review
lcsh|erosion-pictorial-works,Erosion -- Pictorial works,y,erosion-pictorial-works,topical,Erosion -- Pictorial works,,auto-seeded draft; review
http://id.worldcat.org/fast/914768.,Erotic art,y,erotic-art,topical,Erotic art,,auto-seeded draft; review
http://id.loc.gov/authorities/subjects/sh85044668.,Erotic art,y,erotic-art,topical,Erotic art,,auto-seeded draft; review
lcsh|erotic-art-mexico,Erotic art -- Mexico,y,erotic-art-mexico,topical,Erotic art -- Mexico,,auto-seeded draft; review
lcsh|erotic-bookplates-21st-century-exhibitions,Erotic bookplates -- 21st century -- Exhibitions,y,erotic-bookplates-21st-century-exhibitions,topical,Erotic bookplates -- 21st century -- Exhibitions,,auto-seeded draft; review
http://id.loc.gov/authorities/subjects/sh86000984.,Erotic drawing,y,erotic-drawing,topical,Erotic drawing,,auto-seeded draft; review
http://id.worldcat.org/fast/914778.,Erotic drawing,y,erotic-drawing,topical,Erotic drawing,,auto-seeded draft; review
lcsh|erotic-stories,Erotic stories,y,erotic-stories,topical,Erotic stories,,auto-seeded draft; review
http://id.loc.gov/authorities/subjects/sh97002947.,"Erotic stories, Mexican",y,erotic-stories-mexican,topical,"Erotic stories, Mexican",,auto-seeded draft; review
http://id.worldcat.org/fast/914994.,"Erotic stories, Mexican",y,erotic-stories-mexican,topical,"Erotic stories, Mexican",,auto-seeded draft; review
http://id.loc.gov/authorities/subjects/sh85044780.,Escape (Psychology),y,escape-psychology,topical,Escape (Psychology),,auto-seeded draft; review
http://id.worldcat.org/fast/915123.,Escape (Psychology),y,escape-psychology,topical,Escape (Psychology),,auto-seeded draft; review
lcsh|etching-specimens,Etching -- Specimens,y,etching-specimens,topical,Etching -- Specimens,,auto-seeded draft; review
lcsh|etching-printing-process,Etching (printing process),y,etching-printing-process,topical,Etching (printing process),,auto-seeded draft; review
lcsh|etchings,Etchings,y,etchings,topical,Etchings,,auto-seeded draft; review
http://id.worldcat.org/fast/916005.,Ethnic relations,y,ethnic-relations,topical,Ethnic relations,,auto-seeded draft; review
http://id.worldcat.org/fast/916072.,Ethnobiology,y,ethnobiology,topical,Ethnobiology,,auto-seeded draft; review
lcsh|ethnobiology-caribbean-area,Ethnobiology -- Caribbean Area,y,ethnobiology-caribbean-area,topical,Ethnobiology -- Caribbean Area,,auto-seeded draft; review
lcsh|etiquette,Etiquette,y,etiquette,topical,Etiquette,,auto-seeded draft; review
http://id.loc.gov/authorities/subjects/sh85045906.,Euthanasia,y,euthanasia,topical,Euthanasia,,auto-seeded draft; review
http://id.worldcat.org/fast/916915.,Euthanasia,y,euthanasia,topical,Euthanasia,,auto-seeded draft; review
lcsh|eviction-wales-epynt-mountain-history,Eviction -- Wales -- Epynt Mountain -- History,y,eviction-wales-epynt-mountain-history,topical,Eviction -- Wales -- Epynt Mountain -- History,,auto-seeded draft; review
lcsh|evil-eye-india,Evil eye -- India,y,evil-eye-india,topical,Evil eye -- India,,auto-seeded draft; review
lcsh|evolution,Evolution,y,evolution,topical,Evolution,,auto-seeded draft; review
lcsh|excess-in-art,Excess in art,y,excess-in-art,topical,Excess in art,,auto-seeded draft; review
unspecified|exhibition-catalogs,Exhibition catalogs,y,exhibition-catalogs,topical,Exhibition catalogs,,auto-seeded draft; review
none|exhibition-catalogs,Exhibition catalogs,y,exhibition-catalogs,topical,Exhibition catalogs,,auto-seeded draft; review
http://id.worldcat.org/fast/918097.,Exhibitions,y,exhibitions,topical,Exhibitions,,auto-seeded draft; review
http://id.loc.gov/authorities/subjects/sh88007892.,"Exiles' writings, Cuban",y,exiles-writings-cuban,topical,"Exiles' writings, Cuban",,auto-seeded draft; review
http://id.worldcat.org/fast/918166.,"Exiles' writings, Cuban",y,exiles-writings-cuban,topical,"Exiles' writings, Cuban",,auto-seeded draft; review
http://id.loc.gov/authorities/subjects/sh97000232.,Existentialism in art,y,existentialism-in-art,topical,Existentialism in art,,auto-seeded draft; review
http://id.worldcat.org/fast/918208.,Existentialism in art,y,existentialism-in-art,topical,Existentialism in art,,auto-seeded draft; review
lcsh|experimental-films-technique,Experimental films -- Technique,y,experimental-films-technique,topical,Experimental films -- Technique,,auto-seeded draft; review
http://id.worldcat.org/fast/918461.,Experimental poetry,y,experimental-poetry,topical,Experimental poetry,,auto-seeded draft; review
http://id.loc.gov/authorities/subjects/sh85046443.,Experimental poetry,y,experimental-poetry,topical,Experimental poetry,,auto-seeded draft; review
lcsh|experimental-poetry,Experimental poetry,y,experimental-poetry,topical,Experimental poetry,,auto-seeded draft; review
lcsh|experimental-poetry-20th-century,Experimental poetry -- 20th century,y,experimental-poetry-20th-century,topical,Experimental poetry -- 20th century,,auto-seeded draft; review
unspecified|experimental-writing-in-english-1945-texts,"Experimental writing in English,++1945- - Texts",y,experimental-writing-in-english-1945-texts,topical,"Experimental writing in English,++1945- - Texts",,auto-seeded draft; review
http://id.loc.gov/authorities/subjects/sh96000331.,Exploitation,y,exploitation,topical,Exploitation,,auto-seeded draft; review
http://id.worldcat.org/fast/918547.,Exploitation,y,exploitation,topical,Exploitation,,auto-seeded draft; review
http://id.loc.gov/authorities/subjects/sh94008313.,Exquisite corpse (Game),y,exquisite-corpse-game,topical,Exquisite corpse (Game),,auto-seeded draft; review
http://id.worldcat.org/fast/918906.,Exquisite corpse (Game),y,exquisite-corpse-game,topical,Exquisite corpse (Game),,auto-seeded draft; review
lcsh|exquisite-corpse-game,Exquisite corpse (Game),y,exquisite-corpse-game,topical,Exquisite corpse (Game),,auto-seeded draft; review
lcsh|exquisite-corpse-game-adaptations,Exquisite corpse (Game) -- Adaptations,y,exquisite-corpse-game-adaptations,topical,Exquisite corpse (Game) -- Adaptations,,auto-seeded draft; review
http://id.worldcat.org/fast/918955.,Extinct animals,y,extinct-animals,topical,Extinct animals,,auto-seeded draft; review
lcsh|extinct-animals-maine-exhibitions,Extinct animals -- Maine -- Exhibitions,y,extinct-animals-maine-exhibitions,topical,Extinct animals -- Maine -- Exhibitions,,auto-seeded draft; review
http://id.worldcat.org/fast/918957.,Extinct animals in art,y,extinct-animals-in-art,topical,Extinct animals in art,,auto-seeded draft; review
lcsh|extinct-animals-in-art-exhibitions,Extinct animals in art -- Exhibitions,y,extinct-animals-in-art-exhibitions,topical,Extinct animals in art -- Exhibitions,,auto-seeded draft; review
http://id.worldcat.org/fast/918968.,Extinct plants,y,extinct-plants,topical,Extinct plants,,auto-seeded draft; review
lcsh|extinct-plants-maine-exhibitions,Extinct plants -- Maine -- Exhibitions,y,extinct-plants-maine-exhibitions,topical,Extinct plants -- Maine -- Exhibitions,,auto-seeded draft; review
lcsh|extinction-biology,Extinction (Biology),y,extinction-biology,topical,Extinction (Biology),,auto-seeded draft; review
lcsh|extinction-biology-popular-works,Extinction (Biology) -- Popular works,y,extinction-biology-popular-works,topical,Extinction (Biology) -- Popular works,,auto-seeded draft; review
http://id.loc.gov/authorities/subjects/sh2007010651.,Extraordinary rendition,y,extraordinary-rendition,topical,Extraordinary rendition,,auto-seeded draft; review
http://id.worldcat.org/fast/1744619.,Extraordinary rendition,y,extraordinary-rendition,topical,Extraordinary rendition,,auto-seeded draft; review
http://id.loc.gov/authorities/subjects/sh85046689,Eye in art,y,eye-in-art,topical,Eye in art,,auto-seeded draft; review
lcsh|eye-in-art,Eye in art,y,eye-in-art,topical,Eye in art,,auto-seeded draft; review
lcsh|eyeglasses-in-art-exhibitions,Eyeglasses in art -- Exhibitions,y,eyeglasses-in-art-exhibitions,topical,Eyeglasses in art -- Exhibitions,,auto-seeded draft; review
lcsh|fables,Fables,y,fables,topical,Fables,,auto-seeded draft; review
http://id.loc.gov/authorities/childrensSubjects/sj2021050019.,Fables,y,fables,topical,Fables,,auto-seeded draft; review
http://id.loc.gov/authorities/subjects/sh96011522.,Fables in art,y,fables-in-art,topical,Fables in art,,auto-seeded draft; review
http://id.worldcat.org/fast/919371.,Fables in art,y,fables-in-art,topical,Fables in art,,auto-seeded draft; review
lcsh|fables-latin,"Fables, Latin",y,fables-latin,topical,"Fables, Latin",,auto-seeded draft; review
lcsh|face-pictorial-works,Face -- Pictorial works,y,face-pictorial-works,topical,Face -- Pictorial works,,auto-seeded draft; review
http://id.loc.gov/authorities/subjects/sh85046797.,Face in art,y,face-in-art,topical,Face in art,,auto-seeded draft; review
http://id.worldcat.org/fast/919557.,Face in art,y,face-in-art,topical,Face in art,,auto-seeded draft; review
lcsh|face-in-art,Face in art,y,face-in-art,topical,Face in art,,auto-seeded draft; review
lcsh|factories-new-york-state-pictorial-works,Factories -- New York (State) -- Pictorial works,y,factories-new-york-state-pictorial-works,topical,Factories -- New York (State) -- Pictorial works,,auto-seeded draft; review
http://id.worldcat.org/fast/919795.,Factory system,y,factory-system,topical,Factory system,,auto-seeded draft; review
lcsh|factory-system-australia,Factory system -- Australia,y,factory-system-australia,topical,Factory system -- Australia,,auto-seeded draft; review
http://id.worldcat.org/fast/919916.,Fairy tales,y,fairy-tales,topical,Fairy tales,,auto-seeded draft; review
lcsh|fairy-tales,Fairy tales,y,fairy-tales,topical,Fairy tales,,auto-seeded draft; review
(OCoLC)fst00919916,Fairy tales,y,fairy-tales,topical,Fairy tales,,auto-seeded draft; review
http://id.loc.gov/authorities/childrensSubjects/sj2021050020.,Fairy tales,y,fairy-tales,topical,Fairy tales,,auto-seeded draft; review
lcsh|fairy-tales-adaptations,Fairy tales -- Adaptations,y,fairy-tales-adaptations,topical,Fairy tales -- Adaptations,,auto-seeded draft; review
lcsh|fairy-tales-germany,Fairy tales -- Germany,y,fairy-tales-germany,topical,Fairy tales -- Germany,,auto-seeded draft; review
lcsh|fairy-tales-germany-illustrations,Fairy tales -- Germany -- Illustrations,y,fairy-tales-germany-illustrations,topical,Fairy tales -- Germany -- Illustrations,,auto-seeded draft; review
http://id.loc.gov/authorities/subjects/sh85046927,Fairy tales -- Illustrations,y,fairy-tales-illustrations,topical,Fairy tales -- Illustrations,,auto-seeded draft; review
http://id.loc.gov/authorities/subjects/sh85046927.,Fairy tales -- Illustrations,y,fairy-tales-illustrations,topical,Fairy tales -- Illustrations,,auto-seeded draft; review
http://id.worldcat.org/fast/919923.,Fairy tales -- Illustrations,y,fairy-tales-illustrations,topical,Fairy tales -- Illustrations,,auto-seeded draft; review
(OCoLC)fst00919934,Fairy tales in art,y,fairy-tales-in-art,topical,Fairy tales in art,,auto-seeded draft; review
http://id.loc.gov/authorities/subjects/sh97000884,Fairy tales in art,y,fairy-tales-in-art,topical,Fairy tales in art,,auto-seeded draft; review
http://id.loc.gov/authorities/subjects/sh97000884.,Fairy tales in art,y,fairy-tales-in-art,topical,Fairy tales in art,,auto-seeded draft; review
http://id.worldcat.org/fast/919934.,Fairy tales in art,y,fairy-tales-in-art,topical,Fairy tales in art,,auto-seeded draft; review
lcsh|fairy-tales-in-art,Fairy tales in art,y,fairy-tales-in-art,topical,Fairy tales in art,,auto-seeded draft; review
http://id.loc.gov/authorities/subjects/sh85046971,Fall of man in art,y,fall-of-man-in-art,topical,Fall of man in art,,auto-seeded draft; review
http://id.worldcat.org/fast/1728849.,Families,y,families,topical,Families,,auto-seeded draft; review
(OCoLC)fst01728849.,Families,y,families,topical,Families,,auto-seeded draft; review
http://id.loc.gov/authorities/subjects/sh85047009.,Families,y,families,topical,Families,,auto-seeded draft; review
lcsh|families-fiction-comic-books-strips-etc,"Families -- Fiction -- Comic books, strips, etc",y,families-fiction-comic-books-strips-etc,topical,"Families -- Fiction -- Comic books, strips, etc",,auto-seeded draft; review
lcsh|families-poetry,Families -- Poetry,y,families-poetry,topical,Families -- Poetry,,auto-seeded draft; review
lcsh|families-in-art,Families in art,y,families-in-art,topical,Families in art,,auto-seeded draft; review
http://id.loc.gov/authorities/subjects/sh85047050.,Families in art,y,families-in-art,topical,Families in art,,auto-seeded draft; review
http://id.worldcat.org/fast/1899775.,Families in art,y,families-in-art,topical,Families in art,,auto-seeded draft; review
homoit|family-members,Family members,y,family-members,topical,Family members,,auto-seeded draft; review
http://id.worldcat.org/fast/1737651.,Family secrets,y,family-secrets,topical,Family secrets,,auto-seeded draft; review
lcsh|family-secrets-art,Family secrets -- Art,y,family-secrets-art,topical,Family secrets -- Art,,auto-seeded draft; review
lcsh|fans-history,Fans -- History,y,fans-history,topical,Fans -- History,,auto-seeded draft; review
lcsh|fans-specimens,Fans -- Specimens,y,fans-specimens,topical,Fans -- Specimens,,auto-seeded draft; review
http://id.loc.gov/authorities/subjects/sh85047165.,Fantasy in art,y,fantasy-in-art,topical,Fantasy in art,,auto-seeded draft; review
http://id.worldcat.org/fast/920845.,Fantasy in art,y,fantasy-in-art,topical,Fantasy in art,,auto-seeded draft; review
http://id.worldcat.org/fast/921264.,Farm tenancy,y,farm-tenancy,topical,Farm tenancy,,auto-seeded draft; review
lcsh|farm-tenancy-alabama,Farm tenancy -- Alabama,y,farm-tenancy-alabama,topical,Farm tenancy -- Alabama,,auto-seeded draft; review
lcsh|fashion,Fashion,y,fashion,topical,Fashion,,auto-seeded draft; review
http://id.loc.gov/authorities/subjects/sh2008103595,Fashion -- Periodicals,y,fashion-periodicals,topical,Fashion -- Periodicals,,auto-seeded draft; review
http://id.worldcat.org/fast/921640.,Fashion in art,y,fashion-in-art,topical,Fashion in art,,auto-seeded draft; review
http://id.loc.gov/authorities/subjects/sh85047383.,Fashion in art,y,fashion-in-art,topical,Fashion in art,,auto-seeded draft; review
lcsh|fashion-in-art-21st-century,Fashion in art -- 21st century,y,fashion-in-art-21st-century,topical,Fashion in art -- 21st century,,auto-seeded draft; review
lcsh|fashion-photography,Fashion photography,y,fashion-photography,topical,Fashion photography,,auto-seeded draft; review
http://id.worldcat.org/fast/921890.,Fathers and daughters,y,fathers-and-daughters,topical,Fathers and daughters,,auto-seeded draft; review
lcsh|fathers-and-daughters-art,Fathers and daughters -- Art,y,fathers-and-daughters-art,topical,Fathers and daughters -- Art,,auto-seeded draft; review
lcsh|fathers-and-daughters-drama,Fathers and daughters -- Drama,y,fathers-and-daughters-drama,topical,Fathers and daughters -- Drama,,auto-seeded draft; review
http://id.worldcat.org/fast/921899.,Fathers and sons,y,fathers-and-sons,topical,Fathers and sons,,auto-seeded draft; review
http://id.loc.gov/authorities/subjects/sh2008103511.,Fathers and sons -- Fiction,y,fathers-and-sons-fiction,topical,Fathers and sons -- Fiction,,auto-seeded draft; review
http://id.loc.gov/authorities/subjects/sh2002000825.,Fathers and sons in art,y,fathers-and-sons-in-art,topical,Fathers and sons in art,,auto-seeded draft; review
http://id.worldcat.org/fast/921909.,Fathers and sons in art,y,fathers-and-sons-in-art,topical,Fathers and sons in art,,auto-seeded draft; review
http://id.loc.gov/authorities/subjects/sh2003010827.,Fear in art,y,fear-in-art,topical,Fear in art,,auto-seeded draft; review
http://id.worldcat.org/fast/922054.,Fear in art,y,fear-in-art,topical,Fear in art,,auto-seeded draft; review
lcsh|felt-history,Felt -- History,y,felt-history,topical,Felt -- History,,auto-seeded draft; review
(OCoLC)fst01896133,Female nude in art,y,female-nude-in-art,topical,Female nude in art,,auto-seeded draft; review
http://id.loc.gov/authorities/subjects/sh96007717.,Female nude in art,y,female-nude-in-art,topical,Female nude in art,,auto-seeded draft; review
http://id.worldcat.org/fast/1896133.,Female nude in art,y,female-nude-in-art,topical,Female nude in art,,auto-seeded draft; review
lcsh|female-nude-in-art,Female nude in art,y,female-nude-in-art,topical,Female nude in art,,auto-seeded draft; review
http://id.worldcat.org/fast/922647.,Female-to-male transsexuals,y,female-to-male-transsexuals,topical,Female-to-male transsexuals,,auto-seeded draft; review
lcsh|female-to-male-transsexuals-family-relationships,Female-to-male transsexuals -- Family relationships,y,female-to-male-transsexuals-family-relationships,topical,Female-to-male transsexuals -- Family relationships,,auto-seeded draft; review
lcsh|female-to-male-transsexuals-medical-care-united-states,Female-to-male transsexuals -- Medical care -- United States,y,female-to-male-transsexuals-medical-care-united-states,topical,Female-to-male transsexuals -- Medical care -- United States,,auto-seeded draft; review
http://id.loc.gov/authorities/subjects/sh2016001262.,Female-to-male transsexuals in art,y,female-to-male-transsexuals-in-art,topical,Female-to-male transsexuals in art,,auto-seeded draft; review
http://id.worldcat.org/fast/1940046.,Female-to-male transsexuals in art,y,female-to-male-transsexuals-in-art,topical,Female-to-male transsexuals in art,,auto-seeded draft; review
lcsh|feminine-beauty-aesthetics,Feminine beauty (Aesthetics),y,feminine-beauty-aesthetics,topical,Feminine beauty (Aesthetics),,auto-seeded draft; review
lcsh|feminine-beauty-aesthetics-social-aspects,Feminine beauty (Aesthetics) -- Social aspects,y,feminine-beauty-aesthetics-social-aspects,topical,Feminine beauty (Aesthetics) -- Social aspects,,auto-seeded draft; review
http://id.worldcat.org/fast/922665.,Femininity in art,y,femininity-in-art,topical,Femininity in art,,auto-seeded draft; review
lcsh|femininity-in-art-exhibitions,Femininity in art -- Exhibitions,y,femininity-in-art-exhibitions,topical,Femininity in art -- Exhibitions,,auto-seeded draft; review
http://id.loc.gov/authorities/subjects/sh85047741.,Feminism,y,feminism,topical,Feminism,,auto-seeded draft; review
http://id.worldcat.org/fast/922671.,Feminism,y,feminism,topical,Feminism,,auto-seeded draft; review
(OCoLC)fst00922671,Feminism,y,feminism,topical,Feminism,,auto-seeded draft; review
lcsh|feminism-fiction,Feminism -- Fiction,y,feminism-fiction,topical,Feminism -- Fiction,,auto-seeded draft; review
http://id.worldcat.org/fast/922727.,Feminism and art,y,feminism-and-art,topical,Feminism and art,,auto-seeded draft; review
lcsh|feminism-and-art,Feminism and art,y,feminism-and-art,topical,Feminism and art,,auto-seeded draft; review
fast|feminism-and-art,Feminism and art,y,feminism-and-art,topical,Feminism and art,,auto-seeded draft; review
http://id.loc.gov/authorities/subjects/sh85047746,Feminism and art,y,feminism-and-art,topical,Feminism and art,,auto-seeded draft; review
http://id.loc.gov/authorities/subjects/sh85047746.,Feminism and art,y,feminism-and-art,topical,Feminism and art,,auto-seeded draft; review
http://id.loc.gov/authorities/subjects/sh2009124197.,Feminism and art -- United States,y,feminism-and-art-united-states,topical,Feminism and art -- United States,,auto-seeded draft; review
lcsh|feminism-and-art-united-states-catalogs,Feminism and art -- United States -- Catalogs,y,feminism-and-art-united-states-catalogs,topical,Feminism and art -- United States -- Catalogs,,auto-seeded draft; review
http://id.loc.gov/authorities/subjects/sh85047750.,Feminism and the arts,y,feminism-and-the-arts,topical,Feminism and the arts,,auto-seeded draft; review
http://id.worldcat.org/fast/922747.,Feminism and the arts,y,feminism-and-the-arts,topical,Feminism and the arts,,auto-seeded draft; review
lcsh|feminism-and-the-arts-periodicals,Feminism and the arts -- Periodicals,y,feminism-and-the-arts-periodicals,topical,Feminism and the arts -- Periodicals,,auto-seeded draft; review
http://id.loc.gov/authorities/subjects/sh96011526.,Feminism in art,y,feminism-in-art,topical,Feminism in art,,auto-seeded draft; review
http://id.worldcat.org/fast/922751.,Feminism in art,y,feminism-in-art,topical,Feminism in art,,auto-seeded draft; review
lcsh|feminism-in-art,Feminism in art,y,feminism-in-art,topical,Feminism in art,,auto-seeded draft; review
unspecified|feminism-in-art,Feminism in art,y,feminism-in-art,topical,Feminism in art,,auto-seeded draft; review
lcsh|feminism-in-art-exhibitions,Feminism in art -- Exhibitions,y,feminism-in-art-exhibitions,topical,Feminism in art -- Exhibitions,,auto-seeded draft; review
rvm|fe-minisme-romans-nouvelles-etc,"Féminisme -- Romans, nouvelles, etc",y,fe-minisme-romans-nouvelles-etc,topical,"Féminisme -- Romans, nouvelles, etc",,auto-seeded draft; review
rvm|fe-minisme-et-art,Féminisme et art,y,fe-minisme-et-art,topical,Féminisme et art,,auto-seeded draft; review
lcsh|feminist-poetry,Feminist poetry,y,feminist-poetry,topical,Feminist poetry,,auto-seeded draft; review
lcsh|feminists-fiction,Feminists -- Fiction,y,feminists-fiction,topical,Feminists -- Fiction,,auto-seeded draft; review
rvm|femmes-artistes,Femmes artistes,y,femmes-artistes,topical,Femmes artistes,,auto-seeded draft; review
lcsh|feral-children-india,Feral children -- India,y,feral-children-india,topical,Feral children -- India,,auto-seeded draft; review
lcsh|festivals-china-yunnan-sheng-pictorial-works,Festivals -- China -- Yunnan Sheng -- Pictorial works,y,festivals-china-yunnan-sheng-pictorial-works,topical,Festivals -- China -- Yunnan Sheng -- Pictorial works,,auto-seeded draft; review
http://id.worldcat.org/fast/923420.,Fetishism (Sexual behavior),y,fetishism-sexual-behavior,topical,Fetishism (Sexual behavior),,auto-seeded draft; review
lcsh|fetishism-sexual-behavior-fiction,Fetishism (Sexual behavior) -- Fiction,y,fetishism-sexual-behavior-fiction,topical,Fetishism (Sexual behavior) -- Fiction,,auto-seeded draft; review
lcsh|fetishism-sexual-behavior-in-art,Fetishism (Sexual behavior) in art,y,fetishism-sexual-behavior-in-art,topical,Fetishism (Sexual behavior) in art,,auto-seeded draft; review
http://id.worldcat.org/fast/923646.,Fiberwork,y,fiberwork,topical,Fiberwork,,auto-seeded draft; review
lcsh|fiberwork-poetry,Fiberwork -- Poetry,y,fiberwork-poetry,topical,Fiberwork -- Poetry,,auto-seeded draft; review
lcsh|fibonacci-numbers,Fibonacci numbers,y,fibonacci-numbers,topical,Fibonacci numbers,,auto-seeded draft; review
lcsh|fiction-collections,Fiction -- Collections,y,fiction-collections,topical,Fiction -- Collections,,auto-seeded draft; review
lcsh|fighter-planes-pictorial-works,Fighter planes -- Pictorial works,y,fighter-planes-pictorial-works,topical,Fighter planes -- Pictorial works,,auto-seeded draft; review
lcsh|fighting-dogs,Fighting dogs,y,fighting-dogs,topical,Fighting dogs,,auto-seeded draft; review
local|figures-other-than-portraits-children-single-and-groups,Figures other than portraits: Children: Single and groups,y,figures-other-than-portraits-children-single-and-groups,topical,Figures other than portraits: Children: Single and groups,,auto-seeded draft; review
local|figures-other-than-portraits-women-with-hands,Figures other than portraits: Women: With hands,y,figures-other-than-portraits-women-with-hands,topical,Figures other than portraits: Women: With hands,,auto-seeded draft; review
http://id.worldcat.org/fast/924213.,Filipinos,y,filipinos,topical,Filipinos,,auto-seeded draft; review
http://id.loc.gov/authorities/subjects/sh88004378.,Filipinos -- United States,y,filipinos-united-states,topical,Filipinos -- United States,,auto-seeded draft; review
lcsh|filosofia-de-l-art,Filosofia de l'art,y,filosofia-de-l-art,topical,Filosofia de l'art,,auto-seeded draft; review
http://id.worldcat.org/fast/924607.,Financial crises,y,financial-crises,topical,Financial crises,,auto-seeded draft; review
lcsh|financial-crises-argentina-buenos-aires,Financial crises -- Argentina -- Buenos Aires,y,financial-crises-argentina-buenos-aires,topical,Financial crises -- Argentina -- Buenos Aires,,auto-seeded draft; review
lcsh|financial-crises-spain-21st-century,Financial crises -- Spain -- 21st century,y,financial-crises-spain-21st-century,topical,Financial crises -- Spain -- 21st century,,auto-seeded draft; review
http://id.loc.gov/authorities/subjects/sh95002159.,Fine books,y,fine-books,topical,Fine books,,auto-seeded draft; review
http://id.worldcat.org/fast/924825.,Fine books,y,fine-books,topical,Fine books,,auto-seeded draft; review
http://id.worldcat.org/fast/925173.,Fire,y,fire,topical,Fire,,auto-seeded draft; review
lcsh|fire-mythology-pictorial-works,Fire -- Mythology -- Pictorial works,y,fire-mythology-pictorial-works,topical,Fire -- Mythology -- Pictorial works,,auto-seeded draft; review
lcsh|fire-pictorial-works,Fire -- Pictorial works,y,fire-pictorial-works,topical,Fire -- Pictorial works,,auto-seeded draft; review
http://id.worldcat.org/fast/925193.,Fire -- Social aspects,y,fire-social-aspects,topical,Fire -- Social aspects,,auto-seeded draft; review
lcsh|fire-social-aspects,Fire -- Social aspects,y,fire-social-aspects,topical,Fire -- Social aspects,,auto-seeded draft; review
http://id.loc.gov/authorities/subjects/sh85048500.,Fire in art,y,fire-in-art,topical,Fire in art,,auto-seeded draft; review
http://id.worldcat.org/fast/925442.,Fire in art,y,fire-in-art,topical,Fire in art,,auto-seeded draft; review
lcsh|fire-in-art,Fire in art,y,fire-in-art,topical,Fire in art,,auto-seeded draft; review
(OCoLC)fst00925546.,Fire stations,y,fire-stations,topical,Fire stations,,auto-seeded draft; review
lcsh|fire-stations-que-bec-province-montre-al-pictorial-works,Fire stations -- Québec (Province) -- Montréal -- Pictorial works,y,fire-stations-que-bec-province-montre-al-pictorial-works,topical,Fire stations -- Québec (Province) -- Montréal -- Pictorial works,,auto-seeded draft; review
http://id.worldcat.org/fast/925573.,Firearms,y,firearms,topical,Firearms,,auto-seeded draft; review
lcsh|firearms-united-states,Firearms -- United States,y,firearms-united-states,topical,Firearms -- United States,,auto-seeded draft; review
http://id.worldcat.org/fast/925697.,Fires,y,fires,topical,Fires,,auto-seeded draft; review
lcsh|fires-pictorial-works,Fires -- Pictorial works,y,fires-pictorial-works,topical,Fires -- Pictorial works,,auto-seeded draft; review
(OCoLC)fst00925758.,First communion,y,first-communion,topical,First communion,,auto-seeded draft; review
http://id.loc.gov/authorities/subjects/sh85048586,First communion,y,first-communion,topical,First communion,,auto-seeded draft; review
lcsh|fish-pictorial-works,Fish -- Pictorial works,y,fish-pictorial-works,topical,Fish -- Pictorial works,,auto-seeded draft; review
http://id.loc.gov/authorities/subjects/sh85048858.,Fishing in art,y,fishing-in-art,topical,Fishing in art,,auto-seeded draft; review
http://id.worldcat.org/fast/926740.,Fishing in art,y,fishing-in-art,topical,Fishing in art,,auto-seeded draft; review
http://id.worldcat.org/fast/926942.,Flags,y,flags,topical,Flags,,auto-seeded draft; review
lcsh|flags,Flags,y,flags,topical,Flags,,auto-seeded draft; review
lcsh|flags-brazil,Flags -- Brazil,y,flags-brazil,topical,Flags -- Brazil,,auto-seeded draft; review
lcsh|flags-description-united-states,Flags -- Description -- United States,y,flags-description-united-states,topical,Flags -- Description -- United States,,auto-seeded draft; review
http://id.loc.gov/authorities/subjects/sh85048972,Flags -- United States,y,flags-united-states,topical,Flags -- United States,,auto-seeded draft; review
lcsh|flags-united-states-pictorial-works,Flags -- United States -- Pictorial works,y,flags-united-states-pictorial-works,topical,Flags -- United States -- Pictorial works,,auto-seeded draft; review
http://id.loc.gov/authorities/subjects/sh85048974.,Flags in art,y,flags-in-art,topical,Flags in art,,auto-seeded draft; review
http://id.worldcat.org/fast/926963.,Flags in art,y,flags-in-art,topical,Flags in art,,auto-seeded draft; review
lcsh|flags-in-art-exhibitions,Flags in art -- Exhibitions,y,flags-in-art-exhibitions,topical,Flags in art -- Exhibitions,,auto-seeded draft; review
lcsh|flags-in-art-new-york-state-new-york,Flags in art -- New York (State) -- New York,y,flags-in-art-new-york-state-new-york,topical,Flags in art -- New York (State) -- New York,,auto-seeded draft; review
http://id.loc.gov/authorities/subjects/sh85049108.,Flight,y,flight,topical,Flight,,auto-seeded draft; review
http://id.worldcat.org/fast/927291.,Flight,y,flight,topical,Flight,,auto-seeded draft; review
http://id.worldcat.org/fast/927350.,Flight in art,y,flight-in-art,topical,Flight in art,,auto-seeded draft; review
lcsh|flight-in-art-exhibitions,Flight in art -- Exhibitions,y,flight-in-art-exhibitions,topical,Flight in art -- Exhibitions,,auto-seeded draft; review
(OCoLC)fst01353116,Flight of Jesus Christ into Egypt,y,flight-of-jesus-christ-into-egypt,topical,Flight of Jesus Christ into Egypt,,auto-seeded draft; review
http://id.loc.gov/authorities/subjects/sh85049126.,Flight training,y,flight-training,topical,Flight training,,auto-seeded draft; review
http://id.worldcat.org/fast/927377.,Flight training,y,flight-training,topical,Flight training,,auto-seeded draft; review
http://id.worldcat.org/fast/927412.,Flip books,y,flip-books,topical,Flip books,,auto-seeded draft; review
lcsh|flip-books,Flip books,y,flip-books,topical,Flip books,,auto-seeded draft; review
(OCoLC)fst00927412,Flip books,y,flip-books,topical,Flip books,,auto-seeded draft; review
unspecified|flip-books,flip books,y,flip-books,topical,Flip books,,auto-seeded draft; review
lcsh|flip-books-handbooks-manuals-etc,"Flip books -- Handbooks, manuals, etc",y,flip-books-handbooks-manuals-etc,topical,"Flip books -- Handbooks, manuals, etc",,auto-seeded draft; review
lcsh|flip-books-japan,Flip books -- Japan,y,flip-books-japan,topical,Flip books -- Japan,,auto-seeded draft; review
lcsh|flip-books-specimens,Flip books -- Specimens,y,flip-books-specimens,topical,Flip books -- Specimens,,auto-seeded draft; review
lcsh|flowers-pictorial-works,Flowers -- Pictorial works,y,flowers-pictorial-works,topical,Flowers -- Pictorial works,,auto-seeded draft; review
lcsh|fluxus-group-of-artists,Fluxus (Group of artists),y,fluxus-group-of-artists,topical,Fluxus (Group of artists),,auto-seeded draft; review
http://id.loc.gov/authorities/subjects/sh87007297.,Fluxus (Group of artists),y,fluxus-group-of-artists,topical,Fluxus (Group of artists),,auto-seeded draft; review
http://id.worldcat.org/fast/928396.,Fluxus (Group of artists),y,fluxus-group-of-artists,topical,Fluxus (Group of artists),,auto-seeded draft; review
lcsh|fluxus-group-of-artists-catalogs,Fluxus (Group of artists) -- Catalogs,y,fluxus-group-of-artists-catalogs,topical,Fluxus (Group of artists) -- Catalogs,,auto-seeded draft; review
http://vocab.getty.edu/aat/300247923.,Folding (process),y,folding-process,topical,Folding (process),,auto-seeded draft; review
unspecified|folioscopes,Folioscopes,y,folioscopes,topical,Folioscopes,,auto-seeded draft; review
http://id.worldcat.org/fast/928587.,Folk art,y,folk-art,topical,Folk art,,auto-seeded draft; review
lcsh|folk-art-illinois-chicago,Folk art -- Illinois -- Chicago,y,folk-art-illinois-chicago,topical,Folk art -- Illinois -- Chicago,,auto-seeded draft; review
(OCoLC)fst00929383,Folk music,y,folk-music,topical,Folk music,,auto-seeded draft; review
http://id.worldcat.org/fast/929383.,Folk music,y,folk-music,topical,Folk music,,auto-seeded draft; review
lcsh|folk-music-colombia-comic-books-strips-etc,"Folk music -- Colombia -- Comic books, strips, etc",y,folk-music-colombia-comic-books-strips-etc,topical,"Folk music -- Colombia -- Comic books, strips, etc",,auto-seeded draft; review
lcsh|folk-music-periodicals,Folk music -- Periodicals,y,folk-music-periodicals,topical,Folk music -- Periodicals,,auto-seeded draft; review
http://id.worldcat.org/fast/930306.,Folklore,y,folklore,topical,Folklore,,auto-seeded draft; review
http://id.loc.gov/authorities/childrensSubjects/sj96005532.,Folklore,y,folklore,topical,Folklore,,auto-seeded draft; review
lcsh|folklore,Folklore,y,folklore,topical,Folklore,,auto-seeded draft; review
lcsh|folklore-colombia-21st-century-comic-books-strips-etc,"Folklore -- Colombia -- 21st century -- Comic books, strips, etc",y,folklore-colombia-21st-century-comic-books-strips-etc,topical,"Folklore -- Colombia -- 21st century -- Comic books, strips, etc",,auto-seeded draft; review
http://id.loc.gov/authorities/subjects/sh2008120890.,Folklore -- Cuba,y,folklore-cuba,topical,Folklore -- Cuba,,auto-seeded draft; review
http://id.loc.gov/authorities/subjects/sh85050118.,Folklore -- Germany,y,folklore-germany,topical,Folklore -- Germany,,auto-seeded draft; review
lcshac|folklore-germany,Folklore -- Germany,y,folklore-germany,topical,Folklore -- Germany,,auto-seeded draft; review
lcsh|folklore-haiti-poetry,Folklore -- Haiti -- Poetry,y,folklore-haiti-poetry,topical,Folklore -- Haiti -- Poetry,,auto-seeded draft; review
lcsh|folklore-japan,Folklore -- Japan,y,folklore-japan,topical,Folklore -- Japan,,auto-seeded draft; review
http://id.loc.gov/authorities/subjects/sh88005530.,Folklore -- Mexico,y,folklore-mexico,topical,Folklore -- Mexico,,auto-seeded draft; review
lcsh|folklore-mexico-sonora-state,Folklore -- Mexico -- Sonora (State),y,folklore-mexico-sonora-state,topical,Folklore -- Mexico -- Sonora (State),,auto-seeded draft; review
http://id.worldcat.org/fast/930458.,Food,y,food,topical,Food,,auto-seeded draft; review
http://id.worldcat.org/fast/930503.,Food -- Economic aspects,y,food-economic-aspects,topical,Food -- Economic aspects,,auto-seeded draft; review
lcsh|food-economic-aspects-united-states,Food -- Economic aspects -- United States,y,food-economic-aspects-united-states,topical,Food -- Economic aspects -- United States,,auto-seeded draft; review
lcsh|food-international-cooperation-exhibitions,Food -- International cooperation -- Exhibitions,y,food-international-cooperation-exhibitions,topical,Food -- International cooperation -- Exhibitions,,auto-seeded draft; review
lcsh|food-mexico-fiction,Food -- Mexico -- Fiction,y,food-mexico-fiction,topical,Food -- Mexico -- Fiction,,auto-seeded draft; review
http://id.loc.gov/authorities/subjects/sh85050209.,Food -- Pictorial works,y,food-pictorial-works,topical,Food -- Pictorial works,,auto-seeded draft; review
lcsh|food-pictorial-works,Food -- Pictorial works,y,food-pictorial-works,topical,Food -- Pictorial works,,auto-seeded draft; review
lcsh|food-poetry,Food -- Poetry,y,food-poetry,topical,Food -- Poetry,,auto-seeded draft; review
http://id.worldcat.org/fast/930613.,Food -- Social aspects,y,food-social-aspects,topical,Food -- Social aspects,,auto-seeded draft; review
lcsh|food-social-aspects-united-states,Food -- Social aspects -- United States,y,food-social-aspects-united-states,topical,Food -- Social aspects -- United States,,auto-seeded draft; review
http://id.worldcat.org/fast/930807.,Food habits,y,food-habits,topical,Food habits,,auto-seeded draft; review
http://id.loc.gov/authorities/subjects/sh2008103984.,Food habits -- History,y,food-habits-history,topical,Food habits -- History,,auto-seeded draft; review
lcsh|food-in-art,Food in art,y,food-in-art,topical,Food in art,,auto-seeded draft; review
http://id.loc.gov/authorities/subjects/sh85050278.,Food in art,y,food-in-art,topical,Food in art,,auto-seeded draft; review
http://id.worldcat.org/fast/930835.,Food in art,y,food-in-art,topical,Food in art,,auto-seeded draft; review
(OCoLC)fst00930835,Food in art,y,food-in-art,topical,Food in art,,auto-seeded draft; review
http://id.loc.gov/authorities/subjects/sh85050278,Food in art,y,food-in-art,topical,Food in art,,auto-seeded draft; review
http://id.loc.gov/authorities/subjects/sh2009125335,Food in art -- Exhibitions,y,food-in-art-exhibitions,topical,Food in art -- Exhibitions,,auto-seeded draft; review
lcsh|food-writing-new-york-state-new-york,Food writing -- New York (State) -- New York,y,food-writing-new-york-state-new-york,topical,Food writing -- New York (State) -- New York,,auto-seeded draft; review
lcsh|foot-care-and-hygiene,Foot -- Care and hygiene,y,foot-care-and-hygiene,topical,Foot -- Care and hygiene,,auto-seeded draft; review
lcsh|foot-diseases-prevention,Foot -- Diseases -- Prevention,y,foot-diseases-prevention,topical,Foot -- Diseases -- Prevention,,auto-seeded draft; review
lcsh|foot-in-art,Foot in art,y,foot-in-art,topical,Foot in art,,auto-seeded draft; review
http://id.worldcat.org/fast/931362.,Football,y,football,topical,Football,,auto-seeded draft; review
http://id.loc.gov/authorities/subjects/sh85050416.,Football -- United States,y,football-united-states,topical,Football -- United States,,auto-seeded draft; review
lcsh|football-in-art,Football in art,y,football-in-art,topical,Football in art,,auto-seeded draft; review
http://id.worldcat.org/fast/931452.,Footbinding,y,footbinding,topical,Footbinding,,auto-seeded draft; review
lcsh|footbinding-china-history,Footbinding -- China -- History,y,footbinding-china-history,topical,Footbinding -- China -- History,,auto-seeded draft; review
lcsh|footbinding-pictorial-works,Footbinding -- Pictorial works,y,footbinding-pictorial-works,topical,Footbinding -- Pictorial works,,auto-seeded draft; review
lcsh|footprints,Footprints,y,footprints,topical,Footprints,,auto-seeded draft; review
http://id.worldcat.org/fast/931715.,Fore-edge painting,y,fore-edge-painting,topical,Fore-edge painting,,auto-seeded draft; review
lcsh|fore-edge-painting-specimens,Fore-edge painting -- Specimens,y,fore-edge-painting-specimens,topical,Fore-edge painting -- Specimens,,auto-seeded draft; review
kao|f-renta-staterna,Förenta staterna,y,f-renta-staterna,topical,Förenta staterna,,auto-seeded draft; review
http://id.loc.gov/authorities/subjects/sh85050707,Forests and forestry,y,forests-and-forestry,topical,Forests and forestry,,auto-seeded draft; review
lcsh|forests-and-forestry-juvenile-literature,Forests and forestry -- Juvenile literature,y,forests-and-forestry-juvenile-literature,topical,Forests and forestry -- Juvenile literature,,auto-seeded draft; review
lcsh|forests-in-art,Forests in art,y,forests-in-art,topical,Forests in art,,auto-seeded draft; review
lcsh|form-aesthetics-exhibitions,Form (Aesthetics) -- Exhibitions,y,form-aesthetics-exhibitions,topical,Form (Aesthetics) -- Exhibitions,,auto-seeded draft; review
lcsh|fortune-cookies,Fortune cookies,y,fortune-cookies,topical,Fortune cookies,,auto-seeded draft; review
http://id.loc.gov/authorities/subjects/sh89005492.,Fossils,y,fossils,topical,Fossils,,auto-seeded draft; review
http://id.worldcat.org/fast/933164.,Fossils,y,fossils,topical,Fossils,,auto-seeded draft; review
gtt|foto-s,Foto's,y,foto-s,topical,Foto's,,auto-seeded draft; review
unspecified|fotoband,Fotoband,y,fotoband,topical,Fotoband,,auto-seeded draft; review
lcsh|fotografie,Fotografie | fotografie,y,fotografie,topical,Fotografie,,auto-seeded draft; review
http://id.worldcat.org/fast/933256.,Found objects (Art),y,found-objects-art,topical,Found objects (Art),,auto-seeded draft; review
http://id.loc.gov/authorities/subjects/sh85051044.,Found objects (Art),y,found-objects-art,topical,Found objects (Art),,auto-seeded draft; review
lcsh|found-objects-art,Found objects (Art),y,found-objects-art,topical,Found objects (Art),,auto-seeded draft; review
lcsh|found-objects-art-catalogs,Found objects (Art) -- Catalogs,y,found-objects-art-catalogs,topical,Found objects (Art) -- Catalogs,,auto-seeded draft; review
lcsh|found-objects-art-photographs,Found objects (Art) -- Photographs,y,found-objects-art-photographs,topical,Found objects (Art) -- Photographs,,auto-seeded draft; review
http://id.loc.gov/authorities/subjects/sh2010009838.,"Found poetry, American",y,found-poetry-american,topical,"Found poetry, American",,auto-seeded draft; review
http://id.worldcat.org/fast/1762741.,"Found poetry, American",y,found-poetry-american,topical,"Found poetry, American",,auto-seeded draft; review
http://id.worldcat.org/fast/933427.,Fourth of July,y,fourth-of-july,topical,Fourth of July,,auto-seeded draft; review
lcsh|fourth-of-july-pictorial-works,Fourth of July -- Pictorial works,y,fourth-of-july-pictorial-works,topical,Fourth of July -- Pictorial works,,auto-seeded draft; review
http://id.loc.gov/authorities/subjects/sh85051147.,Fractals,y,fractals,topical,Fractals,,auto-seeded draft; review
http://id.worldcat.org/fast/933507.,Fractals,y,fractals,topical,Fractals,,auto-seeded draft; review
lcsh|fractals-pictorial-works,Fractals -- Pictorial works,y,fractals-pictorial-works,topical,Fractals -- Pictorial works,,auto-seeded draft; review
unspecified|france,France,y,france-topical,topical,France,,auto-seeded draft; review
unspecified|france-nice,France ; Nice,y,france-nice,topical,France ; Nice,,auto-seeded draft; review
http://id.worldcat.org/fast/934688.,French literature,y,french-literature,topical,French literature,,auto-seeded draft; review
lcsh|french-literature-20th-century-translations-into-english,French literature -- 20th century -- Translations into English,y,french-literature-20th-century-translations-into-english,topical,French literature -- 20th century -- Translations into English,,auto-seeded draft; review
local|frescoes-and-or-murals,Frescoes and / or murals,y,frescoes-and-or-murals,topical,Frescoes and / or murals,,auto-seeded draft; review
(OCoLC)fst00935107.,Fretwork,y,fretwork,topical,Fretwork,,auto-seeded draft; review
http://id.worldcat.org/fast/1353140.,Friends and associates,y,friends-and-associates,topical,Friends and associates,,auto-seeded draft; review
http://id.worldcat.org/fast/935174.,Friendship,y,friendship,topical,Friendship,,auto-seeded draft; review
http://id.loc.gov/authorities/subjects/sh85052019.,Friezes,y,friezes,topical,Friezes,,auto-seeded draft; review
http://id.worldcat.org/fast/935212.,Friezes,y,friezes,topical,Friezes,,auto-seeded draft; review
http://id.loc.gov/authorities/subjects/sh97000989,Frogs in art,y,frogs-in-art,topical,Frogs in art,,auto-seeded draft; review
https://homosaurus.org/v4/homoit0000436.,FtMs,y,ftms,topical,FtMs,,auto-seeded draft; review
http://id.worldcat.org/fast/936488.,Furniture,y,furniture,topical,Furniture,,auto-seeded draft; review
lcsh|furniture-massachusetts-gardner,Furniture -- Massachusetts -- Gardner,y,furniture-massachusetts-gardner,topical,Furniture -- Massachusetts -- Gardner,,auto-seeded draft; review
http://id.worldcat.org/fast/936544.,Furniture industry and trade,y,furniture-industry-and-trade,topical,Furniture industry and trade,,auto-seeded draft; review
lcsh|furniture-industry-and-trade-massachusetts-gardner,Furniture industry and trade -- Massachusetts -- Gardner,y,furniture-industry-and-trade-massachusetts-gardner,topical,Furniture industry and trade -- Massachusetts -- Gardner,,auto-seeded draft; review
http://id.worldcat.org/fast/936587.,Furniture workers,y,furniture-workers,topical,Furniture workers,,auto-seeded draft; review
lcsh|furniture-workers-interviews,Furniture workers -- Interviews,y,furniture-workers-interviews,topical,Furniture workers -- Interviews,,auto-seeded draft; review
http://id.worldcat.org/fast/936780.,Futurism (Art),y,futurism-art,topical,Futurism (Art),,auto-seeded draft; review
http://id.loc.gov/authorities/subjects/sh2008104221.,Futurism (Art) -- Italy,y,futurism-art-italy,topical,Futurism (Art) -- Italy,,auto-seeded draft; review
aat|games,games,y,games,topical,games,,auto-seeded draft; review
lcsh|games-mexico,Games -- Mexico,y,games-mexico,topical,Games -- Mexico,,auto-seeded draft; review
lcsh|games-united-states,Games -- United States,y,games-united-states,topical,Games -- United States,,auto-seeded draft; review
lcsh|games-in-art,Games in art,y,games-in-art,topical,Games in art,,auto-seeded draft; review
http://id.worldcat.org/fast/937826.,Garden structures,y,garden-structures,topical,Garden structures,,auto-seeded draft; review
http://id.loc.gov/authorities/subjects/sh96009027.,Garden structures -- Germany,y,garden-structures-germany,topical,Garden structures -- Germany,,auto-seeded draft; review
http://id.worldcat.org/fast/937852.,Gardening,y,gardening,topical,Gardening,,auto-seeded draft; review
http://id.loc.gov/authorities/subjects/sh2009125675.,Gardening -- Pictorial works,y,gardening-pictorial-works,topical,Gardening -- Pictorial works,,auto-seeded draft; review
http://id.worldcat.org/fast/937895.,Gardens,y,gardens,topical,Gardens,,auto-seeded draft; review
lcsh|gardens-germany-pictorial-works,Gardens -- Germany -- Pictorial works,y,gardens-germany-pictorial-works,topical,Gardens -- Germany -- Pictorial works,,auto-seeded draft; review
http://id.loc.gov/authorities/subjects/sh2008105051.,Gardens -- Pictorial works,y,gardens-pictorial-works,topical,Gardens -- Pictorial works,,auto-seeded draft; review
http://id.worldcat.org/fast/937931.,Gardens in art,y,gardens-in-art,topical,Gardens in art,,auto-seeded draft; review
http://id.loc.gov/authorities/subjects/sh85053150.,Gardens in art,y,gardens-in-art,topical,Gardens in art,,auto-seeded draft; review
lcsh|gastronomy,Gastronomy,y,gastronomy,topical,Gastronomy,,auto-seeded draft; review
lcsh|gastronomy-poetry,Gastronomy -- Poetry,y,gastronomy-poetry,topical,Gastronomy -- Poetry,,auto-seeded draft; review
http://id.worldcat.org/fast/939057.,Gay artists,y,gay-artists,topical,Gay artists,,auto-seeded draft; review
https://homosaurus.org/v4/homoit0000470.,Gay artists,y,gay-artists,topical,Gay artists,,auto-seeded draft; review
lcsh|gay-artists-biography,Gay artists -- Biography,y,gay-artists-biography,topical,Gay artists -- Biography,,auto-seeded draft; review
http://id.worldcat.org/fast/1201219.,Gay culture,y,gay-culture,topical,Gay culture,,auto-seeded draft; review
https://homosaurus.org/v4/homoit0000487.,Gay culture,y,gay-culture,topical,Gay culture,,auto-seeded draft; review
lcsh|gay-culture-cuba,Gay culture -- Cuba,y,gay-culture-cuba,topical,Gay culture -- Cuba,,auto-seeded draft; review
http://id.worldcat.org/fast/939117.,Gay men,y,gay-men,topical,Gay men,,auto-seeded draft; review
https://en.homosaurus.org/v4/homoit0000506.,Gay men,y,gay-men,topical,Gay men,,auto-seeded draft; review
https://homosaurus.org/v4/homoit0000506.,Gay men,y,gay-men,topical,Gay men,,auto-seeded draft; review
http://id.loc.gov/authorities/subjects/sh2008105069.,Gay men -- Poetry,y,gay-men-poetry,topical,Gay men -- Poetry,,auto-seeded draft; review
http://id.loc.gov/authorities/subjects/sh00006549.,Gay men -- Relations with heterosexuals,y,gay-men-relations-with-heterosexuals,topical,Gay men -- Relations with heterosexuals,,auto-seeded draft; review
http://id.worldcat.org/fast/939145.,Gay men -- Relations with heterosexuals,y,gay-men-relations-with-heterosexuals,topical,Gay men -- Relations with heterosexuals,,auto-seeded draft; review
http://id.loc.gov/authorities/subjects/sh2008105071.,Gay men -- United States -- Biography,y,gay-men-united-states-biography,topical,Gay men -- United States -- Biography,,auto-seeded draft; review
http://id.worldcat.org/fast/939255.,Gay people,y,gay-people,topical,Gay people,,auto-seeded draft; review
lcsh|gay-people-cuba-havana-portraits,Gay people -- Cuba -- Havana -- Portraits,y,gay-people-cuba-havana-portraits,topical,Gay people -- Cuba -- Havana -- Portraits,,auto-seeded draft; review
lcsh|gaza-war-2014-children-pictorial-works-juvenile-literature,"Gaza War, 2014 -- Children -- Pictorial works -- Juvenile literature",y,gaza-war-2014-children-pictorial-works-juvenile-literature,topical,"Gaza War, 2014 -- Children -- Pictorial works -- Juvenile literature",,auto-seeded draft; review
lcsh|gedicht,Gedicht,y,gedicht,topical,Gedicht,,auto-seeded draft; review
lcsh|gedichten,Gedichten,y,gedichten,topical,Gedichten,,auto-seeded draft; review
lcsh|geishas,Geishas,y,geishas,topical,Geishas,,auto-seeded draft; review
lcsh|gender-identity,Gender identity,y,gender-identity,topical,Gender identity,,auto-seeded draft; review
http://id.loc.gov/authorities/subjects/sh91003756.,Gender identity,y,gender-identity,topical,Gender identity,,auto-seeded draft; review
http://id.worldcat.org/fast/939593.,Gender identity,y,gender-identity,topical,Gender identity,,auto-seeded draft; review
https://homosaurus.org/v4/homoit0000571.,Gender identity,y,gender-identity,topical,Gender identity,,auto-seeded draft; review
http://id.loc.gov/authorities/subjects/sh97000999.,Gender identity in art,y,gender-identity-in-art,topical,Gender identity in art,,auto-seeded draft; review
http://id.worldcat.org/fast/939604.,Gender identity in art,y,gender-identity-in-art,topical,Gender identity in art,,auto-seeded draft; review
lcsh|gender-transition,Gender transition,y,gender-transition,topical,Gender transition,,auto-seeded draft; review
http://id.loc.gov/authorities/subjects/sh85053742.,Genealogy,y,genealogy,topical,Genealogy,,auto-seeded draft; review
http://id.worldcat.org/fast/939652.,Genealogy,y,genealogy,topical,Genealogy,,auto-seeded draft; review
http://id.nlm.nih.gov/mesh/D013502.,General Surgery,y,general-surgery,topical,General Surgery,,auto-seeded draft; review
http://id.nlm.nih.gov/mesh/D013502Q000266.,General Surgery -- history,y,general-surgery-history,topical,General Surgery -- history,,auto-seeded draft; review
lcsh|generals-in-art,Generals in art,y,generals-in-art,topical,Generals in art,,auto-seeded draft; review
http://id.loc.gov/authorities/subjects/sh96011640.,Genetics in art,y,genetics-in-art,topical,Genetics in art,,auto-seeded draft; review
http://id.worldcat.org/fast/940147.,Genetics in art,y,genetics-in-art,topical,Genetics in art,,auto-seeded draft; review
http://id.worldcat.org/fast/940208.,Genocide,y,genocide,topical,Genocide,,auto-seeded draft; review
lcsh|genocide-georgia-republic-abkhazia,Genocide -- Georgia (Republic) -- Abkhazia,y,genocide-georgia-republic-abkhazia,topical,Genocide -- Georgia (Republic) -- Abkhazia,,auto-seeded draft; review
local|genre,Genre,y,genre,topical,Genre,,auto-seeded draft; review
local|genre-ballet-scenes-single-figures,Genre: Ballet scenes: Single figures,y,genre-ballet-scenes-single-figures,topical,Genre: Ballet scenes: Single figures,,auto-seeded draft; review
local|genre-dances,Genre: Dances,y,genre-dances,topical,Genre: Dances,,auto-seeded draft; review
local|genre-domestic,Genre: Domestic,y,genre-domestic,topical,Genre: Domestic,,auto-seeded draft; review
local|genre-games,Genre: Games,y,genre-games,topical,Genre: Games,,auto-seeded draft; review
local|genre-horse-fairs-and-horse-racing,Genre: Horse fairs and horse racing,y,genre-horse-fairs-and-horse-racing,topical,Genre: Horse fairs and horse racing,,auto-seeded draft; review
local|genre-outdoor-scenes,Genre: Outdoor scenes,y,genre-outdoor-scenes,topical,Genre: Outdoor scenes,,auto-seeded draft; review
local|genre-polite,Genre: Polite,y,genre-polite,topical,Genre: Polite,,auto-seeded draft; review
local|genre-tavern-brawls-and-other-tavern-scenes,Genre: Tavern brawls and other tavern scenes,y,genre-tavern-brawls-and-other-tavern-scenes,topical,Genre: Tavern brawls and other tavern scenes,,auto-seeded draft; review
http://id.worldcat.org/fast/940296.,Gentrification,y,gentrification,topical,Gentrification,,auto-seeded draft; review
lcsh|gentrification-united-states,Gentrification -- United States,y,gentrification-united-states,topical,Gentrification -- United States,,auto-seeded draft; review
http://id.loc.gov/authorities/subjects/sh85053982.,Geographical perception,y,geographical-perception,topical,Geographical perception,,auto-seeded draft; review
http://id.worldcat.org/fast/940459.,Geographical perception,y,geographical-perception,topical,Geographical perception,,auto-seeded draft; review
http://id.loc.gov/authorities/subjects/sh85053986.,Geography,y,geography,topical,Geography,,auto-seeded draft; review
http://id.worldcat.org/fast/940469.,Geography,y,geography,topical,Geography,,auto-seeded draft; review
(OCoLC)fst00940842.,Geometrical constructions in art,y,geometrical-constructions-in-art,topical,Geometrical constructions in art,,auto-seeded draft; review
http://id.loc.gov/authorities/subjects/sh97001001,Geometrical constructions in art,y,geometrical-constructions-in-art,topical,Geometrical constructions in art,,auto-seeded draft; review
lcsh|geometrical-constructions-in-art,Geometrical constructions in art,y,geometrical-constructions-in-art,topical,Geometrical constructions in art,,auto-seeded draft; review
http://id.loc.gov/authorities/subjects/sh85054129.,Geometrical drawing,y,geometrical-drawing,topical,Geometrical drawing,,auto-seeded draft; review
http://id.worldcat.org/fast/940844.,Geometrical drawing,y,geometrical-drawing,topical,Geometrical drawing,,auto-seeded draft; review
http://id.loc.gov/authorities/subjects/sh85054129,Geometrical drawing,y,geometrical-drawing,topical,Geometrical drawing,,auto-seeded draft; review
lcsh|geometrical-drawing,Geometrical drawing,y,geometrical-drawing,topical,Geometrical drawing,,auto-seeded draft; review
lcsh|geometry,Geometry,y,geometry,topical,Geometry,,auto-seeded draft; review
http://id.loc.gov/authorities/subjects/sh97001002.,Geometry in art,y,geometry-in-art,topical,Geometry in art,,auto-seeded draft; review
http://id.worldcat.org/fast/940896.,Geometry in art,y,geometry-in-art,topical,Geometry in art,,auto-seeded draft; review
lcsh|geometry-in-art,Geometry in art,y,geometry-in-art,topical,Geometry in art,,auto-seeded draft; review
(OCoLC)fst00900729,Geoscience,y,geoscience,topical,Geoscience,,auto-seeded draft; review
http://id.loc.gov/authorities/subjects/sh85054413,German poetry,y,german-poetry,topical,German poetry,,auto-seeded draft; review
lcsh|germany-themes-motives,"Germany -- Themes, motives",y,germany-themes-motives,topical,"Germany -- Themes, motives",,auto-seeded draft; review
lcsh|ghosts-in-art,Ghosts in art,y,ghosts-in-art,topical,Ghosts in art,,auto-seeded draft; review
http://id.loc.gov/authorities/subjects/sh85054842,Giant squids,y,giant-squids,topical,Giant squids,,auto-seeded draft; review
http://id.worldcat.org/fast/942628.,Gifts,y,gifts,topical,Gifts,,auto-seeded draft; review
http://id.loc.gov/authorities/subjects/sh2008118168.,Gifts -- United States,y,gifts-united-states,topical,Gifts -- United States,,auto-seeded draft; review
homoit|girls,Girls,y,girls,topical,Girls,,auto-seeded draft; review
http://id.worldcat.org/fast/942866.,Girls,y,girls,topical,Girls,,auto-seeded draft; review
lcsh|girls-poetry,Girls -- Poetry,y,girls-poetry,topical,Girls -- Poetry,,auto-seeded draft; review
http://id.loc.gov/authorities/subjects/sh85055018,Girls -- Portraits,y,girls-portraits,topical,Girls -- Portraits,,auto-seeded draft; review
lcsh|girls-united-states-fiction,Girls -- United States -- Fiction,y,girls-united-states-fiction,topical,Girls -- United States -- Fiction,,auto-seeded draft; review
lcsh|glaciers-iceland-pictorial-works,Glaciers -- Iceland -- Pictorial works,y,glaciers-iceland-pictorial-works,topical,Glaciers -- Iceland -- Pictorial works,,auto-seeded draft; review
lcsh|glamour-photography,Glamour photography,y,glamour-photography,topical,Glamour photography,,auto-seeded draft; review
http://id.loc.gov/authorities/subjects/sh85055165.,Glass painting and staining,y,glass-painting-and-staining,topical,Glass painting and staining,,auto-seeded draft; review
http://id.worldcat.org/fast/943217.,Glass painting and staining,y,glass-painting-and-staining,topical,Glass painting and staining,,auto-seeded draft; review
http://id.loc.gov/authorities/subjects/sh89000812.,Global warming,y,global-warming,topical,Global warming,,auto-seeded draft; review
http://id.worldcat.org/fast/943506.,Global warming,y,global-warming,topical,Global warming,,auto-seeded draft; review
(OCoLC)fst01736229,Globalization,y,globalization,topical,Globalization,,auto-seeded draft; review
http://id.worldcat.org/fast/943532.,Globalization,y,globalization,topical,Globalization,,auto-seeded draft; review
lcsh|globalization,Globalization,y,globalization,topical,Globalization,,auto-seeded draft; review
http://id.loc.gov/authorities/subjects/sh2008118201.,Globalization -- Economic aspects,y,globalization-economic-aspects,topical,Globalization -- Economic aspects,,auto-seeded draft; review
http://id.worldcat.org/fast/943533.,Globalization -- Economic aspects,y,globalization-economic-aspects,topical,Globalization -- Economic aspects,,auto-seeded draft; review
lcsh|glue,Glue,y,glue,topical,Glue,,auto-seeded draft; review
http://id.loc.gov/authorities/subjects/sh85055517,God,y,god,topical,God,,auto-seeded draft; review
fast|god-judaism-name,God (Judaism) -- Name,y,god-judaism-name,topical,God (Judaism) -- Name,,auto-seeded draft; review
lcsh|god-judaism-name,God (Judaism) -- Name,y,god-judaism-name,topical,God (Judaism) -- Name,,auto-seeded draft; review
lcsh|golden-rule,Golden rule,y,golden-rule,topical,Golden rule,,auto-seeded draft; review
unspecified|goldstein-gary,"Goldstein, Gary",y,goldstein-gary,topical,"Goldstein, Gary",,auto-seeded draft; review
lcsh|gouache-painting,Gouache painting,y,gouache-painting,topical,Gouache painting,,auto-seeded draft; review
http://id.loc.gov/authorities/subjects/sh99005926.,Government aid to the arts,y,government-aid-to-the-arts,topical,Government aid to the arts,,auto-seeded draft; review
http://id.worldcat.org/fast/945173.,Government aid to the arts,y,government-aid-to-the-arts,topical,Government aid to the arts,,auto-seeded draft; review
http://id.worldcat.org/fast/945663.,"Government, Resistance to",y,government-resistance-to,topical,"Government, Resistance to",,auto-seeded draft; review
lcsh|government-resistance-to-mexico-pictorial-works,"Government, Resistance to -- Mexico -- Pictorial works",y,government-resistance-to-mexico-pictorial-works,topical,"Government, Resistance to -- Mexico -- Pictorial works",,auto-seeded draft; review
lcsh|government-resistance-to-pictorial-works,"Government, Resistance to -- Pictorial works",y,government-resistance-to-pictorial-works,topical,"Government, Resistance to -- Pictorial works",,auto-seeded draft; review
lcsh|governmental-investigations-united-states,Governmental investigations -- United States,y,governmental-investigations-united-states,topical,Governmental investigations -- United States,,auto-seeded draft; review
lcsh|graffiti,Graffiti,y,graffiti,topical,Graffiti,,auto-seeded draft; review
lcsh|graffiti-germany-berlin,Graffiti -- Germany -- Berlin,y,graffiti-germany-berlin,topical,Graffiti -- Germany -- Berlin,,auto-seeded draft; review
lcsh|graffiti-new-york-state-new-york,Graffiti -- New York (State) -- New York,y,graffiti-new-york-state-new-york,topical,Graffiti -- New York (State) -- New York,,auto-seeded draft; review
lcsh|graffiti-artists-california-los-angeles,Graffiti artists -- California -- Los Angeles,y,graffiti-artists-california-los-angeles,topical,Graffiti artists -- California -- Los Angeles,,auto-seeded draft; review
http://id.loc.gov/authorities/subjects/sh85056409.,Grandparent and child,y,grandparent-and-child,topical,Grandparent and child,,auto-seeded draft; review
http://id.worldcat.org/fast/946360.,Grandparent and child,y,grandparent-and-child,topical,Grandparent and child,,auto-seeded draft; review
http://id.worldcat.org/fast/1740159.,Graphic artists,y,graphic-artists,topical,Graphic artists,,auto-seeded draft; review
lcsh|graphic-artists-czech-republic-20th-century-interviews,Graphic artists -- Czech Republic -- 20th century -- Interviews,y,graphic-artists-czech-republic-20th-century-interviews,topical,Graphic artists -- Czech Republic -- 20th century -- Interviews,,auto-seeded draft; review
http://id.worldcat.org/fast/946595.,Graphic arts,y,graphic-arts,topical,Graphic arts,,auto-seeded draft; review
lcsh|graphic-arts,Graphic arts,y,graphic-arts,topical,Graphic arts,,auto-seeded draft; review
lcsh|graphic-arts-social-aspects,Graphic arts -- Social aspects,y,graphic-arts-social-aspects,topical,Graphic arts -- Social aspects,,auto-seeded draft; review
lcsh|graphic-arts-soviet-union,Graphic arts -- Soviet Union,y,graphic-arts-soviet-union,topical,Graphic arts -- Soviet Union,,auto-seeded draft; review
lcsh|graphic-design-typography,Graphic design (Typography),y,graphic-design-typography,topical,Graphic design (Typography),,auto-seeded draft; review
http://id.worldcat.org/fast/946640.,Graphic design (Typography),y,graphic-design-typography,topical,Graphic design (Typography),,auto-seeded draft; review
http://id.loc.gov/authorities/subjects/sh97005138.,Graphic design (Typography),y,graphic-design-typography,topical,Graphic design (Typography),,auto-seeded draft; review
lcsh|graphic-design-typography-philippines,Graphic design (Typography) -- Philippines,y,graphic-design-typography-philippines,topical,Graphic design (Typography) -- Philippines,,auto-seeded draft; review
http://id.worldcat.org/fast/946656.,Graphic novels,y,graphic-novels,topical,Graphic novels,,auto-seeded draft; review
lcsh|graphic-novels-colombia-21st-century,Graphic novels -- Colombia -- 21st century,y,graphic-novels-colombia-21st-century,topical,Graphic novels -- Colombia -- 21st century,,auto-seeded draft; review
lcsh|graphic-novels-united-states,Graphic novels -- United States,y,graphic-novels-united-states,topical,Graphic novels -- United States,,auto-seeded draft; review
http://id.loc.gov/authorities/subjects/sh85056495.,Graphology,y,graphology,topical,Graphology,,auto-seeded draft; review
http://id.worldcat.org/fast/946687.,Graphology,y,graphology,topical,Graphology,,auto-seeded draft; review
unspecified|great-britain,Great Britain,y,great-britain-topical,topical,Great Britain,,auto-seeded draft; review
http://id.worldcat.org/fast/947085.,Grebo (African people),y,grebo-african-people,topical,Grebo (African people),,auto-seeded draft; review
lcsh|grebo-african-people-folklore,Grebo (African people) -- Folklore,y,grebo-african-people-folklore,topical,Grebo (African people) -- Folklore,,auto-seeded draft; review
http://id.worldcat.org/fast/947178.,Greek language,y,greek-language,topical,Greek language,,auto-seeded draft; review
lcsh|greek-language-dictionaries-latin,Greek language -- Dictionaries -- Latin,y,greek-language-dictionaries-latin,topical,Greek language -- Dictionaries -- Latin,,auto-seeded draft; review
lcsh|greeks-italy-selinus-extinct-city,Greeks -- Italy -- Selinus (Extinct city),y,greeks-italy-selinus-extinct-city,topical,Greeks -- Italy -- Selinus (Extinct city),,auto-seeded draft; review
lcsh|gregorian-chants,Gregorian chants,y,gregorian-chants,topical,Gregorian chants,,auto-seeded draft; review
http://id.loc.gov/authorities/subjects/sh85057329.,Grids (Cartography) in art,y,grids-cartography-in-art,topical,Grids (Cartography) in art,,auto-seeded draft; review
http://id.worldcat.org/fast/947881.,Grids (Cartography) in art,y,grids-cartography-in-art,topical,Grids (Cartography) in art,,auto-seeded draft; review
lcsh|grids-cartography-in-art,Grids (Cartography) in art,y,grids-cartography-in-art,topical,Grids (Cartography) in art,,auto-seeded draft; review
http://id.loc.gov/authorities/subjects/sh2006005409.,Grids (Crisscross patterns) in art,y,grids-crisscross-patterns-in-art,topical,Grids (Crisscross patterns) in art,,auto-seeded draft; review
http://id.worldcat.org/fast/1903396.,Grids (Crisscross patterns) in art,y,grids-crisscross-patterns-in-art,topical,Grids (Crisscross patterns) in art,,auto-seeded draft; review
http://id.loc.gov/authorities/subjects/sh85057330.,Grief,y,grief,topical,Grief,,auto-seeded draft; review
http://id.worldcat.org/fast/947883.,Grief,y,grief,topical,Grief,,auto-seeded draft; review
http://id.loc.gov/authorities/subjects/sh85057331.,Grief in art,y,grief-in-art,topical,Grief in art,,auto-seeded draft; review
http://id.worldcat.org/fast/947905.,Grief in art,y,grief-in-art,topical,Grief in art,,auto-seeded draft; review
http://id.loc.gov/authorities/subjects/sh85057333.,Grief in literature,y,grief-in-literature,topical,Grief in literature,,auto-seeded draft; review
http://id.worldcat.org/fast/947910.,Grief in literature,y,grief-in-literature,topical,Grief in literature,,auto-seeded draft; review
unspecified|grobet-lourdes,"Grobet, Lourdes",y,grobet-lourdes,topical,"Grobet, Lourdes",,auto-seeded draft; review
http://id.loc.gov/authorities/subjects/sh85057441.,Grotesque in art,y,grotesque-in-art,topical,Grotesque in art,,auto-seeded draft; review
http://id.worldcat.org/fast/948125.,Grotesque in art,y,grotesque-in-art,topical,Grotesque in art,,auto-seeded draft; review
http://id.worldcat.org/fast/1896057.,Group work in art,y,group-work-in-art,topical,Group work in art,,auto-seeded draft; review
http://id.loc.gov/authorities/subjects/sh85057502.,Group work in art,y,group-work-in-art,topical,Group work in art,,auto-seeded draft; review
lcsh|group-work-in-art-periodicals,Group work in art -- Periodicals,y,group-work-in-art-periodicals,topical,Group work in art -- Periodicals,,auto-seeded draft; review
lcsh|group-work-in-art-united-states-exhibitions,Group work in art -- United States -- Exhibitions,y,group-work-in-art-united-states-exhibitions,topical,Group work in art -- United States -- Exhibitions,,auto-seeded draft; review
lcsh|growth-plants-in-art,Growth (Plants) in art,y,growth-plants-in-art,topical,Growth (Plants) in art,,auto-seeded draft; review
http://id.worldcat.org/fast/948861.,Guatemalan literature,y,guatemalan-literature,topical,Guatemalan literature,,auto-seeded draft; review
lcsh|guatemalan-literature-21st-century,Guatemalan literature -- 21st century,y,guatemalan-literature-21st-century,topical,Guatemalan literature -- 21st century,,auto-seeded draft; review
http://id.worldcat.org/fast/948864.,Guatemalan poetry,y,guatemalan-poetry,topical,Guatemalan poetry,,auto-seeded draft; review
lcsh|guatemalan-poetry-21st-century,Guatemalan poetry -- 21st century,y,guatemalan-poetry-21st-century,topical,Guatemalan poetry -- 21st century,,auto-seeded draft; review
rvm|guerre-mondiale-1939-1945-camps-d-internement,"Guerre mondiale, 1939-1945 -- Camps d'internement",y,guerre-mondiale-1939-1945-camps-d-internement,topical,"Guerre mondiale, 1939-1945 -- Camps d'internement",,auto-seeded draft; review
http://id.worldcat.org/fast/948935.,Guerrillas,y,guerrillas,topical,Guerrillas,,auto-seeded draft; review
http://id.loc.gov/authorities/subjects/sh2008118471.,Guerrillas -- Bolivia,y,guerrillas-bolivia,topical,Guerrillas -- Bolivia,,auto-seeded draft; review
lcsh|guide-dogs,Guide dogs,y,guide-dogs,topical,Guide dogs,,auto-seeded draft; review
lcsh|guitarists-spain-biography,Guitarists -- Spain -- Biography,y,guitarists-spain-biography,topical,Guitarists -- Spain -- Biography,,auto-seeded draft; review
http://id.loc.gov/authorities/subjects/sh85058059.,Gymnastics,y,gymnastics,topical,Gymnastics,,auto-seeded draft; review
http://id.worldcat.org/fast/949583.,Gymnastics,y,gymnastics,topical,Gymnastics,,auto-seeded draft; review
http://id.loc.gov/authorities/subjects/sh2013002597.,Hacking,y,hacking,topical,Hacking,,auto-seeded draft; review
http://id.worldcat.org/fast/1909643.,Hacking,y,hacking,topical,Hacking,,auto-seeded draft; review
http://id.loc.gov/authorities/subjects/sh85058289.,Haiku,y,haiku,topical,Haiku,,auto-seeded draft; review
http://id.worldcat.org/fast/950289.,Haiku,y,haiku,topical,Haiku,,auto-seeded draft; review
lcsh|haiku-translations-into-english,Haiku -- Translations into English,y,haiku-translations-into-english,topical,Haiku -- Translations into English,,auto-seeded draft; review
lcsh|haiku-in-photography,Haiku in photography,y,haiku-in-photography,topical,Haiku in photography,,auto-seeded draft; review
http://id.loc.gov/authorities/subjects/sh85058292.,"Haiku, American",y,haiku-american,topical,"Haiku, American",,auto-seeded draft; review
http://id.worldcat.org/fast/950299.,"Haiku, American",y,haiku-american,topical,"Haiku, American",,auto-seeded draft; review
lcsh|haiku-english,"Haiku, English",y,haiku-english,topical,"Haiku, English",,auto-seeded draft; review
lcsh|hair,Hair,y,hair,topical,Hair,,auto-seeded draft; review
lcsh|hair-in-art,Hair in art,y,hair-in-art,topical,Hair in art,,auto-seeded draft; review
http://id.loc.gov/authorities/subjects/sh86006365.,Hairstyles,y,hairstyles,topical,Hairstyles,,auto-seeded draft; review
http://id.worldcat.org/fast/950431.,Hairstyles,y,hairstyles,topical,Hairstyles,,auto-seeded draft; review
lcsh|hairstyles-in-art,Hairstyles in art,y,hairstyles-in-art,topical,Hairstyles in art,,auto-seeded draft; review
lcsh|halloween-new-york-state-pictorial-works,Halloween -- New York (State) -- Pictorial works,y,halloween-new-york-state-pictorial-works,topical,Halloween -- New York (State) -- Pictorial works,,auto-seeded draft; review
lcsh|hamrick-frank,"Hamrick, Frank",y,hamrick-frank,topical,"Hamrick, Frank",,auto-seeded draft; review
fast|hand-in-art,Hand in art,y,hand-in-art,topical,Hand in art,,auto-seeded draft; review
lcsh|hand-in-art-specimens,Hand in art -- Specimens,y,hand-in-art-specimens,topical,Hand in art -- Specimens,,auto-seeded draft; review
http://id.worldcat.org/fast/950888.,Hand weaving,y,hand-weaving,topical,Hand weaving,,auto-seeded draft; review
lcsh|hand-weaving-colombia,Hand weaving -- Colombia,y,hand-weaving-colombia,topical,Hand weaving -- Colombia,,auto-seeded draft; review
lcsh|handbooks-vade-mecums-etc,"Handbooks, vade-mecums, etc",y,handbooks-vade-mecums-etc,topical,"Handbooks, vade-mecums, etc",,auto-seeded draft; review
https://id.kb.se/term/sao/Handel,Handel,y,handel,topical,Handel,,auto-seeded draft; review
http://id.worldcat.org/fast/950959.,Handicraft,y,handicraft,topical,Handicraft,,auto-seeded draft; review
lcsh|handicraft-mexico-chiapas,Handicraft -- Mexico -- Chiapas,y,handicraft-mexico-chiapas,topical,Handicraft -- Mexico -- Chiapas,,auto-seeded draft; review
http://id.worldcat.org/fast/1052593.,Handmade paper,y,handmade-paper,topical,Handmade paper,,auto-seeded draft; review
http://id.loc.gov/authorities/subjects/sh85097591.,Handmade paper,y,handmade-paper,topical,Handmade paper,,auto-seeded draft; review
lcsh|handmade-paper,Handmade paper,y,handmade-paper,topical,Handmade paper,,auto-seeded draft; review
lcsh|handmade-paper-mexico-san-pablito,Handmade paper -- Mexico -- San Pablito,y,handmade-paper-mexico-san-pablito,topical,Handmade paper -- Mexico -- San Pablito,,auto-seeded draft; review
lcsh|handmade-paper-specimens,Handmade paper -- Specimens,y,handmade-paper-specimens,topical,Handmade paper -- Specimens,,auto-seeded draft; review
lcsh|handmade-paper-united-states-specimens,Handmade paper -- United States -- Specimens,y,handmade-paper-united-states-specimens,topical,Handmade paper -- United States -- Specimens,,auto-seeded draft; review
unspecified|handmade-papers-fibre-products,Handmade papers (fibre products,y,handmade-papers-fibre-products,topical,Handmade papers (fibre products,,auto-seeded draft; review
unspecified|handmade-papers-paper,Handmade papers (Paper),y,handmade-papers-paper,topical,Handmade papers (Paper),,auto-seeded draft; review
lcsh|handscrolls,Handscrolls,y,handscrolls,topical,Handscrolls,,auto-seeded draft; review
lcsh|handstamping,Handstamping,y,handstamping,topical,Handstamping,,auto-seeded draft; review
http://id.loc.gov/authorities/subjects/sh85058806.,Happenings (Art),y,happenings-art,topical,Happenings (Art),,auto-seeded draft; review
http://id.worldcat.org/fast/951159.,Happenings (Art),y,happenings-art,topical,Happenings (Art),,auto-seeded draft; review
http://id.loc.gov/authorities/subjects/sh85058806,Happenings (Art),y,happenings-art,topical,Happenings (Art),,auto-seeded draft; review
lcsh|happenings-art,Happenings (Art),y,happenings-art,topical,Happenings (Art),,auto-seeded draft; review
lcsh|happenings-art-austria-vienna,Happenings (Art) -- Austria -- Vienna,y,happenings-art-austria-vienna,topical,Happenings (Art) -- Austria -- Vienna,,auto-seeded draft; review
lcsh|happenings-art-catalogs,Happenings (Art) -- Catalogs,y,happenings-art-catalogs,topical,Happenings (Art) -- Catalogs,,auto-seeded draft; review
lcsh|happenings-art-germany,Happenings (Art) -- Germany,y,happenings-art-germany,topical,Happenings (Art) -- Germany,,auto-seeded draft; review
lcsh|happenings-art-iowa-waterloo,Happenings (Art) -- Iowa -- Waterloo,y,happenings-art-iowa-waterloo,topical,Happenings (Art) -- Iowa -- Waterloo,,auto-seeded draft; review
lcsh|happenings-art-spain,Happenings (Art) -- Spain,y,happenings-art-spain,topical,Happenings (Art) -- Spain,,auto-seeded draft; review
lcsh|happenings-art-texas-austin,Happenings (Art) -- Texas -- Austin,y,happenings-art-texas-austin,topical,Happenings (Art) -- Texas -- Austin,,auto-seeded draft; review
http://id.loc.gov/authorities/subjects/sh85058807.,Happiness,y,happiness,topical,Happiness,,auto-seeded draft; review
http://id.worldcat.org/fast/951160.,Happiness,y,happiness,topical,Happiness,,auto-seeded draft; review
lcsh|happiness,Happiness,y,happiness,topical,Happiness,,auto-seeded draft; review
http://id.loc.gov/authorities/subjects/sh85059272.,Hate,y,hate,topical,Hate,,auto-seeded draft; review
http://id.worldcat.org/fast/951863.,Hate,y,hate,topical,Hate,,auto-seeded draft; review
http://id.worldcat.org/fast/951883.,Hate groups,y,hate-groups,topical,Hate groups,,auto-seeded draft; review
http://id.loc.gov/authorities/subjects/sh2009126208.,Hate groups -- United States,y,hate-groups-united-states,topical,Hate groups -- United States,,auto-seeded draft; review
lcsh|hats-in-art,Hats in art,y,hats-in-art,topical,Hats in art,,auto-seeded draft; review
lcsh|haunted-houses,Haunted houses,y,haunted-houses,topical,Haunted houses,,auto-seeded draft; review
lcsh|hazardous-waste-storage-in-art,Hazardous waste storage in art,y,hazardous-waste-storage-in-art,topical,Hazardous waste storage in art,,auto-seeded draft; review
lcsh|headhunters-ecuador,Headhunters -- Ecuador,y,headhunters-ecuador,topical,Headhunters -- Ecuador,,auto-seeded draft; review
http://id.loc.gov/authorities/subjects/sh85059506.,Healing,y,healing,topical,Healing,,auto-seeded draft; review
http://id.worldcat.org/fast/952704.,Healing,y,healing,topical,Healing,,auto-seeded draft; review
http://id.loc.gov/authorities/subjects/sh97001238.,Healing in art,y,healing-in-art,topical,Healing in art,,auto-seeded draft; review
http://id.worldcat.org/fast/952727.,Healing in art,y,healing-in-art,topical,Healing in art,,auto-seeded draft; review
http://id.worldcat.org/fast/952743.,Health,y,health,topical,Health,,auto-seeded draft; review
(OCoLC)fst00953374,Hearing,y,hearing,topical,Hearing,,auto-seeded draft; review
lcsh|hearing,Hearing,y,hearing,topical,Hearing,,auto-seeded draft; review
http://id.worldcat.org/fast/953493.,Heart,y,heart,topical,Heart,,auto-seeded draft; review
http://id.loc.gov/authorities/subjects/sh90003032.,Heart -- Folklore,y,heart-folklore,topical,Heart -- Folklore,,auto-seeded draft; review
http://id.worldcat.org/fast/1199614.,Heart -- Folklore,y,heart-folklore,topical,Heart -- Folklore,,auto-seeded draft; review
http://id.loc.gov/authorities/subjects/sh85059747.,Heart in art,y,heart-in-art,topical,Heart in art,,auto-seeded draft; review
http://id.worldcat.org/fast/953734.,Heart in art,y,heart-in-art,topical,Heart in art,,auto-seeded draft; review
(OCoLC)fst00954557,Helices (Algebraic topology),y,helices-algebraic-topology,topical,Helices (Algebraic topology),,auto-seeded draft; review
lcsh|helices-algebraic-topology-in-art,Helices (Algebraic topology) -- In art,y,helices-algebraic-topology-in-art,topical,Helices (Algebraic topology) -- In art,,auto-seeded draft; review
https://id.kb.se/term/sao/Hemligheter,Hemligheter,y,hemligheter,topical,Hemligheter,,auto-seeded draft; review
http://id.loc.gov/authorities/subjects/sh85060351.,Herbs,y,herbs,topical,Herbs,,auto-seeded draft; review
http://id.worldcat.org/fast/955373.,Herbs,y,herbs,topical,Herbs,,auto-seeded draft; review
http://id.loc.gov/authorities/subjects/sh85060368.,"Heredity, Human",y,heredity-human,topical,"Heredity, Human",,auto-seeded draft; review
http://id.worldcat.org/fast/955419.,"Heredity, Human",y,heredity-human,topical,"Heredity, Human",,auto-seeded draft; review
lcsh|heteronyms,Heteronyms,y,heteronyms,topical,Heteronyms,,auto-seeded draft; review
http://id.loc.gov/authorities/subjects/sh85060641.,Hiding places,y,hiding-places,topical,Hiding places,,auto-seeded draft; review
http://id.worldcat.org/fast/955967.,Hiding places,y,hiding-places,topical,Hiding places,,auto-seeded draft; review
http://id.loc.gov/authorities/subjects/sh85060649.,Hieroglyphics,y,hieroglyphics,topical,Hieroglyphics,,auto-seeded draft; review
http://id.worldcat.org/fast/955976.,Hieroglyphics,y,hieroglyphics,topical,Hieroglyphics,,auto-seeded draft; review
lcsh|high-school-students-wisconsin,High school students -- Wisconsin,y,high-school-students-wisconsin,topical,High school students -- Wisconsin,,auto-seeded draft; review
http://id.worldcat.org/fast/956511.,High-fidelity sound systems,y,high-fidelity-sound-systems,topical,High-fidelity sound systems,,auto-seeded draft; review
lcsh|high-fidelity-sound-systems-design-and-construction,High-fidelity sound systems -- Design and construction,y,high-fidelity-sound-systems-design-and-construction,topical,High-fidelity sound systems -- Design and construction,,auto-seeded draft; review
http://id.loc.gov/authorities/subjects/sh97002671.,Hindu mythology in art,y,hindu-mythology-in-art,topical,Hindu mythology in art,,auto-seeded draft; review
http://id.worldcat.org/fast/1899809.,Hindu mythology in art,y,hindu-mythology-in-art,topical,Hindu mythology in art,,auto-seeded draft; review
http://id.worldcat.org/fast/957237.,Hip-hop,y,hip-hop,topical,Hip-hop,,auto-seeded draft; review
lcsh|hip-hop-north-carolina-raleigh-pictorial-works,Hip-hop -- North Carolina -- Raleigh -- Pictorial works,y,hip-hop-north-carolina-raleigh-pictorial-works,topical,Hip-hop -- North Carolina -- Raleigh -- Pictorial works,,auto-seeded draft; review
http://id.worldcat.org/fast/957686.,Historians,y,historians,topical,Historians,,auto-seeded draft; review
http://id.loc.gov/authorities/subjects/sh2008105655.,Historians -- Great Britain -- Biography,y,historians-great-britain-biography,topical,Historians -- Great Britain -- Biography,,auto-seeded draft; review
http://id.worldcat.org/fast/957723.,Historic buildings,y,historic-buildings,topical,Historic buildings,,auto-seeded draft; review
lcsh|historic-buildings,Historic buildings,y,historic-buildings,topical,Historic buildings,,auto-seeded draft; review
lcsh|historic-buildings-cuba-matanzas-pictorial-works,Historic buildings -- Cuba -- Matanzas -- Pictorial works,y,historic-buildings-cuba-matanzas-pictorial-works,topical,Historic buildings -- Cuba -- Matanzas -- Pictorial works,,auto-seeded draft; review
lcsh|historical-fiction-american-history-and-criticism,"Historical fiction, American -- History and criticism",y,historical-fiction-american-history-and-criticism,topical,"Historical fiction, American -- History and criticism",,auto-seeded draft; review
61B2(JEAN DE BERRY),historical person (with NAME),y,historical-person-with-name,topical,historical person (with NAME),,auto-seeded draft; review
http://id.loc.gov/authorities/subjects/sh91002236.,Historical reenactments,y,historical-reenactments,topical,Historical reenactments,,auto-seeded draft; review
http://id.worldcat.org/fast/958207.,Historical reenactments,y,historical-reenactments,topical,Historical reenactments,,auto-seeded draft; review
unspecified|history,History,y,history,topical,History,,auto-seeded draft; review
http://id.loc.gov/authorities/subjects/sh85061219.,History -- Miscellanea,y,history-miscellanea,topical,History -- Miscellanea,,auto-seeded draft; review
http://id.worldcat.org/fast/2041278.,History -- Miscellanea,y,history-miscellanea,topical,History -- Miscellanea,,auto-seeded draft; review
http://id.loc.gov/authorities/subjects/sh85061252.,History in art,y,history-in-art,topical,History in art,,auto-seeded draft; review
http://id.worldcat.org/fast/958337.,History in art,y,history-in-art,topical,History in art,,auto-seeded draft; review
http://id.worldcat.org/fast/1749759.,History painting,y,history-painting,topical,History painting,,auto-seeded draft; review
lcsh|history-painting-history-and-criticism,History painting -- History and criticism,y,history-painting-history-and-criticism,topical,History painting -- History and criticism,,auto-seeded draft; review
http://id.nlm.nih.gov/mesh/D049668.,"History, 15th Century",y,history-15th-century,topical,"History, 15th Century",,auto-seeded draft; review
http://id.worldcat.org/fast/1353231.,"History, Military",y,history-military,topical,"History, Military",,auto-seeded draft; review
lcsh|hitler-adolf-1889-1945,"Hitler, Adolf, 1889-1945",y,hitler-adolf-1889-1945,topical,"Hitler, Adolf, 1889-1945",,auto-seeded draft; review
lcsh|hmong-asian-people-biography,Hmong (Asian people) -- Biography,y,hmong-asian-people-biography,topical,Hmong (Asian people) -- Biography,,auto-seeded draft; review
http://id.worldcat.org/fast/958838.,Holocaust survivors,y,holocaust-survivors,topical,Holocaust survivors,,auto-seeded draft; review
http://id.loc.gov/authorities/subjects/sh2008105720.,Holocaust survivors -- Biography,y,holocaust-survivors-biography,topical,Holocaust survivors -- Biography,,auto-seeded draft; review
http://id.worldcat.org/fast/958839.,Holocaust survivors -- Biography,y,holocaust-survivors-biography,topical,Holocaust survivors -- Biography,,auto-seeded draft; review
http://id.loc.gov/authorities/subjects/sh85061518.,"Holocaust, Jewish (1939-1945) -- Personal narratives",y,holocaust-jewish-1939-1945-personal-narratives,topical,"Holocaust, Jewish (1939-1945) -- Personal narratives",,auto-seeded draft; review
lcsh|holocaust-jewish-1939-1945-personal-narratives,"Holocaust, Jewish (1939-1945) -- Personal narratives",y,holocaust-jewish-1939-1945-personal-narratives,topical,"Holocaust, Jewish (1939-1945) -- Personal narratives",,auto-seeded draft; review
lcsh|holocaust-jewish-1939-1945-poetry,"Holocaust, Jewish (1939-1945) -- Poetry",y,holocaust-jewish-1939-1945-poetry,topical,"Holocaust, Jewish (1939-1945) -- Poetry",,auto-seeded draft; review
http://id.worldcat.org/fast/958922.,"Holocaust, Jewish (1939-1945) in art",y,holocaust-jewish-1939-1945-in-art,topical,"Holocaust, Jewish (1939-1945), in art",,auto-seeded draft; review
fast|holocaust-jewish-1939-1945-in-art,"Holocaust, Jewish (1939-1945) in art",y,holocaust-jewish-1939-1945-in-art,topical,"Holocaust, Jewish (1939-1945), in art",,auto-seeded draft; review
http://id.loc.gov/authorities/subjects/sh85061521.,"Holocaust, Jewish (1939-1945), in art",y,holocaust-jewish-1939-1945-in-art,topical,"Holocaust, Jewish (1939-1945), in art",,auto-seeded draft; review
lcsh|holocaust-jewish-1939-1945-in-art-specimens,"Holocaust, Jewish (1939-1945), in art -- Specimens",y,holocaust-jewish-1939-1945-in-art-specimens,topical,"Holocaust, Jewish (1939-1945), in art -- Specimens",,auto-seeded draft; review
rvm|holocauste-1939-1945-re-cits-personnels,"Holocauste, 1939-1945 -- Récits personnels",y,holocauste-1939-1945-re-cits-personnels,topical,"Holocauste, 1939-1945 -- Récits personnels",,auto-seeded draft; review
rvm|holocauste-1939-1945-dans-l-art-spe-cimens,"Holocauste, 1939-1945, dans l'art -- Spécimens",y,holocauste-1939-1945-dans-l-art-spe-cimens,topical,"Holocauste, 1939-1945, dans l'art -- Spécimens",,auto-seeded draft; review
http://id.loc.gov/authorities/subjects/sh85061568,Holy Crown of Hungary,y,holy-crown-of-hungary,topical,Holy Crown of Hungary,,auto-seeded draft; review
http://id.worldcat.org/fast/959074.,Home,y,home,topical,Home,,auto-seeded draft; review
http://id.loc.gov/authorities/subjects/sh85061657.,Home,y,home,topical,Home,,auto-seeded draft; review
lcsh|home,Home,y,home,topical,Home,,auto-seeded draft; review
lcsh|home-social-aspects,Home -- Social aspects,y,home-social-aspects,topical,Home -- Social aspects,,auto-seeded draft; review
lcsh|home-in-art,Home in art,y,home-in-art,topical,Home in art,,auto-seeded draft; review
(OCoLC)fst00959445,Homeless persons,y,homeless-persons,topical,Homeless persons,,auto-seeded draft; review
lcsh|homeless-persons,Homeless persons,y,homeless-persons,topical,Homeless persons,,auto-seeded draft; review
lcsh|homeless-persons-california-santa-monica,Homeless persons -- California -- Santa Monica,y,homeless-persons-california-santa-monica,topical,Homeless persons -- California -- Santa Monica,,auto-seeded draft; review
lcsh|homeless-persons-new-york-state-new-york,Homeless persons -- New York (State) -- New York,y,homeless-persons-new-york-state-new-york,topical,Homeless persons -- New York (State) -- New York,,auto-seeded draft; review
lcsh|homeless-persons-in-art,Homeless persons in art,y,homeless-persons-in-art,topical,Homeless persons in art,,auto-seeded draft; review
http://id.worldcat.org/fast/959545.,Homelessness,y,homelessness,topical,Homelessness,,auto-seeded draft; review
lcsh|homelessness-pictorial-works,Homelessness -- Pictorial works,y,homelessness-pictorial-works,topical,Homelessness -- Pictorial works,,auto-seeded draft; review
lcsh|homelessness-poetry,Homelessness -- Poetry,y,homelessness-poetry,topical,Homelessness -- Poetry,,auto-seeded draft; review
(OCoLC)fst01903498,Homelessness in art,y,homelessness-in-art,topical,Homelessness in art,,auto-seeded draft; review
lcsh|homelessness-in-art,Homelessness in art,y,homelessness-in-art,topical,Homelessness in art,,auto-seeded draft; review
http://id.loc.gov/authorities/subjects/sh88006552.,Homophobia,y,homophobia,topical,Homophobia,,auto-seeded draft; review
http://id.worldcat.org/fast/959727.,Homophobia,y,homophobia,topical,Homophobia,,auto-seeded draft; review
https://homosaurus.org/v4/homoit0000646.,Homophobia,y,homophobia,topical,Homophobia,,auto-seeded draft; review
lcsh|homosexuality,Homosexuality,y,homosexuality,topical,Homosexuality,,auto-seeded draft; review
lcsh|homosexuality-humor,Homosexuality -- Humor,y,homosexuality-humor,topical,Homosexuality -- Humor,,auto-seeded draft; review
http://id.loc.gov/authorities/subjects/sh85061791,Homosexuality in art,y,homosexuality-in-art,topical,Homosexuality in art,,auto-seeded draft; review
lcsh|homosexuality-in-art,Homosexuality in art,y,homosexuality-in-art,topical,Homosexuality in art,,auto-seeded draft; review
lcsh|horror-comic-books-strips-etc-japan,"Horror comic books, strips, etc -- Japan",y,horror-comic-books-strips-etc-japan,topical,"Horror comic books, strips, etc -- Japan",,auto-seeded draft; review
lcsh|horses-anatomy,Horses -- Anatomy,y,horses-anatomy,topical,Horses -- Anatomy,,auto-seeded draft; review
lcsh|horses-poetry,Horses -- Poetry,y,horses-poetry,topical,Horses -- Poetry,,auto-seeded draft; review
lcsh|horses-in-art,Horses in art,y,horses-in-art,topical,Horses in art,,auto-seeded draft; review
http://id.worldcat.org/fast/960791.,Horticulture,y,horticulture,topical,Horticulture,,auto-seeded draft; review
lcsh|horticulture-religious-aspects,Horticulture -- Religious aspects,y,horticulture-religious-aspects,topical,Horticulture -- Religious aspects,,auto-seeded draft; review
http://id.worldcat.org/fast/961767.,Hotels,y,hotels,topical,Hotels,,auto-seeded draft; review
lcsh|hotels-georgia-republic-t-bilisi-pictorial-works,Hotels -- Georgia (Republic) -- Tʻbilisi -- Pictorial works,y,hotels-georgia-republic-t-bilisi-pictorial-works,topical,Hotels -- Georgia (Republic) -- Tʻbilisi -- Pictorial works,,auto-seeded draft; review
http://id.worldcat.org/fast/962090.,"Household appliances, Electric",y,household-appliances-electric,topical,"Household appliances, Electric",,auto-seeded draft; review
lcsh|household-appliances-electric-pictorial-works,"Household appliances, Electric -- Pictorial works",y,household-appliances-electric-pictorial-works,topical,"Household appliances, Electric -- Pictorial works",,auto-seeded draft; review
http://id.worldcat.org/fast/962785.,Human anatomy,y,human-anatomy,topical,Human anatomy,,auto-seeded draft; review
http://id.loc.gov/authorities/subjects/sh85004839.,Human anatomy,y,human-anatomy,topical,Human anatomy,,auto-seeded draft; review
http://id.loc.gov/authorities/subjects/sh2008105843.,Human anatomy -- Early works to 1800,y,human-anatomy-early-works-to-1800,topical,Human anatomy -- Early works to 1800,,auto-seeded draft; review
lcsh|human-anatomy-poetry,Human anatomy -- Poetry,y,human-anatomy-poetry,topical,Human anatomy -- Poetry,,auto-seeded draft; review
http://id.worldcat.org/fast/962832.,Human beings,y,human-beings,topical,Human beings,,auto-seeded draft; review
http://id.loc.gov/authorities/subjects/sh85080298.,Human beings -- Effect of environment on,y,human-beings-effect-of-environment-on,topical,Human beings -- Effect of environment on,,auto-seeded draft; review
http://id.worldcat.org/fast/962843.,Human beings -- Effect of environment on,y,human-beings-effect-of-environment-on,topical,Human beings -- Effect of environment on,,auto-seeded draft; review
lcsh|human-beings-effect-of-environment-on,Human beings -- Effect of environment on,y,human-beings-effect-of-environment-on,topical,Human beings -- Effect of environment on,,auto-seeded draft; review
http://id.loc.gov/authorities/subjects/sh85080301.,Human beings -- Origin,y,human-beings-origin,topical,Human beings -- Origin,,auto-seeded draft; review
http://id.worldcat.org/fast/962855.,Human beings -- Origin,y,human-beings-origin,topical,Human beings -- Origin,,auto-seeded draft; review
lcsh|human-beings-in-art,Human beings in art,y,human-beings-in-art,topical,Human beings in art,,auto-seeded draft; review
http://id.worldcat.org/fast/1730057.,Human body,y,human-body,topical,Human body,,auto-seeded draft; review
http://id.loc.gov/authorities/subjects/sh2009103094.,Human body -- Poetry,y,human-body-poetry,topical,Human body -- Poetry,,auto-seeded draft; review
lcsh|human-body-poetry,Human body -- Poetry,y,human-body-poetry,topical,Human body -- Poetry,,auto-seeded draft; review
lcsh|human-body-social-aspects-united-states,Human body -- Social aspects -- United States,y,human-body-social-aspects-united-states,topical,Human body -- Social aspects -- United States,,auto-seeded draft; review
http://id.loc.gov/authorities/subjects/sh2009103111.,Human body -- Terminology,y,human-body-terminology,topical,Human body -- Terminology,,auto-seeded draft; review
http://id.worldcat.org/fast/962941.,Human ecology,y,human-ecology,topical,Human ecology,,auto-seeded draft; review
lcsh|human-ecology-colombia,Human ecology -- Colombia,y,human-ecology-colombia,topical,Human ecology -- Colombia,,auto-seeded draft; review
(OCoLC)fst00963030,Human evolution,y,human-evolution,topical,Human evolution,,auto-seeded draft; review
http://id.loc.gov/authorities/subjects/sh85062868,Human evolution,y,human-evolution,topical,Human evolution,,auto-seeded draft; review
lcsh|human-experimentation-in-medicine-drama,Human experimentation in medicine -- Drama,y,human-experimentation-in-medicine-drama,topical,Human experimentation in medicine -- Drama,,auto-seeded draft; review
lcsh|human-figure-in-art,Human figure in art,y,human-figure-in-art,topical,Human figure in art,,auto-seeded draft; review
(OCoLC)fst01896063,Human figure in art,y,human-figure-in-art,topical,Human figure in art,,auto-seeded draft; review
lcsh|human-figure-in-art-pictorial-works,Human figure in art -- Pictorial works,y,human-figure-in-art-pictorial-works,topical,Human figure in art -- Pictorial works,,auto-seeded draft; review
http://id.worldcat.org/fast/963107.,Human geography,y,human-geography,topical,Human geography,,auto-seeded draft; review
lcsh|human-geography-argentina-philosophy,Human geography -- Argentina -- Philosophy,y,human-geography-argentina-philosophy,topical,Human geography -- Argentina -- Philosophy,,auto-seeded draft; review
http://id.worldcat.org/fast/963121.,Human geography -- Philosophy,y,human-geography-philosophy,topical,Human geography -- Philosophy,,auto-seeded draft; review
http://id.worldcat.org/fast/963183.,Human physiology,y,human-physiology,topical,Human physiology,,auto-seeded draft; review
lcsh|human-physiology-terminology,Human physiology -- Terminology,y,human-physiology-terminology,topical,Human physiology -- Terminology,,auto-seeded draft; review
http://id.loc.gov/authorities/subjects/sh99000378.,Human reproduction in art,y,human-reproduction-in-art,topical,Human reproduction in art,,auto-seeded draft; review
http://id.worldcat.org/fast/963258.,Human reproduction in art,y,human-reproduction-in-art,topical,Human reproduction in art,,auto-seeded draft; review
http://id.loc.gov/authorities/subjects/sh85026379.,Human rights,y,human-rights,topical,Human rights,,auto-seeded draft; review
http://id.worldcat.org/fast/963285.,Human rights,y,human-rights,topical,Human rights,,auto-seeded draft; review
https://homosaurus.org/v4/homoit0000652.,Human rights,y,human-rights,topical,Human rights,,auto-seeded draft; review
lcsh|human-rights-congo-democratic-republic-nord-kivu,Human rights -- Congo (Democratic Republic) -- Nord-Kivu,y,human-rights-congo-democratic-republic-nord-kivu,topical,Human rights -- Congo (Democratic Republic) -- Nord-Kivu,,auto-seeded draft; review
lcsh|human-rights-poetry,Human rights -- Poetry,y,human-rights-poetry,topical,Human rights -- Poetry,,auto-seeded draft; review
lcsh|human-settlements,Human settlements,y,human-settlements,topical,Human settlements,,auto-seeded draft; review
http://id.worldcat.org/fast/963482.,Human-animal relationships,y,human-animal-relationships,topical,Human-animal relationships,,auto-seeded draft; review
http://id.loc.gov/authorities/subjects/sh2008105781.,Human-animal relationships -- Fiction,y,human-animal-relationships-fiction,topical,Human-animal relationships -- Fiction,,auto-seeded draft; review
unspecified|humanitarian-assistance,Humanitarian assistance,y,humanitarian-assistance,topical,Humanitarian assistance,,auto-seeded draft; review
lcsh|humanitarian-assistance-congo-democratic-republic-nord-kivu,Humanitarian assistance -- Congo (Democratic Republic) -- Nord-Kivu,y,humanitarian-assistance-congo-democratic-republic-nord-kivu,topical,Humanitarian assistance -- Congo (Democratic Republic) -- Nord-Kivu,,auto-seeded draft; review
http://id.loc.gov/authorities/subjects/sh85062957.,"Humorous poetry, American",y,humorous-poetry-american,topical,"Humorous poetry, American",,auto-seeded draft; review
http://id.worldcat.org/fast/963760.,"Humorous poetry, American",y,humorous-poetry-american,topical,"Humorous poetry, American",,auto-seeded draft; review
http://id.loc.gov/authorities/subjects/sh85063138.,Hunting in art,y,hunting-in-art,topical,Hunting in art,,auto-seeded draft; review
http://id.worldcat.org/fast/964221.,Hunting in art,y,hunting-in-art,topical,Hunting in art,,auto-seeded draft; review
http://id.worldcat.org/fast/1907003.,Hurricane Katrina (2005) in art,y,hurricane-katrina-2005-in-art,topical,"Hurricane Katrina, 2005, in art",,auto-seeded draft; review
http://id.loc.gov/authorities/subjects/sh2007010924.,"Hurricane Katrina, 2005, in art",y,hurricane-katrina-2005-in-art,topical,"Hurricane Katrina, 2005, in art",,auto-seeded draft; review
http://id.worldcat.org/fast/964360.,Hurricanes,y,hurricanes,topical,Hurricanes,,auto-seeded draft; review
lcsh|hurricanes-mississippi,Hurricanes -- Mississippi,y,hurricanes-mississippi,topical,Hurricanes -- Mississippi,,auto-seeded draft; review
lcsh|hydraulic-fracturing-environmental-aspects-colorado-pictorial-works,Hydraulic fracturing -- Environmental aspects -- Colorado -- Pictorial works,y,hydraulic-fracturing-environmental-aspects-colorado-pictorial-works,topical,Hydraulic fracturing -- Environmental aspects -- Colorado -- Pictorial works,,auto-seeded draft; review
lcsh|hydrodynamics,Hydrodynamics,y,hydrodynamics,topical,Hydrodynamics,,auto-seeded draft; review
http://id.worldcat.org/fast/965349.,Hygiene,y,hygiene,topical,Hygiene,,auto-seeded draft; review
http://id.worldcat.org/fast/965356.,Hygiene -- Social aspects,y,hygiene-social-aspects,topical,Hygiene -- Social aspects,,auto-seeded draft; review
lcsh|hygiene-social-aspects,Hygiene -- Social aspects,y,hygiene-social-aspects,topical,Hygiene -- Social aspects,,auto-seeded draft; review
lcsh|hymns-latin,"Hymns, Latin",y,hymns-latin,topical,"Hymns, Latin",,auto-seeded draft; review
http://id.loc.gov/authorities/subjects/sh85063851.,Hysteria,y,hysteria,topical,Hysteria,,auto-seeded draft; review
http://id.worldcat.org/fast/966135.,Hysteria,y,hysteria,topical,Hysteria,,auto-seeded draft; review
lcsh|hysteria-case-studies,Hysteria -- Case studies,y,hysteria-case-studies,topical,Hysteria -- Case studies,,auto-seeded draft; review
http://id.worldcat.org/fast/1743902.,Ice floes,y,ice-floes,topical,Ice floes,,auto-seeded draft; review
lcsh|ice-floes-greenland-pictorial-works,Ice floes -- Greenland -- Pictorial works,y,ice-floes-greenland-pictorial-works,topical,Ice floes -- Greenland -- Pictorial works,,auto-seeded draft; review
http://id.worldcat.org/fast/966632.,Icebergs,y,icebergs,topical,Icebergs,,auto-seeded draft; review
lcsh|icebergs-greenland-pictorial-works,Icebergs -- Greenland -- Pictorial works,y,icebergs-greenland-pictorial-works,topical,Icebergs -- Greenland -- Pictorial works,,auto-seeded draft; review
lcsh|iconografie,Iconografie,y,iconografie,topical,Iconografie,,auto-seeded draft; review
http://id.worldcat.org/fast/966780.,Icons (Computer graphics),y,icons-computer-graphics,topical,Icons (Computer graphics),,auto-seeded draft; review
lcsh|icons-computer-graphics-fiction,Icons (Computer graphics) -- Fiction,y,icons-computer-graphics-fiction,topical,Icons (Computer graphics) -- Fiction,,auto-seeded draft; review
http://id.worldcat.org/fast/966889.,Identity (Philosophical concept),y,identity-philosophical-concept,topical,Identity (Philosophical concept),,auto-seeded draft; review
http://id.loc.gov/authorities/subjects/sh85064150.,Identity (Philosophical concept),y,identity-philosophical-concept,topical,Identity (Philosophical concept),,auto-seeded draft; review
lcsh|identity-philosophical-concept-photography,Identity (Philosophical concept) -- Photography,y,identity-philosophical-concept-photography,topical,Identity (Philosophical concept) -- Photography,,auto-seeded draft; review
lcsh|identity-philosophical-concept-pictorial-works,Identity (Philosophical concept) -- Pictorial works,y,identity-philosophical-concept-pictorial-works,topical,Identity (Philosophical concept) -- Pictorial works,,auto-seeded draft; review
http://id.loc.gov/authorities/subjects/sh2004014628.,Identity (Philosophical concept) in art,y,identity-philosophical-concept-in-art,topical,Identity (Philosophical concept) in art,,auto-seeded draft; review
http://id.worldcat.org/fast/1903557.,Identity (Philosophical concept) in art,y,identity-philosophical-concept-in-art,topical,Identity (Philosophical concept) in art,,auto-seeded draft; review
http://id.loc.gov/authorities/subjects/sh96011828.,Identity (Psychology) in art,y,identity-psychology-in-art,topical,Identity (Psychology) in art,,auto-seeded draft; review
http://id.worldcat.org/fast/966908.,Identity (Psychology) in art,y,identity-psychology-in-art,topical,Identity (Psychology) in art,,auto-seeded draft; review
lcsh|identity-psychology-in-art,Identity (Psychology) in art,y,identity-psychology-in-art,topical,Identity (Psychology) in art,,auto-seeded draft; review
http://id.loc.gov/authorities/subjects/sh85064153.,Identity (Psychology) in children,y,identity-psychology-in-children,topical,Identity (Psychology) in children,,auto-seeded draft; review
http://id.worldcat.org/fast/966909.,Identity (Psychology) in children,y,identity-psychology-in-children,topical,Identity (Psychology) in children,,auto-seeded draft; review
(OCoLC)fst01747531,Identity politics,y,identity-politics,topical,Identity politics,,auto-seeded draft; review
http://id.loc.gov/authorities/subjects/sh2009000728,Identity politics -- United States,y,identity-politics-united-states,topical,Identity politics -- United States,,auto-seeded draft; review
http://id.loc.gov/authorities/subjects/sh96012208.,Ideology in art,y,ideology-in-art,topical,Ideology in art,,auto-seeded draft; review
http://id.worldcat.org/fast/966930.,Ideology in art,y,ideology-in-art,topical,Ideology in art,,auto-seeded draft; review
http://id.worldcat.org/fast/2033296.,Illegal immigration,y,illegal-immigration,topical,Illegal immigration,,auto-seeded draft; review
lcsh|illegal-immigration-mexican-american-border-region-fiction,Illegal immigration -- Mexican-American Border Region -- Fiction,y,illegal-immigration-mexican-american-border-region-fiction,topical,Illegal immigration -- Mexican-American Border Region -- Fiction,,auto-seeded draft; review
lcsh|illegal-immigration-mexican-american-border-region-juvenile-fiction,Illegal immigration -- Mexican-American Border Region -- Juvenile fiction,y,illegal-immigration-mexican-american-border-region-juvenile-fiction,topical,Illegal immigration -- Mexican-American Border Region -- Juvenile fiction,,auto-seeded draft; review
lcsh|illegal-immigration-united-states,Illegal immigration -- United States,y,illegal-immigration-united-states,topical,Illegal immigration -- United States,,auto-seeded draft; review
local|illuminated-manuscript,Illuminated Manuscript,y,illuminated-manuscript,topical,Illuminated Manuscript,,auto-seeded draft; review
http://id.worldcat.org/fast/967235.,Illumination of books and manuscripts,y,illumination-of-books-and-manuscripts,topical,Illumination of books and manuscripts,,auto-seeded draft; review
http://id.loc.gov/authorities/subjects/sh2008123009.,Illumination of books and manuscripts -- Catalogs,y,illumination-of-books-and-manuscripts-catalogs,topical,Illumination of books and manuscripts -- Catalogs,,auto-seeded draft; review
lcsh|illumination-of-books-and-manuscripts-specimens,Illumination of books and manuscripts -- Specimens,y,illumination-of-books-and-manuscripts-specimens,topical,Illumination of books and manuscripts -- Specimens,,auto-seeded draft; review
fast|illustrated-periodicals,Illustrated periodicals,y,illustrated-periodicals,topical,Illustrated periodicals,,auto-seeded draft; review
lcsh|illustrated-periodicals-cuba,Illustrated periodicals -- Cuba,y,illustrated-periodicals-cuba,topical,Illustrated periodicals -- Cuba,,auto-seeded draft; review
lcsh|illustraties,Illustraties,y,illustraties,topical,Illustraties,,auto-seeded draft; review
(OCoLC)fst00967406,Illustration of books,y,illustration-of-books,topical,Illustration of books,,auto-seeded draft; review
http://id.worldcat.org/fast/967406.,Illustration of books,y,illustration-of-books,topical,Illustration of books,,auto-seeded draft; review
http://id.loc.gov/authorities/subjects/sh2009126752.,Illustration of books -- France -- 20th century,y,illustration-of-books-france-20th-century,topical,Illustration of books -- France -- 20th century,,auto-seeded draft; review
lcsh|illustration-of-books-great-britain,Illustration of books -- Great Britain,y,illustration-of-books-great-britain,topical,Illustration of books -- Great Britain,,auto-seeded draft; review
(OCoLC)fst00967426,Illustrators,y,illustrators,topical,Illustrators,,auto-seeded draft; review
lcsh|illustrators-great-britain,Illustrators -- Great Britain,y,illustrators-great-britain,topical,Illustrators -- Great Britain,,auto-seeded draft; review
http://id.loc.gov/authorities/subjects/sh85064446.,Image processing,y,image-processing,topical,Image processing,,auto-seeded draft; review
http://id.worldcat.org/fast/967501.,Image processing,y,image-processing,topical,Image processing,,auto-seeded draft; review
http://id.loc.gov/authorities/subjects/sh2018001545.,Image steganography,y,image-steganography,topical,Image steganography,,auto-seeded draft; review
http://id.worldcat.org/fast/2002925.,Image steganography,y,image-steganography,topical,Image steganography,,auto-seeded draft; review
http://id.loc.gov/authorities/subjects/sh85064451.,Imagery (Psychology),y,imagery-psychology,topical,Imagery (Psychology),,auto-seeded draft; review
http://id.worldcat.org/fast/967541.,Imagery (Psychology),y,imagery-psychology,topical,Imagery (Psychology),,auto-seeded draft; review
http://id.loc.gov/authorities/subjects/sh99013594.,Imaginary biography,y,imaginary-biography,topical,Imaginary biography,,auto-seeded draft; review
http://id.worldcat.org/fast/967555.,Imaginary biography,y,imaginary-biography,topical,Imaginary biography,,auto-seeded draft; review
http://id.loc.gov/authorities/subjects/sh85064456.,Imaginary books and libraries,y,imaginary-books-and-libraries,topical,Imaginary books and libraries,,auto-seeded draft; review
http://id.worldcat.org/fast/967557.,Imaginary books and libraries,y,imaginary-books-and-libraries,topical,Imaginary books and libraries,,auto-seeded draft; review
http://id.loc.gov/authorities/subjects/sh93008343.,Imaginary companions,y,imaginary-companions,topical,Imaginary companions,,auto-seeded draft; review
http://id.worldcat.org/fast/967560.,Imaginary companions,y,imaginary-companions,topical,Imaginary companions,,auto-seeded draft; review
lcsh|imaginary-creatures-pictorial-works,Imaginary creatures -- Pictorial works,y,imaginary-creatures-pictorial-works,topical,Imaginary creatures -- Pictorial works,,auto-seeded draft; review
(OCoLC)fst00967569,Imaginary letters,y,imaginary-letters,topical,Imaginary letters,,auto-seeded draft; review
lcsh|imaginary-letters,Imaginary letters,y,imaginary-letters,topical,Imaginary letters,,auto-seeded draft; review
lcsh|imaginary-places-maps,Imaginary places -- Maps,y,imaginary-places-maps,topical,Imaginary places -- Maps,,auto-seeded draft; review
lcsh|imaginary-places-in-art,Imaginary places in art,y,imaginary-places-in-art,topical,Imaginary places in art,,auto-seeded draft; review
http://id.worldcat.org/fast/967585.,Imagination,y,imagination,topical,Imagination,,auto-seeded draft; review
lcsh|imagination-drama,Imagination -- Drama,y,imagination-drama,topical,Imagination -- Drama,,auto-seeded draft; review
http://id.loc.gov/authorities/subjects/sh2008123037.,Imagination -- Juvenile fiction,y,imagination-juvenile-fiction,topical,Imagination -- Juvenile fiction,,auto-seeded draft; review
http://id.loc.gov/authorities/subjects/sh85064502,Imitation in art,y,imitation-in-art,topical,Imitation in art,,auto-seeded draft; review
(OCoLC)fst00967688.,Imitation in art,y,imitation-in-art,topical,Imitation in art,,auto-seeded draft; review
http://id.worldcat.org/fast/967712.,Immigrants,y,immigrants,topical,Immigrants,,auto-seeded draft; review
lcsh|immigrants-mexican-american-border-region-fiction,Immigrants -- Mexican-American Border Region -- Fiction,y,immigrants-mexican-american-border-region-fiction,topical,Immigrants -- Mexican-American Border Region -- Fiction,,auto-seeded draft; review
lcsh|immigrants-mexican-american-border-region-juvenile-fiction,Immigrants -- Mexican-American Border Region -- Juvenile fiction,y,immigrants-mexican-american-border-region-juvenile-fiction,topical,Immigrants -- Mexican-American Border Region -- Juvenile fiction,,auto-seeded draft; review
http://id.loc.gov/authorities/subjects/sh85140055.,Immigrants -- United States,y,immigrants-united-states,topical,Immigrants -- United States,,auto-seeded draft; review
http://id.loc.gov/authorities/subjects/sh85064518.,Immigrants in art,y,immigrants-in-art,topical,Immigrants in art,,auto-seeded draft; review
http://id.worldcat.org/fast/967799.,Immigrants in art,y,immigrants-in-art,topical,Immigrants in art,,auto-seeded draft; review
http://id.worldcat.org/fast/967851.,Immortalism,y,immortalism,topical,Immortalism,,auto-seeded draft; review
lcsh|immortalism-pictorial-works,Immortalism -- Pictorial works,y,immortalism-pictorial-works,topical,Immortalism -- Pictorial works,,auto-seeded draft; review
http://id.worldcat.org/fast/968126.,Imperialism,y,imperialism,topical,Imperialism,,auto-seeded draft; review
http://id.loc.gov/authorities/subjects/sh85064628.,Imperialism,y,imperialism,topical,Imperialism,,auto-seeded draft; review
lcsh|imperialism,Imperialism,y,imperialism,topical,Imperialism,,auto-seeded draft; review
http://id.worldcat.org/fast/968146.,Impermanence (Buddhism),y,impermanence-buddhism,topical,Impermanence (Buddhism),,auto-seeded draft; review
lcsh|impermanence-buddhism-poetry,Impermanence (Buddhism) -- Poetry,y,impermanence-buddhism-poetry,topical,Impermanence (Buddhism) -- Poetry,,auto-seeded draft; review
fast|imprisonment,Imprisonment,y,imprisonment,topical,Imprisonment,,auto-seeded draft; review
lcsh|incantations-shuar,"Incantations, Shuar",y,incantations-shuar,topical,"Incantations, Shuar",,auto-seeded draft; review
http://id.worldcat.org/fast/968670.,Income distribution,y,income-distribution,topical,Income distribution,,auto-seeded draft; review
lcsh|income-distribution-south-africa,Income distribution -- South Africa,y,income-distribution-south-africa,topical,Income distribution -- South Africa,,auto-seeded draft; review
lcsh|income-distribution-united-states-public-opinion,Income distribution -- United States -- Public opinion,y,income-distribution-united-states-public-opinion,topical,Income distribution -- United States -- Public opinion,,auto-seeded draft; review
http://id.worldcat.org/fast/969029.,Indian art,y,indian-art,topical,Indian art,,auto-seeded draft; review
lcsh|indian-art-united-states-20th-century-exhibitions,Indian art -- United States -- 20th century -- Exhibitions,y,indian-art-united-states-20th-century-exhibitions,topical,Indian art -- United States -- 20th century -- Exhibitions,,auto-seeded draft; review
lcsh|indian-art-united-states-21st-century,Indian art -- United States -- 21st century,y,indian-art-united-states-21st-century,topical,Indian art -- United States -- 21st century,,auto-seeded draft; review
lcsh|indian-captivities-peru-poetry,Indian captivities -- Peru -- Poetry,y,indian-captivities-peru-poetry,topical,Indian captivities -- Peru -- Poetry,,auto-seeded draft; review
http://id.worldcat.org/fast/969222.,Indian textile fabrics,y,indian-textile-fabrics,topical,Indian textile fabrics,,auto-seeded draft; review
lcsh|indian-textile-fabrics-colombia,Indian textile fabrics -- Colombia,y,indian-textile-fabrics-colombia,topical,Indian textile fabrics -- Colombia,,auto-seeded draft; review
http://id.worldcat.org/fast/969510.,Indians of Mexico,y,indians-of-mexico,topical,Indians of Mexico,,auto-seeded draft; review
http://id.worldcat.org/fast/969556.,Indians of Mexico -- Government relations,y,indians-of-mexico-government-relations,topical,Indians of Mexico -- Government relations,,auto-seeded draft; review
http://id.loc.gov/authorities/subjects/sh2008104395.,Indians of Mexico -- Mexico -- Chiapas -- Government relations,y,indians-of-mexico-mexico-chiapas-government-relations,topical,Indians of Mexico -- Mexico -- Chiapas -- Government relations,,auto-seeded draft; review
fast|indians-of-north-america,Indians of North America,y,indians-of-north-america,topical,Indians of North America,,auto-seeded draft; review
http://id.worldcat.org/fast/969633.,Indians of North America,y,indians-of-north-america,topical,Indians of North America,,auto-seeded draft; review
http://id.loc.gov/authorities/subjects/sh85065270.,Indians of North America -- Folklore,y,indians-of-north-america-folklore,topical,Indians of North America -- Folklore,,auto-seeded draft; review
http://id.worldcat.org/fast/969749.,Indians of North America -- Folklore,y,indians-of-north-america-folklore,topical,Indians of North America -- Folklore,,auto-seeded draft; review
lcsh|indians-of-north-america-southwest-new-rites-and-ceremonies,"Indians of North America -- Southwest, New -- Rites and ceremonies",y,indians-of-north-america-southwest-new-rites-and-ceremonies,topical,"Indians of North America -- Southwest, New -- Rites and ceremonies",,auto-seeded draft; review
lcsh|indians-of-north-america-in-art,Indians of North America in art,y,indians-of-north-america-in-art,topical,Indians of North America in art,,auto-seeded draft; review
http://id.worldcat.org/fast/970120.,"Indians, Treatment of",y,indians-treatment-of,topical,"Indians, Treatment of",,auto-seeded draft; review
lcsh|indians-treatment-of-mexico-history-16th-century,"Indians, Treatment of -- Mexico -- History -- 16th century",y,indians-treatment-of-mexico-history-16th-century,topical,"Indians, Treatment of -- Mexico -- History -- 16th century",,auto-seeded draft; review
http://id.worldcat.org/fast/1741814.,Indigenous art,y,indigenous-art,topical,Indigenous art,,auto-seeded draft; review
lcsh|indigenous-art-colombia,Indigenous art -- Colombia,y,indigenous-art-colombia,topical,Indigenous art -- Colombia,,auto-seeded draft; review
lcsh|indigo-history,Indigo -- History,y,indigo-history,topical,Indigo -- History,,auto-seeded draft; review
http://id.loc.gov/authorities/subjects/sh85065689.,Individuality,y,individuality,topical,Individuality,,auto-seeded draft; review
http://id.worldcat.org/fast/970343.,Individuality,y,individuality,topical,Individuality,,auto-seeded draft; review
lcsh|industrial-buildings-india-pictorial-works,Industrial buildings -- India -- Pictorial works,y,industrial-buildings-india-pictorial-works,topical,Industrial buildings -- India -- Pictorial works,,auto-seeded draft; review
lcsh|industrial-districts-england-kent-pictorial-works,Industrial districts -- England -- Kent -- Pictorial works,y,industrial-districts-england-kent-pictorial-works,topical,Industrial districts -- England -- Kent -- Pictorial works,,auto-seeded draft; review
http://id.worldcat.org/fast/971122.,Industrial hygiene,y,industrial-hygiene,topical,Industrial hygiene,,auto-seeded draft; review
lcsh|industrial-hygiene-australia,Industrial hygiene -- Australia,y,industrial-hygiene-australia,topical,Industrial hygiene -- Australia,,auto-seeded draft; review
lcsh|industrial-sites-pictorial-works,Industrial sites -- Pictorial works,y,industrial-sites-pictorial-works,topical,Industrial sites -- Pictorial works,,auto-seeded draft; review
http://id.worldcat.org/fast/971825.,Industrialization,y,industrialization,topical,Industrialization,,auto-seeded draft; review
http://id.worldcat.org/fast/971843.,Industrialization -- Social aspects,y,industrialization-social-aspects,topical,Industrialization -- Social aspects,,auto-seeded draft; review
lcsh|industrialization-social-aspects-united-states,Industrialization -- Social aspects -- United States,y,industrialization-social-aspects-united-states,topical,Industrialization -- Social aspects -- United States,,auto-seeded draft; review
lcsh|industrie,industrie,y,industrie,topical,industrie,,auto-seeded draft; review
lcsh|industries-new-york-state-pictorial-works,Industries -- New York (State) -- Pictorial works,y,industries-new-york-state-pictorial-works,topical,Industries -- New York (State) -- Pictorial works,,auto-seeded draft; review
lcsh|infants-illinois-pictorial-works,Infants -- Illinois -- Pictorial works,y,infants-illinois-pictorial-works,topical,Infants -- Illinois -- Pictorial works,,auto-seeded draft; review
lcsh|infants-in-art,Infants in art,y,infants-in-art,topical,Infants in art,,auto-seeded draft; review
(OCoLC)fst00972484.,"Influence (Literary, artistic, etc.)",y,influence-literary-artistic-etc,topical,"Influence (Literary, artistic, etc.)",,auto-seeded draft; review
http://id.worldcat.org/fast/972484.,"Influence (Literary, artistic, etc.)",y,influence-literary-artistic-etc,topical,"Influence (Literary, artistic, etc.)",,auto-seeded draft; review
(OCoLC)fst00973149,Information theory,y,information-theory,topical,Information theory,,auto-seeded draft; review
http://id.loc.gov/authorities/subjects/sh2008123699,Information theory -- Periodicals,y,information-theory-periodicals,topical,Information theory -- Periodicals,,auto-seeded draft; review
lcsh|initials,Initials,y,initials,topical,Initials,,auto-seeded draft; review
lcsh|initiation-rites,Initiation rites,y,initiation-rites,topical,Initiation rites,,auto-seeded draft; review
(OCoLC)fst00973481.,Initiation rites -- Religious aspects -- Christianity,y,initiation-rites-religious-aspects-christianity,topical,Initiation rites -- Religious aspects -- Christianity,,auto-seeded draft; review
http://id.loc.gov/authorities/subjects/sh85066424,Initiation rites -- Religious aspects -- Christianity,y,initiation-rites-religious-aspects-christianity,topical,Initiation rites -- Religious aspects -- Christianity,,auto-seeded draft; review
lcsh|innocence-psychology-in-art,Innocence (Psychology) in art,y,innocence-psychology-in-art,topical,Innocence (Psychology) in art,,auto-seeded draft; review
lcsh|inscriptions-connecticut-new-haven,Inscriptions -- Connecticut -- New Haven,y,inscriptions-connecticut-new-haven,topical,Inscriptions -- Connecticut -- New Haven,,auto-seeded draft; review
lcsh|inscriptions-maine-sweden-town,Inscriptions -- Maine -- Sweden (Town),y,inscriptions-maine-sweden-town,topical,Inscriptions -- Maine -- Sweden (Town),,auto-seeded draft; review
http://id.worldcat.org/fast/974074.,Insects,y,insects,topical,Insects,,auto-seeded draft; review
lcsh|insects,Insects,y,insects,topical,Insects,,auto-seeded draft; review
http://id.loc.gov/authorities/subjects/sh2008104689.,Insects -- Pictorial works,y,insects-pictorial-works,topical,Insects -- Pictorial works,,auto-seeded draft; review
lcsh|insects-in-art,Insects in art,y,insects-in-art,topical,Insects in art,,auto-seeded draft; review
http://id.loc.gov/authorities/subjects/sh85066706.,Insects in art,y,insects-in-art,topical,Insects in art,,auto-seeded draft; review
http://id.worldcat.org/fast/974195.,Insects in art,y,insects-in-art,topical,Insects in art,,auto-seeded draft; review
http://id.loc.gov/authorities/subjects/sh85066717.,Insomnia,y,insomnia,topical,Insomnia,,auto-seeded draft; review
http://id.worldcat.org/fast/974221.,Insomnia,y,insomnia,topical,Insomnia,,auto-seeded draft; review
lcsh|insomnia,Insomnia,y,insomnia,topical,Insomnia,,auto-seeded draft; review
http://id.loc.gov/authorities/subjects/sh85066719.,Inspiration,y,inspiration,topical,Inspiration,,auto-seeded draft; review
http://id.worldcat.org/fast/974230.,Inspiration,y,inspiration,topical,Inspiration,,auto-seeded draft; review
http://id.worldcat.org/fast/974250.,Installations (Art),y,installations-art,topical,Installations (Art),,auto-seeded draft; review
http://id.loc.gov/authorities/subjects/sh85066731.,Installations (Art),y,installations-art,topical,Installations (Art),,auto-seeded draft; review
unspecified|installations-art,Installations (Art),y,installations-art,topical,Installations (Art),,auto-seeded draft; review
lcsh|installations-art-20th-century,Installations (Art) -- 20th century,y,installations-art-20th-century,topical,Installations (Art) -- 20th century,,auto-seeded draft; review
http://id.loc.gov/authorities/subjects/sh2009127280.,Installations (Art) -- Catalogs,y,installations-art-catalogs,topical,Installations (Art) -- Catalogs,,auto-seeded draft; review
http://id.loc.gov/authorities/subjects/sh2008104691.,Installations (Art) -- Exhibitions,y,installations-art-exhibitions,topical,Installations (Art) -- Exhibitions,,auto-seeded draft; review
http://id.worldcat.org/fast/974251.,Installations (Art) -- Exhibitions,y,installations-art-exhibitions,topical,Installations (Art) -- Exhibitions,,auto-seeded draft; review
http://id.loc.gov/authorities/subjects/sh2008104693.,Installations (Art) -- Germany -- Exhibitions,y,installations-art-germany-exhibitions,topical,Installations (Art) -- Germany -- Exhibitions,,auto-seeded draft; review
lcsh|installations-art-germany-frankfurt-am-main,Installations (Art) -- Germany -- Frankfurt am Main,y,installations-art-germany-frankfurt-am-main,topical,Installations (Art) -- Germany -- Frankfurt am Main,,auto-seeded draft; review
lcsh|installations-art-germany-hamburg-exhibitions,Installations (Art) -- Germany -- Hamburg -- Exhibitions,y,installations-art-germany-hamburg-exhibitions,topical,Installations (Art) -- Germany -- Hamburg -- Exhibitions,,auto-seeded draft; review
unspecified|installations-art-great-britain,Installations (Art) -- Great Britain,y,installations-art-great-britain,topical,Installations (Art) -- Great Britain,,auto-seeded draft; review
lcsh|installations-art-norway,Installations (Art) -- Norway,y,installations-art-norway,topical,Installations (Art) -- Norway,,auto-seeded draft; review
lcsh|installations-art-texas-houston-exhibitions,Installations (Art) -- Texas -- Houston -- Exhibitions,y,installations-art-texas-houston-exhibitions,topical,Installations (Art) -- Texas -- Houston -- Exhibitions,,auto-seeded draft; review
lcsh|installations-art-united-states-exhibitions,Installations (Art) -- United States -- Exhibitions,y,installations-art-united-states-exhibitions,topical,Installations (Art) -- United States -- Exhibitions,,auto-seeded draft; review
http://id.loc.gov/authorities/subjects/sh2008104694.,Installations (Art) -- United States -- Exhibitions,y,installations-art-united-states-exhibitions,topical,Installations (Art) -- United States -- Exhibitions,,auto-seeded draft; review
lcsh|intaglio-printing-specimens,Intaglio printing -- Specimens,y,intaglio-printing-specimens,topical,Intaglio printing -- Specimens,,auto-seeded draft; review
lcsh|intellectual-freedom,Intellectual freedom,y,intellectual-freedom,topical,Intellectual freedom,,auto-seeded draft; review
http://id.worldcat.org/fast/975848.,Intelligence service,y,intelligence-service,topical,Intelligence service,,auto-seeded draft; review
http://id.loc.gov/authorities/subjects/sh85067179.,Intelligence service -- United States,y,intelligence-service-united-states,topical,Intelligence service -- United States,,auto-seeded draft; review
http://id.worldcat.org/fast/975979.,Interactive art,y,interactive-art,topical,Interactive art,,auto-seeded draft; review
lcsh|interactive-art-exhibitions,Interactive art -- Exhibitions,y,interactive-art-exhibitions,topical,Interactive art -- Exhibitions,,auto-seeded draft; review
http://id.loc.gov/authorities/subjects/sh2007010851.,Intermediality,y,intermediality,topical,Intermediality,,auto-seeded draft; review
http://id.worldcat.org/fast/1744695.,Intermediality,y,intermediality,topical,Intermediality,,auto-seeded draft; review
lcsh|internally-displaced-persons-sri-lanka-pictorial-works,Internally displaced persons -- Sri Lanka -- Pictorial works,y,internally-displaced-persons-sri-lanka-pictorial-works,topical,Internally displaced persons -- Sri Lanka -- Pictorial works,,auto-seeded draft; review
http://id.loc.gov/authorities/subjects/sh2012002128.,International law and human rights,y,international-law-and-human-rights,topical,International law and human rights,,auto-seeded draft; review
http://id.worldcat.org/fast/1894145.,International law and human rights,y,international-law-and-human-rights,topical,International law and human rights,,auto-seeded draft; review
http://id.worldcat.org/fast/977053.,International relations,y,international-relations,topical,International relations,,auto-seeded draft; review
http://id.worldcat.org/fast/977258.,Internet in political campaigns,y,internet-in-political-campaigns,topical,Internet in political campaigns,,auto-seeded draft; review
lcsh|internet-in-political-campaigns-united-states-exhibitions,Internet in political campaigns -- United States -- Exhibitions,y,internet-in-political-campaigns-united-states-exhibitions,topical,Internet in political campaigns -- United States -- Exhibitions,,auto-seeded draft; review
http://id.loc.gov/authorities/subjects/sh98006428.,Internet searching,y,internet-searching,topical,Internet searching,,auto-seeded draft; review
http://id.worldcat.org/fast/977289.,Internet searching,y,internet-searching,topical,Internet searching,,auto-seeded draft; review
lcsh|internet-searching,Internet searching,y,internet-searching,topical,Internet searching,,auto-seeded draft; review
fast|internment-camps,Internment camps,y,internment-camps,topical,Internment camps,,auto-seeded draft; review
lcsh|interpersonal-relations-in-art,Interpersonal relations in art,y,interpersonal-relations-in-art,topical,Interpersonal relations in art,,auto-seeded draft; review
http://id.loc.gov/authorities/subjects/sh85067524.,Interstellar communication,y,interstellar-communication,topical,Interstellar communication,,auto-seeded draft; review
http://id.worldcat.org/fast/977539.,Interstellar communication,y,interstellar-communication,topical,Interstellar communication,,auto-seeded draft; review
lcsh|interviews-poetry,Interviews -- Poetry,y,interviews-poetry,topical,Interviews -- Poetry,,auto-seeded draft; review
http://id.loc.gov/authorities/subjects/sh85067603.,Intimacy (Psychology),y,intimacy-psychology,topical,Intimacy (Psychology),,auto-seeded draft; review
http://id.worldcat.org/fast/977714.,Intimacy (Psychology),y,intimacy-psychology,topical,Intimacy (Psychology),,auto-seeded draft; review
http://id.loc.gov/authorities/subjects/sh2005001287.,Intimacy (Psychology) in art,y,intimacy-psychology-in-art,topical,Intimacy (Psychology) in art,,auto-seeded draft; review
http://id.worldcat.org/fast/1903635.,Intimacy (Psychology) in art,y,intimacy-psychology-in-art,topical,Intimacy (Psychology) in art,,auto-seeded draft; review
lcsh|inventions-pictorial-works,Inventions -- Pictorial works,y,inventions-pictorial-works,topical,Inventions -- Pictorial works,,auto-seeded draft; review
lcsh|inventions-in-art,Inventions in art,y,inventions-in-art,topical,Inventions in art,,auto-seeded draft; review
http://id.loc.gov/authorities/subjects/sh2011000325.,Invisibility,y,invisibility,topical,Invisibility,,auto-seeded draft; review
http://id.worldcat.org/fast/1764553.,Invisibility,y,invisibility,topical,Invisibility,,auto-seeded draft; review
http://id.loc.gov/authorities/subjects/sh2007007371.,iPhone (Smartphone),y,iphone-smartphone,topical,iPhone (Smartphone),,auto-seeded draft; review
http://id.worldcat.org/fast/1743856.,iPhone (Smartphone),y,iphone-smartphone,topical,iPhone (Smartphone),,auto-seeded draft; review
http://id.loc.gov/authorities/subjects/sh2003003059.,"Iraq War, 2003-2011",y,iraq-war-2003-2011,topical,"Iraq War, 2003-2011",,auto-seeded draft; review
lcsh|iraq-war-2003-2011,"Iraq War, 2003-2011",y,iraq-war-2003-2011,topical,"Iraq War, 2003-2011",,auto-seeded draft; review
lcsh|iraq-war-2003-2011-art-and-the-war,"Iraq War, 2003-2011 -- Art and the war",y,iraq-war-2003-2011-art-and-the-war,topical,"Iraq War, 2003-2011 -- Art and the war",,auto-seeded draft; review
lcsh|iraq-war-2003-2011-press-coverage,"Iraq War, 2003-2011 -- Press coverage",y,iraq-war-2003-2011-press-coverage,topical,"Iraq War, 2003-2011 -- Press coverage",,auto-seeded draft; review
lcsh|iraq-war-2003-2011-veterans-united-states,"Iraq War, 2003-2011 -- Veterans -- United States",y,iraq-war-2003-2011-veterans-united-states,topical,"Iraq War, 2003-2011 -- Veterans -- United States",,auto-seeded draft; review
http://id.loc.gov/authorities/subjects/sh85068081,Irises (Plants) in art,y,irises-plants-in-art,topical,Irises (Plants) in art,,auto-seeded draft; review
lcsh|irons-pressing-pictorial-works,Irons (Pressing) -- Pictorial works,y,irons-pressing-pictorial-works,topical,Irons (Pressing) -- Pictorial works,,auto-seeded draft; review
lcsh|ironwork-france-paris-pictorial-works-early-works-to-1800,Ironwork -- France -- Paris -- Pictorial works -- Early works to 1800,y,ironwork-france-paris-pictorial-works-early-works-to-1800,topical,Ironwork -- France -- Paris -- Pictorial works -- Early works to 1800,,auto-seeded draft; review
http://id.loc.gov/authorities/subjects/sh85068283.,Irrigation,y,irrigation,topical,Irrigation,,auto-seeded draft; review
http://id.worldcat.org/fast/979502.,Irrigation,y,irrigation,topical,Irrigation,,auto-seeded draft; review
http://id.loc.gov/authorities/subjects/sh85068296.,Irrigation engineering,y,irrigation-engineering,topical,Irrigation engineering,,auto-seeded draft; review
http://id.worldcat.org/fast/979596.,Irrigation engineering,y,irrigation-engineering,topical,Irrigation engineering,,auto-seeded draft; review
lcsh|islam,Islam,y,islam,topical,Islam,,auto-seeded draft; review
lcsh|islam-influence,Islam -- Influence,y,islam-influence,topical,Islam -- Influence,,auto-seeded draft; review
lcsh|islam-united-states,Islam -- United States,y,islam-united-states,topical,Islam -- United States,,auto-seeded draft; review
http://id.loc.gov/authorities/subjects/sh88003566.,It (The English word),y,it-the-english-word,topical,It (The English word),,auto-seeded draft; review
http://id.worldcat.org/fast/980392.,It (The English word),y,it-the-english-word,topical,It (The English word),,auto-seeded draft; review
http://id.loc.gov/authorities/subjects/sh85068816.,Italian literature,y,italian-literature,topical,Italian literature,,auto-seeded draft; review
http://id.worldcat.org/fast/980660.,Italian literature,y,italian-literature,topical,Italian literature,,auto-seeded draft; review
lcsh|italic-type-specimens,Italic type -- Specimens,y,italic-type-specimens,topical,Italic type -- Specimens,,auto-seeded draft; review
lcsh|itching-in-art,Itching in art,y,itching-in-art,topical,Itching in art,,auto-seeded draft; review
lcsh|jack-in-the-box-book,Jack-in-the-box Book,y,jack-in-the-box-book,topical,Jack-in-the-box Book,,auto-seeded draft; review
lcsh|jacquard-weaving,Jacquard weaving,y,jacquard-weaving,topical,Jacquard weaving,,auto-seeded draft; review
lcsh|japanese-diaries,Japanese -- Diaries,y,japanese-diaries,topical,Japanese -- Diaries,,auto-seeded draft; review
lcsh|japanese-americans-evacuation-and-relocation-1942-1945,"Japanese Americans -- Evacuation and relocation, 1942-1945",y,japanese-americans-evacuation-and-relocation-1942-1945,topical,"Japanese Americans -- Evacuation and relocation, 1942-1945",,auto-seeded draft; review
lcsh|japanese-americans-forced-removal-and-internment-1942-1945,"Japanese Americans -- Forced removal and internment, 1942-1945",y,japanese-americans-forced-removal-and-internment-1942-1945,topical,"Japanese Americans -- Forced removal and internment, 1942-1945",,auto-seeded draft; review
lcsh|japanese-americans-social-conditions-20th-century,Japanese Americans -- Social conditions -- 20th century,y,japanese-americans-social-conditions-20th-century,topical,Japanese Americans -- Social conditions -- 20th century,,auto-seeded draft; review
lcsh|japanese-americans-washington-state-history-20th-century,Japanese Americans -- Washington (State) -- History -- 20th century,y,japanese-americans-washington-state-history-20th-century,topical,Japanese Americans -- Washington (State) -- History -- 20th century,,auto-seeded draft; review
lcsh|japanese-literature,Japanese literature,y,japanese-literature,topical,Japanese literature,,auto-seeded draft; review
lcsh|jargon-terminology-humor,Jargon (Terminology) -- Humor,y,jargon-terminology-humor,topical,Jargon (Terminology) -- Humor,,auto-seeded draft; review
lcsh|jargon-terminology-louisiana-new-orleans,Jargon (Terminology) -- Louisiana -- New Orleans,y,jargon-terminology-louisiana-new-orleans,topical,Jargon (Terminology) -- Louisiana -- New Orleans,,auto-seeded draft; review
lcsh|jazz,Jazz,y,jazz,topical,Jazz,,auto-seeded draft; review
lcsh|jewelry-design,Jewelry -- Design,y,jewelry-design,topical,Jewelry -- Design,,auto-seeded draft; review
lcsh|jewelry-history,Jewelry -- History,y,jewelry-history,topical,Jewelry -- History,,auto-seeded draft; review
lcsh|jewish-marriage-customs-and-rites,Jewish marriage customs and rites,y,jewish-marriage-customs-and-rites,topical,Jewish marriage customs and rites,,auto-seeded draft; review
http://id.worldcat.org/fast/983135.,Jews,y,jews,topical,Jews,,auto-seeded draft; review
http://id.loc.gov/authorities/subjects/sh85070391.,Jews -- Folklore,y,jews-folklore,topical,Jews -- Folklore,,auto-seeded draft; review
http://id.worldcat.org/fast/983229.,Jews -- Folklore,y,jews-folklore,topical,Jews -- Folklore,,auto-seeded draft; review
lcsh|jews-identity-pictorial-works,Jews -- Identity -- Pictorial works,y,jews-identity-pictorial-works,topical,Jews -- Identity -- Pictorial works,,auto-seeded draft; review
lcsh|jews-social-life-and-customs,Jews -- Social life and customs,y,jews-social-life-and-customs,topical,Jews -- Social life and customs,,auto-seeded draft; review
11H(JOHN THE BAPTIST),"John the Baptist; possible attributes: book, reed cross, baptismal cup, honeycomb, lamb, staff",y,john-the-baptist-possible-attributes-book-reed-cross-baptismal-cup-honeycomb-lamb-staff,topical,"John the Baptist; possible attributes: book, reed cross, baptismal cup, honeycomb, lamb, staff",,auto-seeded draft; review
unspecified|jones-allen,"Jones, Allen",y,jones-allen,topical,"Jones, Allen",,auto-seeded draft; review
gtt|jongeren,Jongeren,y,jongeren,topical,Jongeren,,auto-seeded draft; review
http://id.worldcat.org/fast/984188.,Journalists,y,journalists,topical,Journalists,,auto-seeded draft; review
http://id.loc.gov/authorities/subjects/sh2008106187.,Journalists -- Canada -- Biography,y,journalists-canada-biography,topical,Journalists -- Canada -- Biography,,auto-seeded draft; review
http://id.loc.gov/authorities/subjects/sh2008106192.,Journalists -- Great Britain -- Biography,y,journalists-great-britain-biography,topical,Journalists -- Great Britain -- Biography,,auto-seeded draft; review
http://id.loc.gov/authorities/subjects/sh85071118.,Justice,y,justice,topical,Justice,,auto-seeded draft; review
http://id.worldcat.org/fast/985122.,Justice,y,justice,topical,Justice,,auto-seeded draft; review
rvm|kabbale,Kabbale,y,kabbale,topical,Kabbale,,auto-seeded draft; review
http://id.worldcat.org/fast/985936.,Kamikaze pilots,y,kamikaze-pilots,topical,Kamikaze pilots,,auto-seeded draft; review
lcsh|kamikaze-pilots-pictorial-works,Kamikaze pilots -- Pictorial works,y,kamikaze-pilots-pictorial-works,topical,Kamikaze pilots -- Pictorial works,,auto-seeded draft; review
https://id.kb.se/term/sao/Kapitalism,Kapitalism,y,kapitalism,topical,Kapitalism,,auto-seeded draft; review
http://id.loc.gov/authorities/subjects/sh2010012620.,Karuk art,y,karuk-art,topical,Karuk art,,auto-seeded draft; review
http://id.worldcat.org/fast/1763276.,Karuk art,y,karuk-art,topical,Karuk art,,auto-seeded draft; review
http://id.worldcat.org/fast/1763275.,Karuk artists,y,karuk-artists,topical,Karuk artists,,auto-seeded draft; review
lcsh|karuk-artists-california,Karuk artists -- California,y,karuk-artists-california,topical,Karuk artists -- California,,auto-seeded draft; review
http://id.loc.gov/authorities/subjects/sh85072120.,Keyboards (Electronics),y,keyboards-electronics,topical,Keyboards (Electronics),,auto-seeded draft; review
http://id.worldcat.org/fast/987010.,Keyboards (Electronics),y,keyboards-electronics,topical,Keyboards (Electronics),,auto-seeded draft; review
lcsh|kinetic-art,Kinetic art,y,kinetic-art,topical,Kinetic art,,auto-seeded draft; review
unspecified|king-susan-elizabeth,"King, Susan Elizabeth",y,king-susan-elizabeth,topical,"King, Susan Elizabeth",,auto-seeded draft; review
lcsh|kingfishers,Kingfishers,y,kingfishers,topical,Kingfishers,,auto-seeded draft; review
lcsh|kingfishers-in-art,Kingfishers in art,y,kingfishers-in-art,topical,Kingfishers in art,,auto-seeded draft; review
http://id.worldcat.org/fast/987694.,Kings and rulers,y,kings-and-rulers,topical,Kings and rulers,,auto-seeded draft; review
http://id.loc.gov/authorities/subjects/sh2009128067.,Kings and rulers -- Juvenile fiction,y,kings-and-rulers-juvenile-fiction,topical,Kings and rulers -- Juvenile fiction,,auto-seeded draft; review
https://homosaurus.org/v4/homoit0000442.,Kinks and fetishes,y,kinks-and-fetishes,topical,Kinks and fetishes,,auto-seeded draft; review
http://id.loc.gov/authorities/subjects/sh85072549.,Kissing,y,kissing,topical,Kissing,,auto-seeded draft; review
http://id.worldcat.org/fast/987877.,Kissing,y,kissing,topical,Kissing,,auto-seeded draft; review
https://homosaurus.org/v4/homoit0000691.,Kissing,y,kissing,topical,Kissing,,auto-seeded draft; review
http://id.worldcat.org/fast/987926.,Kitchens,y,kitchens,topical,Kitchens,,auto-seeded draft; review
lcsh|kitchens-balkan-peninsula-pictorial-works,Kitchens -- Balkan Peninsula -- Pictorial works,y,kitchens-balkan-peninsula-pictorial-works,topical,Kitchens -- Balkan Peninsula -- Pictorial works,,auto-seeded draft; review
lcsh|kites,Kites,y,kites,topical,Kites,,auto-seeded draft; review
http://id.loc.gov/authorities/subjects/sh85072580.,Kites,y,kites,topical,Kites,,auto-seeded draft; review
http://id.worldcat.org/fast/987946.,Kites,y,kites,topical,Kites,,auto-seeded draft; review
http://id.loc.gov/authorities/subjects/sh2004000615.,Kites in art,y,kites-in-art,topical,Kites in art,,auto-seeded draft; review
http://id.worldcat.org/fast/987953.,Kites in art,y,kites-in-art,topical,Kites in art,,auto-seeded draft; review
lcsh|knitting-history,Knitting -- History,y,knitting-history,topical,Knitting -- History,,auto-seeded draft; review
http://id.loc.gov/authorities/subjects/sh99002824.,Knives in art,y,knives-in-art,topical,Knives in art,,auto-seeded draft; review
http://id.worldcat.org/fast/988163.,Knives in art,y,knives-in-art,topical,Knives in art,,auto-seeded draft; review
http://id.worldcat.org/fast/988194.,"Knowledge, Theory of",y,knowledge-theory-of,topical,"Knowledge, Theory of",,auto-seeded draft; review
http://id.loc.gov/authorities/subjects/sh85072732.,"Knowledge, Theory of",y,knowledge-theory-of,topical,"Knowledge, Theory of",,auto-seeded draft; review
lcsh|knowledge-theory-of-quotations-maxims-etc,"Knowledge, Theory of -- Quotations, maxims, etc",y,knowledge-theory-of-quotations-maxims-etc,topical,"Knowledge, Theory of -- Quotations, maxims, etc",,auto-seeded draft; review
https://id.kb.se/term/sao/Konst,Konst,y,konst,topical,Konst,,auto-seeded draft; review
https://id.kb.se/term/sao/Konstn%C3%A4rer,Konstnärer,y,konstn-rer,topical,Konstnärer,,auto-seeded draft; review
kao|konstn-rer,Konstnärer,y,konstn-rer,topical,Konstnärer,,auto-seeded draft; review
sao|konstn-rer-f-renta-staterna-1900-talet-1945,Konstnärer -- Förenta staterna -- 1900-talet -- 1945-,y,konstn-rer-f-renta-staterna-1900-talet-1945,topical,Konstnärer -- Förenta staterna -- 1900-talet -- 1945-,,auto-seeded draft; review
unspecified|konstn-rer-f-renta-staterna-1900-talet-1945-biografi,Konstnärer -- Förenta staterna -- 1900-talet -- 1945- -- biografi,y,konstn-rer-f-renta-staterna-1900-talet-1945-biografi,topical,Konstnärer -- Förenta staterna -- 1900-talet -- 1945- -- biografi,,auto-seeded draft; review
sao|konstn-rer-f-renta-staterna-1945,Konstnärer -- Förenta staterna -- 1945-,y,konstn-rer-f-renta-staterna-1945,topical,Konstnärer -- Förenta staterna -- 1945-,,auto-seeded draft; review
unspecified|konstutst-llningar-f-renta-staterna-new-york,Konstutställningar -- Förenta staterna -- New York,y,konstutst-llningar-f-renta-staterna-new-york,topical,Konstutställningar -- Förenta staterna -- New York,,auto-seeded draft; review
sao|konstutst-llningar-schweiz-basel,Konstutställningar -- Schweiz -- Basel,y,konstutst-llningar-schweiz-basel,topical,Konstutställningar -- Schweiz -- Basel,,auto-seeded draft; review
sao|konstutst-llningar-schweiz-z-rich,Konstutställningar -- Schweiz -- Zürich,y,konstutst-llningar-schweiz-z-rich,topical,Konstutställningar -- Schweiz -- Zürich,,auto-seeded draft; review
sao|konstutst-llningar-tyskland-wolfsburg,Konstutställningar -- Tyskland -- Wolfsburg,y,konstutst-llningar-tyskland-wolfsburg,topical,Konstutställningar -- Tyskland -- Wolfsburg,,auto-seeded draft; review
http://id.worldcat.org/fast/988587.,Korean Americans,y,korean-americans,topical,Korean Americans,,auto-seeded draft; review
lcsh|korean-americans-communication,Korean Americans -- Communication,y,korean-americans-communication,topical,Korean Americans -- Communication,,auto-seeded draft; review
http://id.worldcat.org/fast/988589.,Korean Americans -- Communication,y,korean-americans-communication,topical,Korean Americans -- Communication,,auto-seeded draft; review
lcsh|korean-americans-illinois-chicago,Korean Americans -- Illinois -- Chicago,y,korean-americans-illinois-chicago,topical,Korean Americans -- Illinois -- Chicago,,auto-seeded draft; review
lcsh|korean-war-1950-1953-veterans,"Korean War, 1950-1953 -- Veterans",y,korean-war-1950-1953-veterans,topical,"Korean War, 1950-1953 -- Veterans",,auto-seeded draft; review
lcsh|korean-war-1950-1953-veterans-united-states,"Korean War, 1950-1953 -- Veterans -- United States",y,korean-war-1950-1953-veterans-united-states,topical,"Korean War, 1950-1953 -- Veterans -- United States",,auto-seeded draft; review
kao//eng|kruger-barbara,"Kruger, Barbara",y,kruger-barbara,topical,"Kruger, Barbara",,auto-seeded draft; review
kao|kruger-barbara,"Kruger, Barbara",y,kruger-barbara,topical,"Kruger, Barbara",,auto-seeded draft; review
lcsh|ku-klux-klan-19th-century,Ku Klux Klan (19th century),y,ku-klux-klan-19th-century,topical,Ku Klux Klan (19th century),,auto-seeded draft; review
unspecified|k-nstlerbuch,Künstlerbuch,y,k-nstlerbuch,topical,Künstlerbuch,,auto-seeded draft; review
unspecified|kvinnliga-konstn-rer-belgien-1945,Kvinnliga konstnärer -- Belgien -- 1945-,y,kvinnliga-konstn-rer-belgien-1945,topical,Kvinnliga konstnärer -- Belgien -- 1945-,,auto-seeded draft; review
https://id.kb.se/term/sao/Kvinnor,Kvinnor,y,kvinnor,topical,Kvinnor,,auto-seeded draft; review
lcsh|kwanzaa-united-states,Kwanzaa -- United States,y,kwanzaa-united-states,topical,Kwanzaa -- United States,,auto-seeded draft; review
lcsh|labor-california-los-angeles-county,Labor -- California -- Los Angeles County,y,labor-california-los-angeles-county,topical,Labor -- California -- Los Angeles County,,auto-seeded draft; review
http://id.loc.gov/authorities/subjects/sh97002002.,Labor in art,y,labor-in-art,topical,Labor in art,,auto-seeded draft; review
http://id.worldcat.org/fast/989959.,Labor in art,y,labor-in-art,topical,Labor in art,,auto-seeded draft; review
lcsh|labor-unions-california-los-angeles-county,Labor unions -- California -- Los Angeles County,y,labor-unions-california-los-angeles-county,topical,Labor unions -- California -- Los Angeles County,,auto-seeded draft; review
http://id.loc.gov/authorities/subjects/sh85073794.,Labyrinths in art,y,labyrinths-in-art,topical,Labyrinths in art,,auto-seeded draft; review
http://id.worldcat.org/fast/990474.,Labyrinths in art,y,labyrinths-in-art,topical,Labyrinths in art,,auto-seeded draft; review
unspecified|lakes-pictorial-works,Lakes -- Pictorial works,y,lakes-pictorial-works,topical,Lakes -- Pictorial works,,auto-seeded draft; review
http://id.worldcat.org/fast/991362.,Land tenure,y,land-tenure,topical,Land tenure,,auto-seeded draft; review
lcsh|land-tenure-chile-araucan-a-pictorial-works,Land tenure -- Chile -- Araucanía -- Pictorial works,y,land-tenure-chile-araucan-a-pictorial-works,topical,Land tenure -- Chile -- Araucanía -- Pictorial works,,auto-seeded draft; review
http://id.worldcat.org/fast/991689.,Landforms,y,landforms,topical,Landforms,,auto-seeded draft; review
lcsh|landforms-united-states-pictorial-works,Landforms -- United States -- Pictorial works,y,landforms-united-states-pictorial-works,topical,Landforms -- United States -- Pictorial works,,auto-seeded draft; review
unspecified|landscape-scotland-pictorial-works,Landscape -- Scotland -- Pictorial works,y,landscape-scotland-pictorial-works,topical,Landscape -- Scotland -- Pictorial works,,auto-seeded draft; review
http://id.loc.gov/authorities/subjects/sh94001190.,Landscape archaeology,y,landscape-archaeology,topical,Landscape archaeology,,auto-seeded draft; review
http://id.worldcat.org/fast/991791.,Landscape archaeology,y,landscape-archaeology,topical,Landscape archaeology,,auto-seeded draft; review
lcsh|landscape-gardening-poetry,Landscape gardening -- Poetry,y,landscape-gardening-poetry,topical,Landscape gardening -- Poetry,,auto-seeded draft; review
(OCoLC)fst00992030.,Landscape photography,y,landscape-photography,topical,Landscape photography,,auto-seeded draft; review
http://id.loc.gov/authorities/subjects/sh85101229,Landscape photography,y,landscape-photography,topical,Landscape photography,,auto-seeded draft; review
http://id.worldcat.org/fast/992030.,Landscape photography,y,landscape-photography,topical,Landscape photography,,auto-seeded draft; review
lcsh|landscape-photography-england-kent-exhibitions,Landscape photography -- England -- Kent -- Exhibitions,y,landscape-photography-england-kent-exhibitions,topical,Landscape photography -- England -- Kent -- Exhibitions,,auto-seeded draft; review
lcsh|landscape-photography-japan,Landscape photography -- Japan,y,landscape-photography-japan,topical,Landscape photography -- Japan,,auto-seeded draft; review
lcsh|landscape-photography-netherlands,Landscape photography -- Netherlands,y,landscape-photography-netherlands,topical,Landscape photography -- Netherlands,,auto-seeded draft; review
http://id.loc.gov/authorities/subjects/sh2009128788,Landscape photography -- United States,y,landscape-photography-united-states,topical,Landscape photography -- United States,,auto-seeded draft; review
http://id.worldcat.org/fast/1735625.,Landscapes,y,landscapes,topical,Landscapes,,auto-seeded draft; review
lcsh|landscapes-pictorial-works,Landscapes -- Pictorial works,y,landscapes-pictorial-works,topical,Landscapes -- Pictorial works,,auto-seeded draft; review
lcsh|landscapes-poetry,Landscapes -- Poetry,y,landscapes-poetry,topical,Landscapes -- Poetry,,auto-seeded draft; review
lcsh|landscapes-in-art,Landscapes in art,y,landscapes-in-art,topical,Landscapes in art,,auto-seeded draft; review
http://id.worldcat.org/fast/1899801.,Landscapes in art,y,landscapes-in-art,topical,Landscapes in art,,auto-seeded draft; review
http://id.loc.gov/authorities/subjects/sh85074423.,Landscapes in art,y,landscapes-in-art,topical,Landscapes in art,,auto-seeded draft; review
http://id.loc.gov/authorities/subjects/sh2008106626.,Landscapes in art -- Exhibitions,y,landscapes-in-art-exhibitions,topical,Landscapes in art -- Exhibitions,,auto-seeded draft; review
lcsh|landscapes-in-art-exhibitions,Landscapes in art -- Exhibitions,y,landscapes-in-art-exhibitions,topical,Landscapes in art -- Exhibitions,,auto-seeded draft; review
lcsh|language-and-ethics,Language and ethics,y,language-and-ethics,topical,Language and ethics,,auto-seeded draft; review
http://id.worldcat.org/fast/992154.,Language and languages,y,language-and-languages,topical,Language and languages,,auto-seeded draft; review
http://id.loc.gov/authorities/subjects/sh85074518.,Language and languages,y,language-and-languages,topical,Language and languages,,auto-seeded draft; review
lcsh|language-and-languages,Language and languages,y,language-and-languages,topical,Language and languages,,auto-seeded draft; review
http://id.loc.gov/authorities/subjects/sh85074574.,Language and languages -- Philosophy,y,language-and-languages-philosophy,topical,Language and languages -- Philosophy,,auto-seeded draft; review
http://id.worldcat.org/fast/992193.,Language and languages -- Philosophy,y,language-and-languages-philosophy,topical,Language and languages -- Philosophy,,auto-seeded draft; review
lcsh|language-and-languages-philosophy,Language and languages -- Philosophy,y,language-and-languages-philosophy,topical,Language and languages -- Philosophy,,auto-seeded draft; review
lcsh|language-and-languages-in-art,Language and languages in art,y,language-and-languages-in-art,topical,Language and languages in art,,auto-seeded draft; review
http://id.loc.gov/authorities/subjects/sh2006007605.,Language and languages in art,y,language-and-languages-in-art,topical,Language and languages in art,,auto-seeded draft; review
http://id.worldcat.org/fast/1903746.,Language and languages in art,y,language-and-languages-in-art,topical,Language and languages in art,,auto-seeded draft; review
lcsh|languages-secret-china,"Languages, Secret -- China",y,languages-secret-china,topical,"Languages, Secret -- China",,auto-seeded draft; review
unspecified|lara-magali,"Lara, Magali",y,lara-magali,topical,"Lara, Magali",,auto-seeded draft; review
http://id.worldcat.org/fast/993031.,Latin American literature,y,latin-american-literature,topical,Latin American literature,,auto-seeded draft; review
http://id.loc.gov/authorities/subjects/sh85074926.,Latin American literature -- 20th century,y,latin-american-literature-20th-century,topical,Latin American literature -- 20th century,,auto-seeded draft; review
lcsh|latin-american-literature-21st-century,Latin American literature -- 21st century,y,latin-american-literature-21st-century,topical,Latin American literature -- 21st century,,auto-seeded draft; review
lcsh|laundry-in-art,Laundry in art,y,laundry-in-art,topical,Laundry in art,,auto-seeded draft; review
http://id.loc.gov/authorities/subjects/sh2012000115.,Law and secrecy,y,law-and-secrecy,topical,Law and secrecy,,auto-seeded draft; review
http://id.worldcat.org/fast/1894327.,Law and secrecy,y,law-and-secrecy,topical,Law and secrecy,,auto-seeded draft; review
unspecified|leaflets-dropped-from-aircraft,Leaflets dropped from aircraft,y,leaflets-dropped-from-aircraft,topical,Leaflets dropped from aircraft,,auto-seeded draft; review
http://id.loc.gov/authorities/subjects/sh85075608.,Leaves,y,leaves,topical,Leaves,,auto-seeded draft; review
http://id.worldcat.org/fast/995186.,Leaves,y,leaves,topical,Leaves,,auto-seeded draft; review
lcsh|leg-in-art,Leg in art,y,leg-in-art,topical,Leg in art,,auto-seeded draft; review
(OCoLC)fst00995690.,Legislative bodies,y,legislative-bodies,topical,Legislative bodies,,auto-seeded draft; review
lcsh|legislative-bodies-korea-south,Legislative bodies -- Korea (South),y,legislative-bodies-korea-south,topical,Legislative bodies -- Korea (South),,auto-seeded draft; review
(OCoLC)fst00995741.,Legislative bodies -- Qualifications,y,legislative-bodies-qualifications,topical,Legislative bodies -- Qualifications,,auto-seeded draft; review
lcsh|legislative-bodies-qualifications,Legislative bodies -- Qualifications,y,legislative-bodies-qualifications,topical,Legislative bodies -- Qualifications,,auto-seeded draft; review
lcsh|lego-toys,LEGO toys,y,lego-toys,topical,LEGO toys,,auto-seeded draft; review
unspecified|leporello,Leporello,y,leporello,topical,Leporello,,auto-seeded draft; review
lcsh|lesbian-artists-united-states-exhibitions,Lesbian artists -- United States -- Exhibitions,y,lesbian-artists-united-states-exhibitions,topical,Lesbian artists -- United States -- Exhibitions,,auto-seeded draft; review
lcsh|lesbian-artists-united-states-interviews,Lesbian artists -- United States -- Interviews,y,lesbian-artists-united-states-interviews,topical,Lesbian artists -- United States -- Interviews,,auto-seeded draft; review
lcsh|lesbianism-in-art-exhibitions,Lesbianism in art -- Exhibitions,y,lesbianism-in-art-exhibitions,topical,Lesbianism in art -- Exhibitions,,auto-seeded draft; review
(OCoLC)fst00996540,Lesbians,y,lesbians,topical,Lesbians,,auto-seeded draft; review
http://id.worldcat.org/fast/996540.,Lesbians,y,lesbians,topical,Lesbians,,auto-seeded draft; review
https://homosaurus.org/v4/homoit0000556.,Lesbians,y,lesbians,topical,Lesbians,,auto-seeded draft; review
lcsh|lesbians-fiction,Lesbians -- Fiction,y,lesbians-fiction,topical,Lesbians -- Fiction,,auto-seeded draft; review
http://id.loc.gov/authorities/subjects/sh00009270.,Lesbians -- Relations with heterosexuals,y,lesbians-relations-with-heterosexuals,topical,Lesbians -- Relations with heterosexuals,,auto-seeded draft; review
http://id.worldcat.org/fast/996573.,Lesbians -- Relations with heterosexuals,y,lesbians-relations-with-heterosexuals,topical,Lesbians -- Relations with heterosexuals,,auto-seeded draft; review
http://id.loc.gov/authorities/subjects/sh97001911.,Lesbians in art,y,lesbians-in-art,topical,Lesbians in art,,auto-seeded draft; review
http://id.worldcat.org/fast/996586.,Lesbians in art,y,lesbians-in-art,topical,Lesbians in art,,auto-seeded draft; review
lcsh|lesbians-in-art-exhibitions,Lesbians in art -- Exhibitions,y,lesbians-in-art-exhibitions,topical,Lesbians in art -- Exhibitions,,auto-seeded draft; review
rvm|lesbiennes-romans-nouvelles-etc,"Lesbiennes -- Romans, nouvelles, etc",y,lesbiennes-romans-nouvelles-etc,topical,"Lesbiennes -- Romans, nouvelles, etc",,auto-seeded draft; review
http://id.loc.gov/authorities/subjects/sh97001912.,Letter writing in art,y,letter-writing-in-art,topical,Letter writing in art,,auto-seeded draft; review
http://id.worldcat.org/fast/996707.,Letter writing in art,y,letter-writing-in-art,topical,Letter writing in art,,auto-seeded draft; review
lcsh|letter-pictures,Letter-pictures,y,letter-pictures,topical,Letter-pictures,,auto-seeded draft; review
http://id.loc.gov/authorities/subjects/sh85076217,Letter-pictures,y,letter-pictures,topical,Letter-pictures,,auto-seeded draft; review
lcsh|letterpress,Letterpress,y,letterpress,topical,Letterpress,,auto-seeded draft; review
none|letterpress,Letterpress,y,letterpress,topical,Letterpress,,auto-seeded draft; review
http://id.worldcat.org/fast/996778.,Letterpress printing,y,letterpress-printing,topical,Letterpress printing,,auto-seeded draft; review
lcsh|letterpress-printing,Letterpress printing,y,letterpress-printing,topical,Letterpress printing,,auto-seeded draft; review
http://id.loc.gov/authorities/subjects/sh95001685.,Letterpress printing,y,letterpress-printing,topical,Letterpress printing,,auto-seeded draft; review
none|letterpress-printing,Letterpress printing,y,letterpress-printing,topical,Letterpress printing,,auto-seeded draft; review
lcsh|letterpress-printing-specimens,Letterpress printing -- Specimens,y,letterpress-printing-specimens,topical,Letterpress printing -- Specimens,,auto-seeded draft; review
http://id.loc.gov/authorities/subjects/sh85076240.,Letters,y,letters,topical,Letters,,auto-seeded draft; review
http://id.worldcat.org/fast/996779.,Letters,y,letters,topical,Letters,,auto-seeded draft; review
http://id.loc.gov/authorities/subjects/sh85076242.,Letters in art,y,letters-in-art,topical,Letters in art,,auto-seeded draft; review
http://id.worldcat.org/fast/996786.,Letters in art,y,letters-in-art,topical,Letters in art,,auto-seeded draft; review
lcsh|letters-in-art,Letters in art,y,letters-in-art,topical,Letters in art,,auto-seeded draft; review
https://homosaurus.org/v4/homoit0002579.,LGBTQ+ erotic art,y,lgbtq-erotic-art,topical,LGBTQ+ erotic art,,auto-seeded draft; review
http://homosaurus.org/v4/homoit0002579.,LGBTQ+ erotic art,y,lgbtq-erotic-art,topical,LGBTQ+ erotic art,,auto-seeded draft; review
https://homosaurus.org/v4/homoit0001102.,LGBTQ+ performance art,y,lgbtq-performance-art,topical,LGBTQ+ performance art,,auto-seeded draft; review
http://homosaurus.org/v4/homoit0001102.,LGBTQ+ performance art,y,lgbtq-performance-art,topical,LGBTQ+ performance art,,auto-seeded draft; review
lcsh|liberty,Liberty,y,liberty,topical,Liberty,,auto-seeded draft; review
http://id.worldcat.org/fast/997341.,Libraries,y,libraries,topical,Libraries,,auto-seeded draft; review
http://id.loc.gov/authorities/subjects/sh85076512.,Libraries -- History,y,libraries-history,topical,Libraries -- History,,auto-seeded draft; review
http://id.worldcat.org/fast/997445.,Libraries -- Social aspects,y,libraries-social-aspects,topical,Libraries -- Social aspects,,auto-seeded draft; review
lcsh|libraries-social-aspects-history,Libraries -- Social aspects -- History,y,libraries-social-aspects-history,topical,Libraries -- Social aspects -- History,,auto-seeded draft; review
http://id.loc.gov/authorities/subjects/sh2007000403.,Libraries in art,y,libraries-in-art,topical,Libraries in art,,auto-seeded draft; review
http://id.worldcat.org/fast/1903777.,Libraries in art,y,libraries-in-art,topical,Libraries in art,,auto-seeded draft; review
lcsh|libraries-in-art,Libraries in art,y,libraries-in-art,topical,Libraries in art,,auto-seeded draft; review
lcsh|library-catalogs-in-art,Library catalogs in art,y,library-catalogs-in-art,topical,Library catalogs in art,,auto-seeded draft; review
http://id.loc.gov/authorities/subjects/sh96004603,Library materials -- Conservation and restoration,y,library-materials-conservation-and-restoration,topical,Library materials -- Conservation and restoration,,auto-seeded draft; review
lcsh|library-users-california-los-angeles-pictorial-works,Library users -- California -- Los Angeles -- Pictorial works,y,library-users-california-los-angeles-pictorial-works,topical,Library users -- California -- Los Angeles -- Pictorial works,,auto-seeded draft; review
lcsh|life,Life,y,life,topical,Life,,auto-seeded draft; review
http://id.worldcat.org/fast/998231.,Life change events,y,life-change-events,topical,Life change events,,auto-seeded draft; review
http://id.loc.gov/authorities/subjects/sh2008106968.,Life change events -- Fiction,y,life-change-events-fiction,topical,Life change events -- Fiction,,auto-seeded draft; review
lcsh|life-change-events-psychological-aspects-poetry,Life change events -- Psychological aspects -- Poetry,y,life-change-events-psychological-aspects-poetry,topical,Life change events -- Psychological aspects -- Poetry,,auto-seeded draft; review
lcsh|life-cycle-human,"Life cycle, Human",y,life-cycle-human,topical,"Life cycle, Human",,auto-seeded draft; review
lcsh|life-cycle-human-poetry,"Life cycle, Human -- Poetry",y,life-cycle-human-poetry,topical,"Life cycle, Human -- Poetry",,auto-seeded draft; review
lcsh|life-cycle-human-in-art,"Life cycle, Human, in art",y,life-cycle-human-in-art,topical,"Life cycle, Human, in art",,auto-seeded draft; review
http://id.worldcat.org/fast/1741452.,Lift-the-flap books,y,lift-the-flap-books,topical,Lift-the-flap books,,auto-seeded draft; review
http://id.loc.gov/authorities/subjects/sh2009129807.,Lift-the-flap books -- Specimens,y,lift-the-flap-books-specimens,topical,Lift-the-flap books -- Specimens,,auto-seeded draft; review
http://id.loc.gov/authorities/subjects/sh85076886.,Light and darkness in literature,y,light-and-darkness-in-literature,topical,Light and darkness in literature,,auto-seeded draft; review
http://id.worldcat.org/fast/1896072.,Light and darkness in literature,y,light-and-darkness-in-literature,topical,Light and darkness in literature,,auto-seeded draft; review
http://id.loc.gov/authorities/subjects/sh85076896.,Light in art,y,light-in-art,topical,Light in art,,auto-seeded draft; review
http://id.worldcat.org/fast/998552.,Light in art,y,light-in-art,topical,Light in art,,auto-seeded draft; review
lcsh|lighthouses-history,Lighthouses -- History,y,lighthouses-history,topical,Lighthouses -- History,,auto-seeded draft; review
lcsh|lighthouses-in-art,Lighthouses in art,y,lighthouses-in-art,topical,Lighthouses in art,,auto-seeded draft; review
rvm|ligne-art,Ligne (Art),y,ligne-art,topical,Ligne (Art),,auto-seeded draft; review
http://id.worldcat.org/fast/998899.,Limited editions,y,limited-editions,topical,Limited editions,,auto-seeded draft; review
unspecified|limited-editions,Limited editions,y,limited-editions,topical,Limited editions,,auto-seeded draft; review
lcsh|limited-editions-specimens,Limited editions -- Specimens,y,limited-editions-specimens,topical,Limited editions -- Specimens,,auto-seeded draft; review
http://id.loc.gov/authorities/subjects/sh85077159.,Line (Art),y,line-art,topical,Line (Art),,auto-seeded draft; review
http://id.worldcat.org/fast/999034.,Line (Art),y,line-art,topical,Line (Art),,auto-seeded draft; review
lcsh|line-art,Line (Art),y,line-art,topical,Line (Art),,auto-seeded draft; review
fast|line-art,Line (Art),y,line-art,topical,Line (Art),,auto-seeded draft; review
http://id.loc.gov/authorities/subjects/sh85077159,Line (Art),y,line-art,topical,Line (Art),,auto-seeded draft; review
lcsh|linocuts,Linocuts,y,linocuts,topical,Linocuts,,auto-seeded draft; review
lcsh|linocuts-specimens,Linocuts -- Specimens,y,linocuts-specimens,topical,Linocuts -- Specimens,,auto-seeded draft; review
http://id.worldcat.org/fast/999280.,Linoleum block-printing,y,linoleum-block-printing,topical,Linoleum block-printing,,auto-seeded draft; review
lcsh|linoleum-block-printing,Linoleum block-printing,y,linoleum-block-printing,topical,Linoleum block-printing,,auto-seeded draft; review
lcsh|linoleum-block-printing-specimens,Linoleum block-printing -- Specimens,y,linoleum-block-printing-specimens,topical,Linoleum block-printing -- Specimens,,auto-seeded draft; review
http://id.worldcat.org/fast/999283.,"Linoleum block-printing, American",y,linoleum-block-printing-american,topical,"Linoleum block-printing, American",,auto-seeded draft; review
lcsh|linoleum-block-printing-american-21st-century-specimens,"Linoleum block-printing, American -- 21st century -- Specimens",y,linoleum-block-printing-american-21st-century-specimens,topical,"Linoleum block-printing, American -- 21st century -- Specimens",,auto-seeded draft; review
lcsh|linoleum-block-printing-american-specimens,"Linoleum block-printing, American -- Specimens",y,linoleum-block-printing-american-specimens,topical,"Linoleum block-printing, American -- Specimens",,auto-seeded draft; review
http://id.loc.gov/authorities/subjects/sh85077319.,Lipreading,y,lipreading,topical,Lipreading,,auto-seeded draft; review
http://id.worldcat.org/fast/999424.,Lipreading,y,lipreading,topical,Lipreading,,auto-seeded draft; review
lcsh|listening-in-art,Listening -- In art,y,listening-in-art,topical,Listening -- In art,,auto-seeded draft; review
http://id.loc.gov/authorities/childrensSubjects/sj96005899.,Literary recreations,y,literary-recreations,topical,Literary recreations,,auto-seeded draft; review
http://id.worldcat.org/fast/999950.,Literary recreations,y,literary-recreations,topical,Literary recreations,,auto-seeded draft; review
http://id.loc.gov/authorities/subjects/sh2009129879.,Literary recreations -- Juvenile literature,y,literary-recreations-juvenile-literature,topical,Literary recreations -- Juvenile literature,,auto-seeded draft; review
(OCoLC)fst00999953,Literature,y,literature,topical,Literature,,auto-seeded draft; review
http://id.worldcat.org/fast/999953.,Literature,y,literature,topical,Literature,,auto-seeded draft; review
lcsh|literature-criticism-and-interpretation,Literature -- Criticism and interpretation,y,literature-criticism-and-interpretation,topical,Literature -- Criticism and interpretation,,auto-seeded draft; review
lcsh|literature-interpretation,Literature -- Interpretation,y,literature-interpretation,topical,Literature -- Interpretation,,auto-seeded draft; review
http://id.loc.gov/authorities/subjects/sh85077531,Literature -- Women authors,y,literature-women-authors,topical,Literature -- Women authors,,auto-seeded draft; review
lcsh|literature-and-history-united-states,Literature and history -- United States,y,literature-and-history-united-states,topical,Literature and history -- United States,,auto-seeded draft; review
http://id.loc.gov/authorities/subjects/sh85077575.,Literature and technology,y,literature-and-technology,topical,Literature and technology,,auto-seeded draft; review
http://id.worldcat.org/fast/1000104.,Literature and technology,y,literature-and-technology,topical,Literature and technology,,auto-seeded draft; review
http://id.loc.gov/authorities/subjects/sh97001955.,Literature in art,y,literature-in-art,topical,Literature in art,,auto-seeded draft; review
http://id.worldcat.org/fast/1000107.,Literature in art,y,literature-in-art,topical,Literature in art,,auto-seeded draft; review
http://id.worldcat.org/fast/1000149.,"Literature, Experimental",y,literature-experimental,topical,"Literature, Experimental",,auto-seeded draft; review
http://id.loc.gov/authorities/subjects/sh85077546.,"Literature, Experimental",y,literature-experimental,topical,"Literature, Experimental",,auto-seeded draft; review
lcsh|literature-experimental,"Literature, Experimental",y,literature-experimental,topical,"Literature, Experimental",,auto-seeded draft; review
unspecified|literature-experimental,"Literature, Experimental",y,literature-experimental,topical,"Literature, Experimental",,auto-seeded draft; review
lcsh|literature-experimental-france-20th-century,"Literature, Experimental -- France -- 20th century",y,literature-experimental-france-20th-century,topical,"Literature, Experimental -- France -- 20th century",,auto-seeded draft; review
lcsh|literature-experimental-great-britain,"Literature, Experimental -- Great Britain",y,literature-experimental-great-britain,topical,"Literature, Experimental -- Great Britain",,auto-seeded draft; review
unspecified|literature-experimental-great-britain,"Literature, Experimental -- Great Britain",y,literature-experimental-great-britain,topical,"Literature, Experimental -- Great Britain",,auto-seeded draft; review
lcsh|literature-experimental-spain,"Literature, Experimental -- Spain",y,literature-experimental-spain,topical,"Literature, Experimental -- Spain",,auto-seeded draft; review
fast|literature-modern,"Literature, Modern",y,literature-modern,topical,"Literature, Modern",,auto-seeded draft; review
mesh|literature-modern,"Literature, Modern",y,literature-modern,topical,"Literature, Modern",,auto-seeded draft; review
lcsh|literature-modern-periodicals,"Literature, Modern -- Periodicals",y,literature-modern-periodicals,topical,"Literature, Modern -- Periodicals",,auto-seeded draft; review
(OCoLC)fst01000265,Lithography,y,lithography,topical,Lithography,,auto-seeded draft; review
http://id.loc.gov/authorities/subjects/sh85077600,Lithography -- 20th century,y,lithography-20th-century,topical,Lithography -- 20th century,,auto-seeded draft; review
lcsh|lithography-specimens,Lithography -- Specimens,y,lithography-specimens,topical,Lithography -- Specimens,,auto-seeded draft; review
(OCoLC)fst01000281,"Lithography, American",y,lithography-american,topical,"Lithography, American",,auto-seeded draft; review
lcsh|lithography-american-specimens,"Lithography, American -- Specimens",y,lithography-american-specimens,topical,"Lithography, American -- Specimens",,auto-seeded draft; review
lcsh|little-magazines-united-states-exhibitions,Little magazines -- United States -- Exhibitions,y,little-magazines-united-states-exhibitions,topical,Little magazines -- United States -- Exhibitions,,auto-seeded draft; review
rvm|littoral-ouvrages-illustre-s,Littoral -- Ouvrages illustrés,y,littoral-ouvrages-illustre-s,topical,Littoral -- Ouvrages illustrés,,auto-seeded draft; review
unspecified|living-sculpture,Living sculpture,y,living-sculpture,topical,Living sculpture,,auto-seeded draft; review
unspecified|livres-d-artistes,Livres d'artistes,y,livres-d-artistes,topical,Livres d'artistes,,auto-seeded draft; review
rvm|livres-d-artistes,Livres d'artistes,y,livres-d-artistes,topical,Livres d'artistes,,auto-seeded draft; review
ram|livres-d-artistes,Livres d'artistes,y,livres-d-artistes,topical,Livres d'artistes,,auto-seeded draft; review
ram|livres-d-artistes-20e-sie-cle,Livres d'artistes -- 20e siècle,y,livres-d-artistes-20e-sie-cle,topical,Livres d'artistes -- 20e siècle,,auto-seeded draft; review
rvm|livres-d-artistes-canada,Livres d'artistes -- Canada,y,livres-d-artistes-canada,topical,Livres d'artistes -- Canada,,auto-seeded draft; review
rvm|livres-d-artistes-e-cosse,Livres d'artistes -- Écosse,y,livres-d-artistes-e-cosse,topical,Livres d'artistes -- Écosse,,auto-seeded draft; review
rvm|livres-d-artistes-e-tats-unis,Livres d'artistes -- États-Unis,y,livres-d-artistes-e-tats-unis,topical,Livres d'artistes -- États-Unis,,auto-seeded draft; review
(CaQQLa)201-0055830,Livres d'artistes -- États-Unis,y,livres-d-artistes-e-tats-unis,topical,Livres d'artistes -- États-Unis,,auto-seeded draft; review
rvm|livres-d-artistes-e-tats-unis-20e-sie-cle-spe-cimens,Livres d'artistes -- États-Unis -- 20e siècle -- Spécimens,y,livres-d-artistes-e-tats-unis-20e-sie-cle-spe-cimens,topical,Livres d'artistes -- États-Unis -- 20e siècle -- Spécimens,,auto-seeded draft; review
rvm|livres-d-artistes-tats-unis-sp-cimens,Livres d'artistes -- États-Unis -- Spécimens,y,livres-d-artistes-tats-unis-sp-cimens,topical,Livres d'artistes -- États-Unis -- Spécimens,,auto-seeded draft; review
rvm|livres-d-artistes-new-york-e-tat-expositions,Livres d'artistes -- New York (État) -- Expositions,y,livres-d-artistes-new-york-e-tat-expositions,topical,Livres d'artistes -- New York (État) -- Expositions,,auto-seeded draft; review
rvm|livres-d-artistes-spe-cimens,Livres d'artistes -- Spécimens,y,livres-d-artistes-spe-cimens,topical,Livres d'artistes -- Spécimens,,auto-seeded draft; review
rvm|livres-photos-histoire,Livres photos -- Histoire,y,livres-photos-histoire,topical,Livres photos -- Histoire,,auto-seeded draft; review
rvm|livres-transforme-s-new-york-e-tat-expositions,Livres transformés -- New York (État) -- Expositions,y,livres-transforme-s-new-york-e-tat-expositions,topical,Livres transformés -- New York (État) -- Expositions,,auto-seeded draft; review
lcsh|loading-and-unloading-exhibitions,Loading and unloading -- Exhibitions,y,loading-and-unloading-exhibitions,topical,Loading and unloading -- Exhibitions,,auto-seeded draft; review
http://id.worldcat.org/fast/1002014.,Logic,y,logic,topical,Logic,,auto-seeded draft; review
http://id.loc.gov/authorities/subjects/sh2010100131.,"Logic -- Problems, exercises, etc",y,logic-problems-exercises-etc,topical,"Logic -- Problems, exercises, etc",,auto-seeded draft; review
ram|londres-expositions-1985,Londres -- Expositions -- 1985,y,londres-expositions-1985,topical,Londres -- Expositions -- 1985,,auto-seeded draft; review
ram|londres-institute-of-contemporary-arts-expositions-1985,"Londres, Institute of contemporary arts -- Expositions -- 1985",y,londres-institute-of-contemporary-arts-expositions-1985,topical,"Londres, Institute of contemporary arts -- Expositions -- 1985",,auto-seeded draft; review
http://id.loc.gov/authorities/subjects/sh85078243.,Loneliness,y,loneliness,topical,Loneliness,,auto-seeded draft; review
http://id.worldcat.org/fast/1002214.,Loneliness,y,loneliness,topical,Loneliness,,auto-seeded draft; review
lcsh|loneliness-in-art,Loneliness in art,y,loneliness-in-art,topical,Loneliness in art,,auto-seeded draft; review
lcsh|longcase-clocks,Longcase clocks,y,longcase-clocks,topical,Longcase clocks,,auto-seeded draft; review
(OCoLC)fst01002621,Loss (Psychology),y,loss-psychology,topical,Loss (Psychology),,auto-seeded draft; review
http://id.loc.gov/authorities/subjects/sh85078431.,Loss (Psychology),y,loss-psychology,topical,Loss (Psychology),,auto-seeded draft; review
http://id.worldcat.org/fast/1002621.,Loss (Psychology),y,loss-psychology,topical,Loss (Psychology),,auto-seeded draft; review
lcsh|loss-psychology-poetry,Loss (Psychology) -- Poetry,y,loss-psychology-poetry,topical,Loss (Psychology) -- Poetry,,auto-seeded draft; review
http://id.loc.gov/authorities/subjects/sh2010012629.,Loss (Psychology) in art,y,loss-psychology-in-art,topical,Loss (Psychology) in art,,auto-seeded draft; review
http://id.worldcat.org/fast/1903804.,Loss (Psychology) in art,y,loss-psychology-in-art,topical,Loss (Psychology) in art,,auto-seeded draft; review
http://id.loc.gov/authorities/subjects/sh94006224.,Lost articles,y,lost-articles,topical,Lost articles,,auto-seeded draft; review
http://id.worldcat.org/fast/1002646.,Lost articles,y,lost-articles,topical,Lost articles,,auto-seeded draft; review
http://id.loc.gov/authorities/subjects/sh97001961.,Lotteries in art,y,lotteries-in-art,topical,Lotteries in art,,auto-seeded draft; review
http://id.worldcat.org/fast/1002710.,Lotteries in art,y,lotteries-in-art,topical,Lotteries in art,,auto-seeded draft; review
11H(LOUIS OF TOULOUSE),"Louis of Anjou, son of the king of Naples, Franciscan friar, and bishop of Toulouse; possible attributes: fleur-de-lis on his cope, crown and sceptre",y,louis-of-anjou-son-of-the-king-of-naples-franciscan-friar-and-bishop-of-toulouse-possible-attributes-fleur-de-lis-on-his-cope-crown-and-sceptre,topical,"Louis of Anjou, son of the king of Naples, Franciscan friar, and bishop of Toulouse; possible attributes: fleur-de-lis on his cope, crown and sceptre",,auto-seeded draft; review
http://id.worldcat.org/fast/1002769.,Love,y,love,topical,Love,,auto-seeded draft; review
http://id.loc.gov/authorities/subjects/sh85078519.,Love,y,love,topical,Love,,auto-seeded draft; review
lcsh|love-pakistan-pictorial-works,Love -- Pakistan -- Pictorial works,y,love-pakistan-pictorial-works,topical,Love -- Pakistan -- Pictorial works,,auto-seeded draft; review
http://id.worldcat.org/fast/1002780.,Love -- Psychological aspects,y,love-psychological-aspects,topical,Love -- Psychological aspects,,auto-seeded draft; review
lcsh|love-psychological-aspects,Love -- Psychological aspects,y,love-psychological-aspects,topical,Love -- Psychological aspects,,auto-seeded draft; review
http://id.loc.gov/authorities/subjects/sh85078533.,Love in art,y,love-in-art,topical,Love in art,,auto-seeded draft; review
http://id.worldcat.org/fast/1002807.,Love in art,y,love-in-art,topical,Love in art,,auto-seeded draft; review
http://id.loc.gov/authorities/subjects/sh85078533,Love in art,y,love-in-art,topical,Love in art,,auto-seeded draft; review
http://id.worldcat.org/fast/1002814.,Love poetry,y,love-poetry,topical,Love poetry,,auto-seeded draft; review
lcsh|love-poetry-20th-century,Love poetry -- 20th century,y,love-poetry-20th-century,topical,Love poetry -- 20th century,,auto-seeded draft; review
(OCoLC)fst01002821,"Love poetry, American",y,love-poetry-american,topical,"Love poetry, American",,auto-seeded draft; review
lcsh|love-poetry-american,"Love poetry, American",y,love-poetry-american,topical,"Love poetry, American",,auto-seeded draft; review
http://id.loc.gov/authorities/childrensSubjects/sj2021050040.,Lullabies,y,lullabies,topical,Lullabies,,auto-seeded draft; review
http://id.worldcat.org/fast/1003494.,Lumbee Indians,y,lumbee-indians,topical,Lumbee Indians,,auto-seeded draft; review
lcsh|lumbee-indians-pictorial-works,Lumbee Indians -- Pictorial works,y,lumbee-indians-pictorial-works,topical,Lumbee Indians -- Pictorial works,,auto-seeded draft; review
lcsh|lust-poetry,Lust -- Poetry,y,lust-poetry,topical,Lust -- Poetry,,auto-seeded draft; review
lcsh|lynching,Lynching,y,lynching,topical,Lynching,,auto-seeded draft; review
lcsh|lynching-fiction,Lynching -- Fiction,y,lynching-fiction,topical,Lynching -- Fiction,,auto-seeded draft; review
lcsh|lyricists-united-states,Lyricists -- United States,y,lyricists-united-states,topical,Lyricists -- United States,,auto-seeded draft; review
http://id.loc.gov/authorities/subjects/sh85079396.,Machinery in art,y,machinery-in-art,topical,Machinery in art,,auto-seeded draft; review
http://id.worldcat.org/fast/1005034.,Machinery in art,y,machinery-in-art,topical,Machinery in art,,auto-seeded draft; review
11F4,Madonna: i.e. Mary with the Christ-child,y,madonna-i-e-mary-with-the-christ-child,topical,Madonna: i.e. Mary with the Christ-child,,auto-seeded draft; review
http://id.worldcat.org/fast/1005389.,Mafia,y,mafia,topical,Mafia,,auto-seeded draft; review
lcsh|mafia-italy-naples-pictorial-works,Mafia -- Italy -- Naples -- Pictorial works,y,mafia-italy-naples-pictorial-works,topical,Mafia -- Italy -- Naples -- Pictorial works,,auto-seeded draft; review
http://id.worldcat.org/fast/1005942.,Magpies,y,magpies,topical,Magpies,,auto-seeded draft; review
lcsh|magpies-pictorial-works,Magpies -- Pictorial works,y,magpies-pictorial-works,topical,Magpies -- Pictorial works,,auto-seeded draft; review
http://id.loc.gov/authorities/subjects/sh85079877.,Mail art,y,mail-art,topical,Mail art,,auto-seeded draft; review
http://id.worldcat.org/fast/1006062.,Mail art,y,mail-art,topical,Mail art,,auto-seeded draft; review
lcsh|mail-art,Mail art,y,mail-art,topical,Mail art,,auto-seeded draft; review
lcsh|mail-art-california-southern-periodicals,"Mail art -- California, Southern -- Periodicals",y,mail-art-california-southern-periodicals,topical,"Mail art -- California, Southern -- Periodicals",,auto-seeded draft; review
lcsh|mail-art-catalogs,Mail art -- Catalogs,y,mail-art-catalogs,topical,Mail art -- Catalogs,,auto-seeded draft; review
lcsh|mail-art-france,Mail art -- France,y,mail-art-france,topical,Mail art -- France,,auto-seeded draft; review
lcsh|mail-art-periodicals,Mail art -- Periodicals,y,mail-art-periodicals,topical,Mail art -- Periodicals,,auto-seeded draft; review
lcsh|mail-art-united-states,Mail art -- United States,y,mail-art-united-states,topical,Mail art -- United States,,auto-seeded draft; review
rvm|main-dans-l-art-spe-cimens,Main dans l'art -- Spécimens,y,main-dans-l-art-spe-cimens,topical,Main dans l'art -- Spécimens,,auto-seeded draft; review
unspecified|m-lare-bildkonstn-rer-f-renta-staterna-1900-talet-1945-biografi,Målare (bildkonstnärer) -- Förenta staterna -- 1900-talet -- 1945- -- biografi,y,m-lare-bildkonstn-rer-f-renta-staterna-1900-talet-1945-biografi,topical,Målare (bildkonstnärer) -- Förenta staterna -- 1900-talet -- 1945- -- biografi,,auto-seeded draft; review
http://id.loc.gov/authorities/subjects/sh85080130.,Male nude in art,y,male-nude-in-art,topical,Male nude in art,,auto-seeded draft; review
http://id.worldcat.org/fast/1896074.,Male nude in art,y,male-nude-in-art,topical,Male nude in art,,auto-seeded draft; review
http://id.worldcat.org/fast/1006702.,Malians,y,malians,topical,Malians,,auto-seeded draft; review
lcsh|malians-portraits-exhibitions,Malians -- Portraits -- Exhibitions,y,malians-portraits-exhibitions,topical,Malians -- Portraits -- Exhibitions,,auto-seeded draft; review
http://id.loc.gov/authorities/subjects/sh2009005103.,Malware (Computer software),y,malware-computer-software,topical,Malware (Computer software),,auto-seeded draft; review
http://id.worldcat.org/fast/1748230.,Malware (Computer software),y,malware-computer-software,topical,Malware (Computer software),,auto-seeded draft; review
http://id.worldcat.org/fast/1007080.,Man-woman relationships,y,man-woman-relationships,topical,Man-woman relationships,,auto-seeded draft; review
http://id.loc.gov/authorities/subjects/sh92001504.,Man-woman relationships,y,man-woman-relationships,topical,Man-woman relationships,,auto-seeded draft; review
http://id.loc.gov/authorities/subjects/sh2010100368.,Man-woman relationships -- Case studies,y,man-woman-relationships-case-studies,topical,Man-woman relationships -- Case studies,,auto-seeded draft; review
lcsh|man-woman-relationships-drama,Man-woman relationships -- Drama,y,man-woman-relationships-drama,topical,Man-woman relationships -- Drama,,auto-seeded draft; review
lcsh|man-woman-relationships-poetry,Man-woman relationships -- Poetry,y,man-woman-relationships-poetry,topical,Man-woman relationships -- Poetry,,auto-seeded draft; review
http://id.loc.gov/authorities/subjects/sh2010100374.,Man-woman relationships -- Psychological aspects,y,man-woman-relationships-psychological-aspects,topical,Man-woman relationships -- Psychological aspects,,auto-seeded draft; review
http://id.worldcat.org/fast/1007088.,Man-woman relationships -- Psychological aspects,y,man-woman-relationships-psychological-aspects,topical,Man-woman relationships -- Psychological aspects,,auto-seeded draft; review
http://id.loc.gov/authorities/subjects/sh97002047.,Man-woman relationships in art,y,man-woman-relationships-in-art,topical,Man-woman relationships in art,,auto-seeded draft; review
http://id.worldcat.org/fast/1007096.,Man-woman relationships in art,y,man-woman-relationships-in-art,topical,Man-woman relationships in art,,auto-seeded draft; review
lcsh|manhole-covers-iowa-pictorial-works,Manhole covers -- Iowa -- Pictorial works,y,manhole-covers-iowa-pictorial-works,topical,Manhole covers -- Iowa -- Pictorial works,,auto-seeded draft; review
(OCoLC)fst01007801.,Mannequins (Figures),y,mannequins-figures,topical,Mannequins (Figures),,auto-seeded draft; review
http://id.loc.gov/authorities/subjects/sh85080588,Mannequins (Figures),y,mannequins-figures,topical,Mannequins (Figures),,auto-seeded draft; review
http://id.loc.gov/authorities/subjects/sh2012001613.,Mannequins (Figures) in art,y,mannequins-figures-in-art,topical,Mannequins (Figures) in art,,auto-seeded draft; review
http://id.worldcat.org/fast/1903831.,Mannequins (Figures) in art,y,mannequins-figures-in-art,topical,Mannequins (Figures) in art,,auto-seeded draft; review
http://id.worldcat.org/fast/1007815.,Manners and customs,y,manners-and-customs,topical,Manners and customs,,auto-seeded draft; review
lcsh|manners-and-customs,Manners and customs,y,manners-and-customs,topical,Manners and customs,,auto-seeded draft; review
lcsh|mao-tse-tung-1893-1976,"Mao, Tse-tung, 1893-1976",y,mao-tse-tung-1893-1976,topical,"Mao, Tse-tung, 1893-1976",,auto-seeded draft; review
lcsh|ma-ori-new-zealand-people-pictorial-works,Māori (New Zealand people) -- Pictorial works,y,ma-ori-new-zealand-people-pictorial-works,topical,Māori (New Zealand people) -- Pictorial works,,auto-seeded draft; review
lcshac|map-book,Map book,y,map-book,topical,Map book,,auto-seeded draft; review
lcsh|map-projection-in-art,Map projection in art,y,map-projection-in-art,topical,Map projection in art,,auto-seeded draft; review
(OCoLC)fst01423704,Maps,y,maps,topical,Maps,,auto-seeded draft; review
lcsh|maps-in-art,Maps in art,y,maps-in-art,topical,Maps in art,,auto-seeded draft; review
http://id.loc.gov/authorities/subjects/sh97002039.,Maps in art,y,maps-in-art,topical,Maps in art,,auto-seeded draft; review
http://id.worldcat.org/fast/1008755.,Maps in art,y,maps-in-art,topical,Maps in art,,auto-seeded draft; review
(OCoLC)fst01008755,Maps in art,y,maps-in-art,topical,Maps in art,,auto-seeded draft; review
http://id.loc.gov/authorities/subjects/sh97002039,Maps in art,y,maps-in-art,topical,Maps in art,,auto-seeded draft; review
lcsh|maps-in-art-exhibitions,Maps in art -- Exhibitions,y,maps-in-art-exhibitions,topical,Maps in art -- Exhibitions,,auto-seeded draft; review
http://id.worldcat.org/fast/1008775.,Mapuche Indians,y,mapuche-indians,topical,Mapuche Indians,,auto-seeded draft; review
lcsh|mapuche-indians-chile-araucan-a-government-relations-pictorial-works,Mapuche Indians -- Chile -- Araucanía -- Government relations -- Pictorial works,y,mapuche-indians-chile-araucan-a-government-relations-pictorial-works,topical,Mapuche Indians -- Chile -- Araucanía -- Government relations -- Pictorial works,,auto-seeded draft; review
http://id.worldcat.org/fast/1008780.,Mapuche Indians -- Government relations,y,mapuche-indians-government-relations,topical,Mapuche Indians -- Government relations,,auto-seeded draft; review
http://id.worldcat.org/fast/1008782.,Mapuche Indians -- Land tenure,y,mapuche-indians-land-tenure,topical,Mapuche Indians -- Land tenure,,auto-seeded draft; review
lcsh|mapuche-indians-land-tenure-chile-araucan-a-pictorial-works,Mapuche Indians -- Land tenure -- Chile -- Araucanía -- Pictorial works,y,mapuche-indians-land-tenure-chile-araucan-a-pictorial-works,topical,Mapuche Indians -- Land tenure -- Chile -- Araucanía -- Pictorial works,,auto-seeded draft; review
http://id.loc.gov/authorities/subjects/sh85080932.,Marathon running,y,marathon-running,topical,Marathon running,,auto-seeded draft; review
http://id.worldcat.org/fast/1008943.,Marathon running,y,marathon-running,topical,Marathon running,,auto-seeded draft; review
lcsh|marbled-papers,Marbled papers,y,marbled-papers,topical,Marbled papers,,auto-seeded draft; review
http://id.loc.gov/authorities/subjects/sh85081056.,Marginalia,y,marginalia,topical,Marginalia,,auto-seeded draft; review
http://id.worldcat.org/fast/1009154.,Marginalia,y,marginalia,topical,Marginalia,,auto-seeded draft; review
http://id.loc.gov/authorities/subjects/sh2003006307.,Marginalia in art,y,marginalia-in-art,topical,Marginalia in art,,auto-seeded draft; review
http://id.worldcat.org/fast/1009155.,Marginalia in art,y,marginalia-in-art,topical,Marginalia in art,,auto-seeded draft; review
http://id.loc.gov/authorities/subjects/sh85081057.,"Marginality, Social",y,marginality-social,topical,"Marginality, Social",,auto-seeded draft; review
http://id.worldcat.org/fast/1009156.,"Marginality, Social",y,marginality-social,topical,"Marginality, Social",,auto-seeded draft; review
http://id.worldcat.org/fast/1009386.,Marine animals,y,marine-animals,topical,Marine animals,,auto-seeded draft; review
lcsh|marine-animals-juvenile-poetry,Marine animals -- Juvenile poetry,y,marine-animals-juvenile-poetry,topical,Marine animals -- Juvenile poetry,,auto-seeded draft; review
http://id.loc.gov/authorities/subjects/sh2010100643.,Marine animals -- Pictorial works,y,marine-animals-pictorial-works,topical,Marine animals -- Pictorial works,,auto-seeded draft; review
lcsh|marital-violence-exhibitions,Marital violence -- Exhibitions,y,marital-violence-exhibitions,topical,Marital violence -- Exhibitions,,auto-seeded draft; review
lcsh|marriage,Marriage,y,marriage,topical,Marriage,,auto-seeded draft; review
http://id.loc.gov/authorities/subjects/sh85081416.,Marriage,y,marriage,topical,Marriage,,auto-seeded draft; review
http://id.worldcat.org/fast/1010443.,Marriage,y,marriage,topical,Marriage,,auto-seeded draft; review
lcsh|marriage-customs-and-rites,Marriage customs and rites,y,marriage-customs-and-rites,topical,Marriage customs and rites,,auto-seeded draft; review
unspecified|marriage-customs-and-rites,Marriage customs and rites,y,marriage-customs-and-rites,topical,Marriage customs and rites,,auto-seeded draft; review
lcsh|marriage-customs-and-rites-united-states,Marriage customs and rites -- United States,y,marriage-customs-and-rites-united-states,topical,Marriage customs and rites -- United States,,auto-seeded draft; review
http://id.loc.gov/authorities/subjects/sh85081504.,Marriage in art,y,marriage-in-art,topical,Marriage in art,,auto-seeded draft; review
http://id.worldcat.org/fast/1010606.,Marriage in art,y,marriage-in-art,topical,Marriage in art,,auto-seeded draft; review
rvm|martins-pe-cheurs-dans-l-art,Martins-pêcheurs dans l'art,y,martins-pe-cheurs-dans-l-art,topical,Martins-pêcheurs dans l'art,,auto-seeded draft; review
http://id.loc.gov/authorities/subjects/sh85081797.,Masculinity,y,masculinity,topical,Masculinity,,auto-seeded draft; review
http://id.worldcat.org/fast/1011027.,Masculinity,y,masculinity,topical,Masculinity,,auto-seeded draft; review
http://id.worldcat.org/fast/1011082.,Masks,y,masks,topical,Masks,,auto-seeded draft; review
http://id.loc.gov/authorities/subjects/sh85081817.,Masks,y,masks,topical,Masks,,auto-seeded draft; review
lcsh|masks-mexico-pictorial-works,Masks -- Mexico -- Pictorial works,y,masks-mexico-pictorial-works,topical,Masks -- Mexico -- Pictorial works,,auto-seeded draft; review
lcsh|masks-papua-new-guinea,Masks -- Papua New Guinea,y,masks-papua-new-guinea,topical,Masks -- Papua New Guinea,,auto-seeded draft; review
http://id.loc.gov/authorities/subjects/sh85081824.,Masks in art,y,masks-in-art,topical,Masks in art,,auto-seeded draft; review
http://id.worldcat.org/fast/1011097.,Masks in art,y,masks-in-art,topical,Masks in art,,auto-seeded draft; review
lcsh|masks-in-art,Masks in art,y,masks-in-art,topical,Masks in art,,auto-seeded draft; review
lcsh|masks-african,"Masks, African",y,masks-african,topical,"Masks, African",,auto-seeded draft; review
http://id.worldcat.org/fast/1011219.,Mass media,y,mass-media,topical,Mass media,,auto-seeded draft; review
http://id.worldcat.org/fast/1011303.,Mass media -- Social aspects,y,mass-media-social-aspects,topical,Mass media -- Social aspects,,auto-seeded draft; review
lcsh|mass-media-social-aspects-pictorial-works,Mass media -- Social aspects -- Pictorial works,y,mass-media-social-aspects-pictorial-works,topical,Mass media -- Social aspects -- Pictorial works,,auto-seeded draft; review
lcsh|mass-media-and-children-united-states,Mass media and children -- United States,y,mass-media-and-children-united-states,topical,Mass media and children -- United States,,auto-seeded draft; review
http://id.loc.gov/authorities/subjects/sh85081889.,Mass media and sports,y,mass-media-and-sports,topical,Mass media and sports,,auto-seeded draft; review
http://id.worldcat.org/fast/1011368.,Mass media and sports,y,mass-media-and-sports,topical,Mass media and sports,,auto-seeded draft; review
http://id.loc.gov/authorities/subjects/sh85081890.,Mass media and the arts,y,mass-media-and-the-arts,topical,Mass media and the arts,,auto-seeded draft; review
http://id.worldcat.org/fast/1011374.,Mass media and the arts,y,mass-media-and-the-arts,topical,Mass media and the arts,,auto-seeded draft; review
http://id.worldcat.org/fast/1011378.,Mass media and war,y,mass-media-and-war,topical,Mass media and war,,auto-seeded draft; review
lcsh|mass-media-and-war-united-states-pictorial-works,Mass media and war -- United States -- Pictorial works,y,mass-media-and-war-united-states-pictorial-works,topical,Mass media and war -- United States -- Pictorial works,,auto-seeded draft; review
http://id.worldcat.org/fast/1911084.,Massacre survivors,y,massacre-survivors,topical,Massacre survivors,,auto-seeded draft; review
lcsh|massacre-survivors-children-japan-biography,Massacre survivors -- Children -- Japan -- Biography,y,massacre-survivors-children-japan-biography,topical,Massacre survivors -- Children -- Japan -- Biography,,auto-seeded draft; review
http://id.worldcat.org/fast/1011476.,Massacres,y,massacres,topical,Massacres,,auto-seeded draft; review
lcsh|massacres-mexico-iguala-de-la-independencia,Massacres -- Mexico -- Iguala de la Independencia,y,massacres-mexico-iguala-de-la-independencia,topical,Massacres -- Mexico -- Iguala de la Independencia,,auto-seeded draft; review
http://id.loc.gov/authorities/subjects/sh85082051.,Mate selection,y,mate-selection,topical,Mate selection,,auto-seeded draft; review
http://id.worldcat.org/fast/1011691.,Mate selection,y,mate-selection,topical,Mate selection,,auto-seeded draft; review
http://id.loc.gov/authorities/subjects/sh85082061.,Material culture,y,material-culture,topical,Material culture,,auto-seeded draft; review
http://id.worldcat.org/fast/1011739.,Material culture,y,material-culture,topical,Material culture,,auto-seeded draft; review
lcsh|mathematics-in-art,Mathematics in art,y,mathematics-in-art,topical,Mathematics in art,,auto-seeded draft; review
http://id.loc.gov/authorities/subjects/sh85082411.,Maya art,y,maya-art,topical,Maya art,,auto-seeded draft; review
http://id.worldcat.org/fast/1012698.,Maya art,y,maya-art,topical,Maya art,,auto-seeded draft; review
http://id.loc.gov/authorities/childrensSubjects/sj2021050315.,Maze puzzles,y,maze-puzzles,topical,Maze puzzles,,auto-seeded draft; review
lcsh|mclaren-andrew,"McLaren, Andrew,",y,mclaren-andrew,topical,"McLaren, Andrew,",,auto-seeded draft; review
http://id.worldcat.org/fast/1013121.,Meadows,y,meadows,topical,Meadows,,auto-seeded draft; review
lcsh|meadows-massachusetts-carlisle-pictorial-works,Meadows -- Massachusetts -- Carlisle -- Pictorial works,y,meadows-massachusetts-carlisle-pictorial-works,topical,Meadows -- Massachusetts -- Carlisle -- Pictorial works,,auto-seeded draft; review
http://id.loc.gov/authorities/subjects/sh85082692.,Meaning (Philosophy),y,meaning-philosophy,topical,Meaning (Philosophy),,auto-seeded draft; review
http://id.worldcat.org/fast/1013149.,Meaning (Philosophy),y,meaning-philosophy,topical,Meaning (Philosophy),,auto-seeded draft; review
http://id.worldcat.org/fast/1013210.,Meat,y,meat,topical,Meat,,auto-seeded draft; review
lcsh|meat-comic-books-strips-etc,"Meat -- Comic books, strips, etc",y,meat-comic-books-strips-etc,topical,"Meat -- Comic books, strips, etc",,auto-seeded draft; review
lcsh|meatballs,Meatballs,y,meatballs,topical,Meatballs,,auto-seeded draft; review
http://id.worldcat.org/fast/1013753.,Medical care,y,medical-care,topical,Medical care,,auto-seeded draft; review
lcsh|medical-drama,Medical drama,y,medical-drama,topical,Medical drama,,auto-seeded draft; review
lcsh|medical-technology-in-art,Medical technology -- In art,y,medical-technology-in-art,topical,Medical technology -- In art,,auto-seeded draft; review
http://id.worldcat.org/fast/1014893.,Medicine,y,medicine,topical,Medicine,,auto-seeded draft; review
lcsh|medicine-scotland-edinburgh-history,Medicine -- Scotland -- Edinburgh -- History,y,medicine-scotland-edinburgh-history,topical,Medicine -- Scotland -- Edinburgh -- History,,auto-seeded draft; review
http://id.loc.gov/authorities/subjects/sh85083104.,Medicine -- Study and teaching,y,medicine-study-and-teaching,topical,Medicine -- Study and teaching,,auto-seeded draft; review
http://id.worldcat.org/fast/1015121.,Medicine -- Study and teaching,y,medicine-study-and-teaching,topical,Medicine -- Study and teaching,,auto-seeded draft; review
http://id.loc.gov/authorities/subjects/sh96011913.,Medicine in art,y,medicine-in-art,topical,Medicine in art,,auto-seeded draft; review
http://id.worldcat.org/fast/1015166.,Medicine in art,y,medicine-in-art,topical,Medicine in art,,auto-seeded draft; review
lcsh|medicine-in-art,Medicine in art,y,medicine-in-art,topical,Medicine in art,,auto-seeded draft; review
lcsh|megalithic-monuments,Megalithic monuments,y,megalithic-monuments,topical,Megalithic monuments,,auto-seeded draft; review
http://id.worldcat.org/fast/1015686.,Melanoma,y,melanoma,topical,Melanoma,,auto-seeded draft; review
http://id.worldcat.org/fast/1015692.,Melanoma -- Patients,y,melanoma-patients,topical,Melanoma -- Patients,,auto-seeded draft; review
lcsh|melanoma-patients-united-states-biography,Melanoma -- Patients -- United States -- Biography,y,melanoma-patients-united-states-biography,topical,Melanoma -- Patients -- United States -- Biography,,auto-seeded draft; review
http://id.worldcat.org/fast/1200580.,Memorialization,y,memorialization,topical,Memorialization,,auto-seeded draft; review
lcsh|memorialization-united-states,Memorialization -- United States,y,memorialization-united-states,topical,Memorialization -- United States,,auto-seeded draft; review
http://id.worldcat.org/fast/1015913.,Memory,y,memory,topical,Memory,,auto-seeded draft; review
http://id.loc.gov/authorities/subjects/sh85083497.,Memory,y,memory,topical,Memory,,auto-seeded draft; review
http://id.worldcat.org/fast/1015930.,Memory -- Political aspects,y,memory-political-aspects,topical,Memory -- Political aspects,,auto-seeded draft; review
lcsh|memory-political-aspects-argentina,Memory -- Political aspects -- Argentina,y,memory-political-aspects-argentina,topical,Memory -- Political aspects -- Argentina,,auto-seeded draft; review
http://id.worldcat.org/fast/1015940.,Memory -- Social aspects,y,memory-social-aspects,topical,Memory -- Social aspects,,auto-seeded draft; review
http://id.loc.gov/authorities/subjects/sh2010101438.,Memory -- Social aspects -- United States,y,memory-social-aspects-united-states,topical,Memory -- Social aspects -- United States,,auto-seeded draft; review
http://id.loc.gov/authorities/subjects/sh97002102.,Memory in art,y,memory-in-art,topical,Memory in art,,auto-seeded draft; review
http://id.worldcat.org/fast/1015959.,Memory in art,y,memory-in-art,topical,Memory in art,,auto-seeded draft; review
lcsh|memory-in-art,Memory in art,y,memory-in-art,topical,Memory in art,,auto-seeded draft; review
lcsh|memory-in-literature,Memory in literature,y,memory-in-literature,topical,Memory in literature,,auto-seeded draft; review
http://id.worldcat.org/fast/1015978.,Men,y,men,topical,Men,,auto-seeded draft; review
http://id.loc.gov/authorities/subjects/sh2010101440.,Men -- Portraits,y,men-portraits,topical,Men -- Portraits,,auto-seeded draft; review
http://id.worldcat.org/fast/1199190.,"Men, White",y,men-white,topical,"Men, White",,auto-seeded draft; review
lcsh|men-white-pictorial-works,"Men, White -- Pictorial works",y,men-white-pictorial-works,topical,"Men, White -- Pictorial works",,auto-seeded draft; review
http://id.loc.gov/authorities/subjects/sh85083601.,Menstrual cycle,y,menstrual-cycle,topical,Menstrual cycle,,auto-seeded draft; review
http://id.worldcat.org/fast/1016277.,Menstrual cycle,y,menstrual-cycle,topical,Menstrual cycle,,auto-seeded draft; review
http://id.loc.gov/authorities/subjects/sh85083602.,Menstrual cycle -- Psychological aspects,y,menstrual-cycle-psychological-aspects,topical,Menstrual cycle -- Psychological aspects,,auto-seeded draft; review
http://id.worldcat.org/fast/1016280.,Menstrual cycle -- Psychological aspects,y,menstrual-cycle-psychological-aspects,topical,Menstrual cycle -- Psychological aspects,,auto-seeded draft; review
http://id.loc.gov/authorities/subjects/sh85083604.,Menstruation,y,menstruation,topical,Menstruation,,auto-seeded draft; review
http://id.worldcat.org/fast/1016284.,Menstruation,y,menstruation,topical,Menstruation,,auto-seeded draft; review
http://id.worldcat.org/fast/1016547.,Mental illness,y,mental-illness,topical,Mental illness,,auto-seeded draft; review
lcsh|mental-illness-caricatures-and-cartoons,Mental illness -- Caricatures and cartoons,y,mental-illness-caricatures-and-cartoons,topical,Mental illness -- Caricatures and cartoons,,auto-seeded draft; review
lcsh|mental-illness-humor,Mental illness -- Humor,y,mental-illness-humor,topical,Mental illness -- Humor,,auto-seeded draft; review
lcsh|mental-illness-pictorial-works,Mental illness -- Pictorial works,y,mental-illness-pictorial-works,topical,Mental illness -- Pictorial works,,auto-seeded draft; review
lcsh|mental-illness-poetry,Mental illness -- Poetry,y,mental-illness-poetry,topical,Mental illness -- Poetry,,auto-seeded draft; review
http://id.loc.gov/authorities/subjects/sh2007002506.,Mental illness in art,y,mental-illness-in-art,topical,Mental illness in art,,auto-seeded draft; review
http://id.worldcat.org/fast/1921233.,Mental illness in art,y,mental-illness-in-art,topical,Mental illness in art,,auto-seeded draft; review
(OCoLC)fst01016620,Mental representation,y,mental-representation,topical,Mental representation,,auto-seeded draft; review
lcsh|mental-representation,Mental representation,y,mental-representation,topical,Mental representation,,auto-seeded draft; review
http://id.worldcat.org/fast/1016699.,Mentally ill,y,mentally-ill,topical,Mentally ill,,auto-seeded draft; review
lcsh|mentally-ill-portraits,Mentally ill -- Portraits,y,mentally-ill-portraits,topical,Mentally ill -- Portraits,,auto-seeded draft; review
lcsh|merchant-mariners-england-bristol-history,Merchant mariners -- England -- Bristol -- History,y,merchant-mariners-england-bristol-history,topical,Merchant mariners -- England -- Bristol -- History,,auto-seeded draft; review
lcsh|mercury-environmental-aspects,Mercury -- Environmental aspects,y,mercury-environmental-aspects,topical,Mercury -- Environmental aspects,,auto-seeded draft; review
http://id.loc.gov/authorities/subjects/sh97002283.,Merry-go-round in art,y,merry-go-round-in-art,topical,Merry-go-round in art,,auto-seeded draft; review
http://id.worldcat.org/fast/1017262.,Merry-go-round in art,y,merry-go-round-in-art,topical,Merry-go-round in art,,auto-seeded draft; review
http://id.loc.gov/authorities/subjects/sh85083907.,Mescal,y,mescal,topical,Mescal,,auto-seeded draft; review
http://id.worldcat.org/fast/1017283.,Mescal,y,mescal,topical,Mescal,,auto-seeded draft; review
lcsh|metamorphosis-mythology-poetry,Metamorphosis -- Mythology -- Poetry,y,metamorphosis-mythology-poetry,topical,Metamorphosis -- Mythology -- Poetry,,auto-seeded draft; review
http://id.loc.gov/authorities/subjects/sh97002286,Metamorphosis in art,y,metamorphosis-in-art,topical,Metamorphosis in art,,auto-seeded draft; review
lcsh|meteorologists,Meteorologists,y,meteorologists,topical,Meteorologists,,auto-seeded draft; review
(OCoLC)fst01018532,Meteors,y,meteors,topical,Meteors,,auto-seeded draft; review
(OCoLC)fst01018532.,Meteors,y,meteors,topical,Meteors,,auto-seeded draft; review
lcsh|meteors-pictorial-works,Meteors -- Pictorial works,y,meteors-pictorial-works,topical,Meteors -- Pictorial works,,auto-seeded draft; review
lcsh|meteors-in-art,Meteors in art,y,meteors-in-art,topical,Meteors in art,,auto-seeded draft; review
http://id.worldcat.org/fast/1019072.,Mexican Americans,y,mexican-americans,topical,Mexican Americans,,auto-seeded draft; review
http://id.loc.gov/authorities/subjects/sh2008107217.,Mexican Americans -- Fiction,y,mexican-americans-fiction,topical,Mexican Americans -- Fiction,,auto-seeded draft; review
http://id.worldcat.org/fast/1019210.,Mexican literature,y,mexican-literature,topical,Mexican literature,,auto-seeded draft; review
lcsh|mexican-literature-20th-century,Mexican literature -- 20th century,y,mexican-literature-20th-century,topical,Mexican literature -- 20th century,,auto-seeded draft; review
http://id.worldcat.org/fast/1019217.,Mexican literature -- Women authors,y,mexican-literature-women-authors,topical,Mexican literature -- Women authors,,auto-seeded draft; review
lcsh|mexican-literature-women-authors,Mexican literature -- Women authors,y,mexican-literature-women-authors,topical,Mexican literature -- Women authors,,auto-seeded draft; review
http://id.worldcat.org/fast/1019226.,Mexican poetry,y,mexican-poetry,topical,Mexican poetry,,auto-seeded draft; review
http://id.loc.gov/authorities/subjects/sh2010101632.,Mexican poetry -- 21st century,y,mexican-poetry-21st-century,topical,Mexican poetry -- 21st century,,auto-seeded draft; review
unspecified|mexico-mexico-city,Mexico ; Mexico City,y,mexico-mexico-city-topical,topical,Mexico ; Mexico City,,auto-seeded draft; review
lcshac|mice-fiction,Mice -- Fiction,y,mice-fiction,topical,Mice -- Fiction,,auto-seeded draft; review
http://id.worldcat.org/fast/1764707.,Microblogs,y,microblogs,topical,Microblogs,,auto-seeded draft; review
lcsh|microblogs-humor,Microblogs -- Humor,y,microblogs-humor,topical,Microblogs -- Humor,,auto-seeded draft; review
http://id.worldcat.org/fast/1020261.,Microwaves,y,microwaves,topical,Microwaves,,auto-seeded draft; review
lcsh|microwaves-in-art,Microwaves in art,y,microwaves-in-art,topical,Microwaves in art,,auto-seeded draft; review
http://id.worldcat.org/fast/1020353.,Middle age,y,middle-age,topical,Middle age,,auto-seeded draft; review
http://id.worldcat.org/fast/1020363.,Middle age -- Social aspects,y,middle-age-social-aspects,topical,Middle age -- Social aspects,,auto-seeded draft; review
lcsh|middle-age-social-aspects,Middle age -- Social aspects,y,middle-age-social-aspects,topical,Middle age -- Social aspects,,auto-seeded draft; review
http://id.worldcat.org/fast/1020437.,Middle class,y,middle-class,topical,Middle class,,auto-seeded draft; review
lcsh|middle-class-arab-countries,Middle class -- Arab countries,y,middle-class-arab-countries,topical,Middle class -- Arab countries,,auto-seeded draft; review
lcsh|middle-passage-poetry,Middle Passage -- Poetry,y,middle-passage-poetry,topical,Middle Passage -- Poetry,,auto-seeded draft; review
http://id.worldcat.org/fast/1020672.,Migraine,y,migraine,topical,Migraine,,auto-seeded draft; review
http://id.loc.gov/authorities/subjects/sh2010101731.,Migraine -- Popular works,y,migraine-popular-works,topical,Migraine -- Popular works,,auto-seeded draft; review
http://id.worldcat.org/fast/1020741.,"Migration, Internal",y,migration-internal,topical,"Migration, Internal",,auto-seeded draft; review
lcsh|migration-internal-caribbean-area,"Migration, Internal -- Caribbean Area",y,migration-internal-caribbean-area,topical,"Migration, Internal -- Caribbean Area",,auto-seeded draft; review
unspecified|militanter-widerstand,Militanter Widerstand,y,militanter-widerstand,topical,Militanter Widerstand,,auto-seeded draft; review
http://id.worldcat.org/fast/1020839.,Militarism,y,militarism,topical,Militarism,,auto-seeded draft; review
http://id.loc.gov/authorities/subjects/sh85085126.,Militarism,y,militarism,topical,Militarism,,auto-seeded draft; review
http://id.worldcat.org/fast/1020850.,Militarism -- Social aspects,y,militarism-social-aspects,topical,Militarism -- Social aspects,,auto-seeded draft; review
lcsh|militarism-social-aspects-united-states,Militarism -- Social aspects -- United States,y,militarism-social-aspects-united-states,topical,Militarism -- Social aspects -- United States,,auto-seeded draft; review
http://id.worldcat.org/fast/1020856.,Military administration,y,military-administration,topical,Military administration,,auto-seeded draft; review
lcsh|military-administration-united-states-pictorial-works,Military administration -- United States -- Pictorial works,y,military-administration-united-states-pictorial-works,topical,Military administration -- United States -- Pictorial works,,auto-seeded draft; review
http://id.worldcat.org/fast/1020874.,Military art and science,y,military-art-and-science,topical,Military art and science,,auto-seeded draft; review
lcsh|military-art-and-science-united-states-21st-century-pictorial-works,Military art and science -- United States -- 21st century -- Pictorial works,y,military-art-and-science-united-states-21st-century-pictorial-works,topical,Military art and science -- United States -- 21st century -- Pictorial works,,auto-seeded draft; review
(OCoLC)fst01021021,"Military bases, American",y,military-bases-american,topical,"Military bases, American",,auto-seeded draft; review
lcsh|military-bases-american-aerial-views,"Military bases, American -- Aerial views",y,military-bases-american-aerial-views,topical,"Military bases, American -- Aerial views",,auto-seeded draft; review
lcsh|military-bases-american-foreign-countries,"Military bases, American -- Foreign countries",y,military-bases-american-foreign-countries,topical,"Military bases, American -- Foreign countries",,auto-seeded draft; review
lcsh|military-bases-american-pictorial-works,"Military bases, American -- Pictorial works",y,military-bases-american-pictorial-works,topical,"Military bases, American -- Pictorial works",,auto-seeded draft; review
lcsh|military-spouses-united-states,Military spouses -- United States,y,military-spouses-united-states,topical,Military spouses -- United States,,auto-seeded draft; review
http://id.worldcat.org/fast/1021571.,Military uniforms in art,y,military-uniforms-in-art,topical,Military uniforms in art,,auto-seeded draft; review
lcsh|military-uniforms-in-art-specimens,Military uniforms in art -- Specimens,y,military-uniforms-in-art-specimens,topical,Military uniforms in art -- Specimens,,auto-seeded draft; review
http://id.worldcat.org/fast/1021870.,Mills and mill-work,y,mills-and-mill-work,topical,Mills and mill-work,,auto-seeded draft; review
lcsh|mills-and-mill-work-connecticut-pictorial-works,Mills and mill-work -- Connecticut -- Pictorial works,y,mills-and-mill-work-connecticut-pictorial-works,topical,Mills and mill-work -- Connecticut -- Pictorial works,,auto-seeded draft; review
lcsh|mills-and-mill-work-songs-and-music,Mills and mill-work -- Songs and music,y,mills-and-mill-work-songs-and-music,topical,Mills and mill-work -- Songs and music,,auto-seeded draft; review
lcsh|mineral-industries-environmental-aspects-montana-pictorial-works,Mineral industries -- Environmental aspects -- Montana -- Pictorial works,y,mineral-industries-environmental-aspects-montana-pictorial-works,topical,Mineral industries -- Environmental aspects -- Montana -- Pictorial works,,auto-seeded draft; review
lcsh|mineral-industries-environmental-aspects-montana-poetry,Mineral industries -- Environmental aspects -- Montana -- Poetry,y,mineral-industries-environmental-aspects-montana-poetry,topical,Mineral industries -- Environmental aspects -- Montana -- Poetry,,auto-seeded draft; review
lcsh|mineral-industries-montana-history-pictorial-works,Mineral industries -- Montana -- History -- Pictorial works,y,mineral-industries-montana-history-pictorial-works,topical,Mineral industries -- Montana -- History -- Pictorial works,,auto-seeded draft; review
lcsh|mineral-industries-montana-history-poetry,Mineral industries -- Montana -- History -- Poetry,y,mineral-industries-montana-history-poetry,topical,Mineral industries -- Montana -- History -- Poetry,,auto-seeded draft; review
lcsh|miners-montana-pictorial-works,Miners -- Montana -- Pictorial works,y,miners-montana-pictorial-works,topical,Miners -- Montana -- Pictorial works,,auto-seeded draft; review
lcsh|miners-montana-poetry,Miners -- Montana -- Poetry,y,miners-montana-poetry,topical,Miners -- Montana -- Poetry,,auto-seeded draft; review
lcsh|miniature-art-california-los-angeles-history-21st-century,Miniature art -- California -- Los Angeles -- History -- 21st century,y,miniature-art-california-los-angeles-history-21st-century,topical,Miniature art -- California -- Los Angeles -- History -- 21st century,,auto-seeded draft; review
http://id.worldcat.org/fast/1022666.,Miniature books,y,miniature-books,topical,Miniature books,,auto-seeded draft; review
lcsh|miniature-books,Miniature books,y,miniature-books,topical,Miniature books,,auto-seeded draft; review
http://id.loc.gov/authorities/subjects/sh85085643.,Miniature books,y,miniature-books,topical,Miniature books,,auto-seeded draft; review
http://id.loc.gov/authorities/subjects/sh85085644.,Miniature books -- Specimens,y,miniature-books-specimens,topical,Miniature books -- Specimens,,auto-seeded draft; review
lcsh|miniature-books-specimens,Miniature books -- Specimens,y,miniature-books-specimens,topical,Miniature books -- Specimens,,auto-seeded draft; review
http://id.loc.gov/authorities/subjects/sh85085644,Miniature books -- Specimens,y,miniature-books-specimens,topical,Miniature books -- Specimens,,auto-seeded draft; review
http://id.worldcat.org/fast/1022760.,"Miniature painting, Pakistani",y,miniature-painting-pakistani,topical,"Miniature painting, Pakistani",,auto-seeded draft; review
lcsh|miniature-painting-pakistani-21st-century,"Miniature painting, Pakistani -- 21st century",y,miniature-painting-pakistani-21st-century,topical,"Miniature painting, Pakistani -- 21st century",,auto-seeded draft; review
http://id.loc.gov/authorities/subjects/sh85085702.,Minimal art,y,minimal-art,topical,Minimal art,,auto-seeded draft; review
http://id.worldcat.org/fast/1022831.,Minimal art,y,minimal-art,topical,Minimal art,,auto-seeded draft; review
lcsh|minimal-art-exhibitions,Minimal art -- Exhibitions,y,minimal-art-exhibitions,topical,Minimal art -- Exhibitions,,auto-seeded draft; review
http://id.loc.gov/authorities/subjects/sh85085969.,Mirrors in art,y,mirrors-in-art,topical,Mirrors in art,,auto-seeded draft; review
http://id.worldcat.org/fast/1023592.,Mirrors in art,y,mirrors-in-art,topical,Mirrors in art,,auto-seeded draft; review
http://id.worldcat.org/fast/1353832.,Miscellanea,y,miscellanea,topical,Miscellanea,,auto-seeded draft; review
http://id.worldcat.org/fast/1765020.,Mixed media (Art),y,mixed-media-art,topical,Mixed media (Art),,auto-seeded draft; review
lcsh|mixed-media-art-great-britain,Mixed media (Art) -- Great Britain,y,mixed-media-art-great-britain,topical,Mixed media (Art) -- Great Britain,,auto-seeded draft; review
http://id.loc.gov/authorities/subjects/sh85086321.,Mixed media painting,y,mixed-media-painting,topical,Mixed media painting,,auto-seeded draft; review
http://id.worldcat.org/fast/1024099.,Mixed media painting,y,mixed-media-painting,topical,Mixed media painting,,auto-seeded draft; review
lcsh|mobil-oil-company-in-art-exhibitions,Mobil Oil Company in art -- Exhibitions,y,mobil-oil-company-in-art-exhibitions,topical,Mobil Oil Company in art -- Exhibitions,,auto-seeded draft; review
https://id.kb.se/term/sao/Modern%20konst,Modern konst,y,modern-konst,topical,Modern konst,,auto-seeded draft; review
http://id.worldcat.org/fast/1024442.,Modernism (Art),y,modernism-art,topical,Modernism (Art),,auto-seeded draft; review
lcsh|modernism-art-political-aspects,Modernism (Art) -- Political aspects,y,modernism-art-political-aspects,topical,Modernism (Art) -- Political aspects,,auto-seeded draft; review
lcsh|modernism-art-quotations-maxims-etc,"Modernism (Art) -- Quotations, maxims, etc",y,modernism-art-quotations-maxims-etc,topical,"Modernism (Art) -- Quotations, maxims, etc",,auto-seeded draft; review
lcsh|modernism-art-religious-aspects,Modernism (Art) -- Religious aspects,y,modernism-art-religious-aspects,topical,Modernism (Art) -- Religious aspects,,auto-seeded draft; review
http://id.loc.gov/authorities/subjects/sh97002520.,Monasteries in art,y,monasteries-in-art,topical,Monasteries in art,,auto-seeded draft; review
http://id.worldcat.org/fast/1025086.,Monasteries in art,y,monasteries-in-art,topical,Monasteries in art,,auto-seeded draft; review
http://id.loc.gov/authorities/subjects/sh85086800.,Money in art,y,money-in-art,topical,Money in art,,auto-seeded draft; review
http://id.worldcat.org/fast/1025319.,Money in art,y,money-in-art,topical,Money in art,,auto-seeded draft; review
lcsh|money-in-art,Money in art,y,money-in-art,topical,Money in art,,auto-seeded draft; review
lcsh|money-in-literature,Money in literature,y,money-in-literature,topical,Money in literature,,auto-seeded draft; review
lcsh|monochrome-painting-france,Monochrome painting -- France,y,monochrome-painting-france,topical,Monochrome painting -- France,,auto-seeded draft; review
lcsh|monochrome-painting-france-exhibitions,Monochrome painting -- France -- Exhibitions,y,monochrome-painting-france-exhibitions,topical,Monochrome painting -- France -- Exhibitions,,auto-seeded draft; review
lcsh|monotypes,Monotypes,y,monotypes,topical,Monotypes,,auto-seeded draft; review
lcsh|monsters-juvenile-fiction,Monsters -- Juvenile fiction,y,monsters-juvenile-fiction,topical,Monsters -- Juvenile fiction,,auto-seeded draft; review
http://id.loc.gov/authorities/subjects/sh85086996.,Monsters in art,y,monsters-in-art,topical,Monsters in art,,auto-seeded draft; review
http://id.worldcat.org/fast/1025758.,Monsters in art,y,monsters-in-art,topical,Monsters in art,,auto-seeded draft; review
http://id.worldcat.org/fast/1025892.,Monuments,y,monuments,topical,Monuments,,auto-seeded draft; review
http://id.loc.gov/authorities/subjects/sh87003896.,Monuments -- Washington (D.C.),y,monuments-washington-d-c,topical,Monuments -- Washington (D.C.),,auto-seeded draft; review
lcsh|moon-in-art,Moon -- In art,y,moon-in-art-topical,topical,Moon -- In art,,auto-seeded draft; review
http://id.worldcat.org/fast/1026043.,Moral conditions,y,moral-conditions,topical,Moral conditions,,auto-seeded draft; review
lcsh|morocco-leather-pictorial-works,Morocco leather -- Pictorial works,y,morocco-leather-pictorial-works,topical,Morocco leather -- Pictorial works,,auto-seeded draft; review
lcsh|mortality-artists-books-2006,Mortality -- Artists' books -- 2006,y,mortality-artists-books-2006,topical,Mortality -- Artists' books -- 2006,,auto-seeded draft; review
http://id.loc.gov/authorities/subjects/sh85087511.,Motels,y,motels,topical,Motels,,auto-seeded draft; review
http://id.worldcat.org/fast/1026838.,Motels,y,motels,topical,Motels,,auto-seeded draft; review
lcsh|motels,Motels,y,motels,topical,Motels,,auto-seeded draft; review
lcsh|motels-pictorial-works,Motels -- Pictorial works,y,motels-pictorial-works,topical,Motels -- Pictorial works,,auto-seeded draft; review
http://id.loc.gov/authorities/subjects/sh85087517.,Mother and child,y,mother-and-child,topical,Mother and child,,auto-seeded draft; review
http://id.worldcat.org/fast/1026878.,Mother and child,y,mother-and-child,topical,Mother and child,,auto-seeded draft; review
http://id.worldcat.org/fast/1026907.,Motherhood,y,motherhood,topical,Motherhood,,auto-seeded draft; review
http://id.loc.gov/authorities/subjects/sh2008107964.,Motherhood -- Psychological aspects,y,motherhood-psychological-aspects,topical,Motherhood -- Psychological aspects,,auto-seeded draft; review
http://id.worldcat.org/fast/1026918.,Motherhood -- Psychological aspects,y,motherhood-psychological-aspects,topical,Motherhood -- Psychological aspects,,auto-seeded draft; review
http://id.loc.gov/authorities/subjects/sh2008006270.,Motherhood in art,y,motherhood-in-art,topical,Motherhood in art,,auto-seeded draft; review
http://id.worldcat.org/fast/1903971.,Motherhood in art,y,motherhood-in-art,topical,Motherhood in art,,auto-seeded draft; review
http://id.worldcat.org/fast/1026940.,Mothers,y,mothers,topical,Mothers,,auto-seeded draft; review
http://id.loc.gov/authorities/subjects/sh2010102430.,Mothers -- Biography,y,mothers-biography,topical,Mothers -- Biography,,auto-seeded draft; review
http://id.loc.gov/authorities/subjects/sh2008107463.,Mothers -- Psychology,y,mothers-psychology,topical,Mothers -- Psychology,,auto-seeded draft; review
http://id.worldcat.org/fast/1026981.,Mothers -- Psychology,y,mothers-psychology,topical,Mothers -- Psychology,,auto-seeded draft; review
http://id.loc.gov/authorities/subjects/sh85087538.,Mothers and daughters,y,mothers-and-daughters,topical,Mothers and daughters,,auto-seeded draft; review
http://id.worldcat.org/fast/1026997.,Mothers and daughters,y,mothers-and-daughters,topical,Mothers and daughters,,auto-seeded draft; review
lcsh|mothers-and-daughters,Mothers and daughters,y,mothers-and-daughters,topical,Mothers and daughters,,auto-seeded draft; review
lcsh|mothers-and-daughters-pictorial-works,Mothers and daughters -- Pictorial works,y,mothers-and-daughters-pictorial-works,topical,Mothers and daughters -- Pictorial works,,auto-seeded draft; review
lcsh|mothers-and-daughters-united-states-fiction,Mothers and daughters -- United States -- Fiction,y,mothers-and-daughters-united-states-fiction,topical,Mothers and daughters -- United States -- Fiction,,auto-seeded draft; review
http://id.worldcat.org/fast/1027007.,Mothers and sons,y,mothers-and-sons,topical,Mothers and sons,,auto-seeded draft; review
http://id.loc.gov/authorities/subjects/sh85087539.,Mothers and sons,y,mothers-and-sons,topical,Mothers and sons,,auto-seeded draft; review
http://id.loc.gov/authorities/subjects/sh2008107231.,Mothers and sons -- Fiction,y,mothers-and-sons-fiction,topical,Mothers and sons -- Fiction,,auto-seeded draft; review
lcsh|mothers-and-sons-interviews,Mothers and sons -- Interviews,y,mothers-and-sons-interviews,topical,Mothers and sons -- Interviews,,auto-seeded draft; review
lcsh|mothers-in-art,Mothers in art,y,mothers-in-art,topical,Mothers in art,,auto-seeded draft; review
http://id.loc.gov/authorities/subjects/sh85087545.,Mothers in art,y,mothers-in-art,topical,Mothers in art,,auto-seeded draft; review
http://id.worldcat.org/fast/1027012.,Mothers in art,y,mothers-in-art,topical,Mothers in art,,auto-seeded draft; review
https://homosaurus.org/v4/homoit0001025.,Mothers of transgender people,y,mothers-of-transgender-people,topical,Mothers of transgender people,,auto-seeded draft; review
http://id.worldcat.org/fast/1027096.,Motion picture actors and actresses,y,motion-picture-actors-and-actresses,topical,Motion picture actors and actresses,,auto-seeded draft; review
unspecified|motion-picture-actors-and-actresses,Motion picture actors and actresses,y,motion-picture-actors-and-actresses,topical,Motion picture actors and actresses,,auto-seeded draft; review
lcsh|motion-picture-actors-and-actresses-homes-and-haunts,Motion picture actors and actresses -- Homes and haunts,y,motion-picture-actors-and-actresses-homes-and-haunts,topical,Motion picture actors and actresses -- Homes and haunts,,auto-seeded draft; review
http://id.loc.gov/authorities/subjects/sh2008107990.,Motion picture actors and actresses -- Portraits,y,motion-picture-actors-and-actresses-portraits,topical,Motion picture actors and actresses -- Portraits,,auto-seeded draft; review
lcsh|motion-picture-actors-and-actresses-united-states,Motion picture actors and actresses -- United States,y,motion-picture-actors-and-actresses-united-states,topical,Motion picture actors and actresses -- United States,,auto-seeded draft; review
lcsh|motion-study,Motion study,y,motion-study,topical,Motion study,,auto-seeded draft; review
http://id.worldcat.org/fast/1027717.,Motor vehicles,y,motor-vehicles,topical,Motor vehicles,,auto-seeded draft; review
http://id.loc.gov/authorities/subjects/sh85087612.,Motor vehicles -- Maintenance and repair,y,motor-vehicles-maintenance-and-repair,topical,Motor vehicles -- Maintenance and repair,,auto-seeded draft; review
http://id.worldcat.org/fast/1027824.,Motor vehicles -- Maintenance and repair,y,motor-vehicles-maintenance-and-repair,topical,Motor vehicles -- Maintenance and repair,,auto-seeded draft; review
http://id.loc.gov/authorities/subjects/sh2005002957.,Motorcycles in art,y,motorcycles-in-art,topical,Motorcycles in art,,auto-seeded draft; review
http://id.worldcat.org/fast/1903978.,Motorcycles in art,y,motorcycles-in-art,topical,Motorcycles in art,,auto-seeded draft; review
lcsh|motorcyclists-social-life-and-customs-pictorial-works,Motorcyclists -- Social life and customs -- Pictorial works,y,motorcyclists-social-life-and-customs-pictorial-works,topical,Motorcyclists -- Social life and customs -- Pictorial works,,auto-seeded draft; review
lcsh|motorcyclists-united-states-pictorial-works,Motorcyclists -- United States -- Pictorial works,y,motorcyclists-united-states-pictorial-works,topical,Motorcyclists -- United States -- Pictorial works,,auto-seeded draft; review
http://id.worldcat.org/fast/1028355.,Mountaineering expeditions,y,mountaineering-expeditions,topical,Mountaineering expeditions,,auto-seeded draft; review
lcsh|mountaineering-expeditions-everest-mount-china-and-nepal-pictorial-works,"Mountaineering expeditions -- Everest, Mount (China and Nepal) -- Pictorial works",y,mountaineering-expeditions-everest-mount-china-and-nepal-pictorial-works,topical,"Mountaineering expeditions -- Everest, Mount (China and Nepal) -- Pictorial works",,auto-seeded draft; review
lcsh|mountaineering-expeditions-himalaya-mountains-pictorial-works,Mountaineering expeditions -- Himalaya Mountains -- Pictorial works,y,mountaineering-expeditions-himalaya-mountains-pictorial-works,topical,Mountaineering expeditions -- Himalaya Mountains -- Pictorial works,,auto-seeded draft; review
http://id.worldcat.org/fast/1028387.,Mountains in art,y,mountains-in-art,topical,Mountains in art,,auto-seeded draft; review
http://id.loc.gov/authorities/subjects/sh85087965.,Mountains in art,y,mountains-in-art,topical,Mountains in art,,auto-seeded draft; review
http://id.loc.gov/authorities/subjects/sh2010102610.,Mountains in art -- Exhibitions,y,mountains-in-art-exhibitions,topical,Mountains in art -- Exhibitions,,auto-seeded draft; review
lcsh|mouth-in-art,Mouth in art,y,mouth-in-art,topical,Mouth in art,,auto-seeded draft; review
http://id.worldcat.org/fast/1028641.,Mud,y,mud,topical,Mud,,auto-seeded draft; review
lcsh|mud-pictorial-works,Mud -- Pictorial works,y,mud-pictorial-works,topical,Mud -- Pictorial works,,auto-seeded draft; review
lcsh|mud-in-art,Mud in art,y,mud-in-art,topical,Mud in art,,auto-seeded draft; review
http://id.worldcat.org/fast/1028916.,Multimedia (Art),y,multimedia-art,topical,Multimedia (Art),,auto-seeded draft; review
http://id.loc.gov/authorities/subjects/sh2010102633.,Multimedia (Art) -- Exhibitions,y,multimedia-art-exhibitions,topical,Multimedia (Art) -- Exhibitions,,auto-seeded draft; review
lcsh|multiple-art,Multiple art,y,multiple-art,topical,Multiple art,,auto-seeded draft; review
lcsh|multiple-art-united-states,Multiple art -- United States,y,multiple-art-united-states,topical,Multiple art -- United States,,auto-seeded draft; review
http://id.loc.gov/authorities/subjects/sh2008108056,Mummies -- Egypt,y,mummies-egypt,topical,Mummies -- Egypt,,auto-seeded draft; review
unspecified|mummies-and-mummification,Mummies and mummification,y,mummies-and-mummification,topical,Mummies and mummification,,auto-seeded draft; review
lcsh|mural-painting-and-decoration-germany-berlin,Mural painting and decoration -- Germany -- Berlin,y,mural-painting-and-decoration-germany-berlin,topical,Mural painting and decoration -- Germany -- Berlin,,auto-seeded draft; review
lcsh|mural-painting-and-decoration-german-germany-berlin-20th-century,"Mural painting and decoration, German -- Germany -- Berlin -- 20th century",y,mural-painting-and-decoration-german-germany-berlin-20th-century,topical,"Mural painting and decoration, German -- Germany -- Berlin -- 20th century",,auto-seeded draft; review
http://id.worldcat.org/fast/1029781.,Murder,y,murder,topical,Murder,,auto-seeded draft; review
lcsh|murder-investigation-drama,Murder -- Investigation -- Drama,y,murder-investigation-drama,topical,Murder -- Investigation -- Drama,,auto-seeded draft; review
lcsh|murder-investigation-fiction,Murder -- Investigation -- Fiction,y,murder-investigation-fiction,topical,Murder -- Investigation -- Fiction,,auto-seeded draft; review
lcsh|murder-italy-naples-pictorial-works,Murder -- Italy -- Naples -- Pictorial works,y,murder-italy-naples-pictorial-works,topical,Murder -- Italy -- Naples -- Pictorial works,,auto-seeded draft; review
http://id.loc.gov/authorities/subjects/sh97002650.,Murder in art,y,murder-in-art,topical,Murder in art,,auto-seeded draft; review
http://id.worldcat.org/fast/1029803.,Murder in art,y,murder-in-art,topical,Murder in art,,auto-seeded draft; review
http://id.worldcat.org/fast/1029809.,Murder victims,y,murder-victims,topical,Murder victims,,auto-seeded draft; review
lcsh|murder-victims-united-states,Murder victims -- United States,y,murder-victims-united-states,topical,Murder victims -- United States,,auto-seeded draft; review
lcsh|museum-architecture-exhibitions,Museum architecture -- Exhibitions,y,museum-architecture-exhibitions,topical,Museum architecture -- Exhibitions,,auto-seeded draft; review
http://id.worldcat.org/fast/1030128.,Museums,y,museums,topical,Museums,,auto-seeded draft; review
http://id.worldcat.org/fast/1030143.,Museums -- Collection management,y,museums-collection-management,topical,Museums -- Collection management,,auto-seeded draft; review
lcsh|museums-collection-management-philosophy,Museums -- Collection management -- Philosophy,y,museums-collection-management-philosophy,topical,Museums -- Collection management -- Philosophy,,auto-seeded draft; review
lcsh|museums-pictorial-works,Museums -- Pictorial works,y,museums-pictorial-works,topical,Museums -- Pictorial works,,auto-seeded draft; review
http://id.loc.gov/authorities/subjects/sh97002653.,Museums in art,y,museums-in-art,topical,Museums in art,,auto-seeded draft; review
http://id.worldcat.org/fast/1030220.,Museums in art,y,museums-in-art,topical,Museums in art,,auto-seeded draft; review
http://id.worldcat.org/fast/1030235.,Mushrooms,y,mushrooms,topical,Mushrooms,,auto-seeded draft; review
http://id.loc.gov/authorities/subjects/sh85088753.,Mushrooms -- Pictorial works,y,mushrooms-pictorial-works,topical,Mushrooms -- Pictorial works,,auto-seeded draft; review
lcsh|mushrooms-united-states-pictorial-works,Mushrooms -- United States -- Pictorial works,y,mushrooms-united-states-pictorial-works,topical,Mushrooms -- United States -- Pictorial works,,auto-seeded draft; review
(OCoLC)fst01030269,Music,y,music,topical,Music,,auto-seeded draft; review
http://id.worldcat.org/fast/1030269.,Music,y,music,topical,Music,,auto-seeded draft; review
lcsh|music-20th-century-periodicals,Music -- 20th century -- Periodicals,y,music-20th-century-periodicals,topical,Music -- 20th century -- Periodicals,,auto-seeded draft; review
lcsh|music-exhibitions,Music -- Exhibitions,y,music-exhibitions,topical,Music -- Exhibitions,,auto-seeded draft; review
http://id.worldcat.org/fast/1030385.,Music -- Manuscripts,y,music-manuscripts,topical,Music -- Manuscripts,,auto-seeded draft; review
http://id.loc.gov/authorities/subjects/sh2008107384.,Music -- Manuscripts -- Facsimiles,y,music-manuscripts-facsimiles,topical,Music -- Manuscripts -- Facsimiles,,auto-seeded draft; review
http://id.worldcat.org/fast/1030388.,Music -- Manuscripts -- Facsimiles,y,music-manuscripts-facsimiles,topical,Music -- Manuscripts -- Facsimiles,,auto-seeded draft; review
http://id.loc.gov/authorities/subjects/sh85088808.,Music -- Philosophy and aesthetics,y,music-philosophy-and-aesthetics,topical,Music -- Philosophy and aesthetics,,auto-seeded draft; review
http://id.worldcat.org/fast/1030408.,Music -- Philosophy and aesthetics,y,music-philosophy-and-aesthetics,topical,Music -- Philosophy and aesthetics,,auto-seeded draft; review
lcsh|music-physiological-aspects,Music -- Physiological aspects,y,music-physiological-aspects,topical,Music -- Physiological aspects,,auto-seeded draft; review
lcsh|music-psychological-aspects,Music -- Psychological aspects,y,music-psychological-aspects,topical,Music -- Psychological aspects,,auto-seeded draft; review
lcsh|music-reproduction,Music -- Reproduction,y,music-reproduction,topical,Music -- Reproduction,,auto-seeded draft; review
http://id.loc.gov/authorities/subjects/sh85088916.,Music in art,y,music-in-art,topical,Music in art,,auto-seeded draft; review
http://id.worldcat.org/fast/1030543.,Music in art,y,music-in-art,topical,Music in art,,auto-seeded draft; review
lcsh|music-in-art,Music in art,y,music-in-art,topical,Music in art,,auto-seeded draft; review
http://id.loc.gov/authorities/subjects/sh85089012.,Musical notation,y,musical-notation,topical,Musical notation,,auto-seeded draft; review
http://id.worldcat.org/fast/1030779.,Musical notation,y,musical-notation,topical,Musical notation,,auto-seeded draft; review
lcsh|musicians,Musicians,y,musicians,topical,Musicians,,auto-seeded draft; review
lcsh|mussolini-benito-1883-1945,"Mussolini, Benito, 1883-1945",y,mussolini-benito-1883-1945,topical,"Mussolini, Benito, 1883-1945",,auto-seeded draft; review
lcsh|mutation-biology-in-art,Mutation (Biology) in art,y,mutation-biology-in-art,topical,Mutation (Biology) in art,,auto-seeded draft; review
lcsh|myeloid-leukemia-patients-united-states-biography,Myeloid leukemia -- Patients -- United States -- Biography,y,myeloid-leukemia-patients-united-states-biography,topical,Myeloid leukemia -- Patients -- United States -- Biography,,auto-seeded draft; review
http://id.loc.gov/authorities/subjects/sh97002656.,Mysticism in art,y,mysticism-in-art,topical,Mysticism in art,,auto-seeded draft; review
http://id.worldcat.org/fast/1031667.,Mysticism in art,y,mysticism-in-art,topical,Mysticism in art,,auto-seeded draft; review
unspecified|mythologie,Mythologie,y,mythologie,topical,Mythologie,,auto-seeded draft; review
lcsh|mythology-classical-poetry,"Mythology, Classical -- Poetry",y,mythology-classical-poetry,topical,"Mythology, Classical -- Poetry",,auto-seeded draft; review
http://id.worldcat.org/fast/1031804.,"Mythology, Greek",y,mythology-greek,topical,"Mythology, Greek",,auto-seeded draft; review
http://id.loc.gov/authorities/subjects/sh2008108172.,"Mythology, Greek -- Poetry",y,mythology-greek-poetry,topical,"Mythology, Greek -- Poetry",,auto-seeded draft; review
http://id.loc.gov/authorities/subjects/sh94000960.,Nahua mythology,y,nahua-mythology,topical,Nahua mythology,,auto-seeded draft; review
http://id.worldcat.org/fast/1032195.,Nahua mythology,y,nahua-mythology,topical,Nahua mythology,,auto-seeded draft; review
http://id.worldcat.org/fast/1032226.,Nahuatl language,y,nahuatl-language,topical,Nahuatl language,,auto-seeded draft; review
http://id.loc.gov/authorities/subjects/sh2008108176.,Nahuatl language -- Texts,y,nahuatl-language-texts,topical,Nahuatl language -- Texts,,auto-seeded draft; review
unspecified|names,Names,y,names,topical,Names,,auto-seeded draft; review
http://id.worldcat.org/fast/1032478.,"Names, Personal",y,names-personal,topical,"Names, Personal",,auto-seeded draft; review
lcsh|names-personal-art,"Names, Personal -- Art",y,names-personal-art,topical,"Names, Personal -- Art",,auto-seeded draft; review
lcsh|narratives,Narratives,y,narratives,topical,Narratives,,auto-seeded draft; review
lcsh|nation-state,Nation-state,y,nation-state,topical,Nation-state,,auto-seeded draft; review
http://id.worldcat.org/fast/1033328.,"National cemeteries, American",y,national-cemeteries-american,topical,"National cemeteries, American",,auto-seeded draft; review
lcsh|national-cemeteries-american-belgium-neuville-en-condroz-pictorial-works,"National cemeteries, American -- Belgium -- Neuville-en-Condroz -- Pictorial works",y,national-cemeteries-american-belgium-neuville-en-condroz-pictorial-works,topical,"National cemeteries, American -- Belgium -- Neuville-en-Condroz -- Pictorial works",,auto-seeded draft; review
lcsh|national-cemeteries-american-belgium-registers,"National cemeteries, American -- Belgium -- Registers",y,national-cemeteries-american-belgium-registers,topical,"National cemeteries, American -- Belgium -- Registers",,auto-seeded draft; review
lcsh|national-parks-and-reserves-costa-rica,National parks and reserves -- Costa Rica,y,national-parks-and-reserves-costa-rica,topical,National parks and reserves -- Costa Rica,,auto-seeded draft; review
http://id.loc.gov/authorities/subjects/sh96011924.,National socialism in art,y,national-socialism-in-art,topical,National socialism in art,,auto-seeded draft; review
http://id.worldcat.org/fast/1033816.,National socialism in art,y,national-socialism-in-art,topical,National socialism in art,,auto-seeded draft; review
http://id.worldcat.org/fast/1033818.,National socialism in motion pictures,y,national-socialism-in-motion-pictures,topical,National socialism in motion pictures,,auto-seeded draft; review
lcsh|national-socialism-in-motion-pictures-pictorial-works,National socialism in motion pictures -- Pictorial works,y,national-socialism-in-motion-pictures-pictorial-works,topical,National socialism in motion pictures -- Pictorial works,,auto-seeded draft; review
http://id.loc.gov/authorities/subjects/sh97002691,Nationalism in art,y,nationalism-in-art,topical,Nationalism in art,,auto-seeded draft; review
http://id.worldcat.org/fast/1033994.,Natural disasters,y,natural-disasters,topical,Natural disasters,,auto-seeded draft; review
lcsh|natural-disasters-mississippi,Natural disasters -- Mississippi,y,natural-disasters-mississippi,topical,Natural disasters -- Mississippi,,auto-seeded draft; review
(OCoLC)fst01034268,Natural history,y,natural-history,topical,Natural history,,auto-seeded draft; review
lcsh|natural-history-costa-rica,Natural history -- Costa Rica,y,natural-history-costa-rica,topical,Natural history -- Costa Rica,,auto-seeded draft; review
lcsh|natural-history-periodicals-juvenile-literature,Natural history -- Periodicals -- Juvenile literature,y,natural-history-periodicals-juvenile-literature,topical,Natural history -- Periodicals -- Juvenile literature,,auto-seeded draft; review
http://id.worldcat.org/fast/1034350.,Natural history museums,y,natural-history-museums,topical,Natural history museums,,auto-seeded draft; review
lcsh|natural-history-museums-argentina-pictorial-works,Natural history museums -- Argentina -- Pictorial works,y,natural-history-museums-argentina-pictorial-works,topical,Natural history museums -- Argentina -- Pictorial works,,auto-seeded draft; review
(OCoLC)fst01034403,Natural Resources,y,natural-resources,topical,Natural Resources,,auto-seeded draft; review
lcsh|natural-resources,Natural resources,y,natural-resources,topical,Natural Resources,,auto-seeded draft; review
http://id.worldcat.org/fast/1034561.,Nature,y,nature,topical,Nature,,auto-seeded draft; review
http://id.loc.gov/authorities/subjects/sh85080299.,Nature -- Effect of human beings on,y,nature-effect-of-human-beings-on,topical,Nature -- Effect of human beings on,,auto-seeded draft; review
http://id.worldcat.org/fast/1034564.,Nature -- Effect of human beings on,y,nature-effect-of-human-beings-on,topical,Nature -- Effect of human beings on,,auto-seeded draft; review
lcsh|nature-juvenile-literature,Nature -- Juvenile literature,y,nature-juvenile-literature,topical,Nature -- Juvenile literature,,auto-seeded draft; review
lcsh|nature-pictorial-works,Nature -- Pictorial works,y,nature-pictorial-works,topical,Nature -- Pictorial works,,auto-seeded draft; review
lcsh|nature-poetry,Nature -- Poetry,y,nature-poetry,topical,Nature -- Poetry,,auto-seeded draft; review
lcsh|nature-songs-and-music,Nature -- Songs and music,y,nature-songs-and-music,topical,Nature -- Songs and music,,auto-seeded draft; review
lcsh|nature-songs-and-music-texts,Nature -- Songs and music -- Texts,y,nature-songs-and-music-texts,topical,Nature -- Songs and music -- Texts,,auto-seeded draft; review
http://id.worldcat.org/fast/1034609.,Nature (Aesthetics),y,nature-aesthetics,topical,Nature (Aesthetics),,auto-seeded draft; review
lcsh|nature-aesthetics,Nature (Aesthetics),y,nature-aesthetics,topical,Nature (Aesthetics),,auto-seeded draft; review
unspecified|nature-aesthetics,Nature (Aesthetics),y,nature-aesthetics,topical,Nature (Aesthetics),,auto-seeded draft; review
http://id.loc.gov/authorities/subjects/sh2008108346.,Nature (Aesthetics) -- Exhibitions,y,nature-aesthetics-exhibitions,topical,Nature (Aesthetics) -- Exhibitions,,auto-seeded draft; review
lcsh|nature-aesthetics-poetry,Nature (Aesthetics) -- Poetry,y,nature-aesthetics-poetry,topical,Nature (Aesthetics) -- Poetry,,auto-seeded draft; review
lcsh|nature-in-art,Nature in art,y,nature-in-art,topical,Nature in art,,auto-seeded draft; review
lcsh|nature-in-literature,Nature in literature,y,nature-in-literature,topical,Nature in literature,,auto-seeded draft; review
http://id.loc.gov/authorities/subjects/sh85090290.,Nature photography,y,nature-photography,topical,Nature photography,,auto-seeded draft; review
http://id.worldcat.org/fast/1034687.,Nature photography,y,nature-photography,topical,Nature photography,,auto-seeded draft; review
lcsh|nature-photography,Nature photography,y,nature-photography,topical,Nature photography,,auto-seeded draft; review
http://id.worldcat.org/fast/1034799.,Navajo Indians,y,navajo-indians,topical,Navajo Indians,,auto-seeded draft; review
http://id.loc.gov/authorities/subjects/sh2008108356.,Navajo Indians -- Fiction,y,navajo-indians-fiction,topical,Navajo Indians -- Fiction,,auto-seeded draft; review
lcsh|navajo-indians-rites-and-ceremonies,Navajo Indians -- Rites and ceremonies,y,navajo-indians-rites-and-ceremonies,topical,Navajo Indians -- Rites and ceremonies,,auto-seeded draft; review
lcsh|navajo-poetry-translations-into-english,Navajo poetry -- Translations into English,y,navajo-poetry-translations-into-english,topical,Navajo poetry -- Translations into English,,auto-seeded draft; review
fast|nazi-concentration-camps,Nazi concentration camps,y,nazi-concentration-camps,topical,Nazi concentration camps,,auto-seeded draft; review
http://id.worldcat.org/fast/1035219.,Nazis,y,nazis,topical,Nazis,,auto-seeded draft; review
lcsh|nazis-portraits,Nazis -- Portraits,y,nazis-portraits,topical,Nazis -- Portraits,,auto-seeded draft; review
lcsh|needlework-in-art,Needlework in art,y,needlework-in-art,topical,Needlework in art,,auto-seeded draft; review
http://vocab.getty.edu/aat/300022187.,Neo-Dada,y,neo-dada,topical,Neo-Dada,,auto-seeded draft; review
http://id.nlm.nih.gov/mesh/D009369Q000453.,Neoplasms -- epidemiology,y,neoplasms-epidemiology,topical,Neoplasms -- epidemiology,,auto-seeded draft; review
http://id.nlm.nih.gov/mesh/D009369Q000401.,Neoplasms -- mortality,y,neoplasms-mortality,topical,Neoplasms -- mortality,,auto-seeded draft; review
unspecified|netherlands,Netherlands,y,netherlands-topical,topical,Netherlands,,auto-seeded draft; review
lcsh|neurosciences-in-the-arts,Neurosciences in the arts,y,neurosciences-in-the-arts,topical,Neurosciences in the arts,,auto-seeded draft; review
http://id.loc.gov/authorities/subjects/sh87000526.,New Age movement,y,new-age-movement,topical,New Age movement,,auto-seeded draft; review
http://id.worldcat.org/fast/1036696.,New Age movement,y,new-age-movement,topical,New Age movement,,auto-seeded draft; review
http://id.loc.gov/authorities/subjects/sh97002715,Newspapers in art,y,newspapers-in-art,topical,Newspapers in art,,auto-seeded draft; review
http://id.loc.gov/authorities/subjects/sh97002715.,Newspapers in art,y,newspapers-in-art,topical,Newspapers in art,,auto-seeded draft; review
http://id.worldcat.org/fast/1037181.,Newspapers in art,y,newspapers-in-art,topical,Newspapers in art,,auto-seeded draft; review
lcsh|newspapers-in-art,Newspapers in art,y,newspapers-in-art,topical,Newspapers in art,,auto-seeded draft; review
http://id.loc.gov/authorities/subjects/sh2005002478.,Nicotine addiction,y,nicotine-addiction,topical,Nicotine addiction,,auto-seeded draft; review
http://id.worldcat.org/fast/1737194.,Nicotine addiction,y,nicotine-addiction,topical,Nicotine addiction,,auto-seeded draft; review
lcsh|night-in-art,Night in art,y,night-in-art,topical,Night in art,,auto-seeded draft; review
http://id.worldcat.org/fast/1745100.,Nightlife,y,nightlife,topical,Nightlife,,auto-seeded draft; review
lcsh|nightlife-mexico-anecdotes,Nightlife -- Mexico -- Anecdotes,y,nightlife-mexico-anecdotes,topical,Nightlife -- Mexico -- Anecdotes,,auto-seeded draft; review
lcsh|nightmares,Nightmares,y,nightmares,topical,Nightmares,,auto-seeded draft; review
lcsh|nightmares-in-literature,Nightmares in literature,y,nightmares-in-literature,topical,Nightmares in literature,,auto-seeded draft; review
lcsh|nixon-richard-m-richard-milhous-1913,"Nixon, Richard M. (Richard Milhous), 1913-",y,nixon-richard-m-richard-milhous-1913,topical,"Nixon, Richard M. (Richard Milhous), 1913-",,auto-seeded draft; review
lcsh|nomads-poetry,Nomads -- Poetry,y,nomads-poetry,topical,Nomads -- Poetry,,auto-seeded draft; review
http://id.worldcat.org/fast/805278.,Noncitizens,y,noncitizens,topical,Noncitizens,,auto-seeded draft; review
lcsh|noncitizens-mexican-american-border-region-fiction,Noncitizens -- Mexican-American Border Region -- Fiction,y,noncitizens-mexican-american-border-region-fiction,topical,Noncitizens -- Mexican-American Border Region -- Fiction,,auto-seeded draft; review
lcsh|noncitizens-mexican-american-border-region-juvenile-fiction,Noncitizens -- Mexican-American Border Region -- Juvenile fiction,y,noncitizens-mexican-american-border-region-juvenile-fiction,topical,Noncitizens -- Mexican-American Border Region -- Juvenile fiction,,auto-seeded draft; review
http://id.loc.gov/authorities/subjects/sh85003551.,Noncitizens -- United States,y,noncitizens-united-states,topical,Noncitizens -- United States,,auto-seeded draft; review
unspecified|norwegian-poetry,Norwegian poetry,y,norwegian-poetry,topical,Norwegian poetry,,auto-seeded draft; review
http://id.worldcat.org/fast/1039536.,Nostalgia,y,nostalgia,topical,Nostalgia,,auto-seeded draft; review
lcsh|nostalgia-poetry,Nostalgia -- Poetry,y,nostalgia-poetry,topical,Nostalgia -- Poetry,,auto-seeded draft; review
http://id.loc.gov/authorities/subjects/sh85092792.,Notebooks,y,notebooks,topical,Notebooks,,auto-seeded draft; review
http://id.worldcat.org/fast/1039597.,Notebooks,y,notebooks,topical,Notebooks,,auto-seeded draft; review
lcsh|notebooks,Notebooks,y,notebooks,topical,Notebooks,,auto-seeded draft; review
lcsh|novelists-american-20th-century-family-relationships,"Novelists, American -- 20th century -- Family relationships",y,novelists-american-20th-century-family-relationships,topical,"Novelists, American -- 20th century -- Family relationships",,auto-seeded draft; review
lcsh|nu-shu,Nü shu,y,nu-shu,topical,Nü shu,,auto-seeded draft; review
unspecified|nuclear-disarmament,Nuclear disarmament,y,nuclear-disarmament,topical,Nuclear disarmament,,auto-seeded draft; review
http://id.loc.gov/authorities/subjects/sh97000042.,Nuclear explosions in art,y,nuclear-explosions-in-art,topical,Nuclear explosions in art,,auto-seeded draft; review
http://id.worldcat.org/fast/1040095.,Nuclear explosions in art,y,nuclear-explosions-in-art,topical,Nuclear explosions in art,,auto-seeded draft; review
lcsh|nuclear-explosions-in-art,Nuclear explosions in art,y,nuclear-explosions-in-art,topical,Nuclear explosions in art,,auto-seeded draft; review
lcsh|nuclear-physics-history-20th-century,Nuclear physics -- History -- 20th century,y,nuclear-physics-history-20th-century,topical,Nuclear physics -- History -- 20th century,,auto-seeded draft; review
http://id.worldcat.org/fast/1040436.,Nuclear power plants,y,nuclear-power-plants,topical,Nuclear power plants,,auto-seeded draft; review
http://id.loc.gov/authorities/subjects/sh94002076.,Nuclear power plants -- Accidents,y,nuclear-power-plants-accidents,topical,Nuclear power plants -- Accidents,,auto-seeded draft; review
http://id.worldcat.org/fast/1040437.,Nuclear power plants -- Accidents,y,nuclear-power-plants-accidents,topical,Nuclear power plants -- Accidents,,auto-seeded draft; review
http://id.loc.gov/authorities/subjects/sh85093038.,Nuclear power plants -- Environmental aspects,y,nuclear-power-plants-environmental-aspects,topical,Nuclear power plants -- Environmental aspects,,auto-seeded draft; review
http://id.worldcat.org/fast/1040524.,Nuclear power plants -- Environmental aspects,y,nuclear-power-plants-environmental-aspects,topical,Nuclear power plants -- Environmental aspects,,auto-seeded draft; review
http://id.loc.gov/authorities/subjects/sh2010103980.,Nuclear power plants -- Health aspects,y,nuclear-power-plants-health-aspects,topical,Nuclear power plants -- Health aspects,,auto-seeded draft; review
http://id.worldcat.org/fast/1040562.,Nuclear power plants -- Health aspects,y,nuclear-power-plants-health-aspects,topical,Nuclear power plants -- Health aspects,,auto-seeded draft; review
lcsh|nuclear-power-plants-press-coverage,Nuclear power plants -- Press coverage,y,nuclear-power-plants-press-coverage,topical,Nuclear power plants -- Press coverage,,auto-seeded draft; review
lcsh|nuclear-warfare-social-aspects-united-states-history-20th-century,Nuclear warfare -- Social aspects -- United States -- History -- 20th century,y,nuclear-warfare-social-aspects-united-states-history-20th-century,topical,Nuclear warfare -- Social aspects -- United States -- History -- 20th century,,auto-seeded draft; review
lcsh|nuclear-weapons-marshall-islands-bikini-atoll-testing,Nuclear weapons -- Marshall Islands -- Bikini Atoll -- Testing,y,nuclear-weapons-marshall-islands-bikini-atoll-testing,topical,Nuclear weapons -- Marshall Islands -- Bikini Atoll -- Testing,,auto-seeded draft; review
lcsh|nuclear-weapons-marshall-islands-testing,Nuclear weapons -- Marshall Islands -- Testing,y,nuclear-weapons-marshall-islands-testing,topical,Nuclear weapons -- Marshall Islands -- Testing,,auto-seeded draft; review
https://homosaurus.org/v4/homoit0001052.,Nude art,y,nude-art,topical,Nude art,,auto-seeded draft; review
http://id.loc.gov/authorities/subjects/sh85093169.,Nude in art,y,nude-in-art,topical,Nude in art,,auto-seeded draft; review
http://id.worldcat.org/fast/1041139.,Nude in art,y,nude-in-art,topical,Nude in art,,auto-seeded draft; review
lcsh|nude-in-art-pictorial-works,Nude in art -- Pictorial works,y,nude-in-art-pictorial-works,topical,Nude in art -- Pictorial works,,auto-seeded draft; review
http://id.loc.gov/authorities/subjects/sh85093225,Numbers in art,y,numbers-in-art,topical,Numbers in art,,auto-seeded draft; review
http://id.loc.gov/authorities/subjects/sh2003000224.,Nuns in art,y,nuns-in-art,topical,Nuns in art,,auto-seeded draft; review
http://id.worldcat.org/fast/1041406.,Nuns in art,y,nuns-in-art,topical,Nuns in art,,auto-seeded draft; review
http://id.worldcat.org/fast/1041532.,Nursery rhymes,y,nursery-rhymes,topical,Nursery rhymes,,auto-seeded draft; review
lcsh|nursery-rhymes-humor,Nursery rhymes -- Humor,y,nursery-rhymes-humor,topical,Nursery rhymes -- Humor,,auto-seeded draft; review
http://id.worldcat.org/fast/1042187.,Nutrition,y,nutrition,topical,Nutrition,,auto-seeded draft; review
lcsh|nutrition-mexico,Nutrition -- Mexico,y,nutrition-mexico,topical,Nutrition -- Mexico,,auto-seeded draft; review
(OCoLC)fst01042454,Nymphs (Greek deities),y,nymphs-greek-deities,topical,Nymphs (Greek deities),,auto-seeded draft; review
lcsh|nymphs-greek-deities-fiction,Nymphs (Greek deities) -- Fiction,y,nymphs-greek-deities-fiction,topical,Nymphs (Greek deities) -- Fiction,,auto-seeded draft; review
http://id.loc.gov/authorities/subjects/sh85093565.,Oak,y,oak,topical,Oak,,auto-seeded draft; review
http://id.worldcat.org/fast/1042610.,Oak,y,oak,topical,Oak,,auto-seeded draft; review
http://id.loc.gov/authorities/subjects/sh85148124.,Obscene words,y,obscene-words,topical,Obscene words,,auto-seeded draft; review
http://id.worldcat.org/fast/1180184.,Obscene words,y,obscene-words,topical,Obscene words,,auto-seeded draft; review
http://id.loc.gov/authorities/subjects/sh85093747.,Observation (Psychology),y,observation-psychology,topical,Observation (Psychology),,auto-seeded draft; review
http://id.worldcat.org/fast/1042945.,Observation (Psychology),y,observation-psychology,topical,Observation (Psychology),,auto-seeded draft; review
lcsh|ocean-waves-in-art,Ocean waves in art,y,ocean-waves-in-art,topical,Ocean waves in art,,auto-seeded draft; review
lcsh|offset-lithography,Offset lithography,y,offset-lithography,topical,Offset lithography,,auto-seeded draft; review
lcsh|offset-lithography-specimens,Offset lithography -- Specimens,y,offset-lithography-specimens,topical,Offset lithography -- Specimens,,auto-seeded draft; review
http://id.worldcat.org/fast/1044269.,Offset printing,y,offset-printing,topical,Offset printing,,auto-seeded draft; review
lcsh|offset-printing-specimens,Offset printing -- Specimens,y,offset-printing-specimens,topical,Offset printing -- Specimens,,auto-seeded draft; review
local|offset-printing-specimens,Offset printing -- Specimens,y,offset-printing-specimens,topical,Offset printing -- Specimens,,auto-seeded draft; review
unspecified|ohnesorg-benno,"Ohnesorg, Benno",y,ohnesorg-benno,topical,"Ohnesorg, Benno",,auto-seeded draft; review
lcsh|oil-spills-california-san-francisco-bay,Oil spills -- California -- San Francisco Bay,y,oil-spills-california-san-francisco-bay,topical,Oil spills -- California -- San Francisco Bay,,auto-seeded draft; review
lcsh|old-age,Old age,y,old-age,topical,Old age,,auto-seeded draft; review
lcsh|older-women-united-states,Older women -- United States,y,older-women-united-states,topical,Older women -- United States,,auto-seeded draft; review
http://id.worldcat.org/fast/1045581.,Olympics,y,olympics,topical,Olympics,,auto-seeded draft; review
lcsh|olympics-pictorial-works,Olympics -- Pictorial works,y,olympics-pictorial-works,topical,Olympics -- Pictorial works,,auto-seeded draft; review
lcsh|omens-in-art,Omens in art,y,omens-in-art,topical,Omens in art,,auto-seeded draft; review
http://id.worldcat.org/fast/1045708.,On-demand printing,y,on-demand-printing,topical,On-demand printing,,auto-seeded draft; review
http://id.loc.gov/authorities/subjects/sh97003623.,On-demand printing,y,on-demand-printing,topical,On-demand printing,,auto-seeded draft; review
lcsh|on-demand-printing-photography-competitions,On-demand printing -- Photography -- Competitions,y,on-demand-printing-photography-competitions,topical,On-demand printing -- Photography -- Competitions,,auto-seeded draft; review
lcsh|onions-poetry,Onions -- Poetry,y,onions-poetry,topical,Onions -- Poetry,,auto-seeded draft; review
http://id.loc.gov/authorities/subjects/sh85094814.,Onomatopoeia,y,onomatopoeia,topical,Onomatopoeia,,auto-seeded draft; review
http://id.worldcat.org/fast/1045980.,Onomatopoeia,y,onomatopoeia,topical,Onomatopoeia,,auto-seeded draft; review
lcsh|onomatopoeia,Onomatopoeia,y,onomatopoeia,topical,Onomatopoeia,,auto-seeded draft; review
http://id.loc.gov/authorities/subjects/sh85094833.,Ontology,y,ontology,topical,Ontology,,auto-seeded draft; review
http://id.worldcat.org/fast/1045995.,Ontology,y,ontology,topical,Ontology,,auto-seeded draft; review
http://id.loc.gov/authorities/subjects/sh99003437.,Open source software,y,open-source-software,topical,Open source software,,auto-seeded draft; review
http://id.worldcat.org/fast/1046097.,Open source software,y,open-source-software,topical,Open source software,,auto-seeded draft; review
lcsh|opera-pictorial-works,Opera -- Pictorial works,y,opera-pictorial-works,topical,Opera -- Pictorial works,,auto-seeded draft; review
lcsh|operas-librettos,Operas -- Librettos,y,operas-librettos,topical,Operas -- Librettos,,auto-seeded draft; review
lcsh|operation-crossroads-marshall-islands-1946,"Operation Crossroads, Marshall Islands, 1946",y,operation-crossroads-marshall-islands-1946,topical,"Operation Crossroads, Marshall Islands, 1946",,auto-seeded draft; review
http://id.loc.gov/authorities/subjects/sh85095118.,Oppression (Psychology),y,oppression-psychology,topical,Oppression (Psychology),,auto-seeded draft; review
http://id.worldcat.org/fast/1046613.,Oppression (Psychology),y,oppression-psychology,topical,Oppression (Psychology),,auto-seeded draft; review
http://id.worldcat.org/fast/2014218.,Oppression (Psychology) in literature,y,oppression-psychology-in-literature,topical,Oppression (Psychology) in literature,,auto-seeded draft; review
lcsh|optical-art,Optical art,y,optical-art,topical,Optical art,,auto-seeded draft; review
http://id.loc.gov/authorities/subjects/sh85095193.,Optimism,y,optimism,topical,Optimism,,auto-seeded draft; review
http://id.worldcat.org/fast/1046876.,Optimism,y,optimism,topical,Optimism,,auto-seeded draft; review
lcsh|oral-interpretation-of-poetry,Oral interpretation of poetry,y,oral-interpretation-of-poetry,topical,Oral interpretation of poetry,,auto-seeded draft; review
http://id.loc.gov/authorities/subjects/sh85095351.,Order,y,order,topical,Order,,auto-seeded draft; review
http://id.worldcat.org/fast/1047359.,Order,y,order,topical,Order,,auto-seeded draft; review
http://id.worldcat.org/fast/1048174.,Origami,y,origami,topical,Origami,,auto-seeded draft; review
lcsh|origami,Origami,y,origami,topical,Origami,,auto-seeded draft; review
lcsh|origami-specimens,Origami -- Specimens,y,origami-specimens,topical,Origami -- Specimens,,auto-seeded draft; review
http://id.loc.gov/authorities/subjects/sh85095646,Originality,y,originality,topical,Originality,,auto-seeded draft; review
http://id.worldcat.org/fast/1048433.,Orphans,y,orphans,topical,Orphans,,auto-seeded draft; review
http://id.loc.gov/authorities/subjects/sh2008108726.,Orphans -- Juvenile fiction,y,orphans-juvenile-fiction,topical,Orphans -- Juvenile fiction,,auto-seeded draft; review
http://id.worldcat.org/fast/1048976.,Otomi Indians,y,otomi-indians,topical,Otomi Indians,,auto-seeded draft; review
lcsh|otomi-indians-folklore,Otomi Indians -- Folklore,y,otomi-indians-folklore,topical,Otomi Indians -- Folklore,,auto-seeded draft; review
lcsh|otomi-indians-mexico-san-pablito,Otomi Indians -- Mexico -- San Pablito,y,otomi-indians-mexico-san-pablito,topical,Otomi Indians -- Mexico -- San Pablito,,auto-seeded draft; review
http://id.loc.gov/authorities/subjects/sh94000680.,Otomi mythology,y,otomi-mythology,topical,Otomi mythology,,auto-seeded draft; review
http://id.worldcat.org/fast/1049000.,Otomi mythology,y,otomi-mythology,topical,Otomi mythology,,auto-seeded draft; review
http://id.worldcat.org/fast/1049134.,Outdoor furniture,y,outdoor-furniture,topical,Outdoor furniture,,auto-seeded draft; review
lcsh|outdoor-furniture-egypt-cairo-guidebooks,Outdoor furniture -- Egypt -- Cairo -- Guidebooks,y,outdoor-furniture-egypt-cairo-guidebooks,topical,Outdoor furniture -- Egypt -- Cairo -- Guidebooks,,auto-seeded draft; review
http://id.worldcat.org/fast/1049157.,Outdoor photography,y,outdoor-photography,topical,Outdoor photography,,auto-seeded draft; review
http://id.loc.gov/authorities/subjects/sh85096147.,Outdoor photography,y,outdoor-photography,topical,Outdoor photography,,auto-seeded draft; review
lcsh|outdoor-photography,Outdoor photography,y,outdoor-photography,topical,Outdoor photography,,auto-seeded draft; review
lcsh|outdoor-photography-minnesota,Outdoor photography -- Minnesota,y,outdoor-photography-minnesota,topical,Outdoor photography -- Minnesota,,auto-seeded draft; review
lcsh|outdoor-photography-texas,Outdoor photography -- Texas,y,outdoor-photography-texas,topical,Outdoor photography -- Texas,,auto-seeded draft; review
lcsh|outdoor-sculpture-new-york-state-new-york,Outdoor sculpture -- New York (State) -- New York,y,outdoor-sculpture-new-york-state-new-york,topical,Outdoor sculpture -- New York (State) -- New York,,auto-seeded draft; review
lcsh|outdoor-sculpture-washington-d-c,Outdoor sculpture -- Washington (D.C.),y,outdoor-sculpture-washington-d-c,topical,Outdoor sculpture -- Washington (D.C.),,auto-seeded draft; review
http://id.worldcat.org/fast/1049257.,Outsider art,y,outsider-art,topical,Outsider art,,auto-seeded draft; review
http://id.loc.gov/authorities/subjects/sh93001184.,Outsider art,y,outsider-art,topical,Outsider art,,auto-seeded draft; review
lcsh|outsider-art-illinois-chicago,Outsider art -- Illinois -- Chicago,y,outsider-art-illinois-chicago,topical,Outsider art -- Illinois -- Chicago,,auto-seeded draft; review
lcsh|overuse-injuries-prevention,Overuse injuries -- Prevention,y,overuse-injuries-prevention,topical,Overuse injuries -- Prevention,,auto-seeded draft; review
http://id.worldcat.org/fast/1050332.,Pageants,y,pageants,topical,Pageants,,auto-seeded draft; review
lcsh|pageants-washington-state-walla-walla,Pageants -- Washington (State) -- Walla Walla,y,pageants-washington-state-walla-walla,topical,Pageants -- Washington (State) -- Walla Walla,,auto-seeded draft; review
http://id.worldcat.org/fast/1050382.,Pain,y,pain,topical,Pain,,auto-seeded draft; review
http://id.loc.gov/authorities/subjects/sh97003721.,Pain -- Treatment,y,pain-treatment,topical,Pain -- Treatment,,auto-seeded draft; review
http://id.worldcat.org/fast/1050415.,Pain -- Treatment,y,pain-treatment,topical,Pain -- Treatment,,auto-seeded draft; review
http://id.loc.gov/authorities/subjects/sh85096623.,Paint,y,paint,topical,Paint,,auto-seeded draft; review
http://id.worldcat.org/fast/1050433.,Paint,y,paint,topical,Paint,,auto-seeded draft; review
lcsh|painters-france-biography,Painters -- France -- Biography,y,painters-france-biography,topical,Painters -- France -- Biography,,auto-seeded draft; review
lcsh|painters-germany-west-biography,Painters -- Germany (West) -- Biography,y,painters-germany-west-biography,topical,Painters -- Germany (West) -- Biography,,auto-seeded draft; review
lcsh|painters-poetry,Painters -- Poetry,y,painters-poetry,topical,Painters -- Poetry,,auto-seeded draft; review
lcsh|painting,Painting,y,painting,topical,Painting,,auto-seeded draft; review
lcsh|painting-england-london-catalogs,Painting -- England -- London -- Catalogs,y,painting-england-london-catalogs,topical,Painting -- England -- London -- Catalogs,,auto-seeded draft; review
lcsh|painting-germany,Painting -- Germany,y,painting-germany,topical,Painting -- Germany,,auto-seeded draft; review
lcsh|painting-specimens,Painting -- Specimens,y,painting-specimens,topical,Painting -- Specimens,,auto-seeded draft; review
http://id.worldcat.org/fast/1050640.,"Painting, Abstract",y,painting-abstract,topical,"Painting, Abstract",,auto-seeded draft; review
http://id.loc.gov/authorities/subjects/sh85096684.,"Painting, Abstract -- United States",y,painting-abstract-united-states,topical,"Painting, Abstract -- United States",,auto-seeded draft; review
http://id.worldcat.org/fast/1050851.,"Painting, German",y,painting-german,topical,"Painting, German",,auto-seeded draft; review
lcsh|painting-german-21st-century,"Painting, German -- 21st century",y,painting-german-21st-century,topical,"Painting, German -- 21st century",,auto-seeded draft; review
http://id.worldcat.org/fast/1051228.,Pakistanis,y,pakistanis,topical,Pakistanis,,auto-seeded draft; review
lcsh|pakistanis-pakistan-peshawar-portraits,Pakistanis -- Pakistan -- Peshawar -- Portraits,y,pakistanis-pakistan-peshawar-portraits,topical,Pakistanis -- Pakistan -- Peshawar -- Portraits,,auto-seeded draft; review
unspecified|paleopathology,Paleopathology,y,paleopathology,topical,Paleopathology,,auto-seeded draft; review
lcsh|palmistry-miscellanea,Palmistry -- Miscellanea,y,palmistry-miscellanea,topical,Palmistry -- Miscellanea,,auto-seeded draft; review
http://id.worldcat.org/fast/1051793.,Palms,y,palms,topical,Palms,,auto-seeded draft; review
lcsh|palms-california-los-angeles,Palms -- California -- Los Angeles,y,palms-california-los-angeles,topical,Palms -- California -- Los Angeles,,auto-seeded draft; review
http://id.loc.gov/authorities/subjects/sh97000120,Palms in art,y,palms-in-art,topical,Palms in art,,auto-seeded draft; review
lcsh|palms-in-art,Palms in art,y,palms-in-art,topical,Palms in art,,auto-seeded draft; review
(OCoLC)fst01423837,Pamphlets,y,pamphlets,topical,Pamphlets,,auto-seeded draft; review
lcsh|paper-pictorial-works,Paper -- Pictorial works,y,paper-pictorial-works,topical,Paper -- Pictorial works,,auto-seeded draft; review
http://id.loc.gov/authorities/subjects/sh85097586,Paper -- Preservation,y,paper-preservation,topical,Paper -- Preservation,,auto-seeded draft; review
lcsh|paper-religious-aspects,Paper -- Religious aspects,y,paper-religious-aspects,topical,Paper -- Religious aspects,,auto-seeded draft; review
lcsh|paper-sample-books,Paper -- Sample books,y,paper-sample-books,topical,Paper -- Sample books,,auto-seeded draft; review
lcsh|paper-art,Paper art,y,paper-art,topical,Paper art,,auto-seeded draft; review
unspecified|paper-bindings,Paper bindings,y,paper-bindings,topical,Paper bindings,,auto-seeded draft; review
lcsh|paper-dolls,Paper dolls,y,paper-dolls,topical,Paper dolls,,auto-seeded draft; review
http://id.worldcat.org/fast/1052437.,Paper dolls,y,paper-dolls,topical,Paper dolls,,auto-seeded draft; review
lcsh|paper-dolls-specimens,Paper dolls -- Specimens,y,paper-dolls-specimens,topical,Paper dolls -- Specimens,,auto-seeded draft; review
lcsh|paper-folding-graphic-design,Paper folding(Graphic design),y,paper-folding-graphic-design,topical,Paper folding(Graphic design),,auto-seeded draft; review
http://id.worldcat.org/fast/1052568.,Paper sculpture,y,paper-sculpture,topical,Paper sculpture,,auto-seeded draft; review
lcsh|paper-sculpture,Paper sculpture,y,paper-sculpture,topical,Paper sculpture,,auto-seeded draft; review
lcsh|paper-sculpture-juvenile-literature,Paper sculpture -- Juvenile literature,y,paper-sculpture-juvenile-literature,topical,Paper sculpture -- Juvenile literature,,auto-seeded draft; review
lcsh|paper-substitutes,Paper substitutes,y,paper-substitutes,topical,Paper substitutes,,auto-seeded draft; review
lcsh|paper-substitutes-specimens,Paper substitutes -- Specimens,y,paper-substitutes-specimens,topical,Paper substitutes -- Specimens,,auto-seeded draft; review
http://id.worldcat.org/fast/1052584.,Paper work,y,paper-work,topical,Paper work,,auto-seeded draft; review
lcsh|paper-work,Paper work,y,paper-work,topical,Paper work,,auto-seeded draft; review
lcsh|paper-work-england-history-20th-century,Paper work -- England -- History -- 20th century,y,paper-work-england-history-20th-century,topical,Paper work -- England -- History -- 20th century,,auto-seeded draft; review
lcsh|paper-work-exhibitions,Paper work -- Exhibitions,y,paper-work-exhibitions,topical,Paper work -- Exhibitions,,auto-seeded draft; review
lcsh|paper-work-specimens,Paper work -- Specimens,y,paper-work-specimens,topical,Paper work -- Specimens,,auto-seeded draft; review
lcsh|paper-work-united-states-exhibitions,Paper work -- United States -- Exhibitions,y,paper-work-united-states-exhibitions,topical,Paper work -- United States -- Exhibitions,,auto-seeded draft; review
(OCoLC)fst01052593,"Paper, Handmade",y,paper-handmade,topical,"Paper, Handmade",,auto-seeded draft; review
lcsh|paper-handmade,"Paper, Handmade",y,paper-handmade,topical,"Paper, Handmade",,auto-seeded draft; review
lcsh|paper-handmade-specimens,"Paper, Handmade -- Specimens",y,paper-handmade-specimens,topical,"Paper, Handmade -- Specimens",,auto-seeded draft; review
lcsh|papermaking,Papermaking,y,papermaking,topical,Papermaking,,auto-seeded draft; review
http://id.worldcat.org/fast/1052642.,Papermaking,y,papermaking,topical,Papermaking,,auto-seeded draft; review
lcsh|papermaking-asia,Papermaking -- Asia,y,papermaking-asia,topical,Papermaking -- Asia,,auto-seeded draft; review
lcsh|papermaking-history,Papermaking -- History,y,papermaking-history,topical,Papermaking -- History,,auto-seeded draft; review
lcsh|papermaking-mexico,Papermaking -- Mexico,y,papermaking-mexico,topical,Papermaking -- Mexico,,auto-seeded draft; review
lcsh|papermaking-physiological-aspects,Papermaking -- Physiological aspects,y,papermaking-physiological-aspects,topical,Papermaking -- Physiological aspects,,auto-seeded draft; review
http://id.worldcat.org/fast/1052665.,Papermaking -- Technique,y,papermaking-technique,topical,Papermaking -- Technique,,auto-seeded draft; review
lcsh|papermaking-technique,Papermaking -- Technique,y,papermaking-technique,topical,Papermaking -- Technique,,auto-seeded draft; review
http://id.loc.gov/authorities/subjects/sh97000131.,Parables in art,y,parables-in-art,topical,Parables in art,,auto-seeded draft; review
http://id.worldcat.org/fast/1052772.,Parables in art,y,parables-in-art,topical,Parables in art,,auto-seeded draft; review
lcsh|paradise-in-art,Paradise in art,y,paradise-in-art,topical,Paradise in art,,auto-seeded draft; review
http://id.loc.gov/authorities/subjects/sh97000215,Paranoia in art,y,paranoia-in-art,topical,Paranoia in art,,auto-seeded draft; review
http://id.loc.gov/authorities/subjects/sh85108405.,Parapsychology,y,parapsychology,topical,Parapsychology,,auto-seeded draft; review
http://id.worldcat.org/fast/1053079.,Parapsychology,y,parapsychology,topical,Parapsychology,,auto-seeded draft; review
http://id.worldcat.org/fast/1053407.,Parenting,y,parenting,topical,Parenting,,auto-seeded draft; review
lcsh|parenting,Parenting,y,parenting,topical,Parenting,,auto-seeded draft; review
lcsh|parenting-pictorial-works,Parenting -- Pictorial works,y,parenting-pictorial-works,topical,Parenting -- Pictorial works,,auto-seeded draft; review
http://id.worldcat.org/fast/1938447.,Parents of transgender children,y,parents-of-transgender-children,topical,Parents of transgender children,,auto-seeded draft; review
lcsh|parents-of-transgender-children-family-relationships,Parents of transgender children -- Family relationships,y,parents-of-transgender-children-family-relationships,topical,Parents of transgender children -- Family relationships,,auto-seeded draft; review
http://id.worldcat.org/fast/1053672.,Parking lots,y,parking-lots,topical,Parking lots,,auto-seeded draft; review
lcsh|parking-lots-california-los-angeles-pictorial-works,Parking lots -- California -- Los Angeles -- Pictorial works,y,parking-lots-california-los-angeles-pictorial-works,topical,Parking lots -- California -- Los Angeles -- Pictorial works,,auto-seeded draft; review
lcsh|parking-lots-pictorial-works,Parking lots -- Pictorial works,y,parking-lots-pictorial-works,topical,Parking lots -- Pictorial works,,auto-seeded draft; review
lcsh|parks-georgia-atlanta,Parks -- Georgia -- Atlanta,y,parks-georgia-atlanta,topical,Parks -- Georgia -- Atlanta,,auto-seeded draft; review
https://id.kb.se/term/sao/Parodier,Parodier,y,parodier,topical,Parodier,,auto-seeded draft; review
lcsh|parodies,Parodies,y,parodies,topical,Parodies,,auto-seeded draft; review
http://id.worldcat.org/fast/1054130.,Particles (Nuclear physics),y,particles-nuclear-physics,topical,Particles (Nuclear physics),,auto-seeded draft; review
lcsh|particles-nuclear-physics-in-art,Particles (Nuclear physics) in art,y,particles-nuclear-physics-in-art,topical,Particles (Nuclear physics) in art,,auto-seeded draft; review
lcsh|parties-united-states-pictorial-works,Parties -- United States -- Pictorial works,y,parties-united-states-pictorial-works,topical,Parties -- United States -- Pictorial works,,auto-seeded draft; review
http://id.loc.gov/authorities/subjects/sh95008487.,Passing (Identity),y,passing-identity,topical,Passing (Identity),,auto-seeded draft; review
http://id.worldcat.org/fast/1054417.,Passing (Identity),y,passing-identity,topical,Passing (Identity),,auto-seeded draft; review
lcsh|pasta-craft-specimens,Pasta craft -- Specimens,y,pasta-craft-specimens,topical,Pasta craft -- Specimens,,auto-seeded draft; review
lcsh|pasta-products-specimens,Pasta products -- Specimens,y,pasta-products-specimens,topical,Pasta products -- Specimens,,auto-seeded draft; review
http://id.loc.gov/authorities/subjects/sh99012913.,Pataphysics,y,pataphysics,topical,Pataphysics,,auto-seeded draft; review
http://id.worldcat.org/fast/1054779.,Pataphysics,y,pataphysics,topical,Pataphysics,,auto-seeded draft; review
lcsh|pathogenic-viruses-in-art,Pathogenic viruses -- In art,y,pathogenic-viruses-in-art,topical,Pathogenic viruses -- In art,,auto-seeded draft; review
lcsh|pathologists,Pathologists,y,pathologists,topical,Pathologists,,auto-seeded draft; review
https://id.kb.se/term/sao/Patienter,Patienter,y,patienter,topical,Patienter,,auto-seeded draft; review
lcsh|patients,Patients,y,patients,topical,Patients,,auto-seeded draft; review
https://id.kb.se/term/sao/Patologer,Patologer,y,patologer,topical,Patologer,,auto-seeded draft; review
lcsh|patriotism-united-states,Patriotism -- United States,y,patriotism-united-states,topical,Patriotism -- United States,,auto-seeded draft; review
http://id.loc.gov/authorities/subjects/sh85098789.,Pattern perception,y,pattern-perception,topical,Pattern perception,,auto-seeded draft; review
http://id.worldcat.org/fast/1055254.,Pattern perception,y,pattern-perception,topical,Pattern perception,,auto-seeded draft; review
http://id.loc.gov/authorities/subjects/sh85098940,Peace,y,peace,topical,Peace,,auto-seeded draft; review
lcsh|pelicans-poetry,Pelicans -- Poetry,y,pelicans-poetry,topical,Pelicans -- Poetry,,auto-seeded draft; review
http://id.loc.gov/authorities/subjects/sh85099340.,Pen drawing,y,pen-drawing,topical,Pen drawing,,auto-seeded draft; review
http://id.worldcat.org/fast/1056770.,Pen drawing,y,pen-drawing,topical,Pen drawing,,auto-seeded draft; review
http://id.worldcat.org/fast/1057237.,Peonies,y,peonies,topical,Peonies,,auto-seeded draft; review
lcsh|peonies-pictorial-works,Peonies -- Pictorial works,y,peonies-pictorial-works,topical,Peonies -- Pictorial works,,auto-seeded draft; review
lcsh|people-with-disabilities-poetry,People with disabilities -- Poetry,y,people-with-disabilities-poetry,topical,People with disabilities -- Poetry,,auto-seeded draft; review
http://id.loc.gov/authorities/subjects/sh97001145.,People with disabilities in art,y,people-with-disabilities-in-art,topical,People with disabilities in art,,auto-seeded draft; review
http://id.worldcat.org/fast/1057363.,People with disabilities in art,y,people-with-disabilities-in-art,topical,People with disabilities in art,,auto-seeded draft; review
lcsh|people-with-disabilities-in-art,People with disabilities in art,y,people-with-disabilities-in-art,topical,People with disabilities in art,,auto-seeded draft; review
lcsh|people-with-mental-disabilities-institutional-care-taiwan-pictorial-works,People with mental disabilities -- Institutional care -- Taiwan -- Pictorial works,y,people-with-mental-disabilities-institutional-care-taiwan-pictorial-works,topical,People with mental disabilities -- Institutional care -- Taiwan -- Pictorial works,,auto-seeded draft; review
lcsh|perception-catalogs,Perception -- Catalogs,y,perception-catalogs,topical,Perception -- Catalogs,,auto-seeded draft; review
http://id.loc.gov/authorities/subjects/sh85099711.,Perception (Philosophy),y,perception-philosophy,topical,Perception (Philosophy),,auto-seeded draft; review
http://id.worldcat.org/fast/1057637.,Perception (Philosophy),y,perception-philosophy,topical,Perception (Philosophy),,auto-seeded draft; review
lcsh|percussion-instruments-poetry,Percussion instruments -- Poetry,y,percussion-instruments-poetry,topical,Percussion instruments -- Poetry,,auto-seeded draft; review
http://id.worldcat.org/fast/1057852.,Performance art,y,performance-art,topical,Performance art,,auto-seeded draft; review
lcsh|performance-art,Performance art,y,performance-art,topical,Performance art,,auto-seeded draft; review
http://id.loc.gov/authorities/subjects/sh85099809.,Performance art,y,performance-art,topical,Performance art,,auto-seeded draft; review
lcsh|performance-art-california-san-francisco-bay-area-catalogs,Performance art -- California -- San Francisco Bay Area -- Catalogs,y,performance-art-california-san-francisco-bay-area-catalogs,topical,Performance art -- California -- San Francisco Bay Area -- Catalogs,,auto-seeded draft; review
lcsh|performance-art-canada,Performance art -- Canada,y,performance-art-canada,topical,Performance art -- Canada,,auto-seeded draft; review
lcsh|performance-art-czech-republic,Performance art -- Czech Republic,y,performance-art-czech-republic,topical,Performance art -- Czech Republic,,auto-seeded draft; review
lcsh|performance-art-england-london,Performance art -- England -- London,y,performance-art-england-london,topical,Performance art -- England -- London,,auto-seeded draft; review
http://id.loc.gov/authorities/subjects/sh2010105497,Performance art -- Exhibitions,y,performance-art-exhibitions,topical,Performance art -- Exhibitions,,auto-seeded draft; review
unspecified|performance-art-exhibitions,Performance art -- Exhibitions,y,performance-art-exhibitions,topical,Performance art -- Exhibitions,,auto-seeded draft; review
lcsh|performance-art-germany-berlin-exhibitions,Performance art -- Germany -- Berlin -- Exhibitions,y,performance-art-germany-berlin-exhibitions,topical,Performance art -- Germany -- Berlin -- Exhibitions,,auto-seeded draft; review
lcsh|performance-art-new-york-state-new-york,Performance art -- New York (State) -- New York,y,performance-art-new-york-state-new-york,topical,Performance art -- New York (State) -- New York,,auto-seeded draft; review
lcsh|performance-art-new-york-state-new-york-exhibitions,Performance art -- New York (State) -- New York -- Exhibitions,y,performance-art-new-york-state-new-york-exhibitions,topical,Performance art -- New York (State) -- New York -- Exhibitions,,auto-seeded draft; review
lcsh|performance-art-texts,Performance art -- Texts,y,performance-art-texts,topical,Performance art -- Texts,,auto-seeded draft; review
http://id.loc.gov/authorities/subjects/sh96008160,Performance art -- United States,y,performance-art-united-states,topical,Performance art -- United States,,auto-seeded draft; review
lcsh|performance-art-united-states-21st-century,Performance art -- United States -- 21st century,y,performance-art-united-states-21st-century,topical,Performance art -- United States -- 21st century,,auto-seeded draft; review
(OCoLC)fst01057852,Performance art | Performance Art,y,performance-art,topical,Performance art,,auto-seeded draft; review
http://id.loc.gov/authorities/subjects/sh2014000656.,Periodic table of the elements,y,periodic-table-of-the-elements,topical,Periodic table of the elements,,auto-seeded draft; review
http://id.worldcat.org/fast/1910008.,Periodic table of the elements,y,periodic-table-of-the-elements,topical,Periodic table of the elements,,auto-seeded draft; review
lcsh|periodic-table-of-the-elements-pictorial-works,Periodic table of the elements -- Pictorial works,y,periodic-table-of-the-elements-pictorial-works,topical,Periodic table of the elements -- Pictorial works,,auto-seeded draft; review
http://id.loc.gov/authorities/subjects/sh85099890,Periodicals,y,periodicals,topical,Periodicals,,auto-seeded draft; review
http://id.loc.gov/authorities/subjects/sh95010633.,Perl (Computer program language),y,perl-computer-program-language,topical,Perl (Computer program language),,auto-seeded draft; review
http://id.worldcat.org/fast/1058226.,Perl (Computer program language),y,perl-computer-program-language,topical,Perl (Computer program language),,auto-seeded draft; review
lcsh|persian-gulf-war-1991-art-and-the-war,"Persian Gulf War, 1991 -- Art and the war",y,persian-gulf-war-1991-art-and-the-war,topical,"Persian Gulf War, 1991 -- Art and the war",,auto-seeded draft; review
http://id.loc.gov/authorities/subjects/sh2010105807.,"Persian Gulf War, 1991 -- Personal narratives",y,persian-gulf-war-1991-personal-narratives,topical,"Persian Gulf War, 1991 -- Personal narratives",,auto-seeded draft; review
lcsh|persian-gulf-war-1991-veterans-united-states,"Persian Gulf War, 1991 -- Veterans -- United States",y,persian-gulf-war-1991-veterans-united-states,topical,"Persian Gulf War, 1991 -- Veterans -- United States",,auto-seeded draft; review
http://id.loc.gov/authorities/subjects/sh91006098.,Personal archives,y,personal-archives,topical,Personal archives,,auto-seeded draft; review
http://id.worldcat.org/fast/1058566.,Personal archives,y,personal-archives,topical,Personal archives,,auto-seeded draft; review
http://id.loc.gov/authorities/subjects/sh94003046.,Personal information management,y,personal-information-management,topical,Personal information management,,auto-seeded draft; review
http://id.worldcat.org/fast/1058583.,Personal information management,y,personal-information-management,topical,Personal information management,,auto-seeded draft; review
http://id.loc.gov/authorities/subjects/sh85100111,Personal space,y,personal-space,topical,Personal space,,auto-seeded draft; review
http://id.loc.gov/authorities/subjects/sh85100250.,Peruvian poetry,y,peruvian-poetry,topical,Peruvian poetry,,auto-seeded draft; review
http://id.worldcat.org/fast/1058944.,Peruvian poetry,y,peruvian-poetry,topical,Peruvian poetry,,auto-seeded draft; review
(OCoLC)fst01059908.,Pets,y,pets,topical,Pets,,auto-seeded draft; review
http://id.loc.gov/authorities/subjects/sh85100482,Pets,y,pets,topical,Pets,,auto-seeded draft; review
lcsh|pets-anecdotes,Pets -- Anecdotes,y,pets-anecdotes,topical,Pets -- Anecdotes,,auto-seeded draft; review
lcsh|phenology,Phenology,y,phenology,topical,Phenology,,auto-seeded draft; review
http://id.loc.gov/authorities/subjects/sh85100683.,Phenomenology,y,phenomenology,topical,Phenomenology,,auto-seeded draft; review
http://id.worldcat.org/fast/1060522.,Phenomenology,y,phenomenology,topical,Phenomenology,,auto-seeded draft; review
http://id.worldcat.org/fast/1060777.,Philosophy,y,philosophy,topical,Philosophy,,auto-seeded draft; review
http://id.loc.gov/authorities/subjects/sh2008109245.,Philosophy -- Miscellanea,y,philosophy-miscellanea,topical,Philosophy -- Miscellanea,,auto-seeded draft; review
lcsh|philosophy-ancient,"Philosophy, Ancient",y,philosophy-ancient,topical,"Philosophy, Ancient",,auto-seeded draft; review
http://id.loc.gov/authorities/subjects/sh85100886.,"Philosophy, Chinese",y,philosophy-chinese,topical,"Philosophy, Chinese",,auto-seeded draft; review
http://id.worldcat.org/fast/1060917.,"Philosophy, Chinese",y,philosophy-chinese,topical,"Philosophy, Chinese",,auto-seeded draft; review
http://id.loc.gov/authorities/subjects/sh85100893.,"Philosophy, Comparative",y,philosophy-comparative,topical,"Philosophy, Comparative",,auto-seeded draft; review
http://id.worldcat.org/fast/1060928.,"Philosophy, Comparative",y,philosophy-comparative,topical,"Philosophy, Comparative",,auto-seeded draft; review
rswk|photoalbum-bildband,Photoalbum -- Bildband,y,photoalbum-bildband,topical,Photoalbum -- Bildband,,auto-seeded draft; review
http://id.worldcat.org/fast/1742293.,Photobooks,y,photobooks,topical,Photobooks,,auto-seeded draft; review
unspecified|photobooks,Photobooks,y,photobooks,topical,Photobooks,,auto-seeded draft; review
(OCoLC)fst01742293.,Photobooks,y,photobooks,topical,Photobooks,,auto-seeded draft; review
fast|photobooks,Photobooks,y,photobooks,topical,Photobooks,,auto-seeded draft; review
http://id.loc.gov/authorities/subjects/sh2006009091.,Photobooks,y,photobooks,topical,Photobooks,,auto-seeded draft; review
http://vocab.getty.edu/aat/300265728.,Photobooks,y,photobooks,topical,Photobooks,,auto-seeded draft; review
lcsh|photobooks-history,Photobooks -- History,y,photobooks-history,topical,Photobooks -- History,,auto-seeded draft; review
lcsh|photobooks-japan,Photobooks -- Japan,y,photobooks-japan,topical,Photobooks -- Japan,,auto-seeded draft; review
lcsh|photobooks-specimens,Photobooks -- Specimens,y,photobooks-specimens,topical,Photobooks -- Specimens,,auto-seeded draft; review
http://id.loc.gov/authorities/subjects/sh2002000616.,Photobooths,y,photobooths,topical,Photobooths,,auto-seeded draft; review
http://id.worldcat.org/fast/1061499.,Photobooths,y,photobooths,topical,Photobooths,,auto-seeded draft; review
http://id.worldcat.org/fast/1061527.,Photocollage,y,photocollage,topical,Photocollage,,auto-seeded draft; review
http://id.loc.gov/authorities/subjects/sh93002335.,Photocollage,y,photocollage,topical,Photocollage,,auto-seeded draft; review
lcsh|photocollage,Photocollage,y,photocollage,topical,Photocollage,,auto-seeded draft; review
lcsh|photocollage-exhibitions,Photocollage -- Exhibitions,y,photocollage-exhibitions,topical,Photocollage -- Exhibitions,,auto-seeded draft; review
http://id.loc.gov/authorities/subjects/sh2001008478.,Photocopying in art,y,photocopying-in-art,topical,Photocopying in art,,auto-seeded draft; review
http://id.worldcat.org/fast/1061536.,Photocopying in art,y,photocopying-in-art,topical,Photocopying in art,,auto-seeded draft; review
lcsh|photocopying-in-art,Photocopying in art,y,photocopying-in-art,topical,Photocopying in art,,auto-seeded draft; review
http://id.worldcat.org/fast/1061600.,Photograph collections,y,photograph-collections,topical,Photograph collections,,auto-seeded draft; review
http://id.worldcat.org/fast/1061605.,Photographers,y,photographers,topical,Photographers,,auto-seeded draft; review
lcsh|photographers,Photographers,y,photographers,topical,Photographers,,auto-seeded draft; review
lctgm|photographers-1970-1980,Photographers -- 1970-1980,y,photographers-1970-1980,topical,Photographers -- 1970-1980,,auto-seeded draft; review
lcsh|photographers-albania-biography-pictorial-works,Photographers -- Albania -- Biography -- Pictorial works,y,photographers-albania-biography-pictorial-works,topical,Photographers -- Albania -- Biography -- Pictorial works,,auto-seeded draft; review
lcsh|photographers-belgium,Photographers -- Belgium,y,photographers-belgium,topical,Photographers -- Belgium,,auto-seeded draft; review
lcsh|photographers-interviews,Photographers -- Interviews,y,photographers-interviews,topical,Photographers -- Interviews,,auto-seeded draft; review
lcsh|photographers-israel-biography-pictorial-works,Photographers -- Israel -- Biography -- Pictorial works,y,photographers-israel-biography-pictorial-works,topical,Photographers -- Israel -- Biography -- Pictorial works,,auto-seeded draft; review
lcsh|photographers-mali-portraits,Photographers -- Mali -- Portraits,y,photographers-mali-portraits,topical,Photographers -- Mali -- Portraits,,auto-seeded draft; review
(OCoLC)fst01061637,Photographic Criticism,y,photographic-criticism,topical,Photographic Criticism,,auto-seeded draft; review
lcsh|photographic-criticism,Photographic criticism,y,photographic-criticism,topical,Photographic Criticism,,auto-seeded draft; review
abo.org|photographic-sequence,Photographic sequence,y,photographic-sequence,topical,Photographic sequence,,auto-seeded draft; review
rvm|photographie-histoire,Photographie -- Histoire,y,photographie-histoire,topical,Photographie -- Histoire,,auto-seeded draft; review
rvm|photographie-philosophie,Photographie -- Philosophie,y,photographie-philosophie,topical,Photographie -- Philosophie,,auto-seeded draft; review
rvm|photographie-artistique,Photographie artistique,y,photographie-artistique,topical,Photographie artistique,,auto-seeded draft; review
rvm|photographie-artistique-expositions,Photographie artistique -- Expositions,y,photographie-artistique-expositions,topical,Photographie artistique -- Expositions,,auto-seeded draft; review
http://id.worldcat.org/fast/1061714.,Photography,y,photography,topical,Photography,,auto-seeded draft; review
fast|photography,Photography,y,photography,topical,Photography,,auto-seeded draft; review
lcsh|photography,Photography,y,photography,topical,Photography,,auto-seeded draft; review
unspecified|photography,Photography,y,photography,topical,Photography,,auto-seeded draft; review
lcsh|photography-archival-resources,Photography -- Archival resources,y,photography-archival-resources,topical,Photography -- Archival resources,,auto-seeded draft; review
lcsh|photography-argentina,Photography -- Argentina,y,photography-argentina,topical,Photography -- Argentina,,auto-seeded draft; review
lcsh|photography-canada-21st-century,Photography -- Canada -- 21st century,y,photography-canada-21st-century,topical,Photography -- Canada -- 21st century,,auto-seeded draft; review
lcsh|photography-canada-exhibitions,Photography -- Canada -- Exhibitions,y,photography-canada-exhibitions,topical,Photography -- Canada -- Exhibitions,,auto-seeded draft; review
http://id.worldcat.org/fast/1061725.,Photography -- Collectors and collecting,y,photography-collectors-and-collecting,topical,Photography -- Collectors and collecting,,auto-seeded draft; review
lcsh|photography-collectors-and-collecting,Photography -- Collectors and collecting,y,photography-collectors-and-collecting,topical,Photography -- Collectors and collecting,,auto-seeded draft; review
http://id.worldcat.org/fast/1061726.,Photography -- Competitions,y,photography-competitions,topical,Photography -- Competitions,,auto-seeded draft; review
lcsh|photography-competitions-21st-century,Photography -- Competitions -- 21st century,y,photography-competitions-21st-century,topical,Photography -- Competitions -- 21st century,,auto-seeded draft; review
lcsh|photography-digital-techniques,Photography -- Digital techniques,y,photography-digital-techniques,topical,Photography -- Digital techniques,,auto-seeded draft; review
http://id.loc.gov/authorities/subjects/sh90001789.,Photography -- Digital techniques,y,photography-digital-techniques,topical,Photography -- Digital techniques,,auto-seeded draft; review
http://id.worldcat.org/fast/1061736.,Photography -- Digital techniques,y,photography-digital-techniques,topical,Photography -- Digital techniques,,auto-seeded draft; review
lcsh|photography-england-exhibitions,Photography -- England -- Exhibitions,y,photography-england-exhibitions,topical,Photography -- England -- Exhibitions,,auto-seeded draft; review
http://id.worldcat.org/fast/1061750.,Photography -- Exhibitions,y,photography-exhibitions,topical,Photography -- Exhibitions,,auto-seeded draft; review
lcsh|photography-exposure,Photography -- Exposure,y,photography-exposure,topical,Photography -- Exposure,,auto-seeded draft; review
http://id.loc.gov/authorities/subjects/sh2008109260.,Photography -- History,y,photography-history,topical,Photography -- History,,auto-seeded draft; review
lcsh|photography-history,Photography -- History,y,photography-history,topical,Photography -- History,,auto-seeded draft; review
nli|photography-history,Photography -- History,y,photography-history,topical,Photography -- History,,auto-seeded draft; review
lcsh|photography-history-and-criticism-21st-century,Photography -- History and criticism -- 21st century,y,photography-history-and-criticism-21st-century,topical,Photography -- History and criticism -- 21st century,,auto-seeded draft; review
lcsh|photography-israel-catalogs,Photography -- Israel -- Catalogs,y,photography-israel-catalogs,topical,Photography -- Israel -- Catalogs,,auto-seeded draft; review
http://id.loc.gov/authorities/subjects/sh2010106285.,Photography -- Mexico,y,photography-mexico,topical,Photography -- Mexico,,auto-seeded draft; review
lcsh|photography-periodicals,Photography -- Periodicals,y,photography-periodicals,topical,Photography -- Periodicals,,auto-seeded draft; review
http://id.worldcat.org/fast/1061781.,Photography -- Philosophy,y,photography-philosophy,topical,Photography -- Philosophy,,auto-seeded draft; review
http://id.loc.gov/authorities/subjects/sh2008109279.,Photography -- Philosophy,y,photography-philosophy,topical,Photography -- Philosophy,,auto-seeded draft; review
fast|photography-philosophy,Photography -- Philosophy,y,photography-philosophy,topical,Photography -- Philosophy,,auto-seeded draft; review
lcsh|photography-philosophy,Photography -- Philosophy,y,photography-philosophy,topical,Photography -- Philosophy,,auto-seeded draft; review
nli|photography-philosophy,Photography -- Philosophy,y,photography-philosophy,topical,Photography -- Philosophy,,auto-seeded draft; review
lcsh|photography-philosophy-21st-century,Photography -- Philosophy -- 21st century,y,photography-philosophy-21st-century,topical,Photography -- Philosophy -- 21st century,,auto-seeded draft; review
lcsh|photography-poland-21st-century,Photography -- Poland -- 21st century,y,photography-poland-21st-century,topical,Photography -- Poland -- 21st century,,auto-seeded draft; review
http://id.worldcat.org/fast/1061802.,Photography -- Private collections,y,photography-private-collections,topical,Photography -- Private collections,,auto-seeded draft; review
lcsh|photography-private-collections,Photography -- Private collections,y,photography-private-collections,topical,Photography -- Private collections,,auto-seeded draft; review
lcsh|photography-processing-humor,Photography -- Processing -- Humor,y,photography-processing-humor,topical,Photography -- Processing -- Humor,,auto-seeded draft; review
lcsh|photography-united-states-20th-century-exhibitions,Photography -- United States -- 20th Century -- Exhibitions,y,photography-united-states-20th-century-exhibitions,topical,Photography -- United States -- 20th Century -- Exhibitions,,auto-seeded draft; review
lcsh|photography-united-states-21st-century,Photography -- United States -- 21st century,y,photography-united-states-21st-century,topical,Photography -- United States -- 21st century,,auto-seeded draft; review
lcsh|photography-united-states-21st-century-periodicals,Photography -- United States -- 21st century -- Periodicals,y,photography-united-states-21st-century-periodicals,topical,Photography -- United States -- 21st century -- Periodicals,,auto-seeded draft; review
lcsh|photography-united-states-exhibitions,Photography -- United States -- Exhibitions,y,photography-united-states-exhibitions,topical,Photography -- United States -- Exhibitions,,auto-seeded draft; review
lcsh|photography-united-states-history-20th-century,Photography -- United States -- History -- 20th century,y,photography-united-states-history-20th-century,topical,Photography -- United States -- History -- 20th century,,auto-seeded draft; review
(OCoLC)fst01061964,"Photography | Photography, Artistic",y,photography,topical,Photography,,auto-seeded draft; review
lcsh|photography-in-art,Photography in art,y,photography-in-art,topical,Photography in art,,auto-seeded draft; review
http://id.loc.gov/authorities/subjects/sh85101333.,Photography of birds,y,photography-of-birds,topical,Photography of birds,,auto-seeded draft; review
http://id.worldcat.org/fast/1061892.,Photography of birds,y,photography-of-birds,topical,Photography of birds,,auto-seeded draft; review
http://id.loc.gov/authorities/subjects/sh85101337,Photography of children,y,photography-of-children,topical,Photography of children,,auto-seeded draft; review
lcsh|photography-of-clouds,Photography of clouds,y,photography-of-clouds,topical,Photography of clouds,,auto-seeded draft; review
lcsh|photography-of-dogs-juvenile-literature,Photography of dogs -- Juvenile literature,y,photography-of-dogs-juvenile-literature,topical,Photography of dogs -- Juvenile literature,,auto-seeded draft; review
http://id.loc.gov/authorities/subjects/sh85101343.,Photography of families,y,photography-of-families,topical,Photography of families,,auto-seeded draft; review
http://id.worldcat.org/fast/1061904.,Photography of families,y,photography-of-families,topical,Photography of families,,auto-seeded draft; review
lcsh|photography-of-gardens,Photography of gardens,y,photography-of-gardens,topical,Photography of gardens,,auto-seeded draft; review
http://id.loc.gov/authorities/subjects/sh85101349.,Photography of hands,y,photography-of-hands,topical,Photography of hands,,auto-seeded draft; review
http://id.worldcat.org/fast/1061913.,Photography of hands,y,photography-of-hands,topical,Photography of hands,,auto-seeded draft; review
lcsh|photography-of-insects,Photography of insects,y,photography-of-insects,topical,Photography of insects,,auto-seeded draft; review
http://id.loc.gov/authorities/subjects/sh85101228.,Photography of interiors,y,photography-of-interiors,topical,Photography of interiors,,auto-seeded draft; review
http://id.worldcat.org/fast/1061919.,Photography of interiors,y,photography-of-interiors,topical,Photography of interiors,,auto-seeded draft; review
lcsh|photography-of-interiors,Photography of interiors,y,photography-of-interiors,topical,Photography of interiors,,auto-seeded draft; review
http://id.loc.gov/authorities/subjects/sh85101355.,Photography of men,y,photography-of-men,topical,Photography of men,,auto-seeded draft; review
http://id.worldcat.org/fast/1061922.,Photography of men,y,photography-of-men,topical,Photography of men,,auto-seeded draft; review
lcsh|photography-of-painting,Photography of painting,y,photography-of-painting,topical,Photography of painting,,auto-seeded draft; review
http://id.loc.gov/authorities/subjects/sh85101358.,Photography of plants,y,photography-of-plants,topical,Photography of plants,,auto-seeded draft; review
http://id.worldcat.org/fast/1061933.,Photography of plants,y,photography-of-plants,topical,Photography of plants,,auto-seeded draft; review
lcsh|photography-of-rocks-exhibitions,Photography of rocks -- Exhibitions,y,photography-of-rocks-exhibitions,topical,Photography of rocks -- Exhibitions,,auto-seeded draft; review
http://id.loc.gov/authorities/subjects/sh85101365.,Photography of sports,y,photography-of-sports,topical,Photography of sports,,auto-seeded draft; review
http://id.worldcat.org/fast/1061946.,Photography of sports,y,photography-of-sports,topical,Photography of sports,,auto-seeded draft; review
http://id.loc.gov/authorities/subjects/sh2003005898.,Photography of the blind,y,photography-of-the-blind,topical,Photography of the blind,,auto-seeded draft; review
http://id.worldcat.org/fast/1061948.,Photography of the blind,y,photography-of-the-blind,topical,Photography of the blind,,auto-seeded draft; review
lcsh|photography-of-the-nude,Photography of the nude,y,photography-of-the-nude,topical,Photography of the nude,,auto-seeded draft; review
http://id.loc.gov/authorities/subjects/sh85101368.,Photography of the nude,y,photography-of-the-nude,topical,Photography of the nude,,auto-seeded draft; review
http://id.worldcat.org/fast/1061951.,Photography of the nude,y,photography-of-the-nude,topical,Photography of the nude,,auto-seeded draft; review
lcsh|photography-of-the-nude-exhibitions,Photography of the nude -- Exhibitions,y,photography-of-the-nude-exhibitions,topical,Photography of the nude -- Exhibitions,,auto-seeded draft; review
unspecified|photography-of-trees-germany-cologne,Photography of trees -- Germany -- Cologne,y,photography-of-trees-germany-cologne,topical,Photography of trees -- Germany -- Cologne,,auto-seeded draft; review
http://id.loc.gov/authorities/subjects/sh85101370.,Photography of water,y,photography-of-water,topical,Photography of water,,auto-seeded draft; review
http://id.worldcat.org/fast/1061956.,Photography of water,y,photography-of-water,topical,Photography of water,,auto-seeded draft; review
lcsh|photography-of-water,Photography of water,y,photography-of-water,topical,Photography of water,,auto-seeded draft; review
http://id.worldcat.org/fast/1061958.,Photography of women,y,photography-of-women,topical,Photography of women,,auto-seeded draft; review
http://id.loc.gov/authorities/subjects/sh85101371.,Photography of women,y,photography-of-women,topical,Photography of women,,auto-seeded draft; review
lcsh|photography-of-women,Photography of women,y,photography-of-women,topical,Photography of women,,auto-seeded draft; review
lcsh|photography-of-women-21st-century,Photography of women -- 21st century,y,photography-of-women-21st-century,topical,Photography of women -- 21st century,,auto-seeded draft; review
lcsh|photography-of-women-europe,Photography of women -- Europe,y,photography-of-women-europe,topical,Photography of women -- Europe,,auto-seeded draft; review
lcsh|photography-of-women-france,Photography of women -- France,y,photography-of-women-france,topical,Photography of women -- France,,auto-seeded draft; review
http://id.loc.gov/authorities/subjects/sh85101262.,"Photography, Abstract",y,photography-abstract,topical,"Photography, Abstract",,auto-seeded draft; review
http://id.worldcat.org/fast/1061962.,"Photography, Abstract",y,photography-abstract,topical,"Photography, Abstract",,auto-seeded draft; review
http://id.worldcat.org/fast/1061964.,"Photography, Artistic",y,photography-artistic,topical,"Photography, Artistic",,auto-seeded draft; review
http://id.loc.gov/authorities/subjects/sh85101269.,"Photography, Artistic",y,photography-artistic,topical,"Photography, Artistic",,auto-seeded draft; review
http://id.loc.gov/authorities/subjects/sh85101269,"Photography, Artistic",y,photography-artistic,topical,"Photography, Artistic",,auto-seeded draft; review
(OCoLC)fst01061964.,"Photography, Artistic",y,photography-artistic,topical,"Photography, Artistic",,auto-seeded draft; review
fast|photography-artistic,"Photography, Artistic",y,photography-artistic,topical,"Photography, Artistic",,auto-seeded draft; review
unspecified|photography-artistic,"Photography, Artistic",y,photography-artistic,topical,"Photography, Artistic",,auto-seeded draft; review
lcsh|photography-artistic-21st-century,"Photography, Artistic -- 21st century",y,photography-artistic-21st-century,topical,"Photography, Artistic -- 21st century",,auto-seeded draft; review
lcsh|photography-artistic-21st-century-periodicals,"Photography, Artistic -- 21st century -- Periodicals",y,photography-artistic-21st-century-periodicals,topical,"Photography, Artistic -- 21st century -- Periodicals",,auto-seeded draft; review
http://id.loc.gov/authorities/subjects/sh2008108790.,"Photography, Artistic -- Exhibitions",y,photography-artistic-exhibitions,topical,"Photography, Artistic -- Exhibitions",,auto-seeded draft; review
http://id.worldcat.org/fast/1061968.,"Photography, Artistic -- Exhibitions",y,photography-artistic-exhibitions,topical,"Photography, Artistic -- Exhibitions",,auto-seeded draft; review
lcsh|photography-artistic-exhibitions,"Photography, Artistic -- Exhibitions",y,photography-artistic-exhibitions,topical,"Photography, Artistic -- Exhibitions",,auto-seeded draft; review
http://id.worldcat.org/fast/1061973.,"Photography, Artistic -- Philosophy",y,photography-artistic-philosophy,topical,"Photography, Artistic -- Philosophy",,auto-seeded draft; review
lcsh|photography-artistic-philosophy,"Photography, Artistic -- Philosophy",y,photography-artistic-philosophy,topical,"Photography, Artistic -- Philosophy",,auto-seeded draft; review
lcsh|photography-artistic-quotations-maxims-etc,"Photography, Artistic -- Quotations, maxims, etc",y,photography-artistic-quotations-maxims-etc,topical,"Photography, Artistic -- Quotations, maxims, etc",,auto-seeded draft; review
lcsh|photography-artistic-specimens,"Photography, Artistic -- Specimens",y,photography-artistic-specimens,topical,"Photography, Artistic -- Specimens",,auto-seeded draft; review
lcsh|photography-artistic-united-states,"Photography, Artistic -- United States",y,photography-artistic-united-states,topical,"Photography, Artistic -- United States",,auto-seeded draft; review
nli|photography-artistic-united-states,"Photography, Artistic -- United States",y,photography-artistic-united-states,topical,"Photography, Artistic -- United States",,auto-seeded draft; review
lcsh|photography-artistic,"Photography, Artistic | Photography, artistic",y,photography-artistic,topical,"Photography, Artistic",,auto-seeded draft; review
http://id.loc.gov/authorities/subjects/sh85101273.,"Photography, Close-up",y,photography-close-up,topical,"Photography, Close-up",,auto-seeded draft; review
http://id.worldcat.org/fast/1061982.,"Photography, Close-up",y,photography-close-up,topical,"Photography, Close-up",,auto-seeded draft; review
lcsh|photography-close-up,"Photography, Close-up",y,photography-close-up,topical,"Photography, Close-up",,auto-seeded draft; review
lcsh|photography-erotic,"Photography, Erotic",y,photography-erotic,topical,"Photography, Erotic",,auto-seeded draft; review
lcsh|photography-erotic-pictorial-works,"Photography, Erotic -- Pictorial works",y,photography-erotic-pictorial-works,topical,"Photography, Erotic -- Pictorial works",,auto-seeded draft; review
lcsh|photography-industrial,"Photography, Industrial",y,photography-industrial,topical,"Photography, Industrial",,auto-seeded draft; review
lcsh|photography-industrial-new-york-state,"Photography, Industrial -- New York (State)",y,photography-industrial-new-york-state,topical,"Photography, Industrial -- New York (State)",,auto-seeded draft; review
http://id.loc.gov/authorities/subjects/sh85101296.,"Photography, Pinhole",y,photography-pinhole,topical,"Photography, Pinhole",,auto-seeded draft; review
http://id.worldcat.org/fast/1062004.,"Photography, Pinhole",y,photography-pinhole,topical,"Photography, Pinhole",,auto-seeded draft; review
http://id.loc.gov/authorities/subjects/sh85101299,"Photography, Stereoscopic",y,photography-stereoscopic,topical,"Photography, Stereoscopic",,auto-seeded draft; review
(OCoLC)fst01062008,"Photography, Table-top",y,photography-table-top,topical,"Photography, Table-top",,auto-seeded draft; review
lcsh|photography-table-top,"Photography, Table-top",y,photography-table-top,topical,"Photography, Table-top",,auto-seeded draft; review
http://id.worldcat.org/fast/1062022.,Photojournalism,y,photojournalism,topical,Photojournalism,,auto-seeded draft; review
http://id.loc.gov/authorities/subjects/sh85101288.,Photojournalism,y,photojournalism,topical,Photojournalism,,auto-seeded draft; review
lcsh|photojournalism,Photojournalism,y,photojournalism,topical,Photojournalism,,auto-seeded draft; review
lcsh|photojournalism-albania-history-pictorial-works,Photojournalism -- Albania -- History -- Pictorial works,y,photojournalism-albania-history-pictorial-works,topical,Photojournalism -- Albania -- History -- Pictorial works,,auto-seeded draft; review
lcsh|photojournalism-china-history-pictorial-works,Photojournalism -- China -- History -- Pictorial works,y,photojournalism-china-history-pictorial-works,topical,Photojournalism -- China -- History -- Pictorial works,,auto-seeded draft; review
lcsh|photojournalism-miscellanea,Photojournalism -- Miscellanea,y,photojournalism-miscellanea,topical,Photojournalism -- Miscellanea,,auto-seeded draft; review
lcsh|photojournalism-psychological-aspects,Photojournalism -- Psychological aspects,y,photojournalism-psychological-aspects,topical,Photojournalism -- Psychological aspects,,auto-seeded draft; review
http://id.worldcat.org/fast/1430965.,Photojournalists,y,photojournalists,topical,Photojournalists,,auto-seeded draft; review
lcsh|photojournalists-england-diaries,Photojournalists -- England -- Diaries,y,photojournalists-england-diaries,topical,Photojournalists -- England -- Diaries,,auto-seeded draft; review
lcsh|photojournalists-japan,Photojournalists -- Japan,y,photojournalists-japan,topical,Photojournalists -- Japan,,auto-seeded draft; review
lcsh|photojournalists-united-states-diaries,Photojournalists -- United States -- Diaries,y,photojournalists-united-states-diaries,topical,Photojournalists -- United States -- Diaries,,auto-seeded draft; review
http://id.loc.gov/authorities/subjects/sh85101275,Photomontage,y,photomontage,topical,Photomontage,,auto-seeded draft; review
http://id.worldcat.org/fast/1062053.,Photomontage,y,photomontage,topical,Photomontage,,auto-seeded draft; review
lcsh|photomontage,Photomontage,y,photomontage,topical,Photomontage,,auto-seeded draft; review
http://id.loc.gov/authorities/subjects/sh2008109273.,Photomontage -- Exhibitions,y,photomontage-exhibitions,topical,Photomontage -- Exhibitions,,auto-seeded draft; review
lcsh|photomontage-specimens,Photomontage -- Specimens,y,photomontage-specimens,topical,Photomontage -- Specimens,,auto-seeded draft; review
lcsh|photomontage-united-states,Photomontage -- United States,y,photomontage-united-states,topical,Photomontage -- United States,,auto-seeded draft; review
lcsh|physics,Physics,y,physics,topical,Physics,,auto-seeded draft; review
http://id.loc.gov/authorities/subjects/sh94007824.,Physics in literature,y,physics-in-literature,topical,Physics in literature,,auto-seeded draft; review
http://id.worldcat.org/fast/1063143.,Physics in literature,y,physics-in-literature,topical,Physics in literature,,auto-seeded draft; review
(OCoLC)fst01423874,Pictorial works,y,pictorial-works,topical,Pictorial works,,auto-seeded draft; review
unspecified|pictorial-works,Pictorial works,y,pictorial-works,topical,Pictorial works,,auto-seeded draft; review
http://id.loc.gov/authorities/subjects/sh85101998.,"Picture dictionaries, Polyglot",y,picture-dictionaries-polyglot,topical,"Picture dictionaries, Polyglot",,auto-seeded draft; review
http://id.worldcat.org/fast/1063775.,"Picture dictionaries, Polyglot",y,picture-dictionaries-polyglot,topical,"Picture dictionaries, Polyglot",,auto-seeded draft; review
http://id.loc.gov/authorities/childrensSubjects/sj2021050251.,Picture puzzles,y,picture-puzzles,topical,Picture puzzles,,auto-seeded draft; review
http://id.worldcat.org/fast/1063812.,Picture puzzles,y,picture-puzzles,topical,Picture puzzles,,auto-seeded draft; review
http://id.loc.gov/authorities/subjects/sh2008109358.,Picture puzzles -- Juvenile literature,y,picture-puzzles-juvenile-literature,topical,Picture puzzles -- Juvenile literature,,auto-seeded draft; review
http://id.loc.gov/authorities/subjects/sh85102008.,Picture-writing,y,picture-writing,topical,Picture-writing,,auto-seeded draft; review
http://id.worldcat.org/fast/1063814.,Picture-writing,y,picture-writing,topical,Picture-writing,,auto-seeded draft; review
http://id.loc.gov/authorities/subjects/sh85102008,Picture-writing,y,picture-writing,topical,Picture-writing,,auto-seeded draft; review
lcsh|pidgin-english-social-aspects-hawaii,Pidgin English -- Social aspects -- Hawaii,y,pidgin-english-social-aspects-hawaii,topical,Pidgin English -- Social aspects -- Hawaii,,auto-seeded draft; review
lcsh|pies-miscellanea,Pies -- Miscellanea,y,pies-miscellanea,topical,Pies -- Miscellanea,,auto-seeded draft; review
lcsh|pies-in-art,Pies in art,y,pies-in-art,topical,Pies in art,,auto-seeded draft; review
http://id.worldcat.org/fast/1064870.,Pit bull terriers,y,pit-bull-terriers,topical,Pit bull terriers,,auto-seeded draft; review
lcsh|pit-bull-terriers,Pit bull terriers,y,pit-bull-terriers,topical,Pit bull terriers,,auto-seeded draft; review
lcsh|pit-bull-terriers-fiction,Pit bull terriers -- Fiction,y,pit-bull-terriers-fiction,topical,Pit bull terriers -- Fiction,,auto-seeded draft; review
http://id.worldcat.org/fast/1064888.,Pitchers,y,pitchers,topical,Pitchers,,auto-seeded draft; review
lcsh|pitchers-pictorial-works,Pitchers -- Pictorial works,y,pitchers-pictorial-works,topical,Pitchers -- Pictorial works,,auto-seeded draft; review
lcsh|pixies-drama,Pixies -- Drama,y,pixies-drama,topical,Pixies -- Drama,,auto-seeded draft; review
lcsh|pizza-in-art,Pizza in art,y,pizza-in-art,topical,Pizza in art,,auto-seeded draft; review
rvm|plages-ouvrages-illustre-s,Plages -- Ouvrages illustrés,y,plages-ouvrages-illustre-s,topical,Plages -- Ouvrages illustrés,,auto-seeded draft; review
http://id.loc.gov/authorities/subjects/sh85102580,Plagiarism,y,plagiarism,topical,Plagiarism,,auto-seeded draft; review
lcsh|plague-in-art,Plague in art,y,plague-in-art,topical,Plague in art,,auto-seeded draft; review
unspecified|plainsindianer,Plainsindianer,y,plainsindianer,topical,Plainsindianer,,auto-seeded draft; review
lcsh|planets-exploration,Planets -- Exploration,y,planets-exploration,topical,Planets -- Exploration,,auto-seeded draft; review
http://id.worldcat.org/fast/1065779.,Plantation life,y,plantation-life,topical,Plantation life,,auto-seeded draft; review
lcsh|plantation-life-georgia-saint-simons-island-island-history-19th-century,Plantation life -- Georgia -- Saint Simons Island (Island) -- History -- 19th century,y,plantation-life-georgia-saint-simons-island-island-history-19th-century,topical,Plantation life -- Georgia -- Saint Simons Island (Island) -- History -- 19th century,,auto-seeded draft; review
http://id.loc.gov/authorities/subjects/sh2001008552.,Plantations in art,y,plantations-in-art,topical,Plantations in art,,auto-seeded draft; review
http://id.worldcat.org/fast/1065815.,Plantations in art,y,plantations-in-art,topical,Plantations in art,,auto-seeded draft; review
http://id.worldcat.org/fast/1065823.,Plants,y,plants,topical,Plants,,auto-seeded draft; review
lcsh|plants-mexico-pictorial-works,Plants -- Mexico -- Pictorial works,y,plants-mexico-pictorial-works,topical,Plants -- Mexico -- Pictorial works,,auto-seeded draft; review
lcsh|plants-in-art,Plants in art,y,plants-in-art,topical,Plants in art,,auto-seeded draft; review
http://id.loc.gov/authorities/subjects/sh85103036,Plants in art,y,plants-in-art,topical,Plants in art,,auto-seeded draft; review
http://id.loc.gov/authorities/subjects/sh85103036.,Plants in art,y,plants-in-art,topical,Plants in art,,auto-seeded draft; review
http://id.worldcat.org/fast/1066133.,Plants in art,y,plants-in-art,topical,Plants in art,,auto-seeded draft; review
http://id.loc.gov/authorities/subjects/sh85103176,Plastics as art material,y,plastics-as-art-material,topical,Plastics as art material,,auto-seeded draft; review
lcsh|play-united-states,Play -- United States,y,play-united-states,topical,Play -- United States,,auto-seeded draft; review
lcsh|playing-cards,Playing cards,y,playing-cards,topical,Playing cards,,auto-seeded draft; review
http://id.loc.gov/authorities/subjects/sh97000334.,Playing cards in art,y,playing-cards-in-art,topical,Playing cards in art,,auto-seeded draft; review
http://id.worldcat.org/fast/1067033.,Playing cards in art,y,playing-cards-in-art,topical,Playing cards in art,,auto-seeded draft; review
lcsh|plays-on-words,Plays on words,y,plays-on-words,topical,Plays on words,,auto-seeded draft; review
unspecified|po-sie,Poésie,y,po-sie,topical,Poésie,,auto-seeded draft; review
ram|poe-sie-concre-te,Poésie concrète,y,poe-sie-concre-te,topical,Poésie concrète,,auto-seeded draft; review
http://id.loc.gov/authorities/subjects/sh85103703.,Poetics,y,poetics,topical,Poetics,,auto-seeded draft; review
http://id.worldcat.org/fast/1067682.,Poetics,y,poetics,topical,Poetics,,auto-seeded draft; review
lcsh|poetics,Poetics,y,poetics,topical,Poetics,,auto-seeded draft; review
lcsh|poetry,Poetry,y,poetry,topical,Poetry,,auto-seeded draft; review
http://id.loc.gov/authorities/subjects/sh85103704,Poetry,y,poetry,topical,Poetry,,auto-seeded draft; review
http://id.loc.gov/authorities/subjects/sh85103704.,Poetry,y,poetry,topical,Poetry,,auto-seeded draft; review
http://id.worldcat.org/fast/1067691.,Poetry,y,poetry,topical,Poetry,,auto-seeded draft; review
lcsh|poetry-21st-century,Poetry -- 21st century,y,poetry-21st-century,topical,Poetry -- 21st century,,auto-seeded draft; review
bisacsh|poetry-american-general,POETRY / American / General,y,poetry-american-general,topical,POETRY / American / General,,auto-seeded draft; review
unspecified|poetry,poetry | Poetry,y,poetry,topical,Poetry,,auto-seeded draft; review
http://id.loc.gov/authorities/subjects/sh2003011397.,Poetry and the Internet,y,poetry-and-the-internet,topical,Poetry and the Internet,,auto-seeded draft; review
http://id.worldcat.org/fast/1200108.,Poetry and the Internet,y,poetry-and-the-internet,topical,Poetry and the Internet,,auto-seeded draft; review
mesh|poetry-as-topic,Poetry as Topic,y,poetry-as-topic,topical,Poetry as Topic,,auto-seeded draft; review
lcsh|poetry-modern-20th-century,"Poetry, Modern -- 20th century",y,poetry-modern-20th-century,topical,"Poetry, Modern -- 20th century",,auto-seeded draft; review
lcsh|poetry-modern-20th-century-translations-into-german,"Poetry, Modern -- 20th century -- Translations into German",y,poetry-modern-20th-century-translations-into-german,topical,"Poetry, Modern -- 20th century -- Translations into German",,auto-seeded draft; review
lcsh|poetry-modern-21st-century,"Poetry, Modern -- 21st century",y,poetry-modern-21st-century,topical,"Poetry, Modern -- 21st century",,auto-seeded draft; review
lcsh|poetry-modern-21st-century-translations-into-english,"Poetry, Modern -- 21st century -- Translations into English",y,poetry-modern-21st-century-translations-into-english,topical,"Poetry, Modern -- 21st century -- Translations into English",,auto-seeded draft; review
lcsh|poetry-modern-twentieth-century,"Poetry, Modern -- Twentieth Century",y,poetry-modern-twentieth-century,topical,"Poetry, Modern -- Twentieth Century",,auto-seeded draft; review
lcsh|poets-poetry,Poets -- Poetry,y,poets-poetry,topical,Poets -- Poetry,,auto-seeded draft; review
http://id.loc.gov/authorities/subjects/sh99014668.,Pokémon (Fictitious characters),y,pok-mon-fictitious-characters,topical,Pokémon (Fictitious characters),,auto-seeded draft; review
http://id.worldcat.org/fast/1068239.,Pokémon (Fictitious characters),y,pok-mon-fictitious-characters,topical,Pokémon (Fictitious characters),,auto-seeded draft; review
http://id.loc.gov/authorities/subjects/sh99000216.,Pokémon (Game),y,pok-mon-game,topical,Pokémon (Game),,auto-seeded draft; review
http://id.worldcat.org/fast/1068240.,Pokémon (Game),y,pok-mon-game,topical,Pokémon (Game),,auto-seeded draft; review
http://id.worldcat.org/fast/1068398.,Police,y,police,topical,Police,,auto-seeded draft; review
lcsh|police-michigan-detroit-pictorial-works,Police -- Michigan -- Detroit -- Pictorial works,y,police-michigan-detroit-pictorial-works,topical,Police -- Michigan -- Detroit -- Pictorial works,,auto-seeded draft; review
http://id.worldcat.org/fast/1068686.,Police shootings,y,police-shootings,topical,Police shootings,,auto-seeded draft; review
lcsh|police-shootings,Police shootings,y,police-shootings,topical,Police shootings,,auto-seeded draft; review
lcsh|police-shootings-mexico-iguala-de-la-independencia,Police shootings -- Mexico -- Iguala de la Independencia,y,police-shootings-mexico-iguala-de-la-independencia,topical,Police shootings -- Mexico -- Iguala de la Independencia,,auto-seeded draft; review
http://id.worldcat.org/fast/1069192.,Political activists,y,political-activists,topical,Political activists,,auto-seeded draft; review
lcsh|political-activists-colombia-biography,Political activists -- Colombia -- Biography,y,political-activists-colombia-biography,topical,Political activists -- Colombia -- Biography,,auto-seeded draft; review
unspecified|political-art,political art,y,political-art,topical,political art,,auto-seeded draft; review
http://id.worldcat.org/fast/1069207.,Political atrocities,y,political-atrocities,topical,Political atrocities,,auto-seeded draft; review
http://id.loc.gov/authorities/subjects/sh2008109545.,Political atrocities -- Cambodia,y,political-atrocities-cambodia,topical,Political atrocities -- Cambodia,,auto-seeded draft; review
lcsh|political-atrocities-united-states,Political atrocities -- United States,y,political-atrocities-united-states,topical,Political atrocities -- United States,,auto-seeded draft; review
http://id.loc.gov/authorities/subjects/sh85104348.,Political cartoons,y,political-cartoons,topical,Political cartoons,,auto-seeded draft; review
http://id.worldcat.org/fast/1069221.,Political cartoons,y,political-cartoons,topical,Political cartoons,,auto-seeded draft; review
lcsh|political-corruption,Political corruption,y,political-corruption,topical,Political corruption,,auto-seeded draft; review
http://id.worldcat.org/fast/1069363.,Political leadership,y,political-leadership,topical,Political leadership,,auto-seeded draft; review
http://id.loc.gov/authorities/subjects/sh2008109395.,Political leadership -- United States,y,political-leadership-united-states,topical,Political leadership -- United States,,auto-seeded draft; review
http://id.loc.gov/authorities/subjects/sh85104388.,"Political poetry, American",y,political-poetry-american,topical,"Political poetry, American",,auto-seeded draft; review
http://id.worldcat.org/fast/1069520.,"Political poetry, American",y,political-poetry-american,topical,"Political poetry, American",,auto-seeded draft; review
http://id.loc.gov/authorities/subjects/sh85104419.,"Political posters, Russian",y,political-posters-russian,topical,"Political posters, Russian",,auto-seeded draft; review
http://id.worldcat.org/fast/1069629.,"Political posters, Russian",y,political-posters-russian,topical,"Political posters, Russian",,auto-seeded draft; review
http://id.loc.gov/authorities/subjects/sh97000348.,Political prisoners in art,y,political-prisoners-in-art,topical,Political prisoners in art,,auto-seeded draft; review
http://id.worldcat.org/fast/1069662.,Political prisoners in art,y,political-prisoners-in-art,topical,Political prisoners in art,,auto-seeded draft; review
http://id.worldcat.org/fast/1069678.,Political refugees,y,political-refugees,topical,Political refugees,,auto-seeded draft; review
lcsh|political-refugees-cambodia,Political refugees -- Cambodia,y,political-refugees-cambodia,topical,Political refugees -- Cambodia,,auto-seeded draft; review
lcsh|politicians-canada-pictorial-works-exhibitions,Politicians -- Canada -- Pictorial works -- Exhibitions,y,politicians-canada-pictorial-works-exhibitions,topical,Politicians -- Canada -- Pictorial works -- Exhibitions,,auto-seeded draft; review
lcsh|politicians-in-art-exhibitions,Politicians in art -- Exhibitions,y,politicians-in-art-exhibitions,topical,Politicians in art -- Exhibitions,,auto-seeded draft; review
http://id.worldcat.org/fast/1069952.,Politics and culture,y,politics-and-culture,topical,Politics and culture,,auto-seeded draft; review
lcsh|politics-and-culture-chile-history-20th-century,Politics and culture -- Chile -- History -- 20th century,y,politics-and-culture-chile-history-20th-century,topical,Politics and culture -- Chile -- History -- 20th century,,auto-seeded draft; review
http://id.worldcat.org/fast/1919741.,Politics and government,y,politics-and-government,topical,Politics and government,,auto-seeded draft; review
http://id.loc.gov/authorities/subjects/sh85104472.,Politics in art,y,politics-in-art,topical,Politics in art,,auto-seeded draft; review
http://id.worldcat.org/fast/1896083.,Politics in art,y,politics-in-art,topical,Politics in art,,auto-seeded draft; review
lcsh|politics-in-art,Politics in art,y,politics-in-art,topical,Politics in art,,auto-seeded draft; review
https://id.kb.se/term/sao/Politik,Politik,y,politik,topical,Politik,,auto-seeded draft; review
unspecified|politisk-konst-tyskland,Politisk konst -- Tyskland,y,politisk-konst-tyskland,topical,Politisk konst -- Tyskland,,auto-seeded draft; review
lcsh|pollution-in-art,Pollution in art,y,pollution-in-art,topical,Pollution in art,,auto-seeded draft; review
http://id.loc.gov/authorities/subjects/sh85104862,Pop art,y,pop-art,topical,Pop art,,auto-seeded draft; review
http://id.worldcat.org/fast/1071250.,Pop art,y,pop-art,topical,Pop art,,auto-seeded draft; review
lcsh|pop-art,Pop art,y,pop-art,topical,Pop art,,auto-seeded draft; review
unspecified|pop-art,Pop Art,y,pop-art,topical,Pop art,,auto-seeded draft; review
lcsh|pop-art-quotations-maxims-etc,"Pop art -- Quotations, maxims, etc",y,pop-art-quotations-maxims-etc,topical,"Pop art -- Quotations, maxims, etc",,auto-seeded draft; review
http://id.loc.gov/authorities/childrensSubjects/sj2021051099.,Pop-up books,y,pop-up-books,topical,Pop-up books,,auto-seeded draft; review
http://id.worldcat.org/fast/1765213.,Pop-up books,y,pop-up-books,topical,Pop-up books,,auto-seeded draft; review
lcsh|pop-up-books,Pop-up books,y,pop-up-books,topical,Pop-up books,,auto-seeded draft; review
http://id.loc.gov/authorities/subjects/sh2010107498.,Pop-up books -- Specimens,y,pop-up-books-specimens,topical,Pop-up books -- Specimens,,auto-seeded draft; review
lcsh|pop-up-books-specimens,Pop-up books -- Specimens,y,pop-up-books-specimens,topical,Pop-up books -- Specimens,,auto-seeded draft; review
lcsh|pop-up-books-united-states-21st-century,Pop-up books -- United States -- 21st century,y,pop-up-books-united-states-21st-century,topical,Pop-up books -- United States -- 21st century,,auto-seeded draft; review
http://id.worldcat.org/fast/1071255.,Popcorn,y,popcorn,topical,Popcorn,,auto-seeded draft; review
lcsh|popcorn-fiction,Popcorn -- Fiction,y,popcorn-fiction,topical,Popcorn -- Fiction,,auto-seeded draft; review
http://id.worldcat.org/fast/1071344.,Popular culture,y,popular-culture,topical,Popular culture,,auto-seeded draft; review
lcsh|popular-culture-pictorial-works,Popular culture -- Pictorial works,y,popular-culture-pictorial-works,topical,Popular culture -- Pictorial works,,auto-seeded draft; review
lcsh|popular-culture-south-america,Popular culture -- South America,y,popular-culture-south-america,topical,Popular culture -- South America,,auto-seeded draft; review
(OCoLC)fst01071422,Popular music,y,popular-music,topical,Popular music,,auto-seeded draft; review
lcsh|popular-music-periodicals,Popular music -- Periodicals,y,popular-music-periodicals,topical,Popular music -- Periodicals,,auto-seeded draft; review
lcsh|popular-music-united-states-history-and-criticism,Popular music -- United States -- History and criticism,y,popular-music-united-states-history-and-criticism,topical,Popular music -- United States -- History and criticism,,auto-seeded draft; review
http://id.loc.gov/authorities/subjects/sh85105008.,Pornography,y,pornography,topical,Pornography,,auto-seeded draft; review
http://id.worldcat.org/fast/1071875.,Pornography,y,pornography,topical,Pornography,,auto-seeded draft; review
https://homosaurus.org/v4/homoit0001128.,Pornography,y,pornography,topical,Pornography,,auto-seeded draft; review
http://id.loc.gov/authorities/subjects/sh85105092.,Portmanteau words,y,portmanteau-words,topical,Portmanteau words,,auto-seeded draft; review
http://id.worldcat.org/fast/1072120.,Portmanteau words,y,portmanteau-words,topical,Portmanteau words,,auto-seeded draft; review
lcsh|portrait-drawing,Portrait drawing,y,portrait-drawing,topical,Portrait drawing,,auto-seeded draft; review
http://id.worldcat.org/fast/1072259.,Portrait photography,y,portrait-photography,topical,Portrait photography,,auto-seeded draft; review
http://id.loc.gov/authorities/subjects/sh85101240.,Portrait photography,y,portrait-photography,topical,Portrait photography,,auto-seeded draft; review
http://id.loc.gov/authorities/subjects/sh85101240,Portrait photography,y,portrait-photography,topical,Portrait photography,,auto-seeded draft; review
lcsh|portrait-photography,Portrait photography,y,portrait-photography,topical,Portrait photography,,auto-seeded draft; review
lcsh|portrait-photography-china-beijing,Portrait photography -- China -- Beijing,y,portrait-photography-china-beijing,topical,Portrait photography -- China -- Beijing,,auto-seeded draft; review
http://id.loc.gov/authorities/subjects/sh2008109271.,Portrait photography -- Exhibitions,y,portrait-photography-exhibitions,topical,Portrait photography -- Exhibitions,,auto-seeded draft; review
lcsh|portrait-photography-exhibitions,Portrait photography -- Exhibitions,y,portrait-photography-exhibitions,topical,Portrait photography -- Exhibitions,,auto-seeded draft; review
lcsh|portrait-photography-india,Portrait photography -- India,y,portrait-photography-india,topical,Portrait photography -- India,,auto-seeded draft; review
lcsh|portrait-photography-mali,Portrait photography -- Mali,y,portrait-photography-mali,topical,Portrait photography -- Mali,,auto-seeded draft; review
lcsh|portrait-photography-mali-exhibitions,Portrait photography -- Mali -- Exhibitions,y,portrait-photography-mali-exhibitions,topical,Portrait photography -- Mali -- Exhibitions,,auto-seeded draft; review
lcsh|portrait-photography-south-africa,Portrait photography -- South Africa,y,portrait-photography-south-africa,topical,Portrait photography -- South Africa,,auto-seeded draft; review
lcsh|portrait-photography-wisconsin,Portrait photography -- Wisconsin,y,portrait-photography-wisconsin,topical,Portrait photography -- Wisconsin,,auto-seeded draft; review
lcgft|portraits,Portraits,y,portraits,topical,Portraits,,auto-seeded draft; review
unspecified|portraits,Portraits,y,portraits,topical,Portraits,,auto-seeded draft; review
lcsh|portraits-20th-century,Portraits -- 20th century,y,portraits-20th-century,topical,Portraits -- 20th century,,auto-seeded draft; review
http://id.loc.gov/authorities/subjects/sh85105188.,"Portraits, American",y,portraits-american,topical,"Portraits, American",,auto-seeded draft; review
http://id.worldcat.org/fast/1072342.,"Portraits, American",y,portraits-american,topical,"Portraits, American",,auto-seeded draft; review
local|portraits-men-portraits-name-of-subject,Portraits: Men: Portraits: Name of subject,y,portraits-men-portraits-name-of-subject,topical,Portraits: Men: Portraits: Name of subject,,auto-seeded draft; review
local|portraits-men-with-hands-without-hats-head-to-right,Portraits: Men: With hands (without hats): Head to right,y,portraits-men-with-hands-without-hats-head-to-right,topical,Portraits: Men: With hands (without hats): Head to right,,auto-seeded draft; review
lcsh|portraiture,Portraiture,y,portraiture,topical,Portraiture,,auto-seeded draft; review
http://id.worldcat.org/fast/1072400.,Portuguese,y,portuguese,topical,Portuguese,,auto-seeded draft; review
lcsh|post-cards,Post cards,y,post-cards,topical,Post cards,,auto-seeded draft; review
http://id.worldcat.org/fast/1072762.,Post-traumatic stress disorder,y,post-traumatic-stress-disorder,topical,Post-traumatic stress disorder,,auto-seeded draft; review
http://id.loc.gov/authorities/subjects/sh2010107810.,Post-traumatic stress disorder -- United States,y,post-traumatic-stress-disorder-united-states,topical,Post-traumatic stress disorder -- United States,,auto-seeded draft; review
lcsh|postage-stamp-design,Postage stamp design,y,postage-stamp-design,topical,Postage stamp design,,auto-seeded draft; review
lcsh|postage-stamps-forgeries,Postage stamps -- Forgeries,y,postage-stamps-forgeries,topical,Postage stamps -- Forgeries,,auto-seeded draft; review
lcsh|postage-stamps-topics-women,Postage stamps -- Topics -- Women,y,postage-stamps-topics-women,topical,Postage stamps -- Topics -- Women,,auto-seeded draft; review
lcsh|postage-stamps-in-art,Postage stamps in art,y,postage-stamps-in-art,topical,Postage stamps in art,,auto-seeded draft; review
http://id.loc.gov/authorities/subjects/sh97000400.,Postage stamps in art,y,postage-stamps-in-art,topical,Postage stamps in art,,auto-seeded draft; review
http://id.worldcat.org/fast/1072827.,Postage stamps in art,y,postage-stamps-in-art,topical,Postage stamps in art,,auto-seeded draft; review
lcsh|postcards,Postcards,y,postcards,topical,Postcards,,auto-seeded draft; review
http://id.loc.gov/authorities/subjects/sh85105462,Postcards,y,postcards,topical,Postcards,,auto-seeded draft; review
http://id.worldcat.org/fast/1073018.,Postcards,y,postcards,topical,Postcards,,auto-seeded draft; review
http://id.loc.gov/authorities/subjects/sh2010107859.,Postcards -- Collectors and collecting,y,postcards-collectors-and-collecting,topical,Postcards -- Collectors and collecting,,auto-seeded draft; review
http://id.worldcat.org/fast/1073020.,Postcards -- Collectors and collecting,y,postcards-collectors-and-collecting,topical,Postcards -- Collectors and collecting,,auto-seeded draft; review
lcsh|postcards-collectors-and-collecting-periodicals,Postcards -- Collectors and collecting -- Periodicals,y,postcards-collectors-and-collecting-periodicals,topical,Postcards -- Collectors and collecting -- Periodicals,,auto-seeded draft; review
lcsh|postcards-england,Postcards -- England,y,postcards-england,topical,Postcards -- England,,auto-seeded draft; review
lcsh|postcards-india-catalogs,Postcards -- India -- Catalogs,y,postcards-india-catalogs,topical,Postcards -- India -- Catalogs,,auto-seeded draft; review
lcsh|postcards-mexico-specimens,Postcards -- Mexico -- Specimens,y,postcards-mexico-specimens,topical,Postcards -- Mexico -- Specimens,,auto-seeded draft; review
lcsh|postcards-specimens,Postcards -- Specimens,y,postcards-specimens,topical,Postcards -- Specimens,,auto-seeded draft; review
lcsh|postcards-united-states,Postcards -- United States,y,postcards-united-states,topical,Postcards -- United States,,auto-seeded draft; review
http://id.loc.gov/authorities/subjects/sh2007010921.,Postcards in art,y,postcards-in-art,topical,Postcards in art,,auto-seeded draft; review
http://id.worldcat.org/fast/1904326.,Postcards in art,y,postcards-in-art,topical,Postcards in art,,auto-seeded draft; review
lcsh|posters-20th-century,Posters -- 20th century,y,posters-20th-century,topical,Posters -- 20th century,,auto-seeded draft; review
http://id.loc.gov/authorities/subjects/sh89001771.,"Posters, Soviet",y,posters-soviet,topical,"Posters, Soviet",,auto-seeded draft; review
http://id.worldcat.org/fast/1073118.,"Posters, Soviet",y,posters-soviet,topical,"Posters, Soviet",,auto-seeded draft; review
http://id.loc.gov/authorities/subjects/sh89000478.,Postmodernism (Literature),y,postmodernism-literature,topical,Postmodernism (Literature),,auto-seeded draft; review
http://id.worldcat.org/fast/1073181.,Postmodernism (Literature),y,postmodernism-literature,topical,Postmodernism (Literature),,auto-seeded draft; review
lcsh|postmodernism-literature-united-states,Postmodernism (Literature) -- United States,y,postmodernism-literature-united-states,topical,Postmodernism (Literature) -- United States,,auto-seeded draft; review
http://id.worldcat.org/fast/1074025.,Poultry industry,y,poultry-industry,topical,Poultry industry,,auto-seeded draft; review
lcsh|poultry-industry-north-carolina,Poultry industry -- North Carolina,y,poultry-industry-north-carolina,topical,Poultry industry -- North Carolina,,auto-seeded draft; review
http://id.loc.gov/authorities/subjects/sh85106058.,Pragmatics,y,pragmatics,topical,Pragmatics,,auto-seeded draft; review
http://id.worldcat.org/fast/1074579.,Pragmatics,y,pragmatics,topical,Pragmatics,,auto-seeded draft; review
http://id.loc.gov/authorities/subjects/sh97000485.,Prairies in art,y,prairies-in-art,topical,Prairies in art,,auto-seeded draft; review
http://id.worldcat.org/fast/1074621.,Prairies in art,y,prairies-in-art,topical,Prairies in art,,auto-seeded draft; review
http://id.loc.gov/authorities/subjects/sh85106113.,Prayer,y,prayer,topical,Prayer,,auto-seeded draft; review
http://id.worldcat.org/fast/1074680.,Prayer,y,prayer,topical,Prayer,,auto-seeded draft; review
http://id.worldcat.org/fast/1075102.,Pregnancy,y,pregnancy,topical,Pregnancy,,auto-seeded draft; review
http://id.loc.gov/authorities/subjects/sh2010108029.,Pregnancy -- Pictorial works,y,pregnancy-pictorial-works,topical,Pregnancy -- Pictorial works,,auto-seeded draft; review
http://id.loc.gov/authorities/subjects/sh97000486.,Pregnancy in art,y,pregnancy-in-art,topical,Pregnancy in art,,auto-seeded draft; review
http://id.worldcat.org/fast/1075159.,Pregnancy in art,y,pregnancy-in-art,topical,Pregnancy in art,,auto-seeded draft; review
http://id.loc.gov/authorities/subjects/sh85106310.,Prejudices,y,prejudices,topical,Prejudices,,auto-seeded draft; review
http://id.worldcat.org/fast/1075260.,Prejudices,y,prejudices,topical,Prejudices,,auto-seeded draft; review
lcsh|prescribed-burning-pictorial-works,Prescribed burning -- Pictorial works,y,prescribed-burning-pictorial-works,topical,Prescribed burning -- Pictorial works,,auto-seeded draft; review
lcsh|prescribed-burning-united-states-pictorial-works,Prescribed burning -- United States -- Pictorial works,y,prescribed-burning-united-states-pictorial-works,topical,Prescribed burning -- United States -- Pictorial works,,auto-seeded draft; review
unspecified|preservation-and-restoration-mummies,Preservation and restoration -- Mummies,y,preservation-and-restoration-mummies,topical,Preservation and restoration -- Mummies,,auto-seeded draft; review
http://id.worldcat.org/fast/1075708.,Presidential candidates,y,presidential-candidates,topical,Presidential candidates,,auto-seeded draft; review
lcsh|presidential-candidates-united-states-exhibitions,Presidential candidates -- United States -- Exhibitions,y,presidential-candidates-united-states-exhibitions,topical,Presidential candidates -- United States -- Exhibitions,,auto-seeded draft; review
http://id.worldcat.org/fast/1075723.,Presidents,y,presidents,topical,Presidents,,auto-seeded draft; review
http://id.worldcat.org/fast/1075747.,Presidents -- Election,y,presidents-election,topical,Presidents -- Election,,auto-seeded draft; review
lcsh|presidents-united-states-election-2012-exhibitions,Presidents -- United States -- Election -- 2012 -- Exhibitions,y,presidents-united-states-election-2012-exhibitions,topical,Presidents -- United States -- Election -- 2012 -- Exhibitions,,auto-seeded draft; review
lcsh|presidents-united-states-portraits,Presidents -- United States -- Portraits,y,presidents-united-states-portraits,topical,Presidents -- United States -- Portraits,,auto-seeded draft; review
lcsh|presley-elvis-1935-1977-miscellanea,"Presley, Elvis, 1935-1977 -- Miscellanea",y,presley-elvis-1935-1977-miscellanea,topical,"Presley, Elvis, 1935-1977 -- Miscellanea",,auto-seeded draft; review
http://id.worldcat.org/fast/1198921.,Press coverage,y,press-coverage,topical,Press coverage,,auto-seeded draft; review
lcsh|printed-ephemera-catalogs,Printed ephemera -- Catalogs,y,printed-ephemera-catalogs,topical,Printed ephemera -- Catalogs,,auto-seeded draft; review
http://id.worldcat.org/fast/1076612.,Printing,y,printing,topical,Printing,,auto-seeded draft; review
http://id.loc.gov/authorities/subjects/sh85106751,Printing,y,printing,topical,Printing,,auto-seeded draft; review
http://id.loc.gov/authorities/subjects/sh85106751.,Printing,y,printing,topical,Printing,,auto-seeded draft; review
lcsh|printing-england-london-21st-century-specimens,Printing -- England -- London -- 21st century -- Specimens,y,printing-england-london-21st-century-specimens,topical,Printing -- England -- London -- 21st century -- Specimens,,auto-seeded draft; review
http://id.loc.gov/authorities/subjects/sh85106770.,Printing -- Great Britain,y,printing-great-britain,topical,Printing -- Great Britain,,auto-seeded draft; review
lcsh|printing-history-20th-century,Printing -- History -- 20th century,y,printing-history-20th-century,topical,Printing -- History -- 20th century,,auto-seeded draft; review
lcsh|printing-history-20th-century-specimens,Printing -- History -- 20th century -- Specimens,y,printing-history-20th-century-specimens,topical,Printing -- History -- 20th century -- Specimens,,auto-seeded draft; review
lcsh|printing-specimens,Printing -- Specimens,y,printing-specimens,topical,Printing -- Specimens,,auto-seeded draft; review
http://id.loc.gov/authorities/subjects/sh85106766.,Printing -- Specimens,y,printing-specimens,topical,Printing -- Specimens,,auto-seeded draft; review
lcsh|printing-technique-specimens,Printing -- Technique -- Specimens,y,printing-technique-specimens,topical,Printing -- Technique -- Specimens,,auto-seeded draft; review
http://id.loc.gov/authorities/subjects/sh2008110005.,Printing -- United States,y,printing-united-states,topical,Printing -- United States,,auto-seeded draft; review
lcsh|printing-united-states-history-21st-century,Printing -- United States -- History -- 21st century,y,printing-united-states-history-21st-century,topical,Printing -- United States -- History -- 21st century,,auto-seeded draft; review
lcsh|printing-in-art,Printing in art,y,printing-in-art,topical,Printing in art,,auto-seeded draft; review
lcsh|prints,Prints,y,prints,topical,Prints,,auto-seeded draft; review
lcsh|prints-united-states-20th-century,Prints -- United States -- 20th century,y,prints-united-states-20th-century,topical,Prints -- United States -- 20th century,,auto-seeded draft; review
lcsh|prints-american-20th-century,"Prints, American -- 20th century",y,prints-american-20th-century,topical,"Prints, American -- 20th century",,auto-seeded draft; review
http://id.worldcat.org/fast/1076883.,"Prints, Cuban",y,prints-cuban,topical,"Prints, Cuban",,auto-seeded draft; review
lcsh|prints-cuban-21st-century,"Prints, Cuban -- 21st century",y,prints-cuban-21st-century,topical,"Prints, Cuban -- 21st century",,auto-seeded draft; review
lcsh|prints-english-20th-century,"Prints, English -- 20th century",y,prints-english-20th-century,topical,"Prints, English -- 20th century",,auto-seeded draft; review
http://id.worldcat.org/fast/1076940.,"Prints, Mexican",y,prints-mexican,topical,"Prints, Mexican",,auto-seeded draft; review
lcsh|prints-mexican-21st-century,"Prints, Mexican -- 21st century",y,prints-mexican-21st-century,topical,"Prints, Mexican -- 21st century",,auto-seeded draft; review
lcsh|prints-mexican-21st-century-specimens,"Prints, Mexican -- 21st century -- Specimens",y,prints-mexican-21st-century-specimens,topical,"Prints, Mexican -- 21st century -- Specimens",,auto-seeded draft; review
http://id.worldcat.org/fast/1077103.,Prisoners,y,prisoners,topical,Prisoners,,auto-seeded draft; review
http://id.loc.gov/authorities/subjects/sh98005422.,Prisoners -- Civil rights,y,prisoners-civil-rights,topical,Prisoners -- Civil rights,,auto-seeded draft; review
http://id.worldcat.org/fast/1077110.,Prisoners -- Civil rights,y,prisoners-civil-rights,topical,Prisoners -- Civil rights,,auto-seeded draft; review
http://id.loc.gov/authorities/subjects/sh85106957.,"Prisoners -- Legal status, laws, etc",y,prisoners-legal-status-laws-etc,topical,"Prisoners -- Legal status, laws, etc",,auto-seeded draft; review
http://id.worldcat.org/fast/1077155.,"Prisoners -- Legal status, laws, etc",y,prisoners-legal-status-laws-etc,topical,"Prisoners -- Legal status, laws, etc",,auto-seeded draft; review
lcsh|prisoners-of-war-virginia-richmond-diaries,Prisoners of war -- Virginia -- Richmond -- Diaries,y,prisoners-of-war-virginia-richmond-diaries,topical,Prisoners of war -- Virginia -- Richmond -- Diaries,,auto-seeded draft; review
lcsh|prisoners-of-war-in-art,Prisoners of war in art,y,prisoners-of-war-in-art,topical,Prisoners of war in art,,auto-seeded draft; review
http://id.loc.gov/authorities/subjects/sh94006910.,"Prisoners' writings, Mexican",y,prisoners-writings-mexican,topical,"Prisoners' writings, Mexican",,auto-seeded draft; review
http://id.worldcat.org/fast/1077296.,"Prisoners' writings, Mexican",y,prisoners-writings-mexican,topical,"Prisoners' writings, Mexican",,auto-seeded draft; review
http://id.worldcat.org/fast/1077326.,Prisons,y,prisons,topical,Prisons,,auto-seeded draft; review
lcsh|prisons-italy-livorno-history,Prisons -- Italy -- Livorno -- History,y,prisons-italy-livorno-history,topical,Prisons -- Italy -- Livorno -- History,,auto-seeded draft; review
http://id.loc.gov/authorities/subjects/sh96011960.,Privacy in art,y,privacy-in-art,topical,Privacy in art,,auto-seeded draft; review
http://id.worldcat.org/fast/1077442.,Privacy in art,y,privacy-in-art,topical,Privacy in art,,auto-seeded draft; review
http://id.worldcat.org/fast/1354077.,Private collections,y,private-collections,topical,Private collections,,auto-seeded draft; review
http://id.worldcat.org/fast/1078755.,Prohibited books,y,prohibited-books,topical,Prohibited books,,auto-seeded draft; review
lcsh|prohibited-books-united-states,Prohibited books -- United States,y,prohibited-books-united-states,topical,Prohibited books -- United States,,auto-seeded draft; review
lcsh|prohibited-books-united-states-bibliography,Prohibited books -- United States -- Bibliography,y,prohibited-books-united-states-bibliography,topical,Prohibited books -- United States -- Bibliography,,auto-seeded draft; review
http://id.loc.gov/authorities/subjects/sh85107412.,Promises,y,promises,topical,Promises,,auto-seeded draft; review
http://id.worldcat.org/fast/1078900.,Promises,y,promises,topical,Promises,,auto-seeded draft; review
http://id.loc.gov/authorities/subjects/sh85106795.,Proofs (Printing),y,proofs-printing,topical,Proofs (Printing),,auto-seeded draft; review
http://id.worldcat.org/fast/1078952.,Proofs (Printing),y,proofs-printing,topical,Proofs (Printing),,auto-seeded draft; review
unspecified|propaganda,Propaganda,y,propaganda,topical,Propaganda,,auto-seeded draft; review
http://id.worldcat.org/fast/1079000.,"Propaganda, Capitalist",y,propaganda-capitalist,topical,"Propaganda, Capitalist",,auto-seeded draft; review
lcsh|propaganda-capitalist-parodies-imitations-etc,"Propaganda, Capitalist -- Parodies, imitations, etc",y,propaganda-capitalist-parodies-imitations-etc,topical,"Propaganda, Capitalist -- Parodies, imitations, etc",,auto-seeded draft; review
http://id.worldcat.org/fast/1079003.,"Propaganda, Communist",y,propaganda-communist,topical,"Propaganda, Communist",,auto-seeded draft; review
lcsh|propaganda-communist-pictorial-works,"Propaganda, Communist -- Pictorial works",y,propaganda-communist-pictorial-works,topical,"Propaganda, Communist -- Pictorial works",,auto-seeded draft; review
http://id.loc.gov/authorities/subjects/sh89002047.,"Propaganda, Soviet",y,propaganda-soviet,topical,"Propaganda, Soviet",,auto-seeded draft; review
http://id.worldcat.org/fast/1079046.,"Propaganda, Soviet",y,propaganda-soviet,topical,"Propaganda, Soviet",,auto-seeded draft; review
lcsh|proportion-anthropometry-in-art-exhibitions,Proportion (Anthropometry) in art -- Exhibitions,y,proportion-anthropometry-in-art-exhibitions,topical,Proportion (Anthropometry) in art -- Exhibitions,,auto-seeded draft; review
http://id.worldcat.org/fast/1079535.,Prostitutes,y,prostitutes,topical,Prostitutes,,auto-seeded draft; review
lcsh|prostitutes-europe-portraits,Prostitutes -- Europe -- Portraits,y,prostitutes-europe-portraits,topical,Prostitutes -- Europe -- Portraits,,auto-seeded draft; review
http://id.worldcat.org/fast/1079562.,Prostitution,y,prostitution,topical,Prostitution,,auto-seeded draft; review
http://id.loc.gov/authorities/subjects/sh2010108675.,Prostitution -- Europe,y,prostitution-europe,topical,Prostitution -- Europe,,auto-seeded draft; review
lcsh|protest-movements-united-states-history-21st-century,Protest movements -- United States -- History -- 21st century,y,protest-movements-united-states-history-21st-century,topical,Protest movements -- United States -- History -- 21st century,,auto-seeded draft; review
http://id.loc.gov/authorities/subjects/sh97000648.,Proverbs in art,y,proverbs-in-art,topical,Proverbs in art,,auto-seeded draft; review
http://id.worldcat.org/fast/1080212.,Proverbs in art,y,proverbs-in-art,topical,Proverbs in art,,auto-seeded draft; review
lcsh|proverbs-yoruba,"Proverbs, Yoruba",y,proverbs-yoruba,topical,"Proverbs, Yoruba",,auto-seeded draft; review
http://id.loc.gov/authorities/subjects/sh2001002975.,Pseudoscience,y,pseudoscience,topical,Pseudoscience,,auto-seeded draft; review
http://id.worldcat.org/fast/1080912.,Pseudoscience,y,pseudoscience,topical,Pseudoscience,,auto-seeded draft; review
http://id.worldcat.org/fast/1081047.,Psychiatric hospitals,y,psychiatric-hospitals,topical,Psychiatric hospitals,,auto-seeded draft; review
lcsh|psychiatric-hospitals-peru-pictorial-works,Psychiatric hospitals -- Peru -- Pictorial works,y,psychiatric-hospitals-peru-pictorial-works,topical,Psychiatric hospitals -- Peru -- Pictorial works,,auto-seeded draft; review
lcsh|psychic-readings-united-states,Psychic readings -- United States,y,psychic-readings-united-states,topical,Psychic readings -- United States,,auto-seeded draft; review
http://id.loc.gov/authorities/subjects/sh85108403.,Psychic trauma,y,psychic-trauma,topical,Psychic trauma,,auto-seeded draft; review
http://id.worldcat.org/fast/1081217.,Psychic trauma,y,psychic-trauma,topical,Psychic trauma,,auto-seeded draft; review
lcsh|psychic-trauma-in-art,Psychic trauma in art,y,psychic-trauma-in-art,topical,Psychic trauma in art,,auto-seeded draft; review
http://id.loc.gov/authorities/subjects/sh85108411.,Psychoanalysis,y,psychoanalysis,topical,Psychoanalysis,,auto-seeded draft; review
http://id.worldcat.org/fast/1081235.,Psychoanalysis,y,psychoanalysis,topical,Psychoanalysis,,auto-seeded draft; review
lcsh|psychoanalysis-and-art,Psychoanalysis and art,y,psychoanalysis-and-art,topical,Psychoanalysis and art,,auto-seeded draft; review
http://id.worldcat.org/fast/1354086.,Psychological aspects,y,psychological-aspects,topical,Psychological aspects,,auto-seeded draft; review
lcsh|psychological-child-abuse,Psychological child abuse,y,psychological-child-abuse,topical,Psychological child abuse,,auto-seeded draft; review
http://id.worldcat.org/fast/1082064.,Public art,y,public-art,topical,Public art,,auto-seeded draft; review
lcsh|public-art-france-rennes,Public art -- France -- Rennes,y,public-art-france-rennes,topical,Public art -- France -- Rennes,,auto-seeded draft; review
lcsh|public-art-germany-hamburg-exhibitions,Public art -- Germany -- Hamburg -- Exhibitions,y,public-art-germany-hamburg-exhibitions,topical,Public art -- Germany -- Hamburg -- Exhibitions,,auto-seeded draft; review
lcsh|public-art-mexico-mexico-city,Public art -- Mexico -- Mexico City,y,public-art-mexico-mexico-city,topical,Public art -- Mexico -- Mexico City,,auto-seeded draft; review
lcsh|public-art-norway,Public art -- Norway,y,public-art-norway,topical,Public art -- Norway,,auto-seeded draft; review
lcsh|public-housing-france-history-20th-century-pictorial-works,Public housing -- France -- History -- 20th century -- Pictorial works,y,public-housing-france-history-20th-century-pictorial-works,topical,Public housing -- France -- History -- 20th century -- Pictorial works,,auto-seeded draft; review
unspecified|public-records,Public records,y,public-records,topical,Public records,,auto-seeded draft; review
http://id.loc.gov/authorities/subjects/sh2010109111,"Publishers and publishing -- Handbooks, manuals, etc",y,publishers-and-publishing-handbooks-manuals-etc,topical,"Publishers and publishing -- Handbooks, manuals, etc",,auto-seeded draft; review
http://id.loc.gov/authorities/subjects/sh2005020580.,Pulp painting,y,pulp-painting,topical,Pulp painting,,auto-seeded draft; review
http://id.worldcat.org/fast/1738332.,Pulp painting,y,pulp-painting,topical,Pulp painting,,auto-seeded draft; review
lcsh|pulp-painting-specimens,Pulp painting -- Specimens,y,pulp-painting-specimens,topical,Pulp painting -- Specimens,,auto-seeded draft; review
http://id.loc.gov/authorities/subjects/sh85109107.,Punctuation,y,punctuation,topical,Punctuation,,auto-seeded draft; review
http://id.worldcat.org/fast/1084083.,Punctuation,y,punctuation,topical,Punctuation,,auto-seeded draft; review
lcsh|pupae-pictorial-works,Pupae -- Pictorial works,y,pupae-pictorial-works,topical,Pupae -- Pictorial works,,auto-seeded draft; review
http://id.loc.gov/authorities/subjects/sh89004185.,Puppet theater,y,puppet-theater,topical,Puppet theater,,auto-seeded draft; review
http://id.worldcat.org/fast/1084220.,Puppet theater,y,puppet-theater,topical,Puppet theater,,auto-seeded draft; review
lcsh|puppet-theater,Puppet theater,y,puppet-theater,topical,Puppet theater,,auto-seeded draft; review
lcsh|puppet-theater-specimens,Puppet theater -- Specimens,y,puppet-theater-specimens,topical,Puppet theater -- Specimens,,auto-seeded draft; review
http://id.worldcat.org/fast/1084235.,Puppets,y,puppets,topical,Puppets,,auto-seeded draft; review
lcsh|puppets,Puppets,y,puppets,topical,Puppets,,auto-seeded draft; review
lcsh|puppets-fiction,Puppets -- Fiction,y,puppets-fiction,topical,Puppets -- Fiction,,auto-seeded draft; review
http://id.loc.gov/authorities/subjects/sh97000660,Pyramids in art,y,pyramids-in-art,topical,Pyramids in art,,auto-seeded draft; review
http://id.worldcat.org/fast/1085540.,Quechua Indians,y,quechua-indians,topical,Quechua Indians,,auto-seeded draft; review
http://id.loc.gov/authorities/subjects/sh2008122830.,Quechua Indians -- Religion,y,quechua-indians-religion,topical,Quechua Indians -- Religion,,auto-seeded draft; review
http://id.worldcat.org/fast/1085568.,Quechua Indians -- Religion,y,quechua-indians-religion,topical,Quechua Indians -- Religion,,auto-seeded draft; review
http://id.worldcat.org/fast/1085614.,Quechua mythology,y,quechua-mythology,topical,Quechua mythology,,auto-seeded draft; review
lcsh|quechua-mythology-peru-huarochir-province,Quechua mythology -- Peru -- Huarochirí (Province),y,quechua-mythology-peru-huarochir-province,topical,Quechua mythology -- Peru -- Huarochirí (Province),,auto-seeded draft; review
http://id.loc.gov/authorities/subjects/sh85109823.,Questioning,y,questioning,topical,Questioning,,auto-seeded draft; review
http://id.worldcat.org/fast/1085685.,Questioning,y,questioning,topical,Questioning,,auto-seeded draft; review
lcsh|questioning,Questioning,y,questioning,topical,Questioning,,auto-seeded draft; review
lcsh|quilting-poetry,Quilting -- Poetry,y,quilting-poetry,topical,Quilting -- Poetry,,auto-seeded draft; review
http://id.loc.gov/authorities/subjects/sh85109863.,Quilts,y,quilts,topical,Quilts,,auto-seeded draft; review
http://id.worldcat.org/fast/1085804.,Quilts,y,quilts,topical,Quilts,,auto-seeded draft; review
http://id.loc.gov/authorities/subjects/sh2009005892.,Quilts in art,y,quilts-in-art,topical,Quilts in art,,auto-seeded draft; review
http://id.worldcat.org/fast/1904403.,Quilts in art,y,quilts-in-art,topical,Quilts in art,,auto-seeded draft; review
http://id.loc.gov/authorities/subjects/sh97006849.,Quilts in literature,y,quilts-in-literature,topical,Quilts in literature,,auto-seeded draft; review
http://id.worldcat.org/fast/1085823.,Quilts in literature,y,quilts-in-literature,topical,Quilts in literature,,auto-seeded draft; review
http://id.loc.gov/authorities/subjects/sh94008438,Quotation in literature,y,quotation-in-literature,topical,Quotation in literature,,auto-seeded draft; review
lcsh|quotations,Quotations,y,quotations,topical,Quotations,,auto-seeded draft; review
lcsh|quotations-english,"Quotations, English",y,quotations-english,topical,"Quotations, English",,auto-seeded draft; review
lcsh|race-discrimination-washington-d-c,Race discrimination -- Washington (D.C.),y,race-discrimination-washington-d-c,topical,Race discrimination -- Washington (D.C.),,auto-seeded draft; review
http://id.loc.gov/authorities/subjects/sh2006007938.,Race in art,y,race-in-art,topical,Race in art,,auto-seeded draft; review
http://id.worldcat.org/fast/1904405.,Race in art,y,race-in-art,topical,Race in art,,auto-seeded draft; review
http://id.loc.gov/authorities/subjects/sh2006007938,Race in art,y,race-in-art,topical,Race in art,,auto-seeded draft; review
lcsh|race-in-art-catalogs,Race in art -- Catalogs,y,race-in-art-catalogs,topical,Race in art -- Catalogs,,auto-seeded draft; review
http://id.worldcat.org/fast/1086509.,Race relations,y,race-relations,topical,Race relations,,auto-seeded draft; review
(OCoLC)fst01086509,Race relations,y,race-relations,topical,Race relations,,auto-seeded draft; review
(OCoLC)fst01086569.,Race riots,y,race-riots,topical,Race riots,,auto-seeded draft; review
lcsh|race-riots-united-states-pictorial-works,Race riots -- United States -- Pictorial works,y,race-riots-united-states-pictorial-works,topical,Race riots -- United States -- Pictorial works,,auto-seeded draft; review
http://id.worldcat.org/fast/1086589.,Racial profiling in law enforcement,y,racial-profiling-in-law-enforcement,topical,Racial profiling in law enforcement,,auto-seeded draft; review
lcsh|racial-profiling-in-law-enforcement-united-states-pictorial-works,Racial profiling in law enforcement -- United States -- Pictorial works,y,racial-profiling-in-law-enforcement-united-states-pictorial-works,topical,Racial profiling in law enforcement -- United States -- Pictorial works,,auto-seeded draft; review
http://id.worldcat.org/fast/1086616.,Racism,y,racism,topical,Racism,,auto-seeded draft; review
http://id.loc.gov/authorities/subjects/sh85110266.,Racism,y,racism,topical,Racism,,auto-seeded draft; review
http://id.worldcat.org/fast/1086619.,Racism -- Economic aspects,y,racism-economic-aspects,topical,Racism -- Economic aspects,,auto-seeded draft; review
lcsh|racism-economic-aspects-united-states-history-20th-century,Racism -- Economic aspects -- United States -- History -- 20th century,y,racism-economic-aspects-united-states-history-20th-century,topical,Racism -- Economic aspects -- United States -- History -- 20th century,,auto-seeded draft; review
http://id.worldcat.org/fast/1086627.,Racism -- Political aspects,y,racism-political-aspects,topical,Racism -- Political aspects,,auto-seeded draft; review
lcsh|racism-political-aspects,Racism -- Political aspects,y,racism-political-aspects,topical,Racism -- Political aspects,,auto-seeded draft; review
http://id.loc.gov/authorities/subjects/sh2008110339.,Racism -- United States,y,racism-united-states,topical,Racism -- United States,,auto-seeded draft; review
lcsh|racism-united-states-anecdotes,Racism -- United States -- Anecdotes,y,racism-united-states-anecdotes,topical,Racism -- United States -- Anecdotes,,auto-seeded draft; review
lcsh|racism-united-states-case-studies,Racism -- United States -- Case studies,y,racism-united-states-case-studies,topical,Racism -- United States -- Case studies,,auto-seeded draft; review
lcsh|racism-united-states-poetry,Racism -- United States -- Poetry,y,racism-united-states-poetry,topical,Racism -- United States -- Poetry,,auto-seeded draft; review
lcsh|racism-in-anthropology,Racism in anthropology,y,racism-in-anthropology,topical,Racism in anthropology,,auto-seeded draft; review
http://id.loc.gov/authorities/subjects/sh97000669.,Racism in art,y,racism-in-art,topical,Racism in art,,auto-seeded draft; review
http://id.worldcat.org/fast/1086652.,Racism in art,y,racism-in-art,topical,Racism in art,,auto-seeded draft; review
lcsh|racism-in-art,Racism in art,y,racism-in-art,topical,Racism in art,,auto-seeded draft; review
lcsh|racism-in-language,Racism in language,y,racism-in-language,topical,Racism in language,,auto-seeded draft; review
http://id.loc.gov/authorities/subjects/sh2003001971.,Racism in museum exhibits,y,racism-in-museum-exhibits,topical,Racism in museum exhibits,,auto-seeded draft; review
http://id.worldcat.org/fast/1086659.,Racism in museum exhibits,y,racism-in-museum-exhibits,topical,Racism in museum exhibits,,auto-seeded draft; review
http://id.loc.gov/authorities/subjects/sh97006812.,Racism in popular culture,y,racism-in-popular-culture,topical,Racism in popular culture,,auto-seeded draft; review
http://id.worldcat.org/fast/1086660.,Racism in popular culture,y,racism-in-popular-culture,topical,Racism in popular culture,,auto-seeded draft; review
lcsh|radar-history-20th-century,Radar -- History -- 20th century,y,radar-history-20th-century,topical,Radar -- History -- 20th century,,auto-seeded draft; review
http://id.loc.gov/authorities/subjects/sh95006487.,Radio art,y,radio-art,topical,Radio art,,auto-seeded draft; review
http://id.worldcat.org/fast/1087195.,Radio art,y,radio-art,topical,Radio art,,auto-seeded draft; review
lcsh|radioactive-substances,Radioactive substances,y,radioactive-substances,topical,Radioactive substances,,auto-seeded draft; review
lcsh|radioactivity,Radioactivity,y,radioactivity,topical,Radioactivity,,auto-seeded draft; review
mesh|radioactivity,Radioactivity,y,radioactivity,topical,Radioactivity,,auto-seeded draft; review
http://id.loc.gov/authorities/subjects/sh85110685.,Radiography,y,radiography,topical,Radiography,,auto-seeded draft; review
http://id.worldcat.org/fast/1088072.,Radiography,y,radiography,topical,Radiography,,auto-seeded draft; review
unspecified|raf,RAF,y,raf,topical,RAF,,auto-seeded draft; review
http://id.loc.gov/authorities/subjects/sh85111146,Railroads -- United States,y,railroads-united-states,topical,Railroads -- United States,,auto-seeded draft; review
lcsh|railroads-in-art,Railroads in art,y,railroads-in-art,topical,Railroads in art,,auto-seeded draft; review
http://id.worldcat.org/fast/1089410.,Rain and rainfall,y,rain-and-rainfall,topical,Rain and rainfall,,auto-seeded draft; review
lcsh|rain-and-rainfall-pictorial-works,Rain and rainfall -- Pictorial works,y,rain-and-rainfall-pictorial-works,topical,Rain and rainfall -- Pictorial works,,auto-seeded draft; review
lcsh|rain-forests-costa-rica,Rain forests -- Costa Rica,y,rain-forests-costa-rica,topical,Rain forests -- Costa Rica,,auto-seeded draft; review
lcsh|rainbow-in-art,Rainbow in art,y,rainbow-in-art,topical,Rainbow in art,,auto-seeded draft; review
lcsh|rainbows-in-art,Rainbows in art,y,rainbows-in-art,topical,Rainbows in art,,auto-seeded draft; review
fast|rap-music,Rap (Music),y,rap-music,topical,Rap (Music),,auto-seeded draft; review
lcsh|rap-music,Rap (Music),y,rap-music,topical,Rap (Music),,auto-seeded draft; review
http://id.worldcat.org/fast/1089970.,Rape,y,rape,topical,Rape,,auto-seeded draft; review
http://id.loc.gov/authorities/subjects/sh2009008683.,Rape -- Psychological aspects,y,rape-psychological-aspects,topical,Rape -- Psychological aspects,,auto-seeded draft; review
http://id.worldcat.org/fast/1089980.,Rape -- Psychological aspects,y,rape-psychological-aspects,topical,Rape -- Psychological aspects,,auto-seeded draft; review
http://id.loc.gov/authorities/subjects/sh97000712.,Rape in art,y,rape-in-art,topical,Rape in art,,auto-seeded draft; review
http://id.worldcat.org/fast/1090002.,Rape in art,y,rape-in-art,topical,Rape in art,,auto-seeded draft; review
http://id.worldcat.org/fast/1090022.,Rape victims,y,rape-victims,topical,Rape victims,,auto-seeded draft; review
lcsh|rape-victims-in-art,Rape victims in art,y,rape-victims-in-art,topical,Rape victims in art,,auto-seeded draft; review
lcsh|rare-birds-north-america,Rare birds -- North America,y,rare-birds-north-america,topical,Rare birds -- North America,,auto-seeded draft; review
http://id.loc.gov/authorities/subjects/sh85111552.,Rattle (Musical instrument),y,rattle-musical-instrument,topical,Rattle (Musical instrument),,auto-seeded draft; review
http://id.worldcat.org/fast/1090365.,Rattle (Musical instrument),y,rattle-musical-instrument,topical,Rattle (Musical instrument),,auto-seeded draft; review
http://id.loc.gov/authorities/subjects/sh94009624.,Rave culture,y,rave-culture,topical,Rave culture,,auto-seeded draft; review
http://id.worldcat.org/fast/1090391.,Rave culture,y,rave-culture,topical,Rave culture,,auto-seeded draft; review
lcsh|readers-primary-1950-1975-history-and-criticism,Readers (Primary) -- 1950-1975 -- History and criticism,y,readers-primary-1950-1975-history-and-criticism,topical,Readers (Primary) -- 1950-1975 -- History and criticism,,auto-seeded draft; review
http://id.worldcat.org/fast/1090626.,Reading,y,reading,topical,Reading,,auto-seeded draft; review
http://id.loc.gov/authorities/subjects/sh85111669.,Reading -- Physiological aspects,y,reading-physiological-aspects,topical,Reading -- Physiological aspects,,auto-seeded draft; review
http://id.worldcat.org/fast/1090664.,Reading -- Physiological aspects,y,reading-physiological-aspects,topical,Reading -- Physiological aspects,,auto-seeded draft; review
http://id.loc.gov/authorities/subjects/sh2005005346.,Reading in art,y,reading-in-art,topical,Reading in art,,auto-seeded draft; review
http://id.worldcat.org/fast/1904436.,Reading in art,y,reading-in-art,topical,Reading in art,,auto-seeded draft; review
http://id.loc.gov/authorities/subjects/sh85111673.,"Reading, Psychology of",y,reading-psychology-of,topical,"Reading, Psychology of",,auto-seeded draft; review
http://id.worldcat.org/fast/1090844.,"Reading, Psychology of",y,reading-psychology-of,topical,"Reading, Psychology of",,auto-seeded draft; review
http://id.loc.gov/authorities/subjects/sh97000718.,Reality in art,y,reality-in-art,topical,Reality in art,,auto-seeded draft; review
http://id.worldcat.org/fast/1091248.,Reality in art,y,reality-in-art,topical,Reality in art,,auto-seeded draft; review
http://id.worldcat.org/fast/1091560.,Record labels,y,record-labels,topical,Record labels,,auto-seeded draft; review
lcsh|record-labels-specimens,Record labels -- Specimens,y,record-labels-specimens,topical,Record labels -- Specimens,,auto-seeded draft; review
lcsh|recovering-alcoholics,Recovering alcoholics,y,recovering-alcoholics,topical,Recovering alcoholics,,auto-seeded draft; review
http://id.loc.gov/authorities/subjects/sh85111986.,Recreation in art,y,recreation-in-art,topical,Recreation in art,,auto-seeded draft; review
http://id.worldcat.org/fast/1091865.,Recreation in art,y,recreation-in-art,topical,Recreation in art,,auto-seeded draft; review
http://id.loc.gov/authorities/subjects/sh85112020.,"Recycling (Waste, etc.)",y,recycling-waste-etc,topical,"Recycling (Waste, etc.)",,auto-seeded draft; review
http://id.worldcat.org/fast/1092000.,"Recycling (Waste, etc.)",y,recycling-waste-etc,topical,"Recycling (Waste, etc.)",,auto-seeded draft; review
http://id.loc.gov/authorities/subjects/sh2012000484,"Recycling (Waste, etc.) in art",y,recycling-waste-etc-in-art,topical,"Recycling (Waste, etc.) in art",,auto-seeded draft; review
http://id.loc.gov/authorities/subjects/sh2012000484.,"Recycling (Waste, etc.) in art",y,recycling-waste-etc-in-art,topical,"Recycling (Waste, etc.) in art",,auto-seeded draft; review
http://id.worldcat.org/fast/1904444.,"Recycling (Waste, etc.) in art",y,recycling-waste-etc-in-art,topical,"Recycling (Waste, etc.) in art",,auto-seeded draft; review
http://id.loc.gov/authorities/subjects/sh85112063.,Red in art,y,red-in-art,topical,Red in art,,auto-seeded draft; review
http://id.worldcat.org/fast/1092145.,Red in art,y,red-in-art,topical,Red in art,,auto-seeded draft; review
lcsh|red-in-art-handbooks-manuals-etc,"Red in art -- Handbooks, manuals, etc",y,red-in-art-handbooks-manuals-etc,topical,"Red in art -- Handbooks, manuals, etc",,auto-seeded draft; review
lcsh|red-in-literature,Red in literature,y,red-in-literature,topical,Red in literature,,auto-seeded draft; review
http://id.loc.gov/authorities/subjects/sh97000725.,Reflection (Optics) in art,y,reflection-optics-in-art,topical,Reflection (Optics) in art,,auto-seeded draft; review
http://id.worldcat.org/fast/1092490.,Reflection (Optics) in art,y,reflection-optics-in-art,topical,Reflection (Optics) in art,,auto-seeded draft; review
http://id.worldcat.org/fast/1092759.,Refrigerators,y,refrigerators,topical,Refrigerators,,auto-seeded draft; review
lcsh|refrigerators-pictorial-works,Refrigerators -- Pictorial works,y,refrigerators-pictorial-works,topical,Refrigerators -- Pictorial works,,auto-seeded draft; review
http://id.worldcat.org/fast/1092797.,Refugees,y,refugees,topical,Refugees,,auto-seeded draft; review
(OCoLC)fst01092822,Refugees,y,refugees,topical,Refugees,,auto-seeded draft; review
lcsh|refugees-iran-pictorial-works,Refugees -- Iran -- Pictorial works,y,refugees-iran-pictorial-works,topical,Refugees -- Iran -- Pictorial works,,auto-seeded draft; review
lcsh|refugees-laos-biography,Refugees -- Laos -- Biography,y,refugees-laos-biography,topical,Refugees -- Laos -- Biography,,auto-seeded draft; review
lcsh|refugees-united-states-comic-books-strips-etc,"Refugees -- United States -- Comic books, strips, etc",y,refugees-united-states-comic-books-strips-etc,topical,"Refugees -- United States -- Comic books, strips, etc",,auto-seeded draft; review
http://id.loc.gov/authorities/subjects/sh97000740.,Refugees in art,y,refugees-in-art,topical,Refugees in art,,auto-seeded draft; review
http://id.worldcat.org/fast/1092851.,Refugees in art,y,refugees-in-art,topical,Refugees in art,,auto-seeded draft; review
lcsh|refugees-legal-status-laws-etc,"Refugees--Legal status, laws, etc",y,refugees-legal-status-laws-etc,topical,"Refugees--Legal status, laws, etc",,auto-seeded draft; review
http://id.worldcat.org/fast/1092888.,Refuse and refuse disposal,y,refuse-and-refuse-disposal,topical,Refuse and refuse disposal,,auto-seeded draft; review
http://id.loc.gov/authorities/subjects/sh85112316.,Refuse and refuse disposal,y,refuse-and-refuse-disposal,topical,Refuse and refuse disposal,,auto-seeded draft; review
lcsh|refuse-and-refuse-disposal-pictorial-works,Refuse and refuse disposal -- Pictorial works,y,refuse-and-refuse-disposal-pictorial-works,topical,Refuse and refuse disposal -- Pictorial works,,auto-seeded draft; review
lcsh|regicides-drama,Regicides -- Drama,y,regicides-drama,topical,Regicides -- Drama,,auto-seeded draft; review
http://id.loc.gov/authorities/subjects/sh90002643.,Regret,y,regret,topical,Regret,,auto-seeded draft; review
http://id.worldcat.org/fast/1093278.,Regret,y,regret,topical,Regret,,auto-seeded draft; review
lcsh|relational-art-california-san-francisco,Relational art -- California -- San Francisco,y,relational-art-california-san-francisco,topical,Relational art -- California -- San Francisco,,auto-seeded draft; review
http://id.worldcat.org/fast/1892706.,Relations,y,relations,topical,Relations,,auto-seeded draft; review
lcsh|relationships-interpersonal,"Relationships, Interpersonal | Relationships, interpersonal",y,relationships-interpersonal,topical,"Relationships, Interpersonal",,auto-seeded draft; review
lcsh|relief-printing-specimens,Relief printing -- Specimens,y,relief-printing-specimens,topical,Relief printing -- Specimens,,auto-seeded draft; review
lcsh|relief-prints,Relief prints,y,relief-prints,topical,Relief prints,,auto-seeded draft; review
http://id.loc.gov/authorities/subjects/sh85112565.,Religion and culture,y,religion-and-culture,topical,Religion and culture,,auto-seeded draft; review
http://id.worldcat.org/fast/1093823.,Religion and culture,y,religion-and-culture,topical,Religion and culture,,auto-seeded draft; review
http://id.loc.gov/authorities/subjects/sh97000745.,Religion in art,y,religion-in-art,topical,Religion in art,,auto-seeded draft; review
http://id.worldcat.org/fast/1093878.,Religion in art,y,religion-in-art,topical,Religion in art,,auto-seeded draft; review
lcsh|religion-in-art,Religion in art,y,religion-in-art,topical,Religion in art,,auto-seeded draft; review
http://id.worldcat.org/fast/1094311.,Religious right,y,religious-right,topical,Religious right,,auto-seeded draft; review
lcsh|religious-right-pictorial-works,Religious right -- Pictorial works,y,religious-right-pictorial-works,topical,Religious right -- Pictorial works,,auto-seeded draft; review
(OCoLC)fst01094509,Remote-sensing images,y,remote-sensing-images,topical,Remote-sensing images,,auto-seeded draft; review
lcsh|remote-sensing-images,Remote-sensing images,y,remote-sensing-images,topical,Remote-sensing images,,auto-seeded draft; review
http://id.loc.gov/authorities/subjects/sh97000749.,Repetitive patterns (Decorative arts) in art,y,repetitive-patterns-decorative-arts-in-art,topical,Repetitive patterns (Decorative arts) in art,,auto-seeded draft; review
http://id.worldcat.org/fast/1094819.,Repetitive patterns (Decorative arts) in art,y,repetitive-patterns-decorative-arts-in-art,topical,Repetitive patterns (Decorative arts) in art,,auto-seeded draft; review
lcsh|reptiles-galapagos-islands,Reptiles -- Galapagos Islands,y,reptiles-galapagos-islands,topical,Reptiles -- Galapagos Islands,,auto-seeded draft; review
http://id.worldcat.org/fast/1095153.,Research,y,research,topical,Research,,auto-seeded draft; review
unspecified|restrooms,Restrooms,y,restrooms,topical,Restrooms,,auto-seeded draft; review
lcsh|restrooms-pictorial-works,Restrooms -- Pictorial works,y,restrooms-pictorial-works,topical,Restrooms -- Pictorial works,,auto-seeded draft; review
lcsh|revenge-drama,Revenge -- Drama,y,revenge-drama,topical,Revenge -- Drama,,auto-seeded draft; review
unspecified|revolution-re-zellen,Revolutionäre Zellen,y,revolution-re-zellen,topical,Revolutionäre Zellen,,auto-seeded draft; review
lcsh|revolutionary-poetry-cuban,"Revolutionary poetry, Cuban",y,revolutionary-poetry-cuban,topical,"Revolutionary poetry, Cuban",,auto-seeded draft; review
http://id.worldcat.org/fast/1096737.,Revolutions,y,revolutions,topical,Revolutions,,auto-seeded draft; review
http://id.loc.gov/authorities/subjects/sh85113507.,Revolutions,y,revolutions,topical,Revolutions,,auto-seeded draft; review
lcsh|revolutions-mexico-pictorial-works,Revolutions -- Mexico -- Pictorial works,y,revolutions-mexico-pictorial-works,topical,Revolutions -- Mexico -- Pictorial works,,auto-seeded draft; review
lcsh|revolutions-pictorial-works,Revolutions -- Pictorial works,y,revolutions-pictorial-works,topical,Revolutions -- Pictorial works,,auto-seeded draft; review
lcsh|revolutions-puerto-rico-history-20th-century-comic-books-strips-etc,"Revolutions -- Puerto Rico -- History -- 20th century -- Comic books, strips, etc",y,revolutions-puerto-rico-history-20th-century-comic-books-strips-etc,topical,"Revolutions -- Puerto Rico -- History -- 20th century -- Comic books, strips, etc",,auto-seeded draft; review
http://id.loc.gov/authorities/subjects/sh97000759.,Revolutions in art,y,revolutions-in-art,topical,Revolutions in art,,auto-seeded draft; review
http://id.worldcat.org/fast/1096772.,Revolutions in art,y,revolutions-in-art,topical,Revolutions in art,,auto-seeded draft; review
http://id.worldcat.org/fast/1097281.,Rhythm and blues music,y,rhythm-and-blues-music,topical,Rhythm and blues music,,auto-seeded draft; review
lcsh|rhythm-and-blues-music-pictorial-works,Rhythm and blues music -- Pictorial works,y,rhythm-and-blues-music-pictorial-works,topical,Rhythm and blues music -- Pictorial works,,auto-seeded draft; review
http://id.worldcat.org/fast/1097334.,Rice,y,rice,topical,Rice,,auto-seeded draft; review
lcsh|rice-fiction,Rice -- Fiction,y,rice-fiction,topical,Rice -- Fiction,,auto-seeded draft; review
lcsh|rifle-ranges-wales-epynt-mountain,Rifle-ranges -- Wales -- Epynt Mountain,y,rifle-ranges-wales-epynt-mountain,topical,Rifle-ranges -- Wales -- Epynt Mountain,,auto-seeded draft; review
lcsh|rings-pictorial-works,Rings -- Pictorial works,y,rings-pictorial-works,topical,Rings -- Pictorial works,,auto-seeded draft; review
lcsh|rings-religious-aspects,Rings -- Religious aspects,y,rings-religious-aspects,topical,Rings -- Religious aspects,,auto-seeded draft; review
lcsh|river-travel,River travel,y,river-travel,topical,River travel,,auto-seeded draft; review
http://id.worldcat.org/fast/1098312.,Rivers,y,rivers,topical,Rivers,,auto-seeded draft; review
lcsh|rivers-pictorial-works,Rivers -- Pictorial works,y,rivers-pictorial-works,topical,Rivers -- Pictorial works,,auto-seeded draft; review
lcsh|rivers-virginia-fairfax-county-pictorial-works,Rivers -- Virginia -- Fairfax County -- Pictorial works,y,rivers-virginia-fairfax-county-pictorial-works,topical,Rivers -- Virginia -- Fairfax County -- Pictorial works,,auto-seeded draft; review
lcsh|rivers-in-art,Rivers in art,y,rivers-in-art,topical,Rivers in art,,auto-seeded draft; review
http://id.worldcat.org/fast/1098507.,Roadkill,y,roadkill,topical,Roadkill,,auto-seeded draft; review
lcsh|roadkill-pictorial-works,Roadkill -- Pictorial works,y,roadkill-pictorial-works,topical,Roadkill -- Pictorial works,,auto-seeded draft; review
http://id.worldcat.org/fast/1098511.,Roads,y,roads,topical,Roads,,auto-seeded draft; review
lcsh|roads-europe-pictorial-works,Roads -- Europe -- Pictorial works,y,roads-europe-pictorial-works,topical,Roads -- Europe -- Pictorial works,,auto-seeded draft; review
lcsh|roads-europe-surveying,Roads -- Europe -- Surveying,y,roads-europe-surveying,topical,Roads -- Europe -- Surveying,,auto-seeded draft; review
lcsh|roads-germany-pictorial-works,Roads -- Germany -- Pictorial works,y,roads-germany-pictorial-works,topical,Roads -- Germany -- Pictorial works,,auto-seeded draft; review
http://id.worldcat.org/fast/1098825.,Roads -- Surveying,y,roads-surveying,topical,Roads -- Surveying,,auto-seeded draft; review
lcsh|robots-juvenile-fiction,Robots -- Juvenile fiction,y,robots-juvenile-fiction,topical,Robots -- Juvenile fiction,,auto-seeded draft; review
rvm|rock-musique-1981-1990,Rock (Musique) -- 1981-1990,y,rock-musique-1981-1990,topical,Rock (Musique) -- 1981-1990,,auto-seeded draft; review
fast|rock-music,Rock music,y,rock-music,topical,Rock music,,auto-seeded draft; review
lcsh|rock-music-1981-1990,Rock music -- 1981-1990,y,rock-music-1981-1990,topical,Rock music -- 1981-1990,,auto-seeded draft; review
http://id.loc.gov/authorities/subjects/sh85114776.,Rocks in art,y,rocks-in-art,topical,Rocks in art,,auto-seeded draft; review
http://id.worldcat.org/fast/1099464.,Rocks in art,y,rocks-in-art,topical,Rocks in art,,auto-seeded draft; review
lcsh|romance-fiction,Romance fiction,y,romance-fiction,topical,Romance fiction,,auto-seeded draft; review
http://id.loc.gov/authorities/subjects/sh97000845.,Roosters in art,y,roosters-in-art,topical,Roosters in art,,auto-seeded draft; review
http://id.worldcat.org/fast/1100383.,Roosters in art,y,roosters-in-art,topical,Roosters in art,,auto-seeded draft; review
unspecified|rote-armee-fraktion,Rote Armee Fraktion,y,rote-armee-fraktion,topical,Rote Armee Fraktion,,auto-seeded draft; review
lcsh|rubber-bands,Rubber bands,y,rubber-bands,topical,Rubber bands,,auto-seeded draft; review
lcsh|ruderal-plants-new-york-state-new-york,Ruderal plants -- New York (State) -- New York,y,ruderal-plants-new-york-state-new-york,topical,Ruderal plants -- New York (State) -- New York,,auto-seeded draft; review
http://id.worldcat.org/fast/1101147.,Rugs,y,rugs,topical,Rugs,,auto-seeded draft; review
lcsh|rugs-turkey-influence-exhibitions,Rugs -- Turkey -- Influence -- Exhibitions,y,rugs-turkey-influence-exhibitions,topical,Rugs -- Turkey -- Influence -- Exhibitions,,auto-seeded draft; review
lcsh|ruins-in-art,Ruins in art,y,ruins-in-art,topical,Ruins in art,,auto-seeded draft; review
http://id.worldcat.org/fast/1101474.,Rural conditions,y,rural-conditions,topical,Rural conditions,,auto-seeded draft; review
http://id.worldcat.org/fast/1101819.,Rural schools,y,rural-schools,topical,Rural schools,,auto-seeded draft; review
lcsh|rural-schools-mexico-guerrero-state,Rural schools -- Mexico -- Guerrero (State),y,rural-schools-mexico-guerrero-state,topical,Rural schools -- Mexico -- Guerrero (State),,auto-seeded draft; review
http://id.worldcat.org/fast/1102394.,Russian poetry,y,russian-poetry,topical,Russian poetry,,auto-seeded draft; review
lcsh|russian-poetry-20th-century-translations-into-spanish,Russian poetry -- 20th century -- Translations into Spanish,y,russian-poetry-20th-century-translations-into-spanish,topical,Russian poetry -- 20th century -- Translations into Spanish,,auto-seeded draft; review
lcsh|russians-uzbekistan,Russians -- Uzbekistan,y,russians-uzbekistan,topical,Russians -- Uzbekistan,,auto-seeded draft; review
unspecified|rz,RZ,y,rz,topical,RZ,,auto-seeded draft; review
lcsh|saddle-stitching,Saddle stitching,y,saddle-stitching,topical,Saddle stitching,,auto-seeded draft; review
lcsh|sadomasochism,Sadomasochism,y,sadomasochism,topical,Sadomasochism,,auto-seeded draft; review
lcsh|sadomasochism-pictorial-works,Sadomasochism -- Pictorial works,y,sadomasochism-pictorial-works,topical,Sadomasochism -- Pictorial works,,auto-seeded draft; review
http://id.worldcat.org/fast/1103513.,Sailing,y,sailing,topical,Sailing,,auto-seeded draft; review
lcsh|sailing,Sailing,y,sailing,topical,Sailing,,auto-seeded draft; review
lcsh|sailing-miscellanea,Sailing -- Miscellanea,y,sailing-miscellanea,topical,Sailing -- Miscellanea,,auto-seeded draft; review
http://id.worldcat.org/fast/1103529.,Sailing ships,y,sailing-ships,topical,Sailing ships,,auto-seeded draft; review
http://id.loc.gov/authorities/subjects/sh85116537.,Sailing ships -- Models,y,sailing-ships-models,topical,Sailing ships -- Models,,auto-seeded draft; review
http://id.worldcat.org/fast/1103534.,Sailing ships -- Models,y,sailing-ships-models,topical,Sailing ships -- Models,,auto-seeded draft; review
lcsh|sails-exhibitions,Sails -- Exhibitions,y,sails-exhibitions,topical,Sails -- Exhibitions,,auto-seeded draft; review
http://id.loc.gov/authorities/subjects/sh97001257.,Saints in art,y,saints-in-art,topical,Saints in art,,auto-seeded draft; review
http://id.worldcat.org/fast/1103670.,Saints in art,y,saints-in-art,topical,Saints in art,,auto-seeded draft; review
local|sales-catalogs-parodies-imitations-etc,"Sales catalogs -- Parodies, imitations, etc",y,sales-catalogs-parodies-imitations-etc,topical,"Sales catalogs -- Parodies, imitations, etc",,auto-seeded draft; review
lcsh|sand,Sand,y,sand,topical,Sand,,auto-seeded draft; review
http://id.loc.gov/authorities/subjects/sh2005008058.,Sand dunes in art,y,sand-dunes-in-art,topical,Sand dunes in art,,auto-seeded draft; review
http://id.worldcat.org/fast/1904572.,Sand dunes in art,y,sand-dunes-in-art,topical,Sand dunes in art,,auto-seeded draft; review
http://id.worldcat.org/fast/1199354.,Sashes (Clothing),y,sashes-clothing,topical,Sashes (Clothing),,auto-seeded draft; review
lcsh|sashes-clothing-colombia,Sashes (Clothing) -- Colombia,y,sashes-clothing-colombia,topical,Sashes (Clothing) -- Colombia,,auto-seeded draft; review
lcsh|scars-pictorial-works,Scars -- Pictorial works,y,scars-pictorial-works,topical,Scars -- Pictorial works,,auto-seeded draft; review
http://id.loc.gov/authorities/subjects/sh85118162.,Schizophrenia,y,schizophrenia,topical,Schizophrenia,,auto-seeded draft; review
http://id.worldcat.org/fast/1106752.,Schizophrenia,y,schizophrenia,topical,Schizophrenia,,auto-seeded draft; review
http://id.loc.gov/authorities/subjects/sh00007370.,Schizophrenia in art,y,schizophrenia-in-art,topical,Schizophrenia in art,,auto-seeded draft; review
http://id.worldcat.org/fast/1106784.,Schizophrenia in art,y,schizophrenia-in-art,topical,Schizophrenia in art,,auto-seeded draft; review
lcsh|school-children-juvenile-fiction,School children -- Juvenile fiction,y,school-children-juvenile-fiction,topical,School children -- Juvenile fiction,,auto-seeded draft; review
http://id.worldcat.org/fast/1107474.,School integration,y,school-integration,topical,School integration,,auto-seeded draft; review
lcsh|school-integration-southern-states-history,School integration -- Southern States -- History,y,school-integration-southern-states-history,topical,School integration -- Southern States -- History,,auto-seeded draft; review
http://id.loc.gov/authorities/subjects/sh85118370.,School notebooks,y,school-notebooks,topical,School notebooks,,auto-seeded draft; review
http://id.worldcat.org/fast/1107656.,School notebooks,y,school-notebooks,topical,School notebooks,,auto-seeded draft; review
(OCoLC)fst01108176,Science,y,science,topical,Science,,auto-seeded draft; review
lcsh|science-history-pictorial-works,Science -- History -- Pictorial works,y,science-history-pictorial-works,topical,Science -- History -- Pictorial works,,auto-seeded draft; review
lcsh|science-periodicals-juvenile-literature,Science -- Periodicals -- Juvenile literature,y,science-periodicals-juvenile-literature,topical,Science -- Periodicals -- Juvenile literature,,auto-seeded draft; review
cct|science-fiction,Science fiction,y,science-fiction,topical,Science fiction,,auto-seeded draft; review
lcsh|science-fiction,Science fiction,y,science-fiction,topical,Science fiction,,auto-seeded draft; review
http://id.loc.gov/authorities/subjects/sh97001340.,Science in art,y,science-in-art,topical,Science in art,,auto-seeded draft; review
http://id.worldcat.org/fast/1108730.,Science in art,y,science-in-art,topical,Science in art,,auto-seeded draft; review
lcsh|science-in-art,Science in art,y,science-in-art,topical,Science in art,,auto-seeded draft; review
http://id.loc.gov/authorities/subjects/sh85118614.,"Science, Renaissance",y,science-renaissance,topical,"Science, Renaissance",,auto-seeded draft; review
http://id.worldcat.org/fast/1108809.,"Science, Renaissance",y,science-renaissance,topical,"Science, Renaissance",,auto-seeded draft; review
rvm|sciences-p-riodiques-ouvrages-pour-la-jeunesse,Sciences -- Périodiques -- Ouvrages pour la jeunesse,y,sciences-p-riodiques-ouvrages-pour-la-jeunesse,topical,Sciences -- Périodiques -- Ouvrages pour la jeunesse,,auto-seeded draft; review
rvm|sciences-naturelles-p-riodiques-ouvrages-pour-la-jeunesse,Sciences naturelles -- Périodiques -- Ouvrages pour la jeunesse,y,sciences-naturelles-p-riodiques-ouvrages-pour-la-jeunesse,topical,Sciences naturelles -- Périodiques -- Ouvrages pour la jeunesse,,auto-seeded draft; review
lcsh|scientists-comic-books-strips-etc,"Scientists -- Comic books, strips, etc",y,scientists-comic-books-strips-etc,topical,"Scientists -- Comic books, strips, etc",,auto-seeded draft; review
http://vocab.getty.edu/aat/300178688.,Screen prints,y,screen-prints,topical,Screen prints,,auto-seeded draft; review
lcshac|screenprint,Screenprint,y,screenprint,topical,Screenprint,,auto-seeded draft; review
none|screenprint,Screenprint,y,screenprint,topical,Screenprint,,auto-seeded draft; review
http://id.worldcat.org/fast/1109413.,Scrolls,y,scrolls,topical,Scrolls,,auto-seeded draft; review
lcsh|sculpture,Sculpture,y,sculpture,topical,Sculpture,,auto-seeded draft; review
(OCoLC)fst01109483,Sculpture,y,sculpture,topical,Sculpture,,auto-seeded draft; review
http://id.loc.gov/authorities/subjects/sh85119004.,Sculpture,y,sculpture,topical,Sculpture,,auto-seeded draft; review
http://id.worldcat.org/fast/1109483.,Sculpture,y,sculpture,topical,Sculpture,,auto-seeded draft; review
unspecified|sculpture,Sculpture,y,sculpture,topical,Sculpture,,auto-seeded draft; review
unspecified|sculpture-british,"Sculpture, British",y,sculpture-british,topical,"Sculpture, British",,auto-seeded draft; review
lcsh|sculpture-british-20th-century,"Sculpture, British -- 20th century",y,sculpture-british-20th-century,topical,"Sculpture, British -- 20th century",,auto-seeded draft; review
http://id.worldcat.org/fast/1109788.,"Sculpture, Modern",y,sculpture-modern,topical,"Sculpture, Modern",,auto-seeded draft; review
lcsh|sculpture-modern-20th-century,"Sculpture, Modern -- 20th century",y,sculpture-modern-20th-century,topical,"Sculpture, Modern -- 20th century",,auto-seeded draft; review
http://id.loc.gov/authorities/subjects/sh2008111392.,"Sculpture, Modern -- 20th century -- Exhibitions",y,sculpture-modern-20th-century-exhibitions,topical,"Sculpture, Modern -- 20th century -- Exhibitions",,auto-seeded draft; review
lcsh|sculpture-modern-20th-century-venezuela,"Sculpture, Modern -- 20th century -- Venezuela",y,sculpture-modern-20th-century-venezuela,topical,"Sculpture, Modern -- 20th century -- Venezuela",,auto-seeded draft; review
http://id.loc.gov/authorities/subjects/sh2002004918.,"Sculpture, Modern -- 21st century",y,sculpture-modern-21st-century,topical,"Sculpture, Modern -- 21st century",,auto-seeded draft; review
local|sculpture-mythological-and-allegorical,Sculpture: Mythological and allegorical,y,sculpture-mythological-and-allegorical,topical,Sculpture: Mythological and allegorical,,auto-seeded draft; review
local|sculpture-nude-figures-single,Sculpture: Nude figures: Single,y,sculpture-nude-figures-single,topical,Sculpture: Nude figures: Single,,auto-seeded draft; review
unspecified|sculptures,Sculptures,y,sculptures,topical,Sculptures,,auto-seeded draft; review
lcsh|sea-in-art,Sea in art,y,sea-in-art,topical,Sea in art,,auto-seeded draft; review
(OCoLC)fst01896096,Sea in art,y,sea-in-art,topical,Sea in art,,auto-seeded draft; review
http://id.loc.gov/authorities/subjects/sh85119221,Sea in art,y,sea-in-art,topical,Sea in art,,auto-seeded draft; review
http://id.loc.gov/authorities/subjects/sh85119221.,Sea in art,y,sea-in-art,topical,Sea in art,,auto-seeded draft; review
http://id.worldcat.org/fast/1896096.,Sea in art,y,sea-in-art,topical,Sea in art,,auto-seeded draft; review
lcsh|sea-monsters,Sea monsters,y,sea-monsters,topical,Sea monsters,,auto-seeded draft; review
cct|sea-stories,Sea stories,y,sea-stories,topical,Sea stories,,auto-seeded draft; review
http://id.loc.gov/authorities/subjects/sh85119251.,Sea stories,y,sea-stories,topical,Sea stories,,auto-seeded draft; review
(OCoLC)fst01110329.,Seals and labels (Philately),y,seals-and-labels-philately,topical,Seals and labels (Philately),,auto-seeded draft; review
http://id.loc.gov/authorities/subjects/sh85119321,Seals and labels (Philately),y,seals-and-labels-philately,topical,Seals and labels (Philately),,auto-seeded draft; review
local|seascapes-and-coastal-scenes-with-land-only,Seascapes and coastal scenes: With land only,y,seascapes-and-coastal-scenes-with-land-only,topical,Seascapes and coastal scenes: With land only,,auto-seeded draft; review
http://id.worldcat.org/fast/1110397.,Seashore,y,seashore,topical,Seashore,,auto-seeded draft; review
lcsh|seashore-pictorial-works,Seashore -- Pictorial works,y,seashore-pictorial-works,topical,Seashore -- Pictorial works,,auto-seeded draft; review
http://id.loc.gov/authorities/subjects/sh85119381.,Seasons in art,y,seasons-in-art,topical,Seasons in art,,auto-seeded draft; review
http://id.worldcat.org/fast/1110465.,Seasons in art,y,seasons-in-art,topical,Seasons in art,,auto-seeded draft; review
lcsh|seasons-in-literature,Seasons in literature,y,seasons-in-literature,topical,Seasons in literature,,auto-seeded draft; review
http://id.loc.gov/authorities/subjects/sh85119431.,Secrecy,y,secrecy,topical,Secrecy,,auto-seeded draft; review
http://id.worldcat.org/fast/1110644.,Secrecy,y,secrecy,topical,Secrecy,,auto-seeded draft; review
https://homosaurus.org/v4/homoit0001261.,Secrecy,y,secrecy,topical,Secrecy,,auto-seeded draft; review
lcsh|secrecy,Secrecy,y,secrecy,topical,Secrecy,,auto-seeded draft; review
http://id.worldcat.org/fast/1110984.,Sedimentation and deposition,y,sedimentation-and-deposition,topical,Sedimentation and deposition,,auto-seeded draft; review
lcsh|sedimentation-and-deposition-pictorial-works,Sedimentation and deposition -- Pictorial works,y,sedimentation-and-deposition-pictorial-works,topical,Sedimentation and deposition -- Pictorial works,,auto-seeded draft; review
http://id.loc.gov/authorities/subjects/sh97001421.,Seduction in art,y,seduction-in-art,topical,Seduction in art,,auto-seeded draft; review
http://id.worldcat.org/fast/1111039.,Seduction in art,y,seduction-in-art,topical,Seduction in art,,auto-seeded draft; review
lcsh|self-in-art,Self in art,y,self-in-art,topical,Self in art,,auto-seeded draft; review
http://id.loc.gov/authorities/subjects/sh85119713.,Self-actualization (Psychology),y,self-actualization-psychology,topical,Self-actualization (Psychology),,auto-seeded draft; review
http://id.worldcat.org/fast/1111481.,Self-actualization (Psychology),y,self-actualization-psychology,topical,Self-actualization (Psychology),,auto-seeded draft; review
lcsh|self-actualization-psychology-in-women-poetry,Self-actualization (Psychology) in women -- Poetry,y,self-actualization-psychology-in-women-poetry,topical,Self-actualization (Psychology) in women -- Poetry,,auto-seeded draft; review
http://id.loc.gov/authorities/subjects/sh85119759.,Self-help techniques,y,self-help-techniques,topical,Self-help techniques,,auto-seeded draft; review
http://id.worldcat.org/fast/1111754.,Self-help techniques,y,self-help-techniques,topical,Self-help techniques,,auto-seeded draft; review
http://id.worldcat.org/fast/1111843.,Self-portraits,y,self-portraits,topical,Self-portraits,,auto-seeded draft; review
http://id.loc.gov/authorities/subjects/sh85119780,Self-portraits,y,self-portraits,topical,Self-portraits,,auto-seeded draft; review
lcsh|self-portraits,Self-portraits,y,self-portraits,topical,Self-portraits,,auto-seeded draft; review
lcsh|self-portraits-caricatures-and-cartoons,Self-portraits -- Caricatures and cartoons,y,self-portraits-caricatures-and-cartoons,topical,Self-portraits -- Caricatures and cartoons,,auto-seeded draft; review
lcsh|self-portraits-united-states,Self-portraits -- United States,y,self-portraits-united-states,topical,Self-portraits -- United States,,auto-seeded draft; review
http://id.loc.gov/authorities/subjects/sh85119781.,"Self-portraits, American",y,self-portraits-american,topical,"Self-portraits, American",,auto-seeded draft; review
http://id.worldcat.org/fast/1111850.,"Self-portraits, American",y,self-portraits-american,topical,"Self-portraits, American",,auto-seeded draft; review
lcsh|self-portraits-american-exhibitions,"Self-portraits, American -- Exhibitions",y,self-portraits-american-exhibitions,topical,"Self-portraits, American -- Exhibitions",,auto-seeded draft; review
lcsh|self-preservation-drama,Self-preservation -- Drama,y,self-preservation-drama,topical,Self-preservation -- Drama,,auto-seeded draft; review
http://id.loc.gov/authorities/subjects/sh85119787.,Self-publishing,y,self-publishing,topical,Self-publishing,,auto-seeded draft; review
http://id.worldcat.org/fast/1111887.,Self-publishing,y,self-publishing,topical,Self-publishing,,auto-seeded draft; review
http://id.loc.gov/authorities/subjects/sh2004014504.,Self-reliant living,y,self-reliant-living,topical,Self-reliant living,,auto-seeded draft; review
http://id.worldcat.org/fast/1736333.,Self-reliant living,y,self-reliant-living,topical,Self-reliant living,,auto-seeded draft; review
http://id.loc.gov/authorities/subjects/sh85119950.,Semiotics,y,semiotics,topical,Semiotics,,auto-seeded draft; review
http://id.worldcat.org/fast/1112351.,Semiotics,y,semiotics,topical,Semiotics,,auto-seeded draft; review
http://id.loc.gov/authorities/subjects/sh97001429.,Senses and sensation in art,y,senses-and-sensation-in-art,topical,Senses and sensation in art,,auto-seeded draft; review
http://id.worldcat.org/fast/1112589.,Senses and sensation in art,y,senses-and-sensation-in-art,topical,Senses and sensation in art,,auto-seeded draft; review
http://id.loc.gov/authorities/subjects/sh85120086.,Separation (Psychology),y,separation-psychology,topical,Separation (Psychology),,auto-seeded draft; review
http://id.worldcat.org/fast/1112717.,Separation (Psychology),y,separation-psychology,topical,Separation (Psychology),,auto-seeded draft; review
http://id.loc.gov/authorities/subjects/sh2009007104.,Separation (Psychology) in art,y,separation-psychology-in-art,topical,Separation (Psychology) in art,,auto-seeded draft; review
http://id.worldcat.org/fast/1904637.,Separation (Psychology) in art,y,separation-psychology-in-art,topical,Separation (Psychology) in art,,auto-seeded draft; review
lcsh|separation-psychology-in-art,Separation (Psychology) in art,y,separation-psychology-in-art,topical,Separation (Psychology) in art,,auto-seeded draft; review
http://id.worldcat.org/fast/1112809.,September 11 Terrorist Attacks (2001) in art,y,september-11-terrorist-attacks-2001-in-art,topical,"September 11 Terrorist Attacks, 2001, in art",,auto-seeded draft; review
http://id.loc.gov/authorities/subjects/sh2001000147,"September 11 Terrorist Attacks, 2001",y,september-11-terrorist-attacks-2001,topical,"September 11 Terrorist Attacks, 2001",,auto-seeded draft; review
http://id.loc.gov/authorities/subjects/sh2001000147.,"September 11 Terrorist Attacks, 2001",y,september-11-terrorist-attacks-2001,topical,"September 11 Terrorist Attacks, 2001",,auto-seeded draft; review
lcsh|september-11-terrorist-attacks-2001,"September 11 Terrorist Attacks, 2001",y,september-11-terrorist-attacks-2001,topical,"September 11 Terrorist Attacks, 2001",,auto-seeded draft; review
http://id.loc.gov/authorities/subjects/sh2002007137.,"September 11 Terrorist Attacks, 2001 -- Anniversaries, etc",y,september-11-terrorist-attacks-2001-anniversaries-etc,topical,"September 11 Terrorist Attacks, 2001 -- Anniversaries, etc",,auto-seeded draft; review
lcsh|september-11-terrorist-attacks-2001-miscellanea,"September 11 Terrorist Attacks, 2001 -- Miscellanea",y,september-11-terrorist-attacks-2001-miscellanea,topical,"September 11 Terrorist Attacks, 2001 -- Miscellanea",,auto-seeded draft; review
http://id.loc.gov/authorities/subjects/sh2010112651,"September 11 Terrorist Attacks, 2001 -- Pictorial works",y,september-11-terrorist-attacks-2001-pictorial-works,topical,"September 11 Terrorist Attacks, 2001 -- Pictorial works",,auto-seeded draft; review
http://id.loc.gov/authorities/subjects/sh2003006553.,"September 11 Terrorist Attacks, 2001, in art",y,september-11-terrorist-attacks-2001-in-art,topical,"September 11 Terrorist Attacks, 2001, in art",,auto-seeded draft; review
lcsh|september-11-terrorist-attacks-2001-in-art,"September 11 Terrorist Attacks, 2001, in art",y,september-11-terrorist-attacks-2001-in-art,topical,"September 11 Terrorist Attacks, 2001, in art",,auto-seeded draft; review
lcsh|sepulchral-monuments-in-art,Sepulchral monuments in art,y,sepulchral-monuments-in-art,topical,Sepulchral monuments in art,,auto-seeded draft; review
http://id.loc.gov/authorities/subjects/sh96006510.,Serial murderers in literature,y,serial-murderers-in-literature,topical,Serial murderers in literature,,auto-seeded draft; review
http://id.worldcat.org/fast/1113113.,Serial murderers in literature,y,serial-murderers-in-literature,topical,Serial murderers in literature,,auto-seeded draft; review
lcsh|serial-murders-drama,Serial murders -- Drama,y,serial-murders-drama,topical,Serial murders -- Drama,,auto-seeded draft; review
lcsh|serigraphy,Serigraphy,y,serigraphy,topical,Serigraphy,,auto-seeded draft; review
http://id.worldcat.org/fast/1113186.,Serigraphy,y,serigraphy,topical,Serigraphy,,auto-seeded draft; review
none|serigraphy,Serigraphy,y,serigraphy,topical,Serigraphy,,auto-seeded draft; review
lcsh|serigraphy-argentina,Serigraphy -- Argentina,y,serigraphy-argentina,topical,Serigraphy -- Argentina,,auto-seeded draft; review
lcsh|serigraphy-exhibitions,Serigraphy -- Exhibitions,y,serigraphy-exhibitions,topical,Serigraphy -- Exhibitions,,auto-seeded draft; review
http://id.loc.gov/authorities/subjects/sh90004751.,"Serigraphy, Mexican",y,serigraphy-mexican,topical,"Serigraphy, Mexican",,auto-seeded draft; review
http://id.worldcat.org/fast/1113200.,"Serigraphy, Mexican",y,serigraphy-mexican,topical,"Serigraphy, Mexican",,auto-seeded draft; review
http://id.worldcat.org/fast/1113350.,Serpents,y,serpents,topical,Serpents,,auto-seeded draft; review
lcsh|serpents-pictorial-works,Serpents -- Pictorial works,y,serpents-pictorial-works,topical,Serpents -- Pictorial works,,auto-seeded draft; review
http://id.worldcat.org/fast/1113355.,Serpents in art,y,serpents-in-art,topical,Serpents in art,,auto-seeded draft; review
http://id.worldcat.org/fast/1113497.,Service stations,y,service-stations,topical,Service stations,,auto-seeded draft; review
lcsh|service-stations-california-pictorial-works,Service stations -- California -- Pictorial works,y,service-stations-california-pictorial-works,topical,Service stations -- California -- Pictorial works,,auto-seeded draft; review
lcsh|service-stations-germany-pictorial-works,Service stations -- Germany -- Pictorial works,y,service-stations-germany-pictorial-works,topical,Service stations -- Germany -- Pictorial works,,auto-seeded draft; review
lcsh|service-stations-pictorial-works,Service stations -- Pictorial works,y,service-stations-pictorial-works,topical,Service stations -- Pictorial works,,auto-seeded draft; review
lcsh|service-stations-united-states-pictorial-works,Service stations -- United States -- Pictorial works,y,service-stations-united-states-pictorial-works,topical,Service stations -- United States -- Pictorial works,,auto-seeded draft; review
http://id.loc.gov/authorities/subjects/sh2005007475.,Service stations in art,y,service-stations-in-art,topical,Service stations in art,,auto-seeded draft; review
http://id.worldcat.org/fast/1904653.,Service stations in art,y,service-stations-in-art,topical,Service stations in art,,auto-seeded draft; review
http://id.worldcat.org/fast/1114124.,Sewing,y,sewing,topical,Sewing,,auto-seeded draft; review
lcsh|sewing-poetry,Sewing -- Poetry,y,sewing-poetry,topical,Sewing -- Poetry,,auto-seeded draft; review
lcsh|sewing-in-art,Sewing in art,y,sewing-in-art,topical,Sewing in art,,auto-seeded draft; review
http://id.loc.gov/authorities/subjects/sh99011655,Sewing in art,y,sewing-in-art,topical,Sewing in art,,auto-seeded draft; review
http://id.worldcat.org/fast/1114160.,Sex,y,sex,topical,Sex,,auto-seeded draft; review
http://id.loc.gov/authorities/subjects/sh2008111589.,Sex -- Humor,y,sex-humor,topical,Sex -- Humor,,auto-seeded draft; review
lcsh|sex-pictorial-works,Sex -- Pictorial works,y,sex-pictorial-works,topical,Sex -- Pictorial works,,auto-seeded draft; review
http://id.loc.gov/authorities/subjects/sh85120553.,Sex -- Religious aspects,y,sex-religious-aspects,topical,Sex -- Religious aspects,,auto-seeded draft; review
http://id.worldcat.org/fast/1114185.,Sex -- Religious aspects,y,sex-religious-aspects,topical,Sex -- Religious aspects,,auto-seeded draft; review
http://id.worldcat.org/fast/1114306.,Sex customs,y,sex-customs,topical,Sex customs,,auto-seeded draft; review
lcsh|sex-customs-personal-narratives,Sex customs -- Personal narratives,y,sex-customs-personal-narratives,topical,Sex customs -- Personal narratives,,auto-seeded draft; review
fast|sex-discrimination-against-women,Sex discrimination against women,y,sex-discrimination-against-women,topical,Sex discrimination against women,,auto-seeded draft; review
http://id.loc.gov/authorities/subjects/sh85120595,Sex discrimination against women,y,sex-discrimination-against-women,topical,Sex discrimination against women,,auto-seeded draft; review
http://id.worldcat.org/fast/1114376.,Sex discrimination against women,y,sex-discrimination-against-women,topical,Sex discrimination against women,,auto-seeded draft; review
lcsh|sex-discrimination-against-women,Sex discrimination against women,y,sex-discrimination-against-women,topical,Sex discrimination against women,,auto-seeded draft; review
http://id.loc.gov/authorities/subjects/sh2010112819.,Sex discrimination against women -- India,y,sex-discrimination-against-women-india,topical,Sex discrimination against women -- India,,auto-seeded draft; review
http://id.loc.gov/authorities/subjects/sh85120626.,Sex in art,y,sex-in-art,topical,Sex in art,,auto-seeded draft; review
http://id.worldcat.org/fast/1114456.,Sex in art,y,sex-in-art,topical,Sex in art,,auto-seeded draft; review
lcsh|sex-in-art,Sex in art,y,sex-in-art,topical,Sex in art,,auto-seeded draft; review
(OCoLC)fst01114491.,Sex instruction,y,sex-instruction,topical,Sex instruction,,auto-seeded draft; review
lcsh|sex-instruction-handbooks-manuals-etc,"Sex instruction -- Handbooks, manuals, etc",y,sex-instruction-handbooks-manuals-etc,topical,"Sex instruction -- Handbooks, manuals, etc",,auto-seeded draft; review
http://id.loc.gov/authorities/subjects/sh85120663,Sex role,y,sex-role,topical,Sex role,,auto-seeded draft; review
http://id.loc.gov/authorities/subjects/sh96012003.,Sex role in art,y,sex-role-in-art,topical,Sex role in art,,auto-seeded draft; review
http://id.worldcat.org/fast/1114647.,Sex role in art,y,sex-role-in-art,topical,Sex role in art,,auto-seeded draft; review
http://id.loc.gov/authorities/subjects/sh85120678.,Sexism,y,sexism,topical,Sexism,,auto-seeded draft; review
http://id.worldcat.org/fast/1114686.,Sexism,y,sexism,topical,Sexism,,auto-seeded draft; review
https://homosaurus.org/v4/homoit0001278.,Sexism,y,sexism,topical,Sexism,,auto-seeded draft; review
lcsh|sexism-in-art,Sexism in art,y,sexism-in-art,topical,Sexism in art,,auto-seeded draft; review
lcsh|sexism-in-language,Sexism in language,y,sexism-in-language,topical,Sexism in language,,auto-seeded draft; review
https://homosaurus.org/v4/homoit0001285.,Sexual assault,y,sexual-assault,topical,Sexual assault,,auto-seeded draft; review
lcsh|sexual-dominance-and-submission-pictorial-works,Sexual dominance and submission -- Pictorial works,y,sexual-dominance-and-submission-pictorial-works,topical,Sexual dominance and submission -- Pictorial works,,auto-seeded draft; review
http://id.loc.gov/authorities/subjects/sh2006004255.,Sexual freedom,y,sexual-freedom,topical,Sexual freedom,,auto-seeded draft; review
http://id.worldcat.org/fast/1740172.,Sexual freedom,y,sexual-freedom,topical,Sexual freedom,,auto-seeded draft; review
http://id.worldcat.org/fast/1114857.,Sexual harassment,y,sexual-harassment,topical,Sexual harassment,,auto-seeded draft; review
https://homosaurus.org/v4/homoit0001293.,Sexual harassment,y,sexual-harassment,topical,Sexual harassment,,auto-seeded draft; review
http://id.loc.gov/authorities/subjects/sh2010112867.,Sexual harassment -- United States,y,sexual-harassment-united-states,topical,Sexual harassment -- United States,,auto-seeded draft; review
http://id.loc.gov/authorities/subjects/sh85120739.,Sexual intercourse,y,sexual-intercourse,topical,Sexual intercourse,,auto-seeded draft; review
http://id.worldcat.org/fast/1114897.,Sexual intercourse,y,sexual-intercourse,topical,Sexual intercourse,,auto-seeded draft; review
https://homosaurus.org/v4/homoit0001299.,Sexual practices,y,sexual-practices,topical,Sexual practices,,auto-seeded draft; review
http://id.worldcat.org/fast/1115024.,Shades and shadows,y,shades-and-shadows,topical,Shades and shadows,,auto-seeded draft; review
lcsh|shades-and-shadows-pictorial-works,Shades and shadows -- Pictorial works,y,shades-and-shadows-pictorial-works,topical,Shades and shadows -- Pictorial works,,auto-seeded draft; review
lcsh|shadow-puppets-specimens,Shadow puppets -- Specimens,y,shadow-puppets-specimens,topical,Shadow puppets -- Specimens,,auto-seeded draft; review
lcsh|shadow-shows-specimens,Shadow shows -- Specimens,y,shadow-shows-specimens,topical,Shadow shows -- Specimens,,auto-seeded draft; review
http://id.worldcat.org/fast/1115174.,Shamans,y,shamans,topical,Shamans,,auto-seeded draft; review
lcsh|shamans-new-mexico-fiction,Shamans -- New Mexico -- Fiction,y,shamans-new-mexico-fiction,topical,Shamans -- New Mexico -- Fiction,,auto-seeded draft; review
lcsh|shapes,Shapes,y,shapes,topical,Shapes,,auto-seeded draft; review
http://id.worldcat.org/fast/1748560.,Shapeshifting,y,shapeshifting,topical,Shapeshifting,,auto-seeded draft; review
lcsh|shapeshifting-pictorial-works,Shapeshifting -- Pictorial works,y,shapeshifting-pictorial-works,topical,Shapeshifting -- Pictorial works,,auto-seeded draft; review
http://id.loc.gov/authorities/subjects/sh97001450,Sharks in art,y,sharks-in-art,topical,Sharks in art,,auto-seeded draft; review
(OCoLC)fst01115460,Sheep,y,sheep,topical,Sheep,,auto-seeded draft; review
lcsh|shells-pictorial-works-040gse,Shells -- Pictorial works.040GSE,y,shells-pictorial-works-040gse,topical,Shells -- Pictorial works.040GSE,,auto-seeded draft; review
fast|shipping,Shipping,y,shipping,topical,Shipping,,auto-seeded draft; review
http://id.worldcat.org/fast/1116352.,Shipping,y,shipping,topical,Shipping,,auto-seeded draft; review
lcsh|shipping-italy-livorno-history,Shipping -- Italy -- Livorno -- History,y,shipping-italy-livorno-history,topical,Shipping -- Italy -- Livorno -- History,,auto-seeded draft; review
lcsh|shipping-pictorial-works,Shipping -- Pictorial works,y,shipping-pictorial-works,topical,Shipping -- Pictorial works,,auto-seeded draft; review
http://id.worldcat.org/fast/1116638.,Shipwrecks,y,shipwrecks,topical,Shipwrecks,,auto-seeded draft; review
lcsh|shipwrecks-oregon,Shipwrecks -- Oregon,y,shipwrecks-oregon,topical,Shipwrecks -- Oregon,,auto-seeded draft; review
http://id.loc.gov/authorities/subjects/sh97000558.,Shipwrecks in art,y,shipwrecks-in-art,topical,Shipwrecks in art,,auto-seeded draft; review
http://id.worldcat.org/fast/1116648.,Shipwrecks in art,y,shipwrecks-in-art,topical,Shipwrecks in art,,auto-seeded draft; review
lcsh|shipwrecks-in-art,Shipwrecks in art,y,shipwrecks-in-art,topical,Shipwrecks in art,,auto-seeded draft; review
http://id.loc.gov/authorities/subjects/sh97000561.,Shoes in art,y,shoes-in-art,topical,Shoes in art,,auto-seeded draft; review
http://id.worldcat.org/fast/1116787.,Shoes in art,y,shoes-in-art,topical,Shoes in art,,auto-seeded draft; review
lcsh|shoes-in-art,Shoes in art,y,shoes-in-art,topical,Shoes in art,,auto-seeded draft; review
http://id.worldcat.org/fast/1116906.,Shopping carts,y,shopping-carts,topical,Shopping carts,,auto-seeded draft; review
lcsh|shopping-carts-england-pictorial-works,Shopping carts -- England -- Pictorial works,y,shopping-carts-england-pictorial-works,topical,Shopping carts -- England -- Pictorial works,,auto-seeded draft; review
lcsh|shopping-carts-great-britain-pictorial-works,Shopping carts -- Great Britain -- Pictorial works,y,shopping-carts-great-britain-pictorial-works,topical,Shopping carts -- Great Britain -- Pictorial works,,auto-seeded draft; review
http://id.worldcat.org/fast/1116944.,Shopping malls,y,shopping-malls,topical,Shopping malls,,auto-seeded draft; review
lcsh|shopping-malls-england-pictorial-works,Shopping malls -- England -- Pictorial works,y,shopping-malls-england-pictorial-works,topical,Shopping malls -- England -- Pictorial works,,auto-seeded draft; review
lcsh|shopping-malls-pictorial-works,Shopping malls -- Pictorial works,y,shopping-malls-pictorial-works,topical,Shopping malls -- Pictorial works,,auto-seeded draft; review
lcsh|short-stories,Short stories,y,short-stories,topical,Short stories,,auto-seeded draft; review
lcsh|short-stories-american,"Short stories, American",y,short-stories-american,topical,"Short stories, American",,auto-seeded draft; review
http://id.loc.gov/authorities/subjects/sh85121847.,"Short stories, Cuban",y,short-stories-cuban,topical,"Short stories, Cuban",,auto-seeded draft; review
http://id.worldcat.org/fast/1117158.,"Short stories, Cuban",y,short-stories-cuban,topical,"Short stories, Cuban",,auto-seeded draft; review
lcsh|short-stories-mexican-20th-century,"Short stories, Mexican -- 20th century",y,short-stories-mexican-20th-century,topical,"Short stories, Mexican -- 20th century",,auto-seeded draft; review
http://id.worldcat.org/fast/1118066.,Sick children,y,sick-children,topical,Sick children,,auto-seeded draft; review
http://id.loc.gov/authorities/subjects/sh2008111382.,Sick children -- Fiction,y,sick-children-fiction,topical,Sick children -- Fiction,,auto-seeded draft; review
http://id.worldcat.org/fast/1118264.,Sign painting,y,sign-painting,topical,Sign painting,,auto-seeded draft; review
lcsh|sign-painting-philippines,Sign painting -- Philippines,y,sign-painting-philippines,topical,Sign painting -- Philippines,,auto-seeded draft; review
http://id.worldcat.org/fast/1118311.,Signals and signaling,y,signals-and-signaling,topical,Signals and signaling,,auto-seeded draft; review
lcsh|signals-and-signaling,Signals and signaling,y,signals-and-signaling,topical,Signals and signaling,,auto-seeded draft; review
lcsh|signals-and-signaling-in-art,Signals and signaling -- In art,y,signals-and-signaling-in-art,topical,Signals and signaling -- In art,,auto-seeded draft; review
http://id.worldcat.org/fast/1118336.,Signs and signboards,y,signs-and-signboards,topical,Signs and signboards,,auto-seeded draft; review
lcsh|signs-and-signboards-lettering,Signs and signboards -- Lettering,y,signs-and-signboards-lettering,topical,Signs and signboards -- Lettering,,auto-seeded draft; review
lcsh|signs-and-signboards-pictorial-works,Signs and signboards -- Pictorial works,y,signs-and-signboards-pictorial-works,topical,Signs and signboards -- Pictorial works,,auto-seeded draft; review
http://id.loc.gov/authorities/subjects/sh85122415.,Signs and symbols,y,signs-and-symbols,topical,Signs and symbols,,auto-seeded draft; review
http://id.worldcat.org/fast/1118355.,Signs and symbols,y,signs-and-symbols,topical,Signs and symbols,,auto-seeded draft; review
(OCoLC)fst01118413,Sikhism,y,sikhism,topical,Sikhism,,auto-seeded draft; review
lcsh|sikhism-history,Sikhism -- History,y,sikhism-history,topical,Sikhism -- History,,auto-seeded draft; review
lcsh|sikhism-pictorial-works,Sikhism -- Pictorial works,y,sikhism-pictorial-works,topical,Sikhism -- Pictorial works,,auto-seeded draft; review
(CaQQLa)201-0061078,Sikhisme -- Histoire | Sikhisme -- Ouvrages illustrées,y,sikhisme-histoire,topical,Sikhisme -- Histoire,,auto-seeded draft; review
lcsh|silkscreen,Silkscreen,y,silkscreen,topical,Silkscreen,,auto-seeded draft; review
lcsh|sin-religious-aspects-catholic-church-humor,Sin -- Religious aspects -- Catholic Church -- Humor,y,sin-religious-aspects-catholic-church-humor,topical,Sin -- Religious aspects -- Catholic Church -- Humor,,auto-seeded draft; review
http://id.loc.gov/authorities/subjects/sh85122862.,Single women,y,single-women,topical,Single women,,auto-seeded draft; review
http://id.worldcat.org/fast/1119452.,Single women,y,single-women,topical,Single women,,auto-seeded draft; review
lcsh|sisters-in-art,Sisters in art,y,sisters-in-art,topical,Sisters in art,,auto-seeded draft; review
http://id.loc.gov/authorities/subjects/sh00000143.,Site-specific art,y,site-specific-art,topical,Site-specific art,,auto-seeded draft; review
http://id.worldcat.org/fast/1119790.,Site-specific art,y,site-specific-art,topical,Site-specific art,,auto-seeded draft; review
http://id.worldcat.org/fast/1119791.,Site-specific installations (Art),y,site-specific-installations-art,topical,Site-specific installations (Art),,auto-seeded draft; review
http://id.loc.gov/authorities/subjects/sh2001001631.,Site-specific installations (Art),y,site-specific-installations-art,topical,Site-specific installations (Art),,auto-seeded draft; review
lcsh|site-specific-installations-art-belgium,Site-specific installations (Art) -- Belgium,y,site-specific-installations-art-belgium,topical,Site-specific installations (Art) -- Belgium,,auto-seeded draft; review
http://id.loc.gov/authorities/subjects/sh85123098.,Skateboarding,y,skateboarding,topical,Skateboarding,,auto-seeded draft; review
http://id.worldcat.org/fast/1119885.,Skateboarding,y,skateboarding,topical,Skateboarding,,auto-seeded draft; review
http://id.loc.gov/authorities/subjects/sh2002008709.,Skin in art,y,skin-in-art,topical,Skin in art,,auto-seeded draft; review
http://id.worldcat.org/fast/1120144.,Skin in art,y,skin-in-art,topical,Skin in art,,auto-seeded draft; review
http://id.worldcat.org/fast/1120260.,Sky,y,sky,topical,Sky,,auto-seeded draft; review
lcsh|sky-pictorial-works,Sky -- Pictorial works,y,sky-pictorial-works,topical,Sky -- Pictorial works,,auto-seeded draft; review
http://id.worldcat.org/fast/1120393.,Slave labor,y,slave-labor,topical,Slave labor,,auto-seeded draft; review
lcsh|slave-labor-italy-history,Slave labor -- Italy -- History,y,slave-labor-italy-history,topical,Slave labor -- Italy -- History,,auto-seeded draft; review
http://id.worldcat.org/fast/1120389.,Slave rebellions,y,slave-rebellions,topical,Slave rebellions,,auto-seeded draft; review
http://id.loc.gov/authorities/subjects/sh85123332.,Slave rebellions -- United States,y,slave-rebellions-united-states,topical,Slave rebellions -- United States,,auto-seeded draft; review
http://id.worldcat.org/fast/1120405.,Slave trade,y,slave-trade,topical,Slave trade,,auto-seeded draft; review
http://id.loc.gov/authorities/subjects/sh2008111710.,Slave trade -- Africa,y,slave-trade-africa,topical,Slave trade -- Africa,,auto-seeded draft; review
lcsh|slave-trade-cuba-history-19th-century,Slave trade -- Cuba -- History -- 19th century,y,slave-trade-cuba-history-19th-century,topical,Slave trade -- Cuba -- History -- 19th century,,auto-seeded draft; review
lcsh|slave-trade-history,Slave trade -- History,y,slave-trade-history,topical,Slave trade -- History,,auto-seeded draft; review
lcsh|slave-traders-correspondence,Slave traders -- Correspondence,y,slave-traders-correspondence,topical,Slave traders -- Correspondence,,auto-seeded draft; review
http://id.worldcat.org/fast/1120426.,Slavery,y,slavery,topical,Slavery,,auto-seeded draft; review
lcsh|slavery-cuba-history-19th-century,Slavery -- Cuba -- History -- 19th century,y,slavery-cuba-history-19th-century,topical,Slavery -- Cuba -- History -- 19th century,,auto-seeded draft; review
http://id.loc.gov/authorities/subjects/sh85123326.,Slavery -- United States,y,slavery-united-states,topical,Slavery -- United States,,auto-seeded draft; review
lcsh|slavery-united-states-history-sources,Slavery -- United States -- History -- Sources,y,slavery-united-states-history-sources,topical,Slavery -- United States -- History -- Sources,,auto-seeded draft; review
http://id.loc.gov/authorities/subjects/sh2010113271.,Slavery -- United States -- Poetry,y,slavery-united-states-poetry,topical,Slavery -- United States -- Poetry,,auto-seeded draft; review
lcsh|slavery-west-indies-british,"Slavery -- West Indies, British",y,slavery-west-indies-british,topical,"Slavery -- West Indies, British",,auto-seeded draft; review
http://id.loc.gov/authorities/subjects/sh96011980.,Slavery in art,y,slavery-in-art,topical,Slavery in art,,auto-seeded draft; review
http://id.worldcat.org/fast/1120514.,Slavery in art,y,slavery-in-art,topical,Slavery in art,,auto-seeded draft; review
http://id.worldcat.org/fast/1120819.,Sleep,y,sleep,topical,Sleep,,auto-seeded draft; review
lcsh|sleep-poetry,Sleep -- Poetry,y,sleep-poetry,topical,Sleep -- Poetry,,auto-seeded draft; review
http://id.loc.gov/authorities/subjects/sh85123406.,Sleep in art,y,sleep-in-art,topical,Sleep in art,,auto-seeded draft; review
http://id.worldcat.org/fast/1120853.,Sleep in art,y,sleep-in-art,topical,Sleep in art,,auto-seeded draft; review
http://id.worldcat.org/fast/1121467.,Small press books,y,small-press-books,topical,Small press books,,auto-seeded draft; review
lcsh|small-press-books-argentina-c-rdoba-specimens,Small press books -- Argentina -- Córdoba -- Specimens,y,small-press-books-argentina-c-rdoba-specimens,topical,Small press books -- Argentina -- Córdoba -- Specimens,,auto-seeded draft; review
lcsh|small-press-books-argentina-specimens,Small press books -- Argentina -- Specimens,y,small-press-books-argentina-specimens,topical,Small press books -- Argentina -- Specimens,,auto-seeded draft; review
lcsh|small-press-books-brazil-specimens,Small press books -- Brazil -- Specimens,y,small-press-books-brazil-specimens,topical,Small press books -- Brazil -- Specimens,,auto-seeded draft; review
lcsh|small-press-books-mexico-specimens,Small press books -- Mexico -- Specimens,y,small-press-books-mexico-specimens,topical,Small press books -- Mexico -- Specimens,,auto-seeded draft; review
lcsh|small-press-books-spain-seville-specimens,Small press books -- Spain -- Seville -- Specimens,y,small-press-books-spain-seville-specimens,topical,Small press books -- Spain -- Seville -- Specimens,,auto-seeded draft; review
lcsh|small-press-books-spain-specimens,Small press books -- Spain -- Specimens,y,small-press-books-spain-specimens,topical,Small press books -- Spain -- Specimens,,auto-seeded draft; review
lcsh|small-press-books-specimens,Small press books -- Specimens,y,small-press-books-specimens,topical,Small press books -- Specimens,,auto-seeded draft; review
http://id.worldcat.org/fast/1121469.,Small presses,y,small-presses,topical,Small presses,,auto-seeded draft; review
fast|small-presses,Small presses,y,small-presses,topical,Small presses,,auto-seeded draft; review
lcsh|small-presses-argentina-specimens,Small presses -- Argentina -- Specimens,y,small-presses-argentina-specimens,topical,Small presses -- Argentina -- Specimens,,auto-seeded draft; review
lcsh|small-presses-mexico-specimens,Small presses -- Mexico -- Specimens,y,small-presses-mexico-specimens,topical,Small presses -- Mexico -- Specimens,,auto-seeded draft; review
lcsh|smoke-pictorial-works,Smoke -- Pictorial works,y,smoke-pictorial-works,topical,Smoke -- Pictorial works,,auto-seeded draft; review
lcsh|smoking,Smoking,y,smoking,topical,Smoking,,auto-seeded draft; review
lcsh|smoking-fiction,Smoking -- Fiction,y,smoking-fiction,topical,Smoking -- Fiction,,auto-seeded draft; review
lcsh|smoking-in-art,Smoking in art,y,smoking-in-art,topical,Smoking in art,,auto-seeded draft; review
(OCoLC)fst01121833,Snakes,y,snakes,topical,Snakes,,auto-seeded draft; review
http://id.loc.gov/authorities/subjects/sh85123727,Snakes,y,snakes,topical,Snakes,,auto-seeded draft; review
lctgm|snapshots,Snapshots,y,snapshots,topical,Snapshots,,auto-seeded draft; review
lcsh|snow,Snow,y,snow,topical,Snow,,auto-seeded draft; review
http://id.loc.gov/authorities/subjects/sh85123784.,Snow in art,y,snow-in-art,topical,Snow in art,,auto-seeded draft; review
http://id.worldcat.org/fast/1121956.,Snow in art,y,snow-in-art,topical,Snow in art,,auto-seeded draft; review
lcsh|soap-bubbles-in-art,Soap bubbles in art,y,soap-bubbles-in-art,topical,Soap bubbles in art,,auto-seeded draft; review
http://id.worldcat.org/fast/1354981.,Social aspects,y,social-aspects,topical,Social aspects,,auto-seeded draft; review
http://id.loc.gov/authorities/subjects/sh85123918.,Social change,y,social-change,topical,Social change,,auto-seeded draft; review
http://id.worldcat.org/fast/1122310.,Social change,y,social-change,topical,Social change,,auto-seeded draft; review
http://id.worldcat.org/fast/1919811.,Social conditions,y,social-conditions,topical,Social conditions,,auto-seeded draft; review
http://id.loc.gov/authorities/subjects/sh85123927.,Social conflict,y,social-conflict,topical,Social conflict,,auto-seeded draft; review
http://id.worldcat.org/fast/1122378.,Social conflict,y,social-conflict,topical,Social conflict,,auto-seeded draft; review
http://id.loc.gov/authorities/subjects/sh94002873.,Social epistemology,y,social-epistemology,topical,Social epistemology,,auto-seeded draft; review
http://id.worldcat.org/fast/1122446.,Social epistemology,y,social-epistemology,topical,Social epistemology,,auto-seeded draft; review
lcsh|social-interaction-case-studies,Social interaction -- Case studies,y,social-interaction-case-studies,topical,Social interaction -- Case studies,,auto-seeded draft; review
http://id.loc.gov/authorities/subjects/sh97000679.,Social isolation in art,y,social-isolation-in-art,topical,Social isolation in art,,auto-seeded draft; review
http://id.worldcat.org/fast/1122601.,Social isolation in art,y,social-isolation-in-art,topical,Social isolation in art,,auto-seeded draft; review
http://id.worldcat.org/fast/1741098.,Social media,y,social-media,topical,Social media,,auto-seeded draft; review
https://homosaurus.org/v4/homoit0001321.,Social media,y,social-media,topical,Social media,,auto-seeded draft; review
http://id.loc.gov/authorities/subjects/sh2006007023.,Social media,y,social-media,topical,Social media,,auto-seeded draft; review
lcsh|social-media-caricatures-and-cartoons,Social media -- Caricatures and cartoons,y,social-media-caricatures-and-cartoons,topical,Social media -- Caricatures and cartoons,,auto-seeded draft; review
lcsh|social-media-pakistan-pictorial-works,Social media -- Pakistan -- Pictorial works,y,social-media-pakistan-pictorial-works,topical,Social media -- Pakistan -- Pictorial works,,auto-seeded draft; review
http://id.worldcat.org/fast/1983657.,Social media -- Political aspects,y,social-media-political-aspects,topical,Social media -- Political aspects,,auto-seeded draft; review
lcsh|social-media-political-aspects-united-states-exhibitions,Social media -- Political aspects -- United States -- Exhibitions,y,social-media-political-aspects-united-states-exhibitions,topical,Social media -- Political aspects -- United States -- Exhibitions,,auto-seeded draft; review
http://id.loc.gov/authorities/subjects/sh2012000178.,Social media in art,y,social-media-in-art,topical,Social media in art,,auto-seeded draft; review
http://id.worldcat.org/fast/1904724.,Social media in art,y,social-media-in-art,topical,Social media in art,,auto-seeded draft; review
http://id.worldcat.org/fast/1122657.,Social movements,y,social-movements,topical,Social movements,,auto-seeded draft; review
https://homosaurus.org/v4/homoit0001322.,Social movements,y,social-movements,topical,Social movements,,auto-seeded draft; review
lcsh|social-movements-colombia-bogot,Social movements -- Colombia -- Bogotá,y,social-movements-colombia-bogot,topical,Social movements -- Colombia -- Bogotá,,auto-seeded draft; review
lcsh|social-movements-egypt-pictorial-works,Social movements -- Egypt -- Pictorial works,y,social-movements-egypt-pictorial-works,topical,Social movements -- Egypt -- Pictorial works,,auto-seeded draft; review
http://id.loc.gov/authorities/subjects/sh2010113613.,Social movements -- Mexico -- History -- 20th century,y,social-movements-mexico-history-20th-century,topical,Social movements -- Mexico -- History -- 20th century,,auto-seeded draft; review
http://id.loc.gov/authorities/subjects/sh87002172.,Social networks,y,social-networks,topical,Social networks,,auto-seeded draft; review
http://id.worldcat.org/fast/1122678.,Social networks,y,social-networks,topical,Social networks,,auto-seeded draft; review
lcsh|social-perception-case-studies,Social perception -- Case studies,y,social-perception-case-studies,topical,Social perception -- Case studies,,auto-seeded draft; review
http://id.worldcat.org/fast/1123637.,Socialism,y,socialism,topical,Socialism,,auto-seeded draft; review
https://id.kb.se/term/sao/Socialism,Socialism,y,socialism,topical,Socialism,,auto-seeded draft; review
lcsh|socialism,Socialism,y,socialism,topical,Socialism,,auto-seeded draft; review
lcsh|socialism-colombia-bogot,Socialism -- Colombia -- Bogotá,y,socialism-colombia-bogot,topical,Socialism -- Colombia -- Bogotá,,auto-seeded draft; review
lcsh|socialism-europe-periodicals,Socialism -- Europe -- Periodicals,y,socialism-europe-periodicals,topical,Socialism -- Europe -- Periodicals,,auto-seeded draft; review
http://id.loc.gov/authorities/subjects/sh97000691.,Socialism in art,y,socialism-in-art,topical,Socialism in art,,auto-seeded draft; review
http://id.worldcat.org/fast/1123713.,Socialism in art,y,socialism-in-art,topical,Socialism in art,,auto-seeded draft; review
lcsh|socialist-realism-in-art-russia-federation-exhibitions,Socialist realism in art -- Russia (Federation) -- Exhibitions,y,socialist-realism-in-art-russia-federation-exhibitions,topical,Socialist realism in art -- Russia (Federation) -- Exhibitions,,auto-seeded draft; review
http://id.loc.gov/authorities/subjects/sh85124195.,Sociolinguistics,y,sociolinguistics,topical,Sociolinguistics,,auto-seeded draft; review
http://id.worldcat.org/fast/1123847.,Sociolinguistics,y,sociolinguistics,topical,Sociolinguistics,,auto-seeded draft; review
(OCoLC)fst01123875,Sociology,y,sociology,topical,Sociology,,auto-seeded draft; review
lcsh|sociology,Sociology,y,sociology,topical,Sociology,,auto-seeded draft; review
lcsh|solar-energy-in-art,Solar energy in art,y,solar-energy-in-art,topical,Solar energy in art,,auto-seeded draft; review
http://id.loc.gov/authorities/subjects/sh85124554.,Soldiers,y,soldiers,topical,Soldiers,,auto-seeded draft; review
http://id.worldcat.org/fast/1125233.,Soldiers,y,soldiers,topical,Soldiers,,auto-seeded draft; review
http://id.worldcat.org/fast/1125348.,Soldiers' monuments,y,soldiers-monuments,topical,Soldiers' monuments,,auto-seeded draft; review
lcsh|soldiers-monuments-belgium,Soldiers' monuments -- Belgium,y,soldiers-monuments-belgium,topical,Soldiers' monuments -- Belgium,,auto-seeded draft; review
lcsh|soldiers-monuments-belgium-neuville-en-condroz-pictorial-works,Soldiers' monuments -- Belgium -- Neuville-en-Condroz -- Pictorial works,y,soldiers-monuments-belgium-neuville-en-condroz-pictorial-works,topical,Soldiers' monuments -- Belgium -- Neuville-en-Condroz -- Pictorial works,,auto-seeded draft; review
http://id.worldcat.org/fast/1125561.,Solitude,y,solitude,topical,Solitude,,auto-seeded draft; review
lcsh|solitude-poetry,Solitude -- Poetry,y,solitude-poetry,topical,Solitude -- Poetry,,auto-seeded draft; review
http://id.loc.gov/authorities/subjects/sh85125033.,Song cycles,y,song-cycles,topical,Song cycles,,auto-seeded draft; review
lcsh|song-cycles,Song cycles,y,song-cycles,topical,Song cycles,,auto-seeded draft; review
lcsh|songs,Songs,y,songs,topical,Songs,,auto-seeded draft; review
http://id.loc.gov/authorities/subjects/sh85125149.,Songs (High voice) with piano,y,songs-high-voice-with-piano,topical,Songs (High voice) with piano,,auto-seeded draft; review
http://id.worldcat.org/fast/1126153.,Songs (High voice) with piano,y,songs-high-voice-with-piano,topical,Songs (High voice) with piano,,auto-seeded draft; review
lcsh|songs-medium-voice-with-synthesizer,Songs (Medium voice) with synthesizer,y,songs-medium-voice-with-synthesizer,topical,Songs (Medium voice) with synthesizer,,auto-seeded draft; review
lcsh|songs-with-piano,Songs with piano,y,songs-with-piano,topical,Songs with piano,,auto-seeded draft; review
http://id.worldcat.org/fast/1126526.,"Songs, Spanish",y,songs-spanish,topical,"Songs, Spanish",,auto-seeded draft; review
http://id.loc.gov/authorities/subjects/sh2010114197.,"Songs, Spanish -- Cuba",y,songs-spanish-cuba,topical,"Songs, Spanish -- Cuba",,auto-seeded draft; review
lcsh|sonnets-american,"Sonnets, American",y,sonnets-american,topical,"Sonnets, American",,auto-seeded draft; review
(OCoLC)fst01126935,Sound,y,sound,topical,Sound,,auto-seeded draft; review
lcsh|sound,Sound,y,sound,topical,Sound,,auto-seeded draft; review
(OCoLC)fst01127003,Sound Art,y,sound-art,topical,Sound Art,,auto-seeded draft; review
lcsh|sound-art,Sound art,y,sound-art,topical,Sound Art,,auto-seeded draft; review
http://id.loc.gov/authorities/subjects/sh97001016.,Sound in art,y,sound-in-art,topical,Sound in art,,auto-seeded draft; review
http://id.worldcat.org/fast/1127003.,Sound in art,y,sound-in-art,topical,Sound in art,,auto-seeded draft; review
lcsh|sound-in-art,Sound in art,y,sound-in-art,topical,Sound in art,,auto-seeded draft; review
http://id.worldcat.org/fast/1127006.,Sound installations (Art),y,sound-installations-art,topical,Sound installations (Art),,auto-seeded draft; review
lcsh|sound-installations-art-exhibitions,Sound installations (Art) -- Exhibitions,y,sound-installations-art-exhibitions,topical,Sound installations (Art) -- Exhibitions,,auto-seeded draft; review
http://id.worldcat.org/fast/1127034.,Sound recordings,y,sound-recordings,topical,Sound recordings,,auto-seeded draft; review
http://id.loc.gov/authorities/subjects/sh85125392.,Sound recordings -- Album covers,y,sound-recordings-album-covers,topical,Sound recordings -- Album covers,,auto-seeded draft; review
http://id.worldcat.org/fast/1127035.,Sound recordings -- Album covers,y,sound-recordings-album-covers,topical,Sound recordings -- Album covers,,auto-seeded draft; review
http://id.loc.gov/authorities/subjects/sh97001017.,Sound recordings in art,y,sound-recordings-in-art,topical,Sound recordings in art,,auto-seeded draft; review
http://id.worldcat.org/fast/1127063.,Sound recordings in art,y,sound-recordings-in-art,topical,Sound recordings in art,,auto-seeded draft; review
lcsh|sound-sculpture-exhibitions,Sound sculpture -- Exhibitions,y,sound-sculpture-exhibitions,topical,Sound sculpture -- Exhibitions,,auto-seeded draft; review
http://id.worldcat.org/fast/1127099.,Sounds,y,sounds,topical,Sounds,,auto-seeded draft; review
lcsh|sounds-washington-d-c,Sounds -- Washington (D.C.),y,sounds-washington-d-c,topical,Sounds -- Washington (D.C.),,auto-seeded draft; review
http://id.loc.gov/authorities/subjects/sh90003519.,Source code (Computer science),y,source-code-computer-science,topical,Source code (Computer science),,auto-seeded draft; review
http://id.worldcat.org/fast/1127128.,Source code (Computer science),y,source-code-computer-science,topical,Source code (Computer science),,auto-seeded draft; review
http://id.worldcat.org/fast/1739111.,South Asian diaspora,y,south-asian-diaspora,topical,South Asian diaspora,,auto-seeded draft; review
lcsh|south-asian-diaspora-periodicals,South Asian diaspora -- Periodicals,y,south-asian-diaspora-periodicals,topical,South Asian diaspora -- Periodicals,,auto-seeded draft; review
http://id.worldcat.org/fast/1127238.,South Asian literature,y,south-asian-literature,topical,South Asian literature,,auto-seeded draft; review
lcsh|south-asian-literature-periodicals,South Asian literature -- Periodicals,y,south-asian-literature-periodicals,topical,South Asian literature -- Periodicals,,auto-seeded draft; review
http://id.worldcat.org/fast/1127242.,South Asian poetry,y,south-asian-poetry,topical,South Asian poetry,,auto-seeded draft; review
lcsh|south-asian-poetry-periodicals,South Asian poetry -- Periodicals,y,south-asian-poetry-periodicals,topical,South Asian poetry -- Periodicals,,auto-seeded draft; review
http://id.worldcat.org/fast/1127253.,South Asians in literature,y,south-asians-in-literature,topical,South Asians in literature,,auto-seeded draft; review
lcsh|south-asians-in-literature-periodicals,South Asians in literature -- Periodicals,y,south-asians-in-literature-periodicals,topical,South Asians in literature -- Periodicals,,auto-seeded draft; review
http://id.loc.gov/authorities/subjects/sh85125691,Souvenirs (Keepsakes),y,souvenirs-keepsakes,topical,Souvenirs (Keepsakes),,auto-seeded draft; review
lcsh|soybean-in-art,Soybean -- In art,y,soybean-in-art,topical,Soybean -- In art,,auto-seeded draft; review
lcsh|space-architecture,Space (Architecture),y,space-architecture,topical,Space (Architecture),,auto-seeded draft; review
http://id.loc.gov/authorities/subjects/sh97001018.,Space (Architecture) in art,y,space-architecture-in-art,topical,Space (Architecture) in art,,auto-seeded draft; review
http://id.worldcat.org/fast/1127613.,Space (Architecture) in art,y,space-architecture-in-art,topical,Space (Architecture) in art,,auto-seeded draft; review
lcsh|space-art,Space (Art),y,space-art,topical,Space (Art),,auto-seeded draft; review
http://id.worldcat.org/fast/1127669.,Space debris,y,space-debris,topical,Space debris,,auto-seeded draft; review
lcsh|space-debris-catalogs,Space debris -- Catalogs,y,space-debris-catalogs,topical,Space debris -- Catalogs,,auto-seeded draft; review
lcsh|space-debris-pictorial-works,Space debris -- Pictorial works,y,space-debris-pictorial-works,topical,Space debris -- Pictorial works,,auto-seeded draft; review
lcsh|space-flight-to-the-moon-pictorial-works,Space flight to the moon -- Pictorial works,y,space-flight-to-the-moon-pictorial-works,topical,Space flight to the moon -- Pictorial works,,auto-seeded draft; review
lcsh|space-photography-united-states,Space photography -- United States,y,space-photography-united-states,topical,Space photography -- United States,,auto-seeded draft; review
http://id.worldcat.org/fast/1128153.,Spaniards,y,spaniards,topical,Spaniards,,auto-seeded draft; review
lcsh|spaniards-pictorial-works,Spaniards -- Pictorial works,y,spaniards-pictorial-works,topical,Spaniards -- Pictorial works,,auto-seeded draft; review
lcsh|spaniards-portraits,Spaniards -- Portraits,y,spaniards-portraits,topical,Spaniards -- Portraits,,auto-seeded draft; review
http://id.worldcat.org/fast/1128292.,Spanish language,y,spanish-language,topical,Spanish language,,auto-seeded draft; review
http://id.loc.gov/authorities/subjects/sh2008111765.,"Spanish language -- Glossaries, vocabularies, etc",y,spanish-language-glossaries-vocabularies-etc,topical,"Spanish language -- Glossaries, vocabularies, etc",,auto-seeded draft; review
http://id.worldcat.org/fast/1128389.,"Spanish language -- Glossaries, vocabularies, etc",y,spanish-language-glossaries-vocabularies-etc,topical,"Spanish language -- Glossaries, vocabularies, etc",,auto-seeded draft; review
http://id.worldcat.org/fast/1128390.,Spanish language -- Grammar,y,spanish-language-grammar,topical,Spanish language -- Grammar,,auto-seeded draft; review
lcsh|spanish-language-grammar,Spanish language -- Grammar,y,spanish-language-grammar,topical,Spanish language -- Grammar,,auto-seeded draft; review
lcsh|spanish-literature,Spanish literature,y,spanish-literature,topical,Spanish literature,,auto-seeded draft; review
http://id.worldcat.org/fast/1128654.,Spanish poetry,y,spanish-poetry,topical,Spanish poetry,,auto-seeded draft; review
lcsh|spanish-poetry-21st-century,Spanish poetry -- 21st century,y,spanish-poetry-21st-century,topical,Spanish poetry -- 21st century,,auto-seeded draft; review
lcsh|spanish-poetry-cuba,Spanish poetry -- Cuba,y,spanish-poetry-cuba,topical,Spanish poetry -- Cuba,,auto-seeded draft; review
lcsh|spanish-poetry-mexico,Spanish poetry -- Mexico,y,spanish-poetry-mexico,topical,Spanish poetry -- Mexico,,auto-seeded draft; review
unspecified|specimens,Specimens,y,specimens,topical,Specimens,,auto-seeded draft; review
http://id.loc.gov/authorities/subjects/sh85126434.,Speech,y,speech,topical,Speech,,auto-seeded draft; review
http://id.worldcat.org/fast/1129153.,Speech,y,speech,topical,Speech,,auto-seeded draft; review
http://id.worldcat.org/fast/1129725.,Spices,y,spices,topical,Spices,,auto-seeded draft; review
lcsh|spices,Spices,y,spices,topical,Spices,,auto-seeded draft; review
lcsh|spices-literary-collections,Spices -- Literary collections,y,spices-literary-collections,topical,Spices -- Literary collections,,auto-seeded draft; review
lcsh|spices-poetry,Spices -- Poetry,y,spices-poetry,topical,Spices -- Poetry,,auto-seeded draft; review
http://id.loc.gov/authorities/subjects/sh85126625.,Spiders,y,spiders,topical,Spiders,,auto-seeded draft; review
http://id.worldcat.org/fast/1129749.,Spiders,y,spiders,topical,Spiders,,auto-seeded draft; review
unspecified|spirit-writings-exhibitions,Spirit writings -- Exhibitions,y,spirit-writings-exhibitions,topical,Spirit writings -- Exhibitions,,auto-seeded draft; review
unspecified|spiritualism-in-art-exhibitions,Spiritualism in art -- Exhibitions,y,spiritualism-in-art-exhibitions,topical,Spiritualism in art -- Exhibitions,,auto-seeded draft; review
http://id.worldcat.org/fast/1130186.,Spirituality,y,spirituality,topical,Spirituality,,auto-seeded draft; review
http://id.loc.gov/authorities/subjects/sh85126779.,Spirituality,y,spirituality,topical,Spirituality,,auto-seeded draft; review
lcsh|spirituality-poetry,Spirituality -- Poetry,y,spirituality-poetry,topical,Spirituality -- Poetry,,auto-seeded draft; review
http://id.loc.gov/authorities/subjects/sh96012007.,Spirituality in art,y,spirituality-in-art,topical,Spirituality in art,,auto-seeded draft; review
http://id.worldcat.org/fast/1130201.,Spirituality in art,y,spirituality-in-art,topical,Spirituality in art,,auto-seeded draft; review
lcsh|spontaneous-generation-in-art,Spontaneous generation in art,y,spontaneous-generation-in-art,topical,Spontaneous generation in art,,auto-seeded draft; review
http://id.loc.gov/authorities/subjects/sh2010114542,Sports in art -- Exhibitions,y,sports-in-art-exhibitions,topical,Sports in art -- Exhibitions,,auto-seeded draft; review
http://id.loc.gov/authorities/subjects/sh85127084.,Square,y,square,topical,Square,,auto-seeded draft; review
http://id.worldcat.org/fast/1131077.,Square,y,square,topical,Square,,auto-seeded draft; review
lcsh|stad,stad,y,stad,topical,stad,,auto-seeded draft; review
http://id.loc.gov/authorities/subjects/sh97001269,Stadiums in art,y,stadiums-in-art,topical,Stadiums in art,,auto-seeded draft; review
unspecified|stadtguerilla,Stadtguerilla,y,stadtguerilla,topical,Stadtguerilla,,auto-seeded draft; review
http://id.loc.gov/authorities/subjects/sh2001006436.,Staged photography,y,staged-photography,topical,Staged photography,,auto-seeded draft; review
http://id.worldcat.org/fast/1131340.,Staged photography,y,staged-photography,topical,Staged photography,,auto-seeded draft; review
lcsh|stalin-joseph-1879-1953,"Stalin, Joseph, 1879-1953",y,stalin-joseph-1879-1953,topical,"Stalin, Joseph, 1879-1953",,auto-seeded draft; review
http://id.worldcat.org/fast/1131648.,Stars,y,stars,topical,Stars,,auto-seeded draft; review
http://id.loc.gov/authorities/subjects/sh2008112225.,Stars -- Folklore,y,stars-folklore,topical,Stars -- Folklore,,auto-seeded draft; review
http://id.loc.gov/authorities/subjects/sh85127438.,Stars -- Mythology,y,stars-mythology,topical,Stars -- Mythology,,auto-seeded draft; review
http://id.worldcat.org/fast/1131687.,Stars -- Mythology,y,stars-mythology,topical,Stars -- Mythology,,auto-seeded draft; review
lcsh|stars-pictorial-works,Stars -- Pictorial works,y,stars-pictorial-works,topical,Stars -- Pictorial works,,auto-seeded draft; review
lcsh|stars-poetry,Stars -- Poetry,y,stars-poetry,topical,Stars -- Poetry,,auto-seeded draft; review
http://id.loc.gov/authorities/subjects/sh85127469.,Stars in art,y,stars-in-art,topical,Stars in art,,auto-seeded draft; review
http://id.worldcat.org/fast/1131721.,Stars in art,y,stars-in-art,topical,Stars in art,,auto-seeded draft; review
lcsh|stars-in-art,Stars in art,y,stars-in-art,topical,Stars in art,,auto-seeded draft; review
http://id.worldcat.org/fast/1131965.,State-sponsored terrorism,y,state-sponsored-terrorism,topical,State-sponsored terrorism,,auto-seeded draft; review
lcsh|state-sponsored-terrorism-mexico-guerrero-state-21st-century,State-sponsored terrorism -- Mexico -- Guerrero (State) -- 21st century,y,state-sponsored-terrorism-mexico-guerrero-state-21st-century,topical,State-sponsored terrorism -- Mexico -- Guerrero (State) -- 21st century,,auto-seeded draft; review
lcsh|statesmen-biography,Statesmen -- Biography,y,statesmen-biography,topical,Statesmen -- Biography,,auto-seeded draft; review
lcsh|steampunk-culture-illustrations,Steampunk culture -- Illustrations,y,steampunk-culture-illustrations,topical,Steampunk culture -- Illustrations,,auto-seeded draft; review
http://id.loc.gov/authorities/subjects/sh85128009.,Stereophonic sound systems,y,stereophonic-sound-systems,topical,Stereophonic sound systems,,auto-seeded draft; review
http://id.worldcat.org/fast/1133155.,Stereophonic sound systems,y,stereophonic-sound-systems,topical,Stereophonic sound systems,,auto-seeded draft; review
http://id.worldcat.org/fast/1133173.,Stereoscopic views,y,stereoscopic-views,topical,Stereoscopic views,,auto-seeded draft; review
lcsh|stereoscopic-views-pictorial-works,Stereoscopic views -- Pictorial works,y,stereoscopic-views-pictorial-works,topical,Stereoscopic views -- Pictorial works,,auto-seeded draft; review
http://id.loc.gov/authorities/subjects/sh85128018.,Stereotypes (Social psychology),y,stereotypes-social-psychology,topical,Stereotypes (Social psychology),,auto-seeded draft; review
http://id.worldcat.org/fast/1431521.,Stereotypes (Social psychology),y,stereotypes-social-psychology,topical,Stereotypes (Social psychology),,auto-seeded draft; review
lcsh|stereotypes-social-psychology-in-art,Stereotypes (Social psychology) in art,y,stereotypes-social-psychology-in-art,topical,Stereotypes (Social psychology) in art,,auto-seeded draft; review
http://id.loc.gov/authorities/subjects/sh85128135.,Still-life photography,y,still-life-photography,topical,Still-life photography,,auto-seeded draft; review
http://id.worldcat.org/fast/1133421.,Still-life photography,y,still-life-photography,topical,Still-life photography,,auto-seeded draft; review
http://id.loc.gov/authorities/subjects/sh94004191.,Stills (Motion pictures),y,stills-motion-pictures,topical,Stills (Motion pictures),,auto-seeded draft; review
http://id.worldcat.org/fast/1133438.,Stills (Motion pictures),y,stills-motion-pictures,topical,Stills (Motion pictures),,auto-seeded draft; review
http://id.worldcat.org/fast/1133492.,Stitches (Sewing),y,stitches-sewing,topical,Stitches (Sewing),,auto-seeded draft; review
lcsh|stitches-sewing-poetry,Stitches (Sewing) -- Poetry,y,stitches-sewing-poetry,topical,Stitches (Sewing) -- Poetry,,auto-seeded draft; review
lcsh|stochastic-systems,Stochastic systems,y,stochastic-systems,topical,Stochastic systems,,auto-seeded draft; review
lcsh|stone,Stone,y,stone,topical,Stone,,auto-seeded draft; review
http://id.worldcat.org/fast/1133836.,Stone carvers,y,stone-carvers,topical,Stone carvers,,auto-seeded draft; review
lcsh|stone-carvers-indiana-interviews,Stone carvers -- Indiana -- Interviews,y,stone-carvers-indiana-interviews,topical,Stone carvers -- Indiana -- Interviews,,auto-seeded draft; review
http://id.worldcat.org/fast/1133914.,Stone-cutters,y,stone-cutters,topical,Stone-cutters,,auto-seeded draft; review
lcsh|stone-cutters-indiana-interviews,Stone-cutters -- Indiana -- Interviews,y,stone-cutters-indiana-interviews,topical,Stone-cutters -- Indiana -- Interviews,,auto-seeded draft; review
lcsh|storefronts-united-states-pictorial-works,Storefronts -- United States -- Pictorial works,y,storefronts-united-states-pictorial-works,topical,Storefronts -- United States -- Pictorial works,,auto-seeded draft; review
http://id.worldcat.org/fast/1134043.,"Stores, Retail",y,stores-retail,topical,"Stores, Retail",,auto-seeded draft; review
lcsh|stores-retail-england-pictorial-works,"Stores, Retail -- England -- Pictorial works",y,stores-retail-england-pictorial-works,topical,"Stores, Retail -- England -- Pictorial works",,auto-seeded draft; review
http://id.worldcat.org/fast/1739131.,Stories in rhyme,y,stories-in-rhyme,topical,Stories in rhyme,,auto-seeded draft; review
lcshac|stories-in-rhyme,Stories in rhyme,y,stories-in-rhyme,topical,Stories in rhyme,,auto-seeded draft; review
lcsh|stories-in-rhyme-juvenile-literature,Stories in rhyme -- Juvenile literature,y,stories-in-rhyme-juvenile-literature,topical,Stories in rhyme -- Juvenile literature,,auto-seeded draft; review
http://id.loc.gov/authorities/subjects/sh85128407.,Storytelling,y,storytelling,topical,Storytelling,,auto-seeded draft; review
http://id.worldcat.org/fast/1134169.,Storytelling,y,storytelling,topical,Storytelling,,auto-seeded draft; review
lcsh|storytelling,Storytelling,y,storytelling,topical,Storytelling,,auto-seeded draft; review
lcsh|storytelling-in-art,Storytelling in art,y,storytelling-in-art,topical,Storytelling in art,,auto-seeded draft; review
http://id.loc.gov/authorities/subjects/sh95004001.,Strangers,y,strangers,topical,Strangers,,auto-seeded draft; review
http://id.worldcat.org/fast/1134317.,Strangers,y,strangers,topical,Strangers,,auto-seeded draft; review
lcsh|street-art-california-los-angeles,Street art -- California -- Los Angeles,y,street-art-california-los-angeles,topical,Street art -- California -- Los Angeles,,auto-seeded draft; review
lcsh|street-art-germany-berlin,Street art -- Germany -- Berlin,y,street-art-germany-berlin,topical,Street art -- Germany -- Berlin,,auto-seeded draft; review
http://id.worldcat.org/fast/1134710.,Street photography,y,street-photography,topical,Street photography,,auto-seeded draft; review
http://id.loc.gov/authorities/subjects/sh98007384.,Street photography,y,street-photography,topical,Street photography,,auto-seeded draft; review
(OCoLC)fst01134710.,Street photography,y,street-photography,topical,Street photography,,auto-seeded draft; review
http://id.loc.gov/authorities/subjects/sh98007384,Street photography,y,street-photography,topical,Street photography,,auto-seeded draft; review
lcsh|street-photography-egypt-cairo,Street photography -- Egypt -- Cairo,y,street-photography-egypt-cairo,topical,Street photography -- Egypt -- Cairo,,auto-seeded draft; review
http://id.worldcat.org/fast/1134794.,Streets,y,streets,topical,Streets,,auto-seeded draft; review
lcsh|streets-brazil-s-o-paulo,Streets -- Brazil -- São Paulo,y,streets-brazil-s-o-paulo,topical,Streets -- Brazil -- São Paulo,,auto-seeded draft; review
lcsh|streets-comic-books-strips-etc,"Streets -- Comic books, strips, etc",y,streets-comic-books-strips-etc,topical,"Streets -- Comic books, strips, etc",,auto-seeded draft; review
lcsh|streets-in-art,Streets in art,y,streets-in-art,topical,Streets in art,,auto-seeded draft; review
http://id.loc.gov/authorities/subjects/sh85129014.,String figures,y,string-figures,topical,String figures,,auto-seeded draft; review
http://id.worldcat.org/fast/1135291.,String figures,y,string-figures,topical,String figures,,auto-seeded draft; review
lcsh|string-figures-philosophy,String figures -- Philosophy,y,string-figures-philosophy,topical,String figures -- Philosophy,,auto-seeded draft; review
http://id.loc.gov/authorities/subjects/sh85129015.,String in art,y,string-in-art,topical,String in art,,auto-seeded draft; review
http://id.worldcat.org/fast/1135292.,String in art,y,string-in-art,topical,String in art,,auto-seeded draft; review
lcsh|striptease-in-art,Striptease in art,y,striptease-in-art,topical,Striptease in art,,auto-seeded draft; review
http://id.loc.gov/authorities/subjects/sh85129210.,Structuralism,y,structuralism,topical,Structuralism,,auto-seeded draft; review
http://id.worldcat.org/fast/1135732.,Structuralism,y,structuralism,topical,Structuralism,,auto-seeded draft; review
lcsh|structuralism,Structuralism,y,structuralism,topical,Structuralism,,auto-seeded draft; review
unspecified|studentenbewegung,Studentenbewegung,y,studentenbewegung,topical,Studentenbewegung,,auto-seeded draft; review
http://id.worldcat.org/fast/1136041.,Students,y,students,topical,Students,,auto-seeded draft; review
http://id.worldcat.org/fast/1136098.,Students -- Political activity,y,students-political-activity,topical,Students -- Political activity,,auto-seeded draft; review
lcsh|students-political-activity-mexico-guerrero-state-21st-century,Students -- Political activity -- Mexico -- Guerrero (State) -- 21st century,y,students-political-activity-mexico-guerrero-state-21st-century,topical,Students -- Political activity -- Mexico -- Guerrero (State) -- 21st century,,auto-seeded draft; review
http://id.worldcat.org/fast/1136374.,Stūpas,y,st-pas,topical,Stūpas,,auto-seeded draft; review
lcsh|st-pas-exhibitions,Stūpas -- Exhibitions,y,st-pas-exhibitions,topical,Stūpas -- Exhibitions,,auto-seeded draft; review
http://id.loc.gov/authorities/subjects/sh2009008905.,Subconsciousness in art,y,subconsciousness-in-art,topical,Subconsciousness in art,,auto-seeded draft; review
http://id.worldcat.org/fast/1904814.,Subconsciousness in art,y,subconsciousness-in-art,topical,Subconsciousness in art,,auto-seeded draft; review
lcsh|subjectivity,Subjectivity,y,subjectivity,topical,Subjectivity,,auto-seeded draft; review
http://id.worldcat.org/fast/1136645.,Submarines (Ships),y,submarines-ships,topical,Submarines (Ships),,auto-seeded draft; review
cct|submarines-ships-fiction,Submarines (Ships) -- Fiction,y,submarines-ships-fiction,topical,Submarines (Ships) -- Fiction,,auto-seeded draft; review
http://id.loc.gov/authorities/subjects/sh2008111633.,Submarines (Ships) -- Fiction,y,submarines-ships-fiction,topical,Submarines (Ships) -- Fiction,,auto-seeded draft; review
http://id.worldcat.org/fast/1136930.,Suburban life,y,suburban-life,topical,Suburban life,,auto-seeded draft; review
lcsh|suburban-life-california-pictorial-works,Suburban life -- California -- Pictorial works,y,suburban-life-california-pictorial-works,topical,Suburban life -- California -- Pictorial works,,auto-seeded draft; review
http://id.worldcat.org/fast/1136941.,Suburbs,y,suburbs,topical,Suburbs,,auto-seeded draft; review
lcsh|suburbs-virginia-fairfax-county-pictorial-works,Suburbs -- Virginia -- Fairfax County -- Pictorial works,y,suburbs-virginia-fairfax-county-pictorial-works,topical,Suburbs -- Virginia -- Fairfax County -- Pictorial works,,auto-seeded draft; review
http://id.worldcat.org/fast/1136975.,Subways,y,subways,topical,Subways,,auto-seeded draft; review
http://id.loc.gov/authorities/subjects/sh85129576.,Subways -- Decoration,y,subways-decoration,topical,Subways -- Decoration,,auto-seeded draft; review
http://id.worldcat.org/fast/1136988.,Subways -- Decoration,y,subways-decoration,topical,Subways -- Decoration,,auto-seeded draft; review
http://id.loc.gov/authorities/subjects/sh00004907.,Subways in art,y,subways-in-art,topical,Subways in art,,auto-seeded draft; review
http://id.worldcat.org/fast/1137039.,Subways in art,y,subways-in-art,topical,Subways in art,,auto-seeded draft; review
lcsh|success,Success,y,success,topical,Success,,auto-seeded draft; review
(OCoLC)fst01137187,Suffrage,y,suffrage,topical,Suffrage,,auto-seeded draft; review
http://id.loc.gov/authorities/subjects/sh85129645,Suffrage -- United States -- History,y,suffrage-united-states-history,topical,Suffrage -- United States -- History,,auto-seeded draft; review
lcsh|suicide-bombers,Suicide bombers,y,suicide-bombers,topical,Suicide bombers,,auto-seeded draft; review
http://id.loc.gov/authorities/subjects/sh85129750.,Suicide victims,y,suicide-victims,topical,Suicide victims,,auto-seeded draft; review
http://id.worldcat.org/fast/1137618.,Suicide victims,y,suicide-victims,topical,Suicide victims,,auto-seeded draft; review
http://id.worldcat.org/fast/1138662.,Sundials,y,sundials,topical,Sundials,,auto-seeded draft; review
lcsh|sundials-greece-athens,Sundials -- Greece -- Athens,y,sundials-greece-athens,topical,Sundials -- Greece -- Athens,,auto-seeded draft; review
lcsh|sunflowers-pictorial-works,Sunflowers -- Pictorial works,y,sunflowers-pictorial-works,topical,Sunflowers -- Pictorial works,,auto-seeded draft; review
http://id.worldcat.org/fast/1895561.,Sunprinting (Photography),y,sunprinting-photography,topical,Sunprinting (Photography),,auto-seeded draft; review
lcsh|sunprinting-photography-specimens,Sunprinting (Photography) -- Specimens,y,sunprinting-photography-specimens,topical,Sunprinting (Photography) -- Specimens,,auto-seeded draft; review
http://id.loc.gov/authorities/subjects/sh2008005873.,Superheroes in art,y,superheroes-in-art,topical,Superheroes in art,,auto-seeded draft; review
http://id.worldcat.org/fast/1904834.,Superheroes in art,y,superheroes-in-art,topical,Superheroes in art,,auto-seeded draft; review
http://id.loc.gov/authorities/subjects/sh85130703.,Suprematism in art,y,suprematism-in-art,topical,Suprematism in art,,auto-seeded draft; review
http://id.worldcat.org/fast/1896107.,Suprematism in art,y,suprematism-in-art,topical,Suprematism in art,,auto-seeded draft; review
lcsh|suprematism-in-art,Suprematism in art,y,suprematism-in-art,topical,Suprematism in art,,auto-seeded draft; review
http://id.loc.gov/authorities/subjects/sh85130757.,Surfing,y,surfing,topical,Surfing,,auto-seeded draft; review
http://id.worldcat.org/fast/1139321.,Surfing,y,surfing,topical,Surfing,,auto-seeded draft; review
http://id.worldcat.org/fast/1139538.,Surrealism,y,surrealism,topical,Surrealism,,auto-seeded draft; review
lcsh|surrealism-england,Surrealism -- England,y,surrealism-england,topical,Surrealism -- England,,auto-seeded draft; review
lcsh|surrealism-united-states,Surrealism -- United States,y,surrealism-united-states,topical,Surrealism -- United States,,auto-seeded draft; review
http://id.worldcat.org/fast/1139579.,Surveying,y,surveying,topical,Surveying,,auto-seeded draft; review
http://id.worldcat.org/fast/1761768.,Survival,y,survival,topical,Survival,,auto-seeded draft; review
http://id.loc.gov/authorities/subjects/sh85130882.,Survival,y,survival,topical,Survival,,auto-seeded draft; review
http://id.loc.gov/authorities/subjects/sh2010115155.,"Survival -- Handbooks, manuals, etc",y,survival-handbooks-manuals-etc,topical,"Survival -- Handbooks, manuals, etc",,auto-seeded draft; review
http://id.loc.gov/authorities/subjects/sh85130879.,Survival and emergency equipment,y,survival-and-emergency-equipment,topical,Survival and emergency equipment,,auto-seeded draft; review
http://id.worldcat.org/fast/1139652.,Survival and emergency equipment,y,survival-and-emergency-equipment,topical,Survival and emergency equipment,,auto-seeded draft; review
http://id.loc.gov/authorities/subjects/sh87004216.,Sustainable agriculture,y,sustainable-agriculture,topical,Sustainable agriculture,,auto-seeded draft; review
http://id.worldcat.org/fast/1139712.,Sustainable agriculture,y,sustainable-agriculture,topical,Sustainable agriculture,,auto-seeded draft; review
lcsh|swallows-in-art,Swallows in art,y,swallows-in-art,topical,Swallows in art,,auto-seeded draft; review
lcsh|swimming-in-art,Swimming in art,y,swimming-in-art,topical,Swimming in art,,auto-seeded draft; review
http://id.worldcat.org/fast/1140385.,Swimming pools,y,swimming-pools,topical,Swimming pools,,auto-seeded draft; review
lcsh|swimming-pools-pictorial-works,Swimming pools -- Pictorial works,y,swimming-pools-pictorial-works,topical,Swimming pools -- Pictorial works,,auto-seeded draft; review
http://id.worldcat.org/fast/1140771.,Symbolism in art,y,symbolism-in-art,topical,Symbolism in art,,auto-seeded draft; review
http://id.loc.gov/authorities/subjects/sh85131415.,Symbolism in art,y,symbolism-in-art,topical,Symbolism in art,,auto-seeded draft; review
lcsh|symbolism-in-art-philosophy,Symbolism in art -- Philosophy,y,symbolism-in-art-philosophy,topical,Symbolism in art -- Philosophy,,auto-seeded draft; review
http://id.loc.gov/authorities/subjects/sh85131441.,Symmetry (Art),y,symmetry-art,topical,Symmetry (Art),,auto-seeded draft; review
http://id.worldcat.org/fast/1140816.,Symmetry (Art),y,symmetry-art,topical,Symmetry (Art),,auto-seeded draft; review
http://id.worldcat.org/fast/1142279.,Talismans,y,talismans,topical,Talismans,,auto-seeded draft; review
lcsh|talismans,Talismans,y,talismans,topical,Talismans,,auto-seeded draft; review
lcsh|talismans-specimens,Talismans -- Specimens,y,talismans-specimens,topical,Talismans -- Specimens,,auto-seeded draft; review
lcsh|tamil-indic-people-housing-pictorial-works,Tamil (Indic people) -- Housing -- Pictorial works,y,tamil-indic-people-housing-pictorial-works,topical,Tamil (Indic people) -- Housing -- Pictorial works,,auto-seeded draft; review
lcsh|tampons-in-art,Tampons in art,y,tampons-in-art,topical,Tampons in art,,auto-seeded draft; review
http://id.worldcat.org/fast/1142640.,Tango (Dance),y,tango-dance,topical,Tango (Dance),,auto-seeded draft; review
lcsh|tango-dance-caricatures-and-cartoons,Tango (Dance) -- Caricatures and cartoons,y,tango-dance-caricatures-and-cartoons,topical,Tango (Dance) -- Caricatures and cartoons,,auto-seeded draft; review
http://id.loc.gov/authorities/subjects/sh96012133.,Tango (Dance) in art,y,tango-dance-in-art,topical,Tango (Dance) in art,,auto-seeded draft; review
http://id.worldcat.org/fast/1142648.,Tango (Dance) in art,y,tango-dance-in-art,topical,Tango (Dance) in art,,auto-seeded draft; review
http://id.worldcat.org/fast/1142780.,Tanks (Military science),y,tanks-military-science,topical,Tanks (Military science),,auto-seeded draft; review
lcsh|tanks-military-science-miscellanea,Tanks (Military science) -- Miscellanea,y,tanks-military-science-miscellanea,topical,Tanks (Military science) -- Miscellanea,,auto-seeded draft; review
http://id.loc.gov/authorities/subjects/sh2007004137.,Tanks (Military science) in art,y,tanks-military-science-in-art,topical,Tanks (Military science) in art,,auto-seeded draft; review
http://id.worldcat.org/fast/1904861.,Tanks (Military science) in art,y,tanks-military-science-in-art,topical,Tanks (Military science) in art,,auto-seeded draft; review
lcsh|taoism-poetry,Taoism -- Poetry,y,taoism-poetry,topical,Taoism -- Poetry,,auto-seeded draft; review
lcsh|targets-shooting-pictorial-works,Targets (Shooting) -- Pictorial works,y,targets-shooting-pictorial-works,topical,Targets (Shooting) -- Pictorial works,,auto-seeded draft; review
http://id.loc.gov/authorities/subjects/sh85132686.,Tarot,y,tarot,topical,Tarot,,auto-seeded draft; review
http://id.worldcat.org/fast/1143418.,Tarot,y,tarot,topical,Tarot,,auto-seeded draft; review
lcsh|tarot-mexico,Tarot -- Mexico,y,tarot-mexico,topical,Tarot -- Mexico,,auto-seeded draft; review
http://id.loc.gov/authorities/subjects/sh97001626.,Tarot in art,y,tarot-in-art,topical,Tarot in art,,auto-seeded draft; review
http://id.worldcat.org/fast/1143428.,Tarot in art,y,tarot-in-art,topical,Tarot in art,,auto-seeded draft; review
lcsh|tattoo-artists-california-los-angeles,Tattoo artists -- California -- Los Angeles,y,tattoo-artists-california-los-angeles,topical,Tattoo artists -- California -- Los Angeles,,auto-seeded draft; review
http://id.loc.gov/authorities/subjects/sh85132770.,Tattooing,y,tattooing,topical,Tattooing,,auto-seeded draft; review
http://id.worldcat.org/fast/1143549.,Tattooing,y,tattooing,topical,Tattooing,,auto-seeded draft; review
lcsh|tax-returns-in-art,Tax returns in art,y,tax-returns-in-art,topical,Tax returns in art,,auto-seeded draft; review
lcsh|taxation-in-art,Taxation in art,y,taxation-in-art,topical,Taxation in art,,auto-seeded draft; review
http://id.worldcat.org/fast/1144037.,Taxicabs,y,taxicabs,topical,Taxicabs,,auto-seeded draft; review
lcsh|taxicabs-mali-pictorial-works,Taxicabs -- Mali -- Pictorial works,y,taxicabs-mali-pictorial-works,topical,Taxicabs -- Mali -- Pictorial works,,auto-seeded draft; review
http://id.worldcat.org/fast/1144058.,Taxidermy,y,taxidermy,topical,Taxidermy,,auto-seeded draft; review
lcsh|taxidermy-pictorial-works,Taxidermy -- Pictorial works,y,taxidermy-pictorial-works,topical,Taxidermy -- Pictorial works,,auto-seeded draft; review
http://id.worldcat.org/fast/1144120.,Tea,y,tea,topical,Tea,,auto-seeded draft; review
lcsh|tea-pictorial-works,Tea -- Pictorial works,y,tea-pictorial-works,topical,Tea -- Pictorial works,,auto-seeded draft; review
lcsh|teachers,Teachers,y,teachers,topical,Teachers,,auto-seeded draft; review
lcsh|teaching-handbooks-manuals-etc,"Teaching -- Handbooks, manuals, etc",y,teaching-handbooks-manuals-etc,topical,"Teaching -- Handbooks, manuals, etc",,auto-seeded draft; review
http://id.worldcat.org/fast/1144704.,Teapots,y,teapots,topical,Teapots,,auto-seeded draft; review
lcsh|teapots-pictorial-works,Teapots -- Pictorial works,y,teapots-pictorial-works,topical,Teapots -- Pictorial works,,auto-seeded draft; review
lcsh|technological-innovations-social-aspects-united-states,Technological innovations -- Social aspects -- United States,y,technological-innovations-social-aspects-united-states,topical,Technological innovations -- Social aspects -- United States,,auto-seeded draft; review
http://id.loc.gov/authorities/subjects/sh85133180.,Technology and civilization,y,technology-and-civilization,topical,Technology and civilization,,auto-seeded draft; review
http://id.worldcat.org/fast/1145253.,Technology and civilization,y,technology-and-civilization,topical,Technology and civilization,,auto-seeded draft; review
lcsh|technology-and-the-arts,Technology and the arts,y,technology-and-the-arts,topical,Technology and the arts,,auto-seeded draft; review
http://id.loc.gov/authorities/subjects/sh85133190.,Technology in art,y,technology-in-art,topical,Technology in art,,auto-seeded draft; review
http://id.worldcat.org/fast/1145291.,Technology in art,y,technology-in-art,topical,Technology in art,,auto-seeded draft; review
http://id.worldcat.org/fast/1145412.,Teenage girls,y,teenage-girls,topical,Teenage girls,,auto-seeded draft; review
http://id.worldcat.org/fast/1145421.,Teenage girls -- Crimes against,y,teenage-girls-crimes-against,topical,Teenage girls -- Crimes against,,auto-seeded draft; review
lcsh|teenage-girls-crimes-against-italy-naples-pictorial-works,Teenage girls -- Crimes against -- Italy -- Naples -- Pictorial works,y,teenage-girls-crimes-against-italy-naples-pictorial-works,topical,Teenage girls -- Crimes against -- Italy -- Naples -- Pictorial works,,auto-seeded draft; review
http://id.loc.gov/authorities/subjects/sh2008112612.,Teenage girls -- Fiction,y,teenage-girls-fiction,topical,Teenage girls -- Fiction,,auto-seeded draft; review
http://id.worldcat.org/fast/1145431.,Teenage girls -- Fiction,y,teenage-girls-fiction,topical,Teenage girls -- Fiction,,auto-seeded draft; review
lcsh|teenage-girls-italy-naples-social-conditions-pictorial-works,Teenage girls -- Italy -- Naples -- Social conditions -- Pictorial works,y,teenage-girls-italy-naples-social-conditions-pictorial-works,topical,Teenage girls -- Italy -- Naples -- Social conditions -- Pictorial works,,auto-seeded draft; review
http://id.worldcat.org/fast/1145452.,Teenage girls -- Social conditions,y,teenage-girls-social-conditions,topical,Teenage girls -- Social conditions,,auto-seeded draft; review
http://id.loc.gov/authorities/subjects/sh93005742.,Teenage girls in popular culture,y,teenage-girls-in-popular-culture,topical,Teenage girls in popular culture,,auto-seeded draft; review
http://id.worldcat.org/fast/1145460.,Teenage girls in popular culture,y,teenage-girls-in-popular-culture,topical,Teenage girls in popular culture,,auto-seeded draft; review
lcsh|teeth-eruption-pictorial-works,Teeth -- Eruption -- Pictorial works,y,teeth-eruption-pictorial-works,topical,Teeth -- Eruption -- Pictorial works,,auto-seeded draft; review
gtt|tekeningen,Tekeningen,y,tekeningen,topical,Tekeningen,,auto-seeded draft; review
http://id.loc.gov/authorities/subjects/sh99004511.,Telephone calls,y,telephone-calls,topical,Telephone calls,,auto-seeded draft; review
http://id.worldcat.org/fast/1146358.,Telephone calls,y,telephone-calls,topical,Telephone calls,,auto-seeded draft; review
http://id.loc.gov/authorities/subjects/sh2003001102.,Television and art,y,television-and-art,topical,Television and art,,auto-seeded draft; review
http://id.worldcat.org/fast/1146674.,Television and art,y,television-and-art,topical,Television and art,,auto-seeded draft; review
http://id.worldcat.org/fast/1146714.,Television broadcasting,y,television-broadcasting,topical,Television broadcasting,,auto-seeded draft; review
lcsh|television-broadcasting,Television broadcasting,y,television-broadcasting,topical,Television broadcasting,,auto-seeded draft; review
lcsh|television-broadcasting-michigan-detroit,Television broadcasting -- Michigan -- Detroit,y,television-broadcasting-michigan-detroit,topical,Television broadcasting -- Michigan -- Detroit,,auto-seeded draft; review
http://id.loc.gov/authorities/subjects/sh85133589.,Television broadcasting -- United States,y,television-broadcasting-united-states,topical,Television broadcasting -- United States,,auto-seeded draft; review
http://id.loc.gov/authorities/subjects/sh97001631,Television in art,y,television-in-art,topical,Television in art,,auto-seeded draft; review
unspecified|television-programs,Television programs,y,television-programs,topical,Television programs,,auto-seeded draft; review
lcsh|television-programs-excerpts,Television programs -- Excerpts,y,television-programs-excerpts,topical,Television programs -- Excerpts,,auto-seeded draft; review
lcsh|television-programs-in-art,Television programs -- In art,y,television-programs-in-art,topical,Television programs -- In art,,auto-seeded draft; review
lcsh|tenors-singers-great-britain-biography,Tenors (Singers) -- Great Britain -- Biography,y,tenors-singers-great-britain-biography,topical,Tenors (Singers) -- Great Britain -- Biography,,auto-seeded draft; review
unspecified|tentoonstellingscatalogi-vorm,Tentoonstellingscatalogi (vorm),y,tentoonstellingscatalogi-vorm,topical,Tentoonstellingscatalogi (vorm),,auto-seeded draft; review
http://id.loc.gov/authorities/subjects/sh85134112.,Terrorism,y,terrorism,topical,Terrorism,,auto-seeded draft; review
http://id.worldcat.org/fast/1148101.,Terrorism,y,terrorism,topical,Terrorism,,auto-seeded draft; review
http://id.loc.gov/authorities/subjects/sh85134113.,Terrorism in art,y,terrorism-in-art,topical,Terrorism in art,,auto-seeded draft; review
http://id.worldcat.org/fast/1148150.,Terrorism in art,y,terrorism-in-art,topical,Terrorism in art,,auto-seeded draft; review
(DE-576)209131136,Terrorismus,y,terrorismus,topical,Terrorismus,,auto-seeded draft; review
unspecified|terrorismus,Terrorismus,y,terrorismus,topical,Terrorismus,,auto-seeded draft; review
lcsh|terrorists-germany-fiction,Terrorists -- Germany -- Fiction,y,terrorists-germany-fiction,topical,Terrorists -- Germany -- Fiction,,auto-seeded draft; review
http://id.worldcat.org/fast/1148594.,Textile artists,y,textile-artists,topical,Textile artists,,auto-seeded draft; review
lcsh|textile-artists-united-states-biography,Textile artists -- United States -- Biography,y,textile-artists-united-states-biography,topical,Textile artists -- United States -- Biography,,auto-seeded draft; review
lcsh|textile-artists-united-states-exhibitions,Textile artists -- United States -- Exhibitions,y,textile-artists-united-states-exhibitions,topical,Textile artists -- United States -- Exhibitions,,auto-seeded draft; review
http://id.loc.gov/authorities/subjects/sh85134309.,Textile crafts,y,textile-crafts,topical,Textile crafts,,auto-seeded draft; review
http://id.worldcat.org/fast/1148602.,Textile crafts,y,textile-crafts,topical,Textile crafts,,auto-seeded draft; review
lcsh|textile-fabrics,Textile fabrics,y,textile-fabrics,topical,Textile fabrics,,auto-seeded draft; review
lcsh|textile-fabrics-specimens,Textile fabrics -- Specimens,y,textile-fabrics-specimens,topical,Textile fabrics -- Specimens,,auto-seeded draft; review
http://id.loc.gov/authorities/subjects/sh97001639.,Textile fabrics in art,y,textile-fabrics-in-art,topical,Textile fabrics in art,,auto-seeded draft; review
http://id.worldcat.org/fast/1148702.,Textile fabrics in art,y,textile-fabrics-in-art,topical,Textile fabrics in art,,auto-seeded draft; review
lcsh|textile-fabrics-in-art,Textile fabrics in art,y,textile-fabrics-in-art,topical,Textile fabrics in art,,auto-seeded draft; review
lcsh|theater-political-aspects-periodicals,Theater -- Political aspects -- Periodicals,y,theater-political-aspects-periodicals,topical,Theater -- Political aspects -- Periodicals,,auto-seeded draft; review
http://id.loc.gov/authorities/subjects/sh85134572,Theater in art,y,theater-in-art,topical,Theater in art,,auto-seeded draft; review
http://id.worldcat.org/fast/1149370.,Theaters,y,theaters,topical,Theaters,,auto-seeded draft; review
http://id.loc.gov/authorities/subjects/sh85134589.,Theaters -- Models,y,theaters-models,topical,Theaters -- Models,,auto-seeded draft; review
http://id.worldcat.org/fast/1149393.,Theaters -- Models,y,theaters-models,topical,Theaters -- Models,,auto-seeded draft; review
lcsh|theft,Theft,y,theft,topical,Theft,,auto-seeded draft; review
http://id.worldcat.org/fast/1355139.,"Themes, motives",y,themes-motives,topical,"Themes, motives",,auto-seeded draft; review
http://id.loc.gov/authorities/subjects/sh97001649.,Thirteen (The number) in art,y,thirteen-the-number-in-art,topical,Thirteen (The number) in art,,auto-seeded draft; review
http://id.worldcat.org/fast/1150133.,Thirteen (The number) in art,y,thirteen-the-number-in-art,topical,Thirteen (The number) in art,,auto-seeded draft; review
http://id.loc.gov/authorities/subjects/sh85134988.,Thought and thinking,y,thought-and-thinking,topical,Thought and thinking,,auto-seeded draft; review
http://id.worldcat.org/fast/1150249.,Thought and thinking,y,thought-and-thinking,topical,Thought and thinking,,auto-seeded draft; review
http://id.loc.gov/authorities/subjects/sh2011003638.,Thought and thinking in art,y,thought-and-thinking-in-art,topical,Thought and thinking in art,,auto-seeded draft; review
http://id.worldcat.org/fast/1904926.,Thought and thinking in art,y,thought-and-thinking-in-art,topical,Thought and thinking in art,,auto-seeded draft; review
lcsh|tigers-in-art,Tigers in art,y,tigers-in-art,topical,Tigers in art,,auto-seeded draft; review
http://id.worldcat.org/fast/1151043.,Time,y,time,topical,Time,,auto-seeded draft; review
http://id.loc.gov/authorities/subjects/sh2008112898.,Time -- Philosophy,y,time-philosophy,topical,Time -- Philosophy,,auto-seeded draft; review
http://id.worldcat.org/fast/1151053.,Time -- Philosophy,y,time-philosophy,topical,Time -- Philosophy,,auto-seeded draft; review
lcsh|time-quotations-maxims-etc,"Time -- Quotations, maxims, etc",y,time-quotations-maxims-etc,topical,"Time -- Quotations, maxims, etc",,auto-seeded draft; review
lcsh|time-capsules-rhode-island-providence,Time capsules -- Rhode Island -- Providence,y,time-capsules-rhode-island-providence,topical,Time capsules -- Rhode Island -- Providence,,auto-seeded draft; review
http://id.loc.gov/authorities/subjects/sh85135412.,Time in art,y,time-in-art,topical,Time in art,,auto-seeded draft; review
http://id.worldcat.org/fast/1151107.,Time in art,y,time-in-art,topical,Time in art,,auto-seeded draft; review
lcsh|time-in-art,Time in art,y,time-in-art,topical,Time in art,,auto-seeded draft; review
lcsh|tintin-fictitious-character,Tintin (Fictitious character),y,tintin-fictitious-character,topical,Tintin (Fictitious character),,auto-seeded draft; review
lcsh|tintype-specimens,Tintype -- Specimens,y,tintype-specimens,topical,Tintype -- Specimens,,auto-seeded draft; review
http://id.loc.gov/authorities/subjects/sh85136049.,Tools,y,tools,topical,Tools,,auto-seeded draft; review
http://id.worldcat.org/fast/1152598.,Tools,y,tools,topical,Tools,,auto-seeded draft; review
http://id.worldcat.org/fast/1152654.,Topiary work,y,topiary-work,topical,Topiary work,,auto-seeded draft; review
lcsh|topiary-work-pictorial-works,Topiary work -- Pictorial works,y,topiary-work-pictorial-works,topical,Topiary work -- Pictorial works,,auto-seeded draft; review
http://id.loc.gov/authorities/subjects/sh85136123.,Tornadoes,y,tornadoes,topical,Tornadoes,,auto-seeded draft; review
http://id.worldcat.org/fast/1152763.,Tornadoes,y,tornadoes,topical,Tornadoes,,auto-seeded draft; review
lcsh|tornadoes-alabama-in-art,Tornadoes -- Alabama -- In art,y,tornadoes-alabama-in-art,topical,Tornadoes -- Alabama -- In art,,auto-seeded draft; review
lcsh|torture,Torture,y,torture,topical,Torture,,auto-seeded draft; review
http://id.loc.gov/authorities/subjects/sh96012210.,Torture in art,y,torture-in-art,topical,Torture in art,,auto-seeded draft; review
http://id.worldcat.org/fast/1152971.,Torture in art,y,torture-in-art,topical,Torture in art,,auto-seeded draft; review
lcsh|torture-in-art,Torture in art,y,torture-in-art,topical,Torture in art,,auto-seeded draft; review
http://id.worldcat.org/fast/1153061.,Totems,y,totems,topical,Totems,,auto-seeded draft; review
lcsh|totems-specimens,Totems -- Specimens,y,totems-specimens,topical,Totems -- Specimens,,auto-seeded draft; review
(DE-576)21003467X,Toter,y,toter,topical,Toter,,auto-seeded draft; review
http://id.loc.gov/authorities/subjects/sh85136294.,"Tower of the Winds (Athens, Greece)",y,tower-of-the-winds-athens-greece,topical,"Tower of the Winds (Athens, Greece)",,auto-seeded draft; review
http://id.worldcat.org/fast/1153278.,"Tower of the Winds (Athens, Greece)",y,tower-of-the-winds-athens-greece,topical,"Tower of the Winds (Athens, Greece)",,auto-seeded draft; review
lcsh|towers-in-art,Towers in art,y,towers-in-art,topical,Towers in art,,auto-seeded draft; review
lcsh|toy-and-movable-books,Toy and movable books,y,toy-and-movable-books,topical,Toy and movable books,,auto-seeded draft; review
(OCoLC)fst01153422,Toy and movable books,y,toy-and-movable-books,topical,Toy and movable books,,auto-seeded draft; review
cct|toy-and-movable-books,Toy and movable books,y,toy-and-movable-books,topical,Toy and movable books,,auto-seeded draft; review
http://id.loc.gov/authorities/childrensSubjects/sj2021050009.,Toy and movable books,y,toy-and-movable-books,topical,Toy and movable books,,auto-seeded draft; review
http://id.loc.gov/authorities/subjects/sh85136346,Toy and movable books,y,toy-and-movable-books,topical,Toy and movable books,,auto-seeded draft; review
http://id.worldcat.org/fast/1153422.,Toy and movable books,y,toy-and-movable-books,topical,Toy and movable books,,auto-seeded draft; review
lcshac|toy-and-movable-books,Toy and movable books,y,toy-and-movable-books,topical,Toy and movable books,,auto-seeded draft; review
lcsh|toy-and-movable-books-design,Toy and movable books -- Design,y,toy-and-movable-books-design,topical,Toy and movable books -- Design,,auto-seeded draft; review
lcsh|toy-and-movable-books-exhibitions,Toy and movable books -- Exhibitions,y,toy-and-movable-books-exhibitions,topical,Toy and movable books -- Exhibitions,,auto-seeded draft; review
lcsh|toy-and-movable-books-maine-exhibitions,Toy and movable books -- Maine -- Exhibitions,y,toy-and-movable-books-maine-exhibitions,topical,Toy and movable books -- Maine -- Exhibitions,,auto-seeded draft; review
lcsh|toy-and-movable-books-specimens,Toy and movable books -- Specimens,y,toy-and-movable-books-specimens,topical,Toy and movable books -- Specimens,,auto-seeded draft; review
http://id.loc.gov/authorities/subjects/sh2008112783.,Toy and movable books -- Specimens,y,toy-and-movable-books-specimens,topical,Toy and movable books -- Specimens,,auto-seeded draft; review
http://id.worldcat.org/fast/1153424.,Toy and movable books -- Specimens,y,toy-and-movable-books-specimens,topical,Toy and movable books -- Specimens,,auto-seeded draft; review
http://id.loc.gov/authorities/subjects/sh2008112783,Toy and movable books -- Specimens,y,toy-and-movable-books-specimens,topical,Toy and movable books -- Specimens,,auto-seeded draft; review
cct|toy-and-movable-books-specimens,Toy and movable books -- Specimens,y,toy-and-movable-books-specimens,topical,Toy and movable books -- Specimens,,auto-seeded draft; review
lcsh|toy-and-movable-books-united-states-21st-century,Toy and movable books -- United States -- 21st century,y,toy-and-movable-books-united-states-21st-century,topical,Toy and movable books -- United States -- 21st century,,auto-seeded draft; review
lcsh|toy-and-moveable-books,Toy and moveable books,y,toy-and-moveable-books,topical,Toy and moveable books,,auto-seeded draft; review
lcsh|toy-and-moveable-books-specimens,Toy and moveable books -- Specimens,y,toy-and-moveable-books-specimens,topical,Toy and moveable books -- Specimens,,auto-seeded draft; review
lcsh|toys,Toys,y,toys,topical,Toys,,auto-seeded draft; review
http://id.loc.gov/authorities/subjects/sh85136377.,Toys in art,y,toys-in-art,topical,Toys in art,,auto-seeded draft; review
http://id.worldcat.org/fast/1153517.,Toys in art,y,toys-in-art,topical,Toys in art,,auto-seeded draft; review
http://id.worldcat.org/fast/1153995.,Traffic accident victims,y,traffic-accident-victims,topical,Traffic accident victims,,auto-seeded draft; review
http://id.loc.gov/authorities/subjects/sh2008112703.,Traffic accident victims -- Fiction,y,traffic-accident-victims-fiction,topical,Traffic accident victims -- Fiction,,auto-seeded draft; review
https://homosaurus.org/v4/homoit0001643.,Trans men,y,trans-men,topical,Trans men,,auto-seeded draft; review
lcsh|trans-people,Trans people,y,trans-people,topical,Trans people,,auto-seeded draft; review
https://en.homosaurus.org/v4/homoit0001642.,Trans women,y,trans-women,topical,Trans women,,auto-seeded draft; review
https://homosaurus.org/v4/homoit0001390.,Transgender artists,y,transgender-artists,topical,Transgender artists,,auto-seeded draft; review
https://homosaurus.org/v4/homoit0001415.,Transgender identity,y,transgender-identity,topical,Transgender identity,,auto-seeded draft; review
http://id.worldcat.org/fast/1765239.,Transgender people,y,transgender-people,topical,Transgender people,,auto-seeded draft; review
https://homosaurus.org/v4/homoit0001378.,Transgender people,y,transgender-people,topical,Transgender people,,auto-seeded draft; review
http://id.loc.gov/authorities/subjects/sh2007003708.,Transgender people,y,transgender-people,topical,Transgender people,,auto-seeded draft; review
lcsh|transgender-people-cuba-havana-portraits,Transgender people -- Cuba -- Havana -- Portraits,y,transgender-people-cuba-havana-portraits,topical,Transgender people -- Cuba -- Havana -- Portraits,,auto-seeded draft; review
lcsh|transgender-people-cuba-portraits,Transgender people -- Cuba -- Portraits,y,transgender-people-cuba-portraits,topical,Transgender people -- Cuba -- Portraits,,auto-seeded draft; review
lcsh|transgender-people-family-relationships,Transgender people -- Family relationships,y,transgender-people-family-relationships,topical,Transgender people -- Family relationships,,auto-seeded draft; review
http://id.loc.gov/authorities/subjects/sh2007005095.,Transgender people -- Identity,y,transgender-people-identity,topical,Transgender people -- Identity,,auto-seeded draft; review
http://id.worldcat.org/fast/1766527.,Transgender people -- Identity,y,transgender-people-identity,topical,Transgender people -- Identity,,auto-seeded draft; review
http://id.worldcat.org/fast/2070482.,Transgender people -- Medical care,y,transgender-people-medical-care,topical,Transgender people -- Medical care,,auto-seeded draft; review
lcsh|transgender-people-medical-care-united-states,Transgender people -- Medical care -- United States,y,transgender-people-medical-care-united-states,topical,Transgender people -- Medical care -- United States,,auto-seeded draft; review
http://id.loc.gov/authorities/subjects/sh2015000095.,Transgender people in art,y,transgender-people-in-art,topical,Transgender people in art,,auto-seeded draft; review
http://id.worldcat.org/fast/1920728.,Transgender people in art,y,transgender-people-in-art,topical,Transgender people in art,,auto-seeded draft; review
http://id.loc.gov/authorities/subjects/sh2007003735.,Transgender people's writings,y,transgender-people-s-writings,topical,Transgender people's writings,,auto-seeded draft; review
http://id.worldcat.org/fast/1743060.,Transgender people's writings,y,transgender-people-s-writings,topical,Transgender people's writings,,auto-seeded draft; review
http://id.worldcat.org/fast/2003494.,Transgender women,y,transgender-women,topical,Transgender women,,auto-seeded draft; review
lcsh|transgender-women-united-states-biography,Transgender women -- United States -- Biography,y,transgender-women-united-states-biography,topical,Transgender women -- United States -- Biography,,auto-seeded draft; review
https://homosaurus.org/v4/homoit0001465.,Transitioning (Gender),y,transitioning-gender,topical,Transitioning (Gender),,auto-seeded draft; review
http://id.loc.gov/authorities/subjects/sh85136958.,Translating and interpreting,y,translating-and-interpreting,topical,Translating and interpreting,,auto-seeded draft; review
http://id.worldcat.org/fast/1154795.,Translating and interpreting,y,translating-and-interpreting,topical,Translating and interpreting,,auto-seeded draft; review
http://id.worldcat.org/fast/1155007.,Transportation,y,transportation,topical,Transportation,,auto-seeded draft; review
http://id.loc.gov/authorities/subjects/sh85137042.,Transportation -- Planning,y,transportation-planning,topical,Transportation -- Planning,,auto-seeded draft; review
http://id.worldcat.org/fast/1155146.,Transportation -- Planning,y,transportation-planning,topical,Transportation -- Planning,,auto-seeded draft; review
lcsh|transportation-accidents-que-bec-province-montre-al,Transportation accidents -- Québec (Province) -- Montréal,y,transportation-accidents-que-bec-province-montre-al,topical,Transportation accidents -- Québec (Province) -- Montréal,,auto-seeded draft; review
https://homosaurus.org/v4/homoit0001381.,Transsexual people,y,transsexual-people,topical,Transsexual people,,auto-seeded draft; review
http://id.worldcat.org/fast/1155432.,Transsexuals,y,transsexuals,topical,Transsexuals,,auto-seeded draft; review
http://id.loc.gov/authorities/subjects/sh85137086.,Transsexuals,y,transsexuals,topical,Transsexuals,,auto-seeded draft; review
lcsh|transsexuals-cuba-havana-portraits,Transsexuals -- Cuba -- Havana -- Portraits,y,transsexuals-cuba-havana-portraits,topical,Transsexuals -- Cuba -- Havana -- Portraits,,auto-seeded draft; review
http://id.loc.gov/authorities/subjects/sh98000944.,Trash art,y,trash-art,topical,Trash art,,auto-seeded draft; review
http://id.worldcat.org/fast/1155525.,Trash art,y,trash-art,topical,Trash art,,auto-seeded draft; review
http://id.worldcat.org/fast/1155558.,Travel,y,travel,topical,Travel,,auto-seeded draft; review
(OCoLC)fst01155558,Travel,y,travel,topical,Travel,,auto-seeded draft; review
http://id.loc.gov/authorities/subjects/sh85137149,Travel,y,travel,topical,Travel,,auto-seeded draft; review
http://id.worldcat.org/fast/1155596.,Travel -- Social aspects,y,travel-social-aspects,topical,Travel -- Social aspects,,auto-seeded draft; review
lcsh|travel-social-aspects,Travel -- Social aspects,y,travel-social-aspects,topical,Travel -- Social aspects,,auto-seeded draft; review
http://id.loc.gov/authorities/subjects/sh97001663.,Travel in art,y,travel-in-art,topical,Travel in art,,auto-seeded draft; review
http://id.worldcat.org/fast/1155639.,Travel in art,y,travel-in-art,topical,Travel in art,,auto-seeded draft; review
unspecified|travelers-writings,Travelers' writings,y,travelers-writings,topical,Travelers' writings,,auto-seeded draft; review
lcsh|travelers-writings-british,"Travelers' writings, British",y,travelers-writings-british,topical,"Travelers' writings, British",,auto-seeded draft; review
http://id.loc.gov/authorities/subjects/sh96012218,Tree of life in art,y,tree-of-life-in-art,topical,Tree of life in art,,auto-seeded draft; review
(OCoLC)fst01155984.,Trees,y,trees,topical,Trees,,auto-seeded draft; review
http://id.loc.gov/authorities/subjects/sh85137241,Trees,y,trees,topical,Trees,,auto-seeded draft; review
http://id.worldcat.org/fast/1155984.,Trees,y,trees,topical,Trees,,auto-seeded draft; review
lcsh|trees-pictorial-works,Trees -- Pictorial works,y,trees-pictorial-works,topical,Trees -- Pictorial works,,auto-seeded draft; review
lcsh|trees-turkey-istanbul-pictorial-works,Trees -- Turkey -- Istanbul -- Pictorial works,y,trees-turkey-istanbul-pictorial-works,topical,Trees -- Turkey -- Istanbul -- Pictorial works,,auto-seeded draft; review
http://id.loc.gov/authorities/subjects/sh85137260.,Trees in art,y,trees-in-art,topical,Trees in art,,auto-seeded draft; review
http://id.worldcat.org/fast/1156141.,Trees in art,y,trees-in-art,topical,Trees in art,,auto-seeded draft; review
lcsh|trees-in-art,Trees in art,y,trees-in-art,topical,Trees in art,,auto-seeded draft; review
(OCoLC)fst01156141.,Trees in art,y,trees-in-art,topical,Trees in art,,auto-seeded draft; review
http://id.loc.gov/authorities/subjects/sh85137260,Trees in art,y,trees-in-art,topical,Trees in art,,auto-seeded draft; review
lcsh|trees-in-literature,Trees in literature,y,trees-in-literature,topical,Trees in literature,,auto-seeded draft; review
(OCoLC)fst01156425,Trials (Witchcraft),y,trials-witchcraft,topical,Trials (Witchcraft),,auto-seeded draft; review
lcsh|trials-witchcraft-massachusetts-salem-poetry,Trials (Witchcraft) -- Massachusetts -- Salem -- Poetry,y,trials-witchcraft-massachusetts-salem-poetry,topical,Trials (Witchcraft) -- Massachusetts -- Salem -- Poetry,,auto-seeded draft; review
lcsh|triangle,Triangle,y,triangle,topical,Triangle,,auto-seeded draft; review
lcsh|triangles-interpersonal-relations,Triangles (Interpersonal relations),y,triangles-interpersonal-relations,topical,Triangles (Interpersonal relations),,auto-seeded draft; review
http://id.loc.gov/authorities/subjects/sh85138286.,Truthfulness and falsehood,y,truthfulness-and-falsehood,topical,Truthfulness and falsehood,,auto-seeded draft; review
http://id.worldcat.org/fast/1158255.,Truthfulness and falsehood,y,truthfulness-and-falsehood,topical,Truthfulness and falsehood,,auto-seeded draft; review
lcsh|tulip-mania-1634-1637,"Tulip Mania, 1634-1637",y,tulip-mania-1634-1637,topical,"Tulip Mania, 1634-1637",,auto-seeded draft; review
sao|tulpaner-historia,Tulpaner -- historia,y,tulpaner-historia,topical,Tulpaner -- historia,,auto-seeded draft; review
lcsh|tunnel-books-specimens,Tunnel books -- Specimens,y,tunnel-books-specimens,topical,Tunnel books -- Specimens,,auto-seeded draft; review
lcsh|turtles-folklore,Turtles -- Folklore,y,turtles-folklore,topical,Turtles -- Folklore,,auto-seeded draft; review
lcsh|twentieth-century-pictorial-works,Twentieth century -- Pictorial works,y,twentieth-century-pictorial-works,topical,Twentieth century -- Pictorial works,,auto-seeded draft; review
http://id.worldcat.org/fast/1159951.,Type and type-founding,y,type-and-type-founding,topical,Type and type-founding,,auto-seeded draft; review
lcsh|type-and-type-founding,Type and type-founding,y,type-and-type-founding,topical,Type and type-founding,,auto-seeded draft; review
lcsh|type-and-type-founding-specimens,Type and type-founding -- Specimens,y,type-and-type-founding-specimens,topical,Type and type-founding -- Specimens,,auto-seeded draft; review
http://id.loc.gov/authorities/subjects/sh00001054.,Type and type-founding -- Specimens,y,type-and-type-founding-specimens,topical,Type and type-founding -- Specimens,,auto-seeded draft; review
http://id.worldcat.org/fast/1159962.,Type and type-founding in art,y,type-and-type-founding-in-art,topical,Type and type-founding in art,,auto-seeded draft; review
http://id.loc.gov/authorities/subjects/sh97001769.,Type and type-founding in art,y,type-and-type-founding-in-art,topical,Type and type-founding in art,,auto-seeded draft; review
lcsh|type-and-type-founding-in-art-pictorial-works,Type and type-founding in art -- Pictorial works,y,type-and-type-founding-in-art-pictorial-works,topical,Type and type-founding in art -- Pictorial works,,auto-seeded draft; review
http://id.loc.gov/authorities/subjects/sh85139123,Typesetting,y,typesetting,topical,Typesetting,,auto-seeded draft; review
lcsh|typewriter-art,Typewriter art,y,typewriter-art,topical,Typewriter art,,auto-seeded draft; review
http://id.loc.gov/authorities/subjects/sh2011006069.,Typewriters in art,y,typewriters-in-art,topical,Typewriters in art,,auto-seeded draft; review
http://id.worldcat.org/fast/1904999.,Typewriters in art,y,typewriters-in-art,topical,Typewriters in art,,auto-seeded draft; review
local|typographic-art,Typographic art,y,typographic-art,topical,Typographic art,,auto-seeded draft; review
http://id.worldcat.org/fast/1160162.,Tzotzil language,y,tzotzil-language,topical,Tzotzil language,,auto-seeded draft; review
http://id.loc.gov/authorities/subjects/sh2010117267.,Tzotzil language -- Texts,y,tzotzil-language-texts,topical,Tzotzil language -- Texts,,auto-seeded draft; review
http://id.loc.gov/authorities/subjects/sh99000615.,Tzotzil poetry,y,tzotzil-poetry,topical,Tzotzil poetry,,auto-seeded draft; review
http://id.worldcat.org/fast/1160167.,Tzotzil poetry,y,tzotzil-poetry,topical,Tzotzil poetry,,auto-seeded draft; review
http://id.loc.gov/authorities/subjects/sh94005448.,Tzotzil women,y,tzotzil-women,topical,Tzotzil women,,auto-seeded draft; review
http://id.worldcat.org/fast/1160171.,Tzotzil women,y,tzotzil-women,topical,Tzotzil women,,auto-seeded draft; review
(DE-576)209139684,Übersetzung,y,bersetzung,topical,Übersetzung,,auto-seeded draft; review
http://id.worldcat.org/fast/1160372.,Uighur (Turkic people),y,uighur-turkic-people,topical,Uighur (Turkic people),,auto-seeded draft; review
lcsh|uighur-turkic-people-china-xinjiang-uygur-zizhiqu-pictorial-works,Uighur (Turkic people) -- China -- Xinjiang Uygur Zizhiqu -- Pictorial works,y,uighur-turkic-people-china-xinjiang-uygur-zizhiqu-pictorial-works,topical,Uighur (Turkic people) -- China -- Xinjiang Uygur Zizhiqu -- Pictorial works,,auto-seeded draft; review
lcsh|ukulele-history,Ukulele -- History,y,ukulele-history,topical,Ukulele -- History,,auto-seeded draft; review
lcsh|ultraviolet-radiation,Ultraviolet radiation,y,ultraviolet-radiation,topical,Ultraviolet radiation,,auto-seeded draft; review
lcsh|underground-press-publications-united-states-exhibitions,Underground press publications -- United States -- Exhibitions,y,underground-press-publications-united-states-exhibitions,topical,Underground press publications -- United States -- Exhibitions,,auto-seeded draft; review
lcsh|unemployed-drama,Unemployed -- Drama,y,unemployed-drama,topical,Unemployed -- Drama,,auto-seeded draft; review
http://id.loc.gov/authorities/subjects/sh85139672.,Unicorns in art,y,unicorns-in-art,topical,Unicorns in art,,auto-seeded draft; review
http://id.worldcat.org/fast/1161302.,Unicorns in art,y,unicorns-in-art,topical,Unicorns in art,,auto-seeded draft; review
kao//eng|united-states,United States,y,united-states-topical,topical,United States,,auto-seeded draft; review
unspecified|united-states,United States,y,united-states-topical,topical,United States,,auto-seeded draft; review
lcsh|united-states-foreign-relations-20th-century-pictorial-works,United States -- Foreign relations -- 20th century -- Pictorial works,y,united-states-foreign-relations-20th-century-pictorial-works,topical,United States -- Foreign relations -- 20th century -- Pictorial works,,auto-seeded draft; review
http://id.worldcat.org/fast/1161748.,Universities and colleges -- Faculty,y,universities-and-colleges-faculty,topical,Universities and colleges -- Faculty,,auto-seeded draft; review
http://id.worldcat.org/fast/1162160.,Upside-down books,y,upside-down-books,topical,Upside-down books,,auto-seeded draft; review
http://id.loc.gov/authorities/subjects/sh2008117352.,Upside-down books -- Specimens,y,upside-down-books-specimens,topical,Upside-down books -- Specimens,,auto-seeded draft; review
lcsh|upside-down-books-specimens,Upside-down books -- Specimens,y,upside-down-books-specimens,topical,Upside-down books -- Specimens,,auto-seeded draft; review
http://id.worldcat.org/fast/1163080.,Uruguayan poetry,y,uruguayan-poetry,topical,Uruguayan poetry,,auto-seeded draft; review
lcsh|uruguayan-poetry-21st-century,Uruguayan poetry -- 21st century,y,uruguayan-poetry-21st-century,topical,Uruguayan poetry -- 21st century,,auto-seeded draft; review
http://id.loc.gov/authorities/subjects/sh96011493.,USB (Computer bus),y,usb-computer-bus,topical,USB (Computer bus),,auto-seeded draft; review
http://id.worldcat.org/fast/1160265.,USB (Computer bus),y,usb-computer-bus,topical,USB (Computer bus),,auto-seeded draft; review
http://id.worldcat.org/fast/1163359.,Utopias,y,utopias,topical,Utopias,,auto-seeded draft; review
http://id.loc.gov/authorities/subjects/sh2008113158.,Utopias -- Fiction,y,utopias-fiction,topical,Utopias -- Fiction,,auto-seeded draft; review
http://id.loc.gov/authorities/subjects/sh97002460.,Utopias in art,y,utopias-in-art,topical,Utopias in art,,auto-seeded draft; review
http://id.worldcat.org/fast/1163371.,Utopias in art,y,utopias-in-art,topical,Utopias in art,,auto-seeded draft; review
http://id.loc.gov/authorities/subjects/sh85141637.,Utopias in literature,y,utopias-in-literature,topical,Utopias in literature,,auto-seeded draft; review
http://id.worldcat.org/fast/1163372.,Utopias in literature,y,utopias-in-literature,topical,Utopias in literature,,auto-seeded draft; review
http://id.worldcat.org/fast/1163651.,Vagina,y,vagina,topical,Vagina,,auto-seeded draft; review
https://homosaurus.org/v4/homoit0001488.,Vagina,y,vagina,topical,Vagina,,auto-seeded draft; review
lcsh|vagina-poetry,Vagina -- Poetry,y,vagina-poetry,topical,Vagina -- Poetry,,auto-seeded draft; review
http://id.loc.gov/authorities/subjects/sh85141832.,Valentines,y,valentines,topical,Valentines,,auto-seeded draft; review
http://id.worldcat.org/fast/1163796.,Valentines,y,valentines,topical,Valentines,,auto-seeded draft; review
unspecified|vautier-ben,"Vautier, Ben",y,vautier-ben,topical,"Vautier, Ben",,auto-seeded draft; review
lcsh|vegetarianism-humor,Vegetarianism -- Humor,y,vegetarianism-humor,topical,Vegetarianism -- Humor,,auto-seeded draft; review
http://id.worldcat.org/fast/1164956.,Vehicle bombs,y,vehicle-bombs,topical,Vehicle bombs,,auto-seeded draft; review
lcsh|vehicle-bombs-iraq-baghdad,Vehicle bombs -- Iraq -- Baghdad,y,vehicle-bombs-iraq-baghdad,topical,Vehicle bombs -- Iraq -- Baghdad,,auto-seeded draft; review
local|vehicles-etc,"Vehicles, etc",y,vehicles-etc,topical,"Vehicles, etc",,auto-seeded draft; review
http://id.loc.gov/authorities/subjects/sh85142739.,Venn diagrams,y,venn-diagrams,topical,Venn diagrams,,auto-seeded draft; review
http://id.worldcat.org/fast/1165236.,Venn diagrams,y,venn-diagrams,topical,Venn diagrams,,auto-seeded draft; review
lcsh|vernacular-architecture-california-los-angeles-metropolitan-area-pictorial-works,Vernacular architecture -- California -- Los Angeles Metropolitan Area -- Pictorial works,y,vernacular-architecture-california-los-angeles-metropolitan-area-pictorial-works,topical,Vernacular architecture -- California -- Los Angeles Metropolitan Area -- Pictorial works,,auto-seeded draft; review
lcsh|vernacular-architecture-united-states-pictorial-works,Vernacular architecture -- United States -- Pictorial works,y,vernacular-architecture-united-states-pictorial-works,topical,Vernacular architecture -- United States -- Pictorial works,,auto-seeded draft; review
http://id.loc.gov/authorities/subjects/sh2008006774.,Vernacular photography,y,vernacular-photography,topical,Vernacular photography,,auto-seeded draft; review
http://id.worldcat.org/fast/1746380.,Vernacular photography,y,vernacular-photography,topical,Vernacular photography,,auto-seeded draft; review
http://id.worldcat.org/fast/1165710.,Veterans,y,veterans,topical,Veterans,,auto-seeded draft; review
http://id.loc.gov/authorities/subjects/sh86005596.,Veterans -- United States,y,veterans-united-states,topical,Veterans -- United States,,auto-seeded draft; review
lcsh|veterans-united-states-21st-century,Veterans -- United States -- 21st century,y,veterans-united-states-21st-century,topical,Veterans -- United States -- 21st century,,auto-seeded draft; review
lcsh|veterans-united-states-biography-portraits,Veterans -- United States -- Biography -- Portraits,y,veterans-united-states-biography-portraits,topical,Veterans -- United States -- Biography -- Portraits,,auto-seeded draft; review
lcsh|victims-in-literature,Victims in literature,y,victims-in-literature,topical,Victims in literature,,auto-seeded draft; review
http://id.worldcat.org/fast/1166343.,Victims of state-sponsored terrorism,y,victims-of-state-sponsored-terrorism,topical,Victims of state-sponsored terrorism,,auto-seeded draft; review
lcsh|victims-of-state-sponsored-terrorism-mexico-guerrero-state-21st-century,Victims of state-sponsored terrorism -- Mexico -- Guerrero (State) -- 21st century,y,victims-of-state-sponsored-terrorism-mexico-guerrero-state-21st-century,topical,Victims of state-sponsored terrorism -- Mexico -- Guerrero (State) -- 21st century,,auto-seeded draft; review
lcsh|victims-of-terrorism-new-york-state-new-york-pictorial-works,Victims of terrorism -- New York (State) -- New York -- Pictorial works,y,victims-of-terrorism-new-york-state-new-york-pictorial-works,topical,Victims of terrorism -- New York (State) -- New York -- Pictorial works,,auto-seeded draft; review
lcsh|video-art,Video art,y,video-art,topical,Video art,,auto-seeded draft; review
http://id.worldcat.org/fast/1166389.,Video art,y,video-art,topical,Video art,,auto-seeded draft; review
(OCoLC)fst01166389,Video Art,y,video-art,topical,Video art,,auto-seeded draft; review
(OCoLC)fst01166389.,Video art,y,video-art,topical,Video art,,auto-seeded draft; review
http://id.loc.gov/authorities/subjects/sh85143195,Video art,y,video-art,topical,Video art,,auto-seeded draft; review
http://id.loc.gov/authorities/subjects/sh85143195.,Video art,y,video-art,topical,Video art,,auto-seeded draft; review
lcsh|video-art-canada,Video art -- Canada,y,video-art-canada,topical,Video art -- Canada,,auto-seeded draft; review
lcsh|video-art-england-kent,Video art -- England -- Kent,y,video-art-england-kent,topical,Video art -- England -- Kent,,auto-seeded draft; review
lcsh|video-art-israel-exhibitions,Video art -- Israel -- Exhibitions,y,video-art-israel-exhibitions,topical,Video art -- Israel -- Exhibitions,,auto-seeded draft; review
lcsh|video-art-themes-motives,"Video art -- Themes, motives",y,video-art-themes-motives,topical,"Video art -- Themes, motives",,auto-seeded draft; review
http://id.loc.gov/authorities/subjects/sh2010117810.,Video art -- United States -- Exhibitions,y,video-art-united-states-exhibitions,topical,Video art -- United States -- Exhibitions,,auto-seeded draft; review
http://id.loc.gov/authorities/subjects/sh85143202.,Video games,y,video-games,topical,Video games,,auto-seeded draft; review
lcsh|video-tapes-in-education,Video tapes in education,y,video-tapes-in-education,topical,Video tapes in education,,auto-seeded draft; review
http://id.loc.gov/authorities/subjects/sh85143292.,"Vietnam War, 1961-1975 -- United States",y,vietnam-war-1961-1975-united-states,topical,"Vietnam War, 1961-1975 -- United States",,auto-seeded draft; review
http://id.loc.gov/authorities/subjects/sh2010117770.,"Vietnam War, 1961-1975 -- Veterans -- United States",y,vietnam-war-1961-1975-veterans-united-states,topical,"Vietnam War, 1961-1975 -- Veterans -- United States",,auto-seeded draft; review
http://id.loc.gov/authorities/subjects/sh87006080.,Vigilantes,y,vigilantes,topical,Vigilantes,,auto-seeded draft; review
http://id.worldcat.org/fast/1166910.,Vigilantes,y,vigilantes,topical,Vigilantes,,auto-seeded draft; review
http://id.worldcat.org/fast/1167224.,Violence,y,violence,topical,Violence,,auto-seeded draft; review
http://id.loc.gov/authorities/subjects/sh85143514,Violence,y,violence,topical,Violence,,auto-seeded draft; review
http://id.loc.gov/authorities/subjects/sh85143514.,Violence,y,violence,topical,Violence,,auto-seeded draft; review
lcsh|violence-america-history,Violence -- America -- History,y,violence-america-history,topical,Violence -- America -- History,,auto-seeded draft; review
lcsh|violence-iraq-baghdad,Violence -- Iraq -- Baghdad,y,violence-iraq-baghdad,topical,Violence -- Iraq -- Baghdad,,auto-seeded draft; review
lcsh|violence-pictorial-works,Violence -- Pictorial works,y,violence-pictorial-works,topical,Violence -- Pictorial works,,auto-seeded draft; review
http://id.loc.gov/authorities/subjects/sh85143520.,Violence in art,y,violence-in-art,topical,Violence in art,,auto-seeded draft; review
http://id.worldcat.org/fast/1167273.,Violence in art,y,violence-in-art,topical,Violence in art,,auto-seeded draft; review
lcsh|violence-in-art,Violence in art,y,violence-in-art,topical,Violence in art,,auto-seeded draft; review
lcsh|violence-in-art-united-states,Violence in art -- United States,y,violence-in-art-united-states,topical,Violence in art -- United States,,auto-seeded draft; review
lcsh|violence-in-literature,Violence in literature,y,violence-in-literature,topical,Violence in literature,,auto-seeded draft; review
http://id.loc.gov/authorities/subjects/sh98000048.,Virtual reality in art,y,virtual-reality-in-art,topical,Virtual reality in art,,auto-seeded draft; review
http://id.worldcat.org/fast/1167698.,Virtual reality in art,y,virtual-reality-in-art,topical,Virtual reality in art,,auto-seeded draft; review
lcsh|virus-diseases-in-art,Virus diseases -- In art,y,virus-diseases-in-art,topical,Virus diseases -- In art,,auto-seeded draft; review
http://id.loc.gov/authorities/subjects/sh97002475.,Visions in art,y,visions-in-art,topical,Visions in art,,auto-seeded draft; review
http://id.worldcat.org/fast/1167913.,Visions in art,y,visions-in-art,topical,Visions in art,,auto-seeded draft; review
lcsh|visual-literacy,Visual literacy,y,visual-literacy,topical,Visual literacy,,auto-seeded draft; review
http://id.loc.gov/authorities/subjects/sh85143924,Visual literature,y,visual-literature,topical,Visual literature,,auto-seeded draft; review
abo.org|visual-narrative,Visual narrative,y,visual-narrative,topical,Visual narrative,,auto-seeded draft; review
lcsh|visual-perception,Visual perception,y,visual-perception,topical,Visual perception,,auto-seeded draft; review
lcsh|visual-poetry,Visual poetry,y,visual-poetry,topical,Visual poetry,,auto-seeded draft; review
http://id.worldcat.org/fast/1168079.,Visual poetry,y,visual-poetry,topical,Visual poetry,,auto-seeded draft; review
http://id.loc.gov/authorities/subjects/sh85143931.,Visual poetry,y,visual-poetry,topical,Visual poetry,,auto-seeded draft; review
lcsh|visual-poetry-specimens,Visual poetry -- Specimens,y,visual-poetry-specimens,topical,Visual poetry -- Specimens,,auto-seeded draft; review
http://id.loc.gov/authorities/subjects/sh85143932.,"Visual poetry, American",y,visual-poetry-american,topical,"Visual poetry, American",,auto-seeded draft; review
http://id.worldcat.org/fast/1168082.,"Visual poetry, American",y,visual-poetry-american,topical,"Visual poetry, American",,auto-seeded draft; review
http://id.loc.gov/authorities/subjects/sh2003011086,"Visual poetry, English",y,visual-poetry-english,topical,"Visual poetry, English",,auto-seeded draft; review
lcsh|visual-poetry-english,"Visual poetry, English",y,visual-poetry-english,topical,"Visual poetry, English",,auto-seeded draft; review
http://id.loc.gov/authorities/subjects/sh85143934.,"Visual poetry, French",y,visual-poetry-french,topical,"Visual poetry, French",,auto-seeded draft; review
http://id.worldcat.org/fast/1168090.,"Visual poetry, French",y,visual-poetry-french,topical,"Visual poetry, French",,auto-seeded draft; review
lcsh|visual-poetry-french-translations-into-english,"Visual poetry, French -- Translations into English",y,visual-poetry-french-translations-into-english,topical,"Visual poetry, French -- Translations into English",,auto-seeded draft; review
lcsh|visual-poetry-polish,"Visual poetry, Polish",y,visual-poetry-polish,topical,"Visual poetry, Polish",,auto-seeded draft; review
http://id.loc.gov/authorities/subjects/sh87006735.,"Visual poetry, Uruguayan",y,visual-poetry-uruguayan,topical,"Visual poetry, Uruguayan",,auto-seeded draft; review
http://id.worldcat.org/fast/1168113.,"Visual poetry, Uruguayan",y,visual-poetry-uruguayan,topical,"Visual poetry, Uruguayan",,auto-seeded draft; review
lcsh|vitreous-body,Vitreous body,y,vitreous-body,topical,Vitreous body,,auto-seeded draft; review
http://id.loc.gov/authorities/subjects/sh2010012137.,Vivisection in literature,y,vivisection-in-literature,topical,Vivisection in literature,,auto-seeded draft; review
http://id.worldcat.org/fast/1905086.,Vivisection in literature,y,vivisection-in-literature,topical,Vivisection in literature,,auto-seeded draft; review
lcsh|vocabulary,Vocabulary,y,vocabulary,topical,Vocabulary,,auto-seeded draft; review
lcsh|vocal-ensembles,Vocal ensembles,y,vocal-ensembles,topical,Vocal ensembles,,auto-seeded draft; review
lcsh|vocational-guidance-humor,Vocational guidance -- Humor,y,vocational-guidance-humor,topical,Vocational guidance -- Humor,,auto-seeded draft; review
http://id.worldcat.org/fast/1801724.,Vodou,y,vodou,topical,Vodou,,auto-seeded draft; review
lcsh|vodou-haiti-poetry,Vodou -- Haiti -- Poetry,y,vodou-haiti-poetry,topical,Vodou -- Haiti -- Poetry,,auto-seeded draft; review
http://id.worldcat.org/fast/1899834.,Vodou in art,y,vodou-in-art,topical,Vodou in art,,auto-seeded draft; review
http://id.loc.gov/authorities/subjects/sh85144400.,Vodou in art,y,vodou-in-art,topical,Vodou in art,,auto-seeded draft; review
lcsh|vodou-in-art-specimens,Vodou in art -- Specimens,y,vodou-in-art-specimens,topical,Vodou in art -- Specimens,,auto-seeded draft; review
lcsh|volvelles-specimens,Volvelles -- Specimens,y,volvelles-specimens,topical,Volvelles -- Specimens,,auto-seeded draft; review
(OCoLC)fst01169232,Voting,y,voting,topical,Voting,,auto-seeded draft; review
http://id.loc.gov/authorities/subjects/sh2008113310,Voting -- United States,y,voting-united-states,topical,Voting -- United States,,auto-seeded draft; review
lcsh|vowels-poetry,Vowels -- Poetry,y,vowels-poetry,topical,Vowels -- Poetry,,auto-seeded draft; review
http://id.worldcat.org/fast/1169308.,Voyages and travels,y,voyages-and-travels,topical,Voyages and travels,,auto-seeded draft; review
http://id.loc.gov/authorities/subjects/sh85144443.,Voyages and travels,y,voyages-and-travels,topical,Voyages and travels,,auto-seeded draft; review
lcsh|voyages-and-travels-fiction,Voyages and travels -- Fiction,y,voyages-and-travels-fiction,topical,Voyages and travels -- Fiction,,auto-seeded draft; review
http://id.loc.gov/authorities/subjects/sh2008113315.,Voyages and travels -- Juvenile literature,y,voyages-and-travels-juvenile-literature,topical,Voyages and travels -- Juvenile literature,,auto-seeded draft; review
lcsh|voyages-and-travels-pictorial-works,Voyages and travels -- Pictorial works,y,voyages-and-travels-pictorial-works,topical,Voyages and travels -- Pictorial works,,auto-seeded draft; review
http://id.loc.gov/authorities/subjects/sh2003010713.,Voyeurism in art,y,voyeurism-in-art,topical,Voyeurism in art,,auto-seeded draft; review
http://id.worldcat.org/fast/1169343.,Voyeurism in art,y,voyeurism-in-art,topical,Voyeurism in art,,auto-seeded draft; review
lcsh|voyeurism-in-art,Voyeurism in art,y,voyeurism-in-art,topical,Voyeurism in art,,auto-seeded draft; review
lcsh|vulnerability-personality-trait,Vulnerability (Personality trait),y,vulnerability-personality-trait,topical,Vulnerability (Personality trait),,auto-seeded draft; review
lcsh|waitresses,Waitresses,y,waitresses,topical,Waitresses,,auto-seeded draft; review
lcsh|waitresses-miscellanea,Waitresses -- Miscellanea,y,waitresses-miscellanea,topical,Waitresses -- Miscellanea,,auto-seeded draft; review
lcsh|waitresses-in-art,Waitresses in art,y,waitresses-in-art,topical,Waitresses in art,,auto-seeded draft; review
lcsh|wakefulness-in-literature,Wakefulness in literature,y,wakefulness-in-literature,topical,Wakefulness in literature,,auto-seeded draft; review
http://id.worldcat.org/fast/1170049.,Walking,y,walking,topical,Walking,,auto-seeded draft; review
lcsh|walking-new-york-state-new-york,Walking -- New York (State) -- New York,y,walking-new-york-state-new-york,topical,Walking -- New York (State) -- New York,,auto-seeded draft; review
lcsh|walking-pictorial-works,Walking -- Pictorial works,y,walking-pictorial-works,topical,Walking -- Pictorial works,,auto-seeded draft; review
http://id.worldcat.org/fast/1170082.,Walking in art,y,walking-in-art,topical,Walking in art,,auto-seeded draft; review
http://id.loc.gov/authorities/subjects/sh97002577.,Walking in art,y,walking-in-art,topical,Walking in art,,auto-seeded draft; review
lcsh|walking-in-art-exhibitions,Walking in art -- Exhibitions,y,walking-in-art-exhibitions,topical,Walking in art -- Exhibitions,,auto-seeded draft; review
(OCoLC)fst01895835,Wallets,y,wallets,topical,Wallets,,auto-seeded draft; review
lcsh|wallets-specimens,Wallets -- Specimens,y,wallets-specimens,topical,Wallets -- Specimens,,auto-seeded draft; review
http://id.loc.gov/authorities/subjects/sh2017003576.,Wallpaper in art,y,wallpaper-in-art,topical,Wallpaper in art,,auto-seeded draft; review
http://id.worldcat.org/fast/1983247.,Wallpaper in art,y,wallpaper-in-art,topical,Wallpaper in art,,auto-seeded draft; review
lcsh|war,War,y,war,topical,War,,auto-seeded draft; review
http://id.worldcat.org/fast/1170374.,War -- Religious aspects,y,war-religious-aspects,topical,War -- Religious aspects,,auto-seeded draft; review
http://id.worldcat.org/fast/1170447.,War and society,y,war-and-society,topical,War and society,,auto-seeded draft; review
http://id.loc.gov/authorities/subjects/sh2010118172.,War and society -- United States,y,war-and-society-united-states,topical,War and society -- United States,,auto-seeded draft; review
lcsh|war-in-art,War in art,y,war-in-art,topical,War in art,,auto-seeded draft; review
http://id.loc.gov/authorities/subjects/sh85145181.,War in art,y,war-in-art,topical,War in art,,auto-seeded draft; review
http://id.worldcat.org/fast/1170504.,War in art,y,war-in-art,topical,War in art,,auto-seeded draft; review
http://id.worldcat.org/fast/1170508.,War memorials,y,war-memorials,topical,War memorials,,auto-seeded draft; review
lcsh|war-memorials-pictorial-works,War memorials -- Pictorial works,y,war-memorials-pictorial-works,topical,War memorials -- Pictorial works,,auto-seeded draft; review
lcsh|war-on-terrorism-2001-2009-art-and-the-war,"War on Terrorism, 2001-2009 -- Art and the war",y,war-on-terrorism-2001-2009-art-and-the-war,topical,"War on Terrorism, 2001-2009 -- Art and the war",,auto-seeded draft; review
lcsh|war-on-terrorism-2001-2009-comic-books-strips-etc,"War on Terrorism, 2001-2009 -- Comic books, strips, etc",y,war-on-terrorism-2001-2009-comic-books-strips-etc,topical,"War on Terrorism, 2001-2009 -- Comic books, strips, etc",,auto-seeded draft; review
lcsh|war-on-terrorism-2001-2009-humor,"War on Terrorism, 2001-2009 -- Humor",y,war-on-terrorism-2001-2009-humor,topical,"War on Terrorism, 2001-2009 -- Humor",,auto-seeded draft; review
http://id.worldcat.org/fast/1170549.,War photography,y,war-photography,topical,War photography,,auto-seeded draft; review
http://id.loc.gov/authorities/subjects/sh85145197.,War photography,y,war-photography,topical,War photography,,auto-seeded draft; review
lcsh|war-photography,War photography,y,war-photography,topical,War photography,,auto-seeded draft; review
lcsh|war-photography-northern-ireland,War photography -- Northern Ireland,y,war-photography-northern-ireland,topical,War photography -- Northern Ireland,,auto-seeded draft; review
lcsh|war-victims,War victims,y,war-victims,topical,War victims,,auto-seeded draft; review
http://id.worldcat.org/fast/1171606.,Water clocks,y,water-clocks,topical,Water clocks,,auto-seeded draft; review
lcsh|water-clocks-greece-athens,Water clocks -- Greece -- Athens,y,water-clocks-greece-athens,topical,Water clocks -- Greece -- Athens,,auto-seeded draft; review
lcsh|water-conservation,Water conservation,y,water-conservation,topical,Water conservation,,auto-seeded draft; review
http://id.loc.gov/authorities/subjects/sh96012221.,Water in art,y,water-in-art,topical,Water in art,,auto-seeded draft; review
http://id.worldcat.org/fast/1171762.,Water in art,y,water-in-art,topical,Water in art,,auto-seeded draft; review
lcsh|water-in-art,Water in art,y,water-in-art,topical,Water in art,,auto-seeded draft; review
lcsh|watercolor-painting,Watercolor painting,y,watercolor-painting,topical,Watercolor painting,,auto-seeded draft; review
lcsh|watercolor-painting-specimens,Watercolor painting -- Specimens,y,watercolor-painting-specimens,topical,Watercolor painting -- Specimens,,auto-seeded draft; review
lcsh|watergate-affair-1972-1974,"Watergate Affair, 1972-1974",y,watergate-affair-1972-1974,topical,"Watergate Affair, 1972-1974",,auto-seeded draft; review
http://id.worldcat.org/fast/1172744.,Watersheds,y,watersheds,topical,Watersheds,,auto-seeded draft; review
lcsh|watersheds-united-states-maps,Watersheds -- United States -- Maps,y,watersheds-united-states-maps,topical,Watersheds -- United States -- Maps,,auto-seeded draft; review
lcsh|watts-riot-los-angeles-calif-1965-pictorial-works,"Watts Riot, Los Angeles, Calif., 1965 -- Pictorial works",y,watts-riot-los-angeles-calif-1965-pictorial-works,topical,"Watts Riot, Los Angeles, Calif., 1965 -- Pictorial works",,auto-seeded draft; review
lcsh|wavelengths-pictorial-works,Wavelengths -- Pictorial works,y,wavelengths-pictorial-works,topical,Wavelengths -- Pictorial works,,auto-seeded draft; review
lcsh|weather,Weather,y,weather,topical,Weather,,auto-seeded draft; review
http://id.worldcat.org/fast/1173203.,Weaving,y,weaving,topical,Weaving,,auto-seeded draft; review
lcsh|weaving-poetry,Weaving -- Poetry,y,weaving-poetry,topical,Weaving -- Poetry,,auto-seeded draft; review
http://id.loc.gov/authorities/subjects/sh97002587.,Weaving in art,y,weaving-in-art,topical,Weaving in art,,auto-seeded draft; review
http://id.worldcat.org/fast/1173220.,Weaving in art,y,weaving-in-art,topical,Weaving in art,,auto-seeded draft; review
http://id.loc.gov/authorities/subjects/sh95007107.,Weaving in literature,y,weaving-in-literature,topical,Weaving in literature,,auto-seeded draft; review
http://id.worldcat.org/fast/1173221.,Weaving in literature,y,weaving-in-literature,topical,Weaving in literature,,auto-seeded draft; review
http://id.loc.gov/authorities/subjects/sh2008006638.,Web browsing,y,web-browsing,topical,Web browsing,,auto-seeded draft; review
http://id.worldcat.org/fast/1746442.,Web browsing,y,web-browsing,topical,Web browsing,,auto-seeded draft; review
http://id.worldcat.org/fast/1173234.,Web search engines,y,web-search-engines,topical,Web search engines,,auto-seeded draft; review
lcsh|web-search-engines-research,Web search engines -- Research,y,web-search-engines-research,topical,Web search engines -- Research,,auto-seeded draft; review
lcsh|web-search-engines-social-aspects,Web search engines -- Social aspects,y,web-search-engines-social-aspects,topical,Web search engines -- Social aspects,,auto-seeded draft; review
http://id.worldcat.org/fast/1199921.,Web sites in art,y,web-sites-in-art,topical,Web sites in art,,auto-seeded draft; review
http://id.loc.gov/authorities/subjects/sh2003008663.,Web sites in art,y,web-sites-in-art,topical,Web sites in art,,auto-seeded draft; review
lcsh|web-sites-in-art-periodicals,Web sites in art -- Periodicals,y,web-sites-in-art-periodicals,topical,Web sites in art -- Periodicals,,auto-seeded draft; review
lcsh|wedding-photography,Wedding photography,y,wedding-photography,topical,Wedding photography,,auto-seeded draft; review
lcsh|weddings,Weddings,y,weddings,topical,Weddings,,auto-seeded draft; review
lcsh|weimaraner-dog-breed-pictorial-works-juvenile-literature,Weimaraner (Dog breed) -- Pictorial works -- Juvenile literature,y,weimaraner-dog-breed-pictorial-works-juvenile-literature,topical,Weimaraner (Dog breed) -- Pictorial works -- Juvenile literature,,auto-seeded draft; review
lcsh|west-u-s-in-art,West (U.S.) -- In art,y,west-u-s-in-art,topical,West (U.S.) -- In art,,auto-seeded draft; review
unspecified|west-africa-small-arms-sale-of-arms-delivery-of-arms-arms-control-disarmament-demobilization-and-reintegration-regional-international-cooperation,"West Africa -- Small arms -- Sale of arms/delivery of arms -- Arms control -- Disarmament, demobilization and reintegration -- Regional international cooperation",y,west-africa-small-arms-sale-of-arms-delivery-of-arms-arms-control-disarmament-demobilization-and-reintegration-regional-international-cooperation,topical,"West Africa -- Small arms -- Sale of arms/delivery of arms -- Arms control -- Disarmament, demobilization and reintegration -- Regional international cooperation",,auto-seeded draft; review
lcsh|west-african-alphabet,West African alphabet,y,west-african-alphabet,topical,West African alphabet,,auto-seeded draft; review
unspecified|westafrika-kleinwaffen-waffenverk-ufe-waffenlieferungen-r-stungskontrolle-disarmament-demobilization-and-reintegration-regionale-internationale-zusammenarbeit,"Westafrika -- Kleinwaffen -- Waffenverkäufe/Waffenlieferungen -- Rüstungskontrolle -- Disarmament, Demobilization and Reintegration -- Regionale internationale Zusammenarbeit",y,westafrika-kleinwaffen-waffenverk-ufe-waffenlieferungen-r-stungskontrolle-disarmament-demobilization-and-reintegration-regionale-internationale-zusammenarbeit,topical,"Westafrika -- Kleinwaffen -- Waffenverkäufe/Waffenlieferungen -- Rüstungskontrolle -- Disarmament, Demobilization and Reintegration -- Regionale internationale Zusammenarbeit",,auto-seeded draft; review
unspecified|wewerka-steffan,"Wewerka, Steffan",y,wewerka-steffan,topical,"Wewerka, Steffan",,auto-seeded draft; review
http://id.worldcat.org/fast/1174632.,White collar workers,y,white-collar-workers,topical,White collar workers,,auto-seeded draft; review
lcsh|white-collar-workers-fiction,White collar workers -- Fiction,y,white-collar-workers-fiction,topical,White collar workers -- Fiction,,auto-seeded draft; review
http://id.loc.gov/authorities/subjects/sh85146485.,White in art,y,white-in-art,topical,White in art,,auto-seeded draft; review
http://id.worldcat.org/fast/1174664.,White in art,y,white-in-art,topical,White in art,,auto-seeded draft; review
http://id.worldcat.org/fast/1175100.,Wild flowers in art,y,wild-flowers-in-art,topical,Wild flowers in art,,auto-seeded draft; review
lcsh|wild-flowers-in-art-exhibitions,Wild flowers in art -- Exhibitions,y,wild-flowers-in-art-exhibitions,topical,Wild flowers in art -- Exhibitions,,auto-seeded draft; review
http://id.loc.gov/authorities/subjects/sh85146691.,Wild west shows,y,wild-west-shows,topical,Wild west shows,,auto-seeded draft; review
http://id.worldcat.org/fast/1175145.,Wild west shows,y,wild-west-shows,topical,Wild west shows,,auto-seeded draft; review
http://id.worldcat.org/fast/1175789.,Windows,y,windows,topical,Windows,,auto-seeded draft; review
lcsh|windows-korea-pictorial-works,Windows -- Korea -- Pictorial works,y,windows-korea-pictorial-works,topical,Windows -- Korea -- Pictorial works,,auto-seeded draft; review
lcsh|windows-in-art,Windows in art,y,windows-in-art,topical,Windows in art,,auto-seeded draft; review
http://id.loc.gov/authorities/subjects/sh85147034.,Winter in art,y,winter-in-art,topical,Winter in art,,auto-seeded draft; review
http://id.worldcat.org/fast/1176075.,Winter in art,y,winter-in-art,topical,Winter in art,,auto-seeded draft; review
lcsh|wit-and-humor,Wit and humor,y,wit-and-humor,topical,Wit and humor,,auto-seeded draft; review
lcshac|wit-and-humor-pictorial-works,Wit and humor -- Pictorial works,y,wit-and-humor-pictorial-works,topical,Wit and humor -- Pictorial works,,auto-seeded draft; review
lcsh|wit-and-humor-juvenile,"Wit and humor, Juvenile",y,wit-and-humor-juvenile,topical,"Wit and humor, Juvenile",,auto-seeded draft; review
http://id.worldcat.org/fast/1176313.,"Wit and humor, Pictorial",y,wit-and-humor-pictorial,topical,"Wit and humor, Pictorial",,auto-seeded draft; review
lcsh|wit-and-humor-pictorial,"Wit and humor, Pictorial",y,wit-and-humor-pictorial,topical,"Wit and humor, Pictorial",,auto-seeded draft; review
lcsh|wit-and-humor-pictorial-periodicals,"Wit and humor, Pictorial -- Periodicals",y,wit-and-humor-pictorial-periodicals,topical,"Wit and humor, Pictorial -- Periodicals",,auto-seeded draft; review
(OCoLC)fst01176327,Witchcraft,y,witchcraft,topical,Witchcraft,,auto-seeded draft; review
lcsh|witchcraft-massachusetts-salem-poetry,Witchcraft -- Massachusetts -- Salem -- Poetry,y,witchcraft-massachusetts-salem-poetry,topical,Witchcraft -- Massachusetts -- Salem -- Poetry,,auto-seeded draft; review
(OCoLC)fst01176341,Witchcraft in art,y,witchcraft-in-art,topical,Witchcraft in art,,auto-seeded draft; review
http://id.loc.gov/authorities/subjects/sh85147149,Witchcraft in art,y,witchcraft-in-art,topical,Witchcraft in art,,auto-seeded draft; review
http://id.loc.gov/authorities/subjects/sh85147262.,Wolves in art,y,wolves-in-art,topical,Wolves in art,,auto-seeded draft; review
http://id.worldcat.org/fast/1176557.,Wolves in art,y,wolves-in-art,topical,Wolves in art,,auto-seeded draft; review
http://id.loc.gov/authorities/subjects/sh94009167.,Wolves in literature,y,wolves-in-literature,topical,Wolves in literature,,auto-seeded draft; review
http://id.worldcat.org/fast/1176558.,Wolves in literature,y,wolves-in-literature,topical,Wolves in literature,,auto-seeded draft; review
http://id.worldcat.org/fast/1176568.,Women,y,women,topical,Women,,auto-seeded draft; review
lcsh|women,Women,y,women,topical,Women,,auto-seeded draft; review
http://id.loc.gov/authorities/subjects/sh85147274.,Women,y,women,topical,Women,,auto-seeded draft; review
http://id.loc.gov/authorities/subjects/sh2008113626,Women -- Caricatures and cartoons,y,women-caricatures-and-cartoons,topical,Women -- Caricatures and cartoons,,auto-seeded draft; review
lcsh|women-china-language,Women -- China -- Language,y,women-china-language,topical,Women -- China -- Language,,auto-seeded draft; review
lcsh|women-czech-republic-biography,Women -- Czech Republic -- Biography,y,women-czech-republic-biography,topical,Women -- Czech Republic -- Biography,,auto-seeded draft; review
lcsh|women-czech-republic-pictorial-works,Women -- Czech Republic -- Pictorial works,y,women-czech-republic-pictorial-works,topical,Women -- Czech Republic -- Pictorial works,,auto-seeded draft; review
lcsh|women-czech-republic-social-conditions,Women -- Czech Republic -- Social conditions,y,women-czech-republic-social-conditions,topical,Women -- Czech Republic -- Social conditions,,auto-seeded draft; review
http://id.worldcat.org/fast/1176665.,Women -- Economic conditions,y,women-economic-conditions,topical,Women -- Economic conditions,,auto-seeded draft; review
http://id.worldcat.org/fast/1176715.,Women -- Employment,y,women-employment,topical,Women -- Employment,,auto-seeded draft; review
http://id.loc.gov/authorities/subjects/sh2010118899.,Women -- Employment -- Australia,y,women-employment-australia,topical,Women -- Employment -- Australia,,auto-seeded draft; review
lcsh|women-health-and-hygiene-congo-democratic-republic-nord-kivu,Women -- Health and hygiene -- Congo (Democratic Republic) -- Nord-Kivu,y,women-health-and-hygiene-congo-democratic-republic-nord-kivu,topical,Women -- Health and hygiene -- Congo (Democratic Republic) -- Nord-Kivu,,auto-seeded draft; review
http://id.loc.gov/authorities/subjects/sh2002004119,Women -- Humor,y,women-humor,topical,Women -- Humor,,auto-seeded draft; review
lcsh|women-hungary-history-middle-ages-500-1500,"Women -- Hungary -- History -- Middle Ages, 500-1500",y,women-hungary-history-middle-ages-500-1500,topical,"Women -- Hungary -- History -- Middle Ages, 500-1500",,auto-seeded draft; review
lcsh|women-latin-america-economic-conditions-pictorial-works,Women -- Latin America -- Economic conditions -- Pictorial works,y,women-latin-america-economic-conditions-pictorial-works,topical,Women -- Latin America -- Economic conditions -- Pictorial works,,auto-seeded draft; review
lcsh|women-latin-america-social-conditions-pictorial-works,Women -- Latin America -- Social conditions -- Pictorial works,y,women-latin-america-social-conditions-pictorial-works,topical,Women -- Latin America -- Social conditions -- Pictorial works,,auto-seeded draft; review
http://id.loc.gov/authorities/subjects/sh93007871.,Women -- Mexico,y,women-mexico,topical,Women -- Mexico,,auto-seeded draft; review
lcsh|women-poetry,Women -- Poetry,y,women-poetry,topical,Women -- Poetry,,auto-seeded draft; review
http://id.loc.gov/authorities/subjects/sh85147330.,Women -- Portraits,y,women-portraits,topical,Women -- Portraits,,auto-seeded draft; review
http://id.worldcat.org/fast/1176883.,Women -- Portraits,y,women-portraits,topical,Women -- Portraits,,auto-seeded draft; review
http://id.loc.gov/authorities/subjects/sh85147333.,Women -- Psychology,y,women-psychology,topical,Women -- Psychology,,auto-seeded draft; review
http://id.worldcat.org/fast/1176894.,Women -- Psychology,y,women-psychology,topical,Women -- Psychology,,auto-seeded draft; review
http://id.worldcat.org/fast/1176947.,Women -- Social conditions,y,women-social-conditions,topical,Women -- Social conditions,,auto-seeded draft; review
http://id.worldcat.org/fast/1176956.,Women -- Social conditions -- Pictorial works,y,women-social-conditions-pictorial-works,topical,Women -- Social conditions -- Pictorial works,,auto-seeded draft; review
lcsh|women-southern-states-poetry,Women -- Southern States -- Poetry,y,women-southern-states-poetry,topical,Women -- Southern States -- Poetry,,auto-seeded draft; review
lcsh|women-suffrage-united-states,Women -- Suffrage -- United States,y,women-suffrage-united-states,topical,Women -- Suffrage -- United States,,auto-seeded draft; review
http://id.loc.gov/authorities/subjects/sh2008113565.,Women -- United States -- Social conditions,y,women-united-states-social-conditions,topical,Women -- United States -- Social conditions,,auto-seeded draft; review
http://id.loc.gov/authorities/subjects/sh2022007441.,Women -- Violence against,y,women-violence-against,topical,Women -- Violence against,,auto-seeded draft; review
http://id.worldcat.org/fast/1427006.,Women -- Violence against,y,women-violence-against,topical,Women -- Violence against,,auto-seeded draft; review
lcsh|women-and-literature-ireland-history-20th-century,Women and literature -- Ireland -- History -- 20th century,y,women-and-literature-ireland-history-20th-century,topical,Women and literature -- Ireland -- History -- 20th century,,auto-seeded draft; review
lcsh|women-and-literature-united-states,Women and literature -- United States,y,women-and-literature-united-states,topical,Women and literature -- United States,,auto-seeded draft; review
lcsh|women-and-psychoanalysis-case-studies,Women and psychoanalysis -- Case studies,y,women-and-psychoanalysis-case-studies,topical,Women and psychoanalysis -- Case studies,,auto-seeded draft; review
http://id.loc.gov/authorities/subjects/sh85147433.,Women and religion,y,women-and-religion,topical,Women and religion,,auto-seeded draft; review
http://id.worldcat.org/fast/1177110.,Women and religion,y,women-and-religion,topical,Women and religion,,auto-seeded draft; review
lcsh|women-and-religion,Women and religion,y,women-and-religion,topical,Women and religion,,auto-seeded draft; review
lcsh|women-and-war-congo-democratic-republic-nord-kivu,Women and war -- Congo (Democratic Republic) -- Nord-Kivu,y,women-and-war-congo-democratic-republic-nord-kivu,topical,Women and war -- Congo (Democratic Republic) -- Nord-Kivu,,auto-seeded draft; review
http://id.worldcat.org/fast/1177137.,Women architects,y,women-architects,topical,Women architects,,auto-seeded draft; review
http://id.loc.gov/authorities/subjects/sh2023000296.,Women architects -- United States,y,women-architects-united-states,topical,Women architects -- United States,,auto-seeded draft; review
http://id.worldcat.org/fast/1177159.,Women artists,y,women-artists,topical,Women artists,,auto-seeded draft; review
http://id.loc.gov/authorities/subjects/sh85147447,Women artists,y,women-artists,topical,Women artists,,auto-seeded draft; review
lcsh|women-artists,Women artists,y,women-artists,topical,Women artists,,auto-seeded draft; review
fast|women-artists,Women artists,y,women-artists,topical,Women artists,,auto-seeded draft; review
http://id.loc.gov/authorities/subjects/sh85147447.,Women artists,y,women-artists,topical,Women artists,,auto-seeded draft; review
lcsh|women-artists-exhibitions,Women artists -- Exhibitions,y,women-artists-exhibitions,topical,Women artists -- Exhibitions,,auto-seeded draft; review
lcsh|women-artists-france-20th-century-exhibitions,Women artists -- France -- 20th century -- Exhibitions,y,women-artists-france-20th-century-exhibitions,topical,Women artists -- France -- 20th century -- Exhibitions,,auto-seeded draft; review
lcsh|women-artists-periodicals,Women artists -- Periodicals,y,women-artists-periodicals,topical,Women artists -- Periodicals,,auto-seeded draft; review
lcsh|women-artists-united-states-21st-century-pictorial-works,Women artists -- United States -- 21st century -- Pictorial works,y,women-artists-united-states-21st-century-pictorial-works,topical,Women artists -- United States -- 21st century -- Pictorial works,,auto-seeded draft; review
lcsh|women-artists-united-states-catalogs,Women artists -- United States -- Catalogs,y,women-artists-united-states-catalogs,topical,Women artists -- United States -- Catalogs,,auto-seeded draft; review
http://id.loc.gov/authorities/subjects/sh2010118761,Women artists -- United States -- Exhibitions,y,women-artists-united-states-exhibitions,topical,Women artists -- United States -- Exhibitions,,auto-seeded draft; review
lcsh|women-detectives-fiction,Women detectives -- Fiction,y,women-detectives-fiction,topical,Women detectives -- Fiction,,auto-seeded draft; review
lcsh|women-in-art,Women in art,y,women-in-art,topical,Women in art,,auto-seeded draft; review
http://id.loc.gov/authorities/subjects/sh85147554.,Women in art,y,women-in-art,topical,Women in art,,auto-seeded draft; review
http://id.worldcat.org/fast/1177826.,Women in art,y,women-in-art,topical,Women in art,,auto-seeded draft; review
unspecified|women-in-art,Women in art,y,women-in-art,topical,Women in art,,auto-seeded draft; review
lcsh|women-in-art-exhibitions,Women in art -- Exhibitions,y,women-in-art-exhibitions,topical,Women in art -- Exhibitions,,auto-seeded draft; review
http://id.loc.gov/authorities/subjects/sh85147589.,Women in mass media,y,women-in-mass-media,topical,Women in mass media,,auto-seeded draft; review
http://id.worldcat.org/fast/1177920.,Women in mass media,y,women-in-mass-media,topical,Women in mass media,,auto-seeded draft; review
lcsh|women-in-popular-culture-united-states,Women in popular culture -- United States,y,women-in-popular-culture-united-states,topical,Women in popular culture -- United States,,auto-seeded draft; review
lcsh|women-in-the-bible-poetry,Women in the Bible -- Poetry,y,women-in-the-bible-poetry,topical,Women in the Bible -- Poetry,,auto-seeded draft; review
lcsh|women-in-the-book-industries-and-trade,Women in the book industries and trade,y,women-in-the-book-industries-and-trade,topical,Women in the book industries and trade,,auto-seeded draft; review
http://id.worldcat.org/fast/1178044.,Women in the professions,y,women-in-the-professions,topical,Women in the professions,,auto-seeded draft; review
lcsh|women-in-the-professions-france-portraits,Women in the professions -- France -- Portraits,y,women-in-the-professions-france-portraits,topical,Women in the professions -- France -- Portraits,,auto-seeded draft; review
lcsh|women-painters-poetry,Women painters -- Poetry,y,women-painters-poetry,topical,Women painters -- Poetry,,auto-seeded draft; review
http://id.worldcat.org/fast/1178288.,Women photographers,y,women-photographers,topical,Women photographers,,auto-seeded draft; review
lcsh|women-photographers-21st-century,Women photographers -- 21st century,y,women-photographers-21st-century,topical,Women photographers -- 21st century,,auto-seeded draft; review
lcsh|women-photographers-india,Women photographers -- India,y,women-photographers-india,topical,Women photographers -- India,,auto-seeded draft; review
http://id.loc.gov/authorities/subjects/sh2010118213.,Women photographers -- United States -- Biography,y,women-photographers-united-states-biography,topical,Women photographers -- United States -- Biography,,auto-seeded draft; review
http://id.loc.gov/authorities/subjects/sh85147689.,Women printers,y,women-printers,topical,Women printers,,auto-seeded draft; review
http://id.worldcat.org/fast/1178395.,Women printers,y,women-printers,topical,Women printers,,auto-seeded draft; review
lcsh|women-printers,Women printers,y,women-printers,topical,Women printers,,auto-seeded draft; review
lcsh|women-rock-musicians-fiction,Women rock musicians -- Fiction,y,women-rock-musicians-fiction,topical,Women rock musicians -- Fiction,,auto-seeded draft; review
lcsh|women-saints-in-art,Women saints in art,y,women-saints-in-art,topical,Women saints in art,,auto-seeded draft; review
http://id.worldcat.org/fast/1178522.,Women shamans,y,women-shamans,topical,Women shamans,,auto-seeded draft; review
lcsh|women-shamans-mexico-chiapas,Women shamans -- Mexico -- Chiapas,y,women-shamans-mexico-chiapas,topical,Women shamans -- Mexico -- Chiapas,,auto-seeded draft; review
http://id.worldcat.org/fast/1178916.,"Women, Black",y,women-black,topical,"Women, Black",,auto-seeded draft; review
lcsh|women-black-brazil-social-conditions-poetry,"Women, Black -- Brazil -- Social conditions -- Poetry",y,women-black-brazil-social-conditions-poetry,topical,"Women, Black -- Brazil -- Social conditions -- Poetry",,auto-seeded draft; review
lcsh|women-black-portraits,"Women, Black -- Portraits",y,women-black-portraits,topical,"Women, Black -- Portraits",,auto-seeded draft; review
http://id.worldcat.org/fast/1178934.,"Women, Black -- Social conditions",y,women-black-social-conditions,topical,"Women, Black -- Social conditions",,auto-seeded draft; review
lcsh|women-s-health-services-congo-democratic-republic-nord-kivu,Women's health services -- Congo (Democratic Republic) -- Nord-Kivu,y,women-s-health-services-congo-democratic-republic-nord-kivu,topical,Women's health services -- Congo (Democratic Republic) -- Nord-Kivu,,auto-seeded draft; review
http://id.loc.gov/authorities/subjects/sh85147765,Women's rights,y,women-s-rights,topical,Women's rights,,auto-seeded draft; review
http://id.worldcat.org/fast/1178818.,Women's rights,y,women-s-rights,topical,Women's rights,,auto-seeded draft; review
http://id.loc.gov/authorities/subjects/sh2010118936.,Women's rights -- Mexico,y,women-s-rights-mexico,topical,Women's rights -- Mexico,,auto-seeded draft; review
lcsh|wood,Wood,y,wood,topical,Wood,,auto-seeded draft; review
http://id.worldcat.org/fast/1179542.,Wood-engraving,y,wood-engraving,topical,Wood-engraving,,auto-seeded draft; review
fast|wood-engraving,Wood-engraving,y,wood-engraving,topical,Wood-engraving,,auto-seeded draft; review
lcsh|wood-engraving,Wood-engraving,y,wood-engraving,topical,Wood-engraving,,auto-seeded draft; review
lcsh|wood-engraving-20th-century-specimens,Wood-engraving -- 20th century -- Specimens,y,wood-engraving-20th-century-specimens,topical,Wood-engraving -- 20th century -- Specimens,,auto-seeded draft; review
lcsh|wood-engraving-21st-century,Wood-engraving -- 21st century,y,wood-engraving-21st-century,topical,Wood-engraving -- 21st century,,auto-seeded draft; review
lcsh|wood-engraving-japanese,"Wood-engraving, Japanese",y,wood-engraving-japanese,topical,"Wood-engraving, Japanese",,auto-seeded draft; review
http://id.loc.gov/authorities/subjects/sh86006926.,"Wood-engraving, Spanish",y,wood-engraving-spanish,topical,"Wood-engraving, Spanish",,auto-seeded draft; review
http://id.worldcat.org/fast/1179597.,"Wood-engraving, Spanish",y,wood-engraving-spanish,topical,"Wood-engraving, Spanish",,auto-seeded draft; review
http://id.loc.gov/authorities/subjects/sh2004007415.,"Wood-engraving, Tibetan",y,wood-engraving-tibetan,topical,"Wood-engraving, Tibetan",,auto-seeded draft; review
http://id.worldcat.org/fast/1202239.,"Wood-engraving, Tibetan",y,wood-engraving-tibetan,topical,"Wood-engraving, Tibetan",,auto-seeded draft; review
lcsh|wood-engraving-tibetan-printing,"Wood-engraving, Tibetan -- Printing",y,wood-engraving-tibetan-printing,topical,"Wood-engraving, Tibetan -- Printing",,auto-seeded draft; review
lcsh|woodcuts,Woodcuts,y,woodcuts,topical,Woodcuts,,auto-seeded draft; review
lcsh|word-games,Word games,y,word-games,topical,Word games,,auto-seeded draft; review
lcsh|words-in-art,Words in art,y,words-in-art,topical,Words in art,,auto-seeded draft; review
http://id.loc.gov/authorities/subjects/sh85148125,Words in art,y,words-in-art,topical,Words in art,,auto-seeded draft; review
http://id.loc.gov/authorities/subjects/sh85148125.,Words in art,y,words-in-art,topical,Words in art,,auto-seeded draft; review
http://id.worldcat.org/fast/1180181.,Words in art,y,words-in-art,topical,Words in art,,auto-seeded draft; review
http://id.loc.gov/authorities/subjects/sh85148117.,"Words, New",y,words-new,topical,"Words, New",,auto-seeded draft; review
http://id.worldcat.org/fast/1180183.,"Words, New",y,words-new,topical,"Words, New",,auto-seeded draft; review
http://id.worldcat.org/fast/1180235.,Work and family,y,work-and-family,topical,Work and family,,auto-seeded draft; review
http://id.loc.gov/authorities/subjects/sh85148139.,Work and family,y,work-and-family,topical,Work and family,,auto-seeded draft; review
http://id.loc.gov/authorities/subjects/sh2008113677.,Work and family -- United States,y,work-and-family-united-states,topical,Work and family -- United States,,auto-seeded draft; review
(OCoLC)fst01180309,Work in art,y,work-in-art,topical,Work in art,,auto-seeded draft; review
lcsh|work-in-art,Work in art,y,work-in-art,topical,Work in art,,auto-seeded draft; review
lcsh|working-class-families-england-oxfordshire,Working class families -- England -- Oxfordshire,y,working-class-families-england-oxfordshire,topical,Working class families -- England -- Oxfordshire,,auto-seeded draft; review
http://id.worldcat.org/fast/1180561.,Working class libraries,y,working-class-libraries,topical,Working class libraries,,auto-seeded draft; review
lcsh|working-class-libraries-south-africa,Working class libraries -- South Africa,y,working-class-libraries-south-africa,topical,Working class libraries -- South Africa,,auto-seeded draft; review
unspecified|world-history,World history,y,world-history,topical,World history,,auto-seeded draft; review
lcsh|world-history-juvenile-literature,World history -- Juvenile literature,y,world-history-juvenile-literature,topical,World history -- Juvenile literature,,auto-seeded draft; review
lcsh|world-history-pictorial-works-juvenile-literature,World history -- Pictorial works -- Juvenile literature,y,world-history-pictorial-works-juvenile-literature,topical,World history -- Pictorial works -- Juvenile literature,,auto-seeded draft; review
(OCoLC)fst01181375,World music,y,world-music,topical,World music,,auto-seeded draft; review
lcsh|world-music-discography-periodicals,World music -- Discography -- Periodicals,y,world-music-discography-periodicals,topical,World music -- Discography -- Periodicals,,auto-seeded draft; review
lcsh|world-music-history-and-criticism-periodicals,World music -- History and criticism -- Periodicals,y,world-music-history-and-criticism-periodicals,topical,World music -- History and criticism -- Periodicals,,auto-seeded draft; review
lcsh|world-music-periodicals,World music -- Periodicals,y,world-music-periodicals,topical,World music -- Periodicals,,auto-seeded draft; review
http://id.loc.gov/authorities/subjects/sh85148284.,"World War, 1939-1945 -- Art and the war",y,world-war-1939-1945-art-and-the-war,topical,"World War, 1939-1945 -- Art and the war",,auto-seeded draft; review
http://id.loc.gov/authorities/subjects/sh2008113910.,"World War, 1939-1945 -- Asia",y,world-war-1939-1945-asia,topical,"World War, 1939-1945 -- Asia",,auto-seeded draft; review
lcsh|world-war-1939-1945-concentration-camps,"World War, 1939-1945 -- Concentration camps",y,world-war-1939-1945-concentration-camps,topical,"World War, 1939-1945 -- Concentration camps",,auto-seeded draft; review
lcsh|world-war-1939-1945-concentration-camps-personal-narratives-czechoslovakian,"World War, 1939-1945 -- Concentration camps -- Personal narratives, Czechoslovakian",y,world-war-1939-1945-concentration-camps-personal-narratives-czechoslovakian,topical,"World War, 1939-1945 -- Concentration camps -- Personal narratives, Czechoslovakian",,auto-seeded draft; review
lcsh|world-war-1939-1945-japan-hiroshima-shi-art-and-the-war,"World War, 1939-1945 -- Japan -- Hiroshima-shi -- Art and the war",y,world-war-1939-1945-japan-hiroshima-shi-art-and-the-war,topical,"World War, 1939-1945 -- Japan -- Hiroshima-shi -- Art and the war",,auto-seeded draft; review
http://id.loc.gov/authorities/subjects/sh85148445.,"World War, 1939-1945 -- Monuments",y,world-war-1939-1945-monuments,topical,"World War, 1939-1945 -- Monuments",,auto-seeded draft; review
lcsh|world-war-1939-1945-monuments-belgium-neuville-en-condroz-pictorial-works,"World War, 1939-1945 -- Monuments -- Belgium -- Neuville-en-Condroz -- Pictorial works",y,world-war-1939-1945-monuments-belgium-neuville-en-condroz-pictorial-works,topical,"World War, 1939-1945 -- Monuments -- Belgium -- Neuville-en-Condroz -- Pictorial works",,auto-seeded draft; review
lcsh|world-war-1939-1945-personal-narratives,"World War, 1939-1945 -- Personal narratives",y,world-war-1939-1945-personal-narratives,topical,"World War, 1939-1945 -- Personal narratives",,auto-seeded draft; review
lcsh|world-war-1939-1945-personal-narratives-czechoslovakian,"World War, 1939-1945 -- Personal narratives, Czechoslovakian",y,world-war-1939-1945-personal-narratives-czechoslovakian,topical,"World War, 1939-1945 -- Personal narratives, Czechoslovakian",,auto-seeded draft; review
lcsh|world-war-1939-1945-pictorial-works,"World War, 1939-1945 -- Pictorial works",y,world-war-1939-1945-pictorial-works,topical,"World War, 1939-1945 -- Pictorial works",,auto-seeded draft; review
http://id.loc.gov/authorities/subjects/sh2008113876.,"World War, 1939-1945 -- Registers of dead -- United States",y,world-war-1939-1945-registers-of-dead-united-states,topical,"World War, 1939-1945 -- Registers of dead -- United States",,auto-seeded draft; review
lcsh|world-war-1939-1945-veterans-united-states,"World War, 1939-1945 -- Veterans -- United States",y,world-war-1939-1945-veterans-united-states,topical,"World War, 1939-1945 -- Veterans -- United States",,auto-seeded draft; review
lcsh|world-war-1939-1945-wales-epynt-mountain,"World War, 1939-1945 -- Wales -- Epynt Mountain",y,world-war-1939-1945-wales-epynt-mountain,topical,"World War, 1939-1945 -- Wales -- Epynt Mountain",,auto-seeded draft; review
http://id.loc.gov/authorities/subjects/sh2007005510.,Worms in art,y,worms-in-art,topical,Worms in art,,auto-seeded draft; review
http://id.worldcat.org/fast/1905201.,Worms in art,y,worms-in-art,topical,Worms in art,,auto-seeded draft; review
http://id.loc.gov/authorities/subjects/sh85148589.,Wounds and injuries,y,wounds-and-injuries,topical,Wounds and injuries,,auto-seeded draft; review
http://id.worldcat.org/fast/1181488.,Wounds and injuries,y,wounds-and-injuries,topical,Wounds and injuries,,auto-seeded draft; review
lcsh|writing,Writing,y,writing,topical,Writing,,auto-seeded draft; review
http://id.worldcat.org/fast/1181673.,Writing in art,y,writing-in-art,topical,Writing in art,,auto-seeded draft; review
http://id.loc.gov/authorities/subjects/sh85148656.,Writing in art,y,writing-in-art,topical,Writing in art,,auto-seeded draft; review
http://id.loc.gov/authorities/subjects/sh2010119307.,Writing in art -- Exhibitions,y,writing-in-art-exhibitions,topical,Writing in art -- Exhibitions,,auto-seeded draft; review
lcsh|writing-invisible,"Writing, Invisible",y,writing-invisible,topical,"Writing, Invisible",,auto-seeded draft; review
lcsh|written-communication,Written communication,y,written-communication,topical,Written communication,,auto-seeded draft; review
http://id.loc.gov/authorities/subjects/sh85148749.,X-rays,y,x-rays,topical,X-rays,,auto-seeded draft; review
http://id.worldcat.org/fast/1181857.,X-rays,y,x-rays,topical,X-rays,,auto-seeded draft; review
http://id.worldcat.org/fast/1182490.,Yaqui Indians,y,yaqui-indians,topical,Yaqui Indians,,auto-seeded draft; review
lcsh|yaqui-indians-folklore,Yaqui Indians -- Folklore,y,yaqui-indians-folklore,topical,Yaqui Indians -- Folklore,,auto-seeded draft; review
http://id.loc.gov/authorities/subjects/sh94000681.,Yaqui mythology,y,yaqui-mythology,topical,Yaqui mythology,,auto-seeded draft; review
http://id.worldcat.org/fast/1182510.,Yaqui mythology,y,yaqui-mythology,topical,Yaqui mythology,,auto-seeded draft; review
lcsh|yiddish-poetry,Yiddish poetry,y,yiddish-poetry,topical,Yiddish poetry,,auto-seeded draft; review
lcsh|yiddish-poetry-translations-into-english,Yiddish poetry -- Translations into English,y,yiddish-poetry-translations-into-english,topical,Yiddish poetry -- Translations into English,,auto-seeded draft; review
lcsh|young-adults-egypt-political-activity-pictorial-works,Young adults -- Egypt -- Political activity -- Pictorial works,y,young-adults-egypt-political-activity-pictorial-works,topical,Young adults -- Egypt -- Political activity -- Pictorial works,,auto-seeded draft; review
lcsh|young-adults-egypt-social-conditions-pictorial-works,Young adults -- Egypt -- Social conditions -- Pictorial works,y,young-adults-egypt-social-conditions-pictorial-works,topical,Young adults -- Egypt -- Social conditions -- Pictorial works,,auto-seeded draft; review
http://id.worldcat.org/fast/1183301.,Young women,y,young-women,topical,Young women,,auto-seeded draft; review
http://id.worldcat.org/fast/1183308.,Young women -- Crimes against,y,young-women-crimes-against,topical,Young women -- Crimes against,,auto-seeded draft; review
lcsh|young-women-crimes-against-italy-naples-pictorial-works,Young women -- Crimes against -- Italy -- Naples -- Pictorial works,y,young-women-crimes-against-italy-naples-pictorial-works,topical,Young women -- Crimes against -- Italy -- Naples -- Pictorial works,,auto-seeded draft; review
lcsh|young-women-italy-naples-social-conditions-pictorial-works,Young women -- Italy -- Naples -- Social conditions -- Pictorial works,y,young-women-italy-naples-social-conditions-pictorial-works,topical,Young women -- Italy -- Naples -- Social conditions -- Pictorial works,,auto-seeded draft; review
http://id.worldcat.org/fast/1183328.,Young women -- Social conditions,y,young-women-social-conditions,topical,Young women -- Social conditions,,auto-seeded draft; review
lcsh|young-women-united-states-fiction,Young women -- United States -- Fiction,y,young-women-united-states-fiction,topical,Young women -- United States -- Fiction,,auto-seeded draft; review
fast|youth,Youth,y,youth,topical,Youth,,auto-seeded draft; review
lcsh|youth-great-britain,Youth -- Great Britain,y,youth-great-britain,topical,Youth -- Great Britain,,auto-seeded draft; review
http://id.worldcat.org/fast/1184085.,Zapotec language,y,zapotec-language,topical,Zapotec language,,auto-seeded draft; review
lcsh|zapotec-language-glossaries-vocabularies-etc,"Zapotec language -- Glossaries, vocabularies, etc",y,zapotec-language-glossaries-vocabularies-etc,topical,"Zapotec language -- Glossaries, vocabularies, etc",,auto-seeded draft; review
http://id.loc.gov/authorities/subjects/sh2021016059.,Zapotec language -- Study and teaching (Elementary) -- Spanish speakers,y,zapotec-language-study-and-teaching-elementary-spanish-speakers,topical,Zapotec language -- Study and teaching (Elementary) -- Spanish speakers,,auto-seeded draft; review
http://id.worldcat.org/fast/2039787.,Zapotec language -- Study and teaching (Elementary) -- Spanish speakers,y,zapotec-language-study-and-teaching-elementary-spanish-speakers,topical,Zapotec language -- Study and teaching (Elementary) -- Spanish speakers,,auto-seeded draft; review
gnd|zeichnung,Zeichnung,y,zeichnung,topical,Zeichnung,,auto-seeded draft; review
lcsh|zeichnung,Zeichnung,y,zeichnung,topical,Zeichnung,,auto-seeded draft; review
unspecified|zeichnung,Zeichnung,y,zeichnung,topical,Zeichnung,,auto-seeded draft; review
http://id.loc.gov/authorities/subjects/sh85007955.,Zen art,y,zen-art,topical,Zen art,,auto-seeded draft; review
http://id.worldcat.org/fast/1734280.,Zen art,y,zen-art,topical,Zen art,,auto-seeded draft; review
lcsh|zen-buddhism,Zen Buddhism,y,zen-buddhism,topical,Zen Buddhism,,auto-seeded draft; review
http://id.loc.gov/authorities/subjects/sh85101306.,Zen photography,y,zen-photography,topical,Zen photography,,auto-seeded draft; review
http://id.worldcat.org/fast/1734287.,Zen photography,y,zen-photography,topical,Zen photography,,auto-seeded draft; review
http://id.loc.gov/authorities/subjects/sh85149732.,Zen poetry,y,zen-poetry,topical,Zen poetry,,auto-seeded draft; review
http://id.worldcat.org/fast/1184230.,Zen poetry,y,zen-poetry,topical,Zen poetry,,auto-seeded draft; review
lcsh|zen-poetry-english,"Zen poetry, English",y,zen-poetry-english,topical,"Zen poetry, English",,auto-seeded draft; review
http://id.worldcat.org/fast/1896158.,Zines,y,zines,topical,Zines,,auto-seeded draft; review
lcsh|zines-argentina-21st-century-specimens,Zines -- Argentina -- 21st century -- Specimens,y,zines-argentina-21st-century-specimens,topical,Zines -- Argentina -- 21st century -- Specimens,,auto-seeded draft; review
lcsh|zines-california-san-francisco,Zines -- California -- San Francisco,y,zines-california-san-francisco,topical,Zines -- California -- San Francisco,,auto-seeded draft; review
lcsh|zines-chile-21st-century-specimens,Zines -- Chile -- 21st century -- Specimens,y,zines-chile-21st-century-specimens,topical,Zines -- Chile -- 21st century -- Specimens,,auto-seeded draft; review
lcsh|zines-peru-21st-century-specimens,Zines -- Peru -- 21st century -- Specimens,y,zines-peru-21st-century-specimens,topical,Zines -- Peru -- 21st century -- Specimens,,auto-seeded draft; review
lcsh|zines-pictorial-works,Zines -- Pictorial works,y,zines-pictorial-works,topical,Zines -- Pictorial works,,auto-seeded draft; review
http://id.loc.gov/authorities/subjects/sh85149938.,Zodiac,y,zodiac,topical,Zodiac,,auto-seeded draft; review
http://id.worldcat.org/fast/1184573.,Zodiac,y,zodiac,topical,Zodiac,,auto-seeded draft; review
http://id.loc.gov/authorities/subjects/sh85149940.,Zodiac in art,y,zodiac-in-art,topical,Zodiac in art,,auto-seeded draft; review
http://id.worldcat.org/fast/1184581.,Zodiac in art,y,zodiac-in-art,topical,Zodiac in art,,auto-seeded draft; review
http://id.worldcat.org/fast/1184777.,Zoos,y,zoos,topical,Zoos,,auto-seeded draft; review
lcsh|zoos-poetry,Zoos -- Poetry,y,zoos-poetry,topical,Zoos -- Poetry,,auto-seeded draft; review