tag,vocabulary,uri,heading,count
650,aat,,Artists' books (books) -- Florida -- Tallahassee -- 21st century,1
650,aat,http://vocab.getty.edu/aat/300022187,Neo-Dada,1
650,aat,http://vocab.getty.edu/aat/300123016,Artists' books (books),3
650,aat,http://vocab.getty.edu/aat/300138699,Collage (technique),1
650,aat,http://vocab.getty.edu/aat/300178688,Screen prints,3
650,aat,http://vocab.getty.edu/aat/300247923,Folding (process),1
650,aat,http://vocab.getty.edu/aat/300249275,Ecological art,1
650,aat,http://vocab.getty.edu/aat/300264827,Conceptual,1
650,aat,http://vocab.getty.edu/aat/300265728,Photobooks,1
650,abo.org,,Appropriated text,1
650,abo.org,,Photographic sequence,2
650,abo.org,,Visual narrative,1
650,fast,,Small presses,1
650,fast,http://id.worldcat.org/fast/1000104,Literature and technology,1
650,fast,http://id.worldcat.org/fast/1000107,Literature in art,4
650,fast,http://id.worldcat.org/fast/1000149,"Literature, Experimental",2
650,fast,http://id.worldcat.org/fast/1002014,Logic,1
650,fast,http://id.worldcat.org/fast/1002214,Loneliness,1
650,fast,http://id.worldcat.org/fast/1002621,Loss (Psychology),1
650,fast,http://id.worldcat.org/fast/1002646,Lost articles,2
650,fast,http://id.worldcat.org/fast/1002710,Lotteries in art,1
650,fast,http://id.worldcat.org/fast/1002769,Love,3
650,fast,http://id.worldcat.org/fast/1002780,Love -- Psychological aspects,1
650,fast,http://id.worldcat.org/fast/1002807,Love in art,6
650,fast,http://id.worldcat.org/fast/1002814,Love poetry,1
650,fast,http://id.worldcat.org/fast/1003494,Lumbee Indians,1
650,fast,http://id.worldcat.org/fast/1005034,Machinery in art,1
650,fast,http://id.worldcat.org/fast/1005389,Mafia,1
650,fast,http://id.worldcat.org/fast/1005942,Magpies,1
650,fast,http://id.worldcat.org/fast/1006062,Mail art,5
650,fast,http://id.worldcat.org/fast/1006702,Malians,1
650,fast,http://id.worldcat.org/fast/1007080,Man-woman relationships,3
650,fast,http://id.worldcat.org/fast/1007088,Man-woman relationships -- Psychological aspects,1
650,fast,http://id.worldcat.org/fast/1007096,Man-woman relationships in art,1
650,fast,http://id.worldcat.org/fast/1007815,Manners and customs,6
650,fast,http://id.worldcat.org/fast/1008755,Maps in art,3
650,fast,http://id.worldcat.org/fast/1008775,Mapuche Indians,1
650,fast,http://id.worldcat.org/fast/1008780,Mapuche Indians -- Government relations,1
650,fast,http://id.worldcat.org/fast/1008782,Mapuche Indians -- Land tenure,1
650,fast,http://id.worldcat.org/fast/1009154,Marginalia,1
650,fast,http://id.worldcat.org/fast/1009155,Marginalia in art,1
650,fast,http://id.worldcat.org/fast/1009156,"Marginality, Social",1
650,fast,http://id.worldcat.org/fast/1010443,Marriage,1
650,fast,http://id.worldcat.org/fast/1010606,Marriage in art,1
650,fast,http://id.worldcat.org/fast/1011027,Masculinity,1
650,fast,http://id.worldcat.org/fast/1011082,Masks,3
650,fast,http://id.worldcat.org/fast/1011097,Masks in art,1
650,fast,http://id.worldcat.org/fast/1011219,Mass media,1
650,fast,http://id.worldcat.org/fast/1011303,Mass media -- Social aspects,1
650,fast,http://id.worldcat.org/fast/1011368,Mass media and sports,1
650,fast,http://id.worldcat.org/fast/1011374,Mass media and the arts,1
650,fast,http://id.worldcat.org/fast/1011378,Mass media and war,1
650,fast,http://id.worldcat.org/fast/1011476,Massacres,1
650,fast,http://id.worldcat.org/fast/1011691,Mate selection,1
650,fast,http://id.worldcat.org/fast/1012698,Maya art,1
650,fast,http://id.worldcat.org/fast/1013121,Meadows,1
650,fast,http://id.worldcat.org/fast/1013149,Meaning (Philosophy),1
650,fast,http://id.worldcat.org/fast/1015166,Medicine in art,2
650,fast,http://id.worldcat.org/fast/1015686,Melanoma,1
650,fast,http://id.worldcat.org/fast/1015692,Melanoma -- Patients,1
650,fast,http://id.worldcat.org/fast/1015913,Memory,4
650,fast,http://id.worldcat.org/fast/1015930,Memory -- Political aspects,1
650,fast,http://id.worldcat.org/fast/1015940,Memory -- Social aspects,1
650,fast,http://id.worldcat.org/fast/1015959,Memory in art,5
650,fast,http://id.worldcat.org/fast/1015978,Men,1
650,fast,http://id.worldcat.org/fast/1016277,Menstrual cycle,2
650,fast,http://id.worldcat.org/fast/1016280,Menstrual cycle -- Psychological aspects,2
650,fast,http://id.worldcat.org/fast/1016284,Menstruation,2
650,fast,http://id.worldcat.org/fast/1017262,Merry-go-round in art,1
650,fast,http://id.worldcat.org/fast/1017283,Mescal,1
650,fast,http://id.worldcat.org/fast/1019072,Mexican Americans,1
650,fast,http://id.worldcat.org/fast/1019226,Mexican poetry,4
650,fast,http://id.worldcat.org/fast/1020261,Microwaves,1
650,fast,http://id.worldcat.org/fast/1020353,Middle age,1
650,fast,http://id.worldcat.org/fast/1020363,Middle age -- Social aspects,1
650,fast,http://id.worldcat.org/fast/1020437,Middle class,1
650,fast,http://id.worldcat.org/fast/1020672,Migraine,1
650,fast,http://id.worldcat.org/fast/1020741,"Migration, Internal",1
650,fast,http://id.worldcat.org/fast/1020839,Militarism,2
650,fast,http://id.worldcat.org/fast/1020850,Militarism -- Social aspects,1
650,fast,http://id.worldcat.org/fast/1020856,Military administration,1
650,fast,http://id.worldcat.org/fast/1020874,Military art and science,1
650,fast,http://id.worldcat.org/fast/1021571,Military uniforms in art,1
650,fast,http://id.worldcat.org/fast/1021870,Mills and mill-work,1
650,fast,http://id.worldcat.org/fast/1022666,Miniature books,27
650,fast,http://id.worldcat.org/fast/1022760,"Miniature painting, Pakistani",1
650,fast,http://id.worldcat.org/fast/1022831,Minimal art,4
650,fast,http://id.worldcat.org/fast/1023592,Mirrors in art,2
650,fast,http://id.worldcat.org/fast/1024099,Mixed media painting,1
650,fast,http://id.worldcat.org/fast/1024442,Modernism (Art),2
650,fast,http://id.worldcat.org/fast/1025086,Monasteries in art,1
650,fast,http://id.worldcat.org/fast/1025319,Money in art,3
650,fast,http://id.worldcat.org/fast/1025758,Monsters in art,2
650,fast,http://id.worldcat.org/fast/1025892,Monuments,3
650,fast,http://id.worldcat.org/fast/1026043,Moral conditions,1
650,fast,http://id.worldcat.org/fast/1026838,Motels,1
650,fast,http://id.worldcat.org/fast/1026878,Mother and child,1
650,fast,http://id.worldcat.org/fast/1026907,Motherhood,2
650,fast,http://id.worldcat.org/fast/1026918,Motherhood -- Psychological aspects,2
650,fast,http://id.worldcat.org/fast/1026940,Mothers,1
650,fast,http://id.worldcat.org/fast/1026981,Mothers -- Psychology,1
650,fast,http://id.worldcat.org/fast/1026997,Mothers and daughters,3
650,fast,http://id.worldcat.org/fast/1027007,Mothers and sons,3
650,fast,http://id.worldcat.org/fast/1027012,Mothers in art,1
650,fast,http://id.worldcat.org/fast/1027096,Motion picture actors and actresses,1
650,fast,http://id.worldcat.org/fast/1027717,Motor vehicles,1
650,fast,http://id.worldcat.org/fast/1027824,Motor vehicles -- Maintenance and repair,1
650,fast,http://id.worldcat.org/fast/1028355,Mountaineering expeditions,1
650,fast,http://id.worldcat.org/fast/1028387,Mountains in art,3
650,fast,http://id.worldcat.org/fast/1028641,Mud,1
650,fast,http://id.worldcat.org/fast/1028916,Multimedia (Art),2
650,fast,http://id.worldcat.org/fast/1029781,Murder,1
650,fast,http://id.worldcat.org/fast/1029803,Murder in art,2
650,fast,http://id.worldcat.org/fast/1029809,Murder victims,1
650,fast,http://id.worldcat.org/fast/1030128,Museums,2
650,fast,http://id.worldcat.org/fast/1030143,Museums -- Collection management,1
650,fast,http://id.worldcat.org/fast/1030220,Museums in art,2
650,fast,http://id.worldcat.org/fast/1030543,Music in art,3
650,fast,http://id.worldcat.org/fast/1032195,Nahua mythology,1
650,fast,http://id.worldcat.org/fast/1032226,Nahuatl language,1
650,fast,http://id.worldcat.org/fast/1032478,"Names, Personal",1
650,fast,http://id.worldcat.org/fast/1033328,"National cemeteries, American",2
650,fast,http://id.worldcat.org/fast/1033816,National socialism in art,1
650,fast,http://id.worldcat.org/fast/1033818,National socialism in motion pictures,1
650,fast,http://id.worldcat.org/fast/1033994,Natural disasters,1
650,fast,http://id.worldcat.org/fast/1034350,Natural history museums,1
650,fast,http://id.worldcat.org/fast/1034561,Nature,1
650,fast,http://id.worldcat.org/fast/1034564,Nature -- Effect of human beings on,1
650,fast,http://id.worldcat.org/fast/1034687,Nature photography,1
650,fast,http://id.worldcat.org/fast/1034799,Navajo Indians,1
650,fast,http://id.worldcat.org/fast/1035219,Nazis,1
650,fast,http://id.worldcat.org/fast/1036696,New Age movement,1
650,fast,http://id.worldcat.org/fast/1037181,Newspapers in art,1
650,fast,http://id.worldcat.org/fast/1039536,Nostalgia,1
650,fast,http://id.worldcat.org/fast/1039597,Notebooks,1
650,fast,http://id.worldcat.org/fast/1040095,Nuclear explosions in art,1
650,fast,http://id.worldcat.org/fast/1040436,Nuclear power plants,1
650,fast,http://id.worldcat.org/fast/1040437,Nuclear power plants -- Accidents,1
650,fast,http://id.worldcat.org/fast/1040524,Nuclear power plants -- Environmental aspects,1
650,fast,http://id.worldcat.org/fast/1040562,Nuclear power plants -- Health aspects,1
650,fast,http://id.worldcat.org/fast/1041139,Nude in art,1
650,fast,http://id.worldcat.org/fast/1041406,Nuns in art,1
650,fast,http://id.worldcat.org/fast/1041532,Nursery rhymes,1
650,fast,http://id.worldcat.org/fast/1042187,Nutrition,1
650,fast,http://id.worldcat.org/fast/1042610,Oak,1
650,fast,http://id.worldcat.org/fast/1042945,Observation (Psychology),1
650,fast,http://id.worldcat.org/fast/1044269,Offset printing,154
650,fast,http://id.worldcat.org/fast/1045581,Olympics,1
650,fast,http://id.worldcat.org/fast/1045708,On-demand printing,2
650,fast,http://id.worldcat.org/fast/1045980,Onomatopoeia,1
650,fast,http://id.worldcat.org/fast/1045995,Ontology,1
650,fast,http://id.worldcat.org/fast/1046613,Oppression (Psychology),1
650,fast,http://id.worldcat.org/fast/1046876,Optimism,1
650,fast,http://id.worldcat.org/fast/1047359,Order,1
650,fast,http://id.worldcat.org/fast/1048174,Origami,3
650,fast,http://id.worldcat.org/fast/1048433,Orphans,1
650,fast,http://id.worldcat.org/fast/1048976,Otomi Indians,2
650,fast,http://id.worldcat.org/fast/1049000,Otomi mythology,1
650,fast,http://id.worldcat.org/fast/1049134,Outdoor furniture,1
650,fast,http://id.worldcat.org/fast/1049157,Outdoor photography,4
650,fast,http://id.worldcat.org/fast/1049257,Outsider art,1
650,fast,http://id.worldcat.org/fast/1050332,Pageants,1
650,fast,http://id.worldcat.org/fast/1050382,Pain,1
650,fast,http://id.worldcat.org/fast/1050415,Pain -- Treatment,1
650,fast,http://id.worldcat.org/fast/1050433,Paint,1
650,fast,http://id.worldcat.org/fast/1050851,"Painting, German",1
650,fast,http://id.worldcat.org/fast/1051228,Pakistanis,1
650,fast,http://id.worldcat.org/fast/1051793,Palms,1
650,fast,http://id.worldcat.org/fast/1052437,Paper dolls,1
650,fast,http://id.worldcat.org/fast/1052584,Paper work,2
650,fast,http://id.worldcat.org/fast/1052593,Handmade paper,8
650,fast,http://id.worldcat.org/fast/1052642,Papermaking,1
650,fast,http://id.worldcat.org/fast/1052665,Papermaking -- Technique,1
650,fast,http://id.worldcat.org/fast/1052772,Parables in art,1
650,fast,http://id.worldcat.org/fast/1053079,Parapsychology,1
650,fast,http://id.worldcat.org/fast/1053407,Parenting,2
650,fast,http://id.worldcat.org/fast/1053672,Parking lots,1
650,fast,http://id.worldcat.org/fast/1054130,Particles (Nuclear physics),1
650,fast,http://id.worldcat.org/fast/1054417,Passing (Identity),1
650,fast,http://id.worldcat.org/fast/1054779,Pataphysics,1
650,fast,http://id.worldcat.org/fast/1055254,Pattern perception,1
650,fast,http://id.worldcat.org/fast/1056770,Pen drawing,1
650,fast,http://id.worldcat.org/fast/1057237,Peonies,1
650,fast,http://id.worldcat.org/fast/1057637,Perception (Philosophy),1
650,fast,http://id.worldcat.org/fast/1057852,Performance art,7
650,fast,http://id.worldcat.org/fast/1058566,Personal archives,1
650,fast,http://id.worldcat.org/fast/1058583,Personal information management,1
650,fast,http://id.worldcat.org/fast/1058944,Peruvian poetry,2
650,fast,http://id.worldcat.org/fast/1060522,Phenomenology,1
650,fast,http://id.worldcat.org/fast/1060777,Philosophy,7
650,fast,http://id.worldcat.org/fast/1060917,"Philosophy, Chinese",2
650,fast,http://id.worldcat.org/fast/1060928,"Philosophy, Comparative",1
650,fast,http://id.worldcat.org/fast/1061499,Photobooths,1
650,fast,http://id.worldcat.org/fast/1061527,Photocollage,2
650,fast,http://id.worldcat.org/fast/1061536,Photocopying in art,3
650,fast,http://id.worldcat.org/fast/1061600,Photograph collections,3
650,fast,http://id.worldcat.org/fast/1061605,Photographers,3
650,fast,http://id.worldcat.org/fast/1061714,Photography,15
650,fast,http://id.worldcat.org/fast/1061725,Photography -- Collectors and collecting,1
650,fast,http://id.worldcat.org/fast/1061726,Photography -- Competitions,1
650,fast,http://id.worldcat.org/fast/1061736,Photography -- Digital techniques,1
650,fast,http://id.worldcat.org/fast/1061781,Photography -- Philosophy,3
650,fast,http://id.worldcat.org/fast/1061802,Photography -- Private collections,1
650,fast,http://id.worldcat.org/fast/1061913,Photography of hands,1
650,fast,http://id.worldcat.org/fast/1061919,Photography of interiors,2
650,fast,http://id.worldcat.org/fast/1061922,Photography of men,4
650,fast,http://id.worldcat.org/fast/1061933,Photography of plants,2
650,fast,http://id.worldcat.org/fast/1061946,Photography of sports,1
650,fast,http://id.worldcat.org/fast/1061951,Photography of the nude,1
650,fast,http://id.worldcat.org/fast/1061956,Photography of water,1
650,fast,http://id.worldcat.org/fast/1061958,Photography of women,5
650,fast,http://id.worldcat.org/fast/1061962,"Photography, Abstract",3
650,fast,http://id.worldcat.org/fast/1061964,"Photography, Artistic",92
650,fast,http://id.worldcat.org/fast/1061968,"Photography, Artistic -- Exhibitions",7
650,fast,http://id.worldcat.org/fast/1061973,"Photography, Artistic -- Philosophy",2
650,fast,http://id.worldcat.org/fast/1061982,"Photography, Close-up",1
650,fast,http://id.worldcat.org/fast/1062004,"Photography, Pinhole",1
650,fast,http://id.worldcat.org/fast/1062022,Photojournalism,3
650,fast,http://id.worldcat.org/fast/1062053,Photomontage,1
650,fast,http://id.worldcat.org/fast/1063143,Physics in literature,1
650,fast,http://id.worldcat.org/fast/1063814,Picture-writing,2
650,fast,http://id.worldcat.org/fast/1064870,Pit bull terriers,1
650,fast,http://id.worldcat.org/fast/1064888,Pitchers,1
650,fast,http://id.worldcat.org/fast/1065779,Plantation life,2
650,fast,http://id.worldcat.org/fast/1065815,Plantations in art,2
650,fast,http://id.worldcat.org/fast/1065823,Plants,1
650,fast,http://id.worldcat.org/fast/1066133,Plants in art,1
650,fast,http://id.worldcat.org/fast/1067033,Playing cards in art,1
650,fast,http://id.worldcat.org/fast/1067682,Poetics,3
650,fast,http://id.worldcat.org/fast/1067691,Poetry,1
650,fast,http://id.worldcat.org/fast/1068398,Police,1
650,fast,http://id.worldcat.org/fast/1068686,Police shootings,1
650,fast,http://id.worldcat.org/fast/1069192,Political activists,1
650,fast,http://id.worldcat.org/fast/1069207,Political atrocities,3
650,fast,http://id.worldcat.org/fast/1069221,Political cartoons,1
650,fast,http://id.worldcat.org/fast/1069363,Political leadership,1
650,fast,http://id.worldcat.org/fast/1069520,"Political poetry, American",1
650,fast,http://id.worldcat.org/fast/1069629,"Political posters, Russian",1
650,fast,http://id.worldcat.org/fast/1069662,Political prisoners in art,1
650,fast,http://id.worldcat.org/fast/1069678,Political refugees,1
650,fast,http://id.worldcat.org/fast/1071250,Pop art,1
650,fast,http://id.worldcat.org/fast/1071255,Popcorn,1
650,fast,http://id.worldcat.org/fast/1071344,Popular culture,1
650,fast,http://id.worldcat.org/fast/1071875,Pornography,2
650,fast,http://id.worldcat.org/fast/1072120,Portmanteau words,1
650,fast,http://id.worldcat.org/fast/1072259,Portrait photography,21
650,fast,http://id.worldcat.org/fast/1072342,"Portraits, American",1
650,fast,http://id.worldcat.org/fast/1072400,Portuguese,1
650,fast,http://id.worldcat.org/fast/1072762,Post-traumatic stress disorder,1
650,fast,http://id.worldcat.org/fast/1072827,Postage stamps in art,2
650,fast,http://id.worldcat.org/fast/1073018,Postcards,3
650,fast,http://id.worldcat.org/fast/1073020,Postcards -- Collectors and collecting,1
650,fast,http://id.worldcat.org/fast/1073118,"Posters, Soviet",1
650,fast,http://id.worldcat.org/fast/1073181,Postmodernism (Literature),1
650,fast,http://id.worldcat.org/fast/1074025,Poultry industry,1
650,fast,http://id.worldcat.org/fast/1074579,Pragmatics,1
650,fast,http://id.worldcat.org/fast/1074621,Prairies in art,1
650,fast,http://id.worldcat.org/fast/1074680,Prayer,1
650,fast,http://id.worldcat.org/fast/1075102,Pregnancy,1
650,fast,http://id.worldcat.org/fast/1075159,Pregnancy in art,1
650,fast,http://id.worldcat.org/fast/1075260,Prejudices,1
650,fast,http://id.worldcat.org/fast/1075708,Presidential candidates,1
650,fast,http://id.worldcat.org/fast/1075723,Presidents,1
650,fast,http://id.worldcat.org/fast/1075747,Presidents -- Election,1
650,fast,http://id.worldcat.org/fast/1076612,Printing,2
650,fast,http://id.worldcat.org/fast/1076883,"Prints, Cuban",1
650,fast,http://id.worldcat.org/fast/1076940,"Prints, Mexican",7
650,fast,http://id.worldcat.org/fast/1077103,Prisoners,1
650,fast,http://id.worldcat.org/fast/1077110,Prisoners -- Civil rights,1
650,fast,http://id.worldcat.org/fast/1077155,"Prisoners -- Legal status, laws, etc",1
650,fast,http://id.worldcat.org/fast/1077326,Prisons,1
650,fast,http://id.worldcat.org/fast/1077442,Privacy in art,1
650,fast,http://id.worldcat.org/fast/1078755,Prohibited books,1
650,fast,http://id.worldcat.org/fast/1078900,Promises,1
650,fast,http://id.worldcat.org/fast/1078952,Proofs (Printing),1
650,fast,http://id.worldcat.org/fast/1079000,"Propaganda, Capitalist",1
650,fast,http://id.worldcat.org/fast/1079003,"Propaganda, Communist",1
650,fast,http://id.worldcat.org/fast/1079046,"Propaganda, Soviet",1
650,fast,http://id.worldcat.org/fast/1079535,Prostitutes,1
650,fast,http://id.worldcat.org/fast/1079562,Prostitution,1
650,fast,http://id.worldcat.org/fast/1080212,Proverbs in art,2
650,fast,http://id.worldcat.org/fast/1080912,Pseudoscience,2
650,fast,http://id.worldcat.org/fast/1081217,Psychic trauma,1
650,fast,http://id.worldcat.org/fast/1081235,Psychoanalysis,1
650,fast,http://id.worldcat.org/fast/1082064,Public art,2
650,fast,http://id.worldcat.org/fast/1084083,Punctuation,2
650,fast,http://id.worldcat.org/fast/1084220,Puppet theater,1
650,fast,http://id.worldcat.org/fast/1084235,Puppets,1
650,fast,http://id.worldcat.org/fast/1085540,Quechua Indians,1
650,fast,http://id.worldcat.org/fast/1085568,Quechua Indians -- Religion,1
650,fast,http://id.worldcat.org/fast/1085614,Quechua mythology,1
650,fast,http://id.worldcat.org/fast/1085685,Questioning,2
650,fast,http://id.worldcat.org/fast/1085804,Quilts,1
650,fast,http://id.worldcat.org/fast/1085823,Quilts in literature,1
650,fast,http://id.worldcat.org/fast/1086509,Race relations,2
650,fast,http://id.worldcat.org/fast/1086589,Racial profiling in law enforcement,1
650,fast,http://id.worldcat.org/fast/1086616,Racism,9
650,fast,http://id.worldcat.org/fast/1086619,Racism -- Economic aspects,1
650,fast,http://id.worldcat.org/fast/1086627,Racism -- Political aspects,1
650,fast,http://id.worldcat.org/fast/1086652,Racism in art,6
650,fast,http://id.worldcat.org/fast/1086659,Racism in museum exhibits,1
650,fast,http://id.worldcat.org/fast/1086660,Racism in popular culture,1
650,fast,http://id.worldcat.org/fast/1087195,Radio art,1
650,fast,http://id.worldcat.org/fast/1089410,Rain and rainfall,1
650,fast,http://id.worldcat.org/fast/1089970,Rape,2
650,fast,http://id.worldcat.org/fast/1089980,Rape -- Psychological aspects,2
650,fast,http://id.worldcat.org/fast/1090002,Rape in art,2
650,fast,http://id.worldcat.org/fast/1090365,Rattle (Musical instrument),1
650,fast,http://id.worldcat.org/fast/1090391,Rave culture,1
650,fast,http://id.worldcat.org/fast/1090626,Reading,1
650,fast,http://id.worldcat.org/fast/1090664,Reading -- Physiological aspects,1
650,fast,http://id.worldcat.org/fast/1090844,"Reading, Psychology of",1
650,fast,http://id.worldcat.org/fast/1091248,Reality in art,1
650,fast,http://id.worldcat.org/fast/1091560,Record labels,1
650,fast,http://id.worldcat.org/fast/1091865,Recreation in art,1
650,fast,http://id.worldcat.org/fast/1092000,"Recycling (Waste, etc.)",1
650,fast,http://id.worldcat.org/fast/1092145,Red in art,1
650,fast,http://id.worldcat.org/fast/1092490,Reflection (Optics) in art,1
650,fast,http://id.worldcat.org/fast/1092759,Refrigerators,1
650,fast,http://id.worldcat.org/fast/1092797,Refugees,2
650,fast,http://id.worldcat.org/fast/1092851,Refugees in art,2
650,fast,http://id.worldcat.org/fast/1092888,Refuse and refuse disposal,2
650,fast,http://id.worldcat.org/fast/1093278,Regret,2
650,fast,http://id.worldcat.org/fast/1093823,Religion and culture,1
650,fast,http://id.worldcat.org/fast/1093878,Religion in art,1
650,fast,http://id.worldcat.org/fast/1094311,Religious right,1
650,fast,http://id.worldcat.org/fast/1094819,Repetitive patterns (Decorative arts) in art,2
650,fast,http://id.worldcat.org/fast/1095153,Research,1
650,fast,http://id.worldcat.org/fast/1096737,Revolutions,3
650,fast,http://id.worldcat.org/fast/1096772,Revolutions in art,2
650,fast,http://id.worldcat.org/fast/1097281,Rhythm and blues music,1
650,fast,http://id.worldcat.org/fast/1097334,Rice,1
650,fast,http://id.worldcat.org/fast/1098312,Rivers,2
650,fast,http://id.worldcat.org/fast/1098507,Roadkill,1
650,fast,http://id.worldcat.org/fast/1098511,Roads,2
650,fast,http://id.worldcat.org/fast/1098825,Roads -- Surveying,1
650,fast,http://id.worldcat.org/fast/1099464,Rocks in art,1
650,fast,http://id.worldcat.org/fast/1100383,Roosters in art,1
650,fast,http://id.worldcat.org/fast/1101147,Rugs,1
650,fast,http://id.worldcat.org/fast/1101819,Rural schools,1
650,fast,http://id.worldcat.org/fast/1102394,Russian poetry,1
650,fast,http://id.worldcat.org/fast/1103529,Sailing ships,1
650,fast,http://id.worldcat.org/fast/1103534,Sailing ships -- Models,1
650,fast,http://id.worldcat.org/fast/1103670,Saints in art,1
650,fast,http://id.worldcat.org/fast/1106752,Schizophrenia,2
650,fast,http://id.worldcat.org/fast/1106784,Schizophrenia in art,1
650,fast,http://id.worldcat.org/fast/1107474,School integration,1
650,fast,http://id.worldcat.org/fast/1108730,Science in art,4
650,fast,http://id.worldcat.org/fast/1108809,"Science, Renaissance",1
650,fast,http://id.worldcat.org/fast/1109413,Scrolls,1
650,fast,http://id.worldcat.org/fast/1109483,Sculpture,1
650,fast,http://id.worldcat.org/fast/1109788,"Sculpture, Modern",3
650,fast,http://id.worldcat.org/fast/1110397,Seashore,1
650,fast,http://id.worldcat.org/fast/1110465,Seasons in art,3
650,fast,http://id.worldcat.org/fast/1110644,Secrecy,1
650,fast,http://id.worldcat.org/fast/1110984,Sedimentation and deposition,1
650,fast,http://id.worldcat.org/fast/1111039,Seduction in art,1
650,fast,http://id.worldcat.org/fast/1111754,Self-help techniques,4
650,fast,http://id.worldcat.org/fast/1111843,Self-portraits,4
650,fast,http://id.worldcat.org/fast/1111887,Self-publishing,1
650,fast,http://id.worldcat.org/fast/1112351,Semiotics,1
650,fast,http://id.worldcat.org/fast/1112589,Senses and sensation in art,1
650,fast,http://id.worldcat.org/fast/1112717,Separation (Psychology),1
650,fast,http://id.worldcat.org/fast/1112809,September 11 Terrorist Attacks (2001) in art,3
650,fast,http://id.worldcat.org/fast/1113113,Serial murderers in literature,1
650,fast,http://id.worldcat.org/fast/1113186,Serigraphy,2
650,fast,http://id.worldcat.org/fast/1113200,"Serigraphy, Mexican",1
650,fast,http://id.worldcat.org/fast/1113350,Serpents,1
650,fast,http://id.worldcat.org/fast/1113355,Serpents in art,1
650,fast,http://id.worldcat.org/fast/1113497,Service stations,2
650,fast,http://id.worldcat.org/fast/1114160,Sex,3
650,fast,http://id.worldcat.org/fast/1114185,Sex -- Religious aspects,1
650,fast,http://id.worldcat.org/fast/1114306,Sex customs,1
650,fast,http://id.worldcat.org/fast/1114376,Sex discrimination against women,1
650,fast,http://id.worldcat.org/fast/1114456,Sex in art,1
650,fast,http://id.worldcat.org/fast/1114647,Sex role in art,1
650,fast,http://id.worldcat.org/fast/1114686,Sexism,1
650,fast,http://id.worldcat.org/fast/1114857,Sexual harassment,1
650,fast,http://id.worldcat.org/fast/1114897,Sexual intercourse,1
650,fast,http://id.worldcat.org/fast/1115024,Shades and shadows,1
650,fast,http://id.worldcat.org/fast/1115174,Shamans,1
650,fast,http://id.worldcat.org/fast/1116352,Shipping,1
650,fast,http://id.worldcat.org/fast/1116638,Shipwrecks,1
650,fast,http://id.worldcat.org/fast/1116648,Shipwrecks in art,1
650,fast,http://id.worldcat.org/fast/1116787,Shoes in art,1
650,fast,http://id.worldcat.org/fast/1116906,Shopping carts,1
650,fast,http://id.worldcat.org/fast/1116944,Shopping malls,1
650,fast,http://id.worldcat.org/fast/1118066,Sick children,1
650,fast,http://id.worldcat.org/fast/1118264,Sign painting,1
650,fast,http://id.worldcat.org/fast/1118311,Signals and signaling,1
650,fast,http://id.worldcat.org/fast/1118336,Signs and signboards,1
650,fast,http://id.worldcat.org/fast/1118355,Signs and symbols,2
650,fast,http://id.worldcat.org/fast/1119452,Single women,1
650,fast,http://id.worldcat.org/fast/1119790,Site-specific art,1
650,fast,http://id.worldcat.org/fast/1119791,Site-specific installations (Art),3
650,fast,http://id.worldcat.org/fast/1119885,Skateboarding,1
650,fast,http://id.worldcat.org/fast/1120144,Skin in art,1
650,fast,http://id.worldcat.org/fast/1120260,Sky,1
650,fast,http://id.worldcat.org/fast/1120389,Slave rebellions,3
650,fast,http://id.worldcat.org/fast/1120393,Slave labor,1
650,fast,http://id.worldcat.org/fast/1120405,Slave trade,2
650,fast,http://id.worldcat.org/fast/1120426,Slavery,5
650,fast,http://id.worldcat.org/fast/1120514,Slavery in art,2
650,fast,http://id.worldcat.org/fast/1120522,Enslaved persons,1
650,fast,http://id.worldcat.org/fast/1120577,Enslaved persons -- Social conditions,1
650,fast,http://id.worldcat.org/fast/1120819,Sleep,1
650,fast,http://id.worldcat.org/fast/1120853,Sleep in art,1
650,fast,http://id.worldcat.org/fast/1121467,Small press books,17
650,fast,http://id.worldcat.org/fast/1121469,Small presses,10
650,fast,http://id.worldcat.org/fast/1121956,Snow in art,1
650,fast,http://id.worldcat.org/fast/1122310,Social change,1
650,fast,http://id.worldcat.org/fast/1122378,Social conflict,1
650,fast,http://id.worldcat.org/fast/1122446,Social epistemology,1
650,fast,http://id.worldcat.org/fast/1122601,Social isolation in art,1
650,fast,http://id.worldcat.org/fast/1122657,Social movements,2
650,fast,http://id.worldcat.org/fast/1122678,Social networks,1
650,fast,http://id.worldcat.org/fast/1123637,Socialism,2
650,fast,http://id.worldcat.org/fast/1123713,Socialism in art,1
650,fast,http://id.worldcat.org/fast/1123847,Sociolinguistics,1
650,fast,http://id.worldcat.org/fast/1125233,Soldiers,1
650,fast,http://id.worldcat.org/fast/1125348,Soldiers' monuments,2
650,fast,http://id.worldcat.org/fast/1125561,Solitude,1
650,fast,http://id.worldcat.org/fast/1126526,"Songs, Spanish",1
650,fast,http://id.worldcat.org/fast/1127003,Sound in art,1
650,fast,http://id.worldcat.org/fast/1127006,Sound installations (Art),1
650,fast,http://id.worldcat.org/fast/1127034,Sound recordings,1
650,fast,http://id.worldcat.org/fast/1127035,Sound recordings -- Album covers,1
650,fast,http://id.worldcat.org/fast/1127063,Sound recordings in art,1
650,fast,http://id.worldcat.org/fast/1127099,Sounds,1
650,fast,http://id.worldcat.org/fast/1127128,Source code (Computer science),1
650,fast,http://id.worldcat.org/fast/1127238,South Asian literature,1
650,fast,http://id.worldcat.org/fast/1127242,South Asian poetry,1
650,fast,http://id.worldcat.org/fast/1127253,South Asians in literature,1
650,fast,http://id.worldcat.org/fast/1127613,Space (Architecture) in art,1
650,fast,http://id.worldcat.org/fast/1127669,Space debris,1
650,fast,http://id.worldcat.org/fast/1128153,Spaniards,1
650,fast,http://id.worldcat.org/fast/1128292,Spanish language,2
650,fast,http://id.worldcat.org/fast/1128389,"Spanish language -- Glossaries, vocabularies, etc",1
650,fast,http://id.worldcat.org/fast/1128390,Spanish language -- Grammar,1
650,fast,http://id.worldcat.org/fast/1128654,Spanish poetry,2
650,fast,http://id.worldcat.org/fast/1129153,Speech,1
650,fast,http://id.worldcat.org/fast/1129725,Spices,1
650,fast,http://id.worldcat.org/fast/1129749,Spiders,1
650,fast,http://id.worldcat.org/fast/1130186,Spirituality,3
650,fast,http://id.worldcat.org/fast/1130201,Spirituality in art,1
650,fast,http://id.worldcat.org/fast/1131077,Square,1
650,fast,http://id.worldcat.org/fast/1131340,Staged photography,1
650,fast,http://id.worldcat.org/fast/1131648,Stars,1
650,fast,http://id.worldcat.org/fast/1131687,Stars -- Mythology,1
650,fast,http://id.worldcat.org/fast/1131721,Stars in art,2
650,fast,http://id.worldcat.org/fast/1131965,State-sponsored terrorism,1
650,fast,http://id.worldcat.org/fast/1133155,Stereophonic sound systems,1
650,fast,http://id.worldcat.org/fast/1133173,Stereoscopic views,1
650,fast,http://id.worldcat.org/fast/1133421,Still-life photography,1
650,fast,http://id.worldcat.org/fast/1133438,Stills (Motion pictures),1
650,fast,http://id.worldcat.org/fast/1133492,Stitches (Sewing),1
650,fast,http://id.worldcat.org/fast/1133836,Stone carvers,1
650,fast,http://id.worldcat.org/fast/1133914,Stone-cutters,1
650,fast,http://id.worldcat.org/fast/1134169,Storytelling,1
650,fast,http://id.worldcat.org/fast/1134317,Strangers,2
650,fast,http://id.worldcat.org/fast/1134710,Street photography,3
650,fast,http://id.worldcat.org/fast/1134794,Streets,2
650,fast,http://id.worldcat.org/fast/1135291,String figures,1
650,fast,http://id.worldcat.org/fast/1135292,String in art,1
650,fast,http://id.worldcat.org/fast/1135732,Structuralism,1
650,fast,http://id.worldcat.org/fast/1136041,Students,1
650,fast,http://id.worldcat.org/fast/1136098,Students -- Political activity,1
650,fast,http://id.worldcat.org/fast/1136374,Stūpas,1
650,fast,http://id.worldcat.org/fast/1136930,Suburban life,1
650,fast,http://id.worldcat.org/fast/1136941,Suburbs,1
650,fast,http://id.worldcat.org/fast/1137039,Subways in art,1
650,fast,http://id.worldcat.org/fast/1137618,Suicide victims,1
650,fast,http://id.worldcat.org/fast/1138662,Sundials,1
650,fast,http://id.worldcat.org/fast/1139321,Surfing,1
650,fast,http://id.worldcat.org/fast/1139538,Surrealism,1
650,fast,http://id.worldcat.org/fast/1139579,Surveying,1
650,fast,http://id.worldcat.org/fast/1139652,Survival and emergency equipment,1
650,fast,http://id.worldcat.org/fast/1139712,Sustainable agriculture,1
650,fast,http://id.worldcat.org/fast/1140385,Swimming pools,1
650,fast,http://id.worldcat.org/fast/1140771,Symbolism in art,4
650,fast,http://id.worldcat.org/fast/1140816,Symmetry (Art),1
650,fast,http://id.worldcat.org/fast/1142279,Talismans,1
650,fast,http://id.worldcat.org/fast/1142640,Tango (Dance),1
650,fast,http://id.worldcat.org/fast/1142648,Tango (Dance) in art,1
650,fast,http://id.worldcat.org/fast/1143418,Tarot,3
650,fast,http://id.worldcat.org/fast/1143428,Tarot in art,4
650,fast,http://id.worldcat.org/fast/1143549,Tattooing,1
650,fast,http://id.worldcat.org/fast/1144037,Taxicabs,1
650,fast,http://id.worldcat.org/fast/1144058,Taxidermy,3
650,fast,http://id.worldcat.org/fast/1144120,Tea,1
650,fast,http://id.worldcat.org/fast/1144704,Teapots,1
650,fast,http://id.worldcat.org/fast/1145291,Technology in art,1
650,fast,http://id.worldcat.org/fast/1145412,Teenage girls,3
650,fast,http://id.worldcat.org/fast/1145421,Teenage girls -- Crimes against,1
650,fast,http://id.worldcat.org/fast/1145431,Teenage girls -- Fiction,2
650,fast,http://id.worldcat.org/fast/1145452,Teenage girls -- Social conditions,1
650,fast,http://id.worldcat.org/fast/1145460,Teenage girls in popular culture,2
650,fast,http://id.worldcat.org/fast/1146358,Telephone calls,1
650,fast,http://id.worldcat.org/fast/1146674,Television and art,1
650,fast,http://id.worldcat.org/fast/1146714,Television broadcasting,1
650,fast,http://id.worldcat.org/fast/1148101,Terrorism,1
650,fast,http://id.worldcat.org/fast/1148150,Terrorism in art,1
650,fast,http://id.worldcat.org/fast/1148594,Textile artists,2
650,fast,http://id.worldcat.org/fast/1148602,Textile crafts,1
650,fast,http://id.worldcat.org/fast/1148702,Textile fabrics in art,1
650,fast,http://id.worldcat.org/fast/1149370,Theaters,1
650,fast,http://id.worldcat.org/fast/1149393,Theaters -- Models,1
650,fast,http://id.worldcat.org/fast/1150133,Thirteen (The number) in art,1
650,fast,http://id.worldcat.org/fast/1150249,Thought and thinking,1
650,fast,http://id.worldcat.org/fast/1151043,Time,3
650,fast,http://id.worldcat.org/fast/1151053,Time -- Philosophy,2
650,fast,http://id.worldcat.org/fast/1151107,Time in art,10
650,fast,http://id.worldcat.org/fast/1152598,Tools,1
650,fast,http://id.worldcat.org/fast/1152654,Topiary work,1
650,fast,http://id.worldcat.org/fast/1152971,Torture in art,1
650,fast,http://id.worldcat.org/fast/1153061,Totems,1
650,fast,http://id.worldcat.org/fast/1153278,"Tower of the Winds (Athens, Greece)",1
650,fast,http://id.worldcat.org/fast/1153424,Toy and movable books -- Specimens,8
650,fast,http://id.worldcat.org/fast/1153517,Toys in art,1
650,fast,http://id.worldcat.org/fast/1154795,Translating and interpreting,1
650,fast,http://id.worldcat.org/fast/1155007,Transportation,1
650,fast,http://id.worldcat.org/fast/1155146,Transportation -- Planning,1
650,fast,http://id.worldcat.org/fast/1155432,Transsexuals,3
650,fast,http://id.worldcat.org/fast/1155473,Cross-dressers,2
650,fast,http://id.worldcat.org/fast/1155525,Trash art,1
650,fast,http://id.worldcat.org/fast/1155558,Travel,13
650,fast,http://id.worldcat.org/fast/1155596,Travel -- Social aspects,1
650,fast,http://id.worldcat.org/fast/1155639,Travel in art,8
650,fast,http://id.worldcat.org/fast/1155984,Trees,1
650,fast,http://id.worldcat.org/fast/1156141,Trees in art,1
650,fast,http://id.worldcat.org/fast/1158255,Truthfulness and falsehood,1
650,fast,http://id.worldcat.org/fast/1159951,Type and type-founding,2
650,fast,http://id.worldcat.org/fast/1159962,Type and type-founding in art,2
650,fast,http://id.worldcat.org/fast/1160372,Uighur (Turkic people),1
650,fast,http://id.worldcat.org/fast/1161302,Unicorns in art,1
650,fast,http://id.worldcat.org/fast/1161748,Universities and colleges -- Faculty,1
650,fast,http://id.worldcat.org/fast/1162160,Upside-down books,1
650,fast,http://id.worldcat.org/fast/1163359,Utopias,1
650,fast,http://id.worldcat.org/fast/1163371,Utopias in art,1
650,fast,http://id.worldcat.org/fast/1163372,Utopias in literature,1
650,fast,http://id.worldcat.org/fast/1163651,Vagina,1
650,fast,http://id.worldcat.org/fast/1163796,Valentines,1
650,fast,http://id.worldcat.org/fast/1164956,Vehicle bombs,3
650,fast,http://id.worldcat.org/fast/1165236,Venn diagrams,1
650,fast,http://id.worldcat.org/fast/1165710,Veterans,3
650,fast,http://id.worldcat.org/fast/1166343,Victims of state-sponsored terrorism,1
650,fast,http://id.worldcat.org/fast/1166389,Video art,2
650,fast,http://id.worldcat.org/fast/1166910,Vigilantes,1
650,fast,http://id.worldcat.org/fast/1167224,Violence,7
650,fast,http://id.worldcat.org/fast/1167273,Violence in art,2
650,fast,http://id.worldcat.org/fast/1167698,Virtual reality in art,1
650,fast,http://id.worldcat.org/fast/1167913,Visions in art,1
650,fast,http://id.worldcat.org/fast/1168079,Visual poetry,4
650,fast,http://id.worldcat.org/fast/1168113,"Visual poetry, Uruguayan",1
650,fast,http://id.worldcat.org/fast/1169308,Voyages and travels,3
650,fast,http://id.worldcat.org/fast/1169343,Voyeurism in art,1
650,fast,http://id.worldcat.org/fast/1170049,Walking,1
650,fast,http://id.worldcat.org/fast/1170082,Walking in art,6
650,fast,http://id.worldcat.org/fast/1170374,War -- Religious aspects,1
650,fast,http://id.worldcat.org/fast/1170447,War and society,1
650,fast,http://id.worldcat.org/fast/1170504,War in art,2
650,fast,http://id.worldcat.org/fast/1170508,War memorials,1
650,fast,http://id.worldcat.org/fast/1170549,War photography,2
650,fast,http://id.worldcat.org/fast/1171606,Water clocks,1
650,fast,http://id.worldcat.org/fast/1171762,Water in art,2
650,fast,http://id.worldcat.org/fast/1172744,Watersheds,1
650,fast,http://id.worldcat.org/fast/1173203,Weaving,2
650,fast,http://id.worldcat.org/fast/1173220,Weaving in art,1
650,fast,http://id.worldcat.org/fast/1173221,Weaving in literature,1
650,fast,http://id.worldcat.org/fast/1173234,Web search engines,1
650,fast,http://id.worldcat.org/fast/1174632,White collar workers,2
650,fast,http://id.worldcat.org/fast/1175145,Wild west shows,1
650,fast,http://id.worldcat.org/fast/1175789,Windows,1
650,fast,http://id.worldcat.org/fast/1176075,Winter in art,1
650,fast,http://id.worldcat.org/fast/1176313,"Wit and humor, Pictorial",1
650,fast,http://id.worldcat.org/fast/1176557,Wolves in art,2
650,fast,http://id.worldcat.org/fast/1176558,Wolves in literature,1
650,fast,http://id.worldcat.org/fast/1176568,Women,11
650,fast,http://id.worldcat.org/fast/1176665,Women -- Economic conditions,1
650,fast,http://id.worldcat.org/fast/1176715,Women -- Employment,1
650,fast,http://id.worldcat.org/fast/1176883,Women -- Portraits,2
650,fast,http://id.worldcat.org/fast/1176947,Women -- Social conditions,2
650,fast,http://id.worldcat.org/fast/1176956,Women -- Social conditions -- Pictorial works,1
650,fast,http://id.worldcat.org/fast/1177110,Women and religion,1
650,fast,http://id.worldcat.org/fast/1177137,Women architects,1
650,fast,http://id.worldcat.org/fast/1177159,Women artists,2
650,fast,http://id.worldcat.org/fast/1177826,Women in art,1
650,fast,http://id.worldcat.org/fast/1177920,Women in mass media,1
650,fast,http://id.worldcat.org/fast/1178044,Women in the professions,1
650,fast,http://id.worldcat.org/fast/1178288,Women photographers,3
650,fast,http://id.worldcat.org/fast/1178395,Women printers,1
650,fast,http://id.worldcat.org/fast/1178916,"Women, Black",1
650,fast,http://id.worldcat.org/fast/1178934,"Women, Black -- Social conditions",1
650,fast,http://id.worldcat.org/fast/1179542,Wood-engraving,1
650,fast,http://id.worldcat.org/fast/1179597,"Wood-engraving, Spanish",2
650,fast,http://id.worldcat.org/fast/1180181,Words in art,3
650,fast,http://id.worldcat.org/fast/1180183,"Words, New",2
650,fast,http://id.worldcat.org/fast/1180184,Obscene words,1
650,fast,http://id.worldcat.org/fast/1180235,Work and family,2
650,fast,http://id.worldcat.org/fast/1180561,Working class libraries,1
650,fast,http://id.worldcat.org/fast/1181488,Wounds and injuries,1
650,fast,http://id.worldcat.org/fast/1181673,Writing in art,12
650,fast,http://id.worldcat.org/fast/1181857,X-rays,1
650,fast,http://id.worldcat.org/fast/1182490,Yaqui Indians,1
650,fast,http://id.worldcat.org/fast/1182510,Yaqui mythology,1
650,fast,http://id.worldcat.org/fast/1183301,Young women,2
650,fast,http://id.worldcat.org/fast/1183308,Young women -- Crimes against,1
650,fast,http://id.worldcat.org/fast/1183328,Young women -- Social conditions,1
650,fast,http://id.worldcat.org/fast/1184085,Zapotec language,1
650,fast,http://id.worldcat.org/fast/1184573,Zodiac,1
650,fast,http://id.worldcat.org/fast/1184581,Zodiac in art,2
650,fast,http://id.worldcat.org/fast/1184777,Zoos,1
650,fast,http://id.worldcat.org/fast/1198482,Bread,1
650,fast,http://id.worldcat.org/fast/1198490,Dreams,1
650,fast,http://id.worldcat.org/fast/1198648,Criticism and interpretation,4
650,fast,http://id.worldcat.org/fast/1198921,Press coverage,4
650,fast,http://id.worldcat.org/fast/1199190,"Men, White",1
650,fast,http://id.worldcat.org/fast/1199284,Corn -- Folklore,1
650,fast,http://id.worldcat.org/fast/1199302,Clothing and dress in art,4
650,fast,http://id.worldcat.org/fast/1199354,Sashes (Clothing),1
650,fast,http://id.worldcat.org/fast/1199921,Web sites in art,2
650,fast,http://id.worldcat.org/fast/1200108,Poetry and the Internet,1
650,fast,http://id.worldcat.org/fast/1200580,Memorialization,1
650,fast,http://id.worldcat.org/fast/1200589,Culture in art,1
650,fast,http://id.worldcat.org/fast/1200823,Conservatives,1
650,fast,http://id.worldcat.org/fast/1201219,Gay culture,2
650,fast,http://id.worldcat.org/fast/1201567,Deer hunters,1
650,fast,http://id.worldcat.org/fast/1202239,"Wood-engraving, Tibetan",1
650,fast,http://id.worldcat.org/fast/1352432,Colonial influence,1
650,fast,http://id.worldcat.org/fast/1353140,Friends and associates,3
650,fast,http://id.worldcat.org/fast/1353231,"History, Military",1
650,fast,http://id.worldcat.org/fast/1353832,Miscellanea,6
650,fast,http://id.worldcat.org/fast/1354077,Private collections,1
650,fast,http://id.worldcat.org/fast/1354981,Social aspects,8
650,fast,http://id.worldcat.org/fast/1355139,"Themes, motives",5
650,fast,http://id.worldcat.org/fast/1427006,Women -- Violence against,2
650,fast,http://id.worldcat.org/fast/1429797,"Art, Papua New Guinean",1
650,fast,http://id.worldcat.org/fast/1430058,Cocaine abuse,1
650,fast,http://id.worldcat.org/fast/1430965,Photojournalists,1
650,fast,http://id.worldcat.org/fast/1431521,Stereotypes (Social psychology),3
650,fast,http://id.worldcat.org/fast/1715649,Border crossing,1
650,fast,http://id.worldcat.org/fast/1728100,Communication in families,2
650,fast,http://id.worldcat.org/fast/1728849,Families,6
650,fast,http://id.worldcat.org/fast/1730057,Human body,3
650,fast,http://id.worldcat.org/fast/1734280,Zen art,1
650,fast,http://id.worldcat.org/fast/1734287,Zen photography,1
650,fast,http://id.worldcat.org/fast/1735610,Enemies,1
650,fast,http://id.worldcat.org/fast/1735625,Landscapes,1
650,fast,http://id.worldcat.org/fast/1736333,Self-reliant living,1
650,fast,http://id.worldcat.org/fast/1737194,Nicotine addiction,1
650,fast,http://id.worldcat.org/fast/1737651,Family secrets,1
650,fast,http://id.worldcat.org/fast/1738332,Pulp painting,2
650,fast,http://id.worldcat.org/fast/1739111,South Asian diaspora,1
650,fast,http://id.worldcat.org/fast/1739207,Art and the Internet,6
650,fast,http://id.worldcat.org/fast/1739814,Collective memory,1
650,fast,http://id.worldcat.org/fast/1740159,Graphic artists,1
650,fast,http://id.worldcat.org/fast/1740172,Sexual freedom,1
650,fast,http://id.worldcat.org/fast/1740895,Cultural landscapes,2
650,fast,http://id.worldcat.org/fast/1741098,Social media,4
650,fast,http://id.worldcat.org/fast/1741278,Art and design,1
650,fast,http://id.worldcat.org/fast/1741452,Lift-the-flap books,3
650,fast,http://id.worldcat.org/fast/1741614,Art and computers,1
650,fast,http://id.worldcat.org/fast/1741814,Indigenous art,1
650,fast,http://id.worldcat.org/fast/1742274,Art and social action,1
650,fast,http://id.worldcat.org/fast/1742293,Photobooks,3
650,fast,http://id.worldcat.org/fast/1743822,African American young women,1
650,fast,http://id.worldcat.org/fast/1743856,iPhone (Smartphone),1
650,fast,http://id.worldcat.org/fast/1744619,Extraordinary rendition,1
650,fast,http://id.worldcat.org/fast/1744695,Intermediality,1
650,fast,http://id.worldcat.org/fast/1745100,Nightlife,1
650,fast,http://id.worldcat.org/fast/1745103,Compulsive hoarding,1
650,fast,http://id.worldcat.org/fast/1745522,Artists as art critics,1
650,fast,http://id.worldcat.org/fast/1746380,Vernacular photography,6
650,fast,http://id.worldcat.org/fast/1746442,Web browsing,1
650,fast,http://id.worldcat.org/fast/1746829,Anonymous persons,1
650,fast,http://id.worldcat.org/fast/1748230,Malware (Computer software),1
650,fast,http://id.worldcat.org/fast/1748560,Shapeshifting,1
650,fast,http://id.worldcat.org/fast/1748695,"Chapbooks, Argentine",1
650,fast,http://id.worldcat.org/fast/1749759,History painting,1
650,fast,http://id.worldcat.org/fast/1754965,Cookbooks,1
650,fast,http://id.worldcat.org/fast/1754966,Cooking,3
650,fast,http://id.worldcat.org/fast/1761768,Survival,2
650,fast,http://id.worldcat.org/fast/1762615,Art and graphology,1
650,fast,http://id.worldcat.org/fast/1762741,"Found poetry, American",1
650,fast,http://id.worldcat.org/fast/1763275,Karuk artists,1
650,fast,http://id.worldcat.org/fast/1763276,Karuk art,1
650,fast,http://id.worldcat.org/fast/1763432,"Chapbooks, Mexican",6
650,fast,http://id.worldcat.org/fast/1764553,Invisibility,1
650,fast,http://id.worldcat.org/fast/1764707,Microblogs,1
650,fast,http://id.worldcat.org/fast/1765020,Mixed media (Art),1
650,fast,http://id.worldcat.org/fast/1765205,Cultural geography,2
650,fast,http://id.worldcat.org/fast/1765239,Transgender people,3
650,fast,http://id.worldcat.org/fast/1769030,Design -- Philosophy,1
650,fast,http://id.worldcat.org/fast/1801724,Vodou,1
650,fast,http://id.worldcat.org/fast/1864704,Cooking -- Social aspects,1
650,fast,http://id.worldcat.org/fast/1892706,Relations,1
650,fast,http://id.worldcat.org/fast/1893291,Coffee stains,1
650,fast,http://id.worldcat.org/fast/1894145,International law and human rights,1
650,fast,http://id.worldcat.org/fast/1894327,Law and secrecy,1
650,fast,http://id.worldcat.org/fast/1895561,Sunprinting (Photography),1
650,fast,http://id.worldcat.org/fast/1896057,Group work in art,15
650,fast,http://id.worldcat.org/fast/1896072,Light and darkness in literature,1
650,fast,http://id.worldcat.org/fast/1896074,Male nude in art,1
650,fast,http://id.worldcat.org/fast/1896083,Politics in art,3
650,fast,http://id.worldcat.org/fast/1896096,Sea in art,2
650,fast,http://id.worldcat.org/fast/1896133,Female nude in art,1
650,fast,http://id.worldcat.org/fast/1899775,Families in art,1
650,fast,http://id.worldcat.org/fast/1899801,Landscapes in art,2
650,fast,http://id.worldcat.org/fast/1899809,Hindu mythology in art,1
650,fast,http://id.worldcat.org/fast/1899834,Vodou in art,2
650,fast,http://id.worldcat.org/fast/1902404,Archives in art,1
650,fast,http://id.worldcat.org/fast/1903004,Diaries in art,1
650,fast,http://id.worldcat.org/fast/1903396,Grids (Crisscross patterns) in art,1
650,fast,http://id.worldcat.org/fast/1903557,Identity (Philosophical concept) in art,1
650,fast,http://id.worldcat.org/fast/1903635,Intimacy (Psychology) in art,1
650,fast,http://id.worldcat.org/fast/1903746,Language and languages in art,1
650,fast,http://id.worldcat.org/fast/1903777,Libraries in art,2
650,fast,http://id.worldcat.org/fast/1903804,Loss (Psychology) in art,1
650,fast,http://id.worldcat.org/fast/1903831,Mannequins (Figures) in art,1
650,fast,http://id.worldcat.org/fast/1903971,Motherhood in art,3
650,fast,http://id.worldcat.org/fast/1903978,Motorcycles in art,1
650,fast,http://id.worldcat.org/fast/1904326,Postcards in art,1
650,fast,http://id.worldcat.org/fast/1904403,Quilts in art,1
650,fast,http://id.worldcat.org/fast/1904405,Race in art,2
650,fast,http://id.worldcat.org/fast/1904436,Reading in art,2
650,fast,http://id.worldcat.org/fast/1904444,"Recycling (Waste, etc.) in art",1
650,fast,http://id.worldcat.org/fast/1904572,Sand dunes in art,1
650,fast,http://id.worldcat.org/fast/1904637,Separation (Psychology) in art,1
650,fast,http://id.worldcat.org/fast/1904653,Service stations in art,1
650,fast,http://id.worldcat.org/fast/1904724,Social media in art,1
650,fast,http://id.worldcat.org/fast/1904814,Subconsciousness in art,1
650,fast,http://id.worldcat.org/fast/1904834,Superheroes in art,1
650,fast,http://id.worldcat.org/fast/1904861,Tanks (Military science) in art,1
650,fast,http://id.worldcat.org/fast/1904926,Thought and thinking in art,1
650,fast,http://id.worldcat.org/fast/1904999,Typewriters in art,1
650,fast,http://id.worldcat.org/fast/1905086,Vivisection in literature,1
650,fast,http://id.worldcat.org/fast/1905201,Worms in art,1
650,fast,http://id.worldcat.org/fast/1907003,Hurricane Katrina (2005) in art,1
650,fast,http://id.worldcat.org/fast/1907412,Diplomatic relations,2
650,fast,http://id.worldcat.org/fast/1909643,Hacking,1
650,fast,http://id.worldcat.org/fast/1910008,Periodic table of the elements,1
650,fast,http://id.worldcat.org/fast/1910879,Avarice in art,1
650,fast,http://id.worldcat.org/fast/1910947,Discrimination in language,1
650,fast,http://id.worldcat.org/fast/1911084,Massacre survivors,1
650,fast,http://id.worldcat.org/fast/1919582,Economic conditions,3
650,fast,http://id.worldcat.org/fast/1919741,Politics and government,11
650,fast,http://id.worldcat.org/fast/1919811,Social conditions,14
650,fast,http://id.worldcat.org/fast/1921233,Mental illness in art,1
650,fast,http://id.worldcat.org/fast/1921898,Cartonera books,8
650,fast,http://id.worldcat.org/fast/1930830,Autobiography in art,1
650,fast,http://id.worldcat.org/fast/1940193,Black lives matter movement,1
650,fast,http://id.worldcat.org/fast/1983247,Wallpaper in art,1
650,fast,http://id.worldcat.org/fast/1983362,Environmental conditions,1
650,fast,http://id.worldcat.org/fast/1983657,Social media -- Political aspects,1
650,fast,http://id.worldcat.org/fast/2002925,Image steganography,1
650,fast,http://id.worldcat.org/fast/2004119,Climatic changes in art,1
650,fast,http://id.worldcat.org/fast/2014218,Oppression (Psychology) in literature,1
650,fast,http://id.worldcat.org/fast/2025633,Drag queens,1
650,fast,http://id.worldcat.org/fast/2025925,Affect (Psychology) in art,1
650,fast,http://id.worldcat.org/fast/2033296,Illegal immigration,1
650,fast,http://id.worldcat.org/fast/2033380,Children of exiles,1
650,fast,http://id.worldcat.org/fast/2039787,Zapotec language -- Study and teaching (Elementary) -- Spanish speakers,1
650,fast,http://id.worldcat.org/fast/2041278,History -- Miscellanea,1
650,fast,http://id.worldcat.org/fast/793808,AIDS (Disease),2
650,fast,http://id.worldcat.org/fast/793864,AIDS (Disease) -- Patients,1
650,fast,http://id.worldcat.org/fast/793952,AIDS (Disease) -- Social aspects,1
650,fast,http://id.worldcat.org/fast/793981,AIDS (Disease) and art,1
650,fast,http://id.worldcat.org/fast/793991,AIDS (Disease) in art,1
650,fast,http://id.worldcat.org/fast/794440,Abkhazians,1
650,fast,http://id.worldcat.org/fast/794582,Abortion,1
650,fast,http://id.worldcat.org/fast/794614,Abortion -- Psychological aspects,1
650,fast,http://id.worldcat.org/fast/794636,Abortion -- Social aspects,1
650,fast,http://id.worldcat.org/fast/794769,Abstraction,1
650,fast,http://id.worldcat.org/fast/796219,Action figures (Toys),1
650,fast,http://id.worldcat.org/fast/796296,Actors,1
650,fast,http://id.worldcat.org/fast/797076,Adoption,1
650,fast,http://id.worldcat.org/fast/797224,Adult child sexual abuse victims in art,1
650,fast,http://id.worldcat.org/fast/798786,"Aesthetics, Japanese",1
650,fast,http://id.worldcat.org/fast/798800,"Aesthetics, Modern",1
650,fast,http://id.worldcat.org/fast/799012,African American art,3
650,fast,http://id.worldcat.org/fast/799256,African American men in art,1
650,fast,http://id.worldcat.org/fast/799438,African American women,2
650,fast,http://id.worldcat.org/fast/799467,African American women -- Social conditions,1
650,fast,http://id.worldcat.org/fast/799558,African Americans,11
650,fast,http://id.worldcat.org/fast/799570,African Americans -- Biography,2
650,fast,http://id.worldcat.org/fast/799661,African Americans -- Portraits,1
650,fast,http://id.worldcat.org/fast/799666,African Americans -- Race identity,2
650,fast,http://id.worldcat.org/fast/799698,African Americans -- Social conditions,3
650,fast,http://id.worldcat.org/fast/799722,African Americans in art,1
650,fast,http://id.worldcat.org/fast/799938,Africans,1
650,fast,http://id.worldcat.org/fast/800070,After-images,1
650,fast,http://id.worldcat.org/fast/800263,Aggressiveness,1
650,fast,http://id.worldcat.org/fast/800293,Aging,2
650,fast,http://id.worldcat.org/fast/800358,Aging in art,1
650,fast,http://id.worldcat.org/fast/802066,Air,2
650,fast,http://id.worldcat.org/fast/802083,Air -- Pollution,2
650,fast,http://id.worldcat.org/fast/802704,Air warfare,1
650,fast,http://id.worldcat.org/fast/802778,Aircraft accidents,1
650,fast,http://id.worldcat.org/fast/805278,Noncitizens,1
650,fast,http://id.worldcat.org/fast/805945,Alphabet,2
650,fast,http://id.worldcat.org/fast/805965,Alphabet in art,2
650,fast,http://id.worldcat.org/fast/805974,Alphabets,1
650,fast,http://id.worldcat.org/fast/806113,Altered books,8
650,fast,http://id.worldcat.org/fast/806114,Altered paintings,1
650,fast,http://id.worldcat.org/fast/806254,Alum industry,1
650,fast,http://id.worldcat.org/fast/806532,Alzheimer's disease,2
650,fast,http://id.worldcat.org/fast/806557,Alzheimer's disease -- Patients,1
650,fast,http://id.worldcat.org/fast/807113,American literature,2
650,fast,http://id.worldcat.org/fast/807348,American poetry,5
650,fast,http://id.worldcat.org/fast/807422,American prose literature,1
650,fast,http://id.worldcat.org/fast/808387,Anarchism,2
650,fast,http://id.worldcat.org/fast/808452,"Anatomy, Artistic",1
650,fast,http://id.worldcat.org/fast/808759,Angels in art,2
650,fast,http://id.worldcat.org/fast/809364,Animal rights,1
650,fast,http://id.worldcat.org/fast/809431,Animal welfare,2
650,fast,http://id.worldcat.org/fast/809468,Animals,1
650,fast,http://id.worldcat.org/fast/809573,Animals in art,1
650,fast,http://id.worldcat.org/fast/809757,Anniversaries,2
650,fast,http://id.worldcat.org/fast/810626,Antinuclear movement,1
650,fast,http://id.worldcat.org/fast/810800,Antislavery movements,1
650,fast,http://id.worldcat.org/fast/810877,Antlers,1
650,fast,http://id.worldcat.org/fast/810981,Anxiety in art,1
650,fast,http://id.worldcat.org/fast/811112,Apartheid,1
650,fast,http://id.worldcat.org/fast/811114,Apartheid -- Economic aspects,1
650,fast,http://id.worldcat.org/fast/811125,Apartheid -- Social aspects,1
650,fast,http://id.worldcat.org/fast/811129,Apartheid in art,2
650,fast,http://id.worldcat.org/fast/811132,Apartment houses,1
650,fast,http://id.worldcat.org/fast/811767,Appliqué,1
650,fast,http://id.worldcat.org/fast/811824,Appropriation (Art),10
650,fast,http://id.worldcat.org/fast/811940,Aquariums,1
650,fast,http://id.worldcat.org/fast/813010,Archaeology in art,1
650,fast,http://id.worldcat.org/fast/813226,Architectural drawing,2
650,fast,http://id.worldcat.org/fast/813301,Architectural photography,4
650,fast,http://id.worldcat.org/fast/813346,Architecture,9
650,fast,http://id.worldcat.org/fast/813497,Architecture -- Philosophy,1
650,fast,http://id.worldcat.org/fast/813501,Architecture -- Political aspects,1
650,fast,http://id.worldcat.org/fast/813574,Architecture and society,2
650,fast,http://id.worldcat.org/fast/813596,Architecture in art,4
650,fast,http://id.worldcat.org/fast/813666,"Architecture, Domestic",1
650,fast,http://id.worldcat.org/fast/814270,Argentine literature,1
650,fast,http://id.worldcat.org/fast/814289,Argentine poetry,6
650,fast,http://id.worldcat.org/fast/814575,Armadillos,1
650,fast,http://id.worldcat.org/fast/815177,Art,25
650,fast,http://id.worldcat.org/fast/815231,Art -- Economic aspects,2
650,fast,http://id.worldcat.org/fast/815305,Art -- Periodicals,1
650,fast,http://id.worldcat.org/fast/815307,Art -- Philosophy,9
650,fast,http://id.worldcat.org/fast/815309,Art -- Political aspects,3
650,fast,http://id.worldcat.org/fast/815322,Art -- Public opinion,1
650,fast,http://id.worldcat.org/fast/815338,Art -- Study and teaching,4
650,fast,http://id.worldcat.org/fast/815381,"Art -- Themes, motives",1
650,fast,http://id.worldcat.org/fast/815398,Art and industry,1
650,fast,http://id.worldcat.org/fast/815400,Art and literature,1
650,fast,http://id.worldcat.org/fast/815415,Art and mythology,1
650,fast,http://id.worldcat.org/fast/815423,Art and race,1
650,fast,http://id.worldcat.org/fast/815432,Art and society,1
650,fast,http://id.worldcat.org/fast/815441,Art and technology,3
650,fast,http://id.worldcat.org/fast/815446,Art and war,1
650,fast,http://id.worldcat.org/fast/815469,Art brut,1
650,fast,http://id.worldcat.org/fast/815492,Art criticism,4
650,fast,http://id.worldcat.org/fast/815800,Art school directors,1
650,fast,http://id.worldcat.org/fast/815801,Art schools,1
650,fast,http://id.worldcat.org/fast/815827,Art thefts,1
650,fast,http://id.worldcat.org/fast/815847,"Art, Aboriginal Australian",1
650,fast,http://id.worldcat.org/fast/815895,"Art, American",2
650,fast,http://id.worldcat.org/fast/816159,"Art, Cuban",1
650,fast,http://id.worldcat.org/fast/816307,"Art, German",1
650,fast,http://id.worldcat.org/fast/816430,"Art, Italian",1
650,fast,http://id.worldcat.org/fast/816615,"Art, Modern",11
650,fast,http://id.worldcat.org/fast/816650,"Art, Modern -- Philosophy",1
650,fast,http://id.worldcat.org/fast/816651,"Art, Modern -- Political aspects",1
650,fast,http://id.worldcat.org/fast/817556,Artistic collaboration,14
650,fast,http://id.worldcat.org/fast/817559,Artists,8
650,fast,http://id.worldcat.org/fast/817604,Artists -- Philosophy,2
650,fast,http://id.worldcat.org/fast/817620,Artists -- Social conditions,1
650,fast,http://id.worldcat.org/fast/817660,Artists' books,54
650,fast,http://id.worldcat.org/fast/817661,Artists' books -- Exhibitions,2
650,fast,http://id.worldcat.org/fast/817669,Artists' illustrated books,1
650,fast,http://id.worldcat.org/fast/817707,Artists' writings,1
650,fast,http://id.worldcat.org/fast/817721,Arts,3
650,fast,http://id.worldcat.org/fast/817731,Arts -- Censorship,1
650,fast,http://id.worldcat.org/fast/817891,"Arts, American",1
650,fast,http://id.worldcat.org/fast/817903,"Arts, Argentine",1
650,fast,http://id.worldcat.org/fast/818112,"Arts, Latin American",1
650,fast,http://id.worldcat.org/fast/818137,"Arts, Modern",2
650,fast,http://id.worldcat.org/fast/818997,Assemblage (Art),2
650,fast,http://id.worldcat.org/fast/819751,Astronomy in art,1
650,fast,http://id.worldcat.org/fast/820591,Atomic bomb in art,1
650,fast,http://id.worldcat.org/fast/820727,Atrocities,1
650,fast,http://id.worldcat.org/fast/821688,Authors,1
650,fast,http://id.worldcat.org/fast/822442,Authorship,2
650,fast,http://id.worldcat.org/fast/822463,Authorship -- Philosophy,1
650,fast,http://id.worldcat.org/fast/822590,Autobiographical memory in art,4
650,fast,http://id.worldcat.org/fast/822597,Autobiography,1
650,fast,http://id.worldcat.org/fast/823217,Automobile travel,1
650,fast,http://id.worldcat.org/fast/823232,Automobiles,2
650,fast,http://id.worldcat.org/fast/823792,Automobiles -- Psychological aspects,1
650,fast,http://id.worldcat.org/fast/824280,Avant-garde (Aesthetics),1
650,fast,http://id.worldcat.org/fast/824296,Avarice,1
650,fast,http://id.worldcat.org/fast/824720,Aztecs,1
650,fast,http://id.worldcat.org/fast/824753,Aztecs -- Religion,1
650,fast,http://id.worldcat.org/fast/824987,Baby boom generation,1
650,fast,http://id.worldcat.org/fast/829545,Bee culture,1
650,fast,http://id.worldcat.org/fast/829560,Bee culture in art,1
650,fast,http://id.worldcat.org/fast/829879,Beginning,1
650,fast,http://id.worldcat.org/fast/832970,Birds,1
650,fast,http://id.worldcat.org/fast/833087,Birds in art,2
650,fast,http://id.worldcat.org/fast/834024,Black people in art,1
650,fast,http://id.worldcat.org/fast/834291,Blind,1
650,fast,http://id.worldcat.org/fast/835230,Boats and boating in art,1
650,fast,http://id.worldcat.org/fast/835355,Body image in art,1
650,fast,http://id.worldcat.org/fast/835818,Bombings,2
650,fast,http://id.worldcat.org/fast/835825,Bombs,1
650,fast,http://id.worldcat.org/fast/836125,Book burning,2
650,fast,http://id.worldcat.org/fast/836132,Book collecting,1
650,fast,http://id.worldcat.org/fast/836147,Book covers,1
650,fast,http://id.worldcat.org/fast/836152,Book design,2
650,fast,http://id.worldcat.org/fast/836218,Book jackets,1
650,fast,http://id.worldcat.org/fast/836338,Bookmarks,1
650,fast,http://id.worldcat.org/fast/836401,Books,7
650,fast,http://id.worldcat.org/fast/836426,Books -- Marketing,1
650,fast,http://id.worldcat.org/fast/836439,Books -- Private collections,2
650,fast,http://id.worldcat.org/fast/836454,Books and reading,1
650,fast,http://id.worldcat.org/fast/836477,Books and reading in art,2
650,fast,http://id.worldcat.org/fast/836479,Books in art,7
650,fast,http://id.worldcat.org/fast/836492,Booksellers and bookselling,1
650,fast,http://id.worldcat.org/fast/837358,Boys,1
650,fast,http://id.worldcat.org/fast/837570,Brain,1
650,fast,http://id.worldcat.org/fast/837694,Brain -- Wounds and injuries,1
650,fast,http://id.worldcat.org/fast/837701,Brain -- Wounds and injuries -- Patients -- Family relationships,1
650,fast,http://id.worldcat.org/fast/838255,Breast,1
650,fast,http://id.worldcat.org/fast/838293,Breast -- Cancer -- Patients,1
650,fast,http://id.worldcat.org/fast/838355,Breast cancer in art,1
650,fast,http://id.worldcat.org/fast/838671,Bridges,1
650,fast,http://id.worldcat.org/fast/839252,Broadsides,1
650,fast,http://id.worldcat.org/fast/840962,Buildings,8
650,fast,http://id.worldcat.org/fast/841702,Bureaucracy,1
650,fast,http://id.worldcat.org/fast/842262,Business,1
650,fast,http://id.worldcat.org/fast/843565,Cabinets of curiosities,1
650,fast,http://id.worldcat.org/fast/843694,Cactus,1
650,fast,http://id.worldcat.org/fast/844725,Camera obscuras,1
650,fast,http://id.worldcat.org/fast/844732,Cameras,1
650,fast,http://id.worldcat.org/fast/844926,Camping,1
650,fast,http://id.worldcat.org/fast/845039,Camsa Indians,1
650,fast,http://id.worldcat.org/fast/845317,Cancer,1
650,fast,http://id.worldcat.org/fast/845411,Cancer -- Patients,1
650,fast,http://id.worldcat.org/fast/845580,Cancer in art,1
650,fast,http://id.worldcat.org/fast/845592,Cancer in women,1
650,fast,http://id.worldcat.org/fast/845678,Candy,1
650,fast,http://id.worldcat.org/fast/846425,Capitalism,2
650,fast,http://id.worldcat.org/fast/846453,Capitalism -- Social aspects,1
650,fast,http://id.worldcat.org/fast/847651,Carnival,1
650,fast,http://id.worldcat.org/fast/848025,Cartography,1
650,fast,http://id.worldcat.org/fast/848207,Cash registers,1
650,fast,http://id.worldcat.org/fast/849907,Caves,1
650,fast,http://id.worldcat.org/fast/850072,Celebrities,1
650,fast,http://id.worldcat.org/fast/850568,Censorship,2
650,fast,http://id.worldcat.org/fast/851824,Chairs in art,1
650,fast,http://id.worldcat.org/fast/851884,Challenged books,1
650,fast,http://id.worldcat.org/fast/852034,Chance in art,2
650,fast,http://id.worldcat.org/fast/852211,"Chapbooks, Spanish",5
650,fast,http://id.worldcat.org/fast/852883,Chemical elements,1
650,fast,http://id.worldcat.org/fast/854393,Child development,1
650,fast,http://id.worldcat.org/fast/854588,Child rearing,2
650,fast,http://id.worldcat.org/fast/854640,Child sexual abuse,1
650,fast,http://id.worldcat.org/fast/854780,Childbirth,1
650,fast,http://id.worldcat.org/fast/854812,Childbirth at home,1
650,fast,http://id.worldcat.org/fast/854813,Childbirth in art,1
650,fast,http://id.worldcat.org/fast/854835,Children,2
650,fast,http://id.worldcat.org/fast/854849,Children -- Books and reading,1
650,fast,http://id.worldcat.org/fast/858327,Choice (Psychology),2
650,fast,http://id.worldcat.org/fast/860049,Chromolithography,1
650,fast,http://id.worldcat.org/fast/860207,"Chronology, Historical",1
650,fast,http://id.worldcat.org/fast/860599,Church buildings,1
650,fast,http://id.worldcat.org/fast/861671,Circus performers,1
650,fast,http://id.worldcat.org/fast/862627,Civil rights,2
650,fast,http://id.worldcat.org/fast/862898,Civilization,1
650,fast,http://id.worldcat.org/fast/862900,Civilization -- African influences,1
650,fast,http://id.worldcat.org/fast/864229,Climatic changes,2
650,fast,http://id.worldcat.org/fast/864856,Clouds,1
650,fast,http://id.worldcat.org/fast/865316,Coal miners,1
650,fast,http://id.worldcat.org/fast/865355,Coal mines and mining,1
650,fast,http://id.worldcat.org/fast/865972,Coca,1
650,fast,http://id.worldcat.org/fast/866301,Coffee,1
650,fast,http://id.worldcat.org/fast/866359,Coffee in art,1
650,fast,http://id.worldcat.org/fast/866361,Coffee industry,1
650,fast,http://id.worldcat.org/fast/866613,Coin banks,1
650,fast,http://id.worldcat.org/fast/867085,Collage,3
650,fast,http://id.worldcat.org/fast/867090,"Collage, American",1
650,fast,http://id.worldcat.org/fast/868394,Colombian wit and humor,1
650,fast,http://id.worldcat.org/fast/868396,"Colombian wit and humor, Pictorial",1
650,fast,http://id.worldcat.org/fast/868499,Color,1
650,fast,http://id.worldcat.org/fast/868512,Color -- Psychological aspects,1
650,fast,http://id.worldcat.org/fast/868563,Color in art,6
650,fast,http://id.worldcat.org/fast/868596,Color photography,2
650,fast,http://id.worldcat.org/fast/868607,Color photography -- Printing processes,1
650,fast,http://id.worldcat.org/fast/869145,"Comic books, strips, etc",7
650,fast,http://id.worldcat.org/fast/869279,Commerce,1
650,fast,http://id.worldcat.org/fast/869952,Communication,1
650,fast,http://id.worldcat.org/fast/869981,Communication -- Philosophy,1
650,fast,http://id.worldcat.org/fast/870044,Communication and technology,1
650,fast,http://id.worldcat.org/fast/870243,Communication in politics,1
650,fast,http://id.worldcat.org/fast/870487,Communism and art,1
650,fast,http://id.worldcat.org/fast/871835,Comprehension (Theory of knowledge),1
650,fast,http://id.worldcat.org/fast/872033,Computer art,2
650,fast,http://id.worldcat.org/fast/872105,Computer fonts,1
650,fast,http://id.worldcat.org/fast/872382,Computer programmers,1
650,fast,http://id.worldcat.org/fast/872390,Computer programming,1
650,fast,http://id.worldcat.org/fast/872402,Computer programming -- Psychological aspects,1
650,fast,http://id.worldcat.org/fast/872980,Conceptual art,13
650,fast,http://id.worldcat.org/fast/876178,Constructivism (Art),2
650,fast,http://id.worldcat.org/fast/876455,Consumption (Economics),1
650,fast,http://id.worldcat.org/fast/876483,Consumption (Economics) in art,1
650,fast,http://id.worldcat.org/fast/876656,Contests,1
650,fast,http://id.worldcat.org/fast/878289,Cootie catchers,1
650,fast,http://id.worldcat.org/fast/878993,Corn,3
650,fast,http://id.worldcat.org/fast/879972,"Corporations, American",1
650,fast,http://id.worldcat.org/fast/879975,"Corporations, American -- Corrupt practices",1
650,fast,http://id.worldcat.org/fast/880547,Cosmic dust,1
650,fast,http://id.worldcat.org/fast/880600,Cosmology,1
650,fast,http://id.worldcat.org/fast/880615,Cosmology in art,2
650,fast,http://id.worldcat.org/fast/881315,Counterculture,1
650,fast,http://id.worldcat.org/fast/881567,Couples,1
650,fast,http://id.worldcat.org/fast/881609,Courage,1
650,fast,http://id.worldcat.org/fast/881873,Courtship,1
650,fast,http://id.worldcat.org/fast/882382,Creation,2
650,fast,http://id.worldcat.org/fast/882393,"Creation (Literary, artistic, etc.)",7
650,fast,http://id.worldcat.org/fast/883037,Crime in art,1
650,fast,http://id.worldcat.org/fast/883184,Criminal courts,1
650,fast,http://id.worldcat.org/fast/883516,Criminals,1
650,fast,http://id.worldcat.org/fast/883735,Criticism,1
650,fast,http://id.worldcat.org/fast/884500,Cryonics,1
650,fast,http://id.worldcat.org/fast/884605,Cryptozoology,1
650,fast,http://id.worldcat.org/fast/884822,Cuban poetry,4
650,fast,http://id.worldcat.org/fast/884855,Cube in art,1
650,fast,http://id.worldcat.org/fast/885325,Currency crises,1
650,fast,http://id.worldcat.org/fast/885794,Cyberspace,1
650,fast,http://id.worldcat.org/fast/885801,Cyberspace -- Social aspects,1
650,fast,http://id.worldcat.org/fast/886455,Czechs,1
650,fast,http://id.worldcat.org/fast/886582,DNA data banks,1
650,fast,http://id.worldcat.org/fast/886590,DNA in art,1
650,fast,http://id.worldcat.org/fast/887522,Dance in art,2
650,fast,http://id.worldcat.org/fast/888094,Dating (Social customs),1
650,fast,http://id.worldcat.org/fast/888385,Dead,1
650,fast,http://id.worldcat.org/fast/888613,Death,2
650,fast,http://id.worldcat.org/fast/888694,Death in art,7
650,fast,http://id.worldcat.org/fast/888697,Death in literature,1
650,fast,http://id.worldcat.org/fast/888897,Decadence in art,1
650,fast,http://id.worldcat.org/fast/889145,Decoration and ornament,1
650,fast,http://id.worldcat.org/fast/889208,"Decoration and ornament -- Themes, motives",1
650,fast,http://id.worldcat.org/fast/889548,Deer hunting,1
650,fast,http://id.worldcat.org/fast/890077,Democracy,1
650,fast,http://id.worldcat.org/fast/890222,Demonstrations,2
650,fast,http://id.worldcat.org/fast/891253,Design,3
650,fast,http://id.worldcat.org/fast/891363,Desire in art,1
650,fast,http://id.worldcat.org/fast/891620,Detention of persons,1
650,fast,http://id.worldcat.org/fast/891974,Devil,1
650,fast,http://id.worldcat.org/fast/892657,Diaries,1
650,fast,http://id.worldcat.org/fast/892873,Dictators,1
650,fast,http://id.worldcat.org/fast/893901,Diners (Restaurants),1
650,fast,http://id.worldcat.org/fast/894097,Diorama,1
650,fast,http://id.worldcat.org/fast/894209,"Diplomatic and consular service, American",1
650,fast,http://id.worldcat.org/fast/894675,Disappeared persons,1
650,fast,http://id.worldcat.org/fast/894985,Discrimination,1
650,fast,http://id.worldcat.org/fast/895401,Dissenters,1
650,fast,http://id.worldcat.org/fast/895809,Divorce,1
650,fast,http://id.worldcat.org/fast/896093,Documentary photography,8
650,fast,http://id.worldcat.org/fast/896265,Dogs,1
650,fast,http://id.worldcat.org/fast/896302,Dogs -- Fiction,1
650,fast,http://id.worldcat.org/fast/896374,Dogs in art,1
650,fast,http://id.worldcat.org/fast/896481,Dolls in art,1
650,fast,http://id.worldcat.org/fast/896894,Doors,1
650,fast,http://id.worldcat.org/fast/897411,Drainage,1
650,fast,http://id.worldcat.org/fast/897725,Drawing,8
650,fast,http://id.worldcat.org/fast/897741,Drawing -- Philosophy,1
650,fast,http://id.worldcat.org/fast/897776,"Drawing, American",1
650,fast,http://id.worldcat.org/fast/897801,"Drawing, Colombian",1
650,fast,http://id.worldcat.org/fast/897818,"Drawing, French",1
650,fast,http://id.worldcat.org/fast/897844,"Drawing, Mexican",6
650,fast,http://id.worldcat.org/fast/897910,Dreams in art,3
650,fast,http://id.worldcat.org/fast/897995,Dresses,1
650,fast,http://id.worldcat.org/fast/898476,Drowning victims,1
650,fast,http://id.worldcat.org/fast/898761,Drugs,1
650,fast,http://id.worldcat.org/fast/899102,Drunkenness (Philosophy),1
650,fast,http://id.worldcat.org/fast/899630,Dust,1
650,fast,http://id.worldcat.org/fast/900209,Dwellings in art,1
650,fast,http://id.worldcat.org/fast/900959,Earthworks (Art),2
650,fast,http://id.worldcat.org/fast/901090,East and West,1
650,fast,http://id.worldcat.org/fast/901429,Ecofeminism,1
650,fast,http://id.worldcat.org/fast/901476,Ecology,1
650,fast,http://id.worldcat.org/fast/901556,Ecology in art,2
650,fast,http://id.worldcat.org/fast/902296,Ecosystem health,1
650,fast,http://id.worldcat.org/fast/902886,"Education, Bilingual",1
650,fast,http://id.worldcat.org/fast/902908,"Education, Bilingual -- Social aspects",1
650,fast,http://id.worldcat.org/fast/907477,Electronic surveillance,1
650,fast,http://id.worldcat.org/fast/908133,Elk,1
650,fast,http://id.worldcat.org/fast/908378,Embroidery,1
650,fast,http://id.worldcat.org/fast/908690,Emigration and immigration,4
650,fast,http://id.worldcat.org/fast/908722,Emigration and immigration -- Social aspects,1
650,fast,http://id.worldcat.org/fast/908731,Emigration and immigration in art,1
650,fast,http://id.worldcat.org/fast/908819,Emotions,2
650,fast,http://id.worldcat.org/fast/908830,Emotions -- Physiological aspects,1
650,fast,http://id.worldcat.org/fast/908862,Emotions in art,2
650,fast,http://id.worldcat.org/fast/909533,Encyclopedias and dictionaries,2
650,fast,http://id.worldcat.org/fast/909549,Encyclopedias and dictionaries in literature,1
650,fast,http://id.worldcat.org/fast/909634,End of the world,1
650,fast,http://id.worldcat.org/fast/910920,English language,4
650,fast,http://id.worldcat.org/fast/911297,English language -- Idioms,2
650,fast,http://id.worldcat.org/fast/911410,English language -- Obscene words,1
650,fast,http://id.worldcat.org/fast/911873,English language -- Terms and phrases,3
650,fast,http://id.worldcat.org/fast/912849,Environment (Art),1
650,fast,http://id.worldcat.org/fast/912877,Environmental degradation,1
650,fast,http://id.worldcat.org/fast/913560,Environmentally induced diseases,1
650,fast,http://id.worldcat.org/fast/914754,Erosion,1
650,fast,http://id.worldcat.org/fast/914768,Erotic art,3
650,fast,http://id.worldcat.org/fast/914778,Erotic drawing,1
650,fast,http://id.worldcat.org/fast/915123,Escape (Psychology),1
650,fast,http://id.worldcat.org/fast/916005,Ethnic relations,2
650,fast,http://id.worldcat.org/fast/916072,Ethnobiology,1
650,fast,http://id.worldcat.org/fast/916915,Euthanasia,1
650,fast,http://id.worldcat.org/fast/918166,"Exiles' writings, Cuban",1
650,fast,http://id.worldcat.org/fast/918208,Existentialism in art,2
650,fast,http://id.worldcat.org/fast/918461,Experimental poetry,2
650,fast,http://id.worldcat.org/fast/918547,Exploitation,2
650,fast,http://id.worldcat.org/fast/918906,Exquisite corpse (Game),3
650,fast,http://id.worldcat.org/fast/919371,Fables in art,1
650,fast,http://id.worldcat.org/fast/919557,Face in art,1
650,fast,http://id.worldcat.org/fast/919795,Factory system,1
650,fast,http://id.worldcat.org/fast/919916,Fairy tales,1
650,fast,http://id.worldcat.org/fast/919923,Fairy tales -- Illustrations,1
650,fast,http://id.worldcat.org/fast/919934,Fairy tales in art,1
650,fast,http://id.worldcat.org/fast/920845,Fantasy in art,1
650,fast,http://id.worldcat.org/fast/921640,Fashion in art,1
650,fast,http://id.worldcat.org/fast/921890,Fathers and daughters,1
650,fast,http://id.worldcat.org/fast/921909,Fathers and sons in art,1
650,fast,http://id.worldcat.org/fast/922054,Fear in art,2
650,fast,http://id.worldcat.org/fast/922665,Femininity in art,1
650,fast,http://id.worldcat.org/fast/922671,Feminism,2
650,fast,http://id.worldcat.org/fast/922727,Feminism and art,2
650,fast,http://id.worldcat.org/fast/922747,Feminism and the arts,1
650,fast,http://id.worldcat.org/fast/922751,Feminism in art,8
650,fast,http://id.worldcat.org/fast/923420,Fetishism (Sexual behavior),1
650,fast,http://id.worldcat.org/fast/923646,Fiberwork,2
650,fast,http://id.worldcat.org/fast/924213,Filipinos,1
650,fast,http://id.worldcat.org/fast/924607,Financial crises,3
650,fast,http://id.worldcat.org/fast/925173,Fire,1
650,fast,http://id.worldcat.org/fast/925193,Fire -- Social aspects,1
650,fast,http://id.worldcat.org/fast/925442,Fire in art,1
650,fast,http://id.worldcat.org/fast/925573,Firearms,1
650,fast,http://id.worldcat.org/fast/925697,Fires,1
650,fast,http://id.worldcat.org/fast/926740,Fishing in art,1
650,fast,http://id.worldcat.org/fast/926942,Flags,1
650,fast,http://id.worldcat.org/fast/926963,Flags in art,3
650,fast,http://id.worldcat.org/fast/927291,Flight,1
650,fast,http://id.worldcat.org/fast/927350,Flight in art,1
650,fast,http://id.worldcat.org/fast/927377,Flight training,1
650,fast,http://id.worldcat.org/fast/927412,Flip books,9
650,fast,http://id.worldcat.org/fast/928396,Fluxus (Group of artists),1
650,fast,http://id.worldcat.org/fast/929383,Folk music,1
650,fast,http://id.worldcat.org/fast/930306,Folklore,3
650,fast,http://id.worldcat.org/fast/930458,Food,3
650,fast,http://id.worldcat.org/fast/930503,Food -- Economic aspects,1
650,fast,http://id.worldcat.org/fast/930613,Food -- Social aspects,1
650,fast,http://id.worldcat.org/fast/930807,Food habits,1
650,fast,http://id.worldcat.org/fast/930835,Food in art,2
650,fast,http://id.worldcat.org/fast/931362,Football,1
650,fast,http://id.worldcat.org/fast/931452,Footbinding,1
650,fast,http://id.worldcat.org/fast/931715,Fore-edge painting,1
650,fast,http://id.worldcat.org/fast/933164,Fossils,1
650,fast,http://id.worldcat.org/fast/933256,Found objects (Art),16
650,fast,http://id.worldcat.org/fast/933427,Fourth of July,1
650,fast,http://id.worldcat.org/fast/933507,Fractals,1
650,fast,http://id.worldcat.org/fast/936488,Furniture,1
650,fast,http://id.worldcat.org/fast/936544,Furniture industry and trade,1
650,fast,http://id.worldcat.org/fast/936587,Furniture workers,1
650,fast,http://id.worldcat.org/fast/936780,Futurism (Art),1
650,fast,http://id.worldcat.org/fast/937826,Garden structures,1
650,fast,http://id.worldcat.org/fast/937852,Gardening,1
650,fast,http://id.worldcat.org/fast/937895,Gardens,2
650,fast,http://id.worldcat.org/fast/937931,Gardens in art,2
650,fast,http://id.worldcat.org/fast/939057,Gay artists,1
650,fast,http://id.worldcat.org/fast/939117,Gay men,3
650,fast,http://id.worldcat.org/fast/939145,Gay men -- Relations with heterosexuals,2
650,fast,http://id.worldcat.org/fast/939255,Gay people,2
650,fast,http://id.worldcat.org/fast/939593,Gender identity,1
650,fast,http://id.worldcat.org/fast/939604,Gender identity in art,1
650,fast,http://id.worldcat.org/fast/939652,Genealogy,1
650,fast,http://id.worldcat.org/fast/940147,Genetics in art,2
650,fast,http://id.worldcat.org/fast/940208,Genocide,1
650,fast,http://id.worldcat.org/fast/940296,Gentrification,1
650,fast,http://id.worldcat.org/fast/940459,Geographical perception,1
650,fast,http://id.worldcat.org/fast/940469,Geography,1
650,fast,http://id.worldcat.org/fast/940844,Geometrical drawing,7
650,fast,http://id.worldcat.org/fast/940896,Geometry in art,5
650,fast,http://id.worldcat.org/fast/942628,Gifts,1
650,fast,http://id.worldcat.org/fast/942866,Girls,2
650,fast,http://id.worldcat.org/fast/943506,Global warming,1
650,fast,http://id.worldcat.org/fast/943532,Globalization,1
650,fast,http://id.worldcat.org/fast/943533,Globalization -- Economic aspects,1
650,fast,http://id.worldcat.org/fast/945173,Government aid to the arts,1
650,fast,http://id.worldcat.org/fast/945663,"Government, Resistance to",1
650,fast,http://id.worldcat.org/fast/946360,Grandparent and child,1
650,fast,http://id.worldcat.org/fast/946595,Graphic arts,1
650,fast,http://id.worldcat.org/fast/946640,Graphic design (Typography),2
650,fast,http://id.worldcat.org/fast/946656,Graphic novels,1
650,fast,http://id.worldcat.org/fast/946687,Graphology,1
650,fast,http://id.worldcat.org/fast/947085,Grebo (African people),1
650,fast,http://id.worldcat.org/fast/947178,Greek language,1
650,fast,http://id.worldcat.org/fast/947881,Grids (Cartography) in art,1
650,fast,http://id.worldcat.org/fast/947883,Grief,1
650,fast,http://id.worldcat.org/fast/947905,Grief in art,2
650,fast,http://id.worldcat.org/fast/947910,Grief in literature,1
650,fast,http://id.worldcat.org/fast/948125,Grotesque in art,2
650,fast,http://id.worldcat.org/fast/948861,Guatemalan literature,1
650,fast,http://id.worldcat.org/fast/948864,Guatemalan poetry,1
650,fast,http://id.worldcat.org/fast/948935,Guerrillas,1
650,fast,http://id.worldcat.org/fast/949583,Gymnastics,1
650,fast,http://id.worldcat.org/fast/950299,"Haiku, American",2
650,fast,http://id.worldcat.org/fast/950431,Hairstyles,1
650,fast,http://id.worldcat.org/fast/950888,Hand weaving,1
650,fast,http://id.worldcat.org/fast/951159,Happenings (Art),3
650,fast,http://id.worldcat.org/fast/951160,Happiness,1
650,fast,http://id.worldcat.org/fast/951863,Hate,1
650,fast,http://id.worldcat.org/fast/951883,Hate groups,2
650,fast,http://id.worldcat.org/fast/952704,Healing,1
650,fast,http://id.worldcat.org/fast/952727,Healing in art,1
650,fast,http://id.worldcat.org/fast/952743,Health,1
650,fast,http://id.worldcat.org/fast/953734,Heart in art,1
650,fast,http://id.worldcat.org/fast/955373,Herbs,1
650,fast,http://id.worldcat.org/fast/955419,"Heredity, Human",1
650,fast,http://id.worldcat.org/fast/955967,Hiding places,1
650,fast,http://id.worldcat.org/fast/955976,Hieroglyphics,1
650,fast,http://id.worldcat.org/fast/956511,High-fidelity sound systems,1
650,fast,http://id.worldcat.org/fast/957237,Hip-hop,1
650,fast,http://id.worldcat.org/fast/957723,Historic buildings,1
650,fast,http://id.worldcat.org/fast/958207,Historical reenactments,3
650,fast,http://id.worldcat.org/fast/958337,History in art,1
650,fast,http://id.worldcat.org/fast/958838,Holocaust survivors,1
650,fast,http://id.worldcat.org/fast/958839,Holocaust survivors -- Biography,1
650,fast,http://id.worldcat.org/fast/958922,"Holocaust, Jewish (1939-1945) in art",3
650,fast,http://id.worldcat.org/fast/959074,Home,2
650,fast,http://id.worldcat.org/fast/959545,Homelessness,1
650,fast,http://id.worldcat.org/fast/959727,Homophobia,2
650,fast,http://id.worldcat.org/fast/959910,Honesty,1
650,fast,http://id.worldcat.org/fast/960791,Horticulture,1
650,fast,http://id.worldcat.org/fast/961767,Hotels,1
650,fast,http://id.worldcat.org/fast/962090,"Household appliances, Electric",1
650,fast,http://id.worldcat.org/fast/962785,Human anatomy,2
650,fast,http://id.worldcat.org/fast/962832,Human beings,3
650,fast,http://id.worldcat.org/fast/962843,Human beings -- Effect of environment on,2
650,fast,http://id.worldcat.org/fast/962855,Human beings -- Origin,1
650,fast,http://id.worldcat.org/fast/962941,Human ecology,1
650,fast,http://id.worldcat.org/fast/963107,Human geography,1
650,fast,http://id.worldcat.org/fast/963121,Human geography -- Philosophy,1
650,fast,http://id.worldcat.org/fast/963183,Human physiology,1
650,fast,http://id.worldcat.org/fast/963258,Human reproduction in art,1
650,fast,http://id.worldcat.org/fast/963285,Human rights,1
650,fast,http://id.worldcat.org/fast/963482,Human-animal relationships,1
650,fast,http://id.worldcat.org/fast/963760,"Humorous poetry, American",1
650,fast,http://id.worldcat.org/fast/964221,Hunting in art,1
650,fast,http://id.worldcat.org/fast/964360,Hurricanes,1
650,fast,http://id.worldcat.org/fast/965349,Hygiene,1
650,fast,http://id.worldcat.org/fast/965356,Hygiene -- Social aspects,1
650,fast,http://id.worldcat.org/fast/966135,Hysteria,1
650,fast,http://id.worldcat.org/fast/966780,Icons (Computer graphics),2
650,fast,http://id.worldcat.org/fast/966889,Identity (Philosophical concept),3
650,fast,http://id.worldcat.org/fast/966908,Identity (Psychology) in art,1
650,fast,http://id.worldcat.org/fast/966909,Identity (Psychology) in children,1
650,fast,http://id.worldcat.org/fast/966930,Ideology in art,1
650,fast,http://id.worldcat.org/fast/967501,Image processing,1
650,fast,http://id.worldcat.org/fast/967541,Imagery (Psychology),1
650,fast,http://id.worldcat.org/fast/967555,Imaginary biography,1
650,fast,http://id.worldcat.org/fast/967557,Imaginary books and libraries,1
650,fast,http://id.worldcat.org/fast/967560,Imaginary companions,2
650,fast,http://id.worldcat.org/fast/967585,Imagination,1
650,fast,http://id.worldcat.org/fast/967712,Immigrants,2
650,fast,http://id.worldcat.org/fast/967851,Immortalism,1
650,fast,http://id.worldcat.org/fast/968126,Imperialism,5
650,fast,http://id.worldcat.org/fast/968146,Impermanence (Buddhism),1
650,fast,http://id.worldcat.org/fast/968670,Income distribution,1
650,fast,http://id.worldcat.org/fast/969029,Indian art,1
650,fast,http://id.worldcat.org/fast/969222,Indian textile fabrics,1
650,fast,http://id.worldcat.org/fast/969510,Indians of Mexico,1
650,fast,http://id.worldcat.org/fast/969556,Indians of Mexico -- Government relations,1
650,fast,http://id.worldcat.org/fast/969633,Indians of North America,1
650,fast,http://id.worldcat.org/fast/969749,Indians of North America -- Folklore,1
650,fast,http://id.worldcat.org/fast/970120,"Indians, Treatment of",2
650,fast,http://id.worldcat.org/fast/970343,Individuality,1
650,fast,http://id.worldcat.org/fast/971122,Industrial hygiene,1
650,fast,http://id.worldcat.org/fast/971825,Industrialization,1
650,fast,http://id.worldcat.org/fast/971843,Industrialization -- Social aspects,1
650,fast,http://id.worldcat.org/fast/972484,"Influence (Literary, artistic, etc.)",1
650,fast,http://id.worldcat.org/fast/974074,Insects,1
650,fast,http://id.worldcat.org/fast/974195,Insects in art,2
650,fast,http://id.worldcat.org/fast/974221,Insomnia,3
650,fast,http://id.worldcat.org/fast/974230,Inspiration,1
650,fast,http://id.worldcat.org/fast/974250,Installations (Art),10
650,fast,http://id.worldcat.org/fast/974251,Installations (Art) -- Exhibitions,1
650,fast,http://id.worldcat.org/fast/975848,Intelligence service,1
650,fast,http://id.worldcat.org/fast/975979,Interactive art,1
650,fast,http://id.worldcat.org/fast/977053,International relations,2
650,fast,http://id.worldcat.org/fast/977258,Internet in political campaigns,1
650,fast,http://id.worldcat.org/fast/977289,Internet searching,1
650,fast,http://id.worldcat.org/fast/977539,Interstellar communication,2
650,fast,http://id.worldcat.org/fast/977714,Intimacy (Psychology),1
650,fast,http://id.worldcat.org/fast/979502,Irrigation,1
650,fast,http://id.worldcat.org/fast/979596,Irrigation engineering,1
650,fast,http://id.worldcat.org/fast/980392,It (The English word),1
650,fast,http://id.worldcat.org/fast/980660,Italian literature,1
650,fast,http://id.worldcat.org/fast/983135,Jews,1
650,fast,http://id.worldcat.org/fast/983229,Jews -- Folklore,1
650,fast,http://id.worldcat.org/fast/985122,Justice,1
650,fast,http://id.worldcat.org/fast/985936,Kamikaze pilots,1
650,fast,http://id.worldcat.org/fast/987010,Keyboards (Electronics),1
650,fast,http://id.worldcat.org/fast/987694,Kings and rulers,1
650,fast,http://id.worldcat.org/fast/987877,Kissing,1
650,fast,http://id.worldcat.org/fast/987926,Kitchens,1
650,fast,http://id.worldcat.org/fast/987946,Kites,2
650,fast,http://id.worldcat.org/fast/987953,Kites in art,1
650,fast,http://id.worldcat.org/fast/988163,Knives in art,1
650,fast,http://id.worldcat.org/fast/988194,"Knowledge, Theory of",4
650,fast,http://id.worldcat.org/fast/989959,Labor in art,2
650,fast,http://id.worldcat.org/fast/990474,Labyrinths in art,1
650,fast,http://id.worldcat.org/fast/991362,Land tenure,1
650,fast,http://id.worldcat.org/fast/991689,Landforms,1
650,fast,http://id.worldcat.org/fast/991791,Landscape archaeology,1
650,fast,http://id.worldcat.org/fast/992030,Landscape photography,1
650,fast,http://id.worldcat.org/fast/992154,Language and languages,2
650,fast,http://id.worldcat.org/fast/992193,Language and languages -- Philosophy,1
650,fast,http://id.worldcat.org/fast/993031,Latin American literature,1
650,fast,http://id.worldcat.org/fast/995186,Leaves,1
650,fast,http://id.worldcat.org/fast/996540,Lesbians,2
650,fast,http://id.worldcat.org/fast/996573,Lesbians -- Relations with heterosexuals,2
650,fast,http://id.worldcat.org/fast/996586,Lesbians in art,1
650,fast,http://id.worldcat.org/fast/996707,Letter writing in art,6
650,fast,http://id.worldcat.org/fast/996778,Letterpress printing,34
650,fast,http://id.worldcat.org/fast/996779,Letters,1
650,fast,http://id.worldcat.org/fast/996786,Letters in art,7
650,fast,http://id.worldcat.org/fast/997341,Libraries,3
650,fast,http://id.worldcat.org/fast/997445,Libraries -- Social aspects,1
650,fast,http://id.worldcat.org/fast/998552,Light in art,1
650,fast,http://id.worldcat.org/fast/998899,Limited editions,2
650,fast,http://id.worldcat.org/fast/999034,Line (Art),8
650,fast,http://id.worldcat.org/fast/999280,Linoleum block-printing,1
650,fast,http://id.worldcat.org/fast/999283,"Linoleum block-printing, American",1
650,fast,http://id.worldcat.org/fast/999424,Lipreading,1
650,homoit,http://homosaurus.org/v4/homoit0002579,LGBTQ+ erotic art,1
650,homoit,https://en.homosaurus.org/v4/homoit0000506,Gay men,1
650,homoit,https://homosaurus.org/v4/homoit0000316,Crossdressers,2
650,homoit,https://homosaurus.org/v4/homoit0000375,Drag queens,1
650,homoit,https://homosaurus.org/v4/homoit0000387,Ecofeminism,1
650,homoit,https://homosaurus.org/v4/homoit0000442,Kinks and fetishes,1
650,homoit,https://homosaurus.org/v4/homoit0000470,Gay artists,1
650,homoit,https://homosaurus.org/v4/homoit0000487,Gay culture,2
650,homoit,https://homosaurus.org/v4/homoit0000506,Gay men,2
650,homoit,https://homosaurus.org/v4/homoit0000556,Lesbians,2
650,homoit,https://homosaurus.org/v4/homoit0000571,Gender identity,1
650,homoit,https://homosaurus.org/v4/homoit0000646,Homophobia,2
650,homoit,https://homosaurus.org/v4/homoit0000652,Human rights,1
650,homoit,https://homosaurus.org/v4/homoit0000691,Kissing,1
650,homoit,https://homosaurus.org/v4/homoit0001052,Nude art,1
650,homoit,https://homosaurus.org/v4/homoit0001102,LGBTQ+ performance art,7
650,homoit,https://homosaurus.org/v4/homoit0001128,Pornography,2
650,homoit,https://homosaurus.org/v4/homoit0001261,Secrecy,1
650,homoit,https://homosaurus.org/v4/homoit0001278,Sexism,1
650,homoit,https://homosaurus.org/v4/homoit0001285,Sexual assault,2
650,homoit,https://homosaurus.org/v4/homoit0001293,Sexual harassment,1
650,homoit,https://homosaurus.org/v4/homoit0001299,Sexual practices,1
650,homoit,https://homosaurus.org/v4/homoit0001321,Social media,4
650,homoit,https://homosaurus.org/v4/homoit0001322,Social movements,2
650,homoit,https://homosaurus.org/v4/homoit0001378,Transgender people,3
650,homoit,https://homosaurus.org/v4/homoit0001381,Transsexual people,3
650,homoit,https://homosaurus.org/v4/homoit0001488,Vagina,1
650,homoit,https://homosaurus.org/v4/homoit0002398,Black Lives Matter movement,1
650,homoit,https://homosaurus.org/v4/homoit0002579,LGBTQ+ erotic art,2
650,lcgft,http://id.loc.gov/authorities/subjects/sh85008302,Artists' books,2
650,lcsh,,AIDS (Disease) -- Social aspects,1
650,lcsh,,Abkhazians -- Georgia (Republic),1
650,lcsh,,Abortion -- Social aspects,1
650,lcsh,,Adoptees in art,2
650,lcsh,,Adoption -- Personal narratives,1
650,lcsh,,"Afghan War, 2001-2021 -- Veterans -- United States",1
650,lcsh,,African American women -- Pictorial works,1
650,lcsh,,African American women -- Portraits,1
650,lcsh,,African American women -- Social conditions -- Pictorial works,1
650,lcsh,,African American young women -- Portraits,1
650,lcsh,,African Americans -- History -- 20th century,1
650,lcsh,,African Americans -- North Carolina -- Raleigh -- Portraits,1
650,lcsh,,African Americans -- Race identity -- Anecdotes,1
650,lcsh,,African Americans -- Race identity -- Southern States -- In art,1
650,lcsh,,African Americans -- Social conditions -- Anecdotes,1
650,lcsh,,African Americans -- Social conditions -- Pictorial works,2
650,lcsh,,African Americans -- Virginia -- Fiction,1
650,lcsh,,Africans -- Portraits -- Exhibitions,1
650,lcsh,,After-images -- Pictorial works,1
650,lcsh,,Air -- Pollution -- Belgium -- Charleroi,1
650,lcsh,,Air -- Pollution -- Pictorial works,1
650,lcsh,,Alphabet -- Pictorial works,1
650,lcsh,,Altered books -- Facsimiles,4
650,lcsh,,Altered paintings -- Specimens,1
650,lcsh,,Alum industry -- Italy -- History,1
650,lcsh,,American literature -- 20th century -- Bibliography -- Exhibitions,1
650,lcsh,,Anarchism -- Europe -- Periodicals,1
650,lcsh,,Animals -- Obituaries,1
650,lcsh,,Anonymous persons -- Fiction,1
650,lcsh,,Antislavery movements -- Cuba -- History -- 19th century,1
650,lcsh,,Apartheid -- Economic aspects -- South Africa,1
650,lcsh,,Apartheid -- Social aspects -- South Africa,1
650,lcsh,,Apartment houses -- California -- Los Angeles -- Pictorial works,1
650,lcsh,,Apocalipsir (The Spanish word),1
650,lcsh,,Appropriation (Art) -- Periodicals,2
650,lcsh,,Aquariums -- Pictorial works,1
650,lcsh,,Architectural drawing -- In art,1
650,lcsh,,Architectural drawing -- Pictorial works,1
650,lcsh,,Architectural photography -- Italy -- Scampia (Naples) -- Exhibitions,1
650,lcsh,,Architectural photography -- Pictorial works,1
650,lcsh,,Architecture -- California -- Los Angeles -- History -- 20th century -- Pictorial works,1
650,lcsh,,Architecture -- Iran -- Tehran,1
650,lcsh,,Architecture -- Lebanon -- Beirut,2
650,lcsh,,Architecture -- Political aspects,1
650,lcsh,,"Architecture, Domestic -- Poetry",1
650,lcsh,,Argentine literature -- 21st century,1
650,lcsh,,Argentine poetry -- 21st century,1
650,lcsh,,Armadillos -- Pictorial works,1
650,lcsh,,Art -- History -- Pictorial works,1
650,lcsh,,Art -- Mexico -- 21st century -- Periodicals,1
650,lcsh,,Art -- Public opinion,1
650,lcsh,,Art -- South Asia -- Periodicals,1
650,lcsh,,Art -- Study and teaching -- Argentina -- Anecdotes,1
650,lcsh,,Art -- Study and teaching -- Argentina -- Humor,1
650,lcsh,,Art -- Study and teaching -- Colombia -- Bogotá -- 21st century,2
650,lcsh,,Art -- Study and teaching -- Humor,1
650,lcsh,,"Art -- Themes, motives -- Dictionaries -- Portuguese",1
650,lcsh,,Art -- United Arab Emirates,1
650,lcsh,,Art and design -- Middle East,1
650,lcsh,,Art and literature -- United States -- Exhibitions,1
650,lcsh,,Art and social action -- 21st century -- Pictorial works,1
650,lcsh,,Art and society -- History -- 21st century,1
650,lcsh,,Art and the Internet -- Periodicals,2
650,lcsh,,Art criticism -- Bibliography,2
650,lcsh,,Art criticism -- Translations into Portuguese -- Periodicals,1
650,lcsh,,Art school directors -- Argentina -- Anecdotes,1
650,lcsh,,Art school directors -- Argentina -- Humor,1
650,lcsh,,Art schools -- Colombia -- 21st century,1
650,lcsh,,"Art, American -- 21st century",1
650,lcsh,,"Art, Modern -- 21st century -- Economic aspects",1
650,lcsh,,"Art, Modern -- Philosophy",1
650,lcsh,,"Art, Modern -- Political aspects",1
650,lcsh,,Artistic collaboration -- Canada,1
650,lcsh,,Artistic collaboration -- Exhibitions,1
650,lcsh,,Artists -- Chile -- 21st century,1
650,lcsh,,Artists -- Colombia -- Bogotá -- 21st century,1
650,lcsh,,Artists -- United States -- Philosophy,2
650,lcsh,,Artists' books -- 21st century -- Specimens,1
650,lcsh,,Artists' books -- Belgium,1
650,lcsh,,Artists' books -- Belgium -- Specimens,1
650,lcsh,,Artists' books -- Brazil -- Specimens,1
650,lcsh,,Artists' books -- Chile,1
650,lcsh,,Artists' books -- Chile -- 21st century -- Specimens,1
650,lcsh,,Artists' books -- Chile -- Specimens,1
650,lcsh,,Artists' books -- China -- Suzhou (Jiangsu Sheng),1
650,lcsh,,Artists' books -- Colombia -- 21st century -- Specimens,2
650,lcsh,,Artists' books -- Colombia -- Bogotá -- Specimens,1
650,lcsh,,Artists' books -- Colombia -- Specimens,1
650,lcsh,,Artists' books -- Congresses,1
650,lcsh,,Artists' books -- Cuba,2
650,lcsh,,Artists' books -- Cuba -- Matanzas -- Specimens,4
650,lcsh,,Artists' books -- Cuba -- Specimens,1
650,lcsh,,Artists' books -- Czech Republic -- Specimens,1
650,lcsh,,Artists' books -- Design and construction,1
650,lcsh,,Artists' books -- Facsimiles,17
650,lcsh,,Artists' books -- Germany,1
650,lcsh,,Artists' books -- Guatemala -- Specimens,1
650,lcsh,,Artists' books -- Mexico,4
650,lcsh,,Artists' books -- Mexico -- 21st century,1
650,lcsh,,Artists' books -- Mexico -- Guadalajara -- Specimens,1
650,lcsh,,Artists' books -- Mexico -- Specimens,9
650,lcsh,,Artists' books -- Minnesota,1
650,lcsh,,Artists' books -- New York (State) -- New York,1
650,lcsh,,Artists' books -- New York (State) -- New York -- 21st century,1
650,lcsh,,Artists' books -- New York (State) -- New York -- Specimens,2
650,lcsh,,Artists' books -- New York (State) -- Rosendale,1
650,lcsh,,Artists' books -- North Carolina -- Specimens,1
650,lcsh,,Artists' books -- Norway,1
650,lcsh,,Artists' books -- Periodicals,6
650,lcsh,,Artists' books -- Personal narratives,18
650,lcsh,,Artists' books -- Puerto Rico,1
650,lcsh,,Artists' books -- Spain,1
650,lcsh,,Artists' books -- United States -- Specimens,5
650,lcsh,,Artists' illustrated books -- Specimens,1
650,lcsh,,Artists' writings -- Translations into Portuguese -- Periodicals,1
650,lcsh,,Arts -- California -- Los Angeles -- 21st century,1
650,lcsh,,Arts -- Censorship -- United States -- Exhibitions,1
650,lcsh,,Asemantic poetry,1
650,lcsh,,Atrocities -- Mexico -- Iguala de la Independencia,1
650,lcsh,,Automobile travel -- Great Britain,1
650,lcsh,,Automobiles -- Psychological aspects,1
650,lcsh,,Avant-garde (Aesthetics) -- Europe -- Periodicals,1
650,lcsh,,Avarice -- Poetry,1
650,lcsh,,Bee culture -- Pictorial works,1
650,lcsh,,Birds -- Climatic factors,1
650,lcsh,,Black lives matter movement -- Pictorial works,1
650,lcsh,,Black people in art -- Catalogs,1
650,lcsh,,Blind -- Czech Republic -- Fiction,1
650,lcsh,,Blind -- Czech Republic -- Pictorial works,1
650,lcsh,,Blushing in art,1
650,lcsh,,Bombings -- Iraq -- Baghdad,2
650,lcsh,,Book burning -- History,2
650,lcsh,,Book burning -- Latin America,2
650,lcsh,,Book covers -- Exhibitions,1
650,lcsh,,Books -- Digitization,1
650,lcsh,,Books -- Private collections,1
650,lcsh,,Books -- Private collections -- In art,1
650,lcsh,,"Books -- Quotations, maxims, etc",1
650,lcsh,,Books -- Social aspects -- History,1
650,lcsh,,Books -- Sociological aspects,1
650,lcsh,,Books in art -- Exhibitions,1
650,lcsh,,Booksellers and bookselling -- Alabama,1
650,lcsh,,Border crossing -- Mexican-American Border Region -- Fiction,1
650,lcsh,,Border crossing -- Mexican-American Border Region -- Juvenile fiction,1
650,lcsh,,Boys -- Mexico -- Fiction,1
650,lcsh,,Brain -- Wounds and injuries -- Patients -- Family relationships,1
650,lcsh,,Bread -- Mexico -- Pictorial works,1
650,lcsh,,Bridges -- Cuba -- Matanzas -- Pictorial works,1
650,lcsh,,Broadsides -- United States -- Specimens,1
650,lcsh,,Buildings -- Argentina -- Buenos Aires,1
650,lcsh,,Buildings -- Arizona -- Grand Canyon National Park,1
650,lcsh,,Buildings -- California -- Los Angeles -- Pictorial works,1
650,lcsh,,Buildings -- Lebanon -- Beirut,2
650,lcsh,,Buildings -- Mexico -- Campeche (Campeche) -- Pictorial works,1
650,lcsh,,Buildings -- Pictorial works,1
650,lcsh,,Bureaucracy -- Pictorial works,1
650,lcsh,,Business -- Pictorial works,1
650,lcsh,,"COVID-19 Pandemic, 2020-2023 -- North Carolina -- Chapel Hill -- Pictorial works",1
650,lcsh,,"Cambodian-Vietnamese Conflict, 1977-1991 -- Pictorial works",1
650,lcsh,,Cameras -- Pictorial works,1
650,lcsh,,Camsa Indians -- Folklore,1
650,lcsh,,Candy -- Social aspects,1
650,lcsh,,Capitalism -- Latin America -- History -- Pictorial works,1
650,lcsh,,Carnival -- History,1
650,lcsh,,Cartography -- Social aspects,1
650,lcsh,,Cash registers in art,1
650,lcsh,,Catalog cards in art,1
650,lcsh,,Caves -- Pictorial works,1
650,lcsh,,"Celebrities -- Quotations, maxims, etc",1
650,lcsh,,Censorship -- United States -- Exhibitions,1
650,lcsh,,Challenged books -- United States,1
650,lcsh,,Challenged books -- United States -- Bibliography,1
650,lcsh,,"Chapbooks, Argentine -- Specimens",1
650,lcsh,,"Chapbooks, Mexican -- Specimens",6
650,lcsh,,"Chapbooks, Spanish -- Spain -- Madrid -- Specimens",1
650,lcsh,,"Chapbooks, Spanish -- Spain -- Seville -- Specimens",2
650,lcsh,,"Chapbooks, Spanish -- Specimens",1
650,lcsh,,Child rearing -- Case studies,1
650,lcsh,,Child sexual abuse -- India,1
650,lcsh,,Childbirth at home -- Fiction,1
650,lcsh,,Children -- Books and reading -- Gaza Strip -- Pictorial works -- Juvenile literature,1
650,lcsh,,Children of exiles -- Chile -- Pictorial works,1
650,lcsh,,Chromolithography -- Specimens,1
650,lcsh,,Church buildings -- Pictorial works,1
650,lcsh,,Civil rights -- United States -- Personal narratives,1
650,lcsh,,Climatic changes -- Pictorial works,1
650,lcsh,,"Clippings (Books, newspapers, etc.) in art",1
650,lcsh,,Coal miners -- West Virginia -- Pictorial works,1
650,lcsh,,Coal mines and mining -- West Virginia -- Pictorial works,1
650,lcsh,,Coca -- History,1
650,lcsh,,Cocaine abuse -- Mexico -- Anecdotes,1
650,lcsh,,Collaboration in art,1
650,lcsh,,Collage -- Catalogs,1
650,lcsh,,Collective memory -- United States,1
650,lcsh,,"Comic books, strips, etc -- Brazil",1
650,lcsh,,Communication in families -- Fiction,2
650,lcsh,,Compulsive hoarding -- Pictorial works,1
650,lcsh,,Computer art -- United States,2
650,lcsh,,Computer programmers -- Attitudes,1
650,lcsh,,Computer programming -- Psychological aspects,1
650,lcsh,,Conceptual art -- 21st century,1
650,lcsh,,Conceptual art -- Catalogs,1
650,lcsh,,Conceptual art -- Periodicals,2
650,lcsh,,Conceptual art -- Political aspects,1
650,lcsh,,Conservatives -- United States -- Pictorial works,1
650,lcsh,,Consumption (Economics) -- Poetry,1
650,lcsh,,Cookbooks -- Balkan Peninsula,1
650,lcsh,,Cooking -- Balkan Peninsula,1
650,lcsh,,Cooking -- Mexico,1
650,lcsh,,Cooking -- Social aspects -- History,1
650,lcsh,,Cootie catchers -- Specimens,1
650,lcsh,,Corn -- Fiction,2
650,lcsh,,Counterculture -- Europe -- Periodicals,1
650,lcsh,,Couples -- Pictorial works,1
650,lcsh,,Creation -- Caricatures and cartoons,1
650,lcsh,,Criminal courts -- Great Britain -- Fiction,1
650,lcsh,,Criminals -- Michigan -- Detroit -- Pictorial works,1
650,lcsh,,Cross-dressers -- Cuba -- Havana -- Portraits,2
650,lcsh,,Cryonics -- Pictorial works,1
650,lcsh,,Cuban poetry -- 21st century,3
650,lcsh,,Cultural landscapes -- United States,2
650,lcsh,,Culture in art -- Periodicals,1
650,lcsh,,Currency crises -- Argentina,1
650,lcsh,,Cyberspace -- Social aspects -- Fiction,1
650,lcsh,,"Czechs -- Travel -- Southwest, New -- Fiction",1
650,lcsh,,"Czechs -- Travel -- Southwest, New -- Pictorial works",1
650,lcsh,,Dance in art -- 21st century,1
650,lcsh,,Deer hunters -- Pictorial works,1
650,lcsh,,Deer hunting -- Pictorial works,1
650,lcsh,,Demonstrations -- Poland -- History -- 21st century -- Pictorial works,1
650,lcsh,,"Design -- Quotations, maxims, etc",1
650,lcsh,,Devil -- Poetry,1
650,lcsh,,Dictators -- History -- 20th century,1
650,lcsh,,Dictators -- History -- 21st century,1
650,lcsh,,Dictators -- Pictorial works,1
650,lcsh,,Diners (Restaurants) -- Spain -- Madrid -- Pictorial works,1
650,lcsh,,Diorama -- Pictorial works,1
650,lcsh,,Disappeared persons -- Mexico -- Guerrero (State) -- 21st century,1
650,lcsh,,Discrimination against African American women -- Pictorial works,1
650,lcsh,,Divorce -- Personal narratives,1
650,lcsh,,Documentary photography -- China -- Beijing,1
650,lcsh,,Documentary photography -- Italy -- Naples,1
650,lcsh,,Documentary photography -- Japan -- 20th century,1
650,lcsh,,Documentary photography -- Michigan,1
650,lcsh,,Documentary photography -- New York (State),1
650,lcsh,,Doors -- Korea -- Pictorial works,1
650,lcsh,,Drag queens -- Cuba -- Havana -- Fiction,1
650,lcsh,,Drainage -- United States -- Maps,1
650,lcsh,,Drawing -- Philosophy,1
650,lcsh,,"Drawing, American -- 21st century",1
650,lcsh,,"Drawing, Colombian -- 21st century",1
650,lcsh,,"Drawing, French -- 21st century",1
650,lcsh,,"Drawing, Mexican -- 21st century",6
650,lcsh,,Dresses -- Pictorial works,1
650,lcsh,,Dust -- Miscellanea,1
650,lcsh,,"Education, Bilingual -- Social aspects -- Pakistan",1
650,lcsh,,Elk -- Pictorial works,1
650,lcsh,,Elk -- Wyoming -- Jackson Hole -- Pictorial works,1
650,lcsh,,Emotions -- Physiological aspects -- In art,1
650,lcsh,,Encyclopedias and dictionaries -- Social aspects,2
650,lcsh,,"End of the world -- Handbooks, manuals, etc",1
650,lcsh,,Enemies -- Fiction,1
650,lcsh,,Environmental degradation -- North America,1
650,lcsh,,Environmentally induced diseases -- Pictorial works,1
650,lcsh,,Erosion -- Pictorial works,1
650,lcsh,,Ethnobiology -- Caribbean Area,1
650,lcsh,,Excess in art,1
650,lcsh,,Experimental poetry -- 20th century,1
650,lcsh,,Factory system -- Australia,1
650,lcsh,,Family secrets -- Art,1
650,lcsh,,Fashion in art -- 21st century,1
650,lcsh,,Fathers and daughters -- Art,1
650,lcsh,,Femininity in art -- Exhibitions,1
650,lcsh,,Fetishism (Sexual behavior) -- Fiction,1
650,lcsh,,Fetishism (Sexual behavior) in art,1
650,lcsh,,Fiberwork -- Poetry,2
650,lcsh,,Financial crises -- Argentina -- Buenos Aires,1
650,lcsh,,Financial crises -- Spain -- 21st century,2
650,lcsh,,Fire -- Social aspects,1
650,lcsh,,Firearms -- United States,1
650,lcsh,,Fires -- Pictorial works,1
650,lcsh,,Flags -- Brazil,1
650,lcsh,,Flight in art -- Exhibitions,1
650,lcsh,,"Flip books -- Handbooks, manuals, etc",1
650,lcsh,,Flip books -- Specimens,10
650,lcsh,,"Folk music -- Colombia -- Comic books, strips, etc",1
650,lcsh,,"Folklore -- Colombia -- 21st century -- Comic books, strips, etc",1
650,lcsh,,Folklore -- Haiti -- Poetry,1
650,lcsh,,Folklore -- Mexico -- Sonora (State),1
650,lcsh,,Food -- Economic aspects -- United States,1
650,lcsh,,Food -- Mexico -- Fiction,1
650,lcsh,,Food -- Social aspects -- United States,1
650,lcsh,,Footbinding -- China -- History,1
650,lcsh,,Footbinding -- Pictorial works,1
650,lcsh,,Fore-edge painting -- Specimens,1
650,lcsh,,Found objects (Art) -- Photographs,11
650,lcsh,,Fourth of July -- Pictorial works,1
650,lcsh,,Furniture -- Massachusetts -- Gardner,1
650,lcsh,,Furniture industry and trade -- Massachusetts -- Gardner,1
650,lcsh,,Furniture workers -- Interviews,1
650,lcsh,,Games -- Mexico,1
650,lcsh,,Gardens -- Germany -- Pictorial works,1
650,lcsh,,Gay artists -- Biography,1
650,lcsh,,Gay culture -- Cuba,2
650,lcsh,,Gay people -- Cuba -- Havana -- Portraits,2
650,lcsh,,"Gaza War, 2014 -- Children -- Pictorial works -- Juvenile literature",1
650,lcsh,,Genocide -- Georgia (Republic) -- Abkhazia,1
650,lcsh,,Gentrification -- United States,1
650,lcsh,,Girls -- Poetry,2
650,lcsh,,"Government, Resistance to -- Mexico -- Pictorial works",1
650,lcsh,,"Government, Resistance to -- Pictorial works",1
650,lcsh,,Graphic artists -- Czech Republic -- 20th century -- Interviews,1
650,lcsh,,Graphic arts -- Soviet Union,1
650,lcsh,,Graphic design (Typography) -- Philippines,1
650,lcsh,,Graphic novels -- Colombia -- 21st century,1
650,lcsh,,Grebo (African people) -- Folklore,1
650,lcsh,,Greek language -- Dictionaries -- Latin,1
650,lcsh,,Group work in art -- Periodicals,1
650,lcsh,,Guatemalan literature -- 21st century,1
650,lcsh,,Guatemalan poetry -- 21st century,1
650,lcsh,,Hand weaving -- Colombia,1
650,lcsh,,Handmade paper -- Mexico -- San Pablito,1
650,lcsh,,Handmade paper -- Specimens,4
650,lcsh,,High-fidelity sound systems -- Design and construction,1
650,lcsh,,Hip-hop -- North Carolina -- Raleigh -- Pictorial works,1
650,lcsh,,Historic buildings -- Cuba -- Matanzas -- Pictorial works,1
650,lcsh,,History painting -- History and criticism,1
650,lcsh,,Home -- Social aspects,1
650,lcsh,,Homelessness -- Pictorial works,1
650,lcsh,,Homelessness -- Poetry,1
650,lcsh,,Horticulture -- Religious aspects,1
650,lcsh,,Hotels -- Georgia (Republic) -- Tʻbilisi -- Pictorial works,1
650,lcsh,,"Household appliances, Electric -- Pictorial works",1
650,lcsh,,Human anatomy -- Poetry,1
650,lcsh,,Human ecology -- Colombia,1
650,lcsh,,Human geography -- Argentina -- Philosophy,1
650,lcsh,,Human physiology -- Terminology,1
650,lcsh,,Hurricanes -- Mississippi,1
650,lcsh,,Hygiene -- Social aspects,1
650,lcsh,,Icons (Computer graphics) -- Fiction,2
650,lcsh,,Identity (Philosophical concept) -- Photography,1
650,lcsh,,Identity (Philosophical concept) -- Pictorial works,1
650,lcsh,,Illegal immigration -- Mexican-American Border Region -- Fiction,1
650,lcsh,,Illegal immigration -- Mexican-American Border Region -- Juvenile fiction,1
650,lcsh,,Immigrants -- Mexican-American Border Region -- Fiction,1
650,lcsh,,Immigrants -- Mexican-American Border Region -- Juvenile fiction,1
650,lcsh,,Immortalism -- Pictorial works,1
650,lcsh,,Impermanence (Buddhism) -- Poetry,1
650,lcsh,,Income distribution -- South Africa,1
650,lcsh,,Indian art -- United States -- 21st century,1
650,lcsh,,Indian textile fabrics -- Colombia,1
650,lcsh,,"Indians, Treatment of -- Mexico -- History -- 16th century",2
650,lcsh,,Indigenous art -- Colombia,1
650,lcsh,,Industrial hygiene -- Australia,1
650,lcsh,,Industrialization -- Social aspects -- United States,1
650,lcsh,,Installations (Art) -- Norway,1
650,lcsh,,Installations (Art) -- Texas -- Houston -- Exhibitions,2
650,lcsh,,Interactive art -- Exhibitions,1
650,lcsh,,Internet in political campaigns -- United States -- Exhibitions,1
650,lcsh,,"Iraq War, 2003-2011 -- Art and the war",3
650,lcsh,,"Iraq War, 2003-2011 -- Press coverage",2
650,lcsh,,"Iraq War, 2003-2011 -- Veterans -- United States",1
650,lcsh,,Itching in art,1
650,lcsh,,Kamikaze pilots -- Pictorial works,1
650,lcsh,,Karuk artists -- California,1
650,lcsh,,Kitchens -- Balkan Peninsula -- Pictorial works,1
650,lcsh,,"Knowledge, Theory of -- Quotations, maxims, etc",1
650,lcsh,,"Korean War, 1950-1953 -- Veterans",1
650,lcsh,,"Korean War, 1950-1953 -- Veterans -- United States",1
650,lcsh,,Land tenure -- Chile -- Araucanía -- Pictorial works,1
650,lcsh,,Landforms -- United States -- Pictorial works,1
650,lcsh,,Landscape photography -- Netherlands,1
650,lcsh,,Landscapes -- Pictorial works,1
650,lcsh,,Latin American literature -- 21st century,1
650,lcsh,,Letterpress printing -- Specimens,32
650,lcsh,,Libraries -- Social aspects -- History,1
650,lcsh,,Library catalogs in art,1
650,lcsh,,Limited editions -- Specimens,2
650,lcsh,,Linoleum block-printing -- Specimens,1
650,lcsh,,"Linoleum block-printing, American -- 21st century -- Specimens",1
650,lcsh,,"Literature, Experimental -- Great Britain",1
650,lcsh,,"Literature, Experimental -- Spain",1
650,lcsh,,Loneliness in art,1
650,lcsh,,Love -- Pakistan -- Pictorial works,1
650,lcsh,,Love -- Psychological aspects,1
650,lcsh,,Love poetry -- 20th century,1
650,lcsh,,Lumbee Indians -- Pictorial works,1
650,lcsh,,Mafia -- Italy -- Naples -- Pictorial works,1
650,lcsh,,Magpies -- Pictorial works,1
650,lcsh,,Malians -- Portraits -- Exhibitions,1
650,lcsh,,Mapuche Indians -- Chile -- Araucanía -- Government relations -- Pictorial works,1
650,lcsh,,Mapuche Indians -- Land tenure -- Chile -- Araucanía -- Pictorial works,1
650,lcsh,,Masks -- Mexico -- Pictorial works,1
650,lcsh,,Masks -- Papua New Guinea,1
650,lcsh,,Mass media -- Social aspects -- Pictorial works,1
650,lcsh,,Mass media and war -- United States -- Pictorial works,1
650,lcsh,,Massacre survivors -- Children -- Japan -- Biography,1
650,lcsh,,Massacres -- Mexico -- Iguala de la Independencia,1
650,lcsh,,Meadows -- Massachusetts -- Carlisle -- Pictorial works,1
650,lcsh,,Melanoma -- Patients -- United States -- Biography,1
650,lcsh,,Memorialization -- United States,1
650,lcsh,,Memory -- Political aspects -- Argentina,1
650,lcsh,,"Men, White -- Pictorial works",1
650,lcsh,,Microblogs -- Humor,1
650,lcsh,,Microwaves in art,1
650,lcsh,,Middle age -- Social aspects,1
650,lcsh,,Middle class -- Arab countries,1
650,lcsh,,"Migration, Internal -- Caribbean Area",1
650,lcsh,,Militarism -- Social aspects -- United States,1
650,lcsh,,Military administration -- United States -- Pictorial works,1
650,lcsh,,Military art and science -- United States -- 21st century -- Pictorial works,1
650,lcsh,,Military uniforms in art -- Specimens,1
650,lcsh,,Mills and mill-work -- Connecticut -- Pictorial works,1
650,lcsh,,Mills and mill-work -- Songs and music,1
650,lcsh,,"Miniature painting, Pakistani -- 21st century",1
650,lcsh,,Mixed media (Art) -- Great Britain,1
650,lcsh,,Modernism (Art) -- Political aspects,1
650,lcsh,,"Modernism (Art) -- Quotations, maxims, etc",1
650,lcsh,,Modernism (Art) -- Religious aspects,1
650,lcsh,,Motels -- Pictorial works,1
650,lcsh,,Mothers and sons -- Interviews,1
650,lcsh,,"Mountaineering expeditions -- Everest, Mount (China and Nepal) -- Pictorial works",1
650,lcsh,,Mountaineering expeditions -- Himalaya Mountains -- Pictorial works,1
650,lcsh,,Mud -- Pictorial works,1
650,lcsh,,Murder -- Italy -- Naples -- Pictorial works,1
650,lcsh,,Murder victims -- United States,1
650,lcsh,,Museums -- Collection management -- Philosophy,1
650,lcsh,,Museums -- Pictorial works,1
650,lcsh,,"Names, Personal -- Art",1
650,lcsh,,"National cemeteries, American -- Belgium -- Neuville-en-Condroz -- Pictorial works",1
650,lcsh,,"National cemeteries, American -- Belgium -- Registers",1
650,lcsh,,National socialism in motion pictures -- Pictorial works,1
650,lcsh,,Natural disasters -- Mississippi,1
650,lcsh,,Natural history museums -- Argentina -- Pictorial works,1
650,lcsh,,Nazis -- Portraits,1
650,lcsh,,Neurosciences in the arts,1
650,lcsh,,Nightlife -- Mexico -- Anecdotes,1
650,lcsh,,Noncitizens -- Mexican-American Border Region -- Fiction,1
650,lcsh,,Noncitizens -- Mexican-American Border Region -- Juvenile fiction,1
650,lcsh,,Nostalgia -- Poetry,1
650,lcsh,,Nuclear power plants -- Press coverage,1
650,lcsh,,Nursery rhymes -- Humor,1
650,lcsh,,Nutrition -- Mexico,1
650,lcsh,,Offset printing -- Specimens,154
650,lcsh,,Olympics -- Pictorial works,1
650,lcsh,,Omens in art,1
650,lcsh,,On-demand printing -- Photography -- Competitions,1
650,lcsh,,Origami -- Specimens,3
650,lcsh,,Otomi Indians -- Folklore,1
650,lcsh,,Otomi Indians -- Mexico -- San Pablito,1
650,lcsh,,Outdoor furniture -- Egypt -- Cairo -- Guidebooks,1
650,lcsh,,Outdoor photography -- Minnesota,1
650,lcsh,,Outdoor photography -- Texas,1
650,lcsh,,Pageants -- Washington (State) -- Walla Walla,1
650,lcsh,,"Painting, German -- 21st century",1
650,lcsh,,Pakistanis -- Pakistan -- Peshawar -- Portraits,1
650,lcsh,,Palms -- California -- Los Angeles,1
650,lcsh,,Paper dolls -- Specimens,2
650,lcsh,,Paper work -- Specimens,2
650,lcsh,,Papermaking -- Technique,1
650,lcsh,,Parenting -- Pictorial works,2
650,lcsh,,Parking lots -- California -- Los Angeles -- Pictorial works,1
650,lcsh,,Parking lots -- Pictorial works,1
650,lcsh,,Particles (Nuclear physics) in art,1
650,lcsh,,Peonies -- Pictorial works,1
650,lcsh,,Performance art -- Czech Republic,1
650,lcsh,,Performance art -- England -- London,1
650,lcsh,,Performance art -- Texts,4
650,lcsh,,"Persian Gulf War, 1991 -- Art and the war",1
650,lcsh,,"Persian Gulf War, 1991 -- Veterans -- United States",1
650,lcsh,,Photobooks -- Japan,1
650,lcsh,,Photobooks -- Specimens,1
650,lcsh,,Photocollage -- Exhibitions,1
650,lcsh,,Photographers -- Albania -- Biography -- Pictorial works,1
650,lcsh,,Photographers -- Belgium,1
650,lcsh,,Photographers -- Israel -- Biography -- Pictorial works,1
650,lcsh,,Photographers -- Mali -- Portraits,1
650,lcsh,,Photography -- Argentina,1
650,lcsh,,Photography -- Canada -- 21st century,2
650,lcsh,,Photography -- Collectors and collecting,1
650,lcsh,,Photography -- Competitions -- 21st century,1
650,lcsh,,Photography -- History and criticism -- 21st century,1
650,lcsh,,Photography -- Israel -- Catalogs,1
650,lcsh,,Photography -- Philosophy -- 21st century,1
650,lcsh,,Photography -- Poland -- 21st century,1
650,lcsh,,Photography -- Private collections,1
650,lcsh,,Photography -- United States -- 21st century,1
650,lcsh,,Photography -- United States -- History -- 20th century,1
650,lcsh,,Photography of women -- 21st century,1
650,lcsh,,Photography of women -- Europe,1
650,lcsh,,Photography of women -- France,1
650,lcsh,,"Photography, Artistic -- 21st century",8
650,lcsh,,"Photography, Artistic -- Philosophy",2
650,lcsh,,"Photography, Artistic -- Quotations, maxims, etc",1
650,lcsh,,Photojournalism -- Albania -- History -- Pictorial works,1
650,lcsh,,Photojournalism -- China -- History -- Pictorial works,1
650,lcsh,,Photojournalism -- Miscellanea,1
650,lcsh,,Photojournalists -- Japan,1
650,lcsh,,Pit bull terriers -- Fiction,1
650,lcsh,,Pitchers -- Pictorial works,1
650,lcsh,,Plantation life -- Georgia -- Saint Simons Island (Island) -- History -- 19th century,2
650,lcsh,,Plants -- Mexico -- Pictorial works,1
650,lcsh,,Police -- Michigan -- Detroit -- Pictorial works,1
650,lcsh,,Police shootings -- Mexico -- Iguala de la Independencia,1
650,lcsh,,Political activists -- Colombia -- Biography,1
650,lcsh,,Political atrocities -- United States,1
650,lcsh,,Political refugees -- Cambodia,1
650,lcsh,,"Pop art -- Quotations, maxims, etc",1
650,lcsh,,Popcorn -- Fiction,1
650,lcsh,,Popular culture -- Pictorial works,1
650,lcsh,,Portrait photography -- China -- Beijing,1
650,lcsh,,Portrait photography -- India,1
650,lcsh,,Portrait photography -- Mali,1
650,lcsh,,Portrait photography -- Mali -- Exhibitions,1
650,lcsh,,Postcards -- Mexico -- Specimens,1
650,lcsh,,Postcards -- Specimens,2
650,lcsh,,Poultry industry -- North Carolina,1
650,lcsh,,Presidential candidates -- United States -- Exhibitions,1
650,lcsh,,Presidents -- United States -- Election -- 2012 -- Exhibitions,1
650,lcsh,,Printing -- United States -- History -- 21st century,1
650,lcsh,,"Prints, Cuban -- 21st century",1
650,lcsh,,"Prints, Mexican -- 21st century",6
650,lcsh,,"Prints, Mexican -- 21st century -- Specimens",1
650,lcsh,,Prisons -- Italy -- Livorno -- History,1
650,lcsh,,Prohibited books -- United States,1
650,lcsh,,Prohibited books -- United States -- Bibliography,1
650,lcsh,,"Propaganda, Capitalist -- Parodies, imitations, etc",1
650,lcsh,,"Propaganda, Communist -- Pictorial works",1
650,lcsh,,Prostitutes -- Europe -- Portraits,1
650,lcsh,,Public art -- Mexico -- Mexico City,1
650,lcsh,,Public art -- Norway,1
650,lcsh,,Puppets -- Fiction,1
650,lcsh,,Quechua mythology -- Peru -- Huarochirí (Province),1
650,lcsh,,Race in art -- Catalogs,1
650,lcsh,,Racial profiling in law enforcement -- United States -- Pictorial works,1
650,lcsh,,Racism -- Economic aspects -- United States -- History -- 20th century,1
650,lcsh,,Racism -- Political aspects,1
650,lcsh,,Racism -- United States -- Anecdotes,1
650,lcsh,,Racism -- United States -- Case studies,1
650,lcsh,,Rain and rainfall -- Pictorial works,1
650,lcsh,,Record labels -- Specimens,1
650,lcsh,,Refrigerators -- Pictorial works,1
650,lcsh,,Refugees -- Iran -- Pictorial works,1
650,lcsh,,"Refugees -- United States -- Comic books, strips, etc",1
650,lcsh,,Refuse and refuse disposal -- Pictorial works,1
650,lcsh,,Religious right -- Pictorial works,1
650,lcsh,,Revolutions -- Mexico -- Pictorial works,1
650,lcsh,,Revolutions -- Pictorial works,1
650,lcsh,,"Revolutions -- Puerto Rico -- History -- 20th century -- Comic books, strips, etc",1
650,lcsh,,Rhythm and blues music -- Pictorial works,1
650,lcsh,,Rice -- Fiction,1
650,lcsh,,Rivers -- Pictorial works,1
650,lcsh,,Rivers -- Virginia -- Fairfax County -- Pictorial works,1
650,lcsh,,Roadkill -- Pictorial works,1
650,lcsh,,Roads -- Europe -- Pictorial works,2
650,lcsh,,Roads -- Europe -- Surveying,1
650,lcsh,,Rugs -- Turkey -- Influence -- Exhibitions,1
650,lcsh,,Rural schools -- Mexico -- Guerrero (State),1
650,lcsh,,Russian poetry -- 20th century -- Translations into Spanish,1
650,lcsh,,Sashes (Clothing) -- Colombia,1
650,lcsh,,School integration -- Southern States -- History,1
650,lcsh,,Seashore -- Pictorial works,1
650,lcsh,,Sedimentation and deposition -- Pictorial works,1
650,lcsh,,Self in art,5
650,lcsh,,Self-portraits -- Caricatures and cartoons,1
650,lcsh,,Self-portraits -- United States,3
650,lcsh,,"September 11 Terrorist Attacks, 2001 -- Miscellanea",1
650,lcsh,,Serigraphy -- Argentina,1
650,lcsh,,Serigraphy -- Exhibitions,1
650,lcsh,,Serpents -- Pictorial works,1
650,lcsh,,Service stations -- Germany -- Pictorial works,1
650,lcsh,,Service stations -- Pictorial works,1
650,lcsh,,Sex -- Pictorial works,1
650,lcsh,,Sex customs -- Personal narratives,1
650,lcsh,,Shades and shadows -- Pictorial works,1
650,lcsh,,Shamans -- New Mexico -- Fiction,1
650,lcsh,,Shapeshifting -- Pictorial works,1
650,lcsh,,Shipping -- Italy -- Livorno -- History,1
650,lcsh,,Shipwrecks -- Oregon,1
650,lcsh,,Shopping carts -- Great Britain -- Pictorial works,1
650,lcsh,,Shopping malls -- Pictorial works,1
650,lcsh,,Sign painting -- Philippines,1
650,lcsh,,Signals and signaling -- In art,1
650,lcsh,,Signs and signboards -- Pictorial works,1
650,lcsh,,Site-specific installations (Art) -- Belgium,1
650,lcsh,,Sky -- Pictorial works,1
650,lcsh,,Slave labor -- Italy -- History,1
650,lcsh,,Slave trade -- Cuba -- History -- 19th century,1
650,lcsh,,Slavery -- Cuba -- History -- 19th century,1
650,lcsh,,Sleep -- Poetry,1
650,lcsh,,Small press books -- Argentina -- Córdoba -- Specimens,1
650,lcsh,,Small press books -- Argentina -- Specimens,3
650,lcsh,,Small press books -- Brazil -- Specimens,1
650,lcsh,,Small press books -- Mexico -- Specimens,6
650,lcsh,,Small press books -- Spain -- Seville -- Specimens,4
650,lcsh,,Small press books -- Spain -- Specimens,2
650,lcsh,,Small press books -- Specimens,1
650,lcsh,,Small presses -- Argentina -- Specimens,8
650,lcsh,,Small presses -- Mexico -- Specimens,3
650,lcsh,,Social media -- Caricatures and cartoons,1
650,lcsh,,Social media -- Pakistan -- Pictorial works,1
650,lcsh,,Social media -- Political aspects -- United States -- Exhibitions,1
650,lcsh,,Social movements -- Colombia -- Bogotá,1
650,lcsh,,Socialism -- Colombia -- Bogotá,1
650,lcsh,,Socialism -- Europe -- Periodicals,1
650,lcsh,,Soldiers' monuments -- Belgium,1
650,lcsh,,Soldiers' monuments -- Belgium -- Neuville-en-Condroz -- Pictorial works,1
650,lcsh,,Solitude -- Poetry,1
650,lcsh,,Sound installations (Art) -- Exhibitions,1
650,lcsh,,Sounds -- Washington (D.C.),1
650,lcsh,,South Asian diaspora -- Periodicals,1
650,lcsh,,South Asian literature -- Periodicals,1
650,lcsh,,South Asian poetry -- Periodicals,1
650,lcsh,,South Asians in literature -- Periodicals,1
650,lcsh,,Space debris -- Catalogs,1
650,lcsh,,Spaniards -- Pictorial works,1
650,lcsh,,Spaniards -- Portraits,1
650,lcsh,,Spanish language -- Grammar,1
650,lcsh,,Spanish poetry -- 21st century,1
650,lcsh,,Spanish poetry -- Mexico,1
650,lcsh,,Spices -- Poetry,1
650,lcsh,,Spirituality -- Poetry,1
650,lcsh,,Stars -- Poetry,1
650,lcsh,,State-sponsored terrorism -- Mexico -- Guerrero (State) -- 21st century,1
650,lcsh,,Stereoscopic views -- Pictorial works,1
650,lcsh,,Stitches (Sewing) -- Poetry,1
650,lcsh,,Stone carvers -- Indiana -- Interviews,1
650,lcsh,,Stone-cutters -- Indiana -- Interviews,1
650,lcsh,,Street photography -- Egypt -- Cairo,1
650,lcsh,,Streets -- Brazil -- São Paulo,1
650,lcsh,,"Streets -- Comic books, strips, etc",1
650,lcsh,,String figures -- Philosophy,1
650,lcsh,,Students -- Political activity -- Mexico -- Guerrero (State) -- 21st century,1
650,lcsh,,Stūpas -- Exhibitions,1
650,lcsh,,Suburban life -- California -- Pictorial works,1
650,lcsh,,Suburbs -- Virginia -- Fairfax County -- Pictorial works,1
650,lcsh,,Sundials -- Greece -- Athens,1
650,lcsh,,Sunprinting (Photography) -- Specimens,1
650,lcsh,,Surrealism -- England,1
650,lcsh,,Swimming pools -- Pictorial works,1
650,lcsh,,Symbolism in art -- Philosophy,1
650,lcsh,,Talismans -- Specimens,1
650,lcsh,,Tango (Dance) -- Caricatures and cartoons,1
650,lcsh,,Tarot -- Mexico,1
650,lcsh,,Taxicabs -- Mali -- Pictorial works,1
650,lcsh,,Taxidermy -- Pictorial works,3
650,lcsh,,Tea -- Pictorial works,1
650,lcsh,,Teapots -- Pictorial works,1
650,lcsh,,Teenage girls -- Crimes against -- Italy -- Naples -- Pictorial works,1
650,lcsh,,Teenage girls -- Italy -- Naples -- Social conditions -- Pictorial works,1
650,lcsh,,Television broadcasting -- Michigan -- Detroit,1
650,lcsh,,Textile artists -- United States -- Biography,1
650,lcsh,,Textile artists -- United States -- Exhibitions,1
650,lcsh,,"Time -- Quotations, maxims, etc",1
650,lcsh,,Topiary work -- Pictorial works,1
650,lcsh,,Totems -- Specimens,1
650,lcsh,,Transgender people -- Cuba -- Havana -- Portraits,2
650,lcsh,,Transgender people -- Cuba -- Portraits,2
650,lcsh,,Transsexuals -- Cuba -- Havana -- Portraits,2
650,lcsh,,Travel -- Social aspects,1
650,lcsh,,Trees -- Turkey -- Istanbul -- Pictorial works,1
650,lcsh,,Type and type-founding in art -- Pictorial works,1
650,lcsh,,Uighur (Turkic people) -- China -- Xinjiang Uygur Zizhiqu -- Pictorial works,1
650,lcsh,,Vagina -- Poetry,1
650,lcsh,,Vehicle bombs -- Iraq -- Baghdad,3
650,lcsh,,Veterans -- United States -- 21st century,1
650,lcsh,,Veterans -- United States -- Biography -- Portraits,1
650,lcsh,,Victims of state-sponsored terrorism -- Mexico -- Guerrero (State) -- 21st century,1
650,lcsh,,Violence -- America -- History,1
650,lcsh,,Violence -- Iraq -- Baghdad,4
650,lcsh,,Violence -- Pictorial works,1
650,lcsh,,Visual poetry -- Specimens,1
650,lcsh,,Vodou -- Haiti -- Poetry,1
650,lcsh,,Vodou in art -- Specimens,1
650,lcsh,,Voyages and travels -- Fiction,1
650,lcsh,,Voyages and travels -- Pictorial works,1
650,lcsh,,Walking -- New York (State) -- New York,1
650,lcsh,,Walking in art -- Exhibitions,1
650,lcsh,,War memorials -- Pictorial works,1
650,lcsh,,"War on Terrorism, 2001-2009 -- Art and the war",1
650,lcsh,,"War on Terrorism, 2001-2009 -- Comic books, strips, etc",1
650,lcsh,,"War on Terrorism, 2001-2009 -- Humor",1
650,lcsh,,War photography -- Northern Ireland,1
650,lcsh,,Water clocks -- Greece -- Athens,1
650,lcsh,,Watersheds -- United States -- Maps,1
650,lcsh,,Weaving -- Poetry,2
650,lcsh,,Web search engines -- Research,1
650,lcsh,,Web search engines -- Social aspects,1
650,lcsh,,Web sites in art -- Periodicals,2
650,lcsh,,West African alphabet,1
650,lcsh,,White collar workers -- Fiction,2
650,lcsh,,Windows -- Korea -- Pictorial works,1
650,lcsh,,"Wit and humor, Pictorial -- Periodicals",1
650,lcsh,,Women -- Czech Republic -- Biography,1
650,lcsh,,Women -- Czech Republic -- Pictorial works,1
650,lcsh,,Women -- Czech Republic -- Social conditions,1
650,lcsh,,Women -- Latin America -- Economic conditions -- Pictorial works,1
650,lcsh,,Women -- Latin America -- Social conditions -- Pictorial works,1
650,lcsh,,Women artists -- United States -- 21st century -- Pictorial works,1
650,lcsh,,Women in the professions -- France -- Portraits,1
650,lcsh,,Women photographers -- 21st century,1
650,lcsh,,Women photographers -- India,1
650,lcsh,,"Women, Black -- Brazil -- Social conditions -- Poetry",1
650,lcsh,,Wood-engraving -- 21st century,1
650,lcsh,,Working class libraries -- South Africa,1
650,lcsh,,"World War, 1939-1945 -- Japan -- Hiroshima-shi -- Art and the war",1
650,lcsh,,"World War, 1939-1945 -- Monuments -- Belgium -- Neuville-en-Condroz -- Pictorial works",1
650,lcsh,,"World War, 1939-1945 -- Veterans -- United States",1
650,lcsh,,Yaqui Indians -- Folklore,1
650,lcsh,,Young women -- Crimes against -- Italy -- Naples -- Pictorial works,1
650,lcsh,,Young women -- Italy -- Naples -- Social conditions -- Pictorial works,1
650,lcsh,,Young women -- United States -- Fiction,1
650,lcsh,,"Zapotec language -- Glossaries, vocabularies, etc",1
650,lcsh,,Zoos -- Poetry,1
650,lcsh,http://id.loc.gov/authorities/subjects/sh00000143,Site-specific art,1
650,lcsh,http://id.loc.gov/authorities/subjects/sh00001054,Type and type-founding -- Specimens,2
650,lcsh,http://id.loc.gov/authorities/subjects/sh00001055,Computer fonts -- Specimens,1
650,lcsh,http://id.loc.gov/authorities/subjects/sh00003491,Ecosystem health,1
650,lcsh,http://id.loc.gov/authorities/subjects/sh00004907,Subways in art,1
650,lcsh,http://id.loc.gov/authorities/subjects/sh00006549,Gay men -- Relations with heterosexuals,2
650,lcsh,http://id.loc.gov/authorities/subjects/sh00007370,Schizophrenia in art,1
650,lcsh,http://id.loc.gov/authorities/subjects/sh00008481,"Decoration and ornament -- Themes, motives",1
650,lcsh,http://id.loc.gov/authorities/subjects/sh00009270,Lesbians -- Relations with heterosexuals,2
650,lcsh,http://id.loc.gov/authorities/subjects/sh2001000147,"September 11 Terrorist Attacks, 2001",1
650,lcsh,http://id.loc.gov/authorities/subjects/sh2001001631,Site-specific installations (Art),2
650,lcsh,http://id.loc.gov/authorities/subjects/sh2001002975,Pseudoscience,2
650,lcsh,http://id.loc.gov/authorities/subjects/sh2001006038,Breast cancer in art,1
650,lcsh,http://id.loc.gov/authorities/subjects/sh2001006039,Cancer in art,1
650,lcsh,http://id.loc.gov/authorities/subjects/sh2001006436,Staged photography,1
650,lcsh,http://id.loc.gov/authorities/subjects/sh2001008478,Photocopying in art,3
650,lcsh,http://id.loc.gov/authorities/subjects/sh2001008552,Plantations in art,2
650,lcsh,http://id.loc.gov/authorities/subjects/sh2001010404,"Art, Papua New Guinean",1
650,lcsh,http://id.loc.gov/authorities/subjects/sh2002000168,Body image in art,1
650,lcsh,http://id.loc.gov/authorities/subjects/sh2002000548,"Art, Modern -- 21st century",3
650,lcsh,http://id.loc.gov/authorities/subjects/sh2002000616,Photobooths,1
650,lcsh,http://id.loc.gov/authorities/subjects/sh2002000825,Fathers and sons in art,1
650,lcsh,http://id.loc.gov/authorities/subjects/sh2002000955,Archaeology in art,1
650,lcsh,http://id.loc.gov/authorities/subjects/sh2002004688,AIDS (Disease) and art,1
650,lcsh,http://id.loc.gov/authorities/subjects/sh2002004918,"Sculpture, Modern -- 21st century",2
650,lcsh,http://id.loc.gov/authorities/subjects/sh2002007137,"September 11 Terrorist Attacks, 2001 -- Anniversaries, etc",1
650,lcsh,http://id.loc.gov/authorities/subjects/sh2002008709,Skin in art,1
650,lcsh,http://id.loc.gov/authorities/subjects/sh2002010501,Cabinets of curiosities,1
650,lcsh,http://id.loc.gov/authorities/subjects/sh2003000224,Nuns in art,1
650,lcsh,http://id.loc.gov/authorities/subjects/sh2003001102,Television and art,1
650,lcsh,http://id.loc.gov/authorities/subjects/sh2003001210,Altered books,4
650,lcsh,http://id.loc.gov/authorities/subjects/sh2003001971,Racism in museum exhibits,1
650,lcsh,http://id.loc.gov/authorities/subjects/sh2003003059,"Iraq War, 2003-2011",1
650,lcsh,http://id.loc.gov/authorities/subjects/sh2003003610,Autobiographical memory in art,4
650,lcsh,http://id.loc.gov/authorities/subjects/sh2003006307,Marginalia in art,1
650,lcsh,http://id.loc.gov/authorities/subjects/sh2003006467,DNA data banks,1
650,lcsh,http://id.loc.gov/authorities/subjects/sh2003006553,"September 11 Terrorist Attacks, 2001, in art",3
650,lcsh,http://id.loc.gov/authorities/subjects/sh2003008599,Art and the Internet,4
650,lcsh,http://id.loc.gov/authorities/subjects/sh2003010713,Voyeurism in art,1
650,lcsh,http://id.loc.gov/authorities/subjects/sh2003010827,Fear in art,2
650,lcsh,http://id.loc.gov/authorities/subjects/sh2003011397,Poetry and the Internet,1
650,lcsh,http://id.loc.gov/authorities/subjects/sh2004000615,Kites in art,1
650,lcsh,http://id.loc.gov/authorities/subjects/sh2004003786,"Art, Cuban -- 20th century",1
650,lcsh,http://id.loc.gov/authorities/subjects/sh2004006086,Architecture -- History,1
650,lcsh,http://id.loc.gov/authorities/subjects/sh2004007415,"Wood-engraving, Tibetan",1
650,lcsh,http://id.loc.gov/authorities/subjects/sh2004014504,Self-reliant living,1
650,lcsh,http://id.loc.gov/authorities/subjects/sh2004014628,Identity (Philosophical concept) in art,1
650,lcsh,http://id.loc.gov/authorities/subjects/sh2005001287,Intimacy (Psychology) in art,1
650,lcsh,http://id.loc.gov/authorities/subjects/sh2005001314,Drawing -- 21st century,3
650,lcsh,http://id.loc.gov/authorities/subjects/sh2005001363,"Art, German -- 21st century",1
650,lcsh,http://id.loc.gov/authorities/subjects/sh2005002478,Nicotine addiction,1
650,lcsh,http://id.loc.gov/authorities/subjects/sh2005002957,Motorcycles in art,1
650,lcsh,http://id.loc.gov/authorities/subjects/sh2005005346,Reading in art,2
650,lcsh,http://id.loc.gov/authorities/subjects/sh2005007475,Service stations in art,1
650,lcsh,http://id.loc.gov/authorities/subjects/sh2005008058,Sand dunes in art,1
650,lcsh,http://id.loc.gov/authorities/subjects/sh2005020580,Pulp painting,2
650,lcsh,http://id.loc.gov/authorities/subjects/sh2006004255,Sexual freedom,1
650,lcsh,http://id.loc.gov/authorities/subjects/sh2006005409,Grids (Crisscross patterns) in art,1
650,lcsh,http://id.loc.gov/authorities/subjects/sh2006005978,Cultural geography,2
650,lcsh,http://id.loc.gov/authorities/subjects/sh2006007023,Social media,1
650,lcsh,http://id.loc.gov/authorities/subjects/sh2006007605,Language and languages in art,1
650,lcsh,http://id.loc.gov/authorities/subjects/sh2006007630,Art and computers,1
650,lcsh,http://id.loc.gov/authorities/subjects/sh2006007938,Race in art,2
650,lcsh,http://id.loc.gov/authorities/subjects/sh2006009091,Photobooks,1
650,lcsh,http://id.loc.gov/authorities/subjects/sh2007000403,Libraries in art,2
650,lcsh,http://id.loc.gov/authorities/subjects/sh2007002506,Mental illness in art,1
650,lcsh,http://id.loc.gov/authorities/subjects/sh2007003708,Transgender people,1
650,lcsh,http://id.loc.gov/authorities/subjects/sh2007004137,Tanks (Military science) in art,1
650,lcsh,http://id.loc.gov/authorities/subjects/sh2007005510,Worms in art,1
650,lcsh,http://id.loc.gov/authorities/subjects/sh2007007371,iPhone (Smartphone),1
650,lcsh,http://id.loc.gov/authorities/subjects/sh2007010651,Extraordinary rendition,1
650,lcsh,http://id.loc.gov/authorities/subjects/sh2007010851,Intermediality,1
650,lcsh,http://id.loc.gov/authorities/subjects/sh2007010921,Postcards in art,1
650,lcsh,http://id.loc.gov/authorities/subjects/sh2007010924,"Hurricane Katrina, 2005, in art",1
650,lcsh,http://id.loc.gov/authorities/subjects/sh2007100197,African Americans -- Biography,2
650,lcsh,http://id.loc.gov/authorities/subjects/sh2007100202,African Americans -- Poetry,1
650,lcsh,http://id.loc.gov/authorities/subjects/sh2007100575,Artists -- United States -- Biography,3
650,lcsh,http://id.loc.gov/authorities/subjects/sh2007100768,American poetry -- 21st century,4
650,lcsh,http://id.loc.gov/authorities/subjects/sh2007100928,AIDS (Disease) -- Patients -- United States -- Biography,1
650,lcsh,http://id.loc.gov/authorities/subjects/sh2007101031,American prose literature -- 20th century,1
650,lcsh,http://id.loc.gov/authorities/subjects/sh2007101130,Animal welfare -- Fiction,1
650,lcsh,http://id.loc.gov/authorities/subjects/sh2007101285,Architecture -- Philosophy,1
650,lcsh,http://id.loc.gov/authorities/subjects/sh2007101337,Argentine literature -- 20th century,1
650,lcsh,http://id.loc.gov/authorities/subjects/sh2007101354,Art -- Periodicals,1
650,lcsh,http://id.loc.gov/authorities/subjects/sh2007101370,"Art, Modern -- 21st century -- Exhibitions",1
650,lcsh,http://id.loc.gov/authorities/subjects/sh2007101418,Art -- Economic aspects,2
650,lcsh,http://id.loc.gov/authorities/subjects/sh2007101460,Artists' books -- Exhibitions,2
650,lcsh,http://id.loc.gov/authorities/subjects/sh2007101461,"Art, Modern -- 20th century -- Periodicals",2
650,lcsh,http://id.loc.gov/authorities/subjects/sh2007101486,Artists' books -- United States,6
650,lcsh,http://id.loc.gov/authorities/subjects/sh2007101755,Automobiles -- Pictorial works,1
650,lcsh,http://id.loc.gov/authorities/subjects/sh2007102150,Breast -- Cancer -- Patients -- United States -- Biography,1
650,lcsh,http://id.loc.gov/authorities/subjects/sh2008003690,Artists as art critics,1
650,lcsh,http://id.loc.gov/authorities/subjects/sh2008005503,Archives in art,1
650,lcsh,http://id.loc.gov/authorities/subjects/sh2008005873,Superheroes in art,1
650,lcsh,http://id.loc.gov/authorities/subjects/sh2008006270,Motherhood in art,3
650,lcsh,http://id.loc.gov/authorities/subjects/sh2008006638,Web browsing,1
650,lcsh,http://id.loc.gov/authorities/subjects/sh2008006774,Vernacular photography,6
650,lcsh,http://id.loc.gov/authorities/subjects/sh2008100104,Capitalism -- Social aspects,1
650,lcsh,http://id.loc.gov/authorities/subjects/sh2008101159,Coffee industry -- Colombia,1
650,lcsh,http://id.loc.gov/authorities/subjects/sh2008101311,Communication -- Philosophy,1
650,lcsh,http://id.loc.gov/authorities/subjects/sh2008101518,Conceptual art -- Exhibitions,3
650,lcsh,http://id.loc.gov/authorities/subjects/sh2008102051,Dogs -- Fiction,1
650,lcsh,http://id.loc.gov/authorities/subjects/sh2008102074,Death -- Poetry,2
650,lcsh,http://id.loc.gov/authorities/subjects/sh2008102512,Electronic surveillance -- United States,1
650,lcsh,http://id.loc.gov/authorities/subjects/sh2008103984,Food habits -- History,1
650,lcsh,http://id.loc.gov/authorities/subjects/sh2008104221,Futurism (Art) -- Italy,1
650,lcsh,http://id.loc.gov/authorities/subjects/sh2008104395,Indians of Mexico -- Mexico -- Chiapas -- Government relations,1
650,lcsh,http://id.loc.gov/authorities/subjects/sh2008104689,Insects -- Pictorial works,1
650,lcsh,http://id.loc.gov/authorities/subjects/sh2008104691,Installations (Art) -- Exhibitions,1
650,lcsh,http://id.loc.gov/authorities/subjects/sh2008104693,Installations (Art) -- Germany -- Exhibitions,1
650,lcsh,http://id.loc.gov/authorities/subjects/sh2008104694,Installations (Art) -- United States -- Exhibitions,1
650,lcsh,http://id.loc.gov/authorities/subjects/sh2008105051,Gardens -- Pictorial works,1
650,lcsh,http://id.loc.gov/authorities/subjects/sh2008105071,Gay men -- United States -- Biography,1
650,lcsh,http://id.loc.gov/authorities/subjects/sh2008105720,Holocaust survivors -- Biography,1
650,lcsh,http://id.loc.gov/authorities/subjects/sh2008105781,Human-animal relationships -- Fiction,1
650,lcsh,http://id.loc.gov/authorities/subjects/sh2008106626,Landscapes in art -- Exhibitions,1
650,lcsh,http://id.loc.gov/authorities/subjects/sh2008107217,Mexican Americans -- Fiction,1
650,lcsh,http://id.loc.gov/authorities/subjects/sh2008107231,Mothers and sons -- Fiction,1
650,lcsh,http://id.loc.gov/authorities/subjects/sh2008107463,Mothers -- Psychology,1
650,lcsh,http://id.loc.gov/authorities/subjects/sh2008107964,Motherhood -- Psychological aspects,2
650,lcsh,http://id.loc.gov/authorities/subjects/sh2008107990,Motion picture actors and actresses -- Portraits,1
650,lcsh,http://id.loc.gov/authorities/subjects/sh2008108176,Nahuatl language -- Texts,1
650,lcsh,http://id.loc.gov/authorities/subjects/sh2008108356,Navajo Indians -- Fiction,1
650,lcsh,http://id.loc.gov/authorities/subjects/sh2008108726,Orphans -- Juvenile fiction,1
650,lcsh,http://id.loc.gov/authorities/subjects/sh2008108790,"Photography, Artistic -- Exhibitions",7
650,lcsh,http://id.loc.gov/authorities/subjects/sh2008109245,Philosophy -- Miscellanea,1
650,lcsh,http://id.loc.gov/authorities/subjects/sh2008109260,Photography -- History,1
650,lcsh,http://id.loc.gov/authorities/subjects/sh2008109271,Portrait photography -- Exhibitions,2
650,lcsh,http://id.loc.gov/authorities/subjects/sh2008109273,Photomontage -- Exhibitions,1
650,lcsh,http://id.loc.gov/authorities/subjects/sh2008109279,Photography -- Philosophy,2
650,lcsh,http://id.loc.gov/authorities/subjects/sh2008109395,Political leadership -- United States,1
650,lcsh,http://id.loc.gov/authorities/subjects/sh2008109545,Political atrocities -- Cambodia,2
650,lcsh,http://id.loc.gov/authorities/subjects/sh2008110339,Racism -- United States,3
650,lcsh,http://id.loc.gov/authorities/subjects/sh2008111382,Sick children -- Fiction,1
650,lcsh,http://id.loc.gov/authorities/subjects/sh2008111392,"Sculpture, Modern -- 20th century -- Exhibitions",1
650,lcsh,http://id.loc.gov/authorities/subjects/sh2008111589,Sex -- Humor,1
650,lcsh,http://id.loc.gov/authorities/subjects/sh2008111710,Slave trade -- Africa,1
650,lcsh,http://id.loc.gov/authorities/subjects/sh2008111765,"Spanish language -- Glossaries, vocabularies, etc",1
650,lcsh,http://id.loc.gov/authorities/subjects/sh2008112225,Stars -- Folklore,1
650,lcsh,http://id.loc.gov/authorities/subjects/sh2008112612,Teenage girls -- Fiction,2
650,lcsh,http://id.loc.gov/authorities/subjects/sh2008112783,Toy and movable books -- Specimens,8
650,lcsh,http://id.loc.gov/authorities/subjects/sh2008112898,Time -- Philosophy,2
650,lcsh,http://id.loc.gov/authorities/subjects/sh2008113158,Utopias -- Fiction,1
650,lcsh,http://id.loc.gov/authorities/subjects/sh2008113315,Voyages and travels -- Juvenile literature,1
650,lcsh,http://id.loc.gov/authorities/subjects/sh2008113565,Women -- United States -- Social conditions,1
650,lcsh,http://id.loc.gov/authorities/subjects/sh2008113677,Work and family -- United States,1
650,lcsh,http://id.loc.gov/authorities/subjects/sh2008113876,"World War, 1939-1945 -- Registers of dead -- United States",1
650,lcsh,http://id.loc.gov/authorities/subjects/sh2008113910,"World War, 1939-1945 -- Asia",1
650,lcsh,http://id.loc.gov/authorities/subjects/sh2008117352,Upside-down books -- Specimens,1
650,lcsh,http://id.loc.gov/authorities/subjects/sh2008118168,Gifts -- United States,1
650,lcsh,http://id.loc.gov/authorities/subjects/sh2008118201,Globalization -- Economic aspects,1
650,lcsh,http://id.loc.gov/authorities/subjects/sh2008118471,Guerrillas -- Bolivia,1
650,lcsh,http://id.loc.gov/authorities/subjects/sh2008120890,Folklore -- Cuba,1
650,lcsh,http://id.loc.gov/authorities/subjects/sh2008122830,Quechua Indians -- Religion,1
650,lcsh,http://id.loc.gov/authorities/subjects/sh2008123037,Imagination -- Juvenile fiction,1
650,lcsh,http://id.loc.gov/authorities/subjects/sh2009001537,Demonstrations -- Mexico,1
650,lcsh,http://id.loc.gov/authorities/subjects/sh2009005103,Malware (Computer software),1
650,lcsh,http://id.loc.gov/authorities/subjects/sh2009005892,Quilts in art,1
650,lcsh,http://id.loc.gov/authorities/subjects/sh2009007104,Separation (Psychology) in art,1
650,lcsh,http://id.loc.gov/authorities/subjects/sh2009008683,Rape -- Psychological aspects,2
650,lcsh,http://id.loc.gov/authorities/subjects/sh2009008905,Subconsciousness in art,1
650,lcsh,http://id.loc.gov/authorities/subjects/sh2009103094,Human body -- Poetry,1
650,lcsh,http://id.loc.gov/authorities/subjects/sh2009103111,Human body -- Terminology,1
650,lcsh,http://id.loc.gov/authorities/subjects/sh2009113356,Abortion -- Psychological aspects,1
650,lcsh,http://id.loc.gov/authorities/subjects/sh2009114048,African Americans -- Pictorial works,2
650,lcsh,http://id.loc.gov/authorities/subjects/sh2009114058,African Americans -- Portraits,1
650,lcsh,http://id.loc.gov/authorities/subjects/sh2009114743,Alzheimer's disease -- Patients -- Biography,1
650,lcsh,http://id.loc.gov/authorities/subjects/sh2009115669,Artists' books -- France,1
650,lcsh,http://id.loc.gov/authorities/subjects/sh2009115767,Art criticism -- History -- 20th century,2
650,lcsh,http://id.loc.gov/authorities/subjects/sh2009115813,"Art, Modern -- 21st century -- Catalogs",1
650,lcsh,http://id.loc.gov/authorities/subjects/sh2009115876,"Art, Modern -- 21st century -- Periodicals",1
650,lcsh,http://id.loc.gov/authorities/subjects/sh2009115895,Art -- Philosophy -- History -- 20th century,2
650,lcsh,http://id.loc.gov/authorities/subjects/sh2009115980,Artists' books -- United States -- Exhibitions,1
650,lcsh,http://id.loc.gov/authorities/subjects/sh2009116332,Authors -- Quotations,1
650,lcsh,http://id.loc.gov/authorities/subjects/sh2009116377,Authorship -- Philosophy,1
650,lcsh,http://id.loc.gov/authorities/subjects/sh2009117403,Books -- Marketing,1
650,lcsh,http://id.loc.gov/authorities/subjects/sh2009118136,Cactus -- Pictorial works,1
650,lcsh,http://id.loc.gov/authorities/subjects/sh2009118588,Celebrities -- Quotations,1
650,lcsh,http://id.loc.gov/authorities/subjects/sh2009118752,Censorship -- Fiction,1
650,lcsh,http://id.loc.gov/authorities/subjects/sh2009118946,Child development -- Case studies,1
650,lcsh,http://id.loc.gov/authorities/subjects/sh2009120581,Collage -- Exhibitions,1
650,lcsh,http://id.loc.gov/authorities/subjects/sh2009121277,Conceptual art -- United States,2
650,lcsh,http://id.loc.gov/authorities/subjects/sh2009122160,Courage -- Juvenile fiction,1
650,lcsh,http://id.loc.gov/authorities/subjects/sh2009123237,Design -- Philosophy,1
650,lcsh,http://id.loc.gov/authorities/subjects/sh2009123809,Dreams -- Juvenile fiction,1
650,lcsh,http://id.loc.gov/authorities/subjects/sh2009124197,Feminism and art -- United States,1
650,lcsh,http://id.loc.gov/authorities/subjects/sh2009125675,Gardening -- Pictorial works,1
650,lcsh,http://id.loc.gov/authorities/subjects/sh2009126208,Hate groups -- United States,2
650,lcsh,http://id.loc.gov/authorities/subjects/sh2009127280,Installations (Art) -- Catalogs,2
650,lcsh,http://id.loc.gov/authorities/subjects/sh2009128067,Kings and rulers -- Juvenile fiction,1
650,lcsh,http://id.loc.gov/authorities/subjects/sh2009129807,Lift-the-flap books -- Specimens,4
650,lcsh,http://id.loc.gov/authorities/subjects/sh2010008610,Art and graphology,1
650,lcsh,http://id.loc.gov/authorities/subjects/sh2010009838,"Found poetry, American",1
650,lcsh,http://id.loc.gov/authorities/subjects/sh2010012137,Vivisection in literature,1
650,lcsh,http://id.loc.gov/authorities/subjects/sh2010012620,Karuk art,1
650,lcsh,http://id.loc.gov/authorities/subjects/sh2010012629,Loss (Psychology) in art,1
650,lcsh,http://id.loc.gov/authorities/subjects/sh2010100131,"Logic -- Problems, exercises, etc",1
650,lcsh,http://id.loc.gov/authorities/subjects/sh2010100368,Man-woman relationships -- Case studies,1
650,lcsh,http://id.loc.gov/authorities/subjects/sh2010100374,Man-woman relationships -- Psychological aspects,1
650,lcsh,http://id.loc.gov/authorities/subjects/sh2010101438,Memory -- Social aspects -- United States,1
650,lcsh,http://id.loc.gov/authorities/subjects/sh2010101440,Men -- Portraits,1
650,lcsh,http://id.loc.gov/authorities/subjects/sh2010101632,Mexican poetry -- 21st century,4
650,lcsh,http://id.loc.gov/authorities/subjects/sh2010101731,Migraine -- Popular works,1
650,lcsh,http://id.loc.gov/authorities/subjects/sh2010102430,Mothers -- Biography,1
650,lcsh,http://id.loc.gov/authorities/subjects/sh2010102610,Mountains in art -- Exhibitions,1
650,lcsh,http://id.loc.gov/authorities/subjects/sh2010102633,Multimedia (Art) -- Exhibitions,2
650,lcsh,http://id.loc.gov/authorities/subjects/sh2010103980,Nuclear power plants -- Health aspects,1
650,lcsh,http://id.loc.gov/authorities/subjects/sh2010105807,"Persian Gulf War, 1991 -- Personal narratives",1
650,lcsh,http://id.loc.gov/authorities/subjects/sh2010106285,Photography -- Mexico,1
650,lcsh,http://id.loc.gov/authorities/subjects/sh2010107498,Pop-up books -- Specimens,4
650,lcsh,http://id.loc.gov/authorities/subjects/sh2010107810,Post-traumatic stress disorder -- United States,1
650,lcsh,http://id.loc.gov/authorities/subjects/sh2010107859,Postcards -- Collectors and collecting,1
650,lcsh,http://id.loc.gov/authorities/subjects/sh2010108029,Pregnancy -- Pictorial works,1
650,lcsh,http://id.loc.gov/authorities/subjects/sh2010108675,Prostitution -- Europe,1
650,lcsh,http://id.loc.gov/authorities/subjects/sh2010112819,Sex discrimination against women -- India,1
650,lcsh,http://id.loc.gov/authorities/subjects/sh2010112867,Sexual harassment -- United States,1
650,lcsh,http://id.loc.gov/authorities/subjects/sh2010113271,Slavery -- United States -- Poetry,1
650,lcsh,http://id.loc.gov/authorities/subjects/sh2010113613,Social movements -- Mexico -- History -- 20th century,1
650,lcsh,http://id.loc.gov/authorities/subjects/sh2010114197,"Songs, Spanish -- Cuba",1
650,lcsh,http://id.loc.gov/authorities/subjects/sh2010115155,"Survival -- Handbooks, manuals, etc",1
650,lcsh,http://id.loc.gov/authorities/subjects/sh2010117770,"Vietnam War, 1961-1975 -- Veterans -- United States",2
650,lcsh,http://id.loc.gov/authorities/subjects/sh2010117810,Video art -- United States -- Exhibitions,1
650,lcsh,http://id.loc.gov/authorities/subjects/sh2010118172,War and society -- United States,1
650,lcsh,http://id.loc.gov/authorities/subjects/sh2010118213,Women photographers -- United States -- Biography,1
650,lcsh,http://id.loc.gov/authorities/subjects/sh2010118899,Women -- Employment -- Australia,1
650,lcsh,http://id.loc.gov/authorities/subjects/sh2010119307,Writing in art -- Exhibitions,1
650,lcsh,http://id.loc.gov/authorities/subjects/sh2011000325,Invisibility,1
650,lcsh,http://id.loc.gov/authorities/subjects/sh2011003638,Thought and thinking in art,1
650,lcsh,http://id.loc.gov/authorities/subjects/sh2011006069,Typewriters in art,1
650,lcsh,http://id.loc.gov/authorities/subjects/sh2012000115,Law and secrecy,1
650,lcsh,http://id.loc.gov/authorities/subjects/sh2012000178,Social media in art,1
650,lcsh,http://id.loc.gov/authorities/subjects/sh2012000484,"Recycling (Waste, etc.) in art",1
650,lcsh,http://id.loc.gov/authorities/subjects/sh2012001613,Mannequins (Figures) in art,1
650,lcsh,http://id.loc.gov/authorities/subjects/sh2012002128,International law and human rights,1
650,lcsh,http://id.loc.gov/authorities/subjects/sh2012004587,Diaries in art,1
650,lcsh,http://id.loc.gov/authorities/subjects/sh2013001204,Coffee stains,1
650,lcsh,http://id.loc.gov/authorities/subjects/sh2013002597,Hacking,1
650,lcsh,http://id.loc.gov/authorities/subjects/sh2014000656,Periodic table of the elements,1
650,lcsh,http://id.loc.gov/authorities/subjects/sh2014001772,Avarice in art,1
650,lcsh,http://id.loc.gov/authorities/subjects/sh2014001823,Discrimination in language,1
650,lcsh,http://id.loc.gov/authorities/subjects/sh2014002440,Cartonera books,8
650,lcsh,http://id.loc.gov/authorities/subjects/sh2015002377,Autobiography in art,1
650,lcsh,http://id.loc.gov/authorities/subjects/sh2017003576,Wallpaper in art,1
650,lcsh,http://id.loc.gov/authorities/subjects/sh2018001545,Image steganography,1
650,lcsh,http://id.loc.gov/authorities/subjects/sh2019000286,Climatic changes in art,1
650,lcsh,http://id.loc.gov/authorities/subjects/sh2020006620,Affect (Psychology) in art,1
650,lcsh,http://id.loc.gov/authorities/subjects/sh2020008759,"COVID-19 Pandemic, 2020-2023",1
650,lcsh,http://id.loc.gov/authorities/subjects/sh2021016059,Zapotec language -- Study and teaching (Elementary) -- Spanish speakers,1
650,lcsh,http://id.loc.gov/authorities/subjects/sh2022007441,Women -- Violence against,2
650,lcsh,http://id.loc.gov/authorities/subjects/sh2023000296,Women architects -- United States,1
650,lcsh,http://id.loc.gov/authorities/subjects/sh2023000629,Artists' books -- Specimens,24
650,lcsh,http://id.loc.gov/authorities/subjects/sh85000258,Abstraction,1
650,lcsh,http://id.loc.gov/authorities/subjects/sh85000747,Actors -- Portraits,1
650,lcsh,http://id.loc.gov/authorities/subjects/sh85001323,Aircraft accidents,1
650,lcsh,http://id.loc.gov/authorities/subjects/sh85001465,"Aesthetics, Japanese",1
650,lcsh,http://id.loc.gov/authorities/subjects/sh85001474,"Aesthetics, Modern -- 20th century",1
650,lcsh,http://id.loc.gov/authorities/subjects/sh85001790,African American art,3
650,lcsh,http://id.loc.gov/authorities/subjects/sh85002006,African Americans in art,1
650,lcsh,http://id.loc.gov/authorities/subjects/sh85002193,Aggressiveness,1
650,lcsh,http://id.loc.gov/authorities/subjects/sh85002201,Aging,2
650,lcsh,http://id.loc.gov/authorities/subjects/sh85002719,Air warfare,1
650,lcsh,http://id.loc.gov/authorities/subjects/sh85003819,Alphabet,1
650,lcsh,http://id.loc.gov/authorities/subjects/sh85003826,Alphabets,1
650,lcsh,http://id.loc.gov/authorities/subjects/sh85004080,Alzheimer's disease,1
650,lcsh,http://id.loc.gov/authorities/subjects/sh85004336,American literature,1
650,lcsh,http://id.loc.gov/authorities/subjects/sh85004387,American poetry -- 20th century,1
650,lcsh,http://id.loc.gov/authorities/subjects/sh85004412,"American Revolution Bicentennial, 1976",1
650,lcsh,http://id.loc.gov/authorities/subjects/sh85004812,Anarchism,1
650,lcsh,http://id.loc.gov/authorities/subjects/sh85004836,"Anatomy, Artistic",1
650,lcsh,http://id.loc.gov/authorities/subjects/sh85004839,Human anatomy,1
650,lcsh,http://id.loc.gov/authorities/subjects/sh85005008,Angels in art,2
650,lcsh,http://id.loc.gov/authorities/subjects/sh85005274,Animal welfare,1
650,lcsh,http://id.loc.gov/authorities/subjects/sh85005283,Animals in art,1
650,lcsh,http://id.loc.gov/authorities/subjects/sh85005721,Antinuclear movement,1
650,lcsh,http://id.loc.gov/authorities/subjects/sh85005791,Antlers,1
650,lcsh,http://id.loc.gov/authorities/subjects/sh85006587,Architectural drawing,1
650,lcsh,http://id.loc.gov/authorities/subjects/sh85006611,Architecture,1
650,lcsh,http://id.loc.gov/authorities/subjects/sh85006636,Architecture -- Pictorial works,1
650,lcsh,http://id.loc.gov/authorities/subjects/sh85006684,Architecture -- Middle East,1
650,lcsh,http://id.loc.gov/authorities/subjects/sh85006685,Architecture -- Netherlands,1
650,lcsh,http://id.loc.gov/authorities/subjects/sh85006894,Architecture and society,2
650,lcsh,http://id.loc.gov/authorities/subjects/sh85006905,Architecture in art,4
650,lcsh,http://id.loc.gov/authorities/subjects/sh85007089,Argentine poetry,5
650,lcsh,http://id.loc.gov/authorities/subjects/sh85007461,Art,1
650,lcsh,http://id.loc.gov/authorities/subjects/sh85007494,Art -- Philosophy,7
650,lcsh,http://id.loc.gov/authorities/subjects/sh85007495,Art -- Political aspects,3
650,lcsh,http://id.loc.gov/authorities/subjects/sh85007537,"Art, American",1
650,lcsh,http://id.loc.gov/authorities/subjects/sh85007557,"Art, Aboriginal Australian",1
650,lcsh,http://id.loc.gov/authorities/subjects/sh85007718,"Art, Italian",1
650,lcsh,http://id.loc.gov/authorities/subjects/sh85007805,"Art, Modern -- 20th century",2
650,lcsh,http://id.loc.gov/authorities/subjects/sh85007955,Zen art,1
650,lcsh,http://id.loc.gov/authorities/subjects/sh85007961,Art and industry,1
650,lcsh,http://id.loc.gov/authorities/subjects/sh85007968,Art and mythology,1
650,lcsh,http://id.loc.gov/authorities/subjects/sh85007971,Art and race,1
650,lcsh,http://id.loc.gov/authorities/subjects/sh85007977,Art and technology,3
650,lcsh,http://id.loc.gov/authorities/subjects/sh85007979,Art and war,1
650,lcsh,http://id.loc.gov/authorities/subjects/sh85007984,Art brut,1
650,lcsh,http://id.loc.gov/authorities/subjects/sh85007989,Art criticism,1
650,lcsh,http://id.loc.gov/authorities/subjects/sh85008086,Art thefts,1
650,lcsh,http://id.loc.gov/authorities/subjects/sh85008282,Artists -- Social conditions,1
650,lcsh,http://id.loc.gov/authorities/subjects/sh85008302,Artists' books,7
650,lcsh,http://id.loc.gov/authorities/subjects/sh85008324,Arts,1
650,lcsh,http://id.loc.gov/authorities/subjects/sh85008409,"Arts, Latin American",1
650,lcsh,http://id.loc.gov/authorities/subjects/sh85008419,"Arts, Modern -- 20th century",2
650,lcsh,http://id.loc.gov/authorities/subjects/sh85008423,"Arts, American -- 20th century",1
650,lcsh,http://id.loc.gov/authorities/subjects/sh85008764,Assemblage (Art),2
650,lcsh,http://id.loc.gov/authorities/subjects/sh85010030,Authorship,2
650,lcsh,http://id.loc.gov/authorities/subjects/sh85010050,Autobiography,1
650,lcsh,http://id.loc.gov/authorities/subjects/sh85010684,Aztecs -- Religion,1
650,lcsh,http://id.loc.gov/authorities/subjects/sh85010752,Baby boom generation,1
650,lcsh,http://id.loc.gov/authorities/subjects/sh85012886,Beginning,1
650,lcsh,http://id.loc.gov/authorities/subjects/sh85014342,Birds in art,2
650,lcsh,http://id.loc.gov/authorities/subjects/sh85014706,Black people in art,1
650,lcsh,http://id.loc.gov/authorities/subjects/sh85015222,Human body,1
650,lcsh,http://id.loc.gov/authorities/subjects/sh85015477,Bombs,1
650,lcsh,http://id.loc.gov/authorities/subjects/sh85015610,Book collecting,1
650,lcsh,http://id.loc.gov/authorities/subjects/sh85015614,Book design,2
650,lcsh,http://id.loc.gov/authorities/subjects/sh85015630,Book jackets,1
650,lcsh,http://id.loc.gov/authorities/subjects/sh85015736,Bookmarks,1
650,lcsh,http://id.loc.gov/authorities/subjects/sh85015744,Books -- History,1
650,lcsh,http://id.loc.gov/authorities/subjects/sh85015758,Books and reading,1
650,lcsh,http://id.loc.gov/authorities/subjects/sh85015760,Books in art,7
650,lcsh,http://id.loc.gov/authorities/subjects/sh85019096,"Cambodian-Vietnamese Conflict, 1977-1991",1
650,lcsh,http://id.loc.gov/authorities/subjects/sh85019128,Camera obscuras,1
650,lcsh,http://id.loc.gov/authorities/subjects/sh85019231,Camping,1
650,lcsh,http://id.loc.gov/authorities/subjects/sh85019520,Cancer -- Patients -- Biography,1
650,lcsh,http://id.loc.gov/authorities/subjects/sh85020515,Cartography,1
650,lcsh,http://id.loc.gov/authorities/subjects/sh85020586,Cash registers,1
650,lcsh,http://id.loc.gov/authorities/subjects/sh85022357,Chairs in art,1
650,lcsh,http://id.loc.gov/authorities/subjects/sh85022574,"Chapbooks, Spanish",1
650,lcsh,http://id.loc.gov/authorities/subjects/sh85022897,Chemical elements,1
650,lcsh,http://id.loc.gov/authorities/subjects/sh85023387,Child rearing,1
650,lcsh,http://id.loc.gov/authorities/subjects/sh85024618,Choice (Psychology),2
650,lcsh,http://id.loc.gov/authorities/subjects/sh85025412,"Chronology, Historical",1
650,lcsh,http://id.loc.gov/authorities/subjects/sh85026090,Circus performers,1
650,lcsh,http://id.loc.gov/authorities/subjects/sh85026371,Civil rights,1
650,lcsh,http://id.loc.gov/authorities/subjects/sh85026379,Human rights,1
650,lcsh,http://id.loc.gov/authorities/subjects/sh85027037,Climatic changes,1
650,lcsh,http://id.loc.gov/authorities/subjects/sh85027193,Clouds -- Pictorial works,1
650,lcsh,http://id.loc.gov/authorities/subjects/sh85027699,Coffee,1
650,lcsh,http://id.loc.gov/authorities/subjects/sh85027777,Coin banks,1
650,lcsh,http://id.loc.gov/authorities/subjects/sh85027965,Collage,2
650,lcsh,http://id.loc.gov/authorities/subjects/sh85027966,"Collage, American",1
650,lcsh,http://id.loc.gov/authorities/subjects/sh85028537,Colombian wit and humor,1
650,lcsh,http://id.loc.gov/authorities/subjects/sh85028538,"Colombian wit and humor, Pictorial",1
650,lcsh,http://id.loc.gov/authorities/subjects/sh85028579,Color -- Psychological aspects,1
650,lcsh,http://id.loc.gov/authorities/subjects/sh85028596,Color in art,6
650,lcsh,http://id.loc.gov/authorities/subjects/sh85028614,Color photography,1
650,lcsh,http://id.loc.gov/authorities/subjects/sh85028619,Color photography -- Printing processes,1
650,lcsh,http://id.loc.gov/authorities/subjects/sh85029088,Communication in politics,1
650,lcsh,http://id.loc.gov/authorities/subjects/sh85029135,Communism and art,1
650,lcsh,http://id.loc.gov/authorities/subjects/sh85029423,Comprehension (Theory of knowledge),1
650,lcsh,http://id.loc.gov/authorities/subjects/sh85029624,Conceptual art,3
650,lcsh,http://id.loc.gov/authorities/subjects/sh85031455,Constructivism (Art),2
650,lcsh,http://id.loc.gov/authorities/subjects/sh85032661,Corn -- Folklore,1
650,lcsh,http://id.loc.gov/authorities/subjects/sh85032960,"Corporations, American -- Corrupt practices",1
650,lcsh,http://id.loc.gov/authorities/subjects/sh85033146,Cosmic dust,1
650,lcsh,http://id.loc.gov/authorities/subjects/sh85033169,Cosmology,1
650,lcsh,http://id.loc.gov/authorities/subjects/sh85033274,Clothing and dress in art,4
650,lcsh,http://id.loc.gov/authorities/subjects/sh85033596,Courtship,1
650,lcsh,http://id.loc.gov/authorities/subjects/sh85033823,Creation,1
650,lcsh,http://id.loc.gov/authorities/subjects/sh85033827,"Creation (Literary, artistic, etc.)",7
650,lcsh,http://id.loc.gov/authorities/subjects/sh85034149,Criticism,1
650,lcsh,http://id.loc.gov/authorities/subjects/sh85034628,Cuban poetry,1
650,lcsh,http://id.loc.gov/authorities/subjects/sh85034646,Cube in art,1
650,lcsh,http://id.loc.gov/authorities/subjects/sh85035688,Dance in art,1
650,lcsh,http://id.loc.gov/authorities/subjects/sh85035884,Dating (Social customs),1
650,lcsh,http://id.loc.gov/authorities/subjects/sh85036024,Dead,1
650,lcsh,http://id.loc.gov/authorities/subjects/sh85036106,Death in art,7
650,lcsh,http://id.loc.gov/authorities/subjects/sh85036108,Death in literature,1
650,lcsh,http://id.loc.gov/authorities/subjects/sh85036647,Democracy,1
650,lcsh,http://id.loc.gov/authorities/subjects/sh85037197,Design,2
650,lcsh,http://id.loc.gov/authorities/subjects/sh85037293,Detention of persons,1
650,lcsh,http://id.loc.gov/authorities/subjects/sh85037601,Diaries,1
650,lcsh,http://id.loc.gov/authorities/subjects/sh85038376,Discrimination,1
650,lcsh,http://id.loc.gov/authorities/subjects/sh85038488,Dissenters,1
650,lcsh,http://id.loc.gov/authorities/subjects/sh85038822,Dogs in art,1
650,lcsh,http://id.loc.gov/authorities/subjects/sh85039408,Drawing,2
650,lcsh,http://id.loc.gov/authorities/subjects/sh85039415,Drawing -- 20th century,2
650,lcsh,http://id.loc.gov/authorities/subjects/sh85039486,Dreams in art,3
650,lcsh,http://id.loc.gov/authorities/subjects/sh85039671,Drowning victims,1
650,lcsh,http://id.loc.gov/authorities/subjects/sh85039719,Drugs,1
650,lcsh,http://id.loc.gov/authorities/subjects/sh85040508,Earthworks (Art),2
650,lcsh,http://id.loc.gov/authorities/subjects/sh85040522,East and West,1
650,lcsh,http://id.loc.gov/authorities/subjects/sh85040752,Ecology,1
650,lcsh,http://id.loc.gov/authorities/subjects/sh85042701,Embroidery,1
650,lcsh,http://id.loc.gov/authorities/subjects/sh85042782,Emigration and immigration,1
650,lcsh,http://id.loc.gov/authorities/subjects/sh85042818,Emotions,1
650,lcsh,http://id.loc.gov/authorities/subjects/sh85042824,Emotions in art,2
650,lcsh,http://id.loc.gov/authorities/subjects/sh85043583,English language -- Idioms,2
650,lcsh,http://id.loc.gov/authorities/subjects/sh85043619,English language -- Obscene words,1
650,lcsh,http://id.loc.gov/authorities/subjects/sh85043743,English language -- Terms and phrases,3
650,lcsh,http://id.loc.gov/authorities/subjects/sh85044164,Environment (Art),1
650,lcsh,http://id.loc.gov/authorities/subjects/sh85044668,Erotic art,3
650,lcsh,http://id.loc.gov/authorities/subjects/sh85044780,Escape (Psychology),1
650,lcsh,http://id.loc.gov/authorities/subjects/sh85045906,Euthanasia,1
650,lcsh,http://id.loc.gov/authorities/subjects/sh85046443,Experimental poetry,1
650,lcsh,http://id.loc.gov/authorities/subjects/sh85046797,Face in art,1
650,lcsh,http://id.loc.gov/authorities/subjects/sh85046927,Fairy tales -- Illustrations,1
650,lcsh,http://id.loc.gov/authorities/subjects/sh85047009,Families,1
650,lcsh,http://id.loc.gov/authorities/subjects/sh85047050,Families in art,1
650,lcsh,http://id.loc.gov/authorities/subjects/sh85047165,Fantasy in art,1
650,lcsh,http://id.loc.gov/authorities/subjects/sh85047741,Feminism,2
650,lcsh,http://id.loc.gov/authorities/subjects/sh85047746,Feminism and art,1
650,lcsh,http://id.loc.gov/authorities/subjects/sh85047750,Feminism and the arts,1
650,lcsh,http://id.loc.gov/authorities/subjects/sh85048500,Fire in art,1
650,lcsh,http://id.loc.gov/authorities/subjects/sh85048858,Fishing in art,1
650,lcsh,http://id.loc.gov/authorities/subjects/sh85048974,Flags in art,3
650,lcsh,http://id.loc.gov/authorities/subjects/sh85049108,Flight,1
650,lcsh,http://id.loc.gov/authorities/subjects/sh85049126,Flight training,1
650,lcsh,http://id.loc.gov/authorities/subjects/sh85050209,Food -- Pictorial works,1
650,lcsh,http://id.loc.gov/authorities/subjects/sh85050278,Food in art,2
650,lcsh,http://id.loc.gov/authorities/subjects/sh85050416,Football -- United States,1
650,lcsh,http://id.loc.gov/authorities/subjects/sh85051044,Found objects (Art),5
650,lcsh,http://id.loc.gov/authorities/subjects/sh85051147,Fractals,1
650,lcsh,http://id.loc.gov/authorities/subjects/sh85053150,Gardens in art,1
650,lcsh,http://id.loc.gov/authorities/subjects/sh85053742,Genealogy,1
650,lcsh,http://id.loc.gov/authorities/subjects/sh85053982,Geographical perception,1
650,lcsh,http://id.loc.gov/authorities/subjects/sh85053986,Geography,1
650,lcsh,http://id.loc.gov/authorities/subjects/sh85054129,Geometrical drawing,7
650,lcsh,http://id.loc.gov/authorities/subjects/sh85056409,Grandparent and child,1
650,lcsh,http://id.loc.gov/authorities/subjects/sh85056495,Graphology,1
650,lcsh,http://id.loc.gov/authorities/subjects/sh85057329,Grids (Cartography) in art,1
650,lcsh,http://id.loc.gov/authorities/subjects/sh85057330,Grief,1
650,lcsh,http://id.loc.gov/authorities/subjects/sh85057331,Grief in art,2
650,lcsh,http://id.loc.gov/authorities/subjects/sh85057333,Grief in literature,1
650,lcsh,http://id.loc.gov/authorities/subjects/sh85057441,Grotesque in art,2
650,lcsh,http://id.loc.gov/authorities/subjects/sh85057502,Group work in art,14
650,lcsh,http://id.loc.gov/authorities/subjects/sh85058059,Gymnastics,1
650,lcsh,http://id.loc.gov/authorities/subjects/sh85058292,"Haiku, American",2
650,lcsh,http://id.loc.gov/authorities/subjects/sh85058806,Happenings (Art),3
650,lcsh,http://id.loc.gov/authorities/subjects/sh85058807,Happiness,1
650,lcsh,http://id.loc.gov/authorities/subjects/sh85059272,Hate,1
650,lcsh,http://id.loc.gov/authorities/subjects/sh85059506,Healing,1
650,lcsh,http://id.loc.gov/authorities/subjects/sh85059747,Heart in art,1
650,lcsh,http://id.loc.gov/authorities/subjects/sh85060351,Herbs,1
650,lcsh,http://id.loc.gov/authorities/subjects/sh85060368,"Heredity, Human",1
650,lcsh,http://id.loc.gov/authorities/subjects/sh85060641,Hiding places,1
650,lcsh,http://id.loc.gov/authorities/subjects/sh85060649,Hieroglyphics,1
650,lcsh,http://id.loc.gov/authorities/subjects/sh85061219,History -- Miscellanea,1
650,lcsh,http://id.loc.gov/authorities/subjects/sh85061252,History in art,1
650,lcsh,http://id.loc.gov/authorities/subjects/sh85061518,"Holocaust, Jewish (1939-1945) -- Personal narratives",2
650,lcsh,http://id.loc.gov/authorities/subjects/sh85061521,"Holocaust, Jewish (1939-1945), in art",3
650,lcsh,http://id.loc.gov/authorities/subjects/sh85061657,Home,1
650,lcsh,http://id.loc.gov/authorities/subjects/sh85061841,Honesty,1
650,lcsh,http://id.loc.gov/authorities/subjects/sh85062957,"Humorous poetry, American",1
650,lcsh,http://id.loc.gov/authorities/subjects/sh85063138,Hunting in art,1
650,lcsh,http://id.loc.gov/authorities/subjects/sh85063851,Hysteria,1
650,lcsh,http://id.loc.gov/authorities/subjects/sh85064150,Identity (Philosophical concept),2
650,lcsh,http://id.loc.gov/authorities/subjects/sh85064153,Identity (Psychology) in children,1
650,lcsh,http://id.loc.gov/authorities/subjects/sh85064446,Image processing,1
650,lcsh,http://id.loc.gov/authorities/subjects/sh85064451,Imagery (Psychology),1
650,lcsh,http://id.loc.gov/authorities/subjects/sh85064456,Imaginary books and libraries,1
650,lcsh,http://id.loc.gov/authorities/subjects/sh85064628,Imperialism,4
650,lcsh,http://id.loc.gov/authorities/subjects/sh85065270,Indians of North America -- Folklore,1
650,lcsh,http://id.loc.gov/authorities/subjects/sh85065689,Individuality,1
650,lcsh,http://id.loc.gov/authorities/subjects/sh85066706,Insects in art,2
650,lcsh,http://id.loc.gov/authorities/subjects/sh85066717,Insomnia,3
650,lcsh,http://id.loc.gov/authorities/subjects/sh85066719,Inspiration,1
650,lcsh,http://id.loc.gov/authorities/subjects/sh85066731,Installations (Art),2
650,lcsh,http://id.loc.gov/authorities/subjects/sh85067179,Intelligence service -- United States,1
650,lcsh,http://id.loc.gov/authorities/subjects/sh85067524,Interstellar communication,2
650,lcsh,http://id.loc.gov/authorities/subjects/sh85067603,Intimacy (Psychology),1
650,lcsh,http://id.loc.gov/authorities/subjects/sh85068283,Irrigation,1
650,lcsh,http://id.loc.gov/authorities/subjects/sh85068296,Irrigation engineering,1
650,lcsh,http://id.loc.gov/authorities/subjects/sh85068816,Italian literature,1
650,lcsh,http://id.loc.gov/authorities/subjects/sh85070391,Jews -- Folklore,1
650,lcsh,http://id.loc.gov/authorities/subjects/sh85071118,Justice,1
650,lcsh,http://id.loc.gov/authorities/subjects/sh85072120,Keyboards (Electronics),1
650,lcsh,http://id.loc.gov/authorities/subjects/sh85072549,Kissing,1
650,lcsh,http://id.loc.gov/authorities/subjects/sh85072580,Kites,2
650,lcsh,http://id.loc.gov/authorities/subjects/sh85072732,"Knowledge, Theory of",3
650,lcsh,http://id.loc.gov/authorities/subjects/sh85073794,Labyrinths in art,1
650,lcsh,http://id.loc.gov/authorities/subjects/sh85074423,Landscapes in art,1
650,lcsh,http://id.loc.gov/authorities/subjects/sh85074518,Language and languages,1
650,lcsh,http://id.loc.gov/authorities/subjects/sh85074574,Language and languages -- Philosophy,1
650,lcsh,http://id.loc.gov/authorities/subjects/sh85074926,Latin American literature -- 20th century,1
650,lcsh,http://id.loc.gov/authorities/subjects/sh85075608,Leaves,1
650,lcsh,http://id.loc.gov/authorities/subjects/sh85076240,Letters,1
650,lcsh,http://id.loc.gov/authorities/subjects/sh85076242,Letters in art,7
650,lcsh,http://id.loc.gov/authorities/subjects/sh85076512,Libraries -- History,1
650,lcsh,http://id.loc.gov/authorities/subjects/sh85076886,Light and darkness in literature,1
650,lcsh,http://id.loc.gov/authorities/subjects/sh85076896,Light in art,1
650,lcsh,http://id.loc.gov/authorities/subjects/sh85077159,Line (Art),8
650,lcsh,http://id.loc.gov/authorities/subjects/sh85077319,Lipreading,1
650,lcsh,http://id.loc.gov/authorities/subjects/sh85077575,Literature and technology,1
650,lcsh,http://id.loc.gov/authorities/subjects/sh85078243,Loneliness,1
650,lcsh,http://id.loc.gov/authorities/subjects/sh85078431,Loss (Psychology),1
650,lcsh,http://id.loc.gov/authorities/subjects/sh85078519,Love,1
650,lcsh,http://id.loc.gov/authorities/subjects/sh85078533,Love in art,6
650,lcsh,http://id.loc.gov/authorities/subjects/sh85079396,Machinery in art,1
650,lcsh,http://id.loc.gov/authorities/subjects/sh85079877,Mail art,5
650,lcsh,http://id.loc.gov/authorities/subjects/sh85080130,Male nude in art,1
650,lcsh,http://id.loc.gov/authorities/subjects/sh85080298,Human beings -- Effect of environment on,2
650,lcsh,http://id.loc.gov/authorities/subjects/sh85080299,Nature -- Effect of human beings on,1
650,lcsh,http://id.loc.gov/authorities/subjects/sh85080301,Human beings -- Origin,1
650,lcsh,http://id.loc.gov/authorities/subjects/sh85081056,Marginalia,1
650,lcsh,http://id.loc.gov/authorities/subjects/sh85081057,"Marginality, Social",1
650,lcsh,http://id.loc.gov/authorities/subjects/sh85081416,Marriage,1
650,lcsh,http://id.loc.gov/authorities/subjects/sh85081504,Marriage in art,1
650,lcsh,http://id.loc.gov/authorities/subjects/sh85081797,Masculinity,1
650,lcsh,http://id.loc.gov/authorities/subjects/sh85081817,Masks,1
650,lcsh,http://id.loc.gov/authorities/subjects/sh85081824,Masks in art,1
650,lcsh,http://id.loc.gov/authorities/subjects/sh85081889,Mass media and sports,1
650,lcsh,http://id.loc.gov/authorities/subjects/sh85081890,Mass media and the arts,1
650,lcsh,http://id.loc.gov/authorities/subjects/sh85082051,Mate selection,1
650,lcsh,http://id.loc.gov/authorities/subjects/sh85082411,Maya art,1
650,lcsh,http://id.loc.gov/authorities/subjects/sh85082692,Meaning (Philosophy),1
650,lcsh,http://id.loc.gov/authorities/subjects/sh85083497,Memory,2
650,lcsh,http://id.loc.gov/authorities/subjects/sh85083601,Menstrual cycle,2
650,lcsh,http://id.loc.gov/authorities/subjects/sh85083602,Menstrual cycle -- Psychological aspects,2
650,lcsh,http://id.loc.gov/authorities/subjects/sh85083604,Menstruation,2
650,lcsh,http://id.loc.gov/authorities/subjects/sh85083907,Mescal,1
650,lcsh,http://id.loc.gov/authorities/subjects/sh85085126,Militarism,1
650,lcsh,http://id.loc.gov/authorities/subjects/sh85085644,Miniature books -- Specimens,30
650,lcsh,http://id.loc.gov/authorities/subjects/sh85085702,Minimal art,4
650,lcsh,http://id.loc.gov/authorities/subjects/sh85085969,Mirrors in art,2
650,lcsh,http://id.loc.gov/authorities/subjects/sh85086321,Mixed media painting,1
650,lcsh,http://id.loc.gov/authorities/subjects/sh85086800,Money in art,3
650,lcsh,http://id.loc.gov/authorities/subjects/sh85086996,Monsters in art,2
650,lcsh,http://id.loc.gov/authorities/subjects/sh85087511,Motels,1
650,lcsh,http://id.loc.gov/authorities/subjects/sh85087517,Mother and child,1
650,lcsh,http://id.loc.gov/authorities/subjects/sh85087538,Mothers and daughters,3
650,lcsh,http://id.loc.gov/authorities/subjects/sh85087539,Mothers and sons,1
650,lcsh,http://id.loc.gov/authorities/subjects/sh85087545,Mothers in art,1
650,lcsh,http://id.loc.gov/authorities/subjects/sh85087612,Motor vehicles -- Maintenance and repair,1
650,lcsh,http://id.loc.gov/authorities/subjects/sh85087965,Mountains in art,2
650,lcsh,http://id.loc.gov/authorities/subjects/sh85088916,Music in art,3
650,lcsh,http://id.loc.gov/authorities/subjects/sh85090290,Nature photography,1
650,lcsh,http://id.loc.gov/authorities/subjects/sh85092792,Notebooks,1
650,lcsh,http://id.loc.gov/authorities/subjects/sh85093038,Nuclear power plants -- Environmental aspects,1
650,lcsh,http://id.loc.gov/authorities/subjects/sh85093169,Nude in art,1
650,lcsh,http://id.loc.gov/authorities/subjects/sh85093565,Oak,1
650,lcsh,http://id.loc.gov/authorities/subjects/sh85093747,Observation (Psychology),1
650,lcsh,http://id.loc.gov/authorities/subjects/sh85094814,Onomatopoeia,1
650,lcsh,http://id.loc.gov/authorities/subjects/sh85094833,Ontology,1
650,lcsh,http://id.loc.gov/authorities/subjects/sh85095118,Oppression (Psychology),1
650,lcsh,http://id.loc.gov/authorities/subjects/sh85095193,Optimism,1
650,lcsh,http://id.loc.gov/authorities/subjects/sh85095351,Order,1
650,lcsh,http://id.loc.gov/authorities/subjects/sh85096147,Outdoor photography,2
650,lcsh,http://id.loc.gov/authorities/subjects/sh85096623,Paint,1
650,lcsh,http://id.loc.gov/authorities/subjects/sh85097591,Handmade paper,2
650,lcsh,http://id.loc.gov/authorities/subjects/sh85098789,Pattern perception,1
650,lcsh,http://id.loc.gov/authorities/subjects/sh85099340,Pen drawing,1
650,lcsh,http://id.loc.gov/authorities/subjects/sh85099711,Perception (Philosophy),1
650,lcsh,http://id.loc.gov/authorities/subjects/sh85099809,Performance art,1
650,lcsh,http://id.loc.gov/authorities/subjects/sh85100250,Peruvian poetry,2
650,lcsh,http://id.loc.gov/authorities/subjects/sh85100683,Phenomenology,1
650,lcsh,http://id.loc.gov/authorities/subjects/sh85100886,"Philosophy, Chinese",2
650,lcsh,http://id.loc.gov/authorities/subjects/sh85100893,"Philosophy, Comparative",1
650,lcsh,http://id.loc.gov/authorities/subjects/sh85101228,Photography of interiors,2
650,lcsh,http://id.loc.gov/authorities/subjects/sh85101240,Portrait photography,16
650,lcsh,http://id.loc.gov/authorities/subjects/sh85101262,"Photography, Abstract",3
650,lcsh,http://id.loc.gov/authorities/subjects/sh85101268,Architectural photography,2
650,lcsh,http://id.loc.gov/authorities/subjects/sh85101269,"Photography, Artistic",76
650,lcsh,http://id.loc.gov/authorities/subjects/sh85101273,"Photography, Close-up",1
650,lcsh,http://id.loc.gov/authorities/subjects/sh85101277,Documentary photography,3
650,lcsh,http://id.loc.gov/authorities/subjects/sh85101288,Photojournalism,1
650,lcsh,http://id.loc.gov/authorities/subjects/sh85101296,"Photography, Pinhole",1
650,lcsh,http://id.loc.gov/authorities/subjects/sh85101306,Zen photography,1
650,lcsh,http://id.loc.gov/authorities/subjects/sh85101349,Photography of hands,1
650,lcsh,http://id.loc.gov/authorities/subjects/sh85101355,Photography of men,4
650,lcsh,http://id.loc.gov/authorities/subjects/sh85101358,Photography of plants,2
650,lcsh,http://id.loc.gov/authorities/subjects/sh85101365,Photography of sports,1
650,lcsh,http://id.loc.gov/authorities/subjects/sh85101368,Photography of the nude,1
650,lcsh,http://id.loc.gov/authorities/subjects/sh85101370,Photography of water,1
650,lcsh,http://id.loc.gov/authorities/subjects/sh85101371,Photography of women,2
650,lcsh,http://id.loc.gov/authorities/subjects/sh85102008,Picture-writing,2
650,lcsh,http://id.loc.gov/authorities/subjects/sh85103036,Plants in art,1
650,lcsh,http://id.loc.gov/authorities/subjects/sh85103703,Poetics,3
650,lcsh,http://id.loc.gov/authorities/subjects/sh85103704,Poetry,1
650,lcsh,http://id.loc.gov/authorities/subjects/sh85104348,Political cartoons,1
650,lcsh,http://id.loc.gov/authorities/subjects/sh85104388,"Political poetry, American",1
650,lcsh,http://id.loc.gov/authorities/subjects/sh85104419,"Political posters, Russian",1
650,lcsh,http://id.loc.gov/authorities/subjects/sh85104472,Politics in art,3
650,lcsh,http://id.loc.gov/authorities/subjects/sh85105008,Pornography,2
650,lcsh,http://id.loc.gov/authorities/subjects/sh85105092,Portmanteau words,1
650,lcsh,http://id.loc.gov/authorities/subjects/sh85105188,"Portraits, American",1
650,lcsh,http://id.loc.gov/authorities/subjects/sh85106058,Pragmatics,1
650,lcsh,http://id.loc.gov/authorities/subjects/sh85106113,Prayer,1
650,lcsh,http://id.loc.gov/authorities/subjects/sh85106310,Prejudices,1
650,lcsh,http://id.loc.gov/authorities/subjects/sh85106751,Printing,1
650,lcsh,http://id.loc.gov/authorities/subjects/sh85106766,Printing -- Specimens,1
650,lcsh,http://id.loc.gov/authorities/subjects/sh85106795,Proofs (Printing),1
650,lcsh,http://id.loc.gov/authorities/subjects/sh85106957,"Prisoners -- Legal status, laws, etc",1
650,lcsh,http://id.loc.gov/authorities/subjects/sh85107412,Promises,1
650,lcsh,http://id.loc.gov/authorities/subjects/sh85108403,Psychic trauma,1
650,lcsh,http://id.loc.gov/authorities/subjects/sh85108405,Parapsychology,1
650,lcsh,http://id.loc.gov/authorities/subjects/sh85108411,Psychoanalysis,1
650,lcsh,http://id.loc.gov/authorities/subjects/sh85109107,Punctuation,2
650,lcsh,http://id.loc.gov/authorities/subjects/sh85109823,Questioning,2
650,lcsh,http://id.loc.gov/authorities/subjects/sh85109863,Quilts,1
650,lcsh,http://id.loc.gov/authorities/subjects/sh85110266,Racism,2
650,lcsh,http://id.loc.gov/authorities/subjects/sh85111552,Rattle (Musical instrument),1
650,lcsh,http://id.loc.gov/authorities/subjects/sh85111669,Reading -- Physiological aspects,1
650,lcsh,http://id.loc.gov/authorities/subjects/sh85111673,"Reading, Psychology of",1
650,lcsh,http://id.loc.gov/authorities/subjects/sh85111986,Recreation in art,1
650,lcsh,http://id.loc.gov/authorities/subjects/sh85112020,"Recycling (Waste, etc.)",1
650,lcsh,http://id.loc.gov/authorities/subjects/sh85112063,Red in art,1
650,lcsh,http://id.loc.gov/authorities/subjects/sh85112316,Refuse and refuse disposal,1
650,lcsh,http://id.loc.gov/authorities/subjects/sh85112565,Religion and culture,1
650,lcsh,http://id.loc.gov/authorities/subjects/sh85113507,Revolutions,1
650,lcsh,http://id.loc.gov/authorities/subjects/sh85114776,Rocks in art,1
650,lcsh,http://id.loc.gov/authorities/subjects/sh85116537,Sailing ships -- Models,1
650,lcsh,http://id.loc.gov/authorities/subjects/sh85118162,Schizophrenia,2
650,lcsh,http://id.loc.gov/authorities/subjects/sh85118614,"Science, Renaissance",1
650,lcsh,http://id.loc.gov/authorities/subjects/sh85119004,Sculpture,1
650,lcsh,http://id.loc.gov/authorities/subjects/sh85119221,Sea in art,2
650,lcsh,http://id.loc.gov/authorities/subjects/sh85119381,Seasons in art,3
650,lcsh,http://id.loc.gov/authorities/subjects/sh85119431,Secrecy,1
650,lcsh,http://id.loc.gov/authorities/subjects/sh85119759,Self-help techniques,4
650,lcsh,http://id.loc.gov/authorities/subjects/sh85119787,Self-publishing,1
650,lcsh,http://id.loc.gov/authorities/subjects/sh85119950,Semiotics,1
650,lcsh,http://id.loc.gov/authorities/subjects/sh85120086,Separation (Psychology),1
650,lcsh,http://id.loc.gov/authorities/subjects/sh85120553,Sex -- Religious aspects,1
650,lcsh,http://id.loc.gov/authorities/subjects/sh85120626,Sex in art,1
650,lcsh,http://id.loc.gov/authorities/subjects/sh85120678,Sexism,1
650,lcsh,http://id.loc.gov/authorities/subjects/sh85120739,Sexual intercourse,1
650,lcsh,http://id.loc.gov/authorities/subjects/sh85122415,Signs and symbols,2
650,lcsh,http://id.loc.gov/authorities/subjects/sh85122862,Single women,1
650,lcsh,http://id.loc.gov/authorities/subjects/sh85123098,Skateboarding,1
650,lcsh,http://id.loc.gov/authorities/subjects/sh85123316,Enslaved persons -- Social conditions,1
650,lcsh,http://id.loc.gov/authorities/subjects/sh85123326,Slavery -- United States,3
650,lcsh,http://id.loc.gov/authorities/subjects/sh85123332,Slave rebellions -- United States,3
650,lcsh,http://id.loc.gov/authorities/subjects/sh85123406,Sleep in art,1
650,lcsh,http://id.loc.gov/authorities/subjects/sh85123784,Snow in art,1
650,lcsh,http://id.loc.gov/authorities/subjects/sh85123918,Social change,1
650,lcsh,http://id.loc.gov/authorities/subjects/sh85123927,Social conflict,1
650,lcsh,http://id.loc.gov/authorities/subjects/sh85124195,Sociolinguistics,1
650,lcsh,http://id.loc.gov/authorities/subjects/sh85124554,Soldiers,1
650,lcsh,http://id.loc.gov/authorities/subjects/sh85125392,Sound recordings -- Album covers,1
650,lcsh,http://id.loc.gov/authorities/subjects/sh85126434,Speech,1
650,lcsh,http://id.loc.gov/authorities/subjects/sh85126625,Spiders,1
650,lcsh,http://id.loc.gov/authorities/subjects/sh85126779,Spirituality,2
650,lcsh,http://id.loc.gov/authorities/subjects/sh85127084,Square,1
650,lcsh,http://id.loc.gov/authorities/subjects/sh85127438,Stars -- Mythology,1
650,lcsh,http://id.loc.gov/authorities/subjects/sh85127469,Stars in art,2
650,lcsh,http://id.loc.gov/authorities/subjects/sh85128009,Stereophonic sound systems,1
650,lcsh,http://id.loc.gov/authorities/subjects/sh85128018,Stereotypes (Social psychology),3
650,lcsh,http://id.loc.gov/authorities/subjects/sh85128135,Still-life photography,1
650,lcsh,http://id.loc.gov/authorities/subjects/sh85128407,Storytelling,1
650,lcsh,http://id.loc.gov/authorities/subjects/sh85129014,String figures,1
650,lcsh,http://id.loc.gov/authorities/subjects/sh85129015,String in art,1
650,lcsh,http://id.loc.gov/authorities/subjects/sh85129210,Structuralism,1
650,lcsh,http://id.loc.gov/authorities/subjects/sh85129750,Suicide victims,1
650,lcsh,http://id.loc.gov/authorities/subjects/sh85130757,Surfing,1
650,lcsh,http://id.loc.gov/authorities/subjects/sh85130879,Survival and emergency equipment,1
650,lcsh,http://id.loc.gov/authorities/subjects/sh85130882,Survival,1
650,lcsh,http://id.loc.gov/authorities/subjects/sh85131415,Symbolism in art,3
650,lcsh,http://id.loc.gov/authorities/subjects/sh85131441,Symmetry (Art),1
650,lcsh,http://id.loc.gov/authorities/subjects/sh85132686,Tarot,3
650,lcsh,http://id.loc.gov/authorities/subjects/sh85132770,Tattooing,1
650,lcsh,http://id.loc.gov/authorities/subjects/sh85133190,Technology in art,1
650,lcsh,http://id.loc.gov/authorities/subjects/sh85133589,Television broadcasting -- United States,1
650,lcsh,http://id.loc.gov/authorities/subjects/sh85134112,Terrorism,1
650,lcsh,http://id.loc.gov/authorities/subjects/sh85134113,Terrorism in art,1
650,lcsh,http://id.loc.gov/authorities/subjects/sh85134309,Textile crafts,1
650,lcsh,http://id.loc.gov/authorities/subjects/sh85134589,Theaters -- Models,1
650,lcsh,http://id.loc.gov/authorities/subjects/sh85134988,Thought and thinking,1
650,lcsh,http://id.loc.gov/authorities/subjects/sh85135412,Time in art,10
650,lcsh,http://id.loc.gov/authorities/subjects/sh85136049,Tools,1
650,lcsh,http://id.loc.gov/authorities/subjects/sh85136294,"Tower of the Winds (Athens, Greece)",1
650,lcsh,http://id.loc.gov/authorities/subjects/sh85136377,Toys in art,1
650,lcsh,http://id.loc.gov/authorities/subjects/sh85136958,Translating and interpreting,1
650,lcsh,http://id.loc.gov/authorities/subjects/sh85137042,Transportation -- Planning,1
650,lcsh,http://id.loc.gov/authorities/subjects/sh85137086,Transsexuals,1
650,lcsh,http://id.loc.gov/authorities/subjects/sh85137260,Trees in art,1
650,lcsh,http://id.loc.gov/authorities/subjects/sh85138286,Truthfulness and falsehood,1
650,lcsh,http://id.loc.gov/authorities/subjects/sh85139672,Unicorns in art,1
650,lcsh,http://id.loc.gov/authorities/subjects/sh85140008,"Diplomatic and consular service, American",1
650,lcsh,http://id.loc.gov/authorities/subjects/sh85140055,Immigrants -- United States,1
650,lcsh,http://id.loc.gov/authorities/subjects/sh85141637,Utopias in literature,1
650,lcsh,http://id.loc.gov/authorities/subjects/sh85141832,Valentines,1
650,lcsh,http://id.loc.gov/authorities/subjects/sh85142739,Venn diagrams,1
650,lcsh,http://id.loc.gov/authorities/subjects/sh85143195,Video art,1
650,lcsh,http://id.loc.gov/authorities/subjects/sh85143202,Video games,1
650,lcsh,http://id.loc.gov/authorities/subjects/sh85143292,"Vietnam War, 1961-1975 -- United States",1
650,lcsh,http://id.loc.gov/authorities/subjects/sh85143514,Violence,1
650,lcsh,http://id.loc.gov/authorities/subjects/sh85143520,Violence in art,2
650,lcsh,http://id.loc.gov/authorities/subjects/sh85143931,Visual poetry,1
650,lcsh,http://id.loc.gov/authorities/subjects/sh85144400,Vodou in art,1
650,lcsh,http://id.loc.gov/authorities/subjects/sh85144443,Voyages and travels,1
650,lcsh,http://id.loc.gov/authorities/subjects/sh85145181,War in art,2
650,lcsh,http://id.loc.gov/authorities/subjects/sh85145197,War photography,1
650,lcsh,http://id.loc.gov/authorities/subjects/sh85146691,Wild west shows,1
650,lcsh,http://id.loc.gov/authorities/subjects/sh85147034,Winter in art,1
650,lcsh,http://id.loc.gov/authorities/subjects/sh85147262,Wolves in art,2
650,lcsh,http://id.loc.gov/authorities/subjects/sh85147274,Women,2
650,lcsh,http://id.loc.gov/authorities/subjects/sh85147330,Women -- Portraits,2
650,lcsh,http://id.loc.gov/authorities/subjects/sh85147433,Women and religion,1
650,lcsh,http://id.loc.gov/authorities/subjects/sh85147447,Women artists,1
650,lcsh,http://id.loc.gov/authorities/subjects/sh85147554,Women in art,1
650,lcsh,http://id.loc.gov/authorities/subjects/sh85147589,Women in mass media,1
650,lcsh,http://id.loc.gov/authorities/subjects/sh85147689,Women printers,1
650,lcsh,http://id.loc.gov/authorities/subjects/sh85148117,"Words, New",2
650,lcsh,http://id.loc.gov/authorities/subjects/sh85148124,Obscene words,1
650,lcsh,http://id.loc.gov/authorities/subjects/sh85148125,Words in art,3
650,lcsh,http://id.loc.gov/authorities/subjects/sh85148139,Work and family,1
650,lcsh,http://id.loc.gov/authorities/subjects/sh85148284,"World War, 1939-1945 -- Art and the war",1
650,lcsh,http://id.loc.gov/authorities/subjects/sh85148445,"World War, 1939-1945 -- Monuments",1
650,lcsh,http://id.loc.gov/authorities/subjects/sh85148589,Wounds and injuries,1
650,lcsh,http://id.loc.gov/authorities/subjects/sh85148656,Writing in art,11
650,lcsh,http://id.loc.gov/authorities/subjects/sh85148749,X-rays,1
650,lcsh,http://id.loc.gov/authorities/subjects/sh85149938,Zodiac,1
650,lcsh,http://id.loc.gov/authorities/subjects/sh85149940,Zodiac in art,2
650,lcsh,http://id.loc.gov/authorities/subjects/sh86000984,Erotic drawing,1
650,lcsh,http://id.loc.gov/authorities/subjects/sh86005596,Veterans -- United States,2
650,lcsh,http://id.loc.gov/authorities/subjects/sh86006365,Hairstyles,1
650,lcsh,http://id.loc.gov/authorities/subjects/sh86006926,"Wood-engraving, Spanish",2
650,lcsh,http://id.loc.gov/authorities/subjects/sh87000526,New Age movement,1
650,lcsh,http://id.loc.gov/authorities/subjects/sh87002172,Social networks,1
650,lcsh,http://id.loc.gov/authorities/subjects/sh87003896,Monuments -- Washington (D.C.),1
650,lcsh,http://id.loc.gov/authorities/subjects/sh87004216,Sustainable agriculture,1
650,lcsh,http://id.loc.gov/authorities/subjects/sh87006080,Vigilantes,1
650,lcsh,http://id.loc.gov/authorities/subjects/sh87006735,"Visual poetry, Uruguayan",1
650,lcsh,http://id.loc.gov/authorities/subjects/sh87007297,Fluxus (Group of artists),1
650,lcsh,http://id.loc.gov/authorities/subjects/sh88001424,Drunkenness (Philosophy),1
650,lcsh,http://id.loc.gov/authorities/subjects/sh88003566,It (The English word),1
650,lcsh,http://id.loc.gov/authorities/subjects/sh88004378,Filipinos -- United States,1
650,lcsh,http://id.loc.gov/authorities/subjects/sh88005530,Folklore -- Mexico,1
650,lcsh,http://id.loc.gov/authorities/subjects/sh88006552,Homophobia,2
650,lcsh,http://id.loc.gov/authorities/subjects/sh88007892,"Exiles' writings, Cuban",1
650,lcsh,http://id.loc.gov/authorities/subjects/sh89000478,Postmodernism (Literature),1
650,lcsh,http://id.loc.gov/authorities/subjects/sh89000812,Global warming,1
650,lcsh,http://id.loc.gov/authorities/subjects/sh89001771,"Posters, Soviet",1
650,lcsh,http://id.loc.gov/authorities/subjects/sh89002047,"Propaganda, Soviet",1
650,lcsh,http://id.loc.gov/authorities/subjects/sh89004185,Puppet theater,1
650,lcsh,http://id.loc.gov/authorities/subjects/sh89005492,Fossils,1
650,lcsh,http://id.loc.gov/authorities/subjects/sh89005495,Animal rights,1
650,lcsh,http://id.loc.gov/authorities/subjects/sh89006640,"Arts, Argentine",1
650,lcsh,http://id.loc.gov/authorities/subjects/sh90001789,Photography -- Digital techniques,1
650,lcsh,http://id.loc.gov/authorities/subjects/sh90002643,Regret,2
650,lcsh,http://id.loc.gov/authorities/subjects/sh90003519,Source code (Computer science),1
650,lcsh,http://id.loc.gov/authorities/subjects/sh90004751,"Serigraphy, Mexican",1
650,lcsh,http://id.loc.gov/authorities/subjects/sh91001601,Ecofeminism,1
650,lcsh,http://id.loc.gov/authorities/subjects/sh91002236,Historical reenactments,3
650,lcsh,http://id.loc.gov/authorities/subjects/sh91003756,Gender identity,1
650,lcsh,http://id.loc.gov/authorities/subjects/sh91006098,Personal archives,1
650,lcsh,http://id.loc.gov/authorities/subjects/sh92001504,Man-woman relationships,1
650,lcsh,http://id.loc.gov/authorities/subjects/sh93001184,Outsider art,1
650,lcsh,http://id.loc.gov/authorities/subjects/sh93002335,Photocollage,1
650,lcsh,http://id.loc.gov/authorities/subjects/sh93003368,Artistic collaboration,12
650,lcsh,http://id.loc.gov/authorities/subjects/sh93003796,Action figures (Toys),1
650,lcsh,http://id.loc.gov/authorities/subjects/sh93005742,Teenage girls in popular culture,2
650,lcsh,http://id.loc.gov/authorities/subjects/sh93007118,Appropriation (Art),8
650,lcsh,http://id.loc.gov/authorities/subjects/sh93007871,Women -- Mexico,1
650,lcsh,http://id.loc.gov/authorities/subjects/sh93008343,Imaginary companions,2
650,lcsh,http://id.loc.gov/authorities/subjects/sh94000680,Otomi mythology,1
650,lcsh,http://id.loc.gov/authorities/subjects/sh94000681,Yaqui mythology,1
650,lcsh,http://id.loc.gov/authorities/subjects/sh94000960,Nahua mythology,1
650,lcsh,http://id.loc.gov/authorities/subjects/sh94001190,Landscape archaeology,1
650,lcsh,http://id.loc.gov/authorities/subjects/sh94002076,Nuclear power plants -- Accidents,1
650,lcsh,http://id.loc.gov/authorities/subjects/sh94002873,Social epistemology,1
650,lcsh,http://id.loc.gov/authorities/subjects/sh94003046,Personal information management,1
650,lcsh,http://id.loc.gov/authorities/subjects/sh94003061,Communication and technology,1
650,lcsh,http://id.loc.gov/authorities/subjects/sh94004191,Stills (Motion pictures),1
650,lcsh,http://id.loc.gov/authorities/subjects/sh94004256,Encyclopedias and dictionaries in literature,1
650,lcsh,http://id.loc.gov/authorities/subjects/sh94005718,Cryptozoology,1
650,lcsh,http://id.loc.gov/authorities/subjects/sh94006224,Lost articles,2
650,lcsh,http://id.loc.gov/authorities/subjects/sh94007824,Physics in literature,1
650,lcsh,http://id.loc.gov/authorities/subjects/sh94008313,Exquisite corpse (Game),3
650,lcsh,http://id.loc.gov/authorities/subjects/sh94009167,Wolves in literature,1
650,lcsh,http://id.loc.gov/authorities/subjects/sh94009624,Rave culture,1
650,lcsh,http://id.loc.gov/authorities/subjects/sh95001685,Letterpress printing,2
650,lcsh,http://id.loc.gov/authorities/subjects/sh95004001,Strangers,2
650,lcsh,http://id.loc.gov/authorities/subjects/sh95006487,Radio art,1
650,lcsh,http://id.loc.gov/authorities/subjects/sh95007107,Weaving in literature,1
650,lcsh,http://id.loc.gov/authorities/subjects/sh95008487,Passing (Identity),1
650,lcsh,http://id.loc.gov/authorities/subjects/sh96000331,Exploitation,2
650,lcsh,http://id.loc.gov/authorities/subjects/sh96006510,Serial murderers in literature,1
650,lcsh,http://id.loc.gov/authorities/subjects/sh96007717,Female nude in art,1
650,lcsh,http://id.loc.gov/authorities/subjects/sh96009027,Garden structures -- Germany,1
650,lcsh,http://id.loc.gov/authorities/subjects/sh96011080,Aging in art,1
650,lcsh,http://id.loc.gov/authorities/subjects/sh96011083,AIDS (Disease) in art,1
650,lcsh,http://id.loc.gov/authorities/subjects/sh96011089,Coffee in art,1
650,lcsh,http://id.loc.gov/authorities/subjects/sh96011104,Consumption (Economics) in art,1
650,lcsh,http://id.loc.gov/authorities/subjects/sh96011135,African American men in art,1
650,lcsh,http://id.loc.gov/authorities/subjects/sh96011153,Cosmology in art,2
650,lcsh,http://id.loc.gov/authorities/subjects/sh96011363,Crime in art,1
650,lcsh,http://id.loc.gov/authorities/subjects/sh96011443,Astronomy in art,1
650,lcsh,http://id.loc.gov/authorities/subjects/sh96011505,Desire in art,1
650,lcsh,http://id.loc.gov/authorities/subjects/sh96011516,Dwellings in art,1
650,lcsh,http://id.loc.gov/authorities/subjects/sh96011522,Fables in art,1
650,lcsh,http://id.loc.gov/authorities/subjects/sh96011526,Feminism in art,8
650,lcsh,http://id.loc.gov/authorities/subjects/sh96011616,Bee culture in art,1
650,lcsh,http://id.loc.gov/authorities/subjects/sh96011640,Genetics in art,2
650,lcsh,http://id.loc.gov/authorities/subjects/sh96011700,Boats and boating in art,1
650,lcsh,http://id.loc.gov/authorities/subjects/sh96011709,Books and reading in art,2
650,lcsh,http://id.loc.gov/authorities/subjects/sh96011758,Childbirth in art,1
650,lcsh,http://id.loc.gov/authorities/subjects/sh96011828,Identity (Psychology) in art,1
650,lcsh,http://id.loc.gov/authorities/subjects/sh96011913,Medicine in art,2
650,lcsh,http://id.loc.gov/authorities/subjects/sh96011924,National socialism in art,1
650,lcsh,http://id.loc.gov/authorities/subjects/sh96011960,Privacy in art,1
650,lcsh,http://id.loc.gov/authorities/subjects/sh96011980,Slavery in art,2
650,lcsh,http://id.loc.gov/authorities/subjects/sh96012003,Sex role in art,1
650,lcsh,http://id.loc.gov/authorities/subjects/sh96012007,Spirituality in art,1
650,lcsh,http://id.loc.gov/authorities/subjects/sh96012133,Tango (Dance) in art,1
650,lcsh,http://id.loc.gov/authorities/subjects/sh96012208,Ideology in art,1
650,lcsh,http://id.loc.gov/authorities/subjects/sh96012210,Torture in art,1
650,lcsh,http://id.loc.gov/authorities/subjects/sh96012221,Water in art,2
650,lcsh,http://id.loc.gov/authorities/subjects/sh96012263,Anxiety in art,1
650,lcsh,http://id.loc.gov/authorities/subjects/sh96012266,Apartheid in art,2
650,lcsh,http://id.loc.gov/authorities/subjects/sh97000008,Chance in art,2
650,lcsh,http://id.loc.gov/authorities/subjects/sh97000042,Nuclear explosions in art,1
650,lcsh,http://id.loc.gov/authorities/subjects/sh97000077,Dolls in art,1
650,lcsh,http://id.loc.gov/authorities/subjects/sh97000102,Ecology in art,2
650,lcsh,http://id.loc.gov/authorities/subjects/sh97000131,Parables in art,1
650,lcsh,http://id.loc.gov/authorities/subjects/sh97000232,Existentialism in art,2
650,lcsh,http://id.loc.gov/authorities/subjects/sh97000334,Playing cards in art,1
650,lcsh,http://id.loc.gov/authorities/subjects/sh97000348,Political prisoners in art,1
650,lcsh,http://id.loc.gov/authorities/subjects/sh97000400,Postage stamps in art,2
650,lcsh,http://id.loc.gov/authorities/subjects/sh97000485,Prairies in art,1
650,lcsh,http://id.loc.gov/authorities/subjects/sh97000486,Pregnancy in art,1
650,lcsh,http://id.loc.gov/authorities/subjects/sh97000558,Shipwrecks in art,1
650,lcsh,http://id.loc.gov/authorities/subjects/sh97000561,Shoes in art,1
650,lcsh,http://id.loc.gov/authorities/subjects/sh97000648,Proverbs in art,2
650,lcsh,http://id.loc.gov/authorities/subjects/sh97000669,Racism in art,6
650,lcsh,http://id.loc.gov/authorities/subjects/sh97000679,Social isolation in art,1
650,lcsh,http://id.loc.gov/authorities/subjects/sh97000691,Socialism in art,1
650,lcsh,http://id.loc.gov/authorities/subjects/sh97000712,Rape in art,2
650,lcsh,http://id.loc.gov/authorities/subjects/sh97000718,Reality in art,1
650,lcsh,http://id.loc.gov/authorities/subjects/sh97000725,Reflection (Optics) in art,1
650,lcsh,http://id.loc.gov/authorities/subjects/sh97000740,Refugees in art,2
650,lcsh,http://id.loc.gov/authorities/subjects/sh97000745,Religion in art,1
650,lcsh,http://id.loc.gov/authorities/subjects/sh97000749,Repetitive patterns (Decorative arts) in art,2
650,lcsh,http://id.loc.gov/authorities/subjects/sh97000759,Revolutions in art,2
650,lcsh,http://id.loc.gov/authorities/subjects/sh97000845,Roosters in art,1
650,lcsh,http://id.loc.gov/authorities/subjects/sh97000884,Fairy tales in art,1
650,lcsh,http://id.loc.gov/authorities/subjects/sh97000999,Gender identity in art,1
650,lcsh,http://id.loc.gov/authorities/subjects/sh97001002,Geometry in art,5
650,lcsh,http://id.loc.gov/authorities/subjects/sh97001016,Sound in art,1
650,lcsh,http://id.loc.gov/authorities/subjects/sh97001017,Sound recordings in art,1
650,lcsh,http://id.loc.gov/authorities/subjects/sh97001018,Space (Architecture) in art,1
650,lcsh,http://id.loc.gov/authorities/subjects/sh97001238,Healing in art,1
650,lcsh,http://id.loc.gov/authorities/subjects/sh97001257,Saints in art,1
650,lcsh,http://id.loc.gov/authorities/subjects/sh97001340,Science in art,4
650,lcsh,http://id.loc.gov/authorities/subjects/sh97001421,Seduction in art,1
650,lcsh,http://id.loc.gov/authorities/subjects/sh97001429,Senses and sensation in art,1
650,lcsh,http://id.loc.gov/authorities/subjects/sh97001626,Tarot in art,4
650,lcsh,http://id.loc.gov/authorities/subjects/sh97001639,Textile fabrics in art,1
650,lcsh,http://id.loc.gov/authorities/subjects/sh97001649,Thirteen (The number) in art,1
650,lcsh,http://id.loc.gov/authorities/subjects/sh97001663,Travel in art,8
650,lcsh,http://id.loc.gov/authorities/subjects/sh97001769,Type and type-founding in art,1
650,lcsh,http://id.loc.gov/authorities/subjects/sh97001911,Lesbians in art,1
650,lcsh,http://id.loc.gov/authorities/subjects/sh97001912,Letter writing in art,6
650,lcsh,http://id.loc.gov/authorities/subjects/sh97001955,Literature in art,4
650,lcsh,http://id.loc.gov/authorities/subjects/sh97001961,Lotteries in art,1
650,lcsh,http://id.loc.gov/authorities/subjects/sh97002002,Labor in art,2
650,lcsh,http://id.loc.gov/authorities/subjects/sh97002039,Maps in art,3
650,lcsh,http://id.loc.gov/authorities/subjects/sh97002047,Man-woman relationships in art,1
650,lcsh,http://id.loc.gov/authorities/subjects/sh97002102,Memory in art,5
650,lcsh,http://id.loc.gov/authorities/subjects/sh97002283,Merry-go-round in art,1
650,lcsh,http://id.loc.gov/authorities/subjects/sh97002460,Utopias in art,1
650,lcsh,http://id.loc.gov/authorities/subjects/sh97002475,Visions in art,1
650,lcsh,http://id.loc.gov/authorities/subjects/sh97002520,Monasteries in art,1
650,lcsh,http://id.loc.gov/authorities/subjects/sh97002577,Walking in art,5
650,lcsh,http://id.loc.gov/authorities/subjects/sh97002587,Weaving in art,1
650,lcsh,http://id.loc.gov/authorities/subjects/sh97002650,Murder in art,2
650,lcsh,http://id.loc.gov/authorities/subjects/sh97002653,Museums in art,2
650,lcsh,http://id.loc.gov/authorities/subjects/sh97002671,Hindu mythology in art,1
650,lcsh,http://id.loc.gov/authorities/subjects/sh97002715,Newspapers in art,1
650,lcsh,http://id.loc.gov/authorities/subjects/sh97003623,On-demand printing,1
650,lcsh,http://id.loc.gov/authorities/subjects/sh97003721,Pain -- Treatment,1
650,lcsh,http://id.loc.gov/authorities/subjects/sh97005138,Graphic design (Typography),1
650,lcsh,http://id.loc.gov/authorities/subjects/sh97005153,Decadence in art,1
650,lcsh,http://id.loc.gov/authorities/subjects/sh97006812,Racism in popular culture,1
650,lcsh,http://id.loc.gov/authorities/subjects/sh97006849,Quilts in literature,1
650,lcsh,http://id.loc.gov/authorities/subjects/sh97008236,Cancer in women,1
650,lcsh,http://id.loc.gov/authorities/subjects/sh98000048,Virtual reality in art,1
650,lcsh,http://id.loc.gov/authorities/subjects/sh98000405,Alphabet in art,2
650,lcsh,http://id.loc.gov/authorities/subjects/sh98000944,Trash art,1
650,lcsh,http://id.loc.gov/authorities/subjects/sh98005422,Prisoners -- Civil rights,1
650,lcsh,http://id.loc.gov/authorities/subjects/sh98006428,Internet searching,1
650,lcsh,http://id.loc.gov/authorities/subjects/sh98007384,Street photography,2
650,lcsh,http://id.loc.gov/authorities/subjects/sh99000228,DNA in art,1
650,lcsh,http://id.loc.gov/authorities/subjects/sh99000378,Human reproduction in art,1
650,lcsh,http://id.loc.gov/authorities/subjects/sh99001150,Emigration and immigration in art,1
650,lcsh,http://id.loc.gov/authorities/subjects/sh99002225,Adult child sexual abuse victims in art,1
650,lcsh,http://id.loc.gov/authorities/subjects/sh99002824,Knives in art,1
650,lcsh,http://id.loc.gov/authorities/subjects/sh99004511,Telephone calls,1
650,lcsh,http://id.loc.gov/authorities/subjects/sh99005926,Government aid to the arts,1
650,lcsh,http://id.loc.gov/authorities/subjects/sh99012913,Pataphysics,1
650,lcsh,http://id.loc.gov/authorities/subjects/sh99013594,Imaginary biography,1
650,lcsh,http://id.loc.gov/authorities/subjects/sh99014341,Atomic bomb in art,1
650,lcshac,,Wit and humor -- Pictorial works,1
650,lcshac,http://id.loc.gov/authorities/childrensSubjects/sj2021050040,Lullabies,2
650,lctgm,,Snapshots,1
650,local,,Asemic writing,3
650,local,,Offset printing -- Specimens,1
650,local,,"Sales catalogs -- Parodies, imitations, etc",2
650,local,,Typographic art,1
650,mesh,http://id.nlm.nih.gov/mesh/D001930Q000523,Brain Injuries -- psychology,1
650,mesh,http://id.nlm.nih.gov/mesh/D001930Q000534,Brain Injuries -- rehabilitation,1
651,,,Abkhazia (Georgia) -- Ethnic relations,1
651,,,Albania -- Foreign relations -- China -- Pictorial works,1
651,,,America -- History -- Pictorial works,1
651,,,Araucanía (Chile) -- Description and travel -- Pictorial works,1
651,,,Arctic regions -- Pictorial works,1
651,,,Argentina -- Moral conditions,1
651,,,"Argentina -- Quotations, maxims, etc",1
651,,,Assisi (Italy) -- In art,1
651,,,Atlanta (Ga.) -- History,1
651,,,Atlanta (Ga.) -- Pictorial works,1
651,,,Bamako (Mali) -- Pictorial works,1
651,,,Beirut (Lebanon) -- Pictorial works,2
651,,,Biloxi (Miss.) -- In art,1
651,,,Bogotá (Colombia) -- Pictorial works,1
651,,,Brazil -- Social conditions -- Poetry,1
651,,,Brooks Range (Alaska) -- Photographs,1
651,,,Buenos Aires (Argentina) -- Miscellanea,1
651,,,California -- Emigration and immigration -- Social aspects -- Fiction,1
651,,,California -- Emigration and immigration -- Social aspects -- Juvenile fiction,1
651,,,California -- Social life and customs -- 21st century -- Pictorial works,1
651,,,Cambodia -- Pictorial works,1
651,,,"Campeche (Campeche, Mexico) -- Pictorial works",1
651,,,Carlisle (Mass.) -- Pictorial works,1
651,,,Caucasus -- In art -- Exhibitions,1
651,,,Charleroi (Belgium) -- Environmental conditions,1
651,,,Chile -- History -- 1973-1988 -- In art,1
651,,,"Chile -- History -- Coup d'état, 1973 -- In art",1
651,,,"Chile -- History -- Coup d'état, 1973 -- Miscellanea",1
651,,,Chile -- Politics and government -- In art,1
651,,,Chile -- Politics and government -- Miscellanea,1
651,,,China -- Foreign relations -- Albania -- Pictorial works,1
651,,,"China -- History -- Tiananmen Square Incident, 1989 -- Press coverage",1
651,,,Colombia -- Pictorial works,1
651,,,Colombia -- Politics and government -- Caricatures and cartoons,1
651,,,Crux (Constellation),1
651,,,Cuba -- Imperialism,1
651,,,Death Valley (Calif. and Nev.) -- Pictorial works,1
651,,,El Paso (Tex.) -- In art,1
651,,,Eurasia -- In art -- Exhibitions,1
651,,,"Europe, Central -- History -- Pictorial works",2
651,,,"Europe, Eastern -- History -- Pictorial works",2
651,,,"Europe, Southern -- Economic conditions -- 21st century",1
651,,,"Europe, Southern -- Pictorial works",1
651,,,"Europe, Southern -- Social conditions",1
651,,,"Everest, Mount (China and Nepal) -- Pictorial works",1
651,,,"Fuji, Mount (Japan) -- Pictorial works",1
651,,,Garze Zangzu Zizhizhou (China) -- Description and travel,1
651,,,Garze Zangzu Zizhizhou (China) -- Pictorial works,1
651,,,Georgia -- Pictorial works,1
651,,,Glasgow (Scotland) -- In art,1
651,,,Guerrero (Mexico : State) -- Politics and government -- 21st century,1
651,,,Haiti -- In art,1
651,,,Hebrides (Scotland) -- In art,1
651,,,Himalaya Mountains -- Pictorial works,1
651,,,"Hiroshima-shi (Japan) -- History -- Bombardment, 1945 -- Pictorial works",1
651,,,Hiroshima-shi (Japan) -- In art,1
651,,,"Hollywood Boulevard (Los Angeles, Calif.) -- Pictorial works",1
651,,,"Iran -- History -- Revolution, 1979 -- Pictorial works",1
651,,,Karachi (Pakistan) -- Maps,2
651,,,"Kaş (Antalya İli, Turkey) -- In art",1
651,,,Kemʹ (Russia) -- Description and travel,2
651,,,Kemʹ (Russia) -- Pictorial works,2
651,,,Khiva (Uzbekistan) -- History,1
651,,,Latin America -- Colonial influence,1
651,,,Latin America -- History -- Pictorial works,1
651,,,Latin America -- In art,1
651,,,Livorno (Italy) -- Commerce -- History,1
651,,,Livorno (Italy) -- History -- Religious aspects,1
651,,,Los Alamos (N.M.) -- Pictorial works,1
651,,,Los Angeles (Calif.) -- In art,2
651,,,Mali -- Pictorial works,1
651,,,Matanzas (Cuba) -- History,1
651,,,Matanzas (Cuba) -- Pictorial works,1
651,,,Matanzas (Cuba) -- Poetry,2
651,,,"Maydān al-Taḥrīr (Cairo, Egypt) -- In art",1
651,,,Mediterranean Region -- Pictorial works,1
651,,,Mexican-American Border Region -- In art,1
651,,,Mexican-American Border Region -- Social conditions -- Fiction,1
651,,,Mexican-American Border Region -- Social conditions -- Juvenile fiction,1
651,,,Mexico -- Emigration and immigration -- Social aspects -- Fiction,1
651,,,Mexico -- Emigration and immigration -- Social aspects -- Juvenile fiction,1
651,,,Mexico -- Folklore -- Pictorial works,1
651,,,Mexico -- Poetry,1
651,,,Mexico -- Social life and customs -- Pictorial works,1
651,,,Michigan -- In art,1
651,,,Michigan -- Pictorial works,1
651,,,Minnesota -- Pictorial works,1
651,,,Naples (Italy) -- Social conditions -- Pictorial works,1
651,,,New Orleans Batture (La.) -- History,1
651,,,New Orleans Batture (La.) -- In art,1
651,,,New York (State) -- Biography -- Portraits,1
651,,,New York (State) -- In art,1
651,,,North Carolina -- Pictorial works,1
651,,,Ohio -- Biography -- Portraits,2
651,,,Ohio -- In art,1
651,,,Ohio -- Pictorial works,1
651,,,Ohio -- Social life and customs -- 21st century -- Pictorial works,1
651,,,Ohio -- Social life and customs -- Pictorial works,1
651,,,Pakistan -- Social conditions -- In art,1
651,,,Palmetto (Fla.) -- Biography,1
651,,,Palmetto (Fla.) -- History -- 20th century,1
651,,,"Puerto Rico -- History -- Nationalist Insurrection, 1950 -- Comic books, strips, etc",1
651,,,Quincy (Mass.) -- Pictorial works,1
651,,,Saint Simons Island (Ga. : Island) -- History -- 19th century,2
651,,,San Joaquin Valley (Calif.) -- Pictorial works,1
651,,,"Santa Clara Valley (Santa Clara County, Calif.) -- Pictorial works",1
651,,,"Scampia (Naples, Italy) -- Pictorial works",1
651,,,Seattle (Wash.) -- Exhibitions,1
651,,,Skagaströnd (Iceland) -- Pictorial works,1
651,,,Sonoran Desert -- Pictorial works,2
651,,,Southern States -- Pictorial works,1
651,,,Sun -- Pictorial works,1
651,,,Sun -- Rising and setting -- Pictorial works,1
651,,,"Sunset Boulevard (Los Angeles, Calif.) -- Pictorial works",1
651,,,São Paulo (Brazil) -- Pictorial works,1
651,,,Tehran (Iran) -- In art,1
651,,,Thailand -- Biography,1
651,,,Thames River (England) -- Pictorial works,1
651,,,"Tian'an Men (Beijing, China) -- Pictorial works",1
651,,,Tʻbilisi (Georgia) -- Pictorial works,1
651,,,"United States -- Emigration and immigration -- Comic books, strips, etc",1
651,,,United States -- Emigration and immigration -- In art,1
651,,,United States -- Emigration and immigration -- Social aspects -- Fiction,1
651,,,United States -- Emigration and immigration -- Social aspects -- Juvenile fiction,1
651,,,"United States -- Foreign relations -- Comic books, strips, etc",1
651,,,United States -- Foreign relations -- Humor,1
651,,,United States -- Pictorial works -- Exhibitions,1
651,,,United States -- Politics and government -- 2001-2009 -- Pictorial works,1
651,,,United States -- Politics and government -- 2017-2021 -- In art,1
651,,,"United States -- Politics and government -- Comic books, strips, etc",1
651,,,Universe -- Pictorial works,1
651,,,Uzbekistan -- Pictorial works,1
651,,,Vancouver (B.C.) -- Exhibitions,1
651,,,Vermont -- In art,2
651,,,West Virginia -- Pictorial works,1
651,,,West Virginia -- Social conditions -- Pictorial works,1
651,,,Xinjiang Uygur Zizhiqu (China) -- Ethnic relations,1
651,,,Xinjiang Uygur Zizhiqu (China) -- Pictorial works,1
651,,,Yazd (Iran) -- In art,1
651,,http://id.loc.gov/authorities/names/n79041717,California,1
651,,http://id.loc.gov/authorities/names/n79106326,Karachi (Pakistan),2
651,,http://id.loc.gov/authorities/names/n80006292,Baghdad (Iraq),2
651,,http://id.loc.gov/authorities/names/n96100371,San Jerónimo Amanalco (Mexico),1
651,,http://id.loc.gov/authorities/subjects/sh2005004886,Grand Canyon National Park (Ariz.),1
651,,http://id.loc.gov/authorities/subjects/sh2007100013,United States -- Relations -- Latin America,1
651,,http://id.loc.gov/authorities/subjects/sh2007100313,Mexico -- Pictorial works,1
651,,http://id.loc.gov/authorities/subjects/sh2008108377,New York (N.Y.) -- Fiction,1
651,,http://id.loc.gov/authorities/subjects/sh2008114395,Belgium -- Maps,1
651,,http://id.loc.gov/authorities/subjects/sh2008114518,Buenos Aires (Argentina) -- Pictorial works,2
651,,http://id.loc.gov/authorities/subjects/sh2008115138,Georgia (Republic) -- Ethnic relations,1
651,,http://id.loc.gov/authorities/subjects/sh2008115597,Jammu and Kashmir (India) -- Politics and government,1
651,,http://id.loc.gov/authorities/subjects/sh2008115852,Mexico City (Mexico) -- Social conditions,1
651,,http://id.loc.gov/authorities/subjects/sh2008116017,Latin America -- Relations -- United States,1
651,,http://id.loc.gov/authorities/subjects/sh2008116076,Los Angeles (Calif.) -- Pictorial works,3
651,,http://id.loc.gov/authorities/subjects/sh2008116077,Los Angeles (Calif.) -- Social conditions,1
651,,http://id.loc.gov/authorities/subjects/sh2008116322,New York (N.Y.) -- Pictorial works,2
651,,http://id.loc.gov/authorities/subjects/sh2009003409,United States -- Politics and government -- 2009-2017,1
651,,http://id.loc.gov/authorities/subjects/sh2010103459,New York (State) -- Pictorial works,1
651,,http://id.loc.gov/authorities/subjects/sh2011004490,"Egypt -- History -- Protests, 2011-2013",1
651,,http://id.loc.gov/authorities/subjects/sh85007071,Argentina -- Social conditions,1
651,,http://id.loc.gov/authorities/subjects/sh85019084,Cambodia -- History,1
651,,http://id.loc.gov/authorities/subjects/sh85024186,China -- Social life and customs,1
651,,http://id.loc.gov/authorities/subjects/sh85034549,Cuba -- Civilization -- African influences,1
651,,http://id.loc.gov/authorities/subjects/sh85034561,Cuba -- History,1
651,,http://id.loc.gov/authorities/subjects/sh85034569,Cuba -- History -- 1878-1895,1
651,,http://id.loc.gov/authorities/subjects/sh85034593,Cuba -- Politics and government,1
651,,http://id.loc.gov/authorities/subjects/sh85034594,Cuba -- Politics and government -- 1810-1899,1
651,,http://id.loc.gov/authorities/subjects/sh85056605,Great Britain,1
651,,http://id.loc.gov/authorities/subjects/sh85067977,Ireland -- Description and travel,1
651,,http://id.loc.gov/authorities/subjects/sh85068048,Ireland -- Social life and customs,1
651,,http://id.loc.gov/authorities/subjects/sh85069398,Japan -- Description and travel,1
651,,http://id.loc.gov/authorities/subjects/sh85075636,"Lebanon -- History -- Civil War, 1975-1990",2
651,,http://id.loc.gov/authorities/subjects/sh85084590,"Mexico -- History -- Revolution, 1910-1920",1
651,,http://id.loc.gov/authorities/subjects/sh85090501,Middle East,1
651,,http://id.loc.gov/authorities/subjects/sh85092460,North America -- History,1
651,,http://id.loc.gov/authorities/subjects/sh85093911,Oceania -- Description and travel,1
651,,http://id.loc.gov/authorities/subjects/sh85125492,South Africa -- Politics and government -- 1961-1978,1
651,,http://id.loc.gov/authorities/subjects/sh85125493,South Africa -- Politics and government -- 1978-1989,1
651,,http://id.loc.gov/authorities/subjects/sh85125494,South Africa -- Race relations,1
651,,http://id.loc.gov/authorities/subjects/sh85126049,Spain -- Economic conditions,1
651,,http://id.loc.gov/authorities/subjects/sh85126180,Spain -- Social conditions,1
651,,http://id.loc.gov/authorities/subjects/sh85140338,"United States -- History, Military",1
651,,http://id.loc.gov/authorities/subjects/sh85140494,United States -- Race relations,1
651,,http://id.loc.gov/authorities/subjects/sh85146512,White Sea (Russia),1
651,,http://id.loc.gov/authorities/subjects/sh90001578,Iran -- Social conditions,1
651,,http://id.loc.gov/authorities/subjects/sh91003538,North Shore (Mass. : Coast),1
651,,http://id.loc.gov/authorities/subjects/sh94005637,"Chiapas (Mexico) -- History -- Peasant Uprising, 1994-",2
651,fast,,Argentina,1
651,fast,http://id.worldcat.org/fast/1202769,Mexico -- Chiapas,2
651,fast,http://id.worldcat.org/fast/1202892,Pakistan -- Peshawar,1
651,fast,http://id.worldcat.org/fast/1203020,Mali -- Bamako,1
651,fast,http://id.worldcat.org/fast/1204034,Netherlands,2
651,fast,http://id.worldcat.org/fast/1204082,Japan,4
651,fast,http://id.worldcat.org/fast/1204086,Spain -- Madrid,2
651,fast,http://id.worldcat.org/fast/1204155,United States,111
651,fast,http://id.worldcat.org/fast/1204236,Israel,2
651,fast,http://id.worldcat.org/fast/1204269,New Mexico,1
651,fast,http://id.worldcat.org/fast/1204271,England -- London,1
651,fast,http://id.worldcat.org/fast/1204289,France,2
651,fast,http://id.worldcat.org/fast/1204303,Spain,6
651,fast,http://id.worldcat.org/fast/1204304,North Carolina,3
651,fast,http://id.worldcat.org/fast/1204305,Vermont,2
651,fast,http://id.worldcat.org/fast/1204307,Massachusetts,1
651,fast,http://id.worldcat.org/fast/1204310,Canada,3
651,fast,http://id.worldcat.org/fast/1204327,Mali,3
651,fast,http://id.worldcat.org/fast/1204333,New York (State) -- New York,9
651,fast,http://id.worldcat.org/fast/1204441,Italy -- Naples,1
651,fast,http://id.worldcat.org/fast/1204474,Greece -- Athens,1
651,fast,http://id.worldcat.org/fast/1204481,California -- San Francisco,1
651,fast,http://id.worldcat.org/fast/1204505,Washington (D.C.),2
651,fast,http://id.worldcat.org/fast/1204540,California -- Los Angeles,8
651,fast,http://id.worldcat.org/fast/1204543,Australia,1
651,fast,http://id.worldcat.org/fast/1204556,Norway,1
651,fast,http://id.worldcat.org/fast/1204560,Minnesota,2
651,fast,http://id.worldcat.org/fast/1204565,Italy,3
651,fast,http://id.worldcat.org/fast/1204579,Oregon,2
651,fast,http://id.worldcat.org/fast/1204595,Wisconsin,1
651,fast,http://id.worldcat.org/fast/1204597,Virginia,2
651,fast,http://id.worldcat.org/fast/1204604,Indiana,1
651,fast,http://id.worldcat.org/fast/1204616,South Africa,2
651,fast,http://id.worldcat.org/fast/1204622,Georgia,1
651,fast,http://id.worldcat.org/fast/1204623,Great Britain,5
651,fast,http://id.worldcat.org/fast/1204627,Georgia -- Atlanta,1
651,fast,http://id.worldcat.org/fast/1204694,Alabama,1
651,fast,http://id.worldcat.org/fast/1204820,Arizona,2
651,fast,http://id.worldcat.org/fast/1204827,Spain -- Seville,4
651,fast,http://id.worldcat.org/fast/1204833,Turkey -- Istanbul,1
651,fast,http://id.worldcat.org/fast/1204877,Iran -- Tehran,1
651,fast,http://id.worldcat.org/fast/1204889,Iran,2
651,fast,http://id.worldcat.org/fast/1204897,Colombia -- Bogotá,6
651,fast,http://id.worldcat.org/fast/1204928,California,7
651,fast,http://id.worldcat.org/fast/1204940,Washington (State) -- Seattle,1
651,fast,http://id.worldcat.org/fast/1204981,Virginia -- Fairfax County,1
651,fast,http://id.worldcat.org/fast/1205010,Michigan -- Detroit,2
651,fast,http://id.worldcat.org/fast/1205075,Ohio,2
651,fast,http://id.worldcat.org/fast/1205077,Texas -- Houston,2
651,fast,http://id.worldcat.org/fast/1205135,Haiti,2
651,fast,http://id.worldcat.org/fast/1205154,Guatemala,2
651,fast,http://id.worldcat.org/fast/1205182,Indiana -- Indianapolis,1
651,fast,http://id.worldcat.org/fast/1205190,Peru,1
651,fast,http://id.worldcat.org/fast/1205198,Cuba -- Havana,3
651,fast,http://id.worldcat.org/fast/1205204,Egypt -- Cairo,1
651,fast,http://id.worldcat.org/fast/1205215,Northern Ireland,1
651,fast,http://id.worldcat.org/fast/1205261,Philippines,2
651,fast,http://id.worldcat.org/fast/1205310,Thailand,1
651,fast,http://id.worldcat.org/fast/1205316,West Virginia,1
651,fast,http://id.worldcat.org/fast/1205362,Chile,9
651,fast,http://id.worldcat.org/fast/1205406,Afghanistan,1
651,fast,http://id.worldcat.org/fast/1205427,Ireland,2
651,fast,http://id.worldcat.org/fast/1205432,Puerto Rico,2
651,fast,http://id.worldcat.org/fast/1205549,Bolivia,1
651,fast,http://id.worldcat.org/fast/1205614,Argentina,19
651,fast,http://id.worldcat.org/fast/1205636,Washington (State) -- Tacoma,1
651,fast,http://id.worldcat.org/fast/1205688,Connecticut,1
651,fast,http://id.worldcat.org/fast/1205740,China -- Beijing,1
651,fast,http://id.worldcat.org/fast/1205757,Iraq,5
651,fast,http://id.worldcat.org/fast/1205761,Brazil -- São Paulo,1
651,fast,http://id.worldcat.org/fast/1205786,Argentina -- Buenos Aires,3
651,fast,http://id.worldcat.org/fast/1205805,Cuba,11
651,fast,http://id.worldcat.org/fast/1205849,New Mexico -- Los Alamos,1
651,fast,http://id.worldcat.org/fast/1205916,Colombia,11
651,fast,http://id.worldcat.org/fast/1205954,United Arab Emirates,1
651,fast,http://id.worldcat.org/fast/1206046,Italy -- Assisi,1
651,fast,http://id.worldcat.org/fast/1206063,Lebanon,2
651,fast,http://id.worldcat.org/fast/1206073,China,3
651,fast,http://id.worldcat.org/fast/1206137,Mexico -- Mexico City,2
651,fast,http://id.worldcat.org/fast/1206206,Italy -- Livorno,1
651,fast,http://id.worldcat.org/fast/1206337,Georgia (Republic) -- Tʻbilisi,1
651,fast,http://id.worldcat.org/fast/1206341,North Carolina -- Raleigh,1
651,fast,http://id.worldcat.org/fast/1206375,Pakistan -- Karachi,2
651,fast,http://id.worldcat.org/fast/1206434,Korea,1
651,fast,http://id.worldcat.org/fast/1206482,Mexico -- Guadalajara,2
651,fast,http://id.worldcat.org/fast/1206534,Florida -- Tallahassee,1
651,fast,http://id.worldcat.org/fast/1206600,North Carolina -- Chapel Hill,1
651,fast,http://id.worldcat.org/fast/1206678,Texas -- El Paso,1
651,fast,http://id.worldcat.org/fast/1206715,Scotland,1
651,fast,http://id.worldcat.org/fast/1206830,Brazil,5
651,fast,http://id.worldcat.org/fast/1206891,Poland,1
651,fast,http://id.worldcat.org/fast/1207034,Mississippi,1
651,fast,http://id.worldcat.org/fast/1207035,Louisiana,1
651,fast,http://id.worldcat.org/fast/1207110,India -- Jammu and Kashmir,1
651,fast,http://id.worldcat.org/fast/1207444,Iraq -- Baghdad,4
651,fast,http://id.worldcat.org/fast/1207659,Cambodia,2
651,fast,http://id.worldcat.org/fast/1208177,Belgium -- Charleroi,1
651,fast,http://id.worldcat.org/fast/1208241,Argentina -- Córdoba,1
651,fast,http://id.worldcat.org/fast/1208380,Greece,1
651,fast,http://id.worldcat.org/fast/1208387,Michigan,1
651,fast,http://id.worldcat.org/fast/1208396,Mississippi -- Biloxi,1
651,fast,http://id.worldcat.org/fast/1208755,Egypt,1
651,fast,http://id.worldcat.org/fast/1208940,Washington (State) -- Walla Walla,1
651,fast,http://id.worldcat.org/fast/1208963,Turkey,1
651,fast,http://id.worldcat.org/fast/1209723,Japan -- Hiroshima-shi,1
651,fast,http://id.worldcat.org/fast/1210272,Germany,5
651,fast,http://id.worldcat.org/fast/1210275,Pakistan,3
651,fast,http://id.worldcat.org/fast/1210276,India,2
651,fast,http://id.worldcat.org/fast/1210278,Belgium,6
651,fast,http://id.worldcat.org/fast/1210280,New York (State),1
651,fast,http://id.worldcat.org/fast/1210281,Soviet Union,1
651,fast,http://id.worldcat.org/fast/1210336,Texas,1
651,fast,http://id.worldcat.org/fast/1211700,Mexico,39
651,fast,http://id.worldcat.org/fast/1211882,British Columbia -- Vancouver,1
651,fast,http://id.worldcat.org/fast/1212006,China -- Xinjiang Uygur Zizhiqu,1
651,fast,http://id.worldcat.org/fast/1212610,Papua New Guinea,1
651,fast,http://id.worldcat.org/fast/1212902,Scotland -- Glasgow,1
651,fast,http://id.worldcat.org/fast/1212966,Massachusetts -- Quincy,1
651,fast,http://id.worldcat.org/fast/1214008,Florida -- Palmetto,1
651,fast,http://id.worldcat.org/fast/1214572,Massachusetts -- Gardner,1
651,fast,http://id.worldcat.org/fast/1218994,New York (State) -- Rosendale,1
651,fast,http://id.worldcat.org/fast/1219920,England,2
651,fast,http://id.worldcat.org/fast/1221658,Georgia (Republic),1
651,fast,http://id.worldcat.org/fast/1225025,Uzbekistan -- Khiva,1
651,fast,http://id.worldcat.org/fast/1225260,Lebanon -- Beirut,2
651,fast,http://id.worldcat.org/fast/1226682,Albania,1
651,fast,http://id.worldcat.org/fast/1228960,Iran -- Yazd,1
651,fast,http://id.worldcat.org/fast/1231371,Cuba -- Matanzas,9
651,fast,http://id.worldcat.org/fast/1232826,China -- Garze Zangzu Zizhizhou,1
651,fast,http://id.worldcat.org/fast/1239509,Africa,2
651,fast,http://id.worldcat.org/fast/1239752,Mediterranean Region,1
651,fast,http://id.worldcat.org/fast/1239786,America,2
651,fast,http://id.worldcat.org/fast/1239966,North America -- Mexican-American Border Region,2
651,fast,http://id.worldcat.org/fast/1239979,England -- Thames River,1
651,fast,http://id.worldcat.org/fast/1240021,Gaza Strip,1
651,fast,http://id.worldcat.org/fast/1240128,Arab countries,1
651,fast,http://id.worldcat.org/fast/1240227,Arctic Regions,1
651,fast,http://id.worldcat.org/fast/1240495,Asia,2
651,fast,http://id.worldcat.org/fast/1240497,Central Asia,1
651,fast,http://id.worldcat.org/fast/1241484,Balkan Peninsula,1
651,fast,http://id.worldcat.org/fast/1241579,Scotland -- Hebrides,1
651,fast,http://id.worldcat.org/fast/1241586,Middle East,1
651,fast,http://id.worldcat.org/fast/1242048,Himalaya Mountains,1
651,fast,http://id.worldcat.org/fast/1242475,North America,2
651,fast,http://id.worldcat.org/fast/1242982,Oceania,1
651,fast,http://id.worldcat.org/fast/1243320,Arctic Ocean -- White Sea,1
651,fast,http://id.worldcat.org/fast/1243455,Alaska -- Brooks Range,1
651,fast,http://id.worldcat.org/fast/1244080,Caribbean Area,1
651,fast,http://id.worldcat.org/fast/1244201,Pacific Ocean -- Islands of the Pacific,1
651,fast,http://id.worldcat.org/fast/1244288,Solar system,2
651,fast,http://id.worldcat.org/fast/1244349,Persian Gulf Region,2
651,fast,http://id.worldcat.org/fast/1244360,Wyoming -- Jackson Hole,1
651,fast,http://id.worldcat.org/fast/1244425,Caucasus,2
651,fast,http://id.worldcat.org/fast/1244458,North America -- Sonoran Desert,2
651,fast,http://id.worldcat.org/fast/1244520,South Asia,1
651,fast,http://id.worldcat.org/fast/1244544,Central Europe,2
651,fast,http://id.worldcat.org/fast/1244550,Southern States,3
651,fast,http://id.worldcat.org/fast/1244556,New Southwest,1
651,fast,http://id.worldcat.org/fast/1245058,Eurasia,1
651,fast,http://id.worldcat.org/fast/1245064,Europe,3
651,fast,http://id.worldcat.org/fast/1245079,Eastern Europe,2
651,fast,http://id.worldcat.org/fast/1245082,Southern Europe,1
651,fast,http://id.worldcat.org/fast/1245645,Polar regions,1
651,fast,http://id.worldcat.org/fast/1245897,Western Hemisphere,1
651,fast,http://id.worldcat.org/fast/1245945,Latin America,6
651,fast,http://id.worldcat.org/fast/1245970,Sun,2
651,fast,http://id.worldcat.org/fast/1246236,Chile -- Araucanía,1
651,fast,http://id.worldcat.org/fast/1256743,Czech Republic,4
651,fast,http://id.worldcat.org/fast/1260657,Uzbekistan,1
651,fast,http://id.worldcat.org/fast/1262050,Russia (Federation),1
651,fast,http://id.worldcat.org/fast/1262882,Georgia (Republic) -- Abkhazia,1
651,fast,http://id.worldcat.org/fast/1263963,Mexico -- San Pablito,1
651,fast,http://id.worldcat.org/fast/1269543,Mexico -- Iguala de la Independencia,1
651,fast,http://id.worldcat.org/fast/1270333,California -- San Joaquin Valley,1
651,fast,http://id.worldcat.org/fast/1271260,Louisiana -- New Orleans Batture,1
651,fast,http://id.worldcat.org/fast/1276594,Massachusetts -- Carlisle,1
651,fast,http://id.worldcat.org/fast/1278282,Mexico -- San Jerónimo Amanalco,1
651,fast,http://id.worldcat.org/fast/1286768,Russia (Federation) -- Kemʹ,2
651,fast,http://id.worldcat.org/fast/1292253,Washington (State) -- Southeast Seattle,1
651,fast,http://id.worldcat.org/fast/1308848,Arizona -- Grand Canyon National Park,1
651,fast,http://id.worldcat.org/fast/1310291,United States -- Death Valley,1
651,fast,http://id.worldcat.org/fast/1316233,China -- Beijing -- Tian'an Men,1
651,fast,http://id.worldcat.org/fast/1316330,California -- Los Angeles -- Hollywood Boulevard,1
651,fast,http://id.worldcat.org/fast/1316612,California -- Santa Clara Valley (Santa Clara County),1
651,fast,http://id.worldcat.org/fast/1317002,California -- Los Angeles -- Sunset Boulevard,1
651,fast,http://id.worldcat.org/fast/1327374,Turkey -- Kaş (Antalya İli),1
651,fast,http://id.worldcat.org/fast/1328820,China -- Suzhou (Jiangsu Sheng),1
651,fast,http://id.worldcat.org/fast/1330176,Mexico -- Sonora (State),1
651,fast,http://id.worldcat.org/fast/1330184,Mexico -- Guerrero (State),1
651,fast,http://id.worldcat.org/fast/1330865,Peru -- Huarochirí (Province),1
651,fast,http://id.worldcat.org/fast/1333540,Japan -- Mount Fuji,1
651,fast,http://id.worldcat.org/fast/1333716,Georgia -- Saint Simons Island (Island),2
651,fast,http://id.worldcat.org/fast/1333948,Asia -- Mount Everest,1
651,fast,http://id.worldcat.org/fast/1341028,Massachusetts -- North Shore (Coast),1
651,fast,http://id.worldcat.org/fast/1343044,Caucasus Region,1
651,fast,http://id.worldcat.org/fast/1347439,Middle East Region,1
651,fast,http://id.worldcat.org/fast/1713522,Mexico -- Campeche (Campeche),1
651,fast,http://id.worldcat.org/fast/1714547,Italy -- Naples -- Scampia,1
651,fast,http://id.worldcat.org/fast/1860481,Earth (Planet),1
651,fast,http://id.worldcat.org/fast/1876858,Belgium -- Neuville-en-Condroz,1
651,fast,http://id.worldcat.org/fast/1919583,Egypt -- Cairo -- Maydān al-Taḥrīr,1
651,fast,http://id.worldcat.org/fast/1922713,Universe,1
655,,,Artists' books,1
655,,,Conceptual art,1
655,,http://id.nlm.nih.gov/mesh/D019494,Catalog,1
655,aat,,Artists' books (books) -- 1979,1
655,aat,,Artists' books (books) -- 1981,1
655,aat,,Artists' books (books) -- 1991,2
655,aat,,Artists' books (books) -- 1997,1
655,aat,,Artists' books (books) -- 2014,2
655,aat,,Artists' books (books) -- 2016,2
655,aat,,Artists' books (books) -- 21st century,2
655,aat,,Artists' books (books) -- Argentina,29
655,aat,,Artists' books (books) -- Argentina -- 2012,1
655,aat,,Artists' books (books) -- Argentina -- Bahía Blanca,1
655,aat,,Artists' books (books) -- Argentina -- Buenos Aires,11
655,aat,,Artists' books (books) -- Arizona -- Tucson -- 2009,1
655,aat,,Artists' books (books) -- Australia,1
655,aat,,Artists' books (books) -- Belgium,2
655,aat,,Artists' books (books) -- Brazil -- 21st century,7
655,aat,,"Artists' books (books) -- Brooklyn (New York, N.Y.)",1
655,aat,,Artists' books (books) -- California,4
655,aat,,Artists' books (books) -- California -- 21st century,1
655,aat,,Artists' books (books) -- California -- Los Angeles,1
655,aat,,Artists' books (books) -- California -- Playa Vista,1
655,aat,,Artists' books (books) -- California -- San Francisco -- 21st century,1
655,aat,,Artists' books (books) -- California -- Santa Cruz -- 21st century,1
655,aat,,Artists' books (books) -- Canada,7
655,aat,,Artists' books (books) -- Chile,2
655,aat,,Artists' books (books) -- Colombia,3
655,aat,,Artists' books (books) -- Colombia -- Bogotá,6
655,aat,,Artists' books (books) -- Cuba,2
655,aat,,Artists' books (books) -- Cuba -- Matanzas,4
655,aat,,Artists' books (books) -- Cuba -- Matanzas -- 21st century,1
655,aat,,Artists' books (books) -- England,14
655,aat,,Artists' books (books) -- France,3
655,aat,,Artists' books (books) -- Georgia -- Atlanta,1
655,aat,,Artists' books (books) -- Georgia -- Atlanta -- 21st century,1
655,aat,,Artists' books (books) -- Germany,4
655,aat,,Artists' books (books) -- Great Britain,1
655,aat,,Artists' books (books) -- Illinois -- Chicago -- 21st century,7
655,aat,,Artists' books (books) -- Indiana,1
655,aat,,Artists' books (books) -- Indiana -- Indianapolis -- 21st century,1
655,aat,,Artists' books (books) -- Iran -- 21st century,2
655,aat,,Artists' books (books) -- Italy,6
655,aat,,Artists' books (books) -- Lietuva,1
655,aat,,Artists' books (books) -- Matanzas (Cuba),1
655,aat,,Artists' books (books) -- Mexico,15
655,aat,,Artists' books (books) -- Mexico -- 21st century,3
655,aat,,Artists' books (books) -- Michigan -- Kalamazoo,1
655,aat,,Artists' books (books) -- Netherlands,1
655,aat,,Artists' books (books) -- New Jersey,1
655,aat,,Artists' books (books) -- New York (State) -- Aurora -- 21st century,1
655,aat,,Artists' books (books) -- New York (State) -- New York,2
655,aat,,Artists' books (books) -- New York (State) -- New York -- 20th century,1
655,aat,,Artists' books (books) -- New York (State) -- New York -- 21st century,2
655,aat,,Artists' books (books) -- New York (State) -- Rochester -- 21st century,1
655,aat,,Artists' books (books) -- North Carolina,8
655,aat,,Artists' books (books) -- North Carolina -- 21st century,3
655,aat,,Artists' books (books) -- North Carolina -- Chapel Hill,10
655,aat,,Artists' books (books) -- North Carolina -- Durham,1
655,aat,,Artists' books (books) -- North Carolina -- Raleigh,1
655,aat,,Artists' books (books) -- Norway,1
655,aat,,Artists' books (books) -- Nova Scotia -- Halifax,1
655,aat,,Artists' books (books) -- Oregon -- Portland -- 21st century,2
655,aat,,Artists' books (books) -- Pennsylvania,1
655,aat,,Artists' books (books) -- Pennsylvania -- Philadelphia -- 21st century,1
655,aat,,Artists' books (books) -- Peru,2
655,aat,,Artists' books (books) -- Québec (Province) -- Montréal,1
655,aat,,Artists' books (books) -- Scotland,2
655,aat,,Artists' books (books) -- Spain,10
655,aat,,Artists' books (books) -- Spain -- Madrid,1
655,aat,,Artists' books (books) -- Sweden,1
655,aat,,Artists' books (books) -- Tel Aviv,1
655,aat,,Artists' books (books) -- United States,293
655,aat,,Artists' books (books) -- United States -- 1998,2
655,aat,,Artists' books (books) -- United States -- 20th century,20
655,aat,,Artists' books (books) -- United States -- Florida -- 2015,1
655,aat,,Artists' books (books) -- United States -- Iowa -- 2015,1
655,aat,,Artists' books (books) -- United States -- abstracts (summaries),1
655,aat,,Artists' books (books) -- Uruguay,2
655,aat,,Artists' books (books) -- Virginia,1
655,aat,,Artists' books (books) -- Virginia -- Charlottesville -- 21st century,1
655,aat,,Artists' books (books) -- Virginia -- Richmond,1
655,aat,,Artists' books (books) -- Washington (D.C.) -- 21st century,1
655,aat,,Artists' books (books) -- Wisconsin -- 21st century,1
655,aat,,Book objects -- Mexico -- 21st century,3
655,aat,,Card games (game sets) -- Mexico -- 21st century,1
655,aat,,Comic books -- Chile,2
655,aat,,Comic books -- Scotland -- Glasgow,3
655,aat,,Die cutting -- Great Britain -- 21st century,1
655,aat,,Digital art (visual works) -- 2016,1
655,aat,,Documentary photography -- Spain -- 21st century,1
655,aat,,Documentary photography -- Spain -- Madrid -- 2013,1
655,aat,,Fanzines -- Chile,2
655,aat,,Papier-mâché sculpture -- Mexico,1
655,aat,,Photobooks -- 20th century,4
655,aat,,Photobooks -- 21st century,50
655,aat,,Photobooks -- Brazil,1
655,aat,,Photobooks -- Colombia,2
655,aat,,Photobooks -- Georgia -- Atlanta -- 21st century,1
655,aat,,Photobooks -- Iran,2
655,aat,,Photobooks -- Iran -- 21st century,1
655,aat,,Photobooks -- North Carolina -- 21st century,2
655,aat,,Photobooks -- United States -- 20th century,1
655,aat,,Pop-up books -- United States,1
655,aat,,Posters -- Mexico -- 21st century,1
655,aat,,Woodcuts (prints) -- Italy,1
655,aat,,artists' books (books) -- Argentina,1
655,aat,http://vocab.getty.edu/aat/300011734,Earth (soil),1
655,aat,http://vocab.getty.edu/aat/300011914,Wood (plant material),1
655,aat,http://vocab.getty.edu/aat/300014076,Burlap,3
655,aat,http://vocab.getty.edu/aat/300014078,Canvas (textile material),1
655,aat,http://vocab.getty.edu/aat/300014130,Rag paper,1
655,aat,http://vocab.getty.edu/aat/300014145,Tissue paper,2
655,aat,http://vocab.getty.edu/aat/300014224,Cardboard,4
655,aat,http://vocab.getty.edu/aat/300014247,Cord (fiber product),2
655,aat,http://vocab.getty.edu/aat/300014249,String (fiber product),1
655,aat,http://vocab.getty.edu/aat/300014252,Yarn,2
655,aat,http://vocab.getty.edu/aat/300014341,Sand,2
655,aat,http://vocab.getty.edu/aat/300014614,Blocks (shaped masses),1
655,aat,http://vocab.getty.edu/aat/300014634,Dowels,1
655,aat,http://vocab.getty.edu/aat/300014668,Ribbon (material),2
655,aat,http://vocab.getty.edu/aat/300014681,Sticks (object genre),1
655,aat,http://vocab.getty.edu/aat/300015577,Foldouts,1
655,aat,http://vocab.getty.edu/aat/300024549,Magnets,1
655,aat,http://vocab.getty.edu/aat/300026059,Catalogs (documents),1
655,aat,http://vocab.getty.edu/aat/300026096,Exhibition catalogs,1
655,aat,http://vocab.getty.edu/aat/300026819,Picture postcards,2
655,aat,http://vocab.getty.edu/aat/300028577,Typescripts,1
655,aat,http://vocab.getty.edu/aat/300028629,Scrolls (information artifacts),3
655,aat,http://vocab.getty.edu/aat/300028705,Signatures (names),2
655,aat,http://vocab.getty.edu/aat/300028882,Erotica,1
655,aat,http://vocab.getty.edu/aat/300033565,Nails (fasteners),1
655,aat,http://vocab.getty.edu/aat/300036363,Fasteners,1
655,aat,http://vocab.getty.edu/aat/300041273,Prints (visual works),5
655,aat,http://vocab.getty.edu/aat/300041366,Aquatints (prints),1
655,aat,http://vocab.getty.edu/aat/300041379,Lithographs,3
655,aat,http://vocab.getty.edu/aat/300041391,Relief prints,2
655,aat,http://vocab.getty.edu/aat/300041393,Linocuts (prints),9
655,aat,http://vocab.getty.edu/aat/300041405,Woodcuts (prints),3
655,aat,http://vocab.getty.edu/aat/300041523,Embossed prints,2
655,aat,http://vocab.getty.edu/aat/300045627,Bottles,1
655,aat,http://vocab.getty.edu/aat/300045643,Boxes (containers),4
655,aat,http://vocab.getty.edu/aat/300045657,Cans (containers),1
655,aat,http://vocab.getty.edu/aat/300045659,Cases (containers),1
655,aat,http://vocab.getty.edu/aat/300046300,Photographs,1
655,aat,http://vocab.getty.edu/aat/300053228,Drypoint (printing process),1
655,aat,http://vocab.getty.edu/aat/300053241,Etching (printing process),1
655,aat,http://vocab.getty.edu/aat/300053275,Photolithography,1
655,aat,http://vocab.getty.edu/aat/300053281,Screen printing,3
655,aat,http://vocab.getty.edu/aat/300053289,Block printing (relief printing process),2
655,aat,http://vocab.getty.edu/aat/300053324,Overprinting,1
655,aat,http://vocab.getty.edu/aat/300053436,Pochoir (technique),2
655,aat,http://vocab.getty.edu/aat/300055931,Poetry,1
655,aat,http://vocab.getty.edu/aat/300055932,Concrete poetry,1
655,aat,http://vocab.getty.edu/aat/300056219,Translucency,3
655,aat,http://vocab.getty.edu/aat/300068579,Cut-paper work,11
655,aat,http://vocab.getty.edu/aat/300100194,Line drawings (drawings),1
655,aat,http://vocab.getty.edu/aat/300121295,Limited editions,2
655,aat,http://vocab.getty.edu/aat/300123016,Artists' books (books),27
655,aat,http://vocab.getty.edu/aat/300124117,Plant material,1
655,aat,http://vocab.getty.edu/aat/300127269,Manipulated photographs,1
655,aat,http://vocab.getty.edu/aat/300133032,Cubes (geometric figures),1
655,aat,http://vocab.getty.edu/aat/300133555,Hand coloring,1
655,aat,http://vocab.getty.edu/aat/300134997,Film stills,1
655,aat,http://vocab.getty.edu/aat/300138699,Collage (technique),31
655,aat,http://vocab.getty.edu/aat/300152367,Chapbooks,1
655,aat,http://vocab.getty.edu/aat/300162056,Black-and-white photography,1
655,aat,http://vocab.getty.edu/aat/300162391,Cloth,3
655,aat,http://vocab.getty.edu/aat/300163347,Mixed media,1
655,aat,http://vocab.getty.edu/aat/300163644,Deed books,1
655,aat,http://vocab.getty.edu/aat/300178463,Handscrolls,1
655,aat,http://vocab.getty.edu/aat/300178549,Impressions (prints),1
655,aat,http://vocab.getty.edu/aat/300178594,Art photography,2
655,aat,http://vocab.getty.edu/aat/300178688,Screen prints,9
655,aat,http://vocab.getty.edu/aat/300178926,Letterpress printing,7
655,aat,http://vocab.getty.edu/aat/300183668,Construction paper,2
655,aat,http://vocab.getty.edu/aat/300183813,Hosho,1
655,aat,http://vocab.getty.edu/aat/300185694,Sails,1
655,aat,http://vocab.getty.edu/aat/300191818,Handmade,1
655,aat,http://vocab.getty.edu/aat/300194347,Visual poetry,1
655,aat,http://vocab.getty.edu/aat/300194509,Bags (generic containers),1
655,aat,http://vocab.getty.edu/aat/300195133,Book jackets,1
655,aat,http://vocab.getty.edu/aat/300197601,Envelopes,2
655,aat,http://vocab.getty.edu/aat/300198929,Portfolios (containers),1
655,aat,http://vocab.getty.edu/aat/300199780,Ollas (vessels),1
655,aat,http://vocab.getty.edu/aat/300200572,Folded books,15
655,aat,http://vocab.getty.edu/aat/300201033,Flip books,3
655,aat,http://vocab.getty.edu/aat/300201034,Pop-up books,7
655,aat,http://vocab.getty.edu/aat/300202344,Hand binding,2
655,aat,http://vocab.getty.edu/aat/300207379,Stickers,1
655,aat,http://vocab.getty.edu/aat/300211072,Blocks (toys),1
655,aat,http://vocab.getty.edu/aat/300211178,Paper dolls,1
655,aat,http://vocab.getty.edu/aat/300211392,Wrappers (book covers),1
655,aat,http://vocab.getty.edu/aat/300212499,Shirts (main garments),1
655,aat,http://vocab.getty.edu/aat/300216195,Handkerchiefs,1
655,aat,http://vocab.getty.edu/aat/300216739,Pockets (bags),1
655,aat,http://vocab.getty.edu/aat/300217923,Packs of cards,1
655,aat,http://vocab.getty.edu/aat/300231732,Printed textile materials,2
655,aat,http://vocab.getty.edu/aat/300233399,Die cutting,1
655,aat,http://vocab.getty.edu/aat/300233405,Impressing,1
655,aat,http://vocab.getty.edu/aat/300234006,Beads (pierced objects),1
655,aat,http://vocab.getty.edu/aat/300239001,Stamping (marking),2
655,aat,http://vocab.getty.edu/aat/300239307,Ties (fasteners),1
655,aat,http://vocab.getty.edu/aat/300247399,Life preservers,1
655,aat,http://vocab.getty.edu/aat/300251499,Concrete poems,1
655,aat,http://vocab.getty.edu/aat/300252980,Fanzines,1
655,aat,http://vocab.getty.edu/aat/300253051,Cords (binding components),1
655,aat,http://vocab.getty.edu/aat/300253104,Interleaving,1
655,aat,http://vocab.getty.edu/aat/300253366,Dos-à-dos bindings,2
655,aat,http://vocab.getty.edu/aat/300255863,Acetate film,1
655,aat,http://vocab.getty.edu/aat/300257224,Board books,1
655,aat,http://vocab.getty.edu/aat/300257370,Double leaves,1
655,aat,http://vocab.getty.edu/aat/300257411,Cutouts,3
655,aat,http://vocab.getty.edu/aat/300262844,Stamps (marks),1
655,aat,http://vocab.getty.edu/aat/300263000,Spiral bindings,6
655,aat,http://vocab.getty.edu/aat/300263587,Coptic bindings,1
655,aat,http://vocab.getty.edu/aat/300263749,Cloth books (books),1
655,aat,http://vocab.getty.edu/aat/300264038,Crochet (needlework),1
655,aat,http://vocab.getty.edu/aat/300264218,Pamphlet bindings,1
655,aat,http://vocab.getty.edu/aat/300264640,Vinylcuts,1
655,aat,http://vocab.getty.edu/aat/300264827,Conceptual,1
655,aat,http://vocab.getty.edu/aat/300265621,Inkjet prints,1
655,aat,http://vocab.getty.edu/aat/300265728,Photobooks,2
655,aat,http://vocab.getty.edu/aat/300310088,Broadsheet (format),1
655,aat,http://vocab.getty.edu/aat/300375519,Kozo (paper),1
655,aat,http://vocab.getty.edu/aat/300375674,Staple bindings,2
655,aat,http://vocab.getty.edu/aat/300379073,Foil stamping,1
655,aat,http://vocab.getty.edu/aat/300411543,Handmade paper,4
655,aat,http://vocab.getty.edu/aat/300417532,Accordion folding,1
655,aat,http://vocab.getty.edu/aat/300417761,Cloth bindings (bookbindings),1
655,aat,http://vocab.getty.edu/aat/300422132,Book slipcases,1
655,aat,http://vocab.getty.edu/aat/300429554,Newspaper clippings,1
655,aat,http://vocab.getty.edu/aat/300435283,Stencil prints,1
655,aat,http://vocab.getty.edu/aat/300438814,Accordion books,3
655,abo.org,,Appropriated text,42
655,abo.org,,Photographic sequence,42
655,abo.org,,Visiual narrative,1
655,abo.org,,Visual narrative,24
655,czenas,,Deníky,1
655,czenas,,Diaries,1
655,czenas,,Documents,1
655,czenas,,Dokumenty,1
655,czenas,,Fotografické publikace,1
655,czenas,,Photographical works,1
655,czenas,,Příběhy,1
655,czenas,,Stories,1
655,fast,,Artists' books,2
655,fast,,Biographies -- Pictorial works,1
655,fast,,Poetry,1
655,fast,,Specimens,1
655,fast,http://id.worldcat.org/fast/1411628,History,52
655,fast,http://id.worldcat.org/fast/1411635,"Criticism, interpretation, etc",2
655,fast,http://id.worldcat.org/fast/1411637,Juvenile works,6
655,fast,http://id.worldcat.org/fast/1411641,Periodicals,9
655,fast,http://id.worldcat.org/fast/1411642,Facsimiles,21
655,fast,http://id.worldcat.org/fast/1423683,Abstracts,1
655,fast,http://id.worldcat.org/fast/1423689,Photographs,13
655,fast,http://id.worldcat.org/fast/1423691,Caricatures and cartoons,6
655,fast,http://id.worldcat.org/fast/1423692,Catalogs,7
655,fast,http://id.worldcat.org/fast/1423696,Humor,5
655,fast,http://id.worldcat.org/fast/1423702,Art,15
655,fast,http://id.worldcat.org/fast/1423704,Maps,5
655,fast,http://id.worldcat.org/fast/1423705,Texts,5
655,fast,http://id.worldcat.org/fast/1423765,Case studies,3
655,fast,http://id.worldcat.org/fast/1423772,Conference papers and proceedings,1
655,fast,http://id.worldcat.org/fast/1423783,Problems and exercises,1
655,fast,http://id.worldcat.org/fast/1423784,Folklore,6
655,fast,http://id.worldcat.org/fast/1423786,"Glossaries, vocabularies, etc",1
655,fast,http://id.worldcat.org/fast/1423787,Fiction,21
655,fast,http://id.worldcat.org/fast/1423791,Translations,3
655,fast,http://id.worldcat.org/fast/1423792,Quotations,11
655,fast,http://id.worldcat.org/fast/1423794,Diaries,1
655,fast,http://id.worldcat.org/fast/1423807,Pictorial maps,1
655,fast,http://id.worldcat.org/fast/1423820,"Notebooks, sketchbooks, etc",3
655,fast,http://id.worldcat.org/fast/1423821,Obituaries,2
655,fast,http://id.worldcat.org/fast/1423826,Dictionaries,2
655,fast,http://id.worldcat.org/fast/1423828,Poetry,56
655,fast,http://id.worldcat.org/fast/1423831,Portraits,24
655,fast,http://id.worldcat.org/fast/1423832,Interviews,4
655,fast,http://id.worldcat.org/fast/1423840,"Parodies, imitations, etc",2
655,fast,http://id.worldcat.org/fast/1423843,Personal narratives,23
655,fast,http://id.worldcat.org/fast/1423846,Popular works,1
655,fast,http://id.worldcat.org/fast/1423861,Specimens,324
655,fast,http://id.worldcat.org/fast/1423871,Guidebooks,1
655,fast,http://id.worldcat.org/fast/1423873,Illustrated works,149
655,fast,http://id.worldcat.org/fast/1423876,Anecdotes,4
655,fast,http://id.worldcat.org/fast/1423877,Handbooks and manuals,2
655,fast,http://id.worldcat.org/fast/1423880,Terminology,2
655,fast,http://id.worldcat.org/fast/1423910,Adaptations,1
655,fast,http://id.worldcat.org/fast/1424028,Exhibition catalogs,65
655,fast,http://id.worldcat.org/fast/1726537,Biographical fiction,1
655,fast,http://id.worldcat.org/fast/1726570,Concrete poetry,11
655,fast,http://id.worldcat.org/fast/1726615,Flip books,1
655,fast,http://id.worldcat.org/fast/1726630,Graphic novels,1
655,fast,http://id.worldcat.org/fast/1726662,Love songs,1
655,fast,http://id.worldcat.org/fast/1726707,Postcards,4
655,fast,http://id.worldcat.org/fast/1726740,Short stories,4
655,fast,http://id.worldcat.org/fast/1726766,Toy and movable books,11
655,fast,http://id.worldcat.org/fast/1726770,Video games,1
655,fast,http://id.worldcat.org/fast/1726771,Visual poetry,17
655,fast,http://id.worldcat.org/fast/1726776,Western fiction,1
655,fast,http://id.worldcat.org/fast/1726787,Games,1
655,fast,http://id.worldcat.org/fast/1750153,Artists' books,963
655,fast,http://id.worldcat.org/fast/1752725,Cookbooks,1
655,fast,http://id.worldcat.org/fast/1774325,Fotonovelas,1
655,fast,http://id.worldcat.org/fast/1919894,Autobiographies,2
655,fast,http://id.worldcat.org/fast/1919895,Bibliographies,4
655,fast,http://id.worldcat.org/fast/1919896,Biographies,24
655,fast,http://id.worldcat.org/fast/1919915,Death registers,1
655,fast,http://id.worldcat.org/fast/1919922,Essays,1
655,fast,http://id.worldcat.org/fast/1919936,Lift-the-flap books,1
655,fast,http://id.worldcat.org/fast/1919950,Photobooks,39
655,fast,http://id.worldcat.org/fast/1919955,Pop-up books,4
655,fast,http://id.worldcat.org/fast/1919958,Puzzles and games,2
655,fast,http://id.worldcat.org/fast/1919964,Registers (Lists),1
655,fast,http://id.worldcat.org/fast/1919971,Split-page books,1
655,fast,http://id.worldcat.org/fast/1919987,Zines,5
655,fast,http://id.worldcat.org/fast/1920770,Braille books,1
655,fast,http://id.worldcat.org/fast/1920779,Sayings,1
655,fast,http://id.worldcat.org/fast/1921613,Comics (Graphic works),13
655,fast,http://id.worldcat.org/fast/1921663,Found poetry,2
655,fast,http://id.worldcat.org/fast/1921680,Haiku,1
655,fast,http://id.worldcat.org/fast/1921748,Trivia and miscellanea,5
655,fast,http://id.worldcat.org/fast/1922440,Flash fiction,2
655,fast,http://id.worldcat.org/fast/1922530,Road fiction,1
655,fast,http://id.worldcat.org/fast/1922578,Utopian fiction,1
655,fast,http://id.worldcat.org/fast/1941036,Festschriften,1
655,fast,http://id.worldcat.org/fast/1941319,Paper dolls,1
655,fast,http://id.worldcat.org/fast/1941322,Erasure poetry,1
655,fast,http://id.worldcat.org/fast/1941332,Political poetry,1
655,fast,http://id.worldcat.org/fast/1985328,Songs and music,1
655,fast,http://id.worldcat.org/fast/1986233,Woodcuts,1
655,fast,http://id.worldcat.org/fast/1986255,Screen prints,1
655,fast,http://id.worldcat.org/fast/1986256,Collages,1
655,fast,http://id.worldcat.org/fast/1986261,Lithographs,1
655,fast,http://id.worldcat.org/fast/1986270,Documentary photographs,1
655,fast,http://id.worldcat.org/fast/2003288,Correspondence,4
655,fast,http://id.worldcat.org/fast/2008859,Art and the war,7
655,gmgpc,,Photographs,1
655,gmgpc,,Playing cards,1
655,lcgft,,Address books,1
655,lcgft,,Architectural photography,1
655,lcgft,,Art calendars,1
655,lcgft,,Artists' book,1
655,lcgft,,Artists' books,2
655,lcgft,,Artists' writings,1
655,lcgft,,Collage,3
655,lcgft,,Conceptual art,5
655,lcgft,,Creative -- nonfiction,1
655,lcgft,,Documentary photography,3
655,lcgft,,Imaginary biography,1
655,lcgft,,Landscape photography,2
655,lcgft,,"Literature, Experimental",1
655,lcgft,,Miniature books,2
655,lcgft,,Performance art,3
655,lcgft,,"Photography, Artistic",112
655,lcgft,,Poetry,1
655,lcgft,,Telegraphs,1
655,lcgft,,Toys and movable books,1
655,lcgft,,Triptychs,1
655,lcgft,http://id.loc.gov/authorities/genreForms/gf2011026169,Cookbooks,1
655,lcgft,http://id.loc.gov/authorities/genreForms/gf2011026441,Pictorial maps,1
655,lcgft,http://id.loc.gov/authorities/genreForms/gf2014026047,Autobiographies,2
655,lcgft,http://id.loc.gov/authorities/genreForms/gf2014026053,Braille books,1
655,lcgft,http://id.loc.gov/authorities/genreForms/gf2014026057,Catalogs,1
655,lcgft,http://id.loc.gov/authorities/genreForms/gf2014026082,Death registers,1
655,lcgft,http://id.loc.gov/authorities/genreForms/gf2014026084,Derivative works,2
655,lcgft,http://id.loc.gov/authorities/genreForms/gf2014026086,Dictionaries,3
655,lcgft,http://id.loc.gov/authorities/genreForms/gf2014026094,Essays,1
655,lcgft,http://id.loc.gov/authorities/genreForms/gf2014026098,Exhibition catalogs,5
655,lcgft,http://id.loc.gov/authorities/genreForms/gf2014026105,Flip books,2
655,lcgft,http://id.loc.gov/authorities/genreForms/gf2014026110,Humor,6
655,lcgft,http://id.loc.gov/authorities/genreForms/gf2014026111,Illustrated works,9
655,lcgft,http://id.loc.gov/authorities/genreForms/gf2014026115,Interviews,1
655,lcgft,http://id.loc.gov/authorities/genreForms/gf2014026123,Lift-the-flap books,1
655,lcgft,http://id.loc.gov/authorities/genreForms/gf2014026133,Notebooks,3
655,lcgft,http://id.loc.gov/authorities/genreForms/gf2014026134,Obituaries,1
655,lcgft,http://id.loc.gov/authorities/genreForms/gf2014026141,Personal correspondence,1
655,lcgft,http://id.loc.gov/authorities/genreForms/gf2014026142,Personal narratives,2
655,lcgft,http://id.loc.gov/authorities/genreForms/gf2014026144,Photobooks,39
655,lcgft,http://id.loc.gov/authorities/genreForms/gf2014026150,Pop-up books,5
655,lcgft,http://id.loc.gov/authorities/genreForms/gf2014026151,Postcards,4
655,lcgft,http://id.loc.gov/authorities/genreForms/gf2014026158,Puzzles and games,2
655,lcgft,http://id.loc.gov/authorities/genreForms/gf2014026166,Registers (Lists),1
655,lcgft,http://id.loc.gov/authorities/genreForms/gf2014026170,Sayings,11
655,lcgft,http://id.loc.gov/authorities/genreForms/gf2014026179,Split-page books,1
655,lcgft,http://id.loc.gov/authorities/genreForms/gf2014026197,Toy and movable books,5
655,lcgft,http://id.loc.gov/authorities/genreForms/gf2014026201,Trivia and miscellanea,7
655,lcgft,http://id.loc.gov/authorities/genreForms/gf2014026210,Zines,6
655,lcgft,http://id.loc.gov/authorities/genreForms/gf2014026246,Biographical fiction,1
655,lcgft,http://id.loc.gov/authorities/genreForms/gf2014026266,Comics (Graphic works),13
655,lcgft,http://id.loc.gov/authorities/genreForms/gf2014026270,Concrete poetry,11
655,lcgft,http://id.loc.gov/authorities/genreForms/gf2014026297,Drama,1
655,lcgft,http://id.loc.gov/authorities/genreForms/gf2014026339,Fiction,48
655,lcgft,http://id.loc.gov/authorities/genreForms/gf2014026342,Folk literature,8
655,lcgft,http://id.loc.gov/authorities/genreForms/gf2014026346,Found poetry,2
655,lcgft,http://id.loc.gov/authorities/genreForms/gf2014026362,Graphic novels,1
655,lcgft,http://id.loc.gov/authorities/genreForms/gf2014026366,Haiku,1
655,lcgft,http://id.loc.gov/authorities/genreForms/gf2014026481,Poetry,119
655,lcgft,http://id.loc.gov/authorities/genreForms/gf2014026513,Road fiction,1
655,lcgft,http://id.loc.gov/authorities/genreForms/gf2014026542,Short stories,12
655,lcgft,http://id.loc.gov/authorities/genreForms/gf2014026543,Flash fiction,2
655,lcgft,http://id.loc.gov/authorities/genreForms/gf2014026583,Utopian fiction,1
655,lcgft,http://id.loc.gov/authorities/genreForms/gf2014026588,Visual poetry,17
655,lcgft,http://id.loc.gov/authorities/genreForms/gf2014026594,Western fiction,1
655,lcgft,http://id.loc.gov/authorities/genreForms/gf2014026912,Love songs,1
655,lcgft,http://id.loc.gov/authorities/genreForms/gf2015026020,Novels,3
655,lcgft,http://id.loc.gov/authorities/genreForms/gf2015026060,Paper dolls,1
655,lcgft,http://id.loc.gov/authorities/genreForms/gf2016026017,Erasure poetry,1
655,lcgft,http://id.loc.gov/authorities/genreForms/gf2016026082,Festschriften,1
655,lcgft,http://id.loc.gov/authorities/genreForms/gf2016026085,Political poetry,1
655,lcgft,http://id.loc.gov/authorities/genreForms/gf2017027220,Artists' books,975
655,lcgft,http://id.loc.gov/authorities/genreForms/gf2017027227,Collages,1
655,lcgft,http://id.loc.gov/authorities/genreForms/gf2017027230,Documentary photographs,1
655,lcgft,http://id.loc.gov/authorities/genreForms/gf2017027241,Lithographs,1
655,lcgft,http://id.loc.gov/authorities/genreForms/gf2017027251,Pictures,6
655,lcgft,http://id.loc.gov/authorities/genreForms/gf2017027258,Screen prints,1
655,lcgft,http://id.loc.gov/authorities/genreForms/gf2017027262,Sketchbooks,3
655,lcgft,http://id.loc.gov/authorities/genreForms/gf2017027269,Woodcuts,1
655,lcgft,http://id.loc.gov/authorities/genreForms/gf2022026082,Accordion fold books,3
655,local,,Altered books -- Spain,1
655,local,,Artists' books -- United States,2
655,local,,Conceptual art,2
655,local,,Conceptual bookworks,1
655,local,,Corrugated paperboard bindings,1
655,local,,Graduated fore-edges,2
655,local,,Stab binding,1
655,local,,Typographic art,18
655,rbgen,,Artists' books -- Scotland -- Glasgow,1
655,rbgenr,,Artists' books -- New York (State) -- Rosendale -- 2019,1
655,rbmscv,,Accordion fold format -- Argentina -- Buenos Aires -- 21st century,1
655,rbmscv,,Accordion fold format -- Cuba -- Matanzas -- 21st century,1
655,rbmscv,,Accordion fold format -- Mexico,4
655,rbmscv,,Accordion fold format -- Mexico -- 21st century,1
655,rbmscv,,Artists' books -- 1987,1
655,rbmscv,,Artists' books -- 2000-2009,1
655,rbmscv,,Artists' books -- 2011,1
655,rbmscv,,Artists' books -- 2013,4
655,rbmscv,,Artists' books -- 2014,1
655,rbmscv,,Artists' books -- 21st century,4
655,rbmscv,,Artists' books -- Alabama,1
655,rbmscv,,Artists' books -- Argentina,3
655,rbmscv,,Artists' books -- Argentina -- 2012,3
655,rbmscv,,Artists' books -- Argentina -- Buenos Aires,1
655,rbmscv,,Artists' books -- Argentina -- Buenos Aires -- 20th century,1
655,rbmscv,,Artists' books -- Argentina -- Buenos Aires -- 21st century,6
655,rbmscv,,Artists' books -- Argentina -- Córdoba -- 21st century,1
655,rbmscv,,Artists' books -- Australia,2
655,rbmscv,,Artists' books -- Belgium,7
655,rbmscv,,Artists' books -- Belgium -- 21st century,1
655,rbmscv,,Artists' books -- Brazil,6
655,rbmscv,,Artists' books -- California -- Los Angeles -- 2014,3
655,rbmscv,,Artists' books -- California -- San Francisco -- 21st century,1
655,rbmscv,,Artists' books -- Canada,1
655,rbmscv,,Artists' books -- Chile,5
655,rbmscv,,Artists' books -- Colombia,14
655,rbmscv,,Artists' books -- Colombia -- 2010,1
655,rbmscv,,Artists' books -- Colombia -- 21st century,1
655,rbmscv,,Artists' books -- Colombia -- Bogotá,10
655,rbmscv,,Artists' books -- Colombia -- Bogotá -- 21st century,3
655,rbmscv,,Artists' books -- Cuba,3
655,rbmscv,,Artists' books -- Cuba -- 21st century,2
655,rbmscv,,Artists' books -- Cuba -- Matanzas,18
655,rbmscv,,Artists' books -- Cuba -- Matanzas -- 2010,1
655,rbmscv,,Artists' books -- Cuba -- Matanzas -- 2013,1
655,rbmscv,,Artists' books -- Cuba -- Matanzas -- 2014,3
655,rbmscv,,Artists' books -- Cuba -- Matanzas -- 2016,2
655,rbmscv,,Artists' books -- Cuba -- Matanzas -- 20th century,1
655,rbmscv,,Artists' books -- Cuba -- Matanzas -- 21st century,24
655,rbmscv,,Artists' books -- Czech Republic -- Brno -- 21st century,1
655,rbmscv,,Artists' books -- England -- London,4
655,rbmscv,,Artists' books -- Finland -- 2013,1
655,rbmscv,,Artists' books -- France -- 2006,1
655,rbmscv,,Artists' books -- Georgia,2
655,rbmscv,,Artists' books -- Georgia -- Atlanta -- 1998,1
655,rbmscv,,Artists' books -- Germany -- Berlin -- 2009,1
655,rbmscv,,Artists' books -- Guatemala -- 21st century,3
655,rbmscv,,Artists' books -- Illinois -- Chicago -- 2006,1
655,rbmscv,,Artists' books -- Illinois -- Chicago -- 2010-2019,2
655,rbmscv,,Artists' books -- Illinois -- Chicago -- 2013-2014,1
655,rbmscv,,Artists' books -- Illinois -- Chicago -- 2015,2
655,rbmscv,,Artists' books -- Illinois -- Glenview -- 2008,1
655,rbmscv,,Artists' books -- Iowa -- Iowa City -- 2014,1
655,rbmscv,,Artists' books -- Iran,8
655,rbmscv,,Artists' books -- Ireland,1
655,rbmscv,,Artists' books -- Mexico,28
655,rbmscv,,Artists' books -- Mexico -- 2014,2
655,rbmscv,,Artists' books -- Mexico -- 2015,1
655,rbmscv,,Artists' books -- Mexico -- 21st century,16
655,rbmscv,,Artists' books -- Mexico -- Cuernavaca -- 21st century,1
655,rbmscv,,Artists' books -- Mexico -- Mexico City,1
655,rbmscv,,Artists' books -- Mexico -- San Pablito,1
655,rbmscv,,Artists' books -- Minnesota,4
655,rbmscv,,Artists' books -- Minnesota -- Saint Cloud,1
655,rbmscv,,Artists' books -- Netherlands,1
655,rbmscv,,Artists' books -- New York (State) -- New York,1
655,rbmscv,,Artists' books -- New York (State) -- New York -- 2015,1
655,rbmscv,,Artists' books -- New York (State) -- Rochester,1
655,rbmscv,,Artists' books -- New York (State) -- Rosendale -- 21st century,1
655,rbmscv,,Artists' books -- North Carolina,7
655,rbmscv,,Artists' books -- North Carolina -- 2010-2019,1
655,rbmscv,,Artists' books -- North Carolina -- Chapel Hill,1
655,rbmscv,,Artists' books -- North Carolina -- Chapel Hill -- 21sth century,1
655,rbmscv,,Artists' books -- North Carolina -- Durham,1
655,rbmscv,,Artists' books -- North Carolina -- Raleigh,1
655,rbmscv,,Artists' books -- Oregon -- Portland,1
655,rbmscv,,Artists' books -- Pakistan,2
655,rbmscv,,Artists' books -- Paraguay -- Asunción -- 21st century,1
655,rbmscv,,Artists' books -- Peru,4
655,rbmscv,,Artists' books -- Peru -- Huancayo,1
655,rbmscv,,Artists' books -- Saskatchewan -- 2014,1
655,rbmscv,,Artists' books -- Scotland -- Glasgow,2
655,rbmscv,,Artists' books -- South Africa,1
655,rbmscv,,Artists' books -- Spain,4
655,rbmscv,,Artists' books -- Spain -- 2013,1
655,rbmscv,,Artists' books -- Spain -- 21st century,4
655,rbmscv,,Artists' books -- Spain -- Barcelona -- 2013,1
655,rbmscv,,Artists' books -- Spain -- Barcelona -- 21st century,1
655,rbmscv,,Artists' books -- Spain -- Bilbao -- 21st century,1
655,rbmscv,,Artists' books -- Spain -- Madrid -- 2013,1
655,rbmscv,,Artists' books -- Spain -- Madrid -- 21st century,2
655,rbmscv,,Artists' books -- Spain -- Seville,2
655,rbmscv,,Artists' books -- Switzerland -- 2009,1
655,rbmscv,,Artists' books -- Texas -- El Paso,1
655,rbmscv,,Artists' books -- United States,18
655,rbmscv,,Artists' books -- United States -- 2015,2
655,rbmscv,,Artists' books -- United States -- Minnesota,1
655,rbmscv,,Artists' bookszUnited States,1
655,rbmscv,,Authors' autographs -- Knudson -- 2015,1
655,rbmscv,,Authors' autographs -- Zimmermann -- 2009,1
655,rbmscv,,Bookmarks -- Cuba -- Matanzas -- 21st century,1
655,rbmscv,,Chapbooks -- Cuba -- Matanzas -- 20th century,1
655,rbmscv,,Comic books -- Spain -- 21st century,1
655,rbmscv,,Corrugated board bindings,1
655,rbmscv,,Corrugated board bindings -- Argentina -- Córdoba -- 21st century,5
655,rbmscv,,Corrugated board bindings -- Chile,5
655,rbmscv,,Corrugated board bindings -- Cuba -- Matanzas -- 21st century,1
655,rbmscv,,Corrugated board bindings -- Mexico -- Cuernavaca -- 21st century,2
655,rbmscv,,Corrugated board bindings -- Spain -- 21st century,1
655,rbmscv,,Decorated paper bindings -- Cuba -- Matanzas -- 21st century,9
655,rbmscv,,Endpapers -- Cuba -- Matanzas -- 21st century,2
655,rbmscv,,Fanzines -- Colombia,2
655,rbmscv,,Fanzines -- Mexico -- 21st century,1
655,rbmscv,,Fanzines -- Peru,3
655,rbmscv,,Handmade papers -- Mexico -- 21st century,2
655,rbmscv,,Handmade papers -- Michigan,1
655,rbmscv,,Limitation statements -- Colombia -- Bogotá -- 21st century,1
655,rbmscv,,Limitation statements -- Cuba -- Matanzas -- 20th century,1
655,rbmscv,,Limitation statements -- Cuba -- Matanzas -- 21st century,9
655,rbmscv,,Limitation statements -- Czech Republic -- Brno -- 21st century,1
655,rbmscv,,Limitation statements -- Ukraine -- 21st century,1
655,rbmscv,,Miniature books -- Mexico,4
655,rbmscv,,Painted bindings -- Argentina -- Córdoba -- 21st century,5
655,rbmscv,,Painted bindings -- Cuba -- Matanzas -- 21st century,9
655,rbmscv,,Paper cutouts (Paper),1
655,rbmscv,,Photobooks -- Brazil,1
655,rbmscv,,Poems -- Cuba -- 21st century,1
655,rbmscv,,Poems -- Mexico -- 21st century,1
655,rbmscv,,Pop-up books -- Spain,1
655,rbmscv,,Private press books -- Ediciones Vigía,3
655,rbmscv,,Publishers' advertisements -- Argentina -- Buenos Aires -- 21st century,6
655,rbmscv,,Slipcases -- Argentina -- Buenos Aires -- 20th century,1
655,rbmscv,,Slipcases -- Colombia -- Bogotá -- 21st century,1
655,rbmscv,,Slipcases -- Cuba -- Matanzas -- 21st century,3
655,rbmscv,,Slipcases -- Spain -- Barcelona -- 21st century,1
655,rbmscv,,Typefaces (Type evidence) -- Caslon,1
655,rbmscv,,Typefaces (Type evidence) -- Centaur,1
655,rbmscv,,Typefaces (Type evidence) -- Humanist,1
655,rbmscv,,Typefaces (Type evidence) -- Joanna,1
655,rbmscv,,Typefaces (Type evidence) -- Optima,1
655,rbmscv,,Typefaces (Type evidence) -- Palatino,1
655,rbmscv,,Typefaces (Type evidence) -- Spectrum MT,1
655,rbmscv,,Typefaces (Type evidence) -- Van Dijck italic,1
655,rbmscv,,Unbound sheets -- Colombia -- Bogotá -- 21st century,1
655,rbmscv,,Unique books -- Spain,1
655,rbmscv,,Wooden bindings -- 2000-2009,1
655,rbmscv,,Wooden bindings -- California -- Santa Cruz -- 21st century,1
655,rbmscv,,Zines -- Colombia,3
655,rbmscv,,Zines -- Mexico,1
655,rbmscv,,Zines -- Peru,3
655,rbmscv,,Zines -- Virginia,1
655,rbmscv,http://id.loc.gov/vocabulary/rbmscv/cv00024,Accordion fold format,53
655,rbmscv,http://id.loc.gov/vocabulary/rbmscv/cv00092,Aluminum bindings,1
655,rbmscv,http://id.loc.gov/vocabulary/rbmscv/cv00146,Artists' books,27
655,rbmscv,http://id.loc.gov/vocabulary/rbmscv/cv00176,Authors' autographs,4
655,rbmscv,http://id.loc.gov/vocabulary/rbmscv/cv00200,Backless bindings,1
655,rbmscv,http://id.loc.gov/vocabulary/rbmscv/cv00203,Poems,1
655,rbmscv,http://id.loc.gov/vocabulary/rbmscv/cv00483,Coptic bindings,1
655,rbmscv,http://id.loc.gov/vocabulary/rbmscv/cv00485,Corrugated board bindings,23
655,rbmscv,http://id.loc.gov/vocabulary/rbmscv/cv00510,Dos-à-dos bindings,1
655,rbmscv,http://id.loc.gov/vocabulary/rbmscv/cv00514,Dust jackets,4
655,rbmscv,http://id.loc.gov/vocabulary/rbmscv/cv00618,Printed paper binding labels,1
655,rbmscv,http://id.loc.gov/vocabulary/rbmscv/cv00737,Slipcases,5
655,rbmscv,http://id.loc.gov/vocabulary/rbmscv/cv00762,Unopened books,1
655,rbmscv,http://id.loc.gov/vocabulary/rbmscv/cv00867,Miniature books,2
655,rbmscv,http://id.loc.gov/vocabulary/rbmscv/cv01089,Watermarks,1
655,rbmscv,http://id.loc.gov/vocabulary/rbmscv/cv01163,Concrete poems,2
655,rbmscv,http://id.loc.gov/vocabulary/rbmscv/cv01187,Cotton fiber papers,1
655,rbmscv,http://id.loc.gov/vocabulary/rbmscv/cv01435,Handmade papers,15
655,rbmscv,http://id.loc.gov/vocabulary/rbmscv/cv01503,Kozo fiber papers,1
655,rbmscv,http://id.loc.gov/vocabulary/rbmscv/cv01531,Limitation statements,30
655,rbmscv,http://id.loc.gov/vocabulary/rbmscv/cv01881,Shaped books,2
655,rbpap,,Paper evidence (Paper) -- Torreón,1
655,rbtyp,,Typefaces (Type evidence) -- Cherokee Syllabary,1
655,rbtyp,,Typefaces (Type evidence) -- Goudy,1
