uri,vocabularies,label_count,labels
http://homosaurus.org/v4/homoit0002579,homoit,1,LGBTQ+ erotic art
http://id.loc.gov/authorities/childrensSubjects/sj2021050040,lcshac,1,Lullabies
http://id.loc.gov/authorities/genreForms/gf2011026169,lcgft,1,Cookbooks
http://id.loc.gov/authorities/genreForms/gf2011026441,lcgft,1,Pictorial maps
http://id.loc.gov/authorities/genreForms/gf2014026047,lcgft,1,Autobiographies
http://id.loc.gov/authorities/genreForms/gf2014026053,lcgft,1,Braille books
http://id.loc.gov/authorities/genreForms/gf2014026057,lcgft,1,Catalogs
http://id.loc.gov/authorities/genreForms/gf2014026082,lcgft,1,Death registers
http://id.loc.gov/authorities/genreForms/gf2014026084,lcgft,1,Derivative works
http://id.loc.gov/authorities/genreForms/gf2014026086,lcgft,1,Dictionaries
http://id.loc.gov/authorities/genreForms/gf2014026094,lcgft,1,Essays
http://id.loc.gov/authorities/genreForms/gf2014026098,lcgft,1,Exhibition catalogs
http://id.loc.gov/authorities/genreForms/gf2014026105,lcgft,1,Flip books
http://id.loc.gov/authorities/genreForms/gf2014026110,lcgft,1,Humor
http://id.loc.gov/authorities/genreForms/gf2014026111,lcgft,1,Illustrated works
http://id.loc.gov/authorities/genreForms/gf2014026115,lcgft,1,Interviews
http://id.loc.gov/authorities/genreForms/gf2014026123,lcgft,1,Lift-the-flap books
http://id.loc.gov/authorities/genreForms/gf2014026133,lcgft,1,Notebooks
http://id.loc.gov/authorities/genreForms/gf2014026134,lcgft,1,Obituaries
http://id.loc.gov/authorities/genreForms/gf2014026141,lcgft,1,Personal correspondence
http://id.loc.gov/authorities/genreForms/gf2014026142,lcgft,1,Personal narratives
http://id.loc.gov/authorities/genreForms/gf2014026144,lcgft,1,Photobooks
http://id.loc.gov/authorities/genreForms/gf2014026150,lcgft,1,Pop-up books
http://id.loc.gov/authorities/genreForms/gf2014026151,lcgft,1,Postcards
http://id.loc.gov/authorities/genreForms/gf2014026158,lcgft,1,Puzzles and games
http://id.loc.gov/authorities/genreForms/gf2014026166,lcgft,1,Registers (Lists)
http://id.loc.gov/authorities/genreForms/gf2014026170,lcgft,1,Sayings
http://id.loc.gov/authorities/genreForms/gf2014026179,lcgft,1,Split-page books
http://id.loc.gov/authorities/genreForms/gf2014026197,lcgft,1,Toy and movable books
http://id.loc.gov/authorities/genreForms/gf2014026201,lcgft,1,Trivia and miscellanea
http://id.loc.gov/authorities/genreForms/gf2014026210,lcgft,1,Zines
http://id.loc.gov/authorities/genreForms/gf2014026246,lcgft,1,Biographical fiction
http://id.loc.gov/authorities/genreForms/gf2014026266,lcgft,1,Comics (Graphic works)
http://id.loc.gov/authorities/genreForms/gf2014026270,lcgft,1,Concrete poetry
http://id.loc.gov/authorities/genreForms/gf2014026297,lcgft,1,Drama
http://id.loc.gov/authorities/genreForms/gf2014026339,lcgft,1,Fiction
http://id.loc.gov/authorities/genreForms/gf2014026342,lcgft,1,Folk literature
http://id.loc.gov/authorities/genreForms/gf2014026346,lcgft,1,Found poetry
http://id.loc.gov/authorities/genreForms/gf2014026362,lcgft,1,Graphic novels
http://id.loc.gov/authorities/genreForms/gf2014026366,lcgft,1,Haiku
http://id.loc.gov/authorities/genreForms/gf2014026481,lcgft,1,Poetry
http://id.loc.gov/authorities/genreForms/gf2014026513,lcgft,1,Road fiction
http://id.loc.gov/authorities/genreForms/gf2014026542,lcgft,1,Short stories
http://id.loc.gov/authorities/genreForms/gf2014026543,lcgft,1,Flash fiction
http://id.loc.gov/authorities/genreForms/gf2014026583,lcgft,1,Utopian fiction
http://id.loc.gov/authorities/genreForms/gf2014026588,lcgft,1,Visual poetry
http://id.loc.gov/authorities/genreForms/gf2014026594,lcgft,1,Western fiction
http://id.loc.gov/authorities/genreForms/gf2014026912,lcgft,1,Love songs
http://id.loc.gov/authorities/genreForms/gf2015026020,lcgft,1,Novels
http://id.loc.gov/authorities/genreForms/gf2015026060,lcgft,1,Paper dolls
http://id.loc.gov/authorities/genreForms/gf2016026017,lcgft,1,Erasure poetry
http://id.loc.gov/authorities/genreForms/gf2016026082,lcgft,1,Festschriften
http://id.loc.gov/authorities/genreForms/gf2016026085,lcgft,1,Political poetry
http://id.loc.gov/authorities/genreForms/gf2017027220,lcgft,1,Artists' books
http://id.loc.gov/authorities/genreForms/gf2017027227,lcgft,1,Collages
http://id.loc.gov/authorities/genreForms/gf2017027230,lcgft,1,Documentary photographs
http://id.loc.gov/authorities/genreForms/gf2017027241,lcgft,1,Lithographs
http://id.loc.gov/authorities/genreForms/gf2017027251,lcgft,1,Pictures
http://id.loc.gov/authorities/genreForms/gf2017027258,lcgft,1,Screen prints
http://id.loc.gov/authorities/genreForms/gf2017027262,lcgft,1,Sketchbooks
http://id.loc.gov/authorities/genreForms/gf2017027269,lcgft,1,Woodcuts
http://id.loc.gov/authorities/genreForms/gf2022026082,lcgft,1,Accordion fold books
http://id.loc.gov/authorities/names/n79041717,,1,California
http://id.loc.gov/authorities/names/n79106326,,1,Karachi (Pakistan)
http://id.loc.gov/authorities/names/n80006292,,1,Baghdad (Iraq)
http://id.loc.gov/authorities/names/n96100371,,1,San Jerónimo Amanalco (Mexico)
http://id.loc.gov/authorities/subjects/sh00000143,lcsh,1,Site-specific art
http://id.loc.gov/authorities/subjects/sh00001054,lcsh,1,Type and type-founding -- Specimens
http://id.loc.gov/authorities/subjects/sh00001055,lcsh,1,Computer fonts -- Specimens
http://id.loc.gov/authorities/subjects/sh00003491,lcsh,1,Ecosystem health
http://id.loc.gov/authorities/subjects/sh00004907,lcsh,1,Subways in art
http://id.loc.gov/authorities/subjects/sh00006549,lcsh,1,Gay men -- Relations with heterosexuals
http://id.loc.gov/authorities/subjects/sh00007370,lcsh,1,Schizophrenia in art
http://id.loc.gov/authorities/subjects/sh00008481,lcsh,1,"Decoration and ornament -- Themes, motives"
http://id.loc.gov/authorities/subjects/sh00009270,lcsh,1,Lesbians -- Relations with heterosexuals
http://id.loc.gov/authorities/subjects/sh2001000147,lcsh,1,"September 11 Terrorist Attacks, 2001"
http://id.loc.gov/authorities/subjects/sh2001001631,lcsh,1,Site-specific installations (Art)
http://id.loc.gov/authorities/subjects/sh2001002975,lcsh,1,Pseudoscience
http://id.loc.gov/authorities/subjects/sh2001006038,lcsh,1,Breast cancer in art
http://id.loc.gov/authorities/subjects/sh2001006039,lcsh,1,Cancer in art
http://id.loc.gov/authorities/subjects/sh2001006436,lcsh,1,Staged photography
http://id.loc.gov/authorities/subjects/sh2001008478,lcsh,1,Photocopying in art
http://id.loc.gov/authorities/subjects/sh2001008552,lcsh,1,Plantations in art
http://id.loc.gov/authorities/subjects/sh2001010404,lcsh,1,"Art, Papua New Guinean"
http://id.loc.gov/authorities/subjects/sh2002000168,lcsh,1,Body image in art
http://id.loc.gov/authorities/subjects/sh2002000548,lcsh,1,"Art, Modern -- 21st century"
http://id.loc.gov/authorities/subjects/sh2002000616,lcsh,1,Photobooths
http://id.loc.gov/authorities/subjects/sh2002000825,lcsh,1,Fathers and sons in art
http://id.loc.gov/authorities/subjects/sh2002000955,lcsh,1,Archaeology in art
http://id.loc.gov/authorities/subjects/sh2002004688,lcsh,1,AIDS (Disease) and art
http://id.loc.gov/authorities/subjects/sh2002004918,lcsh,1,"Sculpture, Modern -- 21st century"
http://id.loc.gov/authorities/subjects/sh2002007137,lcsh,1,"September 11 Terrorist Attacks, 2001 -- Anniversaries, etc"
http://id.loc.gov/authorities/subjects/sh2002008709,lcsh,1,Skin in art
http://id.loc.gov/authorities/subjects/sh2002010501,lcsh,1,Cabinets of curiosities
http://id.loc.gov/authorities/subjects/sh2003000224,lcsh,1,Nuns in art
http://id.loc.gov/authorities/subjects/sh2003001102,lcsh,1,Television and art
http://id.loc.gov/authorities/subjects/sh2003001210,lcsh,1,Altered books
http://id.loc.gov/authorities/subjects/sh2003001971,lcsh,1,Racism in museum exhibits
http://id.loc.gov/authorities/subjects/sh2003003059,lcsh,1,"Iraq War, 2003-2011"
http://id.loc.gov/authorities/subjects/sh2003003610,lcsh,1,Autobiographical memory in art
http://id.loc.gov/authorities/subjects/sh2003006307,lcsh,1,Marginalia in art
http://id.loc.gov/authorities/subjects/sh2003006467,lcsh,1,DNA data banks
http://id.loc.gov/authorities/subjects/sh2003006553,lcsh,1,"September 11 Terrorist Attacks, 2001, in art"
http://id.loc.gov/authorities/subjects/sh2003008599,lcsh,1,Art and the Internet
http://id.loc.gov/authorities/subjects/sh2003010713,lcsh,1,Voyeurism in art
http://id.loc.gov/authorities/subjects/sh2003010827,lcsh,1,Fear in art
http://id.loc.gov/authorities/subjects/sh2003011397,lcsh,1,Poetry and the Internet
http://id.loc.gov/authorities/subjects/sh2004000615,lcsh,1,Kites in art
http://id.loc.gov/authorities/subjects/sh2004003786,lcsh,1,"Art, Cuban -- 20th century"
http://id.loc.gov/authorities/subjects/sh2004006086,lcsh,1,Architecture -- History
http://id.loc.gov/authorities/subjects/sh2004007415,lcsh,1,"Wood-engraving, Tibetan"
http://id.loc.gov/authorities/subjects/sh2004014504,lcsh,1,Self-reliant living
http://id.loc.gov/authorities/subjects/sh2004014628,lcsh,1,Identity (Philosophical concept) in art
http://id.loc.gov/authorities/subjects/sh2005001287,lcsh,1,Intimacy (Psychology) in art
http://id.loc.gov/authorities/subjects/sh2005001314,lcsh,1,Drawing -- 21st century
http://id.loc.gov/authorities/subjects/sh2005001363,lcsh,1,"Art, German -- 21st century"
http://id.loc.gov/authorities/subjects/sh2005002478,lcsh,1,Nicotine addiction
http://id.loc.gov/authorities/subjects/sh2005002957,lcsh,1,Motorcycles in art
http://id.loc.gov/authorities/subjects/sh2005004886,,1,Grand Canyon National Park (Ariz.)
http://id.loc.gov/authorities/subjects/sh2005005346,lcsh,1,Reading in art
http://id.loc.gov/authorities/subjects/sh2005007475,lcsh,1,Service stations in art
http://id.loc.gov/authorities/subjects/sh2005008058,lcsh,1,Sand dunes in art
http://id.loc.gov/authorities/subjects/sh2005020580,lcsh,1,Pulp painting
http://id.loc.gov/authorities/subjects/sh2006004255,lcsh,1,Sexual freedom
http://id.loc.gov/authorities/subjects/sh2006005409,lcsh,1,Grids (Crisscross patterns) in art
http://id.loc.gov/authorities/subjects/sh2006005978,lcsh,1,Cultural geography
http://id.loc.gov/authorities/subjects/sh2006007023,lcsh,1,Social media
http://id.loc.gov/authorities/subjects/sh2006007605,lcsh,1,Language and languages in art
http://id.loc.gov/authorities/subjects/sh2006007630,lcsh,1,Art and computers
http://id.loc.gov/authorities/subjects/sh2006007938,lcsh,1,Race in art
http://id.loc.gov/authorities/subjects/sh2006009091,lcsh,1,Photobooks
http://id.loc.gov/authorities/subjects/sh2007000403,lcsh,1,Libraries in art
http://id.loc.gov/authorities/subjects/sh2007002506,lcsh,1,Mental illness in art
http://id.loc.gov/authorities/subjects/sh2007003708,lcsh,1,Transgender people
http://id.loc.gov/authorities/subjects/sh2007004137,lcsh,1,Tanks (Military science) in art
http://id.loc.gov/authorities/subjects/sh2007005510,lcsh,1,Worms in art
http://id.loc.gov/authorities/subjects/sh2007007371,lcsh,1,iPhone (Smartphone)
http://id.loc.gov/authorities/subjects/sh2007010651,lcsh,1,Extraordinary rendition
http://id.loc.gov/authorities/subjects/sh2007010851,lcsh,1,Intermediality
http://id.loc.gov/authorities/subjects/sh2007010921,lcsh,1,Postcards in art
http://id.loc.gov/authorities/subjects/sh2007010924,lcsh,1,"Hurricane Katrina, 2005, in art"
http://id.loc.gov/authorities/subjects/sh2007100013,,1,United States -- Relations -- Latin America
http://id.loc.gov/authorities/subjects/sh2007100197,lcsh,1,African Americans -- Biography
http://id.loc.gov/authorities/subjects/sh2007100202,lcsh,1,African Americans -- Poetry
http://id.loc.gov/authorities/subjects/sh2007100313,,1,Mexico -- Pictorial works
http://id.loc.gov/authorities/subjects/sh2007100575,lcsh,1,Artists -- United States -- Biography
http://id.loc.gov/authorities/subjects/sh2007100768,lcsh,1,American poetry -- 21st century
http://id.loc.gov/authorities/subjects/sh2007100928,lcsh,1,AIDS (Disease) -- Patients -- United States -- Biography
http://id.loc.gov/authorities/subjects/sh2007101031,lcsh,1,American prose literature -- 20th century
http://id.loc.gov/authorities/subjects/sh2007101130,lcsh,1,Animal welfare -- Fiction
http://id.loc.gov/authorities/subjects/sh2007101285,lcsh,1,Architecture -- Philosophy
http://id.loc.gov/authorities/subjects/sh2007101337,lcsh,1,Argentine literature -- 20th century
http://id.loc.gov/authorities/subjects/sh2007101354,lcsh,1,Art -- Periodicals
http://id.loc.gov/authorities/subjects/sh2007101370,lcsh,1,"Art, Modern -- 21st century -- Exhibitions"
http://id.loc.gov/authorities/subjects/sh2007101418,lcsh,1,Art -- Economic aspects
http://id.loc.gov/authorities/subjects/sh2007101460,lcsh,1,Artists' books -- Exhibitions
http://id.loc.gov/authorities/subjects/sh2007101461,lcsh,1,"Art, Modern -- 20th century -- Periodicals"
http://id.loc.gov/authorities/subjects/sh2007101486,lcsh,1,Artists' books -- United States
http://id.loc.gov/authorities/subjects/sh2007101755,lcsh,1,Automobiles -- Pictorial works
http://id.loc.gov/authorities/subjects/sh2007102150,lcsh,1,Breast -- Cancer -- Patients -- United States -- Biography
http://id.loc.gov/authorities/subjects/sh2008003690,lcsh,1,Artists as art critics
http://id.loc.gov/authorities/subjects/sh2008005503,lcsh,1,Archives in art
http://id.loc.gov/authorities/subjects/sh2008005873,lcsh,1,Superheroes in art
http://id.loc.gov/authorities/subjects/sh2008006270,lcsh,1,Motherhood in art
http://id.loc.gov/authorities/subjects/sh2008006638,lcsh,1,Web browsing
http://id.loc.gov/authorities/subjects/sh2008006774,lcsh,1,Vernacular photography
http://id.loc.gov/authorities/subjects/sh2008100104,lcsh,1,Capitalism -- Social aspects
http://id.loc.gov/authorities/subjects/sh2008101159,lcsh,1,Coffee industry -- Colombia
http://id.loc.gov/authorities/subjects/sh2008101311,lcsh,1,Communication -- Philosophy
http://id.loc.gov/authorities/subjects/sh2008101518,lcsh,1,Conceptual art -- Exhibitions
http://id.loc.gov/authorities/subjects/sh2008102051,lcsh,1,Dogs -- Fiction
http://id.loc.gov/authorities/subjects/sh2008102074,lcsh,1,Death -- Poetry
http://id.loc.gov/authorities/subjects/sh2008102512,lcsh,1,Electronic surveillance -- United States
http://id.loc.gov/authorities/subjects/sh2008103984,lcsh,1,Food habits -- History
http://id.loc.gov/authorities/subjects/sh2008104221,lcsh,1,Futurism (Art) -- Italy
http://id.loc.gov/authorities/subjects/sh2008104395,lcsh,1,Indians of Mexico -- Mexico -- Chiapas -- Government relations
http://id.loc.gov/authorities/subjects/sh2008104689,lcsh,1,Insects -- Pictorial works
http://id.loc.gov/authorities/subjects/sh2008104691,lcsh,1,Installations (Art) -- Exhibitions
http://id.loc.gov/authorities/subjects/sh2008104693,lcsh,1,Installations (Art) -- Germany -- Exhibitions
http://id.loc.gov/authorities/subjects/sh2008104694,lcsh,1,Installations (Art) -- United States -- Exhibitions
http://id.loc.gov/authorities/subjects/sh2008105051,lcsh,1,Gardens -- Pictorial works
http://id.loc.gov/authorities/subjects/sh2008105071,lcsh,1,Gay men -- United States -- Biography
http://id.loc.gov/authorities/subjects/sh2008105720,lcsh,1,Holocaust survivors -- Biography
http://id.loc.gov/authorities/subjects/sh2008105781,lcsh,1,Human-animal relationships -- Fiction
http://id.loc.gov/authorities/subjects/sh2008106626,lcsh,1,Landscapes in art -- Exhibitions
http://id.loc.gov/authorities/subjects/sh2008107217,lcsh,1,Mexican Americans -- Fiction
http://id.loc.gov/authorities/subjects/sh2008107231,lcsh,1,Mothers and sons -- Fiction
http://id.loc.gov/authorities/subjects/sh2008107463,lcsh,1,Mothers -- Psychology
http://id.loc.gov/authorities/subjects/sh2008107964,lcsh,1,Motherhood -- Psychological aspects
http://id.loc.gov/authorities/subjects/sh2008107990,lcsh,1,Motion picture actors and actresses -- Portraits
http://id.loc.gov/authorities/subjects/sh2008108176,lcsh,1,Nahuatl language -- Texts
http://id.loc.gov/authorities/subjects/sh2008108356,lcsh,1,Navajo Indians -- Fiction
http://id.loc.gov/authorities/subjects/sh2008108377,,1,New York (N.Y.) -- Fiction
http://id.loc.gov/authorities/subjects/sh2008108726,lcsh,1,Orphans -- Juvenile fiction
http://id.loc.gov/authorities/subjects/sh2008108790,lcsh,1,"Photography, Artistic -- Exhibitions"
http://id.loc.gov/authorities/subjects/sh2008109245,lcsh,1,Philosophy -- Miscellanea
http://id.loc.gov/authorities/subjects/sh2008109260,lcsh,1,Photography -- History
http://id.loc.gov/authorities/subjects/sh2008109271,lcsh,1,Portrait photography -- Exhibitions
http://id.loc.gov/authorities/subjects/sh2008109273,lcsh,1,Photomontage -- Exhibitions
http://id.loc.gov/authorities/subjects/sh2008109279,lcsh,1,Photography -- Philosophy
http://id.loc.gov/authorities/subjects/sh2008109395,lcsh,1,Political leadership -- United States
http://id.loc.gov/authorities/subjects/sh2008109545,lcsh,1,Political atrocities -- Cambodia
http://id.loc.gov/authorities/subjects/sh2008110339,lcsh,1,Racism -- United States
http://id.loc.gov/authorities/subjects/sh2008111382,lcsh,1,Sick children -- Fiction
http://id.loc.gov/authorities/subjects/sh2008111392,lcsh,1,"Sculpture, Modern -- 20th century -- Exhibitions"
http://id.loc.gov/authorities/subjects/sh2008111589,lcsh,1,Sex -- Humor
http://id.loc.gov/authorities/subjects/sh2008111710,lcsh,1,Slave trade -- Africa
http://id.loc.gov/authorities/subjects/sh2008111765,lcsh,1,"Spanish language -- Glossaries, vocabularies, etc"
http://id.loc.gov/authorities/subjects/sh2008112225,lcsh,1,Stars -- Folklore
http://id.loc.gov/authorities/subjects/sh2008112612,lcsh,1,Teenage girls -- Fiction
http://id.loc.gov/authorities/subjects/sh2008112783,lcsh,1,Toy and movable books -- Specimens
http://id.loc.gov/authorities/subjects/sh2008112898,lcsh,1,Time -- Philosophy
http://id.loc.gov/authorities/subjects/sh2008113158,lcsh,1,Utopias -- Fiction
http://id.loc.gov/authorities/subjects/sh2008113315,lcsh,1,Voyages and travels -- Juvenile literature
http://id.loc.gov/authorities/subjects/sh2008113565,lcsh,1,Women -- United States -- Social conditions
http://id.loc.gov/authorities/subjects/sh2008113677,lcsh,1,Work and family -- United States
http://id.loc.gov/authorities/subjects/sh2008113876,lcsh,1,"World War, 1939-1945 -- Registers of dead -- United States"
http://id.loc.gov/authorities/subjects/sh2008113910,lcsh,1,"World War, 1939-1945 -- Asia"
http://id.loc.gov/authorities/subjects/sh2008114395,,1,Belgium -- Maps
http://id.loc.gov/authorities/subjects/sh2008114518,,1,Buenos Aires (Argentina) -- Pictorial works
http://id.loc.gov/authorities/subjects/sh2008115138,,1,Georgia (Republic) -- Ethnic relations
http://id.loc.gov/authorities/subjects/sh2008115597,,1,Jammu and Kashmir (India) -- Politics and government
http://id.loc.gov/authorities/subjects/sh2008115852,,1,Mexico City (Mexico) -- Social conditions
http://id.loc.gov/authorities/subjects/sh2008116017,,1,Latin America -- Relations -- United States
http://id.loc.gov/authorities/subjects/sh2008116076,,1,Los Angeles (Calif.) -- Pictorial works
http://id.loc.gov/authorities/subjects/sh2008116077,,1,Los Angeles (Calif.) -- Social conditions
http://id.loc.gov/authorities/subjects/sh2008116322,,1,New York (N.Y.) -- Pictorial works
http://id.loc.gov/authorities/subjects/sh2008117352,lcsh,1,Upside-down books -- Specimens
http://id.loc.gov/authorities/subjects/sh2008118168,lcsh,1,Gifts -- United States
http://id.loc.gov/authorities/subjects/sh2008118201,lcsh,1,Globalization -- Economic aspects
http://id.loc.gov/authorities/subjects/sh2008118471,lcsh,1,Guerrillas -- Bolivia
http://id.loc.gov/authorities/subjects/sh2008120890,lcsh,1,Folklore -- Cuba
http://id.loc.gov/authorities/subjects/sh2008122830,lcsh,1,Quechua Indians -- Religion
http://id.loc.gov/authorities/subjects/sh2008123037,lcsh,1,Imagination -- Juvenile fiction
http://id.loc.gov/authorities/subjects/sh2009001537,lcsh,1,Demonstrations -- Mexico
http://id.loc.gov/authorities/subjects/sh2009003409,,1,United States -- Politics and government -- 2009-2017
http://id.loc.gov/authorities/subjects/sh2009005103,lcsh,1,Malware (Computer software)
http://id.loc.gov/authorities/subjects/sh2009005892,lcsh,1,Quilts in art
http://id.loc.gov/authorities/subjects/sh2009007104,lcsh,1,Separation (Psychology) in art
http://id.loc.gov/authorities/subjects/sh2009008683,lcsh,1,Rape -- Psychological aspects
http://id.loc.gov/authorities/subjects/sh2009008905,lcsh,1,Subconsciousness in art
http://id.loc.gov/authorities/subjects/sh2009103094,lcsh,1,Human body -- Poetry
http://id.loc.gov/authorities/subjects/sh2009103111,lcsh,1,Human body -- Terminology
http://id.loc.gov/authorities/subjects/sh2009113356,lcsh,1,Abortion -- Psychological aspects
http://id.loc.gov/authorities/subjects/sh2009114048,lcsh,1,African Americans -- Pictorial works
http://id.loc.gov/authorities/subjects/sh2009114058,lcsh,1,African Americans -- Portraits
http://id.loc.gov/authorities/subjects/sh2009114743,lcsh,1,Alzheimer's disease -- Patients -- Biography
http://id.loc.gov/authorities/subjects/sh2009115669,lcsh,1,Artists' books -- France
http://id.loc.gov/authorities/subjects/sh2009115767,lcsh,1,Art criticism -- History -- 20th century
http://id.loc.gov/authorities/subjects/sh2009115813,lcsh,1,"Art, Modern -- 21st century -- Catalogs"
http://id.loc.gov/authorities/subjects/sh2009115876,lcsh,1,"Art, Modern -- 21st century -- Periodicals"
http://id.loc.gov/authorities/subjects/sh2009115895,lcsh,1,Art -- Philosophy -- History -- 20th century
http://id.loc.gov/authorities/subjects/sh2009115980,lcsh,1,Artists' books -- United States -- Exhibitions
http://id.loc.gov/authorities/subjects/sh2009116332,lcsh,1,Authors -- Quotations
http://id.loc.gov/authorities/subjects/sh2009116377,lcsh,1,Authorship -- Philosophy
http://id.loc.gov/authorities/subjects/sh2009117403,lcsh,1,Books -- Marketing
http://id.loc.gov/authorities/subjects/sh2009118136,lcsh,1,Cactus -- Pictorial works
http://id.loc.gov/authorities/subjects/sh2009118588,lcsh,1,Celebrities -- Quotations
http://id.loc.gov/authorities/subjects/sh2009118752,lcsh,1,Censorship -- Fiction
http://id.loc.gov/authorities/subjects/sh2009118946,lcsh,1,Child development -- Case studies
http://id.loc.gov/authorities/subjects/sh2009120581,lcsh,1,Collage -- Exhibitions
http://id.loc.gov/authorities/subjects/sh2009121277,lcsh,1,Conceptual art -- United States
http://id.loc.gov/authorities/subjects/sh2009122160,lcsh,1,Courage -- Juvenile fiction
http://id.loc.gov/authorities/subjects/sh2009123237,lcsh,1,Design -- Philosophy
http://id.loc.gov/authorities/subjects/sh2009123809,lcsh,1,Dreams -- Juvenile fiction
http://id.loc.gov/authorities/subjects/sh2009124197,lcsh,1,Feminism and art -- United States
http://id.loc.gov/authorities/subjects/sh2009125675,lcsh,1,Gardening -- Pictorial works
http://id.loc.gov/authorities/subjects/sh2009126208,lcsh,1,Hate groups -- United States
http://id.loc.gov/authorities/subjects/sh2009127280,lcsh,1,Installations (Art) -- Catalogs
http://id.loc.gov/authorities/subjects/sh2009128067,lcsh,1,Kings and rulers -- Juvenile fiction
http://id.loc.gov/authorities/subjects/sh2009129807,lcsh,1,Lift-the-flap books -- Specimens
http://id.loc.gov/authorities/subjects/sh2010008610,lcsh,1,Art and graphology
http://id.loc.gov/authorities/subjects/sh2010009838,lcsh,1,"Found poetry, American"
http://id.loc.gov/authorities/subjects/sh2010012137,lcsh,1,Vivisection in literature
http://id.loc.gov/authorities/subjects/sh2010012620,lcsh,1,Karuk art
http://id.loc.gov/authorities/subjects/sh2010012629,lcsh,1,Loss (Psychology) in art
http://id.loc.gov/authorities/subjects/sh2010100131,lcsh,1,"Logic -- Problems, exercises, etc"
http://id.loc.gov/authorities/subjects/sh2010100368,lcsh,1,Man-woman relationships -- Case studies
http://id.loc.gov/authorities/subjects/sh2010100374,lcsh,1,Man-woman relationships -- Psychological aspects
http://id.loc.gov/authorities/subjects/sh2010101438,lcsh,1,Memory -- Social aspects -- United States
http://id.loc.gov/authorities/subjects/sh2010101440,lcsh,1,Men -- Portraits
http://id.loc.gov/authorities/subjects/sh2010101632,lcsh,1,Mexican poetry -- 21st century
http://id.loc.gov/authorities/subjects/sh2010101731,lcsh,1,Migraine -- Popular works
http://id.loc.gov/authorities/subjects/sh2010102430,lcsh,1,Mothers -- Biography
http://id.loc.gov/authorities/subjects/sh2010102610,lcsh,1,Mountains in art -- Exhibitions
http://id.loc.gov/authorities/subjects/sh2010102633,lcsh,1,Multimedia (Art) -- Exhibitions
http://id.loc.gov/authorities/subjects/sh2010103459,,1,New York (State) -- Pictorial works
http://id.loc.gov/authorities/subjects/sh2010103980,lcsh,1,Nuclear power plants -- Health aspects
http://id.loc.gov/authorities/subjects/sh2010105807,lcsh,1,"Persian Gulf War, 1991 -- Personal narratives"
http://id.loc.gov/authorities/subjects/sh2010106285,lcsh,1,Photography -- Mexico
http://id.loc.gov/authorities/subjects/sh2010107498,lcsh,1,Pop-up books -- Specimens
http://id.loc.gov/authorities/subjects/sh2010107810,lcsh,1,Post-traumatic stress disorder -- United States
http://id.loc.gov/authorities/subjects/sh2010107859,lcsh,1,Postcards -- Collectors and collecting
http://id.loc.gov/authorities/subjects/sh2010108029,lcsh,1,Pregnancy -- Pictorial works
http://id.loc.gov/authorities/subjects/sh2010108675,lcsh,1,Prostitution -- Europe
http://id.loc.gov/authorities/subjects/sh2010112819,lcsh,1,Sex discrimination against women -- India
http://id.loc.gov/authorities/subjects/sh2010112867,lcsh,1,Sexual harassment -- United States
http://id.loc.gov/authorities/subjects/sh2010113271,lcsh,1,Slavery -- United States -- Poetry
http://id.loc.gov/authorities/subjects/sh2010113613,lcsh,1,Social movements -- Mexico -- History -- 20th century
http://id.loc.gov/authorities/subjects/sh2010114197,lcsh,1,"Songs, Spanish -- Cuba"
http://id.loc.gov/authorities/subjects/sh2010115155,lcsh,1,"Survival -- Handbooks, manuals, etc"
http://id.loc.gov/authorities/subjects/sh2010117770,lcsh,1,"Vietnam War, 1961-1975 -- Veterans -- United States"
http://id.loc.gov/authorities/subjects/sh2010117810,lcsh,1,Video art -- United States -- Exhibitions
http://id.loc.gov/authorities/subjects/sh2010118172,lcsh,1,War and society -- United States
http://id.loc.gov/authorities/subjects/sh2010118213,lcsh,1,Women photographers -- United States -- Biography
http://id.loc.gov/authorities/subjects/sh2010118899,lcsh,1,Women -- Employment -- Australia
http://id.loc.gov/authorities/subjects/sh2010119307,lcsh,1,Writing in art -- Exhibitions
http://id.loc.gov/authorities/subjects/sh2011000325,lcsh,1,Invisibility
http://id.loc.gov/authorities/subjects/sh2011003638,lcsh,1,Thought and thinking in art
http://id.loc.gov/authorities/subjects/sh2011004490,,1,"Egypt -- History -- Protests, 2011-2013"
http://id.loc.gov/authorities/subjects/sh2011006069,lcsh,1,Typewriters in art
http://id.loc.gov/authorities/subjects/sh2012000115,lcsh,1,Law and secrecy
http://id.loc.gov/authorities/subjects/sh2012000178,lcsh,1,Social media in art
http://id.loc.gov/authorities/subjects/sh2012000484,lcsh,1,"Recycling (Waste, etc.) in art"
http://id.loc.gov/authorities/subjects/sh2012001613,lcsh,1,Mannequins (Figures) in art
http://id.loc.gov/authorities/subjects/sh2012002128,lcsh,1,International law and human rights
http://id.loc.gov/authorities/subjects/sh2012004587,lcsh,1,Diaries in art
http://id.loc.gov/authorities/subjects/sh2013001204,lcsh,1,Coffee stains
http://id.loc.gov/authorities/subjects/sh2013002597,lcsh,1,Hacking
http://id.loc.gov/authorities/subjects/sh2014000656,lcsh,1,Periodic table of the elements
http://id.loc.gov/authorities/subjects/sh2014001772,lcsh,1,Avarice in art
http://id.loc.gov/authorities/subjects/sh2014001823,lcsh,1,Discrimination in language
http://id.loc.gov/authorities/subjects/sh2014002440,lcsh,1,Cartonera books
http://id.loc.gov/authorities/subjects/sh2015002377,lcsh,1,Autobiography in art
http://id.loc.gov/authorities/subjects/sh2017003576,lcsh,1,Wallpaper in art
http://id.loc.gov/authorities/subjects/sh2018001545,lcsh,1,Image steganography
http://id.loc.gov/authorities/subjects/sh2019000286,lcsh,1,Climatic changes in art
http://id.loc.gov/authorities/subjects/sh2020006620,lcsh,1,Affect (Psychology) in art
http://id.loc.gov/authorities/subjects/sh2020008759,lcsh,1,"COVID-19 Pandemic, 2020-2023"
http://id.loc.gov/authorities/subjects/sh2021016059,lcsh,1,Zapotec language -- Study and teaching (Elementary) -- Spanish speakers
http://id.loc.gov/authorities/subjects/sh2022007441,lcsh,1,Women -- Violence against
http://id.loc.gov/authorities/subjects/sh2023000296,lcsh,1,Women architects -- United States
http://id.loc.gov/authorities/subjects/sh2023000629,lcsh,1,Artists' books -- Specimens
http://id.loc.gov/authorities/subjects/sh85000258,lcsh,1,Abstraction
http://id.loc.gov/authorities/subjects/sh85000747,lcsh,1,Actors -- Portraits
http://id.loc.gov/authorities/subjects/sh85001323,lcsh,1,Aircraft accidents
http://id.loc.gov/authorities/subjects/sh85001465,lcsh,1,"Aesthetics, Japanese"
http://id.loc.gov/authorities/subjects/sh85001474,lcsh,1,"Aesthetics, Modern -- 20th century"
http://id.loc.gov/authorities/subjects/sh85001790,lcsh,1,African American art
http://id.loc.gov/authorities/subjects/sh85002006,lcsh,1,African Americans in art
http://id.loc.gov/authorities/subjects/sh85002193,lcsh,1,Aggressiveness
http://id.loc.gov/authorities/subjects/sh85002201,lcsh,1,Aging
http://id.loc.gov/authorities/subjects/sh85002719,lcsh,1,Air warfare
http://id.loc.gov/authorities/subjects/sh85003819,lcsh,1,Alphabet
http://id.loc.gov/authorities/subjects/sh85003826,lcsh,1,Alphabets
http://id.loc.gov/authorities/subjects/sh85004080,lcsh,1,Alzheimer's disease
http://id.loc.gov/authorities/subjects/sh85004336,lcsh,1,American literature
http://id.loc.gov/authorities/subjects/sh85004387,lcsh,1,American poetry -- 20th century
http://id.loc.gov/authorities/subjects/sh85004412,lcsh,1,"American Revolution Bicentennial, 1976"
http://id.loc.gov/authorities/subjects/sh85004812,lcsh,1,Anarchism
http://id.loc.gov/authorities/subjects/sh85004836,lcsh,1,"Anatomy, Artistic"
http://id.loc.gov/authorities/subjects/sh85004839,lcsh,1,Human anatomy
http://id.loc.gov/authorities/subjects/sh85005008,lcsh,1,Angels in art
http://id.loc.gov/authorities/subjects/sh85005274,lcsh,1,Animal welfare
http://id.loc.gov/authorities/subjects/sh85005283,lcsh,1,Animals in art
http://id.loc.gov/authorities/subjects/sh85005721,lcsh,1,Antinuclear movement
http://id.loc.gov/authorities/subjects/sh85005791,lcsh,1,Antlers
http://id.loc.gov/authorities/subjects/sh85006587,lcsh,1,Architectural drawing
http://id.loc.gov/authorities/subjects/sh85006611,lcsh,1,Architecture
http://id.loc.gov/authorities/subjects/sh85006636,lcsh,1,Architecture -- Pictorial works
http://id.loc.gov/authorities/subjects/sh85006684,lcsh,1,Architecture -- Middle East
http://id.loc.gov/authorities/subjects/sh85006685,lcsh,1,Architecture -- Netherlands
http://id.loc.gov/authorities/subjects/sh85006894,lcsh,1,Architecture and society
http://id.loc.gov/authorities/subjects/sh85006905,lcsh,1,Architecture in art
http://id.loc.gov/authorities/subjects/sh85007071,,1,Argentina -- Social conditions
http://id.loc.gov/authorities/subjects/sh85007089,lcsh,1,Argentine poetry
http://id.loc.gov/authorities/subjects/sh85007461,lcsh,1,Art
http://id.loc.gov/authorities/subjects/sh85007494,lcsh,1,Art -- Philosophy
http://id.loc.gov/authorities/subjects/sh85007495,lcsh,1,Art -- Political aspects
http://id.loc.gov/authorities/subjects/sh85007537,lcsh,1,"Art, American"
http://id.loc.gov/authorities/subjects/sh85007557,lcsh,1,"Art, Aboriginal Australian"
http://id.loc.gov/authorities/subjects/sh85007718,lcsh,1,"Art, Italian"
http://id.loc.gov/authorities/subjects/sh85007805,lcsh,1,"Art, Modern -- 20th century"
http://id.loc.gov/authorities/subjects/sh85007955,lcsh,1,Zen art
http://id.loc.gov/authorities/subjects/sh85007961,lcsh,1,Art and industry
http://id.loc.gov/authorities/subjects/sh85007968,lcsh,1,Art and mythology
http://id.loc.gov/authorities/subjects/sh85007971,lcsh,1,Art and race
http://id.loc.gov/authorities/subjects/sh85007977,lcsh,1,Art and technology
http://id.loc.gov/authorities/subjects/sh85007979,lcsh,1,Art and war
http://id.loc.gov/authorities/subjects/sh85007984,lcsh,1,Art brut
http://id.loc.gov/authorities/subjects/sh85007989,lcsh,1,Art criticism
http://id.loc.gov/authorities/subjects/sh85008086,lcsh,1,Art thefts
http://id.loc.gov/authorities/subjects/sh85008282,lcsh,1,Artists -- Social conditions
http://id.loc.gov/authorities/subjects/sh85008302,lcgft; lcsh,1,Artists' books
http://id.loc.gov/authorities/subjects/sh85008324,lcsh,1,Arts
http://id.loc.gov/authorities/subjects/sh85008409,lcsh,1,"Arts, Latin American"
http://id.loc.gov/authorities/subjects/sh85008419,lcsh,1,"Arts, Modern -- 20th century"
http://id.loc.gov/authorities/subjects/sh85008423,lcsh,1,"Arts, American -- 20th century"
http://id.loc.gov/authorities/subjects/sh85008764,lcsh,1,Assemblage (Art)
http://id.loc.gov/authorities/subjects/sh85010030,lcsh,1,Authorship
http://id.loc.gov/authorities/subjects/sh85010050,lcsh,1,Autobiography
http://id.loc.gov/authorities/subjects/sh85010684,lcsh,1,Aztecs -- Religion
http://id.loc.gov/authorities/subjects/sh85010752,lcsh,1,Baby boom generation
http://id.loc.gov/authorities/subjects/sh85012886,lcsh,1,Beginning
http://id.loc.gov/authorities/subjects/sh85014342,lcsh,1,Birds in art
http://id.loc.gov/authorities/subjects/sh85014706,lcsh,1,Black people in art
http://id.loc.gov/authorities/subjects/sh85015222,lcsh,1,Human body
http://id.loc.gov/authorities/subjects/sh85015477,lcsh,1,Bombs
http://id.loc.gov/authorities/subjects/sh85015610,lcsh,1,Book collecting
http://id.loc.gov/authorities/subjects/sh85015614,lcsh,1,Book design
http://id.loc.gov/authorities/subjects/sh85015630,lcsh,1,Book jackets
http://id.loc.gov/authorities/subjects/sh85015736,lcsh,1,Bookmarks
http://id.loc.gov/authorities/subjects/sh85015744,lcsh,1,Books -- History
http://id.loc.gov/authorities/subjects/sh85015758,lcsh,1,Books and reading
http://id.loc.gov/authorities/subjects/sh85015760,lcsh,1,Books in art
http://id.loc.gov/authorities/subjects/sh85019084,,1,Cambodia -- History
http://id.loc.gov/authorities/subjects/sh85019096,lcsh,1,"Cambodian-Vietnamese Conflict, 1977-1991"
http://id.loc.gov/authorities/subjects/sh85019128,lcsh,1,Camera obscuras
http://id.loc.gov/authorities/subjects/sh85019231,lcsh,1,Camping
http://id.loc.gov/authorities/subjects/sh85019520,lcsh,1,Cancer -- Patients -- Biography
http://id.loc.gov/authorities/subjects/sh85020515,lcsh,1,Cartography
http://id.loc.gov/authorities/subjects/sh85020586,lcsh,1,Cash registers
http://id.loc.gov/authorities/subjects/sh85022357,lcsh,1,Chairs in art
http://id.loc.gov/authorities/subjects/sh85022574,lcsh,1,"Chapbooks, Spanish"
http://id.loc.gov/authorities/subjects/sh85022897,lcsh,1,Chemical elements
http://id.loc.gov/authorities/subjects/sh85023387,lcsh,1,Child rearing
http://id.loc.gov/authorities/subjects/sh85024186,,1,China -- Social life and customs
http://id.loc.gov/authorities/subjects/sh85024618,lcsh,1,Choice (Psychology)
http://id.loc.gov/authorities/subjects/sh85025412,lcsh,1,"Chronology, Historical"
http://id.loc.gov/authorities/subjects/sh85026090,lcsh,1,Circus performers
http://id.loc.gov/authorities/subjects/sh85026371,lcsh,1,Civil rights
http://id.loc.gov/authorities/subjects/sh85026379,lcsh,1,Human rights
http://id.loc.gov/authorities/subjects/sh85027037,lcsh,1,Climatic changes
http://id.loc.gov/authorities/subjects/sh85027193,lcsh,1,Clouds -- Pictorial works
http://id.loc.gov/authorities/subjects/sh85027699,lcsh,1,Coffee
http://id.loc.gov/authorities/subjects/sh85027777,lcsh,1,Coin banks
http://id.loc.gov/authorities/subjects/sh85027965,lcsh,1,Collage
http://id.loc.gov/authorities/subjects/sh85027966,lcsh,1,"Collage, American"
http://id.loc.gov/authorities/subjects/sh85028537,lcsh,1,Colombian wit and humor
http://id.loc.gov/authorities/subjects/sh85028538,lcsh,1,"Colombian wit and humor, Pictorial"
http://id.loc.gov/authorities/subjects/sh85028579,lcsh,1,Color -- Psychological aspects
http://id.loc.gov/authorities/subjects/sh85028596,lcsh,1,Color in art
http://id.loc.gov/authorities/subjects/sh85028614,lcsh,1,Color photography
http://id.loc.gov/authorities/subjects/sh85028619,lcsh,1,Color photography -- Printing processes
http://id.loc.gov/authorities/subjects/sh85029088,lcsh,1,Communication in politics
http://id.loc.gov/authorities/subjects/sh85029135,lcsh,1,Communism and art
http://id.loc.gov/authorities/subjects/sh85029423,lcsh,1,Comprehension (Theory of knowledge)
http://id.loc.gov/authorities/subjects/sh85029624,lcsh,1,Conceptual art
http://id.loc.gov/authorities/subjects/sh85031455,lcsh,1,Constructivism (Art)
http://id.loc.gov/authorities/subjects/sh85032661,lcsh,1,Corn -- Folklore
http://id.loc.gov/authorities/subjects/sh85032960,lcsh,1,"Corporations, American -- Corrupt practices"
http://id.loc.gov/authorities/subjects/sh85033146,lcsh,1,Cosmic dust
http://id.loc.gov/authorities/subjects/sh85033169,lcsh,1,Cosmology
http://id.loc.gov/authorities/subjects/sh85033274,lcsh,1,Clothing and dress in art
http://id.loc.gov/authorities/subjects/sh85033596,lcsh,1,Courtship
http://id.loc.gov/authorities/subjects/sh85033823,lcsh,1,Creation
http://id.loc.gov/authorities/subjects/sh85033827,lcsh,1,"Creation (Literary, artistic, etc.)"
http://id.loc.gov/authorities/subjects/sh85034149,lcsh,1,Criticism
http://id.loc.gov/authorities/subjects/sh85034549,,1,Cuba -- Civilization -- African influences
http://id.loc.gov/authorities/subjects/sh85034561,,1,Cuba -- History
http://id.loc.gov/authorities/subjects/sh85034569,,1,Cuba -- History -- 1878-1895
http://id.loc.gov/authorities/subjects/sh85034593,,1,Cuba -- Politics and government
http://id.loc.gov/authorities/subjects/sh85034594,,1,Cuba -- Politics and government -- 1810-1899
http://id.loc.gov/authorities/subjects/sh85034628,lcsh,1,Cuban poetry
http://id.loc.gov/authorities/subjects/sh85034646,lcsh,1,Cube in art
http://id.loc.gov/authorities/subjects/sh85035688,lcsh,1,Dance in art
http://id.loc.gov/authorities/subjects/sh85035884,lcsh,1,Dating (Social customs)
http://id.loc.gov/authorities/subjects/sh85036024,lcsh,1,Dead
http://id.loc.gov/authorities/subjects/sh85036106,lcsh,1,Death in art
http://id.loc.gov/authorities/subjects/sh85036108,lcsh,1,Death in literature
http://id.loc.gov/authorities/subjects/sh85036647,lcsh,1,Democracy
http://id.loc.gov/authorities/subjects/sh85037197,lcsh,1,Design
http://id.loc.gov/authorities/subjects/sh85037293,lcsh,1,Detention of persons
http://id.loc.gov/authorities/subjects/sh85037601,lcsh,1,Diaries
http://id.loc.gov/authorities/subjects/sh85038376,lcsh,1,Discrimination
http://id.loc.gov/authorities/subjects/sh85038488,lcsh,1,Dissenters
http://id.loc.gov/authorities/subjects/sh85038822,lcsh,1,Dogs in art
http://id.loc.gov/authorities/subjects/sh85039408,lcsh,1,Drawing
http://id.loc.gov/authorities/subjects/sh85039415,lcsh,1,Drawing -- 20th century
http://id.loc.gov/authorities/subjects/sh85039486,lcsh,1,Dreams in art
http://id.loc.gov/authorities/subjects/sh85039671,lcsh,1,Drowning victims
http://id.loc.gov/authorities/subjects/sh85039719,lcsh,1,Drugs
http://id.loc.gov/authorities/subjects/sh85040508,lcsh,1,Earthworks (Art)
http://id.loc.gov/authorities/subjects/sh85040522,lcsh,1,East and West
http://id.loc.gov/authorities/subjects/sh85040752,lcsh,1,Ecology
http://id.loc.gov/authorities/subjects/sh85042701,lcsh,1,Embroidery
http://id.loc.gov/authorities/subjects/sh85042782,lcsh,1,Emigration and immigration
http://id.loc.gov/authorities/subjects/sh85042818,lcsh,1,Emotions
http://id.loc.gov/authorities/subjects/sh85042824,lcsh,1,Emotions in art
http://id.loc.gov/authorities/subjects/sh85043583,lcsh,1,English language -- Idioms
http://id.loc.gov/authorities/subjects/sh85043619,lcsh,1,English language -- Obscene words
http://id.loc.gov/authorities/subjects/sh85043743,lcsh,1,English language -- Terms and phrases
http://id.loc.gov/authorities/subjects/sh85044164,lcsh,1,Environment (Art)
http://id.loc.gov/authorities/subjects/sh85044668,lcsh,1,Erotic art
http://id.loc.gov/authorities/subjects/sh85044780,lcsh,1,Escape (Psychology)
http://id.loc.gov/authorities/subjects/sh85045906,lcsh,1,Euthanasia
http://id.loc.gov/authorities/subjects/sh85046443,lcsh,1,Experimental poetry
http://id.loc.gov/authorities/subjects/sh85046797,lcsh,1,Face in art
http://id.loc.gov/authorities/subjects/sh85046927,lcsh,1,Fairy tales -- Illustrations
http://id.loc.gov/authorities/subjects/sh85047009,lcsh,1,Families
http://id.loc.gov/authorities/subjects/sh85047050,lcsh,1,Families in art
http://id.loc.gov/authorities/subjects/sh85047165,lcsh,1,Fantasy in art
http://id.loc.gov/authorities/subjects/sh85047741,lcsh,1,Feminism
http://id.loc.gov/authorities/subjects/sh85047746,lcsh,1,Feminism and art
http://id.loc.gov/authorities/subjects/sh85047750,lcsh,1,Feminism and the arts
http://id.loc.gov/authorities/subjects/sh85048500,lcsh,1,Fire in art
http://id.loc.gov/authorities/subjects/sh85048858,lcsh,1,Fishing in art
http://id.loc.gov/authorities/subjects/sh85048974,lcsh,1,Flags in art
http://id.loc.gov/authorities/subjects/sh85049108,lcsh,1,Flight
http://id.loc.gov/authorities/subjects/sh85049126,lcsh,1,Flight training
http://id.loc.gov/authorities/subjects/sh85050209,lcsh,1,Food -- Pictorial works
http://id.loc.gov/authorities/subjects/sh85050278,lcsh,1,Food in art
http://id.loc.gov/authorities/subjects/sh85050416,lcsh,1,Football -- United States
http://id.loc.gov/authorities/subjects/sh85051044,lcsh,1,Found objects (Art)
http://id.loc.gov/authorities/subjects/sh85051147,lcsh,1,Fractals
http://id.loc.gov/authorities/subjects/sh85053150,lcsh,1,Gardens in art
http://id.loc.gov/authorities/subjects/sh85053742,lcsh,1,Genealogy
http://id.loc.gov/authorities/subjects/sh85053982,lcsh,1,Geographical perception
http://id.loc.gov/authorities/subjects/sh85053986,lcsh,1,Geography
http://id.loc.gov/authorities/subjects/sh85054129,lcsh,1,Geometrical drawing
http://id.loc.gov/authorities/subjects/sh85056409,lcsh,1,Grandparent and child
http://id.loc.gov/authorities/subjects/sh85056495,lcsh,1,Graphology
http://id.loc.gov/authorities/subjects/sh85056605,,1,Great Britain
http://id.loc.gov/authorities/subjects/sh85057329,lcsh,1,Grids (Cartography) in art
http://id.loc.gov/authorities/subjects/sh85057330,lcsh,1,Grief
http://id.loc.gov/authorities/subjects/sh85057331,lcsh,1,Grief in art
http://id.loc.gov/authorities/subjects/sh85057333,lcsh,1,Grief in literature
http://id.loc.gov/authorities/subjects/sh85057441,lcsh,1,Grotesque in art
http://id.loc.gov/authorities/subjects/sh85057502,lcsh,1,Group work in art
http://id.loc.gov/authorities/subjects/sh85058059,lcsh,1,Gymnastics
http://id.loc.gov/authorities/subjects/sh85058292,lcsh,1,"Haiku, American"
http://id.loc.gov/authorities/subjects/sh85058806,lcsh,1,Happenings (Art)
http://id.loc.gov/authorities/subjects/sh85058807,lcsh,1,Happiness
http://id.loc.gov/authorities/subjects/sh85059272,lcsh,1,Hate
http://id.loc.gov/authorities/subjects/sh85059506,lcsh,1,Healing
http://id.loc.gov/authorities/subjects/sh85059747,lcsh,1,Heart in art
http://id.loc.gov/authorities/subjects/sh85060351,lcsh,1,Herbs
http://id.loc.gov/authorities/subjects/sh85060368,lcsh,1,"Heredity, Human"
http://id.loc.gov/authorities/subjects/sh85060641,lcsh,1,Hiding places
http://id.loc.gov/authorities/subjects/sh85060649,lcsh,1,Hieroglyphics
http://id.loc.gov/authorities/subjects/sh85061219,lcsh,1,History -- Miscellanea
http://id.loc.gov/authorities/subjects/sh85061252,lcsh,1,History in art
http://id.loc.gov/authorities/subjects/sh85061518,lcsh,1,"Holocaust, Jewish (1939-1945) -- Personal narratives"
http://id.loc.gov/authorities/subjects/sh85061521,lcsh,1,"Holocaust, Jewish (1939-1945), in art"
http://id.loc.gov/authorities/subjects/sh85061657,lcsh,1,Home
http://id.loc.gov/authorities/subjects/sh85061841,lcsh,1,Honesty
http://id.loc.gov/authorities/subjects/sh85062957,lcsh,1,"Humorous poetry, American"
http://id.loc.gov/authorities/subjects/sh85063138,lcsh,1,Hunting in art
http://id.loc.gov/authorities/subjects/sh85063851,lcsh,1,Hysteria
http://id.loc.gov/authorities/subjects/sh85064150,lcsh,1,Identity (Philosophical concept)
http://id.loc.gov/authorities/subjects/sh85064153,lcsh,1,Identity (Psychology) in children
http://id.loc.gov/authorities/subjects/sh85064446,lcsh,1,Image processing
http://id.loc.gov/authorities/subjects/sh85064451,lcsh,1,Imagery (Psychology)
http://id.loc.gov/authorities/subjects/sh85064456,lcsh,1,Imaginary books and libraries
http://id.loc.gov/authorities/subjects/sh85064628,lcsh,1,Imperialism
http://id.loc.gov/authorities/subjects/sh85065270,lcsh,1,Indians of North America -- Folklore
http://id.loc.gov/authorities/subjects/sh85065689,lcsh,1,Individuality
http://id.loc.gov/authorities/subjects/sh85066706,lcsh,1,Insects in art
http://id.loc.gov/authorities/subjects/sh85066717,lcsh,1,Insomnia
http://id.loc.gov/authorities/subjects/sh85066719,lcsh,1,Inspiration
http://id.loc.gov/authorities/subjects/sh85066731,lcsh,1,Installations (Art)
http://id.loc.gov/authorities/subjects/sh85067179,lcsh,1,Intelligence service -- United States
http://id.loc.gov/authorities/subjects/sh85067524,lcsh,1,Interstellar communication
http://id.loc.gov/authorities/subjects/sh85067603,lcsh,1,Intimacy (Psychology)
http://id.loc.gov/authorities/subjects/sh85067977,,1,Ireland -- Description and travel
http://id.loc.gov/authorities/subjects/sh85068048,,1,Ireland -- Social life and customs
http://id.loc.gov/authorities/subjects/sh85068283,lcsh,1,Irrigation
http://id.loc.gov/authorities/subjects/sh85068296,lcsh,1,Irrigation engineering
http://id.loc.gov/authorities/subjects/sh85068816,lcsh,1,Italian literature
http://id.loc.gov/authorities/subjects/sh85069398,,1,Japan -- Description and travel
http://id.loc.gov/authorities/subjects/sh85070391,lcsh,1,Jews -- Folklore
http://id.loc.gov/authorities/subjects/sh85071118,lcsh,1,Justice
http://id.loc.gov/authorities/subjects/sh85072120,lcsh,1,Keyboards (Electronics)
http://id.loc.gov/authorities/subjects/sh85072549,lcsh,1,Kissing
http://id.loc.gov/authorities/subjects/sh85072580,lcsh,1,Kites
http://id.loc.gov/authorities/subjects/sh85072732,lcsh,1,"Knowledge, Theory of"
http://id.loc.gov/authorities/subjects/sh85073794,lcsh,1,Labyrinths in art
http://id.loc.gov/authorities/subjects/sh85074423,lcsh,1,Landscapes in art
http://id.loc.gov/authorities/subjects/sh85074518,lcsh,1,Language and languages
http://id.loc.gov/authorities/subjects/sh85074574,lcsh,1,Language and languages -- Philosophy
http://id.loc.gov/authorities/subjects/sh85074926,lcsh,1,Latin American literature -- 20th century
http://id.loc.gov/authorities/subjects/sh85075608,lcsh,1,Leaves
http://id.loc.gov/authorities/subjects/sh85075636,,1,"Lebanon -- History -- Civil War, 1975-1990"
http://id.loc.gov/authorities/subjects/sh85076240,lcsh,1,Letters
http://id.loc.gov/authorities/subjects/sh85076242,lcsh,1,Letters in art
http://id.loc.gov/authorities/subjects/sh85076512,lcsh,1,Libraries -- History
http://id.loc.gov/authorities/subjects/sh85076886,lcsh,1,Light and darkness in literature
http://id.loc.gov/authorities/subjects/sh85076896,lcsh,1,Light in art
http://id.loc.gov/authorities/subjects/sh85077159,lcsh,1,Line (Art)
http://id.loc.gov/authorities/subjects/sh85077319,lcsh,1,Lipreading
http://id.loc.gov/authorities/subjects/sh85077575,lcsh,1,Literature and technology
http://id.loc.gov/authorities/subjects/sh85078243,lcsh,1,Loneliness
http://id.loc.gov/authorities/subjects/sh85078431,lcsh,1,Loss (Psychology)
http://id.loc.gov/authorities/subjects/sh85078519,lcsh,1,Love
http://id.loc.gov/authorities/subjects/sh85078533,lcsh,1,Love in art
http://id.loc.gov/authorities/subjects/sh85079396,lcsh,1,Machinery in art
http://id.loc.gov/authorities/subjects/sh85079877,lcsh,1,Mail art
http://id.loc.gov/authorities/subjects/sh85080130,lcsh,1,Male nude in art
http://id.loc.gov/authorities/subjects/sh85080298,lcsh,1,Human beings -- Effect of environment on
http://id.loc.gov/authorities/subjects/sh85080299,lcsh,1,Nature -- Effect of human beings on
http://id.loc.gov/authorities/subjects/sh85080301,lcsh,1,Human beings -- Origin
http://id.loc.gov/authorities/subjects/sh85081056,lcsh,1,Marginalia
http://id.loc.gov/authorities/subjects/sh85081057,lcsh,1,"Marginality, Social"
http://id.loc.gov/authorities/subjects/sh85081416,lcsh,1,Marriage
http://id.loc.gov/authorities/subjects/sh85081504,lcsh,1,Marriage in art
http://id.loc.gov/authorities/subjects/sh85081797,lcsh,1,Masculinity
http://id.loc.gov/authorities/subjects/sh85081817,lcsh,1,Masks
http://id.loc.gov/authorities/subjects/sh85081824,lcsh,1,Masks in art
http://id.loc.gov/authorities/subjects/sh85081889,lcsh,1,Mass media and sports
http://id.loc.gov/authorities/subjects/sh85081890,lcsh,1,Mass media and the arts
http://id.loc.gov/authorities/subjects/sh85082051,lcsh,1,Mate selection
http://id.loc.gov/authorities/subjects/sh85082411,lcsh,1,Maya art
http://id.loc.gov/authorities/subjects/sh85082692,lcsh,1,Meaning (Philosophy)
http://id.loc.gov/authorities/subjects/sh85083497,lcsh,1,Memory
http://id.loc.gov/authorities/subjects/sh85083601,lcsh,1,Menstrual cycle
http://id.loc.gov/authorities/subjects/sh85083602,lcsh,1,Menstrual cycle -- Psychological aspects
http://id.loc.gov/authorities/subjects/sh85083604,lcsh,1,Menstruation
http://id.loc.gov/authorities/subjects/sh85083907,lcsh,1,Mescal
http://id.loc.gov/authorities/subjects/sh85084590,,1,"Mexico -- History -- Revolution, 1910-1920"
http://id.loc.gov/authorities/subjects/sh85085126,lcsh,1,Militarism
http://id.loc.gov/authorities/subjects/sh85085644,lcsh,1,Miniature books -- Specimens
http://id.loc.gov/authorities/subjects/sh85085702,lcsh,1,Minimal art
http://id.loc.gov/authorities/subjects/sh85085969,lcsh,1,Mirrors in art
http://id.loc.gov/authorities/subjects/sh85086321,lcsh,1,Mixed media painting
http://id.loc.gov/authorities/subjects/sh85086800,lcsh,1,Money in art
http://id.loc.gov/authorities/subjects/sh85086996,lcsh,1,Monsters in art
http://id.loc.gov/authorities/subjects/sh85087511,lcsh,1,Motels
http://id.loc.gov/authorities/subjects/sh85087517,lcsh,1,Mother and child
http://id.loc.gov/authorities/subjects/sh85087538,lcsh,1,Mothers and daughters
http://id.loc.gov/authorities/subjects/sh85087539,lcsh,1,Mothers and sons
http://id.loc.gov/authorities/subjects/sh85087545,lcsh,1,Mothers in art
http://id.loc.gov/authorities/subjects/sh85087612,lcsh,1,Motor vehicles -- Maintenance and repair
http://id.loc.gov/authorities/subjects/sh85087965,lcsh,1,Mountains in art
http://id.loc.gov/authorities/subjects/sh85088916,lcsh,1,Music in art
http://id.loc.gov/authorities/subjects/sh85090290,lcsh,1,Nature photography
http://id.loc.gov/authorities/subjects/sh85090501,,1,Middle East
http://id.loc.gov/authorities/subjects/sh85092460,,1,North America -- History
http://id.loc.gov/authorities/subjects/sh85092792,lcsh,1,Notebooks
http://id.loc.gov/authorities/subjects/sh85093038,lcsh,1,Nuclear power plants -- Environmental aspects
http://id.loc.gov/authorities/subjects/sh85093169,lcsh,1,Nude in art
http://id.loc.gov/authorities/subjects/sh85093565,lcsh,1,Oak
http://id.loc.gov/authorities/subjects/sh85093747,lcsh,1,Observation (Psychology)
http://id.loc.gov/authorities/subjects/sh85093911,,1,Oceania -- Description and travel
http://id.loc.gov/authorities/subjects/sh85094814,lcsh,1,Onomatopoeia
http://id.loc.gov/authorities/subjects/sh85094833,lcsh,1,Ontology
http://id.loc.gov/authorities/subjects/sh85095118,lcsh,1,Oppression (Psychology)
http://id.loc.gov/authorities/subjects/sh85095193,lcsh,1,Optimism
http://id.loc.gov/authorities/subjects/sh85095351,lcsh,1,Order
http://id.loc.gov/authorities/subjects/sh85096147,lcsh,1,Outdoor photography
http://id.loc.gov/authorities/subjects/sh85096623,lcsh,1,Paint
http://id.loc.gov/authorities/subjects/sh85097591,lcsh,1,Handmade paper
http://id.loc.gov/authorities/subjects/sh85098789,lcsh,1,Pattern perception
http://id.loc.gov/authorities/subjects/sh85099340,lcsh,1,Pen drawing
http://id.loc.gov/authorities/subjects/sh85099711,lcsh,1,Perception (Philosophy)
http://id.loc.gov/authorities/subjects/sh85099809,lcsh,1,Performance art
http://id.loc.gov/authorities/subjects/sh85100250,lcsh,1,Peruvian poetry
http://id.loc.gov/authorities/subjects/sh85100683,lcsh,1,Phenomenology
http://id.loc.gov/authorities/subjects/sh85100886,lcsh,1,"Philosophy, Chinese"
http://id.loc.gov/authorities/subjects/sh85100893,lcsh,1,"Philosophy, Comparative"
http://id.loc.gov/authorities/subjects/sh85101228,lcsh,1,Photography of interiors
http://id.loc.gov/authorities/subjects/sh85101240,lcsh,1,Portrait photography
http://id.loc.gov/authorities/subjects/sh85101262,lcsh,1,"Photography, Abstract"
http://id.loc.gov/authorities/subjects/sh85101268,lcsh,1,Architectural photography
http://id.loc.gov/authorities/subjects/sh85101269,lcsh,1,"Photography, Artistic"
http://id.loc.gov/authorities/subjects/sh85101273,lcsh,1,"Photography, Close-up"
http://id.loc.gov/authorities/subjects/sh85101277,lcsh,1,Documentary photography
http://id.loc.gov/authorities/subjects/sh85101288,lcsh,1,Photojournalism
http://id.loc.gov/authorities/subjects/sh85101296,lcsh,1,"Photography, Pinhole"
http://id.loc.gov/authorities/subjects/sh85101306,lcsh,1,Zen photography
http://id.loc.gov/authorities/subjects/sh85101349,lcsh,1,Photography of hands
http://id.loc.gov/authorities/subjects/sh85101355,lcsh,1,Photography of men
http://id.loc.gov/authorities/subjects/sh85101358,lcsh,1,Photography of plants
http://id.loc.gov/authorities/subjects/sh85101365,lcsh,1,Photography of sports
http://id.loc.gov/authorities/subjects/sh85101368,lcsh,1,Photography of the nude
http://id.loc.gov/authorities/subjects/sh85101370,lcsh,1,Photography of water
http://id.loc.gov/authorities/subjects/sh85101371,lcsh,1,Photography of women
http://id.loc.gov/authorities/subjects/sh85102008,lcsh,1,Picture-writing
http://id.loc.gov/authorities/subjects/sh85103036,lcsh,1,Plants in art
http://id.loc.gov/authorities/subjects/sh85103703,lcsh,1,Poetics
http://id.loc.gov/authorities/subjects/sh85103704,lcsh,1,Poetry
http://id.loc.gov/authorities/subjects/sh85104348,lcsh,1,Political cartoons
http://id.loc.gov/authorities/subjects/sh85104388,lcsh,1,"Political poetry, American"
http://id.loc.gov/authorities/subjects/sh85104419,lcsh,1,"Political posters, Russian"
http://id.loc.gov/authorities/subjects/sh85104472,lcsh,1,Politics in art
http://id.loc.gov/authorities/subjects/sh85105008,lcsh,1,Pornography
http://id.loc.gov/authorities/subjects/sh85105092,lcsh,1,Portmanteau words
http://id.loc.gov/authorities/subjects/sh85105188,lcsh,1,"Portraits, American"
http://id.loc.gov/authorities/subjects/sh85106058,lcsh,1,Pragmatics
http://id.loc.gov/authorities/subjects/sh85106113,lcsh,1,Prayer
http://id.loc.gov/authorities/subjects/sh85106310,lcsh,1,Prejudices
http://id.loc.gov/authorities/subjects/sh85106751,lcsh,1,Printing
http://id.loc.gov/authorities/subjects/sh85106766,lcsh,1,Printing -- Specimens
http://id.loc.gov/authorities/subjects/sh85106795,lcsh,1,Proofs (Printing)
http://id.loc.gov/authorities/subjects/sh85106957,lcsh,1,"Prisoners -- Legal status, laws, etc"
http://id.loc.gov/authorities/subjects/sh85107412,lcsh,1,Promises
http://id.loc.gov/authorities/subjects/sh85108403,lcsh,1,Psychic trauma
http://id.loc.gov/authorities/subjects/sh85108405,lcsh,1,Parapsychology
http://id.loc.gov/authorities/subjects/sh85108411,lcsh,1,Psychoanalysis
http://id.loc.gov/authorities/subjects/sh85109107,lcsh,1,Punctuation
http://id.loc.gov/authorities/subjects/sh85109823,lcsh,1,Questioning
http://id.loc.gov/authorities/subjects/sh85109863,lcsh,1,Quilts
http://id.loc.gov/authorities/subjects/sh85110266,lcsh,1,Racism
http://id.loc.gov/authorities/subjects/sh85111552,lcsh,1,Rattle (Musical instrument)
http://id.loc.gov/authorities/subjects/sh85111669,lcsh,1,Reading -- Physiological aspects
http://id.loc.gov/authorities/subjects/sh85111673,lcsh,1,"Reading, Psychology of"
http://id.loc.gov/authorities/subjects/sh85111986,lcsh,1,Recreation in art
http://id.loc.gov/authorities/subjects/sh85112020,lcsh,1,"Recycling (Waste, etc.)"
http://id.loc.gov/authorities/subjects/sh85112063,lcsh,1,Red in art
http://id.loc.gov/authorities/subjects/sh85112316,lcsh,1,Refuse and refuse disposal
http://id.loc.gov/authorities/subjects/sh85112565,lcsh,1,Religion and culture
http://id.loc.gov/authorities/subjects/sh85113507,lcsh,1,Revolutions
http://id.loc.gov/authorities/subjects/sh85114776,lcsh,1,Rocks in art
http://id.loc.gov/authorities/subjects/sh85116537,lcsh,1,Sailing ships -- Models
http://id.loc.gov/authorities/subjects/sh85118162,lcsh,1,Schizophrenia
http://id.loc.gov/authorities/subjects/sh85118614,lcsh,1,"Science, Renaissance"
http://id.loc.gov/authorities/subjects/sh85119004,lcsh,1,Sculpture
http://id.loc.gov/authorities/subjects/sh85119221,lcsh,1,Sea in art
http://id.loc.gov/authorities/subjects/sh85119381,lcsh,1,Seasons in art
http://id.loc.gov/authorities/subjects/sh85119431,lcsh,1,Secrecy
http://id.loc.gov/authorities/subjects/sh85119759,lcsh,1,Self-help techniques
http://id.loc.gov/authorities/subjects/sh85119787,lcsh,1,Self-publishing
http://id.loc.gov/authorities/subjects/sh85119950,lcsh,1,Semiotics
http://id.loc.gov/authorities/subjects/sh85120086,lcsh,1,Separation (Psychology)
http://id.loc.gov/authorities/subjects/sh85120553,lcsh,1,Sex -- Religious aspects
http://id.loc.gov/authorities/subjects/sh85120626,lcsh,1,Sex in art
http://id.loc.gov/authorities/subjects/sh85120678,lcsh,1,Sexism
http://id.loc.gov/authorities/subjects/sh85120739,lcsh,1,Sexual intercourse
http://id.loc.gov/authorities/subjects/sh85122415,lcsh,1,Signs and symbols
http://id.loc.gov/authorities/subjects/sh85122862,lcsh,1,Single women
http://id.loc.gov/authorities/subjects/sh85123098,lcsh,1,Skateboarding
http://id.loc.gov/authorities/subjects/sh85123316,lcsh,1,Enslaved persons -- Social conditions
http://id.loc.gov/authorities/subjects/sh85123326,lcsh,1,Slavery -- United States
http://id.loc.gov/authorities/subjects/sh85123332,lcsh,1,Slave rebellions -- United States
http://id.loc.gov/authorities/subjects/sh85123406,lcsh,1,Sleep in art
http://id.loc.gov/authorities/subjects/sh85123784,lcsh,1,Snow in art
http://id.loc.gov/authorities/subjects/sh85123918,lcsh,1,Social change
http://id.loc.gov/authorities/subjects/sh85123927,lcsh,1,Social conflict
http://id.loc.gov/authorities/subjects/sh85124195,lcsh,1,Sociolinguistics
http://id.loc.gov/authorities/subjects/sh85124554,lcsh,1,Soldiers
http://id.loc.gov/authorities/subjects/sh85125392,lcsh,1,Sound recordings -- Album covers
http://id.loc.gov/authorities/subjects/sh85125492,,1,South Africa -- Politics and government -- 1961-1978
http://id.loc.gov/authorities/subjects/sh85125493,,1,South Africa -- Politics and government -- 1978-1989
http://id.loc.gov/authorities/subjects/sh85125494,,1,South Africa -- Race relations
http://id.loc.gov/authorities/subjects/sh85126049,,1,Spain -- Economic conditions
http://id.loc.gov/authorities/subjects/sh85126180,,1,Spain -- Social conditions
http://id.loc.gov/authorities/subjects/sh85126434,lcsh,1,Speech
http://id.loc.gov/authorities/subjects/sh85126625,lcsh,1,Spiders
http://id.loc.gov/authorities/subjects/sh85126779,lcsh,1,Spirituality
http://id.loc.gov/authorities/subjects/sh85127084,lcsh,1,Square
http://id.loc.gov/authorities/subjects/sh85127438,lcsh,1,Stars -- Mythology
http://id.loc.gov/authorities/subjects/sh85127469,lcsh,1,Stars in art
http://id.loc.gov/authorities/subjects/sh85128009,lcsh,1,Stereophonic sound systems
http://id.loc.gov/authorities/subjects/sh85128018,lcsh,1,Stereotypes (Social psychology)
http://id.loc.gov/authorities/subjects/sh85128135,lcsh,1,Still-life photography
http://id.loc.gov/authorities/subjects/sh85128407,lcsh,1,Storytelling
http://id.loc.gov/authorities/subjects/sh85129014,lcsh,1,String figures
http://id.loc.gov/authorities/subjects/sh85129015,lcsh,1,String in art
http://id.loc.gov/authorities/subjects/sh85129210,lcsh,1,Structuralism
http://id.loc.gov/authorities/subjects/sh85129750,lcsh,1,Suicide victims
http://id.loc.gov/authorities/subjects/sh85130757,lcsh,1,Surfing
http://id.loc.gov/authorities/subjects/sh85130879,lcsh,1,Survival and emergency equipment
http://id.loc.gov/authorities/subjects/sh85130882,lcsh,1,Survival
http://id.loc.gov/authorities/subjects/sh85131415,lcsh,1,Symbolism in art
http://id.loc.gov/authorities/subjects/sh85131441,lcsh,1,Symmetry (Art)
http://id.loc.gov/authorities/subjects/sh85132686,lcsh,1,Tarot
http://id.loc.gov/authorities/subjects/sh85132770,lcsh,1,Tattooing
http://id.loc.gov/authorities/subjects/sh85133190,lcsh,1,Technology in art
http://id.loc.gov/authorities/subjects/sh85133589,lcsh,1,Television broadcasting -- United States
http://id.loc.gov/authorities/subjects/sh85134112,lcsh,1,Terrorism
http://id.loc.gov/authorities/subjects/sh85134113,lcsh,1,Terrorism in art
http://id.loc.gov/authorities/subjects/sh85134309,lcsh,1,Textile crafts
http://id.loc.gov/authorities/subjects/sh85134589,lcsh,1,Theaters -- Models
http://id.loc.gov/authorities/subjects/sh85134988,lcsh,1,Thought and thinking
http://id.loc.gov/authorities/subjects/sh85135412,lcsh,1,Time in art
http://id.loc.gov/authorities/subjects/sh85136049,lcsh,1,Tools
http://id.loc.gov/authorities/subjects/sh85136294,lcsh,1,"Tower of the Winds (Athens, Greece)"
http://id.loc.gov/authorities/subjects/sh85136377,lcsh,1,Toys in art
http://id.loc.gov/authorities/subjects/sh85136958,lcsh,1,Translating and interpreting
http://id.loc.gov/authorities/subjects/sh85137042,lcsh,1,Transportation -- Planning
http://id.loc.gov/authorities/subjects/sh85137086,lcsh,1,Transsexuals
http://id.loc.gov/authorities/subjects/sh85137260,lcsh,1,Trees in art
http://id.loc.gov/authorities/subjects/sh85138286,lcsh,1,Truthfulness and falsehood
http://id.loc.gov/authorities/subjects/sh85139672,lcsh,1,Unicorns in art
http://id.loc.gov/authorities/subjects/sh85140008,lcsh,1,"Diplomatic and consular service, American"
http://id.loc.gov/authorities/subjects/sh85140055,lcsh,1,Immigrants -- United States
http://id.loc.gov/authorities/subjects/sh85140338,,1,"United States -- History, Military"
http://id.loc.gov/authorities/subjects/sh85140494,,1,United States -- Race relations
http://id.loc.gov/authorities/subjects/sh85141637,lcsh,1,Utopias in literature
http://id.loc.gov/authorities/subjects/sh85141832,lcsh,1,Valentines
http://id.loc.gov/authorities/subjects/sh85142739,lcsh,1,Venn diagrams
http://id.loc.gov/authorities/subjects/sh85143195,lcsh,1,Video art
http://id.loc.gov/authorities/subjects/sh85143202,lcsh,1,Video games
http://id.loc.gov/authorities/subjects/sh85143292,lcsh,1,"Vietnam War, 1961-1975 -- United States"
http://id.loc.gov/authorities/subjects/sh85143514,lcsh,1,Violence
http://id.loc.gov/authorities/subjects/sh85143520,lcsh,1,Violence in art
http://id.loc.gov/authorities/subjects/sh85143931,lcsh,1,Visual poetry
http://id.loc.gov/authorities/subjects/sh85144400,lcsh,1,Vodou in art
http://id.loc.gov/authorities/subjects/sh85144443,lcsh,1,Voyages and travels
http://id.loc.gov/authorities/subjects/sh85145181,lcsh,1,War in art
http://id.loc.gov/authorities/subjects/sh85145197,lcsh,1,War photography
http://id.loc.gov/authorities/subjects/sh85146512,,1,White Sea (Russia)
http://id.loc.gov/authorities/subjects/sh85146691,lcsh,1,Wild west shows
http://id.loc.gov/authorities/subjects/sh85147034,lcsh,1,Winter in art
http://id.loc.gov/authorities/subjects/sh85147262,lcsh,1,Wolves in art
http://id.loc.gov/authorities/subjects/sh85147274,lcsh,1,Women
http://id.loc.gov/authorities/subjects/sh85147330,lcsh,1,Women -- Portraits
http://id.loc.gov/authorities/subjects/sh85147433,lcsh,1,Women and religion
http://id.loc.gov/authorities/subjects/sh85147447,lcsh,1,Women artists
http://id.loc.gov/authorities/subjects/sh85147554,lcsh,1,Women in art
http://id.loc.gov/authorities/subjects/sh85147589,lcsh,1,Women in mass media
http://id.loc.gov/authorities/subjects/sh85147689,lcsh,1,Women printers
http://id.loc.gov/authorities/subjects/sh85148117,lcsh,1,"Words, New"
http://id.loc.gov/authorities/subjects/sh85148124,lcsh,1,Obscene words
http://id.loc.gov/authorities/subjects/sh85148125,lcsh,1,Words in art
http://id.loc.gov/authorities/subjects/sh85148139,lcsh,1,Work and family
http://id.loc.gov/authorities/subjects/sh85148284,lcsh,1,"World War, 1939-1945 -- Art and the war"
http://id.loc.gov/authorities/subjects/sh85148445,lcsh,1,"World War, 1939-1945 -- Monuments"
http://id.loc.gov/authorities/subjects/sh85148589,lcsh,1,Wounds and injuries
http://id.loc.gov/authorities/subjects/sh85148656,lcsh,1,Writing in art
http://id.loc.gov/authorities/subjects/sh85148749,lcsh,1,X-rays
http://id.loc.gov/authorities/subjects/sh85149938,lcsh,1,Zodiac
http://id.loc.gov/authorities/subjects/sh85149940,lcsh,1,Zodiac in art
http://id.loc.gov/authorities/subjects/sh86000984,lcsh,1,Erotic drawing
http://id.loc.gov/authorities/subjects/sh86005596,lcsh,1,Veterans -- United States
http://id.loc.gov/authorities/subjects/sh86006365,lcsh,1,Hairstyles
http://id.loc.gov/authorities/subjects/sh86006926,lcsh,1,"Wood-engraving, Spanish"
http://id.loc.gov/authorities/subjects/sh87000526,lcsh,1,New Age movement
http://id.loc.gov/authorities/subjects/sh87002172,lcsh,1,Social networks
http://id.loc.gov/authorities/subjects/sh87003896,lcsh,1,Monuments -- Washington (D.C.)
http://id.loc.gov/authorities/subjects/sh87004216,lcsh,1,Sustainable agriculture
http://id.loc.gov/authorities/subjects/sh87006080,lcsh,1,Vigilantes
http://id.loc.gov/authorities/subjects/sh87006735,lcsh,1,"Visual poetry, Uruguayan"
http://id.loc.gov/authorities/subjects/sh87007297,lcsh,1,Fluxus (Group of artists)
http://id.loc.gov/authorities/subjects/sh88001424,lcsh,1,Drunkenness (Philosophy)
http://id.loc.gov/authorities/subjects/sh88003566,lcsh,1,It (The English word)
http://id.loc.gov/authorities/subjects/sh88004378,lcsh,1,Filipinos -- United States
http://id.loc.gov/authorities/subjects/sh88005530,lcsh,1,Folklore -- Mexico
http://id.loc.gov/authorities/subjects/sh88006552,lcsh,1,Homophobia
http://id.loc.gov/authorities/subjects/sh88007892,lcsh,1,"Exiles' writings, Cuban"
http://id.loc.gov/authorities/subjects/sh89000478,lcsh,1,Postmodernism (Literature)
http://id.loc.gov/authorities/subjects/sh89000812,lcsh,1,Global warming
http://id.loc.gov/authorities/subjects/sh89001771,lcsh,1,"Posters, Soviet"
http://id.loc.gov/authorities/subjects/sh89002047,lcsh,1,"Propaganda, Soviet"
http://id.loc.gov/authorities/subjects/sh89004185,lcsh,1,Puppet theater
http://id.loc.gov/authorities/subjects/sh89005492,lcsh,1,Fossils
http://id.loc.gov/authorities/subjects/sh89005495,lcsh,1,Animal rights
http://id.loc.gov/authorities/subjects/sh89006640,lcsh,1,"Arts, Argentine"
http://id.loc.gov/authorities/subjects/sh90001578,,1,Iran -- Social conditions
http://id.loc.gov/authorities/subjects/sh90001789,lcsh,1,Photography -- Digital techniques
http://id.loc.gov/authorities/subjects/sh90002643,lcsh,1,Regret
http://id.loc.gov/authorities/subjects/sh90003519,lcsh,1,Source code (Computer science)
http://id.loc.gov/authorities/subjects/sh90004751,lcsh,1,"Serigraphy, Mexican"
http://id.loc.gov/authorities/subjects/sh91001601,lcsh,1,Ecofeminism
http://id.loc.gov/authorities/subjects/sh91002236,lcsh,1,Historical reenactments
http://id.loc.gov/authorities/subjects/sh91003538,,1,North Shore (Mass. : Coast)
http://id.loc.gov/authorities/subjects/sh91003756,lcsh,1,Gender identity
http://id.loc.gov/authorities/subjects/sh91006098,lcsh,1,Personal archives
http://id.loc.gov/authorities/subjects/sh92001504,lcsh,1,Man-woman relationships
http://id.loc.gov/authorities/subjects/sh93001184,lcsh,1,Outsider art
http://id.loc.gov/authorities/subjects/sh93002335,lcsh,1,Photocollage
http://id.loc.gov/authorities/subjects/sh93003368,lcsh,1,Artistic collaboration
http://id.loc.gov/authorities/subjects/sh93003796,lcsh,1,Action figures (Toys)
http://id.loc.gov/authorities/subjects/sh93005742,lcsh,1,Teenage girls in popular culture
http://id.loc.gov/authorities/subjects/sh93007118,lcsh,1,Appropriation (Art)
http://id.loc.gov/authorities/subjects/sh93007871,lcsh,1,Women -- Mexico
http://id.loc.gov/authorities/subjects/sh93008343,lcsh,1,Imaginary companions
http://id.loc.gov/authorities/subjects/sh94000680,lcsh,1,Otomi mythology
http://id.loc.gov/authorities/subjects/sh94000681,lcsh,1,Yaqui mythology
http://id.loc.gov/authorities/subjects/sh94000960,lcsh,1,Nahua mythology
http://id.loc.gov/authorities/subjects/sh94001190,lcsh,1,Landscape archaeology
http://id.loc.gov/authorities/subjects/sh94002076,lcsh,1,Nuclear power plants -- Accidents
http://id.loc.gov/authorities/subjects/sh94002873,lcsh,1,Social epistemology
http://id.loc.gov/authorities/subjects/sh94003046,lcsh,1,Personal information management
http://id.loc.gov/authorities/subjects/sh94003061,lcsh,1,Communication and technology
http://id.loc.gov/authorities/subjects/sh94004191,lcsh,1,Stills (Motion pictures)
http://id.loc.gov/authorities/subjects/sh94004256,lcsh,1,Encyclopedias and dictionaries in literature
http://id.loc.gov/authorities/subjects/sh94005637,,1,"Chiapas (Mexico) -- History -- Peasant Uprising, 1994-"
http://id.loc.gov/authorities/subjects/sh94005718,lcsh,1,Cryptozoology
http://id.loc.gov/authorities/subjects/sh94006224,lcsh,1,Lost articles
http://id.loc.gov/authorities/subjects/sh94007824,lcsh,1,Physics in literature
http://id.loc.gov/authorities/subjects/sh94008313,lcsh,1,Exquisite corpse (Game)
http://id.loc.gov/authorities/subjects/sh94009167,lcsh,1,Wolves in literature
http://id.loc.gov/authorities/subjects/sh94009624,lcsh,1,Rave culture
http://id.loc.gov/authorities/subjects/sh95001685,lcsh,1,Letterpress printing
http://id.loc.gov/authorities/subjects/sh95004001,lcsh,1,Strangers
http://id.loc.gov/authorities/subjects/sh95006487,lcsh,1,Radio art
http://id.loc.gov/authorities/subjects/sh95007107,lcsh,1,Weaving in literature
http://id.loc.gov/authorities/subjects/sh95008487,lcsh,1,Passing (Identity)
http://id.loc.gov/authorities/subjects/sh96000331,lcsh,1,Exploitation
http://id.loc.gov/authorities/subjects/sh96006510,lcsh,1,Serial murderers in literature
http://id.loc.gov/authorities/subjects/sh96007717,lcsh,1,Female nude in art
http://id.loc.gov/authorities/subjects/sh96009027,lcsh,1,Garden structures -- Germany
http://id.loc.gov/authorities/subjects/sh96011080,lcsh,1,Aging in art
http://id.loc.gov/authorities/subjects/sh96011083,lcsh,1,AIDS (Disease) in art
http://id.loc.gov/authorities/subjects/sh96011089,lcsh,1,Coffee in art
http://id.loc.gov/authorities/subjects/sh96011104,lcsh,1,Consumption (Economics) in art
http://id.loc.gov/authorities/subjects/sh96011135,lcsh,1,African American men in art
http://id.loc.gov/authorities/subjects/sh96011153,lcsh,1,Cosmology in art
http://id.loc.gov/authorities/subjects/sh96011363,lcsh,1,Crime in art
http://id.loc.gov/authorities/subjects/sh96011443,lcsh,1,Astronomy in art
http://id.loc.gov/authorities/subjects/sh96011505,lcsh,1,Desire in art
http://id.loc.gov/authorities/subjects/sh96011516,lcsh,1,Dwellings in art
http://id.loc.gov/authorities/subjects/sh96011522,lcsh,1,Fables in art
http://id.loc.gov/authorities/subjects/sh96011526,lcsh,1,Feminism in art
http://id.loc.gov/authorities/subjects/sh96011616,lcsh,1,Bee culture in art
http://id.loc.gov/authorities/subjects/sh96011640,lcsh,1,Genetics in art
http://id.loc.gov/authorities/subjects/sh96011700,lcsh,1,Boats and boating in art
http://id.loc.gov/authorities/subjects/sh96011709,lcsh,1,Books and reading in art
http://id.loc.gov/authorities/subjects/sh96011758,lcsh,1,Childbirth in art
http://id.loc.gov/authorities/subjects/sh96011828,lcsh,1,Identity (Psychology) in art
http://id.loc.gov/authorities/subjects/sh96011913,lcsh,1,Medicine in art
http://id.loc.gov/authorities/subjects/sh96011924,lcsh,1,National socialism in art
http://id.loc.gov/authorities/subjects/sh96011960,lcsh,1,Privacy in art
http://id.loc.gov/authorities/subjects/sh96011980,lcsh,1,Slavery in art
http://id.loc.gov/authorities/subjects/sh96012003,lcsh,1,Sex role in art
http://id.loc.gov/authorities/subjects/sh96012007,lcsh,1,Spirituality in art
http://id.loc.gov/authorities/subjects/sh96012133,lcsh,1,Tango (Dance) in art
http://id.loc.gov/authorities/subjects/sh96012208,lcsh,1,Ideology in art
http://id.loc.gov/authorities/subjects/sh96012210,lcsh,1,Torture in art
http://id.loc.gov/authorities/subjects/sh96012221,lcsh,1,Water in art
http://id.loc.gov/authorities/subjects/sh96012263,lcsh,1,Anxiety in art
http://id.loc.gov/authorities/subjects/sh96012266,lcsh,1,Apartheid in art
http://id.loc.gov/authorities/subjects/sh97000008,lcsh,1,Chance in art
http://id.loc.gov/authorities/subjects/sh97000042,lcsh,1,Nuclear explosions in art
http://id.loc.gov/authorities/subjects/sh97000077,lcsh,1,Dolls in art
http://id.loc.gov/authorities/subjects/sh97000102,lcsh,1,Ecology in art
http://id.loc.gov/authorities/subjects/sh97000131,lcsh,1,Parables in art
http://id.loc.gov/authorities/subjects/sh97000232,lcsh,1,Existentialism in art
http://id.loc.gov/authorities/subjects/sh97000334,lcsh,1,Playing cards in art
http://id.loc.gov/authorities/subjects/sh97000348,lcsh,1,Political prisoners in art
http://id.loc.gov/authorities/subjects/sh97000400,lcsh,1,Postage stamps in art
http://id.loc.gov/authorities/subjects/sh97000485,lcsh,1,Prairies in art
http://id.loc.gov/authorities/subjects/sh97000486,lcsh,1,Pregnancy in art
http://id.loc.gov/authorities/subjects/sh97000558,lcsh,1,Shipwrecks in art
http://id.loc.gov/authorities/subjects/sh97000561,lcsh,1,Shoes in art
http://id.loc.gov/authorities/subjects/sh97000648,lcsh,1,Proverbs in art
http://id.loc.gov/authorities/subjects/sh97000669,lcsh,1,Racism in art
http://id.loc.gov/authorities/subjects/sh97000679,lcsh,1,Social isolation in art
http://id.loc.gov/authorities/subjects/sh97000691,lcsh,1,Socialism in art
http://id.loc.gov/authorities/subjects/sh97000712,lcsh,1,Rape in art
http://id.loc.gov/authorities/subjects/sh97000718,lcsh,1,Reality in art
http://id.loc.gov/authorities/subjects/sh97000725,lcsh,1,Reflection (Optics) in art
http://id.loc.gov/authorities/subjects/sh97000740,lcsh,1,Refugees in art
http://id.loc.gov/authorities/subjects/sh97000745,lcsh,1,Religion in art
http://id.loc.gov/authorities/subjects/sh97000749,lcsh,1,Repetitive patterns (Decorative arts) in art
http://id.loc.gov/authorities/subjects/sh97000759,lcsh,1,Revolutions in art
http://id.loc.gov/authorities/subjects/sh97000845,lcsh,1,Roosters in art
http://id.loc.gov/authorities/subjects/sh97000884,lcsh,1,Fairy tales in art
http://id.loc.gov/authorities/subjects/sh97000999,lcsh,1,Gender identity in art
http://id.loc.gov/authorities/subjects/sh97001002,lcsh,1,Geometry in art
http://id.loc.gov/authorities/subjects/sh97001016,lcsh,1,Sound in art
http://id.loc.gov/authorities/subjects/sh97001017,lcsh,1,Sound recordings in art
http://id.loc.gov/authorities/subjects/sh97001018,lcsh,1,Space (Architecture) in art
http://id.loc.gov/authorities/subjects/sh97001238,lcsh,1,Healing in art
http://id.loc.gov/authorities/subjects/sh97001257,lcsh,1,Saints in art
http://id.loc.gov/authorities/subjects/sh97001340,lcsh,1,Science in art
http://id.loc.gov/authorities/subjects/sh97001421,lcsh,1,Seduction in art
http://id.loc.gov/authorities/subjects/sh97001429,lcsh,1,Senses and sensation in art
http://id.loc.gov/authorities/subjects/sh97001626,lcsh,1,Tarot in art
http://id.loc.gov/authorities/subjects/sh97001639,lcsh,1,Textile fabrics in art
http://id.loc.gov/authorities/subjects/sh97001649,lcsh,1,Thirteen (The number) in art
http://id.loc.gov/authorities/subjects/sh97001663,lcsh,1,Travel in art
http://id.loc.gov/authorities/subjects/sh97001769,lcsh,1,Type and type-founding in art
http://id.loc.gov/authorities/subjects/sh97001911,lcsh,1,Lesbians in art
http://id.loc.gov/authorities/subjects/sh97001912,lcsh,1,Letter writing in art
http://id.loc.gov/authorities/subjects/sh97001955,lcsh,1,Literature in art
http://id.loc.gov/authorities/subjects/sh97001961,lcsh,1,Lotteries in art
http://id.loc.gov/authorities/subjects/sh97002002,lcsh,1,Labor in art
http://id.loc.gov/authorities/subjects/sh97002039,lcsh,1,Maps in art
http://id.loc.gov/authorities/subjects/sh97002047,lcsh,1,Man-woman relationships in art
http://id.loc.gov/authorities/subjects/sh97002102,lcsh,1,Memory in art
http://id.loc.gov/authorities/subjects/sh97002283,lcsh,1,Merry-go-round in art
http://id.loc.gov/authorities/subjects/sh97002460,lcsh,1,Utopias in art
http://id.loc.gov/authorities/subjects/sh97002475,lcsh,1,Visions in art
http://id.loc.gov/authorities/subjects/sh97002520,lcsh,1,Monasteries in art
http://id.loc.gov/authorities/subjects/sh97002577,lcsh,1,Walking in art
http://id.loc.gov/authorities/subjects/sh97002587,lcsh,1,Weaving in art
http://id.loc.gov/authorities/subjects/sh97002650,lcsh,1,Murder in art
http://id.loc.gov/authorities/subjects/sh97002653,lcsh,1,Museums in art
http://id.loc.gov/authorities/subjects/sh97002671,lcsh,1,Hindu mythology in art
http://id.loc.gov/authorities/subjects/sh97002715,lcsh,1,Newspapers in art
http://id.loc.gov/authorities/subjects/sh97003623,lcsh,1,On-demand printing
http://id.loc.gov/authorities/subjects/sh97003721,lcsh,1,Pain -- Treatment
http://id.loc.gov/authorities/subjects/sh97005138,lcsh,1,Graphic design (Typography)
http://id.loc.gov/authorities/subjects/sh97005153,lcsh,1,Decadence in art
http://id.loc.gov/authorities/subjects/sh97006812,lcsh,1,Racism in popular culture
http://id.loc.gov/authorities/subjects/sh97006849,lcsh,1,Quilts in literature
http://id.loc.gov/authorities/subjects/sh97008236,lcsh,1,Cancer in women
http://id.loc.gov/authorities/subjects/sh98000048,lcsh,1,Virtual reality in art
http://id.loc.gov/authorities/subjects/sh98000405,lcsh,1,Alphabet in art
http://id.loc.gov/authorities/subjects/sh98000944,lcsh,1,Trash art
http://id.loc.gov/authorities/subjects/sh98005422,lcsh,1,Prisoners -- Civil rights
http://id.loc.gov/authorities/subjects/sh98006428,lcsh,1,Internet searching
http://id.loc.gov/authorities/subjects/sh98007384,lcsh,1,Street photography
http://id.loc.gov/authorities/subjects/sh99000228,lcsh,1,DNA in art
http://id.loc.gov/authorities/subjects/sh99000378,lcsh,1,Human reproduction in art
http://id.loc.gov/authorities/subjects/sh99001150,lcsh,1,Emigration and immigration in art
http://id.loc.gov/authorities/subjects/sh99002225,lcsh,1,Adult child sexual abuse victims in art
http://id.loc.gov/authorities/subjects/sh99002824,lcsh,1,Knives in art
http://id.loc.gov/authorities/subjects/sh99004511,lcsh,1,Telephone calls
http://id.loc.gov/authorities/subjects/sh99005926,lcsh,1,Government aid to the arts
http://id.loc.gov/authorities/subjects/sh99012913,lcsh,1,Pataphysics
http://id.loc.gov/authorities/subjects/sh99013594,lcsh,1,Imaginary biography
http://id.loc.gov/authorities/subjects/sh99014341,lcsh,1,Atomic bomb in art
http://id.loc.gov/vocabulary/rbmscv/cv00024,rbmscv,1,Accordion fold format
http://id.loc.gov/vocabulary/rbmscv/cv00092,rbmscv,1,Aluminum bindings
http://id.loc.gov/vocabulary/rbmscv/cv00146,rbmscv,1,Artists' books
http://id.loc.gov/vocabulary/rbmscv/cv00176,rbmscv,1,Authors' autographs
http://id.loc.gov/vocabulary/rbmscv/cv00200,rbmscv,1,Backless bindings
http://id.loc.gov/vocabulary/rbmscv/cv00203,rbmscv,1,Poems
http://id.loc.gov/vocabulary/rbmscv/cv00483,rbmscv,1,Coptic bindings
http://id.loc.gov/vocabulary/rbmscv/cv00485,rbmscv,1,Corrugated board bindings
http://id.loc.gov/vocabulary/rbmscv/cv00510,rbmscv,1,Dos-à-dos bindings
http://id.loc.gov/vocabulary/rbmscv/cv00514,rbmscv,1,Dust jackets
http://id.loc.gov/vocabulary/rbmscv/cv00618,rbmscv,1,Printed paper binding labels
http://id.loc.gov/vocabulary/rbmscv/cv00737,rbmscv,1,Slipcases
http://id.loc.gov/vocabulary/rbmscv/cv00762,rbmscv,1,Unopened books
http://id.loc.gov/vocabulary/rbmscv/cv00867,rbmscv,1,Miniature books
http://id.loc.gov/vocabulary/rbmscv/cv01089,rbmscv,1,Watermarks
http://id.loc.gov/vocabulary/rbmscv/cv01163,rbmscv,1,Concrete poems
http://id.loc.gov/vocabulary/rbmscv/cv01187,rbmscv,1,Cotton fiber papers
http://id.loc.gov/vocabulary/rbmscv/cv01435,rbmscv,1,Handmade papers
http://id.loc.gov/vocabulary/rbmscv/cv01503,rbmscv,1,Kozo fiber papers
http://id.loc.gov/vocabulary/rbmscv/cv01531,rbmscv,1,Limitation statements
http://id.loc.gov/vocabulary/rbmscv/cv01881,rbmscv,1,Shaped books
http://id.nlm.nih.gov/mesh/D001930Q000523,mesh,1,Brain Injuries -- psychology
http://id.nlm.nih.gov/mesh/D001930Q000534,mesh,1,Brain Injuries -- rehabilitation
http://id.nlm.nih.gov/mesh/D019494,,1,Catalog
http://id.worldcat.org/fast/1000104,fast,1,Literature and technology
http://id.worldcat.org/fast/1000107,fast,1,Literature in art
http://id.worldcat.org/fast/1000149,fast,1,"Literature, Experimental"
http://id.worldcat.org/fast/1002014,fast,1,Logic
http://id.worldcat.org/fast/1002214,fast,1,Loneliness
http://id.worldcat.org/fast/1002621,fast,1,Loss (Psychology)
http://id.worldcat.org/fast/1002646,fast,1,Lost articles
http://id.worldcat.org/fast/1002710,fast,1,Lotteries in art
http://id.worldcat.org/fast/1002769,fast,1,Love
http://id.worldcat.org/fast/1002780,fast,1,Love -- Psychological aspects
http://id.worldcat.org/fast/1002807,fast,1,Love in art
http://id.worldcat.org/fast/1002814,fast,1,Love poetry
http://id.worldcat.org/fast/1003494,fast,1,Lumbee Indians
http://id.worldcat.org/fast/1005034,fast,1,Machinery in art
http://id.worldcat.org/fast/1005389,fast,1,Mafia
http://id.worldcat.org/fast/1005942,fast,1,Magpies
http://id.worldcat.org/fast/1006062,fast,1,Mail art
http://id.worldcat.org/fast/1006702,fast,1,Malians
http://id.worldcat.org/fast/1007080,fast,1,Man-woman relationships
http://id.worldcat.org/fast/1007088,fast,1,Man-woman relationships -- Psychological aspects
http://id.worldcat.org/fast/1007096,fast,1,Man-woman relationships in art
http://id.worldcat.org/fast/1007815,fast,1,Manners and customs
http://id.worldcat.org/fast/1008755,fast,1,Maps in art
http://id.worldcat.org/fast/1008775,fast,1,Mapuche Indians
http://id.worldcat.org/fast/1008780,fast,1,Mapuche Indians -- Government relations
http://id.worldcat.org/fast/1008782,fast,1,Mapuche Indians -- Land tenure
http://id.worldcat.org/fast/1009154,fast,1,Marginalia
http://id.worldcat.org/fast/1009155,fast,1,Marginalia in art
http://id.worldcat.org/fast/1009156,fast,1,"Marginality, Social"
http://id.worldcat.org/fast/1010443,fast,1,Marriage
http://id.worldcat.org/fast/1010606,fast,1,Marriage in art
http://id.worldcat.org/fast/1011027,fast,1,Masculinity
http://id.worldcat.org/fast/1011082,fast,1,Masks
http://id.worldcat.org/fast/1011097,fast,1,Masks in art
http://id.worldcat.org/fast/1011219,fast,1,Mass media
http://id.worldcat.org/fast/1011303,fast,1,Mass media -- Social aspects
http://id.worldcat.org/fast/1011368,fast,1,Mass media and sports
http://id.worldcat.org/fast/1011374,fast,1,Mass media and the arts
http://id.worldcat.org/fast/1011378,fast,1,Mass media and war
http://id.worldcat.org/fast/1011476,fast,1,Massacres
http://id.worldcat.org/fast/1011691,fast,1,Mate selection
http://id.worldcat.org/fast/1012698,fast,1,Maya art
http://id.worldcat.org/fast/1013121,fast,1,Meadows
http://id.worldcat.org/fast/1013149,fast,1,Meaning (Philosophy)
http://id.worldcat.org/fast/1015166,fast,1,Medicine in art
http://id.worldcat.org/fast/1015686,fast,1,Melanoma
http://id.worldcat.org/fast/1015692,fast,1,Melanoma -- Patients
http://id.worldcat.org/fast/1015913,fast,1,Memory
http://id.worldcat.org/fast/1015930,fast,1,Memory -- Political aspects
http://id.worldcat.org/fast/1015940,fast,1,Memory -- Social aspects
http://id.worldcat.org/fast/1015959,fast,1,Memory in art
http://id.worldcat.org/fast/1015978,fast,1,Men
http://id.worldcat.org/fast/1016277,fast,1,Menstrual cycle
http://id.worldcat.org/fast/1016280,fast,1,Menstrual cycle -- Psychological aspects
http://id.worldcat.org/fast/1016284,fast,1,Menstruation
http://id.worldcat.org/fast/1017262,fast,1,Merry-go-round in art
http://id.worldcat.org/fast/1017283,fast,1,Mescal
http://id.worldcat.org/fast/1019072,fast,1,Mexican Americans
http://id.worldcat.org/fast/1019226,fast,1,Mexican poetry
http://id.worldcat.org/fast/1020261,fast,1,Microwaves
http://id.worldcat.org/fast/1020353,fast,1,Middle age
http://id.worldcat.org/fast/1020363,fast,1,Middle age -- Social aspects
http://id.worldcat.org/fast/1020437,fast,1,Middle class
http://id.worldcat.org/fast/1020672,fast,1,Migraine
http://id.worldcat.org/fast/1020741,fast,1,"Migration, Internal"
http://id.worldcat.org/fast/1020839,fast,1,Militarism
http://id.worldcat.org/fast/1020850,fast,1,Militarism -- Social aspects
http://id.worldcat.org/fast/1020856,fast,1,Military administration
http://id.worldcat.org/fast/1020874,fast,1,Military art and science
http://id.worldcat.org/fast/1021571,fast,1,Military uniforms in art
http://id.worldcat.org/fast/1021870,fast,1,Mills and mill-work
http://id.worldcat.org/fast/1022666,fast,1,Miniature books
http://id.worldcat.org/fast/1022760,fast,1,"Miniature painting, Pakistani"
http://id.worldcat.org/fast/1022831,fast,1,Minimal art
http://id.worldcat.org/fast/1023592,fast,1,Mirrors in art
http://id.worldcat.org/fast/1024099,fast,1,Mixed media painting
http://id.worldcat.org/fast/1024442,fast,1,Modernism (Art)
http://id.worldcat.org/fast/1025086,fast,1,Monasteries in art
http://id.worldcat.org/fast/1025319,fast,1,Money in art
http://id.worldcat.org/fast/1025758,fast,1,Monsters in art
http://id.worldcat.org/fast/1025892,fast,1,Monuments
http://id.worldcat.org/fast/1026043,fast,1,Moral conditions
http://id.worldcat.org/fast/1026838,fast,1,Motels
http://id.worldcat.org/fast/1026878,fast,1,Mother and child
http://id.worldcat.org/fast/1026907,fast,1,Motherhood
http://id.worldcat.org/fast/1026918,fast,1,Motherhood -- Psychological aspects
http://id.worldcat.org/fast/1026940,fast,1,Mothers
http://id.worldcat.org/fast/1026981,fast,1,Mothers -- Psychology
http://id.worldcat.org/fast/1026997,fast,1,Mothers and daughters
http://id.worldcat.org/fast/1027007,fast,1,Mothers and sons
http://id.worldcat.org/fast/1027012,fast,1,Mothers in art
http://id.worldcat.org/fast/1027096,fast,1,Motion picture actors and actresses
http://id.worldcat.org/fast/1027717,fast,1,Motor vehicles
http://id.worldcat.org/fast/1027824,fast,1,Motor vehicles -- Maintenance and repair
http://id.worldcat.org/fast/1028355,fast,1,Mountaineering expeditions
http://id.worldcat.org/fast/1028387,fast,1,Mountains in art
http://id.worldcat.org/fast/1028641,fast,1,Mud
http://id.worldcat.org/fast/1028916,fast,1,Multimedia (Art)
http://id.worldcat.org/fast/1029781,fast,1,Murder
http://id.worldcat.org/fast/1029803,fast,1,Murder in art
http://id.worldcat.org/fast/1029809,fast,1,Murder victims
http://id.worldcat.org/fast/1030128,fast,1,Museums
http://id.worldcat.org/fast/1030143,fast,1,Museums -- Collection management
http://id.worldcat.org/fast/1030220,fast,1,Museums in art
http://id.worldcat.org/fast/1030543,fast,1,Music in art
http://id.worldcat.org/fast/1032195,fast,1,Nahua mythology
http://id.worldcat.org/fast/1032226,fast,1,Nahuatl language
http://id.worldcat.org/fast/1032478,fast,1,"Names, Personal"
http://id.worldcat.org/fast/1033328,fast,1,"National cemeteries, American"
http://id.worldcat.org/fast/1033816,fast,1,National socialism in art
http://id.worldcat.org/fast/1033818,fast,1,National socialism in motion pictures
http://id.worldcat.org/fast/1033994,fast,1,Natural disasters
http://id.worldcat.org/fast/1034350,fast,1,Natural history museums
http://id.worldcat.org/fast/1034561,fast,1,Nature
http://id.worldcat.org/fast/1034564,fast,1,Nature -- Effect of human beings on
http://id.worldcat.org/fast/1034687,fast,1,Nature photography
http://id.worldcat.org/fast/1034799,fast,1,Navajo Indians
http://id.worldcat.org/fast/1035219,fast,1,Nazis
http://id.worldcat.org/fast/1036696,fast,1,New Age movement
http://id.worldcat.org/fast/1037181,fast,1,Newspapers in art
http://id.worldcat.org/fast/1039536,fast,1,Nostalgia
http://id.worldcat.org/fast/1039597,fast,1,Notebooks
http://id.worldcat.org/fast/1040095,fast,1,Nuclear explosions in art
http://id.worldcat.org/fast/1040436,fast,1,Nuclear power plants
http://id.worldcat.org/fast/1040437,fast,1,Nuclear power plants -- Accidents
http://id.worldcat.org/fast/1040524,fast,1,Nuclear power plants -- Environmental aspects
http://id.worldcat.org/fast/1040562,fast,1,Nuclear power plants -- Health aspects
http://id.worldcat.org/fast/1041139,fast,1,Nude in art
http://id.worldcat.org/fast/1041406,fast,1,Nuns in art
http://id.worldcat.org/fast/1041532,fast,1,Nursery rhymes
http://id.worldcat.org/fast/1042187,fast,1,Nutrition
http://id.worldcat.org/fast/1042610,fast,1,Oak
http://id.worldcat.org/fast/1042945,fast,1,Observation (Psychology)
http://id.worldcat.org/fast/1044269,fast,1,Offset printing
http://id.worldcat.org/fast/1045581,fast,1,Olympics
http://id.worldcat.org/fast/1045708,fast,1,On-demand printing
http://id.worldcat.org/fast/1045980,fast,1,Onomatopoeia
http://id.worldcat.org/fast/1045995,fast,1,Ontology
http://id.worldcat.org/fast/1046613,fast,1,Oppression (Psychology)
http://id.worldcat.org/fast/1046876,fast,1,Optimism
http://id.worldcat.org/fast/1047359,fast,1,Order
http://id.worldcat.org/fast/1048174,fast,1,Origami
http://id.worldcat.org/fast/1048433,fast,1,Orphans
http://id.worldcat.org/fast/1048976,fast,1,Otomi Indians
http://id.worldcat.org/fast/1049000,fast,1,Otomi mythology
http://id.worldcat.org/fast/1049134,fast,1,Outdoor furniture
http://id.worldcat.org/fast/1049157,fast,1,Outdoor photography
http://id.worldcat.org/fast/1049257,fast,1,Outsider art
http://id.worldcat.org/fast/1050332,fast,1,Pageants
http://id.worldcat.org/fast/1050382,fast,1,Pain
http://id.worldcat.org/fast/1050415,fast,1,Pain -- Treatment
http://id.worldcat.org/fast/1050433,fast,1,Paint
http://id.worldcat.org/fast/1050851,fast,1,"Painting, German"
http://id.worldcat.org/fast/1051228,fast,1,Pakistanis
http://id.worldcat.org/fast/1051793,fast,1,Palms
http://id.worldcat.org/fast/1052437,fast,1,Paper dolls
http://id.worldcat.org/fast/1052584,fast,1,Paper work
http://id.worldcat.org/fast/1052593,fast,1,Handmade paper
http://id.worldcat.org/fast/1052642,fast,1,Papermaking
http://id.worldcat.org/fast/1052665,fast,1,Papermaking -- Technique
http://id.worldcat.org/fast/1052772,fast,1,Parables in art
http://id.worldcat.org/fast/1053079,fast,1,Parapsychology
http://id.worldcat.org/fast/1053407,fast,1,Parenting
http://id.worldcat.org/fast/1053672,fast,1,Parking lots
http://id.worldcat.org/fast/1054130,fast,1,Particles (Nuclear physics)
http://id.worldcat.org/fast/1054417,fast,1,Passing (Identity)
http://id.worldcat.org/fast/1054779,fast,1,Pataphysics
http://id.worldcat.org/fast/1055254,fast,1,Pattern perception
http://id.worldcat.org/fast/1056770,fast,1,Pen drawing
http://id.worldcat.org/fast/1057237,fast,1,Peonies
http://id.worldcat.org/fast/1057637,fast,1,Perception (Philosophy)
http://id.worldcat.org/fast/1057852,fast,1,Performance art
http://id.worldcat.org/fast/1058566,fast,1,Personal archives
http://id.worldcat.org/fast/1058583,fast,1,Personal information management
http://id.worldcat.org/fast/1058944,fast,1,Peruvian poetry
http://id.worldcat.org/fast/1060522,fast,1,Phenomenology
http://id.worldcat.org/fast/1060777,fast,1,Philosophy
http://id.worldcat.org/fast/1060917,fast,1,"Philosophy, Chinese"
http://id.worldcat.org/fast/1060928,fast,1,"Philosophy, Comparative"
http://id.worldcat.org/fast/1061499,fast,1,Photobooths
http://id.worldcat.org/fast/1061527,fast,1,Photocollage
http://id.worldcat.org/fast/1061536,fast,1,Photocopying in art
http://id.worldcat.org/fast/1061600,fast,1,Photograph collections
http://id.worldcat.org/fast/1061605,fast,1,Photographers
http://id.worldcat.org/fast/1061714,fast,1,Photography
http://id.worldcat.org/fast/1061725,fast,1,Photography -- Collectors and collecting
http://id.worldcat.org/fast/1061726,fast,1,Photography -- Competitions
http://id.worldcat.org/fast/1061736,fast,1,Photography -- Digital techniques
http://id.worldcat.org/fast/1061781,fast,1,Photography -- Philosophy
http://id.worldcat.org/fast/1061802,fast,1,Photography -- Private collections
http://id.worldcat.org/fast/1061913,fast,1,Photography of hands
http://id.worldcat.org/fast/1061919,fast,1,Photography of interiors
http://id.worldcat.org/fast/1061922,fast,1,Photography of men
http://id.worldcat.org/fast/1061933,fast,1,Photography of plants
http://id.worldcat.org/fast/1061946,fast,1,Photography of sports
http://id.worldcat.org/fast/1061951,fast,1,Photography of the nude
http://id.worldcat.org/fast/1061956,fast,1,Photography of water
http://id.worldcat.org/fast/1061958,fast,1,Photography of women
http://id.worldcat.org/fast/1061962,fast,1,"Photography, Abstract"
http://id.worldcat.org/fast/1061964,fast,1,"Photography, Artistic"
http://id.worldcat.org/fast/1061968,fast,1,"Photography, Artistic -- Exhibitions"
http://id.worldcat.org/fast/1061973,fast,1,"Photography, Artistic -- Philosophy"
http://id.worldcat.org/fast/1061982,fast,1,"Photography, Close-up"
http://id.worldcat.org/fast/1062004,fast,1,"Photography, Pinhole"
http://id.worldcat.org/fast/1062022,fast,1,Photojournalism
http://id.worldcat.org/fast/1062053,fast,1,Photomontage
http://id.worldcat.org/fast/1063143,fast,1,Physics in literature
http://id.worldcat.org/fast/1063814,fast,1,Picture-writing
http://id.worldcat.org/fast/1064870,fast,1,Pit bull terriers
http://id.worldcat.org/fast/1064888,fast,1,Pitchers
http://id.worldcat.org/fast/1065779,fast,1,Plantation life
http://id.worldcat.org/fast/1065815,fast,1,Plantations in art
http://id.worldcat.org/fast/1065823,fast,1,Plants
http://id.worldcat.org/fast/1066133,fast,1,Plants in art
http://id.worldcat.org/fast/1067033,fast,1,Playing cards in art
http://id.worldcat.org/fast/1067682,fast,1,Poetics
http://id.worldcat.org/fast/1067691,fast,1,Poetry
http://id.worldcat.org/fast/1068398,fast,1,Police
http://id.worldcat.org/fast/1068686,fast,1,Police shootings
http://id.worldcat.org/fast/1069192,fast,1,Political activists
http://id.worldcat.org/fast/1069207,fast,1,Political atrocities
http://id.worldcat.org/fast/1069221,fast,1,Political cartoons
http://id.worldcat.org/fast/1069363,fast,1,Political leadership
http://id.worldcat.org/fast/1069520,fast,1,"Political poetry, American"
http://id.worldcat.org/fast/1069629,fast,1,"Political posters, Russian"
http://id.worldcat.org/fast/1069662,fast,1,Political prisoners in art
http://id.worldcat.org/fast/1069678,fast,1,Political refugees
http://id.worldcat.org/fast/1071250,fast,1,Pop art
http://id.worldcat.org/fast/1071255,fast,1,Popcorn
http://id.worldcat.org/fast/1071344,fast,1,Popular culture
http://id.worldcat.org/fast/1071875,fast,1,Pornography
http://id.worldcat.org/fast/1072120,fast,1,Portmanteau words
http://id.worldcat.org/fast/1072259,fast,1,Portrait photography
http://id.worldcat.org/fast/1072342,fast,1,"Portraits, American"
http://id.worldcat.org/fast/1072400,fast,1,Portuguese
http://id.worldcat.org/fast/1072762,fast,1,Post-traumatic stress disorder
http://id.worldcat.org/fast/1072827,fast,1,Postage stamps in art
http://id.worldcat.org/fast/1073018,fast,1,Postcards
http://id.worldcat.org/fast/1073020,fast,1,Postcards -- Collectors and collecting
http://id.worldcat.org/fast/1073118,fast,1,"Posters, Soviet"
http://id.worldcat.org/fast/1073181,fast,1,Postmodernism (Literature)
http://id.worldcat.org/fast/1074025,fast,1,Poultry industry
http://id.worldcat.org/fast/1074579,fast,1,Pragmatics
http://id.worldcat.org/fast/1074621,fast,1,Prairies in art
http://id.worldcat.org/fast/1074680,fast,1,Prayer
http://id.worldcat.org/fast/1075102,fast,1,Pregnancy
http://id.worldcat.org/fast/1075159,fast,1,Pregnancy in art
http://id.worldcat.org/fast/1075260,fast,1,Prejudices
http://id.worldcat.org/fast/1075708,fast,1,Presidential candidates
http://id.worldcat.org/fast/1075723,fast,1,Presidents
http://id.worldcat.org/fast/1075747,fast,1,Presidents -- Election
http://id.worldcat.org/fast/1076612,fast,1,Printing
http://id.worldcat.org/fast/1076883,fast,1,"Prints, Cuban"
http://id.worldcat.org/fast/1076940,fast,1,"Prints, Mexican"
http://id.worldcat.org/fast/1077103,fast,1,Prisoners
http://id.worldcat.org/fast/1077110,fast,1,Prisoners -- Civil rights
http://id.worldcat.org/fast/1077155,fast,1,"Prisoners -- Legal status, laws, etc"
http://id.worldcat.org/fast/1077326,fast,1,Prisons
http://id.worldcat.org/fast/1077442,fast,1,Privacy in art
http://id.worldcat.org/fast/1078755,fast,1,Prohibited books
http://id.worldcat.org/fast/1078900,fast,1,Promises
http://id.worldcat.org/fast/1078952,fast,1,Proofs (Printing)
http://id.worldcat.org/fast/1079000,fast,1,"Propaganda, Capitalist"
http://id.worldcat.org/fast/1079003,fast,1,"Propaganda, Communist"
http://id.worldcat.org/fast/1079046,fast,1,"Propaganda, Soviet"
http://id.worldcat.org/fast/1079535,fast,1,Prostitutes
http://id.worldcat.org/fast/1079562,fast,1,Prostitution
http://id.worldcat.org/fast/1080212,fast,1,Proverbs in art
http://id.worldcat.org/fast/1080912,fast,1,Pseudoscience
http://id.worldcat.org/fast/1081217,fast,1,Psychic trauma
http://id.worldcat.org/fast/1081235,fast,1,Psychoanalysis
http://id.worldcat.org/fast/1082064,fast,1,Public art
http://id.worldcat.org/fast/1084083,fast,1,Punctuation
http://id.worldcat.org/fast/1084220,fast,1,Puppet theater
http://id.worldcat.org/fast/1084235,fast,1,Puppets
http://id.worldcat.org/fast/1085540,fast,1,Quechua Indians
http://id.worldcat.org/fast/1085568,fast,1,Quechua Indians -- Religion
http://id.worldcat.org/fast/1085614,fast,1,Quechua mythology
http://id.worldcat.org/fast/1085685,fast,1,Questioning
http://id.worldcat.org/fast/1085804,fast,1,Quilts
http://id.worldcat.org/fast/1085823,fast,1,Quilts in literature
http://id.worldcat.org/fast/1086509,fast,1,Race relations
http://id.worldcat.org/fast/1086589,fast,1,Racial profiling in law enforcement
http://id.worldcat.org/fast/1086616,fast,1,Racism
http://id.worldcat.org/fast/1086619,fast,1,Racism -- Economic aspects
http://id.worldcat.org/fast/1086627,fast,1,Racism -- Political aspects
http://id.worldcat.org/fast/1086652,fast,1,Racism in art
http://id.worldcat.org/fast/1086659,fast,1,Racism in museum exhibits
http://id.worldcat.org/fast/1086660,fast,1,Racism in popular culture
http://id.worldcat.org/fast/1087195,fast,1,Radio art
http://id.worldcat.org/fast/1089410,fast,1,Rain and rainfall
http://id.worldcat.org/fast/1089970,fast,1,Rape
http://id.worldcat.org/fast/1089980,fast,1,Rape -- Psychological aspects
http://id.worldcat.org/fast/1090002,fast,1,Rape in art
http://id.worldcat.org/fast/1090365,fast,1,Rattle (Musical instrument)
http://id.worldcat.org/fast/1090391,fast,1,Rave culture
http://id.worldcat.org/fast/1090626,fast,1,Reading
http://id.worldcat.org/fast/1090664,fast,1,Reading -- Physiological aspects
http://id.worldcat.org/fast/1090844,fast,1,"Reading, Psychology of"
http://id.worldcat.org/fast/1091248,fast,1,Reality in art
http://id.worldcat.org/fast/1091560,fast,1,Record labels
http://id.worldcat.org/fast/1091865,fast,1,Recreation in art
http://id.worldcat.org/fast/1092000,fast,1,"Recycling (Waste, etc.)"
http://id.worldcat.org/fast/1092145,fast,1,Red in art
http://id.worldcat.org/fast/1092490,fast,1,Reflection (Optics) in art
http://id.worldcat.org/fast/1092759,fast,1,Refrigerators
http://id.worldcat.org/fast/1092797,fast,1,Refugees
http://id.worldcat.org/fast/1092851,fast,1,Refugees in art
http://id.worldcat.org/fast/1092888,fast,1,Refuse and refuse disposal
http://id.worldcat.org/fast/1093278,fast,1,Regret
http://id.worldcat.org/fast/1093823,fast,1,Religion and culture
http://id.worldcat.org/fast/1093878,fast,1,Religion in art
http://id.worldcat.org/fast/1094311,fast,1,Religious right
http://id.worldcat.org/fast/1094819,fast,1,Repetitive patterns (Decorative arts) in art
http://id.worldcat.org/fast/1095153,fast,1,Research
http://id.worldcat.org/fast/1096737,fast,1,Revolutions
http://id.worldcat.org/fast/1096772,fast,1,Revolutions in art
http://id.worldcat.org/fast/1097281,fast,1,Rhythm and blues music
http://id.worldcat.org/fast/1097334,fast,1,Rice
http://id.worldcat.org/fast/1098312,fast,1,Rivers
http://id.worldcat.org/fast/1098507,fast,1,Roadkill
http://id.worldcat.org/fast/1098511,fast,1,Roads
http://id.worldcat.org/fast/1098825,fast,1,Roads -- Surveying
http://id.worldcat.org/fast/1099464,fast,1,Rocks in art
http://id.worldcat.org/fast/1100383,fast,1,Roosters in art
http://id.worldcat.org/fast/1101147,fast,1,Rugs
http://id.worldcat.org/fast/1101819,fast,1,Rural schools
http://id.worldcat.org/fast/1102394,fast,1,Russian poetry
http://id.worldcat.org/fast/1103529,fast,1,Sailing ships
http://id.worldcat.org/fast/1103534,fast,1,Sailing ships -- Models
http://id.worldcat.org/fast/1103670,fast,1,Saints in art
http://id.worldcat.org/fast/1106752,fast,1,Schizophrenia
http://id.worldcat.org/fast/1106784,fast,1,Schizophrenia in art
http://id.worldcat.org/fast/1107474,fast,1,School integration
http://id.worldcat.org/fast/1108730,fast,1,Science in art
http://id.worldcat.org/fast/1108809,fast,1,"Science, Renaissance"
http://id.worldcat.org/fast/1109413,fast,1,Scrolls
http://id.worldcat.org/fast/1109483,fast,1,Sculpture
http://id.worldcat.org/fast/1109788,fast,1,"Sculpture, Modern"
http://id.worldcat.org/fast/1110397,fast,1,Seashore
http://id.worldcat.org/fast/1110465,fast,1,Seasons in art
http://id.worldcat.org/fast/1110644,fast,1,Secrecy
http://id.worldcat.org/fast/1110984,fast,1,Sedimentation and deposition
http://id.worldcat.org/fast/1111039,fast,1,Seduction in art
http://id.worldcat.org/fast/1111754,fast,1,Self-help techniques
http://id.worldcat.org/fast/1111843,fast,1,Self-portraits
http://id.worldcat.org/fast/1111887,fast,1,Self-publishing
http://id.worldcat.org/fast/1112351,fast,1,Semiotics
http://id.worldcat.org/fast/1112589,fast,1,Senses and sensation in art
http://id.worldcat.org/fast/1112717,fast,1,Separation (Psychology)
http://id.worldcat.org/fast/1112809,fast,1,September 11 Terrorist Attacks (2001) in art
http://id.worldcat.org/fast/1113113,fast,1,Serial murderers in literature
http://id.worldcat.org/fast/1113186,fast,1,Serigraphy
http://id.worldcat.org/fast/1113200,fast,1,"Serigraphy, Mexican"
http://id.worldcat.org/fast/1113350,fast,1,Serpents
http://id.worldcat.org/fast/1113355,fast,1,Serpents in art
http://id.worldcat.org/fast/1113497,fast,1,Service stations
http://id.worldcat.org/fast/1114160,fast,1,Sex
http://id.worldcat.org/fast/1114185,fast,1,Sex -- Religious aspects
http://id.worldcat.org/fast/1114306,fast,1,Sex customs
http://id.worldcat.org/fast/1114376,fast,1,Sex discrimination against women
http://id.worldcat.org/fast/1114456,fast,1,Sex in art
http://id.worldcat.org/fast/1114647,fast,1,Sex role in art
http://id.worldcat.org/fast/1114686,fast,1,Sexism
http://id.worldcat.org/fast/1114857,fast,1,Sexual harassment
http://id.worldcat.org/fast/1114897,fast,1,Sexual intercourse
http://id.worldcat.org/fast/1115024,fast,1,Shades and shadows
http://id.worldcat.org/fast/1115174,fast,1,Shamans
http://id.worldcat.org/fast/1116352,fast,1,Shipping
http://id.worldcat.org/fast/1116638,fast,1,Shipwrecks
http://id.worldcat.org/fast/1116648,fast,1,Shipwrecks in art
http://id.worldcat.org/fast/1116787,fast,1,Shoes in art
http://id.worldcat.org/fast/1116906,fast,1,Shopping carts
http://id.worldcat.org/fast/1116944,fast,1,Shopping malls
http://id.worldcat.org/fast/1118066,fast,1,Sick children
http://id.worldcat.org/fast/1118264,fast,1,Sign painting
http://id.worldcat.org/fast/1118311,fast,1,Signals and signaling
http://id.worldcat.org/fast/1118336,fast,1,Signs and signboards
http://id.worldcat.org/fast/1118355,fast,1,Signs and symbols
http://id.worldcat.org/fast/1119452,fast,1,Single women
http://id.worldcat.org/fast/1119790,fast,1,Site-specific art
http://id.worldcat.org/fast/1119791,fast,1,Site-specific installations (Art)
http://id.worldcat.org/fast/1119885,fast,1,Skateboarding
http://id.worldcat.org/fast/1120144,fast,1,Skin in art
http://id.worldcat.org/fast/1120260,fast,1,Sky
http://id.worldcat.org/fast/1120389,fast,1,Slave rebellions
http://id.worldcat.org/fast/1120393,fast,1,Slave labor
http://id.worldcat.org/fast/1120405,fast,1,Slave trade
http://id.worldcat.org/fast/1120426,fast,1,Slavery
http://id.worldcat.org/fast/1120514,fast,1,Slavery in art
http://id.worldcat.org/fast/1120522,fast,1,Enslaved persons
http://id.worldcat.org/fast/1120577,fast,1,Enslaved persons -- Social conditions
http://id.worldcat.org/fast/1120819,fast,1,Sleep
http://id.worldcat.org/fast/1120853,fast,1,Sleep in art
http://id.worldcat.org/fast/1121467,fast,1,Small press books
http://id.worldcat.org/fast/1121469,fast,1,Small presses
http://id.worldcat.org/fast/1121956,fast,1,Snow in art
http://id.worldcat.org/fast/1122310,fast,1,Social change
http://id.worldcat.org/fast/1122378,fast,1,Social conflict
http://id.worldcat.org/fast/1122446,fast,1,Social epistemology
http://id.worldcat.org/fast/1122601,fast,1,Social isolation in art
http://id.worldcat.org/fast/1122657,fast,1,Social movements
http://id.worldcat.org/fast/1122678,fast,1,Social networks
http://id.worldcat.org/fast/1123637,fast,1,Socialism
http://id.worldcat.org/fast/1123713,fast,1,Socialism in art
http://id.worldcat.org/fast/1123847,fast,1,Sociolinguistics
http://id.worldcat.org/fast/1125233,fast,1,Soldiers
http://id.worldcat.org/fast/1125348,fast,1,Soldiers' monuments
http://id.worldcat.org/fast/1125561,fast,1,Solitude
http://id.worldcat.org/fast/1126526,fast,1,"Songs, Spanish"
http://id.worldcat.org/fast/1127003,fast,1,Sound in art
http://id.worldcat.org/fast/1127006,fast,1,Sound installations (Art)
http://id.worldcat.org/fast/1127034,fast,1,Sound recordings
http://id.worldcat.org/fast/1127035,fast,1,Sound recordings -- Album covers
http://id.worldcat.org/fast/1127063,fast,1,Sound recordings in art
http://id.worldcat.org/fast/1127099,fast,1,Sounds
http://id.worldcat.org/fast/1127128,fast,1,Source code (Computer science)
http://id.worldcat.org/fast/1127238,fast,1,South Asian literature
http://id.worldcat.org/fast/1127242,fast,1,South Asian poetry
http://id.worldcat.org/fast/1127253,fast,1,South Asians in literature
http://id.worldcat.org/fast/1127613,fast,1,Space (Architecture) in art
http://id.worldcat.org/fast/1127669,fast,1,Space debris
http://id.worldcat.org/fast/1128153,fast,1,Spaniards
http://id.worldcat.org/fast/1128292,fast,1,Spanish language
http://id.worldcat.org/fast/1128389,fast,1,"Spanish language -- Glossaries, vocabularies, etc"
http://id.worldcat.org/fast/1128390,fast,1,Spanish language -- Grammar
http://id.worldcat.org/fast/1128654,fast,1,Spanish poetry
http://id.worldcat.org/fast/1129153,fast,1,Speech
http://id.worldcat.org/fast/1129725,fast,1,Spices
http://id.worldcat.org/fast/1129749,fast,1,Spiders
http://id.worldcat.org/fast/1130186,fast,1,Spirituality
http://id.worldcat.org/fast/1130201,fast,1,Spirituality in art
http://id.worldcat.org/fast/1131077,fast,1,Square
http://id.worldcat.org/fast/1131340,fast,1,Staged photography
http://id.worldcat.org/fast/1131648,fast,1,Stars
http://id.worldcat.org/fast/1131687,fast,1,Stars -- Mythology
http://id.worldcat.org/fast/1131721,fast,1,Stars in art
http://id.worldcat.org/fast/1131965,fast,1,State-sponsored terrorism
http://id.worldcat.org/fast/1133155,fast,1,Stereophonic sound systems
http://id.worldcat.org/fast/1133173,fast,1,Stereoscopic views
http://id.worldcat.org/fast/1133421,fast,1,Still-life photography
http://id.worldcat.org/fast/1133438,fast,1,Stills (Motion pictures)
http://id.worldcat.org/fast/1133492,fast,1,Stitches (Sewing)
http://id.worldcat.org/fast/1133836,fast,1,Stone carvers
http://id.worldcat.org/fast/1133914,fast,1,Stone-cutters
http://id.worldcat.org/fast/1134169,fast,1,Storytelling
http://id.worldcat.org/fast/1134317,fast,1,Strangers
http://id.worldcat.org/fast/1134710,fast,1,Street photography
http://id.worldcat.org/fast/1134794,fast,1,Streets
http://id.worldcat.org/fast/1135291,fast,1,String figures
http://id.worldcat.org/fast/1135292,fast,1,String in art
http://id.worldcat.org/fast/1135732,fast,1,Structuralism
http://id.worldcat.org/fast/1136041,fast,1,Students
http://id.worldcat.org/fast/1136098,fast,1,Students -- Political activity
http://id.worldcat.org/fast/1136374,fast,1,Stūpas
http://id.worldcat.org/fast/1136930,fast,1,Suburban life
http://id.worldcat.org/fast/1136941,fast,1,Suburbs
http://id.worldcat.org/fast/1137039,fast,1,Subways in art
http://id.worldcat.org/fast/1137618,fast,1,Suicide victims
http://id.worldcat.org/fast/1138662,fast,1,Sundials
http://id.worldcat.org/fast/1139321,fast,1,Surfing
http://id.worldcat.org/fast/1139538,fast,1,Surrealism
http://id.worldcat.org/fast/1139579,fast,1,Surveying
http://id.worldcat.org/fast/1139652,fast,1,Survival and emergency equipment
http://id.worldcat.org/fast/1139712,fast,1,Sustainable agriculture
http://id.worldcat.org/fast/1140385,fast,1,Swimming pools
http://id.worldcat.org/fast/1140771,fast,1,Symbolism in art
http://id.worldcat.org/fast/1140816,fast,1,Symmetry (Art)
http://id.worldcat.org/fast/1142279,fast,1,Talismans
http://id.worldcat.org/fast/1142640,fast,1,Tango (Dance)
http://id.worldcat.org/fast/1142648,fast,1,Tango (Dance) in art
http://id.worldcat.org/fast/1143418,fast,1,Tarot
http://id.worldcat.org/fast/1143428,fast,1,Tarot in art
http://id.worldcat.org/fast/1143549,fast,1,Tattooing
http://id.worldcat.org/fast/1144037,fast,1,Taxicabs
http://id.worldcat.org/fast/1144058,fast,1,Taxidermy
http://id.worldcat.org/fast/1144120,fast,1,Tea
http://id.worldcat.org/fast/1144704,fast,1,Teapots
http://id.worldcat.org/fast/1145291,fast,1,Technology in art
http://id.worldcat.org/fast/1145412,fast,1,Teenage girls
http://id.worldcat.org/fast/1145421,fast,1,Teenage girls -- Crimes against
http://id.worldcat.org/fast/1145431,fast,1,Teenage girls -- Fiction
http://id.worldcat.org/fast/1145452,fast,1,Teenage girls -- Social conditions
http://id.worldcat.org/fast/1145460,fast,1,Teenage girls in popular culture
http://id.worldcat.org/fast/1146358,fast,1,Telephone calls
http://id.worldcat.org/fast/1146674,fast,1,Television and art
http://id.worldcat.org/fast/1146714,fast,1,Television broadcasting
http://id.worldcat.org/fast/1148101,fast,1,Terrorism
http://id.worldcat.org/fast/1148150,fast,1,Terrorism in art
http://id.worldcat.org/fast/1148594,fast,1,Textile artists
http://id.worldcat.org/fast/1148602,fast,1,Textile crafts
http://id.worldcat.org/fast/1148702,fast,1,Textile fabrics in art
http://id.worldcat.org/fast/1149370,fast,1,Theaters
http://id.worldcat.org/fast/1149393,fast,1,Theaters -- Models
http://id.worldcat.org/fast/1150133,fast,1,Thirteen (The number) in art
http://id.worldcat.org/fast/1150249,fast,1,Thought and thinking
http://id.worldcat.org/fast/1151043,fast,1,Time
http://id.worldcat.org/fast/1151053,fast,1,Time -- Philosophy
http://id.worldcat.org/fast/1151107,fast,1,Time in art
http://id.worldcat.org/fast/1152598,fast,1,Tools
http://id.worldcat.org/fast/1152654,fast,1,Topiary work
http://id.worldcat.org/fast/1152971,fast,1,Torture in art
http://id.worldcat.org/fast/1153061,fast,1,Totems
http://id.worldcat.org/fast/1153278,fast,1,"Tower of the Winds (Athens, Greece)"
http://id.worldcat.org/fast/1153424,fast,1,Toy and movable books -- Specimens
http://id.worldcat.org/fast/1153517,fast,1,Toys in art
http://id.worldcat.org/fast/1154795,fast,1,Translating and interpreting
http://id.worldcat.org/fast/1155007,fast,1,Transportation
http://id.worldcat.org/fast/1155146,fast,1,Transportation -- Planning
http://id.worldcat.org/fast/1155432,fast,1,Transsexuals
http://id.worldcat.org/fast/1155473,fast,1,Cross-dressers
http://id.worldcat.org/fast/1155525,fast,1,Trash art
http://id.worldcat.org/fast/1155558,fast,1,Travel
http://id.worldcat.org/fast/1155596,fast,1,Travel -- Social aspects
http://id.worldcat.org/fast/1155639,fast,1,Travel in art
http://id.worldcat.org/fast/1155984,fast,1,Trees
http://id.worldcat.org/fast/1156141,fast,1,Trees in art
http://id.worldcat.org/fast/1158255,fast,1,Truthfulness and falsehood
http://id.worldcat.org/fast/1159951,fast,1,Type and type-founding
http://id.worldcat.org/fast/1159962,fast,1,Type and type-founding in art
http://id.worldcat.org/fast/1160372,fast,1,Uighur (Turkic people)
http://id.worldcat.org/fast/1161302,fast,1,Unicorns in art
http://id.worldcat.org/fast/1161748,fast,1,Universities and colleges -- Faculty
http://id.worldcat.org/fast/1162160,fast,1,Upside-down books
http://id.worldcat.org/fast/1163359,fast,1,Utopias
http://id.worldcat.org/fast/1163371,fast,1,Utopias in art
http://id.worldcat.org/fast/1163372,fast,1,Utopias in literature
http://id.worldcat.org/fast/1163651,fast,1,Vagina
http://id.worldcat.org/fast/1163796,fast,1,Valentines
http://id.worldcat.org/fast/1164956,fast,1,Vehicle bombs
http://id.worldcat.org/fast/1165236,fast,1,Venn diagrams
http://id.worldcat.org/fast/1165710,fast,1,Veterans
http://id.worldcat.org/fast/1166343,fast,1,Victims of state-sponsored terrorism
http://id.worldcat.org/fast/1166389,fast,1,Video art
http://id.worldcat.org/fast/1166910,fast,1,Vigilantes
http://id.worldcat.org/fast/1167224,fast,1,Violence
http://id.worldcat.org/fast/1167273,fast,1,Violence in art
http://id.worldcat.org/fast/1167698,fast,1,Virtual reality in art
http://id.worldcat.org/fast/1167913,fast,1,Visions in art
http://id.worldcat.org/fast/1168079,fast,1,Visual poetry
http://id.worldcat.org/fast/1168113,fast,1,"Visual poetry, Uruguayan"
http://id.worldcat.org/fast/1169308,fast,1,Voyages and travels
http://id.worldcat.org/fast/1169343,fast,1,Voyeurism in art
http://id.worldcat.org/fast/1170049,fast,1,Walking
http://id.worldcat.org/fast/1170082,fast,1,Walking in art
http://id.worldcat.org/fast/1170374,fast,1,War -- Religious aspects
http://id.worldcat.org/fast/1170447,fast,1,War and society
http://id.worldcat.org/fast/1170504,fast,1,War in art
http://id.worldcat.org/fast/1170508,fast,1,War memorials
http://id.worldcat.org/fast/1170549,fast,1,War photography
http://id.worldcat.org/fast/1171606,fast,1,Water clocks
http://id.worldcat.org/fast/1171762,fast,1,Water in art
http://id.worldcat.org/fast/1172744,fast,1,Watersheds
http://id.worldcat.org/fast/1173203,fast,1,Weaving
http://id.worldcat.org/fast/1173220,fast,1,Weaving in art
http://id.worldcat.org/fast/1173221,fast,1,Weaving in literature
http://id.worldcat.org/fast/1173234,fast,1,Web search engines
http://id.worldcat.org/fast/1174632,fast,1,White collar workers
http://id.worldcat.org/fast/1175145,fast,1,Wild west shows
http://id.worldcat.org/fast/1175789,fast,1,Windows
http://id.worldcat.org/fast/1176075,fast,1,Winter in art
http://id.worldcat.org/fast/1176313,fast,1,"Wit and humor, Pictorial"
http://id.worldcat.org/fast/1176557,fast,1,Wolves in art
http://id.worldcat.org/fast/1176558,fast,1,Wolves in literature
http://id.worldcat.org/fast/1176568,fast,1,Women
http://id.worldcat.org/fast/1176665,fast,1,Women -- Economic conditions
http://id.worldcat.org/fast/1176715,fast,1,Women -- Employment
http://id.worldcat.org/fast/1176883,fast,1,Women -- Portraits
http://id.worldcat.org/fast/1176947,fast,1,Women -- Social conditions
http://id.worldcat.org/fast/1176956,fast,1,Women -- Social conditions -- Pictorial works
http://id.worldcat.org/fast/1177110,fast,1,Women and religion
http://id.worldcat.org/fast/1177137,fast,1,Women architects
http://id.worldcat.org/fast/1177159,fast,1,Women artists
http://id.worldcat.org/fast/1177826,fast,1,Women in art
http://id.worldcat.org/fast/1177920,fast,1,Women in mass media
http://id.worldcat.org/fast/1178044,fast,1,Women in the professions
http://id.worldcat.org/fast/1178288,fast,1,Women photographers
http://id.worldcat.org/fast/1178395,fast,1,Women printers
http://id.worldcat.org/fast/1178916,fast,1,"Women, Black"
http://id.worldcat.org/fast/1178934,fast,1,"Women, Black -- Social conditions"
http://id.worldcat.org/fast/1179542,fast,1,Wood-engraving
http://id.worldcat.org/fast/1179597,fast,1,"Wood-engraving, Spanish"
http://id.worldcat.org/fast/1180181,fast,1,Words in art
http://id.worldcat.org/fast/1180183,fast,1,"Words, New"
http://id.worldcat.org/fast/1180184,fast,1,Obscene words
http://id.worldcat.org/fast/1180235,fast,1,Work and family
http://id.worldcat.org/fast/1180561,fast,1,Working class libraries
http://id.worldcat.org/fast/1181488,fast,1,Wounds and injuries
http://id.worldcat.org/fast/1181673,fast,1,Writing in art
http://id.worldcat.org/fast/1181857,fast,1,X-rays
http://id.worldcat.org/fast/1182490,fast,1,Yaqui Indians
http://id.worldcat.org/fast/1182510,fast,1,Yaqui mythology
http://id.worldcat.org/fast/1183301,fast,1,Young women
http://id.worldcat.org/fast/1183308,fast,1,Young women -- Crimes against
http://id.worldcat.org/fast/1183328,fast,1,Young women -- Social conditions
http://id.worldcat.org/fast/1184085,fast,1,Zapotec language
http://id.worldcat.org/fast/1184573,fast,1,Zodiac
http://id.worldcat.org/fast/1184581,fast,1,Zodiac in art
http://id.worldcat.org/fast/1184777,fast,1,Zoos
http://id.worldcat.org/fast/1198482,fast,1,Bread
http://id.worldcat.org/fast/1198490,fast,1,Dreams
http://id.worldcat.org/fast/1198648,fast,1,Criticism and interpretation
http://id.worldcat.org/fast/1198921,fast,1,Press coverage
http://id.worldcat.org/fast/1199190,fast,1,"Men, White"
http://id.worldcat.org/fast/1199284,fast,1,Corn -- Folklore
http://id.worldcat.org/fast/1199302,fast,1,Clothing and dress in art
http://id.worldcat.org/fast/1199354,fast,1,Sashes (Clothing)
http://id.worldcat.org/fast/1199921,fast,1,Web sites in art
http://id.worldcat.org/fast/1200108,fast,1,Poetry and the Internet
http://id.worldcat.org/fast/1200580,fast,1,Memorialization
http://id.worldcat.org/fast/1200589,fast,1,Culture in art
http://id.worldcat.org/fast/1200823,fast,1,Conservatives
http://id.worldcat.org/fast/1201219,fast,1,Gay culture
http://id.worldcat.org/fast/1201567,fast,1,Deer hunters
http://id.worldcat.org/fast/1202239,fast,1,"Wood-engraving, Tibetan"
http://id.worldcat.org/fast/1202769,fast,1,Mexico -- Chiapas
http://id.worldcat.org/fast/1202892,fast,1,Pakistan -- Peshawar
http://id.worldcat.org/fast/1203020,fast,1,Mali -- Bamako
http://id.worldcat.org/fast/1204034,fast,1,Netherlands
http://id.worldcat.org/fast/1204082,fast,1,Japan
http://id.worldcat.org/fast/1204086,fast,1,Spain -- Madrid
http://id.worldcat.org/fast/1204155,fast,1,United States
http://id.worldcat.org/fast/1204236,fast,1,Israel
http://id.worldcat.org/fast/1204269,fast,1,New Mexico
http://id.worldcat.org/fast/1204271,fast,1,England -- London
http://id.worldcat.org/fast/1204289,fast,1,France
http://id.worldcat.org/fast/1204303,fast,1,Spain
http://id.worldcat.org/fast/1204304,fast,1,North Carolina
http://id.worldcat.org/fast/1204305,fast,1,Vermont
http://id.worldcat.org/fast/1204307,fast,1,Massachusetts
http://id.worldcat.org/fast/1204310,fast,1,Canada
http://id.worldcat.org/fast/1204327,fast,1,Mali
http://id.worldcat.org/fast/1204333,fast,1,New York (State) -- New York
http://id.worldcat.org/fast/1204441,fast,1,Italy -- Naples
http://id.worldcat.org/fast/1204474,fast,1,Greece -- Athens
http://id.worldcat.org/fast/1204481,fast,1,California -- San Francisco
http://id.worldcat.org/fast/1204505,fast,1,Washington (D.C.)
http://id.worldcat.org/fast/1204540,fast,1,California -- Los Angeles
http://id.worldcat.org/fast/1204543,fast,1,Australia
http://id.worldcat.org/fast/1204556,fast,1,Norway
http://id.worldcat.org/fast/1204560,fast,1,Minnesota
http://id.worldcat.org/fast/1204565,fast,1,Italy
http://id.worldcat.org/fast/1204579,fast,1,Oregon
http://id.worldcat.org/fast/1204595,fast,1,Wisconsin
http://id.worldcat.org/fast/1204597,fast,1,Virginia
http://id.worldcat.org/fast/1204604,fast,1,Indiana
http://id.worldcat.org/fast/1204616,fast,1,South Africa
http://id.worldcat.org/fast/1204622,fast,1,Georgia
http://id.worldcat.org/fast/1204623,fast,1,Great Britain
http://id.worldcat.org/fast/1204627,fast,1,Georgia -- Atlanta
http://id.worldcat.org/fast/1204694,fast,1,Alabama
http://id.worldcat.org/fast/1204820,fast,1,Arizona
http://id.worldcat.org/fast/1204827,fast,1,Spain -- Seville
http://id.worldcat.org/fast/1204833,fast,1,Turkey -- Istanbul
http://id.worldcat.org/fast/1204877,fast,1,Iran -- Tehran
http://id.worldcat.org/fast/1204889,fast,1,Iran
http://id.worldcat.org/fast/1204897,fast,1,Colombia -- Bogotá
http://id.worldcat.org/fast/1204928,fast,1,California
http://id.worldcat.org/fast/1204940,fast,1,Washington (State) -- Seattle
http://id.worldcat.org/fast/1204981,fast,1,Virginia -- Fairfax County
http://id.worldcat.org/fast/1205010,fast,1,Michigan -- Detroit
http://id.worldcat.org/fast/1205075,fast,1,Ohio
http://id.worldcat.org/fast/1205077,fast,1,Texas -- Houston
http://id.worldcat.org/fast/1205135,fast,1,Haiti
http://id.worldcat.org/fast/1205154,fast,1,Guatemala
http://id.worldcat.org/fast/1205182,fast,1,Indiana -- Indianapolis
http://id.worldcat.org/fast/1205190,fast,1,Peru
http://id.worldcat.org/fast/1205198,fast,1,Cuba -- Havana
http://id.worldcat.org/fast/1205204,fast,1,Egypt -- Cairo
http://id.worldcat.org/fast/1205215,fast,1,Northern Ireland
http://id.worldcat.org/fast/1205261,fast,1,Philippines
http://id.worldcat.org/fast/1205310,fast,1,Thailand
http://id.worldcat.org/fast/1205316,fast,1,West Virginia
http://id.worldcat.org/fast/1205362,fast,1,Chile
http://id.worldcat.org/fast/1205406,fast,1,Afghanistan
http://id.worldcat.org/fast/1205427,fast,1,Ireland
http://id.worldcat.org/fast/1205432,fast,1,Puerto Rico
http://id.worldcat.org/fast/1205549,fast,1,Bolivia
http://id.worldcat.org/fast/1205614,fast,1,Argentina
http://id.worldcat.org/fast/1205636,fast,1,Washington (State) -- Tacoma
http://id.worldcat.org/fast/1205688,fast,1,Connecticut
http://id.worldcat.org/fast/1205740,fast,1,China -- Beijing
http://id.worldcat.org/fast/1205757,fast,1,Iraq
http://id.worldcat.org/fast/1205761,fast,1,Brazil -- São Paulo
http://id.worldcat.org/fast/1205786,fast,1,Argentina -- Buenos Aires
http://id.worldcat.org/fast/1205805,fast,1,Cuba
http://id.worldcat.org/fast/1205849,fast,1,New Mexico -- Los Alamos
http://id.worldcat.org/fast/1205916,fast,1,Colombia
http://id.worldcat.org/fast/1205954,fast,1,United Arab Emirates
http://id.worldcat.org/fast/1206046,fast,1,Italy -- Assisi
http://id.worldcat.org/fast/1206063,fast,1,Lebanon
http://id.worldcat.org/fast/1206073,fast,1,China
http://id.worldcat.org/fast/1206137,fast,1,Mexico -- Mexico City
http://id.worldcat.org/fast/1206206,fast,1,Italy -- Livorno
http://id.worldcat.org/fast/1206337,fast,1,Georgia (Republic) -- Tʻbilisi
http://id.worldcat.org/fast/1206341,fast,1,North Carolina -- Raleigh
http://id.worldcat.org/fast/1206375,fast,1,Pakistan -- Karachi
http://id.worldcat.org/fast/1206434,fast,1,Korea
http://id.worldcat.org/fast/1206482,fast,1,Mexico -- Guadalajara
http://id.worldcat.org/fast/1206534,fast,1,Florida -- Tallahassee
http://id.worldcat.org/fast/1206600,fast,1,North Carolina -- Chapel Hill
http://id.worldcat.org/fast/1206678,fast,1,Texas -- El Paso
http://id.worldcat.org/fast/1206715,fast,1,Scotland
http://id.worldcat.org/fast/1206830,fast,1,Brazil
http://id.worldcat.org/fast/1206891,fast,1,Poland
http://id.worldcat.org/fast/1207034,fast,1,Mississippi
http://id.worldcat.org/fast/1207035,fast,1,Louisiana
http://id.worldcat.org/fast/1207110,fast,1,India -- Jammu and Kashmir
http://id.worldcat.org/fast/1207444,fast,1,Iraq -- Baghdad
http://id.worldcat.org/fast/1207659,fast,1,Cambodia
http://id.worldcat.org/fast/1208177,fast,1,Belgium -- Charleroi
http://id.worldcat.org/fast/1208241,fast,1,Argentina -- Córdoba
http://id.worldcat.org/fast/1208380,fast,1,Greece
http://id.worldcat.org/fast/1208387,fast,1,Michigan
http://id.worldcat.org/fast/1208396,fast,1,Mississippi -- Biloxi
http://id.worldcat.org/fast/1208755,fast,1,Egypt
http://id.worldcat.org/fast/1208940,fast,1,Washington (State) -- Walla Walla
http://id.worldcat.org/fast/1208963,fast,1,Turkey
http://id.worldcat.org/fast/1209723,fast,1,Japan -- Hiroshima-shi
http://id.worldcat.org/fast/1210272,fast,1,Germany
http://id.worldcat.org/fast/1210275,fast,1,Pakistan
http://id.worldcat.org/fast/1210276,fast,1,India
http://id.worldcat.org/fast/1210278,fast,1,Belgium
http://id.worldcat.org/fast/1210280,fast,1,New York (State)
http://id.worldcat.org/fast/1210281,fast,1,Soviet Union
http://id.worldcat.org/fast/1210336,fast,1,Texas
http://id.worldcat.org/fast/1211700,fast,1,Mexico
http://id.worldcat.org/fast/1211882,fast,1,British Columbia -- Vancouver
http://id.worldcat.org/fast/1212006,fast,1,China -- Xinjiang Uygur Zizhiqu
http://id.worldcat.org/fast/1212610,fast,1,Papua New Guinea
http://id.worldcat.org/fast/1212902,fast,1,Scotland -- Glasgow
http://id.worldcat.org/fast/1212966,fast,1,Massachusetts -- Quincy
http://id.worldcat.org/fast/1214008,fast,1,Florida -- Palmetto
http://id.worldcat.org/fast/1214572,fast,1,Massachusetts -- Gardner
http://id.worldcat.org/fast/1218994,fast,1,New York (State) -- Rosendale
http://id.worldcat.org/fast/1219920,fast,1,England
http://id.worldcat.org/fast/1221658,fast,1,Georgia (Republic)
http://id.worldcat.org/fast/1225025,fast,1,Uzbekistan -- Khiva
http://id.worldcat.org/fast/1225260,fast,1,Lebanon -- Beirut
http://id.worldcat.org/fast/1226682,fast,1,Albania
http://id.worldcat.org/fast/1228960,fast,1,Iran -- Yazd
http://id.worldcat.org/fast/1231371,fast,1,Cuba -- Matanzas
http://id.worldcat.org/fast/1232826,fast,1,China -- Garze Zangzu Zizhizhou
http://id.worldcat.org/fast/1239509,fast,1,Africa
http://id.worldcat.org/fast/1239752,fast,1,Mediterranean Region
http://id.worldcat.org/fast/1239786,fast,1,America
http://id.worldcat.org/fast/1239966,fast,1,North America -- Mexican-American Border Region
http://id.worldcat.org/fast/1239979,fast,1,England -- Thames River
http://id.worldcat.org/fast/1240021,fast,1,Gaza Strip
http://id.worldcat.org/fast/1240128,fast,1,Arab countries
http://id.worldcat.org/fast/1240227,fast,1,Arctic Regions
http://id.worldcat.org/fast/1240495,fast,1,Asia
http://id.worldcat.org/fast/1240497,fast,1,Central Asia
http://id.worldcat.org/fast/1241484,fast,1,Balkan Peninsula
http://id.worldcat.org/fast/1241579,fast,1,Scotland -- Hebrides
http://id.worldcat.org/fast/1241586,fast,1,Middle East
http://id.worldcat.org/fast/1242048,fast,1,Himalaya Mountains
http://id.worldcat.org/fast/1242475,fast,1,North America
http://id.worldcat.org/fast/1242982,fast,1,Oceania
http://id.worldcat.org/fast/1243320,fast,1,Arctic Ocean -- White Sea
http://id.worldcat.org/fast/1243455,fast,1,Alaska -- Brooks Range
http://id.worldcat.org/fast/1244080,fast,1,Caribbean Area
http://id.worldcat.org/fast/1244201,fast,1,Pacific Ocean -- Islands of the Pacific
http://id.worldcat.org/fast/1244288,fast,1,Solar system
http://id.worldcat.org/fast/1244349,fast,1,Persian Gulf Region
http://id.worldcat.org/fast/1244360,fast,1,Wyoming -- Jackson Hole
http://id.worldcat.org/fast/1244425,fast,1,Caucasus
http://id.worldcat.org/fast/1244458,fast,1,North America -- Sonoran Desert
http://id.worldcat.org/fast/1244520,fast,1,South Asia
http://id.worldcat.org/fast/1244544,fast,1,Central Europe
http://id.worldcat.org/fast/1244550,fast,1,Southern States
http://id.worldcat.org/fast/1244556,fast,1,New Southwest
http://id.worldcat.org/fast/1245058,fast,1,Eurasia
http://id.worldcat.org/fast/1245064,fast,1,Europe
http://id.worldcat.org/fast/1245079,fast,1,Eastern Europe
http://id.worldcat.org/fast/1245082,fast,1,Southern Europe
http://id.worldcat.org/fast/1245645,fast,1,Polar regions
http://id.worldcat.org/fast/1245897,fast,1,Western Hemisphere
http://id.worldcat.org/fast/1245945,fast,1,Latin America
http://id.worldcat.org/fast/1245970,fast,1,Sun
http://id.worldcat.org/fast/1246236,fast,1,Chile -- Araucanía
http://id.worldcat.org/fast/1256743,fast,1,Czech Republic
http://id.worldcat.org/fast/1260657,fast,1,Uzbekistan
http://id.worldcat.org/fast/1262050,fast,1,Russia (Federation)
http://id.worldcat.org/fast/1262882,fast,1,Georgia (Republic) -- Abkhazia
http://id.worldcat.org/fast/1263963,fast,1,Mexico -- San Pablito
http://id.worldcat.org/fast/1269543,fast,1,Mexico -- Iguala de la Independencia
http://id.worldcat.org/fast/1270333,fast,1,California -- San Joaquin Valley
http://id.worldcat.org/fast/1271260,fast,1,Louisiana -- New Orleans Batture
http://id.worldcat.org/fast/1276594,fast,1,Massachusetts -- Carlisle
http://id.worldcat.org/fast/1278282,fast,1,Mexico -- San Jerónimo Amanalco
http://id.worldcat.org/fast/1286768,fast,1,Russia (Federation) -- Kemʹ
http://id.worldcat.org/fast/1292253,fast,1,Washington (State) -- Southeast Seattle
http://id.worldcat.org/fast/1308848,fast,1,Arizona -- Grand Canyon National Park
http://id.worldcat.org/fast/1310291,fast,1,United States -- Death Valley
http://id.worldcat.org/fast/1316233,fast,1,China -- Beijing -- Tian'an Men
http://id.worldcat.org/fast/1316330,fast,1,California -- Los Angeles -- Hollywood Boulevard
http://id.worldcat.org/fast/1316612,fast,1,California -- Santa Clara Valley (Santa Clara County)
http://id.worldcat.org/fast/1317002,fast,1,California -- Los Angeles -- Sunset Boulevard
http://id.worldcat.org/fast/1327374,fast,1,Turkey -- Kaş (Antalya İli)
http://id.worldcat.org/fast/1328820,fast,1,China -- Suzhou (Jiangsu Sheng)
http://id.worldcat.org/fast/1330176,fast,1,Mexico -- Sonora (State)
http://id.worldcat.org/fast/1330184,fast,1,Mexico -- Guerrero (State)
http://id.worldcat.org/fast/1330865,fast,1,Peru -- Huarochirí (Province)
http://id.worldcat.org/fast/1333540,fast,1,Japan -- Mount Fuji
http://id.worldcat.org/fast/1333716,fast,1,Georgia -- Saint Simons Island (Island)
http://id.worldcat.org/fast/1333948,fast,1,Asia -- Mount Everest
http://id.worldcat.org/fast/1341028,fast,1,Massachusetts -- North Shore (Coast)
http://id.worldcat.org/fast/1343044,fast,1,Caucasus Region
http://id.worldcat.org/fast/1347439,fast,1,Middle East Region
http://id.worldcat.org/fast/1352432,fast,1,Colonial influence
http://id.worldcat.org/fast/1353140,fast,1,Friends and associates
http://id.worldcat.org/fast/1353231,fast,1,"History, Military"
http://id.worldcat.org/fast/1353832,fast,1,Miscellanea
http://id.worldcat.org/fast/1354077,fast,1,Private collections
http://id.worldcat.org/fast/1354981,fast,1,Social aspects
http://id.worldcat.org/fast/1355139,fast,1,"Themes, motives"
http://id.worldcat.org/fast/1411628,fast,1,History
http://id.worldcat.org/fast/1411635,fast,1,"Criticism, interpretation, etc"
http://id.worldcat.org/fast/1411637,fast,1,Juvenile works
http://id.worldcat.org/fast/1411641,fast,1,Periodicals
http://id.worldcat.org/fast/1411642,fast,1,Facsimiles
http://id.worldcat.org/fast/1423683,fast,1,Abstracts
http://id.worldcat.org/fast/1423689,fast,1,Photographs
http://id.worldcat.org/fast/1423691,fast,1,Caricatures and cartoons
http://id.worldcat.org/fast/1423692,fast,1,Catalogs
http://id.worldcat.org/fast/1423696,fast,1,Humor
http://id.worldcat.org/fast/1423702,fast,1,Art
http://id.worldcat.org/fast/1423704,fast,1,Maps
http://id.worldcat.org/fast/1423705,fast,1,Texts
http://id.worldcat.org/fast/1423765,fast,1,Case studies
http://id.worldcat.org/fast/1423772,fast,1,Conference papers and proceedings
http://id.worldcat.org/fast/1423783,fast,1,Problems and exercises
http://id.worldcat.org/fast/1423784,fast,1,Folklore
http://id.worldcat.org/fast/1423786,fast,1,"Glossaries, vocabularies, etc"
http://id.worldcat.org/fast/1423787,fast,1,Fiction
http://id.worldcat.org/fast/1423791,fast,1,Translations
http://id.worldcat.org/fast/1423792,fast,1,Quotations
http://id.worldcat.org/fast/1423794,fast,1,Diaries
http://id.worldcat.org/fast/1423807,fast,1,Pictorial maps
http://id.worldcat.org/fast/1423820,fast,1,"Notebooks, sketchbooks, etc"
http://id.worldcat.org/fast/1423821,fast,1,Obituaries
http://id.worldcat.org/fast/1423826,fast,1,Dictionaries
http://id.worldcat.org/fast/1423828,fast,1,Poetry
http://id.worldcat.org/fast/1423831,fast,1,Portraits
http://id.worldcat.org/fast/1423832,fast,1,Interviews
http://id.worldcat.org/fast/1423840,fast,1,"Parodies, imitations, etc"
http://id.worldcat.org/fast/1423843,fast,1,Personal narratives
http://id.worldcat.org/fast/1423846,fast,1,Popular works
http://id.worldcat.org/fast/1423861,fast,1,Specimens
http://id.worldcat.org/fast/1423871,fast,1,Guidebooks
http://id.worldcat.org/fast/1423873,fast,1,Illustrated works
http://id.worldcat.org/fast/1423876,fast,1,Anecdotes
http://id.worldcat.org/fast/1423877,fast,1,Handbooks and manuals
http://id.worldcat.org/fast/1423880,fast,1,Terminology
http://id.worldcat.org/fast/1423910,fast,1,Adaptations
http://id.worldcat.org/fast/1424028,fast,1,Exhibition catalogs
http://id.worldcat.org/fast/1427006,fast,1,Women -- Violence against
http://id.worldcat.org/fast/1429797,fast,1,"Art, Papua New Guinean"
http://id.worldcat.org/fast/1430058,fast,1,Cocaine abuse
http://id.worldcat.org/fast/1430965,fast,1,Photojournalists
http://id.worldcat.org/fast/1431521,fast,1,Stereotypes (Social psychology)
http://id.worldcat.org/fast/1713522,fast,1,Mexico -- Campeche (Campeche)
http://id.worldcat.org/fast/1714547,fast,1,Italy -- Naples -- Scampia
http://id.worldcat.org/fast/1715649,fast,1,Border crossing
http://id.worldcat.org/fast/1726537,fast,1,Biographical fiction
http://id.worldcat.org/fast/1726570,fast,1,Concrete poetry
http://id.worldcat.org/fast/1726615,fast,1,Flip books
http://id.worldcat.org/fast/1726630,fast,1,Graphic novels
http://id.worldcat.org/fast/1726662,fast,1,Love songs
http://id.worldcat.org/fast/1726707,fast,1,Postcards
http://id.worldcat.org/fast/1726740,fast,1,Short stories
http://id.worldcat.org/fast/1726766,fast,1,Toy and movable books
http://id.worldcat.org/fast/1726770,fast,1,Video games
http://id.worldcat.org/fast/1726771,fast,1,Visual poetry
http://id.worldcat.org/fast/1726776,fast,1,Western fiction
http://id.worldcat.org/fast/1726787,fast,1,Games
http://id.worldcat.org/fast/1728100,fast,1,Communication in families
http://id.worldcat.org/fast/1728849,fast,1,Families
http://id.worldcat.org/fast/1730057,fast,1,Human body
http://id.worldcat.org/fast/1734280,fast,1,Zen art
http://id.worldcat.org/fast/1734287,fast,1,Zen photography
http://id.worldcat.org/fast/1735610,fast,1,Enemies
http://id.worldcat.org/fast/1735625,fast,1,Landscapes
http://id.worldcat.org/fast/1736333,fast,1,Self-reliant living
http://id.worldcat.org/fast/1737194,fast,1,Nicotine addiction
http://id.worldcat.org/fast/1737651,fast,1,Family secrets
http://id.worldcat.org/fast/1738332,fast,1,Pulp painting
http://id.worldcat.org/fast/1739111,fast,1,South Asian diaspora
http://id.worldcat.org/fast/1739207,fast,1,Art and the Internet
http://id.worldcat.org/fast/1739814,fast,1,Collective memory
http://id.worldcat.org/fast/1740159,fast,1,Graphic artists
http://id.worldcat.org/fast/1740172,fast,1,Sexual freedom
http://id.worldcat.org/fast/1740895,fast,1,Cultural landscapes
http://id.worldcat.org/fast/1741098,fast,1,Social media
http://id.worldcat.org/fast/1741278,fast,1,Art and design
http://id.worldcat.org/fast/1741452,fast,1,Lift-the-flap books
http://id.worldcat.org/fast/1741614,fast,1,Art and computers
http://id.worldcat.org/fast/1741814,fast,1,Indigenous art
http://id.worldcat.org/fast/1742274,fast,1,Art and social action
http://id.worldcat.org/fast/1742293,fast,1,Photobooks
http://id.worldcat.org/fast/1743822,fast,1,African American young women
http://id.worldcat.org/fast/1743856,fast,1,iPhone (Smartphone)
http://id.worldcat.org/fast/1744619,fast,1,Extraordinary rendition
http://id.worldcat.org/fast/1744695,fast,1,Intermediality
http://id.worldcat.org/fast/1745100,fast,1,Nightlife
http://id.worldcat.org/fast/1745103,fast,1,Compulsive hoarding
http://id.worldcat.org/fast/1745522,fast,1,Artists as art critics
http://id.worldcat.org/fast/1746380,fast,1,Vernacular photography
http://id.worldcat.org/fast/1746442,fast,1,Web browsing
http://id.worldcat.org/fast/1746829,fast,1,Anonymous persons
http://id.worldcat.org/fast/1748230,fast,1,Malware (Computer software)
http://id.worldcat.org/fast/1748560,fast,1,Shapeshifting
http://id.worldcat.org/fast/1748695,fast,1,"Chapbooks, Argentine"
http://id.worldcat.org/fast/1749759,fast,1,History painting
http://id.worldcat.org/fast/1750153,fast,1,Artists' books
http://id.worldcat.org/fast/1752725,fast,1,Cookbooks
http://id.worldcat.org/fast/1754965,fast,1,Cookbooks
http://id.worldcat.org/fast/1754966,fast,1,Cooking
http://id.worldcat.org/fast/1761768,fast,1,Survival
http://id.worldcat.org/fast/1762615,fast,1,Art and graphology
http://id.worldcat.org/fast/1762741,fast,1,"Found poetry, American"
http://id.worldcat.org/fast/1763275,fast,1,Karuk artists
http://id.worldcat.org/fast/1763276,fast,1,Karuk art
http://id.worldcat.org/fast/1763432,fast,1,"Chapbooks, Mexican"
http://id.worldcat.org/fast/1764553,fast,1,Invisibility
http://id.worldcat.org/fast/1764707,fast,1,Microblogs
http://id.worldcat.org/fast/1765020,fast,1,Mixed media (Art)
http://id.worldcat.org/fast/1765205,fast,1,Cultural geography
http://id.worldcat.org/fast/1765239,fast,1,Transgender people
http://id.worldcat.org/fast/1769030,fast,1,Design -- Philosophy
http://id.worldcat.org/fast/1774325,fast,1,Fotonovelas
http://id.worldcat.org/fast/1801724,fast,1,Vodou
http://id.worldcat.org/fast/1860481,fast,1,Earth (Planet)
http://id.worldcat.org/fast/1864704,fast,1,Cooking -- Social aspects
http://id.worldcat.org/fast/1876858,fast,1,Belgium -- Neuville-en-Condroz
http://id.worldcat.org/fast/1892706,fast,1,Relations
http://id.worldcat.org/fast/1893291,fast,1,Coffee stains
http://id.worldcat.org/fast/1894145,fast,1,International law and human rights
http://id.worldcat.org/fast/1894327,fast,1,Law and secrecy
http://id.worldcat.org/fast/1895561,fast,1,Sunprinting (Photography)
http://id.worldcat.org/fast/1896057,fast,1,Group work in art
http://id.worldcat.org/fast/1896072,fast,1,Light and darkness in literature
http://id.worldcat.org/fast/1896074,fast,1,Male nude in art
http://id.worldcat.org/fast/1896083,fast,1,Politics in art
http://id.worldcat.org/fast/1896096,fast,1,Sea in art
http://id.worldcat.org/fast/1896133,fast,1,Female nude in art
http://id.worldcat.org/fast/1899775,fast,1,Families in art
http://id.worldcat.org/fast/1899801,fast,1,Landscapes in art
http://id.worldcat.org/fast/1899809,fast,1,Hindu mythology in art
http://id.worldcat.org/fast/1899834,fast,1,Vodou in art
http://id.worldcat.org/fast/1902404,fast,1,Archives in art
http://id.worldcat.org/fast/1903004,fast,1,Diaries in art
http://id.worldcat.org/fast/1903396,fast,1,Grids (Crisscross patterns) in art
http://id.worldcat.org/fast/1903557,fast,1,Identity (Philosophical concept) in art
http://id.worldcat.org/fast/1903635,fast,1,Intimacy (Psychology) in art
http://id.worldcat.org/fast/1903746,fast,1,Language and languages in art
http://id.worldcat.org/fast/1903777,fast,1,Libraries in art
http://id.worldcat.org/fast/1903804,fast,1,Loss (Psychology) in art
http://id.worldcat.org/fast/1903831,fast,1,Mannequins (Figures) in art
http://id.worldcat.org/fast/1903971,fast,1,Motherhood in art
http://id.worldcat.org/fast/1903978,fast,1,Motorcycles in art
http://id.worldcat.org/fast/1904326,fast,1,Postcards in art
http://id.worldcat.org/fast/1904403,fast,1,Quilts in art
http://id.worldcat.org/fast/1904405,fast,1,Race in art
http://id.worldcat.org/fast/1904436,fast,1,Reading in art
http://id.worldcat.org/fast/1904444,fast,1,"Recycling (Waste, etc.) in art"
http://id.worldcat.org/fast/1904572,fast,1,Sand dunes in art
http://id.worldcat.org/fast/1904637,fast,1,Separation (Psychology) in art
http://id.worldcat.org/fast/1904653,fast,1,Service stations in art
http://id.worldcat.org/fast/1904724,fast,1,Social media in art
http://id.worldcat.org/fast/1904814,fast,1,Subconsciousness in art
http://id.worldcat.org/fast/1904834,fast,1,Superheroes in art
http://id.worldcat.org/fast/1904861,fast,1,Tanks (Military science) in art
http://id.worldcat.org/fast/1904926,fast,1,Thought and thinking in art
http://id.worldcat.org/fast/1904999,fast,1,Typewriters in art
http://id.worldcat.org/fast/1905086,fast,1,Vivisection in literature
http://id.worldcat.org/fast/1905201,fast,1,Worms in art
http://id.worldcat.org/fast/1907003,fast,1,Hurricane Katrina (2005) in art
http://id.worldcat.org/fast/1907412,fast,1,Diplomatic relations
http://id.worldcat.org/fast/1909643,fast,1,Hacking
http://id.worldcat.org/fast/1910008,fast,1,Periodic table of the elements
http://id.worldcat.org/fast/1910879,fast,1,Avarice in art
http://id.worldcat.org/fast/1910947,fast,1,Discrimination in language
http://id.worldcat.org/fast/1911084,fast,1,Massacre survivors
http://id.worldcat.org/fast/1919582,fast,1,Economic conditions
http://id.worldcat.org/fast/1919583,fast,1,Egypt -- Cairo -- Maydān al-Taḥrīr
http://id.worldcat.org/fast/1919741,fast,1,Politics and government
http://id.worldcat.org/fast/1919811,fast,1,Social conditions
http://id.worldcat.org/fast/1919894,fast,1,Autobiographies
http://id.worldcat.org/fast/1919895,fast,1,Bibliographies
http://id.worldcat.org/fast/1919896,fast,1,Biographies
http://id.worldcat.org/fast/1919915,fast,1,Death registers
http://id.worldcat.org/fast/1919922,fast,1,Essays
http://id.worldcat.org/fast/1919936,fast,1,Lift-the-flap books
http://id.worldcat.org/fast/1919950,fast,1,Photobooks
http://id.worldcat.org/fast/1919955,fast,1,Pop-up books
http://id.worldcat.org/fast/1919958,fast,1,Puzzles and games
http://id.worldcat.org/fast/1919964,fast,1,Registers (Lists)
http://id.worldcat.org/fast/1919971,fast,1,Split-page books
http://id.worldcat.org/fast/1919987,fast,1,Zines
http://id.worldcat.org/fast/1920770,fast,1,Braille books
http://id.worldcat.org/fast/1920779,fast,1,Sayings
http://id.worldcat.org/fast/1921233,fast,1,Mental illness in art
http://id.worldcat.org/fast/1921613,fast,1,Comics (Graphic works)
http://id.worldcat.org/fast/1921663,fast,1,Found poetry
http://id.worldcat.org/fast/1921680,fast,1,Haiku
http://id.worldcat.org/fast/1921748,fast,1,Trivia and miscellanea
http://id.worldcat.org/fast/1921898,fast,1,Cartonera books
http://id.worldcat.org/fast/1922440,fast,1,Flash fiction
http://id.worldcat.org/fast/1922530,fast,1,Road fiction
http://id.worldcat.org/fast/1922578,fast,1,Utopian fiction
http://id.worldcat.org/fast/1922713,fast,1,Universe
http://id.worldcat.org/fast/1930830,fast,1,Autobiography in art
http://id.worldcat.org/fast/1940193,fast,1,Black lives matter movement
http://id.worldcat.org/fast/1941036,fast,1,Festschriften
http://id.worldcat.org/fast/1941319,fast,1,Paper dolls
http://id.worldcat.org/fast/1941322,fast,1,Erasure poetry
http://id.worldcat.org/fast/1941332,fast,1,Political poetry
http://id.worldcat.org/fast/1983247,fast,1,Wallpaper in art
http://id.worldcat.org/fast/1983362,fast,1,Environmental conditions
http://id.worldcat.org/fast/1983657,fast,1,Social media -- Political aspects
http://id.worldcat.org/fast/1985328,fast,1,Songs and music
http://id.worldcat.org/fast/1986233,fast,1,Woodcuts
http://id.worldcat.org/fast/1986255,fast,1,Screen prints
http://id.worldcat.org/fast/1986256,fast,1,Collages
http://id.worldcat.org/fast/1986261,fast,1,Lithographs
http://id.worldcat.org/fast/1986270,fast,1,Documentary photographs
http://id.worldcat.org/fast/2002925,fast,1,Image steganography
http://id.worldcat.org/fast/2003288,fast,1,Correspondence
http://id.worldcat.org/fast/2004119,fast,1,Climatic changes in art
http://id.worldcat.org/fast/2008859,fast,1,Art and the war
http://id.worldcat.org/fast/2014218,fast,1,Oppression (Psychology) in literature
http://id.worldcat.org/fast/2025633,fast,1,Drag queens
http://id.worldcat.org/fast/2025925,fast,1,Affect (Psychology) in art
http://id.worldcat.org/fast/2033296,fast,1,Illegal immigration
http://id.worldcat.org/fast/2033380,fast,1,Children of exiles
http://id.worldcat.org/fast/2039787,fast,1,Zapotec language -- Study and teaching (Elementary) -- Spanish speakers
http://id.worldcat.org/fast/2041278,fast,1,History -- Miscellanea
http://id.worldcat.org/fast/793808,fast,1,AIDS (Disease)
http://id.worldcat.org/fast/793864,fast,1,AIDS (Disease) -- Patients
http://id.worldcat.org/fast/793952,fast,1,AIDS (Disease) -- Social aspects
http://id.worldcat.org/fast/793981,fast,1,AIDS (Disease) and art
http://id.worldcat.org/fast/793991,fast,1,AIDS (Disease) in art
http://id.worldcat.org/fast/794440,fast,1,Abkhazians
http://id.worldcat.org/fast/794582,fast,1,Abortion
http://id.worldcat.org/fast/794614,fast,1,Abortion -- Psychological aspects
http://id.worldcat.org/fast/794636,fast,1,Abortion -- Social aspects
http://id.worldcat.org/fast/794769,fast,1,Abstraction
http://id.worldcat.org/fast/796219,fast,1,Action figures (Toys)
http://id.worldcat.org/fast/796296,fast,1,Actors
http://id.worldcat.org/fast/797076,fast,1,Adoption
http://id.worldcat.org/fast/797224,fast,1,Adult child sexual abuse victims in art
http://id.worldcat.org/fast/798786,fast,1,"Aesthetics, Japanese"
http://id.worldcat.org/fast/798800,fast,1,"Aesthetics, Modern"
http://id.worldcat.org/fast/799012,fast,1,African American art
http://id.worldcat.org/fast/799256,fast,1,African American men in art
http://id.worldcat.org/fast/799438,fast,1,African American women
http://id.worldcat.org/fast/799467,fast,1,African American women -- Social conditions
http://id.worldcat.org/fast/799558,fast,1,African Americans
http://id.worldcat.org/fast/799570,fast,1,African Americans -- Biography
http://id.worldcat.org/fast/799661,fast,1,African Americans -- Portraits
http://id.worldcat.org/fast/799666,fast,1,African Americans -- Race identity
http://id.worldcat.org/fast/799698,fast,1,African Americans -- Social conditions
http://id.worldcat.org/fast/799722,fast,1,African Americans in art
http://id.worldcat.org/fast/799938,fast,1,Africans
http://id.worldcat.org/fast/800070,fast,1,After-images
http://id.worldcat.org/fast/800263,fast,1,Aggressiveness
http://id.worldcat.org/fast/800293,fast,1,Aging
http://id.worldcat.org/fast/800358,fast,1,Aging in art
http://id.worldcat.org/fast/802066,fast,1,Air
http://id.worldcat.org/fast/802083,fast,1,Air -- Pollution
http://id.worldcat.org/fast/802704,fast,1,Air warfare
http://id.worldcat.org/fast/802778,fast,1,Aircraft accidents
http://id.worldcat.org/fast/805278,fast,1,Noncitizens
http://id.worldcat.org/fast/805945,fast,1,Alphabet
http://id.worldcat.org/fast/805965,fast,1,Alphabet in art
http://id.worldcat.org/fast/805974,fast,1,Alphabets
http://id.worldcat.org/fast/806113,fast,1,Altered books
http://id.worldcat.org/fast/806114,fast,1,Altered paintings
http://id.worldcat.org/fast/806254,fast,1,Alum industry
http://id.worldcat.org/fast/806532,fast,1,Alzheimer's disease
http://id.worldcat.org/fast/806557,fast,1,Alzheimer's disease -- Patients
http://id.worldcat.org/fast/807113,fast,1,American literature
http://id.worldcat.org/fast/807348,fast,1,American poetry
http://id.worldcat.org/fast/807422,fast,1,American prose literature
http://id.worldcat.org/fast/808387,fast,1,Anarchism
http://id.worldcat.org/fast/808452,fast,1,"Anatomy, Artistic"
http://id.worldcat.org/fast/808759,fast,1,Angels in art
http://id.worldcat.org/fast/809364,fast,1,Animal rights
http://id.worldcat.org/fast/809431,fast,1,Animal welfare
http://id.worldcat.org/fast/809468,fast,1,Animals
http://id.worldcat.org/fast/809573,fast,1,Animals in art
http://id.worldcat.org/fast/809757,fast,1,Anniversaries
http://id.worldcat.org/fast/810626,fast,1,Antinuclear movement
http://id.worldcat.org/fast/810800,fast,1,Antislavery movements
http://id.worldcat.org/fast/810877,fast,1,Antlers
http://id.worldcat.org/fast/810981,fast,1,Anxiety in art
http://id.worldcat.org/fast/811112,fast,1,Apartheid
http://id.worldcat.org/fast/811114,fast,1,Apartheid -- Economic aspects
http://id.worldcat.org/fast/811125,fast,1,Apartheid -- Social aspects
http://id.worldcat.org/fast/811129,fast,1,Apartheid in art
http://id.worldcat.org/fast/811132,fast,1,Apartment houses
http://id.worldcat.org/fast/811767,fast,1,Appliqué
http://id.worldcat.org/fast/811824,fast,1,Appropriation (Art)
http://id.worldcat.org/fast/811940,fast,1,Aquariums
http://id.worldcat.org/fast/813010,fast,1,Archaeology in art
http://id.worldcat.org/fast/813226,fast,1,Architectural drawing
http://id.worldcat.org/fast/813301,fast,1,Architectural photography
http://id.worldcat.org/fast/813346,fast,1,Architecture
http://id.worldcat.org/fast/813497,fast,1,Architecture -- Philosophy
http://id.worldcat.org/fast/813501,fast,1,Architecture -- Political aspects
http://id.worldcat.org/fast/813574,fast,1,Architecture and society
http://id.worldcat.org/fast/813596,fast,1,Architecture in art
http://id.worldcat.org/fast/813666,fast,1,"Architecture, Domestic"
http://id.worldcat.org/fast/814270,fast,1,Argentine literature
http://id.worldcat.org/fast/814289,fast,1,Argentine poetry
http://id.worldcat.org/fast/814575,fast,1,Armadillos
http://id.worldcat.org/fast/815177,fast,1,Art
http://id.worldcat.org/fast/815231,fast,1,Art -- Economic aspects
http://id.worldcat.org/fast/815305,fast,1,Art -- Periodicals
http://id.worldcat.org/fast/815307,fast,1,Art -- Philosophy
http://id.worldcat.org/fast/815309,fast,1,Art -- Political aspects
http://id.worldcat.org/fast/815322,fast,1,Art -- Public opinion
http://id.worldcat.org/fast/815338,fast,1,Art -- Study and teaching
http://id.worldcat.org/fast/815381,fast,1,"Art -- Themes, motives"
http://id.worldcat.org/fast/815398,fast,1,Art and industry
http://id.worldcat.org/fast/815400,fast,1,Art and literature
http://id.worldcat.org/fast/815415,fast,1,Art and mythology
http://id.worldcat.org/fast/815423,fast,1,Art and race
http://id.worldcat.org/fast/815432,fast,1,Art and society
http://id.worldcat.org/fast/815441,fast,1,Art and technology
http://id.worldcat.org/fast/815446,fast,1,Art and war
http://id.worldcat.org/fast/815469,fast,1,Art brut
http://id.worldcat.org/fast/815492,fast,1,Art criticism
http://id.worldcat.org/fast/815800,fast,1,Art school directors
http://id.worldcat.org/fast/815801,fast,1,Art schools
http://id.worldcat.org/fast/815827,fast,1,Art thefts
http://id.worldcat.org/fast/815847,fast,1,"Art, Aboriginal Australian"
http://id.worldcat.org/fast/815895,fast,1,"Art, American"
http://id.worldcat.org/fast/816159,fast,1,"Art, Cuban"
http://id.worldcat.org/fast/816307,fast,1,"Art, German"
http://id.worldcat.org/fast/816430,fast,1,"Art, Italian"
http://id.worldcat.org/fast/816615,fast,1,"Art, Modern"
http://id.worldcat.org/fast/816650,fast,1,"Art, Modern -- Philosophy"
http://id.worldcat.org/fast/816651,fast,1,"Art, Modern -- Political aspects"
http://id.worldcat.org/fast/817556,fast,1,Artistic collaboration
http://id.worldcat.org/fast/817559,fast,1,Artists
http://id.worldcat.org/fast/817604,fast,1,Artists -- Philosophy
http://id.worldcat.org/fast/817620,fast,1,Artists -- Social conditions
http://id.worldcat.org/fast/817660,fast,1,Artists' books
http://id.worldcat.org/fast/817661,fast,1,Artists' books -- Exhibitions
http://id.worldcat.org/fast/817669,fast,1,Artists' illustrated books
http://id.worldcat.org/fast/817707,fast,1,Artists' writings
http://id.worldcat.org/fast/817721,fast,1,Arts
http://id.worldcat.org/fast/817731,fast,1,Arts -- Censorship
http://id.worldcat.org/fast/817891,fast,1,"Arts, American"
http://id.worldcat.org/fast/817903,fast,1,"Arts, Argentine"
http://id.worldcat.org/fast/818112,fast,1,"Arts, Latin American"
http://id.worldcat.org/fast/818137,fast,1,"Arts, Modern"
http://id.worldcat.org/fast/818997,fast,1,Assemblage (Art)
http://id.worldcat.org/fast/819751,fast,1,Astronomy in art
http://id.worldcat.org/fast/820591,fast,1,Atomic bomb in art
http://id.worldcat.org/fast/820727,fast,1,Atrocities
http://id.worldcat.org/fast/821688,fast,1,Authors
http://id.worldcat.org/fast/822442,fast,1,Authorship
http://id.worldcat.org/fast/822463,fast,1,Authorship -- Philosophy
http://id.worldcat.org/fast/822590,fast,1,Autobiographical memory in art
http://id.worldcat.org/fast/822597,fast,1,Autobiography
http://id.worldcat.org/fast/823217,fast,1,Automobile travel
http://id.worldcat.org/fast/823232,fast,1,Automobiles
http://id.worldcat.org/fast/823792,fast,1,Automobiles -- Psychological aspects
http://id.worldcat.org/fast/824280,fast,1,Avant-garde (Aesthetics)
http://id.worldcat.org/fast/824296,fast,1,Avarice
http://id.worldcat.org/fast/824720,fast,1,Aztecs
http://id.worldcat.org/fast/824753,fast,1,Aztecs -- Religion
http://id.worldcat.org/fast/824987,fast,1,Baby boom generation
http://id.worldcat.org/fast/829545,fast,1,Bee culture
http://id.worldcat.org/fast/829560,fast,1,Bee culture in art
http://id.worldcat.org/fast/829879,fast,1,Beginning
http://id.worldcat.org/fast/832970,fast,1,Birds
http://id.worldcat.org/fast/833087,fast,1,Birds in art
http://id.worldcat.org/fast/834024,fast,1,Black people in art
http://id.worldcat.org/fast/834291,fast,1,Blind
http://id.worldcat.org/fast/835230,fast,1,Boats and boating in art
http://id.worldcat.org/fast/835355,fast,1,Body image in art
http://id.worldcat.org/fast/835818,fast,1,Bombings
http://id.worldcat.org/fast/835825,fast,1,Bombs
http://id.worldcat.org/fast/836125,fast,1,Book burning
http://id.worldcat.org/fast/836132,fast,1,Book collecting
http://id.worldcat.org/fast/836147,fast,1,Book covers
http://id.worldcat.org/fast/836152,fast,1,Book design
http://id.worldcat.org/fast/836218,fast,1,Book jackets
http://id.worldcat.org/fast/836338,fast,1,Bookmarks
http://id.worldcat.org/fast/836401,fast,1,Books
http://id.worldcat.org/fast/836426,fast,1,Books -- Marketing
http://id.worldcat.org/fast/836439,fast,1,Books -- Private collections
http://id.worldcat.org/fast/836454,fast,1,Books and reading
http://id.worldcat.org/fast/836477,fast,1,Books and reading in art
http://id.worldcat.org/fast/836479,fast,1,Books in art
http://id.worldcat.org/fast/836492,fast,1,Booksellers and bookselling
http://id.worldcat.org/fast/837358,fast,1,Boys
http://id.worldcat.org/fast/837570,fast,1,Brain
http://id.worldcat.org/fast/837694,fast,1,Brain -- Wounds and injuries
http://id.worldcat.org/fast/837701,fast,1,Brain -- Wounds and injuries -- Patients -- Family relationships
http://id.worldcat.org/fast/838255,fast,1,Breast
http://id.worldcat.org/fast/838293,fast,1,Breast -- Cancer -- Patients
http://id.worldcat.org/fast/838355,fast,1,Breast cancer in art
http://id.worldcat.org/fast/838671,fast,1,Bridges
http://id.worldcat.org/fast/839252,fast,1,Broadsides
http://id.worldcat.org/fast/840962,fast,1,Buildings
http://id.worldcat.org/fast/841702,fast,1,Bureaucracy
http://id.worldcat.org/fast/842262,fast,1,Business
http://id.worldcat.org/fast/843565,fast,1,Cabinets of curiosities
http://id.worldcat.org/fast/843694,fast,1,Cactus
http://id.worldcat.org/fast/844725,fast,1,Camera obscuras
http://id.worldcat.org/fast/844732,fast,1,Cameras
http://id.worldcat.org/fast/844926,fast,1,Camping
http://id.worldcat.org/fast/845039,fast,1,Camsa Indians
http://id.worldcat.org/fast/845317,fast,1,Cancer
http://id.worldcat.org/fast/845411,fast,1,Cancer -- Patients
http://id.worldcat.org/fast/845580,fast,1,Cancer in art
http://id.worldcat.org/fast/845592,fast,1,Cancer in women
http://id.worldcat.org/fast/845678,fast,1,Candy
http://id.worldcat.org/fast/846425,fast,1,Capitalism
http://id.worldcat.org/fast/846453,fast,1,Capitalism -- Social aspects
http://id.worldcat.org/fast/847651,fast,1,Carnival
http://id.worldcat.org/fast/848025,fast,1,Cartography
http://id.worldcat.org/fast/848207,fast,1,Cash registers
http://id.worldcat.org/fast/849907,fast,1,Caves
http://id.worldcat.org/fast/850072,fast,1,Celebrities
http://id.worldcat.org/fast/850568,fast,1,Censorship
http://id.worldcat.org/fast/851824,fast,1,Chairs in art
http://id.worldcat.org/fast/851884,fast,1,Challenged books
http://id.worldcat.org/fast/852034,fast,1,Chance in art
http://id.worldcat.org/fast/852211,fast,1,"Chapbooks, Spanish"
http://id.worldcat.org/fast/852883,fast,1,Chemical elements
http://id.worldcat.org/fast/854393,fast,1,Child development
http://id.worldcat.org/fast/854588,fast,1,Child rearing
http://id.worldcat.org/fast/854640,fast,1,Child sexual abuse
http://id.worldcat.org/fast/854780,fast,1,Childbirth
http://id.worldcat.org/fast/854812,fast,1,Childbirth at home
http://id.worldcat.org/fast/854813,fast,1,Childbirth in art
http://id.worldcat.org/fast/854835,fast,1,Children
http://id.worldcat.org/fast/854849,fast,1,Children -- Books and reading
http://id.worldcat.org/fast/858327,fast,1,Choice (Psychology)
http://id.worldcat.org/fast/860049,fast,1,Chromolithography
http://id.worldcat.org/fast/860207,fast,1,"Chronology, Historical"
http://id.worldcat.org/fast/860599,fast,1,Church buildings
http://id.worldcat.org/fast/861671,fast,1,Circus performers
http://id.worldcat.org/fast/862627,fast,1,Civil rights
http://id.worldcat.org/fast/862898,fast,1,Civilization
http://id.worldcat.org/fast/862900,fast,1,Civilization -- African influences
http://id.worldcat.org/fast/864229,fast,1,Climatic changes
http://id.worldcat.org/fast/864856,fast,1,Clouds
http://id.worldcat.org/fast/865316,fast,1,Coal miners
http://id.worldcat.org/fast/865355,fast,1,Coal mines and mining
http://id.worldcat.org/fast/865972,fast,1,Coca
http://id.worldcat.org/fast/866301,fast,1,Coffee
http://id.worldcat.org/fast/866359,fast,1,Coffee in art
http://id.worldcat.org/fast/866361,fast,1,Coffee industry
http://id.worldcat.org/fast/866613,fast,1,Coin banks
http://id.worldcat.org/fast/867085,fast,1,Collage
http://id.worldcat.org/fast/867090,fast,1,"Collage, American"
http://id.worldcat.org/fast/868394,fast,1,Colombian wit and humor
http://id.worldcat.org/fast/868396,fast,1,"Colombian wit and humor, Pictorial"
http://id.worldcat.org/fast/868499,fast,1,Color
http://id.worldcat.org/fast/868512,fast,1,Color -- Psychological aspects
http://id.worldcat.org/fast/868563,fast,1,Color in art
http://id.worldcat.org/fast/868596,fast,1,Color photography
http://id.worldcat.org/fast/868607,fast,1,Color photography -- Printing processes
http://id.worldcat.org/fast/869145,fast,1,"Comic books, strips, etc"
http://id.worldcat.org/fast/869279,fast,1,Commerce
http://id.worldcat.org/fast/869952,fast,1,Communication
http://id.worldcat.org/fast/869981,fast,1,Communication -- Philosophy
http://id.worldcat.org/fast/870044,fast,1,Communication and technology
http://id.worldcat.org/fast/870243,fast,1,Communication in politics
http://id.worldcat.org/fast/870487,fast,1,Communism and art
http://id.worldcat.org/fast/871835,fast,1,Comprehension (Theory of knowledge)
http://id.worldcat.org/fast/872033,fast,1,Computer art
http://id.worldcat.org/fast/872105,fast,1,Computer fonts
http://id.worldcat.org/fast/872382,fast,1,Computer programmers
http://id.worldcat.org/fast/872390,fast,1,Computer programming
http://id.worldcat.org/fast/872402,fast,1,Computer programming -- Psychological aspects
http://id.worldcat.org/fast/872980,fast,1,Conceptual art
http://id.worldcat.org/fast/876178,fast,1,Constructivism (Art)
http://id.worldcat.org/fast/876455,fast,1,Consumption (Economics)
http://id.worldcat.org/fast/876483,fast,1,Consumption (Economics) in art
http://id.worldcat.org/fast/876656,fast,1,Contests
http://id.worldcat.org/fast/878289,fast,1,Cootie catchers
http://id.worldcat.org/fast/878993,fast,1,Corn
http://id.worldcat.org/fast/879972,fast,1,"Corporations, American"
http://id.worldcat.org/fast/879975,fast,1,"Corporations, American -- Corrupt practices"
http://id.worldcat.org/fast/880547,fast,1,Cosmic dust
http://id.worldcat.org/fast/880600,fast,1,Cosmology
http://id.worldcat.org/fast/880615,fast,1,Cosmology in art
http://id.worldcat.org/fast/881315,fast,1,Counterculture
http://id.worldcat.org/fast/881567,fast,1,Couples
http://id.worldcat.org/fast/881609,fast,1,Courage
http://id.worldcat.org/fast/881873,fast,1,Courtship
http://id.worldcat.org/fast/882382,fast,1,Creation
http://id.worldcat.org/fast/882393,fast,1,"Creation (Literary, artistic, etc.)"
http://id.worldcat.org/fast/883037,fast,1,Crime in art
http://id.worldcat.org/fast/883184,fast,1,Criminal courts
http://id.worldcat.org/fast/883516,fast,1,Criminals
http://id.worldcat.org/fast/883735,fast,1,Criticism
http://id.worldcat.org/fast/884500,fast,1,Cryonics
http://id.worldcat.org/fast/884605,fast,1,Cryptozoology
http://id.worldcat.org/fast/884822,fast,1,Cuban poetry
http://id.worldcat.org/fast/884855,fast,1,Cube in art
http://id.worldcat.org/fast/885325,fast,1,Currency crises
http://id.worldcat.org/fast/885794,fast,1,Cyberspace
http://id.worldcat.org/fast/885801,fast,1,Cyberspace -- Social aspects
http://id.worldcat.org/fast/886455,fast,1,Czechs
http://id.worldcat.org/fast/886582,fast,1,DNA data banks
http://id.worldcat.org/fast/886590,fast,1,DNA in art
http://id.worldcat.org/fast/887522,fast,1,Dance in art
http://id.worldcat.org/fast/888094,fast,1,Dating (Social customs)
http://id.worldcat.org/fast/888385,fast,1,Dead
http://id.worldcat.org/fast/888613,fast,1,Death
http://id.worldcat.org/fast/888694,fast,1,Death in art
http://id.worldcat.org/fast/888697,fast,1,Death in literature
http://id.worldcat.org/fast/888897,fast,1,Decadence in art
http://id.worldcat.org/fast/889145,fast,1,Decoration and ornament
http://id.worldcat.org/fast/889208,fast,1,"Decoration and ornament -- Themes, motives"
http://id.worldcat.org/fast/889548,fast,1,Deer hunting
http://id.worldcat.org/fast/890077,fast,1,Democracy
http://id.worldcat.org/fast/890222,fast,1,Demonstrations
http://id.worldcat.org/fast/891253,fast,1,Design
http://id.worldcat.org/fast/891363,fast,1,Desire in art
http://id.worldcat.org/fast/891620,fast,1,Detention of persons
http://id.worldcat.org/fast/891974,fast,1,Devil
http://id.worldcat.org/fast/892657,fast,1,Diaries
http://id.worldcat.org/fast/892873,fast,1,Dictators
http://id.worldcat.org/fast/893901,fast,1,Diners (Restaurants)
http://id.worldcat.org/fast/894097,fast,1,Diorama
http://id.worldcat.org/fast/894209,fast,1,"Diplomatic and consular service, American"
http://id.worldcat.org/fast/894675,fast,1,Disappeared persons
http://id.worldcat.org/fast/894985,fast,1,Discrimination
http://id.worldcat.org/fast/895401,fast,1,Dissenters
http://id.worldcat.org/fast/895809,fast,1,Divorce
http://id.worldcat.org/fast/896093,fast,1,Documentary photography
http://id.worldcat.org/fast/896265,fast,1,Dogs
http://id.worldcat.org/fast/896302,fast,1,Dogs -- Fiction
http://id.worldcat.org/fast/896374,fast,1,Dogs in art
http://id.worldcat.org/fast/896481,fast,1,Dolls in art
http://id.worldcat.org/fast/896894,fast,1,Doors
http://id.worldcat.org/fast/897411,fast,1,Drainage
http://id.worldcat.org/fast/897725,fast,1,Drawing
http://id.worldcat.org/fast/897741,fast,1,Drawing -- Philosophy
http://id.worldcat.org/fast/897776,fast,1,"Drawing, American"
http://id.worldcat.org/fast/897801,fast,1,"Drawing, Colombian"
http://id.worldcat.org/fast/897818,fast,1,"Drawing, French"
http://id.worldcat.org/fast/897844,fast,1,"Drawing, Mexican"
http://id.worldcat.org/fast/897910,fast,1,Dreams in art
http://id.worldcat.org/fast/897995,fast,1,Dresses
http://id.worldcat.org/fast/898476,fast,1,Drowning victims
http://id.worldcat.org/fast/898761,fast,1,Drugs
http://id.worldcat.org/fast/899102,fast,1,Drunkenness (Philosophy)
http://id.worldcat.org/fast/899630,fast,1,Dust
http://id.worldcat.org/fast/900209,fast,1,Dwellings in art
http://id.worldcat.org/fast/900959,fast,1,Earthworks (Art)
http://id.worldcat.org/fast/901090,fast,1,East and West
http://id.worldcat.org/fast/901429,fast,1,Ecofeminism
http://id.worldcat.org/fast/901476,fast,1,Ecology
http://id.worldcat.org/fast/901556,fast,1,Ecology in art
http://id.worldcat.org/fast/902296,fast,1,Ecosystem health
http://id.worldcat.org/fast/902886,fast,1,"Education, Bilingual"
http://id.worldcat.org/fast/902908,fast,1,"Education, Bilingual -- Social aspects"
http://id.worldcat.org/fast/907477,fast,1,Electronic surveillance
http://id.worldcat.org/fast/908133,fast,1,Elk
http://id.worldcat.org/fast/908378,fast,1,Embroidery
http://id.worldcat.org/fast/908690,fast,1,Emigration and immigration
http://id.worldcat.org/fast/908722,fast,1,Emigration and immigration -- Social aspects
http://id.worldcat.org/fast/908731,fast,1,Emigration and immigration in art
http://id.worldcat.org/fast/908819,fast,1,Emotions
http://id.worldcat.org/fast/908830,fast,1,Emotions -- Physiological aspects
http://id.worldcat.org/fast/908862,fast,1,Emotions in art
http://id.worldcat.org/fast/909533,fast,1,Encyclopedias and dictionaries
http://id.worldcat.org/fast/909549,fast,1,Encyclopedias and dictionaries in literature
http://id.worldcat.org/fast/909634,fast,1,End of the world
http://id.worldcat.org/fast/910920,fast,1,English language
http://id.worldcat.org/fast/911297,fast,1,English language -- Idioms
http://id.worldcat.org/fast/911410,fast,1,English language -- Obscene words
http://id.worldcat.org/fast/911873,fast,1,English language -- Terms and phrases
http://id.worldcat.org/fast/912849,fast,1,Environment (Art)
http://id.worldcat.org/fast/912877,fast,1,Environmental degradation
http://id.worldcat.org/fast/913560,fast,1,Environmentally induced diseases
http://id.worldcat.org/fast/914754,fast,1,Erosion
http://id.worldcat.org/fast/914768,fast,1,Erotic art
http://id.worldcat.org/fast/914778,fast,1,Erotic drawing
http://id.worldcat.org/fast/915123,fast,1,Escape (Psychology)
http://id.worldcat.org/fast/916005,fast,1,Ethnic relations
http://id.worldcat.org/fast/916072,fast,1,Ethnobiology
http://id.worldcat.org/fast/916915,fast,1,Euthanasia
http://id.worldcat.org/fast/918166,fast,1,"Exiles' writings, Cuban"
http://id.worldcat.org/fast/918208,fast,1,Existentialism in art
http://id.worldcat.org/fast/918461,fast,1,Experimental poetry
http://id.worldcat.org/fast/918547,fast,1,Exploitation
http://id.worldcat.org/fast/918906,fast,1,Exquisite corpse (Game)
http://id.worldcat.org/fast/919371,fast,1,Fables in art
http://id.worldcat.org/fast/919557,fast,1,Face in art
http://id.worldcat.org/fast/919795,fast,1,Factory system
http://id.worldcat.org/fast/919916,fast,1,Fairy tales
http://id.worldcat.org/fast/919923,fast,1,Fairy tales -- Illustrations
http://id.worldcat.org/fast/919934,fast,1,Fairy tales in art
http://id.worldcat.org/fast/920845,fast,1,Fantasy in art
http://id.worldcat.org/fast/921640,fast,1,Fashion in art
http://id.worldcat.org/fast/921890,fast,1,Fathers and daughters
http://id.worldcat.org/fast/921909,fast,1,Fathers and sons in art
http://id.worldcat.org/fast/922054,fast,1,Fear in art
http://id.worldcat.org/fast/922665,fast,1,Femininity in art
http://id.worldcat.org/fast/922671,fast,1,Feminism
http://id.worldcat.org/fast/922727,fast,1,Feminism and art
http://id.worldcat.org/fast/922747,fast,1,Feminism and the arts
http://id.worldcat.org/fast/922751,fast,1,Feminism in art
http://id.worldcat.org/fast/923420,fast,1,Fetishism (Sexual behavior)
http://id.worldcat.org/fast/923646,fast,1,Fiberwork
http://id.worldcat.org/fast/924213,fast,1,Filipinos
http://id.worldcat.org/fast/924607,fast,1,Financial crises
http://id.worldcat.org/fast/925173,fast,1,Fire
http://id.worldcat.org/fast/925193,fast,1,Fire -- Social aspects
http://id.worldcat.org/fast/925442,fast,1,Fire in art
http://id.worldcat.org/fast/925573,fast,1,Firearms
http://id.worldcat.org/fast/925697,fast,1,Fires
http://id.worldcat.org/fast/926740,fast,1,Fishing in art
http://id.worldcat.org/fast/926942,fast,1,Flags
http://id.worldcat.org/fast/926963,fast,1,Flags in art
http://id.worldcat.org/fast/927291,fast,1,Flight
http://id.worldcat.org/fast/927350,fast,1,Flight in art
http://id.worldcat.org/fast/927377,fast,1,Flight training
http://id.worldcat.org/fast/927412,fast,1,Flip books
http://id.worldcat.org/fast/928396,fast,1,Fluxus (Group of artists)
http://id.worldcat.org/fast/929383,fast,1,Folk music
http://id.worldcat.org/fast/930306,fast,1,Folklore
http://id.worldcat.org/fast/930458,fast,1,Food
http://id.worldcat.org/fast/930503,fast,1,Food -- Economic aspects
http://id.worldcat.org/fast/930613,fast,1,Food -- Social aspects
http://id.worldcat.org/fast/930807,fast,1,Food habits
http://id.worldcat.org/fast/930835,fast,1,Food in art
http://id.worldcat.org/fast/931362,fast,1,Football
http://id.worldcat.org/fast/931452,fast,1,Footbinding
http://id.worldcat.org/fast/931715,fast,1,Fore-edge painting
http://id.worldcat.org/fast/933164,fast,1,Fossils
http://id.worldcat.org/fast/933256,fast,1,Found objects (Art)
http://id.worldcat.org/fast/933427,fast,1,Fourth of July
http://id.worldcat.org/fast/933507,fast,1,Fractals
http://id.worldcat.org/fast/936488,fast,1,Furniture
http://id.worldcat.org/fast/936544,fast,1,Furniture industry and trade
http://id.worldcat.org/fast/936587,fast,1,Furniture workers
http://id.worldcat.org/fast/936780,fast,1,Futurism (Art)
http://id.worldcat.org/fast/937826,fast,1,Garden structures
http://id.worldcat.org/fast/937852,fast,1,Gardening
http://id.worldcat.org/fast/937895,fast,1,Gardens
http://id.worldcat.org/fast/937931,fast,1,Gardens in art
http://id.worldcat.org/fast/939057,fast,1,Gay artists
http://id.worldcat.org/fast/939117,fast,1,Gay men
http://id.worldcat.org/fast/939145,fast,1,Gay men -- Relations with heterosexuals
http://id.worldcat.org/fast/939255,fast,1,Gay people
http://id.worldcat.org/fast/939593,fast,1,Gender identity
http://id.worldcat.org/fast/939604,fast,1,Gender identity in art
http://id.worldcat.org/fast/939652,fast,1,Genealogy
http://id.worldcat.org/fast/940147,fast,1,Genetics in art
http://id.worldcat.org/fast/940208,fast,1,Genocide
http://id.worldcat.org/fast/940296,fast,1,Gentrification
http://id.worldcat.org/fast/940459,fast,1,Geographical perception
http://id.worldcat.org/fast/940469,fast,1,Geography
http://id.worldcat.org/fast/940844,fast,1,Geometrical drawing
http://id.worldcat.org/fast/940896,fast,1,Geometry in art
http://id.worldcat.org/fast/942628,fast,1,Gifts
http://id.worldcat.org/fast/942866,fast,1,Girls
http://id.worldcat.org/fast/943506,fast,1,Global warming
http://id.worldcat.org/fast/943532,fast,1,Globalization
http://id.worldcat.org/fast/943533,fast,1,Globalization -- Economic aspects
http://id.worldcat.org/fast/945173,fast,1,Government aid to the arts
http://id.worldcat.org/fast/945663,fast,1,"Government, Resistance to"
http://id.worldcat.org/fast/946360,fast,1,Grandparent and child
http://id.worldcat.org/fast/946595,fast,1,Graphic arts
http://id.worldcat.org/fast/946640,fast,1,Graphic design (Typography)
http://id.worldcat.org/fast/946656,fast,1,Graphic novels
http://id.worldcat.org/fast/946687,fast,1,Graphology
http://id.worldcat.org/fast/947085,fast,1,Grebo (African people)
http://id.worldcat.org/fast/947178,fast,1,Greek language
http://id.worldcat.org/fast/947881,fast,1,Grids (Cartography) in art
http://id.worldcat.org/fast/947883,fast,1,Grief
http://id.worldcat.org/fast/947905,fast,1,Grief in art
http://id.worldcat.org/fast/947910,fast,1,Grief in literature
http://id.worldcat.org/fast/948125,fast,1,Grotesque in art
http://id.worldcat.org/fast/948861,fast,1,Guatemalan literature
http://id.worldcat.org/fast/948864,fast,1,Guatemalan poetry
http://id.worldcat.org/fast/948935,fast,1,Guerrillas
http://id.worldcat.org/fast/949583,fast,1,Gymnastics
http://id.worldcat.org/fast/950299,fast,1,"Haiku, American"
http://id.worldcat.org/fast/950431,fast,1,Hairstyles
http://id.worldcat.org/fast/950888,fast,1,Hand weaving
http://id.worldcat.org/fast/951159,fast,1,Happenings (Art)
http://id.worldcat.org/fast/951160,fast,1,Happiness
http://id.worldcat.org/fast/951863,fast,1,Hate
http://id.worldcat.org/fast/951883,fast,1,Hate groups
http://id.worldcat.org/fast/952704,fast,1,Healing
http://id.worldcat.org/fast/952727,fast,1,Healing in art
http://id.worldcat.org/fast/952743,fast,1,Health
http://id.worldcat.org/fast/953734,fast,1,Heart in art
http://id.worldcat.org/fast/955373,fast,1,Herbs
http://id.worldcat.org/fast/955419,fast,1,"Heredity, Human"
http://id.worldcat.org/fast/955967,fast,1,Hiding places
http://id.worldcat.org/fast/955976,fast,1,Hieroglyphics
http://id.worldcat.org/fast/956511,fast,1,High-fidelity sound systems
http://id.worldcat.org/fast/957237,fast,1,Hip-hop
http://id.worldcat.org/fast/957723,fast,1,Historic buildings
http://id.worldcat.org/fast/958207,fast,1,Historical reenactments
http://id.worldcat.org/fast/958337,fast,1,History in art
http://id.worldcat.org/fast/958838,fast,1,Holocaust survivors
http://id.worldcat.org/fast/958839,fast,1,Holocaust survivors -- Biography
http://id.worldcat.org/fast/958922,fast,1,"Holocaust, Jewish (1939-1945) in art"
http://id.worldcat.org/fast/959074,fast,1,Home
http://id.worldcat.org/fast/959545,fast,1,Homelessness
http://id.worldcat.org/fast/959727,fast,1,Homophobia
http://id.worldcat.org/fast/959910,fast,1,Honesty
http://id.worldcat.org/fast/960791,fast,1,Horticulture
http://id.worldcat.org/fast/961767,fast,1,Hotels
http://id.worldcat.org/fast/962090,fast,1,"Household appliances, Electric"
http://id.worldcat.org/fast/962785,fast,1,Human anatomy
http://id.worldcat.org/fast/962832,fast,1,Human beings
http://id.worldcat.org/fast/962843,fast,1,Human beings -- Effect of environment on
http://id.worldcat.org/fast/962855,fast,1,Human beings -- Origin
http://id.worldcat.org/fast/962941,fast,1,Human ecology
http://id.worldcat.org/fast/963107,fast,1,Human geography
http://id.worldcat.org/fast/963121,fast,1,Human geography -- Philosophy
http://id.worldcat.org/fast/963183,fast,1,Human physiology
http://id.worldcat.org/fast/963258,fast,1,Human reproduction in art
http://id.worldcat.org/fast/963285,fast,1,Human rights
http://id.worldcat.org/fast/963482,fast,1,Human-animal relationships
http://id.worldcat.org/fast/963760,fast,1,"Humorous poetry, American"
http://id.worldcat.org/fast/964221,fast,1,Hunting in art
http://id.worldcat.org/fast/964360,fast,1,Hurricanes
http://id.worldcat.org/fast/965349,fast,1,Hygiene
http://id.worldcat.org/fast/965356,fast,1,Hygiene -- Social aspects
http://id.worldcat.org/fast/966135,fast,1,Hysteria
http://id.worldcat.org/fast/966780,fast,1,Icons (Computer graphics)
http://id.worldcat.org/fast/966889,fast,1,Identity (Philosophical concept)
http://id.worldcat.org/fast/966908,fast,1,Identity (Psychology) in art
http://id.worldcat.org/fast/966909,fast,1,Identity (Psychology) in children
http://id.worldcat.org/fast/966930,fast,1,Ideology in art
http://id.worldcat.org/fast/967501,fast,1,Image processing
http://id.worldcat.org/fast/967541,fast,1,Imagery (Psychology)
http://id.worldcat.org/fast/967555,fast,1,Imaginary biography
http://id.worldcat.org/fast/967557,fast,1,Imaginary books and libraries
http://id.worldcat.org/fast/967560,fast,1,Imaginary companions
http://id.worldcat.org/fast/967585,fast,1,Imagination
http://id.worldcat.org/fast/967712,fast,1,Immigrants
http://id.worldcat.org/fast/967851,fast,1,Immortalism
http://id.worldcat.org/fast/968126,fast,1,Imperialism
http://id.worldcat.org/fast/968146,fast,1,Impermanence (Buddhism)
http://id.worldcat.org/fast/968670,fast,1,Income distribution
http://id.worldcat.org/fast/969029,fast,1,Indian art
http://id.worldcat.org/fast/969222,fast,1,Indian textile fabrics
http://id.worldcat.org/fast/969510,fast,1,Indians of Mexico
http://id.worldcat.org/fast/969556,fast,1,Indians of Mexico -- Government relations
http://id.worldcat.org/fast/969633,fast,1,Indians of North America
http://id.worldcat.org/fast/969749,fast,1,Indians of North America -- Folklore
http://id.worldcat.org/fast/970120,fast,1,"Indians, Treatment of"
http://id.worldcat.org/fast/970343,fast,1,Individuality
http://id.worldcat.org/fast/971122,fast,1,Industrial hygiene
http://id.worldcat.org/fast/971825,fast,1,Industrialization
http://id.worldcat.org/fast/971843,fast,1,Industrialization -- Social aspects
http://id.worldcat.org/fast/972484,fast,1,"Influence (Literary, artistic, etc.)"
http://id.worldcat.org/fast/974074,fast,1,Insects
http://id.worldcat.org/fast/974195,fast,1,Insects in art
http://id.worldcat.org/fast/974221,fast,1,Insomnia
http://id.worldcat.org/fast/974230,fast,1,Inspiration
http://id.worldcat.org/fast/974250,fast,1,Installations (Art)
http://id.worldcat.org/fast/974251,fast,1,Installations (Art) -- Exhibitions
http://id.worldcat.org/fast/975848,fast,1,Intelligence service
http://id.worldcat.org/fast/975979,fast,1,Interactive art
http://id.worldcat.org/fast/977053,fast,1,International relations
http://id.worldcat.org/fast/977258,fast,1,Internet in political campaigns
http://id.worldcat.org/fast/977289,fast,1,Internet searching
http://id.worldcat.org/fast/977539,fast,1,Interstellar communication
http://id.worldcat.org/fast/977714,fast,1,Intimacy (Psychology)
http://id.worldcat.org/fast/979502,fast,1,Irrigation
http://id.worldcat.org/fast/979596,fast,1,Irrigation engineering
http://id.worldcat.org/fast/980392,fast,1,It (The English word)
http://id.worldcat.org/fast/980660,fast,1,Italian literature
http://id.worldcat.org/fast/983135,fast,1,Jews
http://id.worldcat.org/fast/983229,fast,1,Jews -- Folklore
http://id.worldcat.org/fast/985122,fast,1,Justice
http://id.worldcat.org/fast/985936,fast,1,Kamikaze pilots
http://id.worldcat.org/fast/987010,fast,1,Keyboards (Electronics)
http://id.worldcat.org/fast/987694,fast,1,Kings and rulers
http://id.worldcat.org/fast/987877,fast,1,Kissing
http://id.worldcat.org/fast/987926,fast,1,Kitchens
http://id.worldcat.org/fast/987946,fast,1,Kites
http://id.worldcat.org/fast/987953,fast,1,Kites in art
http://id.worldcat.org/fast/988163,fast,1,Knives in art
http://id.worldcat.org/fast/988194,fast,1,"Knowledge, Theory of"
http://id.worldcat.org/fast/989959,fast,1,Labor in art
http://id.worldcat.org/fast/990474,fast,1,Labyrinths in art
http://id.worldcat.org/fast/991362,fast,1,Land tenure
http://id.worldcat.org/fast/991689,fast,1,Landforms
http://id.worldcat.org/fast/991791,fast,1,Landscape archaeology
http://id.worldcat.org/fast/992030,fast,1,Landscape photography
http://id.worldcat.org/fast/992154,fast,1,Language and languages
http://id.worldcat.org/fast/992193,fast,1,Language and languages -- Philosophy
http://id.worldcat.org/fast/993031,fast,1,Latin American literature
http://id.worldcat.org/fast/995186,fast,1,Leaves
http://id.worldcat.org/fast/996540,fast,1,Lesbians
http://id.worldcat.org/fast/996573,fast,1,Lesbians -- Relations with heterosexuals
http://id.worldcat.org/fast/996586,fast,1,Lesbians in art
http://id.worldcat.org/fast/996707,fast,1,Letter writing in art
http://id.worldcat.org/fast/996778,fast,1,Letterpress printing
http://id.worldcat.org/fast/996779,fast,1,Letters
http://id.worldcat.org/fast/996786,fast,1,Letters in art
http://id.worldcat.org/fast/997341,fast,1,Libraries
http://id.worldcat.org/fast/997445,fast,1,Libraries -- Social aspects
http://id.worldcat.org/fast/998552,fast,1,Light in art
http://id.worldcat.org/fast/998899,fast,1,Limited editions
http://id.worldcat.org/fast/999034,fast,1,Line (Art)
http://id.worldcat.org/fast/999280,fast,1,Linoleum block-printing
http://id.worldcat.org/fast/999283,fast,1,"Linoleum block-printing, American"
http://id.worldcat.org/fast/999424,fast,1,Lipreading
http://vocab.getty.edu/aat/300011734,aat,1,Earth (soil)
http://vocab.getty.edu/aat/300011914,aat,1,Wood (plant material)
http://vocab.getty.edu/aat/300014076,aat,1,Burlap
http://vocab.getty.edu/aat/300014078,aat,1,Canvas (textile material)
http://vocab.getty.edu/aat/300014130,aat,1,Rag paper
http://vocab.getty.edu/aat/300014145,aat,1,Tissue paper
http://vocab.getty.edu/aat/300014224,aat,1,Cardboard
http://vocab.getty.edu/aat/300014247,aat,1,Cord (fiber product)
http://vocab.getty.edu/aat/300014249,aat,1,String (fiber product)
http://vocab.getty.edu/aat/300014252,aat,1,Yarn
http://vocab.getty.edu/aat/300014341,aat,1,Sand
http://vocab.getty.edu/aat/300014614,aat,1,Blocks (shaped masses)
http://vocab.getty.edu/aat/300014634,aat,1,Dowels
http://vocab.getty.edu/aat/300014668,aat,1,Ribbon (material)
http://vocab.getty.edu/aat/300014681,aat,1,Sticks (object genre)
http://vocab.getty.edu/aat/300015577,aat,1,Foldouts
http://vocab.getty.edu/aat/300022187,aat,1,Neo-Dada
http://vocab.getty.edu/aat/300024549,aat,1,Magnets
http://vocab.getty.edu/aat/300026059,aat,1,Catalogs (documents)
http://vocab.getty.edu/aat/300026096,aat,1,Exhibition catalogs
http://vocab.getty.edu/aat/300026819,aat,1,Picture postcards
http://vocab.getty.edu/aat/300028577,aat,1,Typescripts
http://vocab.getty.edu/aat/300028629,aat,1,Scrolls (information artifacts)
http://vocab.getty.edu/aat/300028705,aat,1,Signatures (names)
http://vocab.getty.edu/aat/300028882,aat,1,Erotica
http://vocab.getty.edu/aat/300033565,aat,1,Nails (fasteners)
http://vocab.getty.edu/aat/300036363,aat,1,Fasteners
http://vocab.getty.edu/aat/300041273,aat,1,Prints (visual works)
http://vocab.getty.edu/aat/300041366,aat,1,Aquatints (prints)
http://vocab.getty.edu/aat/300041379,aat,1,Lithographs
http://vocab.getty.edu/aat/300041391,aat,1,Relief prints
http://vocab.getty.edu/aat/300041393,aat,1,Linocuts (prints)
http://vocab.getty.edu/aat/300041405,aat,1,Woodcuts (prints)
http://vocab.getty.edu/aat/300041523,aat,1,Embossed prints
http://vocab.getty.edu/aat/300045627,aat,1,Bottles
http://vocab.getty.edu/aat/300045643,aat,1,Boxes (containers)
http://vocab.getty.edu/aat/300045657,aat,1,Cans (containers)
http://vocab.getty.edu/aat/300045659,aat,1,Cases (containers)
http://vocab.getty.edu/aat/300046300,aat,1,Photographs
http://vocab.getty.edu/aat/300053228,aat,1,Drypoint (printing process)
http://vocab.getty.edu/aat/300053241,aat,1,Etching (printing process)
http://vocab.getty.edu/aat/300053275,aat,1,Photolithography
http://vocab.getty.edu/aat/300053281,aat,1,Screen printing
http://vocab.getty.edu/aat/300053289,aat,1,Block printing (relief printing process)
http://vocab.getty.edu/aat/300053324,aat,1,Overprinting
http://vocab.getty.edu/aat/300053436,aat,1,Pochoir (technique)
http://vocab.getty.edu/aat/300055931,aat,1,Poetry
http://vocab.getty.edu/aat/300055932,aat,1,Concrete poetry
http://vocab.getty.edu/aat/300056219,aat,1,Translucency
http://vocab.getty.edu/aat/300068579,aat,1,Cut-paper work
http://vocab.getty.edu/aat/300100194,aat,1,Line drawings (drawings)
http://vocab.getty.edu/aat/300121295,aat,1,Limited editions
http://vocab.getty.edu/aat/300123016,aat,1,Artists' books (books)
http://vocab.getty.edu/aat/300124117,aat,1,Plant material
http://vocab.getty.edu/aat/300127269,aat,1,Manipulated photographs
http://vocab.getty.edu/aat/300133032,aat,1,Cubes (geometric figures)
http://vocab.getty.edu/aat/300133555,aat,1,Hand coloring
http://vocab.getty.edu/aat/300134997,aat,1,Film stills
http://vocab.getty.edu/aat/300138699,aat,1,Collage (technique)
http://vocab.getty.edu/aat/300152367,aat,1,Chapbooks
http://vocab.getty.edu/aat/300162056,aat,1,Black-and-white photography
http://vocab.getty.edu/aat/300162391,aat,1,Cloth
http://vocab.getty.edu/aat/300163347,aat,1,Mixed media
http://vocab.getty.edu/aat/300163644,aat,1,Deed books
http://vocab.getty.edu/aat/300178463,aat,1,Handscrolls
http://vocab.getty.edu/aat/300178549,aat,1,Impressions (prints)
http://vocab.getty.edu/aat/300178594,aat,1,Art photography
http://vocab.getty.edu/aat/300178688,aat,1,Screen prints
http://vocab.getty.edu/aat/300178926,aat,1,Letterpress printing
http://vocab.getty.edu/aat/300183668,aat,1,Construction paper
http://vocab.getty.edu/aat/300183813,aat,1,Hosho
http://vocab.getty.edu/aat/300185694,aat,1,Sails
http://vocab.getty.edu/aat/300191818,aat,1,Handmade
http://vocab.getty.edu/aat/300194347,aat,1,Visual poetry
http://vocab.getty.edu/aat/300194509,aat,1,Bags (generic containers)
http://vocab.getty.edu/aat/300195133,aat,1,Book jackets
http://vocab.getty.edu/aat/300197601,aat,1,Envelopes
http://vocab.getty.edu/aat/300198929,aat,1,Portfolios (containers)
http://vocab.getty.edu/aat/300199780,aat,1,Ollas (vessels)
http://vocab.getty.edu/aat/300200572,aat,1,Folded books
http://vocab.getty.edu/aat/300201033,aat,1,Flip books
http://vocab.getty.edu/aat/300201034,aat,1,Pop-up books
http://vocab.getty.edu/aat/300202344,aat,1,Hand binding
http://vocab.getty.edu/aat/300207379,aat,1,Stickers
http://vocab.getty.edu/aat/300211072,aat,1,Blocks (toys)
http://vocab.getty.edu/aat/300211178,aat,1,Paper dolls
http://vocab.getty.edu/aat/300211392,aat,1,Wrappers (book covers)
http://vocab.getty.edu/aat/300212499,aat,1,Shirts (main garments)
http://vocab.getty.edu/aat/300216195,aat,1,Handkerchiefs
http://vocab.getty.edu/aat/300216739,aat,1,Pockets (bags)
http://vocab.getty.edu/aat/300217923,aat,1,Packs of cards
http://vocab.getty.edu/aat/300231732,aat,1,Printed textile materials
http://vocab.getty.edu/aat/300233399,aat,1,Die cutting
http://vocab.getty.edu/aat/300233405,aat,1,Impressing
http://vocab.getty.edu/aat/300234006,aat,1,Beads (pierced objects)
http://vocab.getty.edu/aat/300239001,aat,1,Stamping (marking)
http://vocab.getty.edu/aat/300239307,aat,1,Ties (fasteners)
http://vocab.getty.edu/aat/300247399,aat,1,Life preservers
http://vocab.getty.edu/aat/300247923,aat,1,Folding (process)
http://vocab.getty.edu/aat/300249275,aat,1,Ecological art
http://vocab.getty.edu/aat/300251499,aat,1,Concrete poems
http://vocab.getty.edu/aat/300252980,aat,1,Fanzines
http://vocab.getty.edu/aat/300253051,aat,1,Cords (binding components)
http://vocab.getty.edu/aat/300253104,aat,1,Interleaving
http://vocab.getty.edu/aat/300253366,aat,1,Dos-à-dos bindings
http://vocab.getty.edu/aat/300255863,aat,1,Acetate film
http://vocab.getty.edu/aat/300257224,aat,1,Board books
http://vocab.getty.edu/aat/300257370,aat,1,Double leaves
http://vocab.getty.edu/aat/300257411,aat,1,Cutouts
http://vocab.getty.edu/aat/300262844,aat,1,Stamps (marks)
http://vocab.getty.edu/aat/300263000,aat,1,Spiral bindings
http://vocab.getty.edu/aat/300263587,aat,1,Coptic bindings
http://vocab.getty.edu/aat/300263749,aat,1,Cloth books (books)
http://vocab.getty.edu/aat/300264038,aat,1,Crochet (needlework)
http://vocab.getty.edu/aat/300264218,aat,1,Pamphlet bindings
http://vocab.getty.edu/aat/300264640,aat,1,Vinylcuts
http://vocab.getty.edu/aat/300264827,aat,1,Conceptual
http://vocab.getty.edu/aat/300265621,aat,1,Inkjet prints
http://vocab.getty.edu/aat/300265728,aat,1,Photobooks
http://vocab.getty.edu/aat/300310088,aat,1,Broadsheet (format)
http://vocab.getty.edu/aat/300375519,aat,1,Kozo (paper)
http://vocab.getty.edu/aat/300375674,aat,1,Staple bindings
http://vocab.getty.edu/aat/300379073,aat,1,Foil stamping
http://vocab.getty.edu/aat/300411543,aat,1,Handmade paper
http://vocab.getty.edu/aat/300417532,aat,1,Accordion folding
http://vocab.getty.edu/aat/300417761,aat,1,Cloth bindings (bookbindings)
http://vocab.getty.edu/aat/300422132,aat,1,Book slipcases
http://vocab.getty.edu/aat/300429554,aat,1,Newspaper clippings
http://vocab.getty.edu/aat/300435283,aat,1,Stencil prints
http://vocab.getty.edu/aat/300438814,aat,1,Accordion books
https://en.homosaurus.org/v4/homoit0000506,homoit,1,Gay men
https://homosaurus.org/v4/homoit0000316,homoit,1,Crossdressers
https://homosaurus.org/v4/homoit0000375,homoit,1,Drag queens
https://homosaurus.org/v4/homoit0000387,homoit,1,Ecofeminism
https://homosaurus.org/v4/homoit0000442,homoit,1,Kinks and fetishes
https://homosaurus.org/v4/homoit0000470,homoit,1,Gay artists
https://homosaurus.org/v4/homoit0000487,homoit,1,Gay culture
https://homosaurus.org/v4/homoit0000506,homoit,1,Gay men
https://homosaurus.org/v4/homoit0000556,homoit,1,Lesbians
https://homosaurus.org/v4/homoit0000571,homoit,1,Gender identity
https://homosaurus.org/v4/homoit0000646,homoit,1,Homophobia
https://homosaurus.org/v4/homoit0000652,homoit,1,Human rights
https://homosaurus.org/v4/homoit0000691,homoit,1,Kissing
https://homosaurus.org/v4/homoit0001052,homoit,1,Nude art
https://homosaurus.org/v4/homoit0001102,homoit,1,LGBTQ+ performance art
https://homosaurus.org/v4/homoit0001128,homoit,1,Pornography
https://homosaurus.org/v4/homoit0001261,homoit,1,Secrecy
https://homosaurus.org/v4/homoit0001278,homoit,1,Sexism
https://homosaurus.org/v4/homoit0001285,homoit,1,Sexual assault
https://homosaurus.org/v4/homoit0001293,homoit,1,Sexual harassment
https://homosaurus.org/v4/homoit0001299,homoit,1,Sexual practices
https://homosaurus.org/v4/homoit0001321,homoit,1,Social media
https://homosaurus.org/v4/homoit0001322,homoit,1,Social movements
https://homosaurus.org/v4/homoit0001378,homoit,1,Transgender people
https://homosaurus.org/v4/homoit0001381,homoit,1,Transsexual people
https://homosaurus.org/v4/homoit0001488,homoit,1,Vagina
https://homosaurus.org/v4/homoit0002398,homoit,1,Black Lives Matter movement
https://homosaurus.org/v4/homoit0002579,homoit,1,LGBTQ+ erotic art
