ssid,uuid,datePath,iiifPath,width,height,filename,fileCount,imageViewType,status
13604309,4098b9d0-5940-4763-a354-8edb6f38196c,2016/04/04/20,/iiif/2016/04/04/20/4098b9d0-5940-4763-a354-8edb6f38196c_deflate.tif,2400,1800,Far_horizons1.tif,2,(Cover & interior images),ok
19307712,b453a924-5379-483f-b7a1-9e2625510575,2017/04/04/19,/iiif/2017/04/04/19/b453a924-5379-483f-b7a1-9e2625510575_deflate.tif,2377,2400,line_for_color_cover2.tif,2,(Cover & interior images),ok
14826716,024ce5aa-62ef-4f60-82b0-36726df7dee4,2016/05/23/15,/iiif/2016/05/23/15/024ce5aa-62ef-4f60-82b0-36726df7dee4_deflate.tif,1800,2400,thebowlandthebook1.tif,3,(Cover & interior images),ok
19376713,0b71be7e-2e28-4d3e-97fd-85080672e38a,2017/04/22/14,/iiif/2017/04/22/14/0b71be7e-2e28-4d3e-97fd-85080672e38a_deflate.tif,1780,2400,atlanta_cover2.tif,2,(Cover & interior images),ok
638955,e4ebae7e-bdfa-4356-99e5-2c92912dfefc,2012/07/25/11,/iiif/2012/07/25/11/e4ebae7e-bdfa-4356-99e5-2c92912dfefc_deflate.tif,2112,2668,every building on the sunset strip1.tif,2,(Interior images),ok
13971620,82e3b77b-a7cb-4520-a530-70894dd2c166,2016/04/18/18,/iiif/2016/04/18/18/82e3b77b-a7cb-4520-a530-70894dd2c166_deflate.tif,2400,1800,De_codos1.tif,2,(Cover & interior images),ok
21091406,15551ac7-b261-4fed-8191-85ca9b45ae55,2017/08/07/14,/iiif/2017/08/07/14/15551ac7-b261-4fed-8191-85ca9b45ae55_deflate.tif,1777,2400,kem_dreams_cover2.tif,2,(Cover & interior images),ok
1489065,4a53811e-ace6-44ea-9b8b-49b5560a809b,2022/10/30/20,/iiif/2022/10/30/20/4a53811e-ace6-44ea-9b8b-49b5560a809b_deflate.tif,2400,2280,lines_in_two_directions001.tif,2,(Cover & interior images),ok
21083084,03262c7b-a5e0-4f3b-96c2-2f0f304ffc69,2017/08/02/12,/iiif/2017/08/02/12/03262c7b-a5e0-4f3b-96c2-2f0f304ffc69_deflate.tif,1843,2400,motorcycles_cover3.tif,3,(Cover & interior images),ok
19313413,86211ff4-bfe6-402f-bdb6-58a3be0ed3dd,2017/04/08/12,/iiif/2017/04/08/12/86211ff4-bfe6-402f-bdb6-58a3be0ed3dd_deflate.tif,2245,2400,por_la_banqueta_cover2.tif,2,(Cover & interior images),ok
641046,d6586dfd-547a-4803-8755-2c7b87244a02,2012/07/26/11,/iiif/2012/07/26/11/d6586dfd-547a-4803-8755-2c7b87244a02_deflate.tif,2400,1355,how to make flipbooks1.tif,3,(Cover & interior images),ok
15144568,50a6cc3e-27f4-453f-b8c6-18049f94444a,2016/06/17/11,/iiif/2016/06/17/11/50a6cc3e-27f4-453f-b8c6-18049f94444a_deflate.tif,1800,2400,Pequeña_biblioteca1.tif,2,(Cover & interior images),ok
14904629,eb281b9e-7ba1-4994-9234-359938a4690b,2016/05/27/13,/iiif/2016/05/27/13/eb281b9e-7ba1-4994-9234-359938a4690b_deflate.tif,2400,1800,Lucha_por_la_vida1.tif,2,(Cover & interior images),ok
12762420,72f19158-7bc9-4604-b5ce-f7db36ed4b88,2016/01/25/17,/iiif/2016/01/25/17/72f19158-7bc9-4604-b5ce-f7db36ed4b88_deflate.tif,1800,2400,Los_ciclos_de_nadie1.tif,2,(Cover & interior images),ok
18883819,5d530582-f324-49db-b92f-ea7247fc388d,2017/02/13/12,/iiif/2017/02/13/12/5d530582-f324-49db-b92f-ea7247fc388d_deflate.tif,2400,1969,3_works_cover1.tif,2,(Cover & interior images),ok
19260826,486ef12d-b4c9-498c-9592-ac225b73dbe6,2017/03/30/19,/iiif/2017/03/30/19/486ef12d-b4c9-498c-9592-ac225b73dbe6_deflate.tif,1989,2400,pornotapados_cover1.tif,2,(Cover & interior images),ok
693084,415a9e42-6dae-4320-becc-21489d420954,2015/05/05/15,/iiif/2015/05/05/15/415a9e42-6dae-4320-becc-21489d420954_deflate.tif,2740,1948,no trespassing1.tif,2,(Cover & interior images),ok
19104177,91e40957-46d4-40de-ac61-1582978082e6,2017/03/15/13,/iiif/2017/03/15/13/91e40957-46d4-40de-ac61-1582978082e6_deflate.tif,2400,1471,dead_mans_trail_cover1.tif,3,(Cover & interior images),ok
22686131,40250674-8b62-4279-a3d8-474db37e4f35,2018/04/21/16,/iiif/2018/04/21/16/40250674-8b62-4279-a3d8-474db37e4f35_deflate.tif,2059,2400,mis_noches_salvajes1.tif,2,(Cover & interior images),ok
16205688,2216e52f-361a-4948-b0fc-ce3345a46912,2016/07/27/12,/iiif/2016/07/27/12/2216e52f-361a-4948-b0fc-ce3345a46912_deflate.tif,2400,1800,Kex1.tif,2,(Cover & interior images),ok
14172144,d1a34014-a00b-4e56-9377-b023012c11b4,2016/04/25/18,/iiif/2016/04/25/18/d1a34014-a00b-4e56-9377-b023012c11b4_deflate.tif,1800,2400,women1.tif,2,(Cover & interior images),ok
13412076,19e5d8ea-c1a2-41bc-99e9-d30f1895e27e,2016/03/18/12,/iiif/2016/03/18/12/19e5d8ea-c1a2-41bc-99e9-d30f1895e27e_deflate.tif,1800,2400,Big_Bill's_tattoos1.tif,2,(Cover & interior images),ok
641049,8fc6adbf-247c-49b9-bab5-c3c48b0b5648,2012/07/26/11,/iiif/2012/07/26/11/8fc6adbf-247c-49b9-bab5-c3c48b0b5648_deflate.tif,2704,2112,how to touch what1.tif,2,(Cover & interior images),ok
18433695,b979d923-65b6-49b8-9964-b885e32ac0f5,2017/01/23/14,/iiif/2017/01/23/14/b979d923-65b6-49b8-9964-b885e32ac0f5_deflate.tif,2047,2400,silent_histories_cover1.tif,2,(Cover & interior images),ok
12833262,2ecc9aa6-fa1c-41ac-a7f5-f639988c366d,2016/01/29/16,/iiif/2016/01/29/16/2ecc9aa6-fa1c-41ac-a7f5-f639988c366d_deflate.tif,1800,2400,Half_Wild1.tif,2,(Cover & interior images),ok
639174,1171f427-64d7-45c3-9011-66436214f96a,2012/07/25/14,/iiif/2012/07/25/14/1171f427-64d7-45c3-9011-66436214f96a_deflate.tif,2816,2032,genre2.tif,2,(Cover & interior images),ok
13693714,3f081635-4987-45eb-b07e-9a70669bf4ef,2016/04/08/14,/iiif/2016/04/08/14/3f081635-4987-45eb-b07e-9a70669bf4ef_deflate.tif,2400,1800,Las_paredes1.tif,2,(Cover & interior images),ok
512704,3f5907c8-8004-480b-ae2f-8f2495fb3422,2012/05/07/12,/iiif/2012/05/07/12/3f5907c8-8004-480b-ae2f-8f2495fb3422_deflate.tif,1146,1446,051272_1.tif,2,(Cover & interior images),ok
13529431,28efe4c3-53a8-41c0-b848-847a9003b166,2016/03/31/20,/iiif/2016/03/31/20/28efe4c3-53a8-41c0-b848-847a9003b166_deflate.tif,1800,2400,Recordar_el_camino1.tif,2,(Cover & interior images),ok
21804662,3a5ffc67-22bd-4cf1-ad15-cebf2fc029c0,2017/11/04/16,/iiif/2017/11/04/16/3a5ffc67-22bd-4cf1-ad15-cebf2fc029c0_deflate.tif,2400,1839,fierce_power_cover1.tif,2,(Cover & interior images),ok
14309984,0f701300-671c-45af-9fff-9f590a0c32be,2016/05/04/12,/iiif/2016/05/04/12/0f701300-671c-45af-9fff-9f590a0c32be_deflate.tif,1800,2400,Political_hydrological1.tif,2,(Interior images),ok
14904618,2deaf391-7661-4008-b079-33c5182a9d30,2016/05/27/13,/iiif/2016/05/27/13/2deaf391-7661-4008-b079-33c5182a9d30_deflate.tif,2400,1800,Borges_and_I1.tif,3,(Cover & interior images),ok
12596730,018b168c-0e68-4a18-8232-6d07082fa324,2016/01/08/13,/iiif/2016/01/08/13/018b168c-0e68-4a18-8232-6d07082fa324_deflate.tif,1800,2400,Descendant1.tif,2,(Cover & interior images),ok
924818,8ef23d05-02b3-4149-80b3-70d66ee1a5da,2012/10/15/10,/iiif/2012/10/15/10/8ef23d05-02b3-4149-80b3-70d66ee1a5da_deflate.tif,2816,2112,the tower of the winds1.tif,3,(Images of the enclosure & interior),ok
694990,aa36b1e4-a1ba-4dfb-a8d8-a24b27cb63ff,2012/08/10/16,/iiif/2012/08/10/16/aa36b1e4-a1ba-4dfb-a8d8-a24b27cb63ff_deflate.tif,2400,1800,romanov2.tif,2,(Cover & interior images),ok
13083375,368b42ef-4f86-438e-a428-8cadcc9d3219,2016/02/17/12,/iiif/2016/02/17/12/368b42ef-4f86-438e-a428-8cadcc9d3219_deflate.tif,1800,2400,Tree_of_codes1.tif,2,(Cover & interior images),ok
19101405,a4efb835-c741-4127-88b8-b3b53607bc0a,2017/03/09/19,/iiif/2017/03/09/19/a4efb835-c741-4127-88b8-b3b53607bc0a_deflate.tif,2400,1962,fall_into_place_cover2.tif,2,(Cover & interior images),ok
21091410,592d7fb6-467f-49de-87cb-f406a1719414,2017/08/07/14,/iiif/2017/08/07/14/592d7fb6-467f-49de-87cb-f406a1719414_deflate.tif,1976,2400,humument_cover2.tif,2,(Cover & interior images),ok
21554285,72425f95-9e81-4f6a-a9a8-d859b8f5fce4,2017/09/19/19,/iiif/2017/09/19/19/72425f95-9e81-4f6a-a9a8-d859b8f5fce4_deflate.tif,1796,2400,robert_barry_cover1.tif,2,(Cover & interior images),ok
21262147,ad2a0ebb-5079-4db5-812a-0e5793bacd97,2017/08/26/14,/iiif/2017/08/26/14/ad2a0ebb-5079-4db5-812a-0e5793bacd97_deflate.tif,1896,2400,amidah_cover1.tif,2,(Cover & interior images),ok
23957460,687f6980-81d1-450b-b674-984bb2541df6,2018/09/25/20,/iiif/2018/09/25/20/687f6980-81d1-450b-b674-984bb2541df6_deflate.tif,1770,2400,place_keresht1.tif,2,(Cover & interior images),ok
14290384,f20eb4c2-2e55-4665-ba8d-6be41198ed46,2016/05/02/20,/iiif/2016/05/02/20/f20eb4c2-2e55-4665-ba8d-6be41198ed46_deflate.tif,1800,2400,Query_quest_quasi1.tif,2,(Cover & interior images),ok
16493155,8b73188b-e2b8-41fd-9466-16f0b38f9ebe,2016/08/15/14,/iiif/2016/08/15/14/8b73188b-e2b8-41fd-9466-16f0b38f9ebe_deflate.tif,1800,2400,Self-publish3_1.tif,2,(Cover & interior images),ok
20634627,37715dee-7331-4519-83a0-af7055778a92,2017/06/06/13,/iiif/2017/06/06/13/37715dee-7331-4519-83a0-af7055778a92_deflate.tif,1837,2400,boundless_cover1.tif,4,(Cover & interior images),ok
20473288,4b607fec-aa80-44e3-a0f3-745a3e4fc7e0,2017/05/15/16,/iiif/2017/05/15/16/4b607fec-aa80-44e3-a0f3-745a3e4fc7e0_deflate.tif,1914,2400,will_not_be_with_us_cover1.tif,3,"(Images of the enclosure, covers, & interior)",ok
12909016,b0089d3d-e68b-445a-b363-9ba7e90acfb0,2016/02/08/18,/iiif/2016/02/08/18/b0089d3d-e68b-445a-b363-9ba7e90acfb0_deflate.tif,2400,1800,Last_day_in_Kas1.tif,2,(Cover & interior images),ok
14172131,5d68f76a-038e-4355-a577-e29da736e03b,2016/04/25/18,/iiif/2016/04/25/18/5d68f76a-038e-4355-a577-e29da736e03b_deflate.tif,1800,2400,Artist_book1.tif,2,(Cover & interior images),ok
12498998,87eb6285-a75d-4f1d-9901-637fb1c3fb2f,2015/12/10/11,/iiif/2015/12/10/11/87eb6285-a75d-4f1d-9901-637fb1c3fb2f_deflate.tif,2400,1800,Prestame_tu_luz1.tif,3,(Cover & interior images),ok
21804660,ade08301-8b09-4b79-bd33-a51db4fd63c0,2017/11/04/16,/iiif/2017/11/04/16/ade08301-8b09-4b79-bd33-a51db4fd63c0_deflate.tif,2010,2400,money_cover1.tif,2,(Cover & interior images),ok
679505,064d4df1-698d-4ad6-b355-a437cf941f10,2012/08/03/15,/iiif/2012/08/03/15/064d4df1-698d-4ad6-b355-a437cf941f10_deflate.tif,3216,4288,jetmaster_1.tif,2,(Cover & interior images),ok
22831050,c0e73ae2-ffea-4614-baac-907af23a8fc3,2018/05/04/15,/iiif/2018/05/04/15/c0e73ae2-ffea-4614-baac-907af23a8fc3_deflate.tif,1787,2400,north_wind_and1.tif,2,(Cover & interior images),ok
13142376,11b682da-0e89-4336-b6de-95f977a8d33a,2016/02/26/14,/iiif/2016/02/26/14/11b682da-0e89-4336-b6de-95f977a8d33a_deflate.tif,1800,2400,Batman1.tif,2,(Cover & interior images),ok
21034134,03fd4bab-972d-428b-90d8-3b7fe342bccc,2017/07/24/16,/iiif/2017/07/24/16/03fd4bab-972d-428b-90d8-3b7fe342bccc_deflate.tif,1796,2400,people_created_cover2.tif,3,(Cover & interior images),ok
694947,9068d64a-6af5-4f09-a769-9fe28c2f987c,2015/05/07/16,/iiif/2015/05/07/16/9068d64a-6af5-4f09-a769-9fe28c2f987c_deflate.tif,1920,2400,records2.tif,2,(Cover & interior images),ok
14631062,a7ebc899-6992-4f6f-ab9c-a1c8d14c1a13,2016/05/20/12,/iiif/2016/05/20/12/a7ebc899-6992-4f6f-ab9c-a1c8d14c1a13_deflate.tif,1800,2400,Various_effects_of1.tif,2,(Cover & interior images),ok
16069571,5f98f110-ff2f-4409-b15d-70521cb80333,2016/07/18/11,/iiif/2016/07/18/11/5f98f110-ff2f-4409-b15d-70521cb80333_deflate.tif,1800,2400,Collective_memory1.tif,2,(Cover & interior images),ok
512702,992db047-911b-4a2e-a1ab-cbca0760f1e8,2012/05/07/12,/iiif/2012/05/07/12/992db047-911b-4a2e-a1ab-cbca0760f1e8_deflate.tif,2816,2112,1492 what is it like1.tif,2,(Cover & interior images),ok
21821573,31aa3268-e66c-4492-89ae-7f651a678de0,2017/11/13/11,/iiif/2017/11/13/11/31aa3268-e66c-4492-89ae-7f651a678de0_deflate.tif,1690,2400,new_nothing_cover2.tif,5,(Cover & interior images),ok
14898633,d347d923-3fc7-4700-bad7-059afa35c180,2016/05/25/14,/iiif/2016/05/25/14/d347d923-3fc7-4700-bad7-059afa35c180_deflate.tif,1800,2400,Lydia_Cabrera1.tif,2,(Cover & interior images),ok
14898638,62905424-b0c0-4cfb-9d93-00811d700f6c,2016/05/25/14,/iiif/2016/05/25/14/62905424-b0c0-4cfb-9d93-00811d700f6c_deflate.tif,1800,2400,Todo_lo_que_en_silencio1.tif,2,(Cover & interior images),ok
19103868,058a96ee-c080-4fc9-b68c-83e02eca0ad8,2017/03/15/10,/iiif/2017/03/15/10/058a96ee-c080-4fc9-b68c-83e02eca0ad8_deflate.tif,2002,2400,das_lamm_box1.tif,3,"(Images of the enclosure, cover, & interior)",ok
13691457,196f047a-b614-4a0c-b6d0-dc2ab8f63cb4,2016/04/07/19,/iiif/2016/04/07/19/196f047a-b614-4a0c-b6d0-dc2ab8f63cb4_deflate.tif,2400,1800,memoryloss1.tif,4,(Cover & interior images),ok
12543688,2614f07d-e790-4d3c-a19a-6e5e88bb13da,2015/12/17/11,/iiif/2015/12/17/11/2614f07d-e790-4d3c-a19a-6e5e88bb13da_deflate.tif,2400,1800,La_vereda_del_corazón_quieto1.tif,2,(Cover & interior images),ok
2425477,5bbfc7cc-18d6-4964-aeec-c0b37adfdb8e,2013/12/10/14,/iiif/2013/12/10/14/5bbfc7cc-18d6-4964-aeec-c0b37adfdb8e_deflate.tif,4188,2742,boilingcoffee_titlepage.tif,2,(Interior images),ok
11940900,489dbc8e-58bc-49e0-8780-aecb084640d6,2015/11/24/12,/iiif/2015/11/24/12/489dbc8e-58bc-49e0-8780-aecb084640d6_deflate.tif,2400,1800,ABC_ein_sechsundzwanzig1.tif,2,(Cover & interior images),ok
947485,441c9711-afbb-4900-9459-43ba0d9d9868,2015/05/19/16,/iiif/2015/05/19/16/441c9711-afbb-4900-9459-43ba0d9d9868_deflate.tif,2400,1800,turning leaves of mind1.tif,3,(Cover & interior images),ok
16493151,75b5d15e-46ac-4270-9ccd-481ae86b8968,2016/08/15/14,/iiif/2016/08/15/14/75b5d15e-46ac-4270-9ccd-481ae86b8968_deflate.tif,2400,1800,Otherspace1.tif,2,(Cover & interior images),ok
18893558,0e289786-e425-465b-9ac5-a8ebd4dead29,2017/02/14/20,/iiif/2017/02/14/20/0e289786-e425-465b-9ac5-a8ebd4dead29_deflate.tif,2273,2400,posconflicto_cover1.tif,2,(Cover & interior images),ok
22364771,2966c43d-9bd8-4c30-b405-f857fb2a1d24,2018/03/09/14,/iiif/2018/03/09/14/2966c43d-9bd8-4c30-b405-f857fb2a1d24_deflate.tif,1766,2355,maria_sabina1.tif,2,(Cover & interior images),ok
21073521,eb770721-6e36-4807-a3c2-769cdb9a7bc7,2017/07/28/14,,,,,,,restricted
21073523,09de3781-f549-4ee8-b5c3-316e6a892698,2017/07/28/14,,,,,,,restricted
21073522,fa6ad68b-fe62-480b-a436-8e815ec9e02a,2017/07/28/14,,,,,,,restricted
23249420,fa63f183-c0e0-46b8-91de-32b9fb21e757,2018/07/23/16,/iiif/2018/07/23/16/fa63f183-c0e0-46b8-91de-32b9fb21e757_deflate.tif,1958,2400,atravessamentos1.tif,2,(Cover & interior images),ok
13693710,239d2b4f-47ff-42bb-b39a-9b088beb11af,2016/04/08/14,/iiif/2016/04/08/14/239d2b4f-47ff-42bb-b39a-9b088beb11af_deflate.tif,2400,1800,El_partido_de_Jose1.tif,2,(Cover & interior images),ok
12827839,9c123a34-5781-4696-b02f-a4bb5fe6561b,2016/01/28/17,/iiif/2016/01/28/17/9c123a34-5781-4696-b02f-a4bb5fe6561b_deflate.tif,1800,2400,Dangerous_women1.tif,2,(Cover & interior images),ok
13319128,3ce56f17-6ce8-4cf7-bd41-da580588ffcb,2016/03/11/13,/iiif/2016/03/11/13/3ce56f17-6ce8-4cf7-bd41-da580588ffcb_deflate.tif,2400,1800,Poetica_involuntaria1.tif,2,(Cover & interior images),ok
694059,6e28cc61-f41e-4ecf-9d13-74aa316543f7,2012/08/09/11,/iiif/2012/08/09/11/6e28cc61-f41e-4ecf-9d13-74aa316543f7_deflate.tif,2816,2112,ozone alert1.tif,2,(Cover & interior images),ok
15086783,53d2c955-9fd1-4627-8638-ba7a73dc56ac,2016/06/08/15,/iiif/2016/06/08/15/53d2c955-9fd1-4627-8638-ba7a73dc56ac_deflate.tif,1800,2400,Twentysix_gasoline1.tif,2,(Cover & interior images),ok
633128,afd59451-4004-48af-b923-43f1a573ebbc,2012/07/23/15,/iiif/2012/07/23/15/afd59451-4004-48af-b923-43f1a573ebbc_deflate.tif,2112,2816,crackers1.tif,2,(Interior images),ok
21554281,05e00ad7-2138-4691-8a0c-18b17ef4f46b,2017/09/19/19,/iiif/2017/09/19/19/05e00ad7-2138-4691-8a0c-18b17ef4f46b_deflate.tif,1935,2400,vie_impossible_cover1.tif,2,(Cover & interior images),ok
1355560,357fd8dd-27f2-4b40-bb57-cce6a7a6c21d,2015/05/29/16,/iiif/2015/05/29/16/357fd8dd-27f2-4b40-bb57-cce6a7a6c21d_deflate.tif,1838,2400,onefamilyofobjects1.tif,2,(Cover & interior images),ok
15089805,e6c81516-ca12-4477-9a1d-c989d1a95d94,2016/06/10/10,/iiif/2016/06/10/10/e6c81516-ca12-4477-9a1d-c989d1a95d94_deflate.tif,1800,2400,Gomorrah_girl1.tif,2,(Cover & interior images),ok
16521274,c6c09a35-a5e7-4bc3-96b8-27bbdbca39d3,2016/08/22/12,/iiif/2016/08/22/12/c6c09a35-a5e7-4bc3-96b8-27bbdbca39d3_deflate.tif,1800,2400,Channel_and_flow1.tif,2,(Cover & interior images),ok
519697,5504a1ee-6570-4040-986c-0d837e6e317f,2012/05/11/15,/iiif/2012/05/11/15/5504a1ee-6570-4040-986c-0d837e6e317f_deflate.tif,2816,2112,aunt sallie_s lament1.tif,3,(Cover & interior images),ok
14175109,7806b85c-51b0-4f9c-918f-5f4ebd4d74a3,2016/04/27/11,/iiif/2016/04/27/11/7806b85c-51b0-4f9c-918f-5f4ebd4d74a3_deflate.tif,2400,1800,Piel_de_raso1.tif,2,(Cover & interior images),ok
21091404,392b6bc8-afca-41f1-8cf1-89872da1f3b1,2017/08/07/14,/iiif/2017/08/07/14/392b6bc8-afca-41f1-8cf1-89872da1f3b1_deflate.tif,1703,2400,serif_im_cover1.tif,2,(Cover & interior images),ok
13691447,d6d74a49-4977-4ba2-a7bf-b94f54a83c02,2016/04/07/19,/iiif/2016/04/07/19/d6d74a49-4977-4ba2-a7bf-b94f54a83c02_deflate.tif,1800,2400,La_senal1.tif,2,(Cover & interior images),ok
16621521,802d4d96-2a79-4914-ad86-978015ec6722,2016/08/31/17,/iiif/2016/08/31/17/802d4d96-2a79-4914-ad86-978015ec6722_deflate.tif,1800,2400,Escenario_multiple1.tif,2,(Cover & interior images),ok
13604297,d31062a3-c0d5-4c08-82d2-6ca133675262,2016/04/04/20,/iiif/2016/04/04/20/d31062a3-c0d5-4c08-82d2-6ca133675262_deflate.tif,1800,2400,Siempre_te_amare1.tif,2,(Cover & interior images),ok
638915,c54eb2d1-9426-43ca-972e-b9172a32293f,2012/07/25/11,/iiif/2012/07/25/11/c54eb2d1-9426-43ca-972e-b9172a32293f_deflate.tif,1800,2400,escape2.tif,3,"(Images of the enclosure, cover, & interior)",ok
19313405,5109e567-65d2-442d-ab5b-c3a6357c251a,2017/04/08/12,/iiif/2017/04/08/12/5109e567-65d2-442d-ab5b-c3a6357c251a_deflate.tif,2363,2400,cuento_otomi_cover1.tif,2,(Cover & interior images),ok
14309976,285e92b8-e3db-493a-b1e8-714d2271d897,2016/05/04/12,/iiif/2016/05/04/12/285e92b8-e3db-493a-b1e8-714d2271d897_deflate.tif,1800,2400,Homo_futurus1.tif,2,(Cover & interior images),ok
16495123,84efb060-8ff3-4f6a-a718-fa8b491b11e1,2016/08/16/13,/iiif/2016/08/16/13/84efb060-8ff3-4f6a-a718-fa8b491b11e1_deflate.tif,1800,2400,Googled_English1.tif,2,(Cover & interior images),ok
14166298,7e927576-ce9c-4b31-966a-8ff8c58d1b9c,2016/04/22/12,/iiif/2016/04/22/12/7e927576-ce9c-4b31-966a-8ff8c58d1b9c_deflate.tif,1800,2400,Beutel_Frau1.tif,2,(Cover & interior images),ok
18796317,5fdd80a2-a5af-4b7e-8683-f14c88689fdc,2017/02/01/12,/iiif/2017/02/01/12/5fdd80a2-a5af-4b7e-8683-f14c88689fdc_deflate.tif,1972,2400,sanctus_sonorensis_cover3.tif,2,(Cover & interior images),ok
15086781,8df37962-72e8-4be3-9738-ae32c53e3d7c,2016/06/08/15,/iiif/2016/06/08/15/8df37962-72e8-4be3-9738-ae32c53e3d7c_deflate.tif,1800,2400,Nine_nameless1.tif,2,(Cover & interior images),ok
12405967,bcedf55c-324d-4d80-84aa-da688f7c12d0,2015/12/01/12,/iiif/2015/12/01/12/bcedf55c-324d-4d80-84aa-da688f7c12d0_deflate.tif,2400,1800,Soledad1.tif,2,(Cover & interior images),ok
13227748,48e02afd-966c-4edd-b5be-f976a9d07694,2016/03/02/12,/iiif/2016/03/02/12/48e02afd-966c-4edd-b5be-f976a9d07694_deflate.tif,1800,2400,Now_I_am_lost1.tif,2,(Cover & interior images),ok
13002607,abd4efa5-4d50-4e72-8e2d-5e9aa30123e2,2016/02/12/15,/iiif/2016/02/12/15/abd4efa5-4d50-4e72-8e2d-5e9aa30123e2_deflate.tif,2400,1800,Amor_20_1.tif,2,(Cover & interior images),ok
17457782,0a404733-fab5-4514-ad7b-17917bfeb368,2016/12/02/13,/iiif/2016/12/02/13/0a404733-fab5-4514-ad7b-17917bfeb368_deflate.tif,2400,1725,when_i_was_two_cover4.tif,2,(Cover & interior images),ok
13142368,410a1ed6-0560-4288-8016-7aa1c9873032,2016/02/26/14,/iiif/2016/02/26/14/410a1ed6-0560-4288-8016-7aa1c9873032_deflate.tif,2400,1800,El_muro1.tif,2,(Cover & interior images),ok
1003993,1db7126f-2e65-42dc-94be-48f5bcf368df,2015/05/21/17,/iiif/2015/05/21/17/1db7126f-2e65-42dc-94be-48f5bcf368df_deflate.tif,1929,2400,postcolonialgirlpaperdoll1.tif,2,(Cover & interior images),ok
15144564,9d5b68cf-ccf1-4274-a95a-fbcb8a559782,2016/06/17/11,/iiif/2016/06/17/11/9d5b68cf-ccf1-4274-a95a-fbcb8a559782_deflate.tif,1800,2400,I_want_to_spend1.tif,2,(Cover & interior images),ok
21821580,f5aa1a7f-28ce-4a7b-8bf3-d1fdda2602f5,2017/11/13/11,/iiif/2017/11/13/11/f5aa1a7f-28ce-4a7b-8bf3-d1fdda2602f5_deflate.tif,1875,2400,keep_coming_back_cover1.tif,2,(Cover & interior images),ok
22007982,18e205ea-a24e-4b59-b420-d5d41b2927df,2017/12/11/10,/iiif/2017/12/11/10/18e205ea-a24e-4b59-b420-d5d41b2927df_deflate.tif,2415,3040,jarring_cover1.tif,8,"(Images of the enclosure, covers, & interior)",ok
16069577,4b3e93e5-f82e-4b88-85c8-d13030c00add,2016/07/18/11,/iiif/2016/07/18/11/4b3e93e5-f82e-4b88-85c8-d13030c00add_deflate.tif,1800,2400,Iceberg1.tif,2,(Cover & interior images),ok
633794,17660568-1078-475d-9736-05e9166bfafc,2012/07/23/15,/iiif/2012/07/23/15/17660568-1078-475d-9736-05e9166bfafc_deflate.tif,2816,2112,"detalles, citas y tal1.tif",2,(Cover & interior images),ok
19307723,1faa8bce-7139-4280-848a-2971b455cbfc,2017/04/04/19,/iiif/2017/04/04/19/1faa8bce-7139-4280-848a-2971b455cbfc_deflate.tif,2400,1762,david_park_scroll_cover2.tif,2,(Cover & interior images),ok
15089803,f77884c1-dd74-47e6-aa89-33f656e20377,2016/06/10/10,/iiif/2016/06/10/10/f77884c1-dd74-47e6-aa89-33f656e20377_deflate.tif,2400,1800,No_mans_land_2012_1.tif,2,(Cover & interior images),ok
15083713,d68196e1-3d3a-47fc-b40b-f6e5e5ed06da,2016/06/07/13,/iiif/2016/06/07/13/d68196e1-3d3a-47fc-b40b-f6e5e5ed06da_deflate.tif,1800,2400,Sun_shone1.tif,2,(Cover & interior images),ok
14902812,175bfe0a-7dee-40b7-836e-f953cbb469f3,2016/05/26/13,/iiif/2016/05/26/13/175bfe0a-7dee-40b7-836e-f953cbb469f3_deflate.tif,2400,1800,Ya_yo_tambien1.tif,2,(Images of the enclosure & interior),ok
15067720,f52d6e17-b7ad-4044-b025-68c2e55e98d7,2016/06/01/13,/iiif/2016/06/01/13/f52d6e17-b7ad-4044-b025-68c2e55e98d7_deflate.tif,1800,2400,Working_on_my1.tif,2,(Cover & interior images),ok
641736,e6edaf51-1363-4b66-af0d-82fe4b08bd60,2012/07/26/13,/iiif/2012/07/26/13/e6edaf51-1363-4b66-af0d-82fe4b08bd60_deflate.tif,1800,2400,inside a box1.tif,2,(Cover & interior images),ok
14898644,40c8cbd0-822b-45c1-b967-8c69e5c4ff44,2016/05/25/14,/iiif/2016/05/25/14/40c8cbd0-822b-45c1-b967-8c69e5c4ff44_deflate.tif,2400,1800,La_muerte_de_los_objetos1.tif,2,(Cover & interior images),ok
694969,6c21781d-2aa8-49fe-8d75-e38e55339686,2012/08/10/16,/iiif/2012/08/10/16/6c21781d-2aa8-49fe-8d75-e38e55339686_deflate.tif,2400,1800,rejunte1.tif,2,(Images of the enclosure & interior),ok
1297699,cb1a82a6-72a1-4124-a990-1cb7073b1912,2015/05/22/14,/iiif/2015/05/22/14/cb1a82a6-72a1-4124-a990-1cb7073b1912_deflate.tif,1867,2400,tabecollection1.tif,4,(Cover & interior images),ok
18983658,30695c23-5b82-4846-b1f4-c18a50f7e924,2017/02/22/11,/iiif/2017/02/22/11/30695c23-5b82-4846-b1f4-c18a50f7e924_deflate.tif,2400,2321,la_maga_cover3.tif,2,(Cover & interior images),ok
694975,1869a91b-0a91-457e-bbf8-366e5aa875ad,2012/08/10/16,/iiif/2012/08/10/16/1869a91b-0a91-457e-bbf8-366e5aa875ad_deflate.tif,1800,2400,retorica erotica1.tif,2,(Cover & interior images),ok
21804674,b5ede1da-3cf2-44f2-ac32-54c3c7ec1268,2017/11/04/16,/iiif/2017/11/04/16/b5ede1da-3cf2-44f2-ac32-54c3c7ec1268_deflate.tif,1880,2400,look_back_cover1.tif,2,(Cover & interior images),ok
723424,5a2c3156-1635-44f6-b9cb-a7cd6e66acbf,2012/08/23/11,/iiif/2012/08/23/11/5a2c3156-1635-44f6-b9cb-a7cd6e66acbf_deflate.tif,2816,2112,Sweethearts_cover.tif,2,(Cover & interior images),ok
13137306,8e889e17-a72d-46ab-b272-54cad170ba7c,2016/02/25/18,/iiif/2016/02/25/18/8e889e17-a72d-46ab-b272-54cad170ba7c_deflate.tif,2400,1800,Tornado_treaty1.tif,2,(Cover & interior images),ok
14902816,2cd23027-e3a2-4e33-a70d-1afe27e2bea4,2016/05/26/13,/iiif/2016/05/26/13/2cd23027-e3a2-4e33-a70d-1afe27e2bea4_deflate.tif,2400,1800,Cancion_sin_nombre1.tif,2,(Cover & interior images),ok
639062,9b3875f3-c67f-4159-8b47-207aef4e1c58,2012/07/25/13,/iiif/2012/07/25/13/9b3875f3-c67f-4159-8b47-207aef4e1c58_deflate.tif,1800,2400,five stories1.tif,2,(Cover & interior images),ok
519312,5669514a-23fa-4759-9865-2e5eb46e048c,2012/05/11/14,/iiif/2012/05/11/14/5669514a-23fa-4759-9865-2e5eb46e048c_deflate.tif,1200,1600,Arbitra1.tif,3,(Cover & interior images),ok
16544460,4812c919-c27d-4cd4-b263-f754443ef367,2016/08/26/16,/iiif/2016/08/26/16/4812c919-c27d-4cd4-b263-f754443ef367_deflate.tif,2400,1800,Memory_loss_Nettles1.tif,2,(Cover & interior images),ok
15089828,46c51fdf-4c11-4aa1-a573-578ffe5f7b01,2016/06/10/10,/iiif/2016/06/10/10/46c51fdf-4c11-4aa1-a573-578ffe5f7b01_deflate.tif,1800,2400,Tomorrows_man2_1.tif,2,(Cover & interior images),ok
18155295,8f0220e4-5b5b-42c6-81d8-5e88a086792d,2017/01/04/11,/iiif/2017/01/04/11/8f0220e4-5b5b-42c6-81d8-5e88a086792d_deflate.tif,2400,2366,transience_cover1.tif,2,(Cover & interior images),ok
14172127,14f874ef-7173-410c-a3aa-ff9a3ca29030,2016/04/25/18,/iiif/2016/04/25/18/14f874ef-7173-410c-a3aa-ff9a3ca29030_deflate.tif,2400,1800,Pio_un_historia1.tif,2,(Images of the enclosure & interior),ok
642021,d67e8cdf-5bcc-4370-abd8-0aab1067adf5,2012/07/26/15,/iiif/2012/07/26/15/d67e8cdf-5bcc-4370-abd8-0aab1067adf5_deflate.tif,2400,1800,the location of straight1.tif,2,(Cover & interior images),ok
642017,d6e3a4e2-76bc-4be3-ad09-d6c7032a6248,2012/07/26/15,/iiif/2012/07/26/15/d6e3a4e2-76bc-4be3-ad09-d6c7032a6248_deflate.tif,1800,2400,llamado por los malos poetas1.tif,2,(Cover & interior images),ok
13227752,16d014bb-fa1b-473a-8eaf-81609435e247,2016/03/02/12,/iiif/2016/03/02/12/16d014bb-fa1b-473a-8eaf-81609435e247_deflate.tif,1800,2400,Equilibristas1.tif,2,(Cover & interior images),ok
12833274,49aeb46e-c801-43ae-8a41-fc10ed14412f,2016/01/29/15,/iiif/2016/01/29/15/49aeb46e-c801-43ae-8a41-fc10ed14412f_deflate.tif,1800,2400,Stranger1.tif,2,(Cover & interior images),ok
22007976,357869ff-960e-4e63-8e03-d4c068eccebf,2017/12/11/10,/iiif/2017/12/11/10/357869ff-960e-4e63-8e03-d4c068eccebf_deflate.tif,1602,2400,a's_rosen_war_cover1.tif,2,(Cover & interior images),ok
15067716,2e058a52-5d7c-4e0f-b0c6-8542b9d9dd81,2016/06/01/13,/iiif/2016/06/01/13/2e058a52-5d7c-4e0f-b0c6-8542b9d9dd81_deflate.tif,1800,2400,Los_Alamos_revisited1.tif,2,(Cover & interior images),ok
19101419,19f33158-c9e5-480e-b0e7-1885d7a843ae,2017/03/09/19,/iiif/2017/03/09/19/19f33158-c9e5-480e-b0e7-1885d7a843ae_deflate.tif,2103,2400,prima_del_disegno_cover3.tif,2,(Cover & interior images),ok
12833268,543951bd-67b7-483b-af31-8c30d51fc478,2016/01/29/15,/iiif/2016/01/29/15/543951bd-67b7-483b-af31-8c30d51fc478_deflate.tif,1800,2400,Guaton_Loyola1.tif,2,(Cover & interior images),ok
21003735,2f94c3e8-9f7f-46cb-8193-cef6e5c21f70,2017/07/06/14,/iiif/2017/07/06/14/2f94c3e8-9f7f-46cb-8193-cef6e5c21f70_deflate.tif,2400,2380,drawings_waiting_ideas_cover1.tif,2,(Cover & interior images),ok
13227754,436ff99a-baab-4de4-b805-c823a0c6f8f7,2016/03/02/12,/iiif/2016/03/02/12/436ff99a-baab-4de4-b805-c823a0c6f8f7_deflate.tif,1800,2400,Conviviality1.tif,2,(Cover & interior images),ok
19334684,d283adcf-0c10-49c5-a7fe-f36aafddc7de,2017/04/11/20,/iiif/2017/04/11/20/d283adcf-0c10-49c5-a7fe-f36aafddc7de_deflate.tif,2400,2082,especias_cover1.tif,2,(Cover & interior images),ok
15057522,5d5b22a7-c69c-4c8d-8607-906f043f4317,2016/05/31/14,/iiif/2016/05/31/14/5d5b22a7-c69c-4c8d-8607-906f043f4317_deflate.tif,1800,2400,Sebevrazda_image1.tif,2,(Cover & interior images),ok
691045,70b5be4e-be50-4b4c-8f69-0552beff68df,2012/08/06/11,/iiif/2012/08/06/11/70b5be4e-be50-4b4c-8f69-0552beff68df_deflate.tif,2068,2736,moogambo1.tif,2,(Cover & interior images),ok
19260824,ae6c6292-e261-4143-8d14-f62d5e999b30,2017/03/30/19,/iiif/2017/03/30/19/ae6c6292-e261-4143-8d14-f62d5e999b30_deflate.tif,2041,2400,prospect_of_immortality_cover1.tif,2,(Cover & interior images),ok
19101410,0192a237-4dbd-4a10-9cdd-f500e7593c2d,2017/03/09/19,/iiif/2017/03/09/19/0192a237-4dbd-4a10-9cdd-f500e7593c2d_deflate.tif,2400,2197,walking_through_cover1.tif,2,(Cover & interior images),ok
19101427,7ad86e47-f197-4a84-b671-b18c1b99221e,2017/03/09/19,/iiif/2017/03/09/19/7ad86e47-f197-4a84-b671-b18c1b99221e_deflate.tif,2270,1963,loteria_fotografica_cover1.tif,2,(Cover & interior images),ok
14632314,67795264-1aef-413c-9404-ebd2df37d497,2016/05/20/12,/iiif/2016/05/20/12/67795264-1aef-413c-9404-ebd2df37d497_deflate.tif,1800,2400,January_5-31_1.tif,2,(Cover & interior images),ok
641982,f9936bb4-39d5-46b3-af35-337ec5615800,2012/07/26/15,/iiif/2012/07/26/15/f9936bb4-39d5-46b3-af35-337ec5615800_deflate.tif,2400,1800,lissen here1.tif,2,(Cover & interior images),ok
18893562,7bb3f491-0623-4089-9a74-c04e4043df38,2017/02/14/20,/iiif/2017/02/14/20/7bb3f491-0623-4089-9a74-c04e4043df38_deflate.tif,1938,2400,fin_del_mundo_cover2.tif,2,(Cover & interior images),ok
695001,f8ad52b0-a3ab-41d2-af0f-e772e6d36fd1,2012/08/10/16,/iiif/2012/08/10/16/f8ad52b0-a3ab-41d2-af0f-e772e6d36fd1_deflate.tif,2112,2816,royal road test1.tif,2,(Cover & interior images),ok
13083370,b71872f5-7cc0-4672-b863-15e6eb7fec3c,2016/02/17/12,/iiif/2016/02/17/12/b71872f5-7cc0-4672-b863-15e6eb7fec3c_deflate.tif,1800,2400,E_commerce1.tif,2,(Cover & interior images),ok
926938,435187bf-b331-4b94-b870-7828d5fa25a8,2012/10/16/18,/iiif/2012/10/16/18/435187bf-b331-4b94-b870-7828d5fa25a8_deflate.tif,2816,2024,thirty five years2.tif,2,(Interior images),ok
722090,0058cff9-cd78-4cc0-aeff-ae511e4d55f1,2012/08/22/14,/iiif/2012/08/22/14/0058cff9-cd78-4cc0-aeff-ae511e4d55f1_deflate.tif,2816,2112,sistemaderiego_cover.tif,2,(Cover & interior images),ok
13107766,74c5a784-381b-4f9c-892d-7f23312fde25,2016/02/22/18,/iiif/2016/02/22/18/74c5a784-381b-4f9c-892d-7f23312fde25_deflate.tif,2400,1800,Skyline_ridge1.tif,2,(Cover & interior images),ok
14172135,09c4c978-212e-4c2b-b43a-c0905fe4fc0b,2016/04/25/18,/iiif/2016/04/25/18/09c4c978-212e-4c2b-b43a-c0905fe4fc0b_deflate.tif,2400,1800,Esto_cabría1.tif,2,(Cover & interior images),ok
12549635,29d364e3-36e0-462f-a3f6-3ba3eef7450a,2015/12/18/13,/iiif/2015/12/18/13/29d364e3-36e0-462f-a3f6-3ba3eef7450a_deflate.tif,2400,1800,Analemmic1.tif,2,(Cover & interior images),ok
12833258,244687c4-7b2e-411e-83db-819583052540,2016/01/29/15,/iiif/2016/01/29/15/244687c4-7b2e-411e-83db-819583052540_deflate.tif,1800,2400,El_hombre_polar1.tif,2,(Cover & interior images),ok
21536784,a1b454f5-886e-4d25-a25f-1927a9fc3e16,2017/09/13/19,/iiif/2017/09/13/19/a1b454f5-886e-4d25-a25f-1927a9fc3e16_deflate.tif,1611,2400,real_fighting_man_cover1.tif,3,(Cover & interior images),ok
632136,de8cf402-d634-472d-bb5b-0ac6586ae84d,2012/07/23/14,/iiif/2012/07/23/14/de8cf402-d634-472d-bb5b-0ac6586ae84d_deflate.tif,2400,1800,clinkscale1.tif,2,(Cover & interior images),ok
666977,1dcfc1e0-451e-4449-a832-71a35d6394e3,2012/08/02/12,/iiif/2012/08/02/12/1dcfc1e0-451e-4449-a832-71a35d6394e3_deflate.tif,1800,2400,making stuff and doing things1.tif,2,(Cover & interior images),ok
16493149,c51642a9-dbae-404b-9ff3-b652cce71733,2016/08/15/14,/iiif/2016/08/15/14/c51642a9-dbae-404b-9ff3-b652cce71733_deflate.tif,1800,2400,Myth_of_the_airborne1.tif,2,(Cover & interior images),ok
15111597,72b78ae1-9253-4473-8735-ae7929b2d4b7,2016/06/15/15,/iiif/2016/06/15/15/72b78ae1-9253-4473-8735-ae7929b2d4b7_deflate.tif,1800,2400,Wall_to_wall1.tif,2,(Cover & interior images),ok
20408858,fcf69541-05ec-4051-bbb6-04da7aa05727,2017/05/08/14,/iiif/2017/05/08/14/fcf69541-05ec-4051-bbb6-04da7aa05727_deflate.tif,2349,2400,antlers_cover1.tif,2,(Cover & interior images),ok
16605858,8d50bac5-4c9f-4503-aae9-6e8a42739feb,2016/08/29/10,/iiif/2016/08/29/10/8d50bac5-4c9f-4503-aae9-6e8a42739feb_deflate.tif,2400,1800,PH_Polk1.tif,2,(Cover & interior images),ok
12862540,089cb3d3-4c72-4089-9441-759e67a96664,2016/02/03/12,/iiif/2016/02/03/12/089cb3d3-4c72-4089-9441-759e67a96664_deflate.tif,2400,1800,Stereobook1.tif,2,(Cover & interior images),ok
639003,2d965071-9c8c-45c6-b883-2d36c19aabe2,2012/07/25/12,/iiif/2012/07/25/12/2d965071-9c8c-45c6-b883-2d36c19aabe2_deflate.tif,1800,2400,fears grow wings1.tif,2,(Cover & interior images),ok
640924,3d2336d3-c357-46de-bad4-10027281ca3d,2012/07/26/10,/iiif/2012/07/26/10/3d2336d3-c357-46de-bad4-10027281ca3d_deflate.tif,2400,1800,h-i-d-i-n-g5.tif,2,(Interior images),ok
22273747,dd14bd01-48b2-47fd-8222-b4de4e726bb4,2018/01/29/18,/iiif/2018/01/29/18/dd14bd01-48b2-47fd-8222-b4de4e726bb4_deflate.tif,1805,2400,our_phenomenal_world1.tif,2,(Cover & interior images),ok
19260828,2e092cff-0fb3-437d-97d0-3d78569214f7,2017/03/30/19,/iiif/2017/03/30/19/2e092cff-0fb3-437d-97d0-3d78569214f7_deflate.tif,2118,2585,derechos_cover5.tif,2,(Cover & interior images),ok
638397,882a56cc-c5ba-4296-ab2a-c479925006aa,2012/07/25/10,/iiif/2012/07/25/10/882a56cc-c5ba-4296-ab2a-c479925006aa_deflate.tif,2400,1800,double caution totem1.tif,2,(Cover & interior images),ok
723324,7a583443-42c5-4a3e-b309-93d9915c6b06,2012/08/23/11,/iiif/2012/08/23/11/7a583443-42c5-4a3e-b309-93d9915c6b06_deflate.tif,1800,2400,surplus koan totem1.tif,2,(Cover & interior images),ok
722477,f6b5775f-5a81-439e-a3e6-633a0062da86,2012/08/22/15,/iiif/2012/08/22/15/f6b5775f-5a81-439e-a3e6-633a0062da86_deflate.tif,1800,2400,slender thread totem1.tif,2,(Cover & interior images),ok
12549641,208d9f88-e125-490f-9bb6-a6d414a2b2f5,2015/12/18/13,/iiif/2015/12/18/13/208d9f88-e125-490f-9bb6-a6d414a2b2f5_deflate.tif,2400,1800,Never_realized1.tif,2,(Cover & interior images),ok
21073527,6d94c4d4-45ca-482d-a83f-b6799294f7a6,2017/07/28/14,/iiif/2017/07/28/14/6d94c4d4-45ca-482d-a83f-b6799294f7a6_deflate.tif,2400,2315,dirty_cover2.tif,2,(Cover & interior images),ok
16069587,31ae414c-4641-4da9-9be1-8c1c2d4276a1,2016/07/18/11,/iiif/2016/07/18/11/31ae414c-4641-4da9-9be1-8c1c2d4276a1_deflate.tif,1800,2400,Peluqueria1.tif,2,(Cover & interior images),ok
14844655,6e28073e-4ed6-4fd8-9eee-3cd861eed6d2,2016/05/24/14,/iiif/2016/05/24/14/6e28073e-4ed6-4fd8-9eee-3cd861eed6d2_deflate.tif,2400,1800,Ship_wreck1.tif,2,(Cover & interior images),ok
13351064,baa01b40-9eb1-4514-86ca-6966fca67e43,2016/03/15/14,/iiif/2016/03/15/14/baa01b40-9eb1-4514-86ca-6966fca67e43_deflate.tif,2400,1800,Memory_of_Al-Mutanabbi1.tif,2,(Cover & interior images),ok
18983648,934a2e64-d6e1-4e82-8dbc-61c6c826dd6f,2017/02/22/11,/iiif/2017/02/22/11/934a2e64-d6e1-4e82-8dbc-61c6c826dd6f_deflate.tif,2145,2400,presente_cover3.tif,2,(Cover & interior images),ok
18883825,3bfc8373-95d5-487f-866f-e4b9ec67a896,2017/02/13/12,/iiif/2017/02/13/12/3bfc8373-95d5-487f-866f-e4b9ec67a896_deflate.tif,2021,2400,siri_aurdal_cover1.tif,2,(Cover & interior images),ok
15125724,a13dbd4a-16f7-4c5b-be31-83d72118a131,2016/06/16/13,/iiif/2016/06/16/13/a13dbd4a-16f7-4c5b-be31-83d72118a131_deflate.tif,1800,2400,La_danza_de_los_cuerpos1.tif,2,(Cover & interior images),ok
641957,dc4e9a8a-14c4-4957-875f-89904e609539,2012/07/26/15,/iiif/2012/07/26/15/dc4e9a8a-14c4-4957-875f-89904e609539_deflate.tif,1800,2400,el libro del fin del mundo1.tif,2,(Cover & interior images),ok
18155299,a362ac6c-e9c5-4367-9fcc-c358831c810a,2017/01/04/11,/iiif/2017/01/04/11/a362ac6c-e9c5-4367-9fcc-c358831c810a_deflate.tif,1785,2336,deep_blue_sky_cover1.tif,2,(Cover & interior images),ok
16498167,8724c012-ab51-46d5-b3d2-06e1591efba6,2016/08/17/11,/iiif/2016/08/17/11/8724c012-ab51-46d5-b3d2-06e1591efba6_deflate.tif,1800,2400,Desire_and_failure1.tif,2,(Cover & interior images),ok
22364752,1ead610a-041a-49f9-bcae-b16f4c4e1262,2018/03/09/14,/iiif/2018/03/09/14/1ead610a-041a-49f9-bcae-b16f4c4e1262_deflate.tif,1596,2400,instructions_for_assembly1.tif,2,(Cover & interior images),ok
16371353,192e8d03-84ff-4037-a549-1f9e7ec1f715,2016/08/10/16,/iiif/2016/08/10/16/192e8d03-84ff-4037-a549-1f9e7ec1f715_deflate.tif,1800,2400,To_a_fragmented_world1.tif,2,(Cover & interior images),ok
639079,08640780-42fa-43e1-9a40-4646c60995d4,2012/07/25/13,/iiif/2012/07/25/13/08640780-42fa-43e1-9a40-4646c60995d4_deflate.tif,3067,2556,Flight textile book two1.tif,1,(Interior image),ok
694895,6c487621-57d2-4d7b-8442-22e70d4e4b8e,2012/08/10/14,/iiif/2012/08/10/14/6c487621-57d2-4d7b-8442-22e70d4e4b8e_deflate.tif,2704,1864,proyecto cartele1.tif,2,(Cover & interior images),ok
15101825,1a82da34-7e2d-45bf-b0e6-f4ef081e3c6e,2016/06/14/13,/iiif/2016/06/14/13/1a82da34-7e2d-45bf-b0e6-f4ef081e3c6e_deflate.tif,1800,2400,Antidoctos1.tif,2,(Cover & interior images),ok
19103879,7cfb27a2-4d4c-4c24-812f-f5b10efeb4f2,2017/11/01/17,/iiif/2017/11/01/17/7cfb27a2-4d4c-4c24-812f-f5b10efeb4f2_deflate.tif,1700,2400,ad_infinitum_cover1.tif,2,(Cover & interior images),ok
968528,adb8b72c-784d-4db9-8084-86e159f8f6aa,2015/05/20/16,/iiif/2015/05/20/16/adb8b72c-784d-4db9-8084-86e159f8f6aa_deflate.tif,2400,1800,well-heeled1.tif,3,"(Images of the enclosure, cover, & interior)",ok
512706,81bafabb-1f6b-45df-a329-8c6b902b6c0f,2012/05/07/12,/iiif/2012/05/07/12/81bafabb-1f6b-45df-a329-8c6b902b6c0f_deflate.tif,2112,2728,a few palm trees2.tif,2,(Interior images),ok
16069583,37a4a497-f9d4-4832-aa55-1d2da22e80e2,2016/07/18/11,/iiif/2016/07/18/11/37a4a497-f9d4-4832-aa55-1d2da22e80e2_deflate.tif,1800,2400,Mi_destino_esta1.tif,2,(Cover & interior images),ok
18893564,14395321-0aa6-4e62-8bc3-afe2c5a299ba,2017/02/14/20,/iiif/2017/02/14/20/14395321-0aa6-4e62-8bc3-afe2c5a299ba_deflate.tif,2028,2400,antejardines_cover1.tif,2,(Cover & interior images),ok
13529879,3652ccc9-2768-4e53-bb1b-ed517790e883,2016/04/01/12,/iiif/2016/04/01/12/3652ccc9-2768-4e53-bb1b-ed517790e883_deflate.tif,1800,2400,Prehensil1.tif,2,(Cover & interior images),ok
23249426,47a8dac1-8783-4667-be31-0620da394bba,2018/07/23/16,/iiif/2018/07/23/16/47a8dac1-8783-4667-be31-0620da394bba_deflate.tif,1643,2400,perimetro1.tif,2,(Cover & interior images),ok
16205678,6717f0b8-cbfa-471c-8bf4-ede1aab6226b,2016/07/27/12,/iiif/2016/07/27/12/6717f0b8-cbfa-471c-8bf4-ede1aab6226b_deflate.tif,2400,1800,Entree_libre1.tif,2,(Interior images),ok
16499996,b5518f8d-1a6b-4d4e-975b-888418d83cdd,2016/08/17/15,/iiif/2016/08/17/15/b5518f8d-1a6b-4d4e-975b-888418d83cdd_deflate.tif,1800,2400,Heath_course_pak1.tif,2,(Cover & interior images),ok
19260832,ac0bf53d-cf2a-48c7-93a8-0270440b47f2,2022/07/01/14,/iiif/2022/07/01/14/ac0bf53d-cf2a-48c7-93a8-0270440b47f2_deflate.tif,1853,2400,librophone_cover2.tif,3,"(Images of the enclosure, cover, & interior)",ok
639222,74daea5d-18e7-4f6f-b8f2-1260065745d7,2012/07/25/15,/iiif/2012/07/25/15/74daea5d-18e7-4f6f-b8f2-1260065745d7_deflate.tif,2080,2680,guia practica de las mariposas1.tif,2,(Cover & interior images),ok
20408875,681c21f7-3751-4f4e-b6a8-d8ab324692ac,2017/05/08/14,/iiif/2017/05/08/14/681c21f7-3751-4f4e-b6a8-d8ab324692ac_deflate.tif,2400,1996,zarza_ardiendo_cover3.tif,2,(Cover & interior images),ok
18433693,ccb4be81-dcce-43a3-80a4-40e4a1961ce8,2017/01/23/14,/iiif/2017/01/23/14/ccb4be81-dcce-43a3-80a4-40e4a1961ce8_deflate.tif,1845,2400,saga_cover1.tif,2,(Cover & interior images),ok
639056,fc3e78bd-6535-4a37-af5a-79f5649a7fe2,2012/07/25/13,/iiif/2012/07/25/13/fc3e78bd-6535-4a37-af5a-79f5649a7fe2_deflate.tif,2112,2816,field guide to north america2.tif,2,(Cover & interior images),ok
12833272,481eccb5-c400-41b1-bed0-47e64ca6ba79,2016/01/29/15,/iiif/2016/01/29/15/481eccb5-c400-41b1-bed0-47e64ca6ba79_deflate.tif,2400,1800,Pits_letter1.tif,2,(Cover & interior images),ok
950411,65bad816-7f8c-4d26-b85b-36246b1d3b33,2015/05/20/16,/iiif/2015/05/20/16/65bad816-7f8c-4d26-b85b-36246b1d3b33_deflate.tif,1920,2400,various small fires1.tif,2,(Cover & interior images),ok
20634633,34e4631f-908b-4f3b-b452-a9d62a5b7eb5,2017/06/06/13,/iiif/2017/06/06/13/34e4631f-908b-4f3b-b452-a9d62a5b7eb5_deflate.tif,2059,2400,diccionario_cover2.tif,2,(Cover & interior images),ok
16387450,4dfdc5d3-e3c8-4470-8d88-2522439c5c5f,2016/08/11/15,/iiif/2016/08/11/15/4dfdc5d3-e3c8-4470-8d88-2522439c5c5f_deflate.tif,1800,2400,Prayers_for_Lillian1.tif,2,(Cover & interior images),ok
15086795,a92a8282-3b5a-46ec-86d8-08f2b3be7c5e,2016/06/08/15,/iiif/2016/06/08/15/a92a8282-3b5a-46ec-86d8-08f2b3be7c5e_deflate.tif,2400,1800,Schulz-Dornburg_works1.tif,2,(Images of the enclosure & interior),ok
15101839,91625f5d-c54e-46eb-abde-6ab5a514ecd0,2016/06/14/13,/iiif/2016/06/14/13/91625f5d-c54e-46eb-abde-6ab5a514ecd0_deflate.tif,1800,2400,Tardes_buenas_tenga1.tif,2,(Cover & interior images),ok
13002613,835fb549-f67b-4e26-94c5-cac4713ab692,2016/02/12/15,/iiif/2016/02/12/15/835fb549-f67b-4e26-94c5-cac4713ab692_deflate.tif,1800,2400,Promises_kept1.tif,2,(Images of the enclosure & interior),ok
16371349,99d0a633-e49c-49f1-8a9a-443008cb5578,2016/08/10/16,/iiif/2016/08/10/16/99d0a633-e49c-49f1-8a9a-443008cb5578_deflate.tif,2400,1800,Panorama1.tif,2,(Cover & interior images),ok
638921,f0d43949-71fe-4df2-a150-c416601f7b93,2012/07/25/11,/iiif/2012/07/25/11/f0d43949-71fe-4df2-a150-c416601f7b93_deflate.tif,4288,3216,Estaunhistorianegra_covers.tif,3,(Cover & interior images),ok
13142380,123f4b0e-c244-4d73-9009-f0a49c363f4d,2016/02/26/14,/iiif/2016/02/26/14/123f4b0e-c244-4d73-9009-f0a49c363f4d_deflate.tif,1800,2400,ziggurats1.tif,2,(Cover & interior images),ok
12543678,eb162032-b8ff-472b-bebd-dc1461f567a8,2015/12/17/11,/iiif/2015/12/17/11/eb162032-b8ff-472b-bebd-dc1461f567a8_deflate.tif,1800,2400,Broken_streets_of_my_city1.tif,2,(Cover & interior images),ok
21804666,fffbe915-b9e1-4cdf-bef4-099520e2f483,2017/11/04/16,/iiif/2017/11/04/16/fffbe915-b9e1-4cdf-bef4-099520e2f483_deflate.tif,1975,2400,testify_cover1.tif,2,(Cover & interior images),ok
15086793,441e5ee6-7b10-49d2-ae19-5e2faeeaae23,2016/06/08/15,/iiif/2016/06/08/15/441e5ee6-7b10-49d2-ae19-5e2faeeaae23_deflate.tif,1800,2400,Monstera1.tif,2,(Cover & interior images),ok
15088074,c3f04016-4b25-4afb-9897-7f8d4fc12b58,2016/06/09/13,/iiif/2016/06/09/13/c3f04016-4b25-4afb-9897-7f8d4fc12b58_deflate.tif,1800,2400,Photographs_taken_at1.tif,2,(Cover & interior images),ok
12653191,a8f226d9-942c-41ef-9a60-cc83743b6f5d,2016/01/15/15,/iiif/2016/01/15/15/a8f226d9-942c-41ef-9a60-cc83743b6f5d_deflate.tif,1800,2400,Ghosts1.tif,2,(Cover & interior images),ok
21027680,4812879d-d09e-47ab-a08b-459c93b2f289,2017/07/19/14,/iiif/2017/07/19/14/4812879d-d09e-47ab-a08b-459c93b2f289_deflate.tif,2045,2400,to_place_cover2.tif,2,(Cover & interior images),ok
13107751,617a9972-191c-41da-9384-57487b32dec8,2016/02/22/18,/iiif/2016/02/22/18/617a9972-191c-41da-9384-57487b32dec8_deflate.tif,2400,1800,Japan_project1.tif,5,(Cover & interior images),ok
642023,be497d37-ebf6-471d-b030-8c2fba784740,2012/07/26/15,/iiif/2012/07/26/15/be497d37-ebf6-471d-b030-8c2fba784740_deflate.tif,2112,2816,long story short1.tif,2,(Cover & interior images),ok
639234,9010e23c-306b-4bd6-a58b-036ff4de06b5,2012/07/25/15,/iiif/2012/07/25/15/9010e23c-306b-4bd6-a58b-036ff4de06b5_deflate.tif,1800,2400,heart sutra1.tif,2,(Cover & interior images),ok
21003729,ac1f73b4-c34d-4a4b-8d14-7cf4de8a016e,2017/07/06/14,/iiif/2017/07/06/14/ac1f73b4-c34d-4a4b-8d14-7cf4de8a016e_deflate.tif,2313,2400,transforming_hate_enclosure4.tif,4,"(Images of the enclosure, cover, & interior)",ok
13107758,3007b3fe-4158-4dd6-b415-62ba66ace0b3,2016/02/22/18,/iiif/2016/02/22/18/3007b3fe-4158-4dd6-b415-62ba66ace0b3_deflate.tif,1800,2400,Gabriel_Garcia_Marquez1.tif,2,(Cover & interior images),ok
13517993,9b8042b0-79e3-47fc-a1de-7eeeea7af252,2016/03/30/12,/iiif/2016/03/30/12/9b8042b0-79e3-47fc-a1de-7eeeea7af252_deflate.tif,2400,1800,You_are_what_you_see1.tif,2,(Cover & interior images),ok
24123029,3b79a128-31d1-4375-830b-2b0eac518038,2018/11/03/15,/iiif/2018/11/03/15/3b79a128-31d1-4375-830b-2b0eac518038_deflate.tif,1814,2400,kayfa_tarifu1.tif,2,(Cover & interior images),ok
927505,522997cd-1ef8-4eda-a837-c2775c4362b8,2015/05/18/16,/iiif/2015/05/18/16/522997cd-1ef8-4eda-a837-c2775c4362b8_deflate.tif,1939,2400,to a friend going blind1.tif,2,(Cover & interior images),ok
927506,107b7d74-d592-493b-b608-8cd10d824882,2015/05/18/16,,,,,,,restricted
16387438,e8830fac-ce57-4c1a-9a18-a27c42e8378d,2016/08/11/15,/iiif/2016/08/11/15/e8830fac-ce57-4c1a-9a18-a27c42e8378d_deflate.tif,1800,2400,Ameisenhaufers_fauna1.tif,2,(Cover & interior images),ok
12502213,16ec476f-10c4-4230-ae0b-c1535a34ca81,2015/12/11/10,/iiif/2015/12/11/10/16ec476f-10c4-4230-ae0b-c1535a34ca81_deflate.tif,1800,2400,Verano_13_1.tif,2,(Cover & interior images),ok
631979,0cfff215-d92a-4d23-929d-05b27f04a979,2012/07/23/13,/iiif/2012/07/23/13/0cfff215-d92a-4d23-929d-05b27f04a979_deflate.tif,2112,2816,carpe diem2.tif,2,(Cover & interior images),ok
639041,796481ec-a38c-4d14-9b74-6b37a0464d08,2012/07/25/13,/iiif/2012/07/25/13/796481ec-a38c-4d14-9b74-6b37a0464d08_deflate.tif,2016,2700,fer1.tif,2,(Cover & interior images),ok
1072122,febeed89-4c09-4127-90fe-47090d0a1d72,2015/05/21/17,/iiif/2015/05/21/17/febeed89-4c09-4127-90fe-47090d0a1d72_deflate.tif,1932,2400,postcards1.tif,2,(Cover & interior images),ok
15083704,1bb98844-ead2-4aba-bc11-e74ea4bc5575,2016/06/07/13,/iiif/2016/06/07/13/1bb98844-ead2-4aba-bc11-e74ea4bc5575_deflate.tif,1800,2400,Hotel_Oracle1.tif,2,(Cover & interior images),ok
12499005,347c8be9-7b39-4cbe-a3c1-ba92df96afac,2015/12/10/11,/iiif/2015/12/10/11/347c8be9-7b39-4cbe-a3c1-ba92df96afac_deflate.tif,2400,1800,Mis_tortillas1.tif,2,(Images of the enclosure & interior),ok
16544458,7d37357a-eb09-4b47-b58d-6fc94c99f9e1,2016/08/26/16,/iiif/2016/08/26/16/7d37357a-eb09-4b47-b58d-6fc94c99f9e1_deflate.tif,1800,2400,Lifes_lessons1.tif,2,(Cover & interior images),ok
18983656,2f860c77-877e-4366-b57f-20e65effe1d5,2017/02/22/11,/iiif/2017/02/22/11/2f860c77-877e-4366-b57f-20e65effe1d5_deflate.tif,2400,1868,ballena_cover3.tif,2,(Cover & interior images),ok
15101835,394f9115-999a-4515-beb9-ad2676ceb95a,2016/06/14/13,/iiif/2016/06/14/13/394f9115-999a-4515-beb9-ad2676ceb95a_deflate.tif,1800,2400,Pobrecito_mortal1.tif,2,(Cover & interior images),ok
16495115,2465837a-d8c2-41cb-a495-678fcc7f9027,2016/08/16/13,/iiif/2016/08/16/13/2465837a-d8c2-41cb-a495-678fcc7f9027_deflate.tif,1800,2400,Caja_registradora1.tif,2,(Cover & interior images),ok
696579,07e64067-9e55-4224-9751-94d3b8cd4d82,2012/08/13/11,/iiif/2012/08/13/11/07e64067-9e55-4224-9751-94d3b8cd4d82_deflate.tif,1800,2400,self hipnosis1.tif,2,(Cover & interior images),ok
13450774,e8781c4f-2447-4769-bf49-4f8cb4149eec,2016/03/23/12,/iiif/2016/03/23/12/e8781c4f-2447-4769-bf49-4f8cb4149eec_deflate.tif,1800,2400,Issues_4_1.tif,2,(Cover & interior images),ok
13604303,25a19243-a230-4a9e-ac76-2842794f6ec0,2016/04/04/20,/iiif/2016/04/04/20/25a19243-a230-4a9e-ac76-2842794f6ec0_deflate.tif,1800,2400,Cosas_de_viaje1.tif,2,(Cover & interior images),ok
639113,eb7c07e3-a7d6-48f7-b04f-a78c9706fb2f,2012/07/25/14,/iiif/2012/07/25/14/eb7c07e3-a7d6-48f7-b04f-a78c9706fb2f_deflate.tif,2400,1913,flying - practical training1.tif,2,(Cover & interior images),ok
22831038,b7123310-db16-4b7b-b3bd-9875c3f58b1d,2018/05/04/15,/iiif/2018/05/04/15/b7123310-db16-4b7b-b3bd-9875c3f58b1d_deflate.tif,1912,2400,arabic_title1.tif,2,(Cover & interior images),ok
16521288,da091e09-be2c-4371-8a2d-a57fc2f404a8,2016/08/22/12,/iiif/2016/08/22/12/da091e09-be2c-4371-8a2d-a57fc2f404a8_deflate.tif,2400,1800,Si_fueras1.tif,2,(Images of the enclosure & interior),ok
19101423,bfa37260-5d84-490d-8c83-06ae8cf47181,2017/03/09/19,/iiif/2017/03/09/19/bfa37260-5d84-490d-8c83-06ae8cf47181_deflate.tif,2085,2400,exorcism_page_thirteen_cover1.tif,2,(Cover & interior images),ok
924991,e179270e-e99f-4d90-b2f7-13a2b886a753,2015/05/18/13,/iiif/2015/05/18/13/e179270e-e99f-4d90-b2f7-13a2b886a753_deflate.tif,2400,2377,the theatre of nature1.tif,4,(Cover & interior images),ok
15057516,24ffed9b-9785-462c-9bd9-75b0f356a4e2,2016/05/31/14,/iiif/2016/05/31/14/24ffed9b-9785-462c-9bd9-75b0f356a4e2_deflate.tif,2400,1800,Di_shu1.tif,2,(Cover & interior images),ok
23090548,21951b17-57c4-4955-b988-6793a9a84ad2,2018/06/19/13,/iiif/2018/06/19/13/21951b17-57c4-4955-b988-6793a9a84ad2_deflate.tif,1723,2400,augusta1.tif,3,(Cover & interior images),ok
518959,3ea7998e-6328-4247-b7e8-d0138ca01053,2012/05/11/14,/iiif/2012/05/11/14/3ea7998e-6328-4247-b7e8-d0138ca01053_deflate.tif,1800,2400,anotaciones para una cumbia1.tif,2,(Cover & interior images),ok
20473282,705e0dae-5704-4488-b628-3c5d1c6a5696,2017/05/15/16,/iiif/2017/05/15/16/705e0dae-5704-4488-b628-3c5d1c6a5696_deflate.tif,2400,2272,fabula_del_pollo_cover1.tif,2,(Cover & interior images),ok
16371351,22b97040-c065-4557-ace8-6f22184eeed9,2016/08/10/16,/iiif/2016/08/10/16/22b97040-c065-4557-ace8-6f22184eeed9_deflate.tif,1800,2400,Ten_el_corazon1.tif,2,(Cover & interior images),ok
22273915,1d11a49e-580d-446f-b21b-575740e71c46,2018/01/29/19,/iiif/2018/01/29/19/1d11a49e-580d-446f-b21b-575740e71c46_deflate.tif,1386,2256,burning_in_the_dark1.tif,2,(Cover & interior images),ok
641055,936fb0f0-212d-43c4-ad9a-fd6504aa8ca8,2012/07/26/11,/iiif/2012/07/26/11/936fb0f0-212d-43c4-ad9a-fd6504aa8ca8_deflate.tif,1800,2400,a humument 4th ed.1.tif,2,(Cover & interior images),ok
21003744,1181482e-5c27-4685-84ee-440606e44e40,2017/07/06/14,/iiif/2017/07/06/14/1181482e-5c27-4685-84ee-440606e44e40_deflate.tif,2400,1889,villanueva_cover2.tif,2,(Cover & interior images),ok
1355546,6517830f-1b00-4162-8e91-46ae3eeb02ca,2013/02/28/11,/iiif/2013/02/28/11/6517830f-1b00-4162-8e91-46ae3eeb02ca_deflate.tif,4288,3216,colorcodes1.tif,3,(Cover & interior images),ok
21554276,eef74801-e974-4e25-a945-e264fa134db1,2017/09/19/19,/iiif/2017/09/19/19/eef74801-e974-4e25-a945-e264fa134db1_deflate.tif,1682,2400,tierra_hilando_cover1.tif,3,(Cover & interior images),ok
638977,7b206fe6-1d2c-40c5-a4e1-f9c16a9d3c51,2012/07/25/12,/iiif/2012/07/25/12/7b206fe6-1d2c-40c5-a4e1-f9c16a9d3c51_deflate.tif,1800,2400,the far country1.tif,3,(Cover & interior images),ok
15111595,ce39060b-e371-425d-b3b9-3cebc0213437,2016/06/15/15,/iiif/2016/06/15/15/ce39060b-e371-425d-b3b9-3cebc0213437_deflate.tif,1800,2400,Top_secret_art1.tif,2,(Cover & interior images),ok
16621519,ada6ee4e-bf7a-4edf-9b48-e504b48fe4aa,2016/08/31/17,/iiif/2016/08/31/17/ada6ee4e-bf7a-4edf-9b48-e504b48fe4aa_deflate.tif,2400,1800,Diminuto_cielo1.tif,2,(Cover & interior images),ok
19101417,0e52e435-1b67-4f22-bdea-f80607914b22,2017/03/09/19,/iiif/2017/03/09/19/0e52e435-1b67-4f22-bdea-f80607914b22_deflate.tif,1964,2400,maldicion_de_Selene_cover1.tif,2,(Cover & interior images),ok
696574,bf21a9a9-9f10-4dfc-af48-740d56651545,2012/08/13/09,/iiif/2012/08/13/09/bf21a9a9-9f10-4dfc-af48-740d56651545_deflate.tif,1800,2400,secrets1.tif,2,(Cover & interior images),ok
949879,edce99d0-318f-4fa6-bf31-bf4e0d318e9e,2012/10/29/11,/iiif/2012/10/29/11/edce99d0-318f-4fa6-bf31-bf4e0d318e9e_deflate.tif,1800,2400,unmatched halves1.tif,2,(Cover & interior images),ok
722507,a7e223ee-c8ba-44fa-93dc-bae094a80e07,2012/08/22/15,/iiif/2012/08/22/15/a7e223ee-c8ba-44fa-93dc-bae094a80e07_deflate.tif,2400,1800,soap story2.tif,2,(Images of the enclosure & interior),ok
13107865,2f032972-f409-4623-a352-96a10f14390d,2016/02/22/20,/iiif/2016/02/22/20/2f032972-f409-4623-a352-96a10f14390d_deflate.tif,1800,2400,Douglas_Gordon1.tif,2,(Cover & interior images),ok
667107,71474d6b-785b-4fcb-aace-4f1bbe233486,2012/08/02/12,/iiif/2012/08/02/12/71474d6b-785b-4fcb-aace-4f1bbe233486_deflate.tif,2816,1804,maximas minimas1.tif,2,(Images of the enclosure & interior),ok
24077770,2eb76d6f-5486-40a8-804d-aee21844b805,2018/10/24/10,/iiif/2018/10/24/10/2eb76d6f-5486-40a8-804d-aee21844b805_deflate.tif,1802,2400,the_perfect_man1.tif,2,(Cover & interior images),ok
13351071,4b3338c1-0390-407b-80f1-b2d9147d7984,2016/03/15/14,/iiif/2016/03/15/14/4b3338c1-0390-407b-80f1-b2d9147d7984_deflate.tif,1800,2400,Resilience_of_Al-Mutanabbi1.tif,2,(Images of the enclosure & interior),ok
13142374,926b820a-8d58-4a8d-b53e-836d4e9e52f8,2016/02/26/14,/iiif/2016/02/26/14/926b820a-8d58-4a8d-b53e-836d4e9e52f8_deflate.tif,1800,2400,Typo_bilder_buch1.tif,2,(Cover & interior images),ok
12909020,2c875e58-7498-4bb9-9c9c-d307da0c14ad,2016/02/08/18,/iiif/2016/02/08/18/2c875e58-7498-4bb9-9c9c-d307da0c14ad_deflate.tif,1800,2400,The_green_of_this_notebook1.tif,2,(Cover & interior images),ok
13529433,c229bc9b-958e-436e-8a87-ce7b784c0c82,2016/03/31/20,/iiif/2016/03/31/20/c229bc9b-958e-436e-8a87-ce7b784c0c82_deflate.tif,1800,2400,Relation1.tif,2,(Cover & interior images),ok
12833264,0a8867be-2940-46f3-b216-1c88ea43880b,2016/01/29/15,/iiif/2016/01/29/15/0a8867be-2940-46f3-b216-1c88ea43880b_deflate.tif,1800,2400,How_to_commit_suicide1.tif,2,(Cover & interior images),ok
15101837,2c27c6df-db48-4285-b8d9-0353ec93f9c4,2016/06/14/13,/iiif/2016/06/14/13/2c27c6df-db48-4285-b8d9-0353ec93f9c4_deflate.tif,2400,1800,R-Evolucion1.tif,2,(Cover & interior images),ok
13310843,2512ec36-b780-4f48-8d6c-efb701f39344,2016/03/09/12,/iiif/2016/03/09/12/2512ec36-b780-4f48-8d6c-efb701f39344_deflate.tif,1800,2400,Wonderwater1.tif,2,"(Images of the enclosure, covers, & interior)",ok
21239688,9efd7c9a-0cb8-4b94-be0f-9f374ff67a10,2017/08/21/14,/iiif/2017/08/21/14/9efd7c9a-0cb8-4b94-be0f-9f374ff67a10_deflate.tif,2115,2400,future_al-mutanabbi_cover2.tif,3,(Cover & interior images),ok
926940,0fb23e38-7b2d-436a-b2ce-fa966c73f6bb,2015/05/18/15,/iiif/2015/05/18/15/0fb23e38-7b2d-436a-b2ce-fa966c73f6bb_deflate.tif,1867,2400,thirteen stories1.tif,2,(Cover & interior images),ok
13517986,08e08472-f2de-417e-bec3-7312172df1d4,2016/03/30/12,/iiif/2016/03/30/12/08e08472-f2de-417e-bec3-7312172df1d4_deflate.tif,2400,1800,Seres_acotados1.tif,2,(Cover & interior images),ok
1355632,4f19a24b-88c7-4c2d-996c-6990c206679a,2013/02/28/12,/iiif/2013/02/28/12/4f19a24b-88c7-4c2d-996c-6990c206679a_deflate.tif,4288,3216,addresses1.tif,3,(Cover & interior images),ok
15083700,8044f3de-c79b-40af-b6c0-cfa7b041af29,2016/06/07/13,/iiif/2016/06/07/13/8044f3de-c79b-40af-b6c0-cfa7b041af29_deflate.tif,1800,2400,Another_water1.tif,2,(Cover & interior images),ok
924767,9573a734-735e-430f-b88c-9bedbebc9644,2015/05/18/13,/iiif/2015/05/18/13/9573a734-735e-430f-b88c-9bedbebc9644_deflate.tif,1568,2400,feriacongelada1.tif,3,(Cover & interior images),ok
21007076,d0c62f4a-4130-4a9b-a15a-3662f84d4e84,2017/07/10/14,/iiif/2017/07/10/14/d0c62f4a-4130-4a9b-a15a-3662f84d4e84_deflate.tif,1840,2400,radar_cover3.tif,2,(Cover & interior images),ok
19103881,2fbe7e05-5826-4871-97a3-906ec112f665,2017/03/15/10,/iiif/2017/03/15/10/2fbe7e05-5826-4871-97a3-906ec112f665_deflate.tif,1914,2502,partitions_cover3.tif,2,(Cover & interior images),ok
631800,1bde7bc2-7486-4c19-a64b-e1f96a351337,2012/07/23/12,/iiif/2012/07/23/12/1bde7bc2-7486-4c19-a64b-e1f96a351337_deflate.tif,2620,2112,buenos aires1.tif,2,(Cover & interior images),ok
641914,48eb0ecb-2ad2-44f5-89c1-9e8908375bfc,2012/07/26/14,/iiif/2012/07/26/14/48eb0ecb-2ad2-44f5-89c1-9e8908375bfc_deflate.tif,4288,3216,Konglish_cover.tif,5,(Cover & interior images),ok
13319116,b79d467d-0de0-4bf1-8b86-4f2122c25260,2016/03/11/13,/iiif/2016/03/11/13/b79d467d-0de0-4bf1-8b86-4f2122c25260_deflate.tif,1800,2400,Uniforms1.tif,2,(Cover & interior images),ok
17987454,524e87aa-dc56-4d32-902f-7e66c5ea1750,2016/12/12/12,/iiif/2016/12/12/12/524e87aa-dc56-4d32-902f-7e66c5ea1750_deflate.tif,1870,2359,font_project_cover2.tif,2,(Cover & interior images),ok
12909022,2151881c-5005-42c9-8386-e82616a7730e,2016/02/08/18,/iiif/2016/02/08/18/2151881c-5005-42c9-8386-e82616a7730e_deflate.tif,1800,2400,Turbulence1.tif,2,(Cover & interior images),ok
631896,4f7f3094-46e2-4ce5-9981-fd0084d416ae,2012/07/23/12,/iiif/2012/07/23/12/4f7f3094-46e2-4ce5-9981-fd0084d416ae_deflate.tif,2400,1800,the campfire1.tif,2,(Cover & interior images),ok
950424,b1034f2c-5416-4b86-953f-aa6fff148cd5,2015/05/20/16,/iiif/2015/05/20/16/b1034f2c-5416-4b86-953f-aa6fff148cd5_deflate.tif,2055,2400,Visual Poems 1.tif,2,(Cover & interior images),ok
20998842,da250ac2-db08-4b8a-a5a5-17339aa233f9,2017/06/29/14,/iiif/2017/06/29/14/da250ac2-db08-4b8a-a5a5-17339aa233f9_deflate.tif,1493,2400,tonalities_of_grief_wrap1.tif,4,"(Images of the enclosure, cover, & interior)",ok
15101823,f38b9691-22c8-46ec-8402-ed7dd4260f47,2016/06/14/13,/iiif/2016/06/14/13/f38b9691-22c8-46ec-8402-ed7dd4260f47_deflate.tif,1800,2400,2nd_hand_reading1.tif,2,(Cover & interior images),ok
21220503,f7af7630-b051-4a1c-9624-31a93b9435d3,2017/08/17/11,/iiif/2017/08/17/11/f7af7630-b051-4a1c-9624-31a93b9435d3_deflate.tif,2400,2137,i_found_it_cover1.tif,2,(Cover & interior images),ok
16533106,81f3d514-7bc4-48d6-82ef-a9cc223ca318,2016/08/25/14,/iiif/2016/08/25/14/81f3d514-7bc4-48d6-82ef-a9cc223ca318_deflate.tif,1800,2400,Atlas_of_radical1.tif,2,(Cover & interior images),ok
14290376,55b3ed5f-e286-42bf-a098-289e4b90f5d2,2016/05/02/20,/iiif/2016/05/02/20/55b3ed5f-e286-42bf-a098-289e4b90f5d2_deflate.tif,1800,2400,Aleluya_de_besos1.tif,2,(Cover & interior images),ok
23965284,70c2f7d1-da0a-4ffb-b5af-7a09ed9dc6d7,2018/09/29/15,/iiif/2018/09/29/15/70c2f7d1-da0a-4ffb-b5af-7a09ed9dc6d7_deflate.tif,1800,2400,zibayan_dar1.tif,2,(Cover & interior images),ok
20408860,2457cc7b-c14b-4315-adb7-e67bfa057dea,2017/05/08/14,/iiif/2017/05/08/14/2457cc7b-c14b-4315-adb7-e67bfa057dea_deflate.tif,1901,2400,heads_bowed_cover2.tif,2,(Cover & interior images),ok
12405982,8006fa40-1f05-4d89-979e-973f96a96740,2015/12/01/12,/iiif/2015/12/01/12/8006fa40-1f05-4d89-979e-973f96a96740_deflate.tif,2400,1800,Mirage1.tif,2,(Cover & interior images),ok
16069573,db2abb72-0941-446e-adea-b992bf47111a,2016/07/18/11,/iiif/2016/07/18/11/db2abb72-0941-446e-adea-b992bf47111a_deflate.tif,1800,2400,Directed_smooth_space1.tif,2,(Cover & interior images),ok
638394,ce56b68d-0943-4d93-97a4-54f2397fa1fe,2012/07/25/09,/iiif/2012/07/25/09/ce56b68d-0943-4d93-97a4-54f2397fa1fe_deflate.tif,2400,1938,a discourse1.tif,2,(Cover & interior images),ok
22752021,0bf70873-4141-470b-a0fc-ba55bf3e7f11,2018/04/25/20,/iiif/2018/04/25/20/0bf70873-4141-470b-a0fc-ba55bf3e7f11_deflate.tif,1768,2400,real_nazis1.tif,2,(Cover & interior images),ok
12762424,fadbb547-dca7-4af3-a23d-33231f2a9e8d,2016/01/25/17,/iiif/2016/01/25/17/fadbb547-dca7-4af3-a23d-33231f2a9e8d_deflate.tif,1800,2400,Take_care_of_yourself1.tif,2,(Cover & interior images),ok
13971632,2aeb87e5-03db-43df-ad15-29b1960ef0b8,2016/04/18/18,/iiif/2016/04/18/18/2aeb87e5-03db-43df-ad15-29b1960ef0b8_deflate.tif,1800,2400,Tulips1.tif,2,(Cover & interior images),ok
13142364,73f538cc-8c71-4265-803a-6b7f160b6357,2016/02/26/14,/iiif/2016/02/26/14/73f538cc-8c71-4265-803a-6b7f160b6357_deflate.tif,1800,2400,BEAUT_E1.tif,2,(Cover & interior images),ok
18861192,82e269d9-b6fb-4aa6-80b3-180191d24591,2017/02/11/12,/iiif/2017/02/11/12/82e269d9-b6fb-4aa6-80b3-180191d24591_deflate.tif,2279,2400,theres_no_place_like_time_cover2.tif,2,(Cover & interior images),ok
632191,a31618ef-cedd-44be-a6ff-d4349ad8e7ed,2012/07/23/14,/iiif/2012/07/23/14/a31618ef-cedd-44be-a6ff-d4349ad8e7ed_deflate.tif,2112,2816,coleccion golosina 1-3 1.tif,2,(Cover & interior images),ok
24092611,fdc1d04b-dcff-4fc3-9d89-5498c45bf60b,2018/10/31/12,/iiif/2018/10/31/12/fdc1d04b-dcff-4fc3-9d89-5498c45bf60b_deflate.tif,1443,2400,golosina_all4_6.tif,2,(Cover & interior images),ok
24092612,c0ca0382-baad-45e9-8e2d-43ba8c5692a7,2018/10/31/12,/iiif/2018/10/31/12/c0ca0382-baad-45e9-8e2d-43ba8c5692a7_deflate.tif,2400,2200,golosina1_1.tif,2,(Cover & interior images),ok
24092614,64d823e5-7f29-46f5-b6dd-37c3f7355870,2018/10/31/12,/iiif/2018/10/31/12/64d823e5-7f29-46f5-b6dd-37c3f7355870_deflate.tif,2400,1825,golosina2_1.tif,3,(Cover & interior images),ok
24092617,0c99fad0-6bf2-4194-9c1e-27ec806ef889,2018/10/31/12,/iiif/2018/10/31/12/0c99fad0-6bf2-4194-9c1e-27ec806ef889_deflate.tif,2313,2400,golosina3_1.tif,3,(Cover & interior images),ok
24092620,2bc59b27-0d7e-4525-8f4b-56aa7eda903d,2018/10/31/12,/iiif/2018/10/31/12/2bc59b27-0d7e-4525-8f4b-56aa7eda903d_deflate.tif,2400,2209,golosina4_1.tif,3,(Cover & interior images),ok
24092623,47688473-53e5-47e9-8346-aa2dc5eb7d39,2018/10/31/12,/iiif/2018/10/31/12/47688473-53e5-47e9-8346-aa2dc5eb7d39_deflate.tif,2400,2306,golosina5_1.tif,3,(Cover & interior images),ok
24092626,385b5564-001d-4f80-9fce-a8c72b8da105,2018/10/31/12,/iiif/2018/10/31/12/385b5564-001d-4f80-9fce-a8c72b8da105_deflate.tif,2400,2406,golosina6_1.tif,3,(Cover & interior images),ok
2440057,50d0c45b-2ade-481c-8970-6d43ad0c356a,2013/12/11/16,/iiif/2013/12/11/16/50d0c45b-2ade-481c-8970-6d43ad0c356a_deflate.tif,2700,3054,Gravity_cover.tif,2,(Cover & interior images),ok
14183089,f3ae1030-b9bb-4379-b4ad-4e6bcc8d3b6b,2016/04/29/16,/iiif/2016/04/29/16/f3ae1030-b9bb-4379-b4ad-4e6bcc8d3b6b_deflate.tif,2400,1800,101_soluciones1.tif,2,(Cover & interior images),ok
512710,7253228b-5493-4f14-b94f-6ccea1161720,2012/05/07/12,/iiif/2012/05/07/12/7253228b-5493-4f14-b94f-6ccea1161720_deflate.tif,2816,2112,a reminder1.tif,3,(Cover & interior images),ok
23090556,f50bf7f8-7b6f-4942-ad02-46e893cddaf6,2018/06/19/13,/iiif/2018/06/19/13/f50bf7f8-7b6f-4942-ad02-46e893cddaf6_deflate.tif,2400,1941,contemplazioni1.tif,2,(Interior images),ok
690748,fa4a1ea0-699c-4807-9bca-d6aa98df8ed9,2012/08/06/09,/iiif/2012/08/06/09/fa4a1ea0-699c-4807-9bca-d6aa98df8ed9_deflate.tif,3216,3833,elpasoahoverview_1.tif,2,(Cover & interior images),ok
19248052,ff8a866b-192d-4464-9587-e1ec9e2810b2,2017/03/28/17,/iiif/2017/03/28/17/ff8a866b-192d-4464-9587-e1ec9e2810b2_deflate.tif,2274,2400,ben_gestes_cover1.tif,2,(Interior images),ok
15083702,f1c0f40b-a66c-441b-8701-66999c6d4f6a,2016/06/07/13,/iiif/2016/06/07/13/f1c0f40b-a66c-441b-8701-66999c6d4f6a_deflate.tif,1800,2400,Cedula_de_Identidad1.tif,2,(Cover & interior images),ok
16205682,bb011829-46b8-443b-b303-a31e40778147,2016/07/27/12,/iiif/2016/07/27/12/bb011829-46b8-443b-b303-a31e40778147_deflate.tif,1800,2400,Here_comes_kitty1.tif,2,(Cover & interior images),ok
691164,2afb01ff-9940-4098-9fa9-c800ab4ef17d,2012/08/06/12,/iiif/2012/08/06/12/2afb01ff-9940-4098-9fa9-c800ab4ef17d_deflate.tif,2732,2020,mother-son talk2.tif,2,(Cover & interior images),ok
691162,014b0f45-6a6e-409e-97f9-3f2ba5b9eb10,2012/08/06/12,,,,,,,restricted
17987452,de5451ff-c093-4c2e-9c91-66f4d77cf235,2018/02/02/11,/iiif/2018/02/02/11/de5451ff-c093-4c2e-9c91-66f4d77cf235_deflate.tif,2027,2400,danny_the_last_african_american1.tif,2,(Cover & interior images),ok
19116185,0fc453e3-e89a-4c63-8fda-fdf707895150,2017/03/20/10,/iiif/2017/03/20/10/0fc453e3-e89a-4c63-8fda-fdf707895150_deflate.tif,1983,2261,mutually_exclusive_cover2.tif,3,(Cover & interior images),ok
24123031,54ea3ee4-7504-4b05-a1f4-bc0807ac571c,2018/11/03/15,/iiif/2018/11/03/15/54ea3ee4-7504-4b05-a1f4-bc0807ac571c_deflate.tif,2059,2400,partitura1.tif,2,(Cover & interior images),ok
632046,23abc651-f9b6-4408-ae21-be1791ef8611,2012/07/23/13,/iiif/2012/07/23/13/23abc651-f9b6-4408-ae21-be1791ef8611_deflate.tif,1800,2400,catalog shopping1.tif,2,(Cover & interior images),ok
639001,0b060cac-4a2a-4721-bbc1-3e19a112311f,2012/07/25/12,/iiif/2012/07/25/12/0b060cac-4a2a-4721-bbc1-3e19a112311f_deflate.tif,2112,2816,fearless beadwork1.tif,2,(Cover & interior images),ok
13227746,f9e69fcb-df04-47f4-b7a8-191821f4667d,2016/03/02/12,/iiif/2016/03/02/12/f9e69fcb-df04-47f4-b7a8-191821f4667d_deflate.tif,1800,2400,Doctor_Mister1.tif,2,(Cover & interior images),ok
12653199,e7139b47-62f7-4dd8-a5a9-998f86aa5acb,2016/01/15/15,/iiif/2016/01/15/15/e7139b47-62f7-4dd8-a5a9-998f86aa5acb_deflate.tif,2400,1800,Flying_practical_beginners1.tif,2,(Cover & interior images),ok
13450772,c753c98a-3a18-4326-bc40-fd03f4167468,2016/03/23/12,/iiif/2016/03/23/12/c753c98a-3a18-4326-bc40-fd03f4167468_deflate.tif,2400,1800,Autobiography1.tif,2,(Cover & interior images),ok
23090551,5e365cfb-65e8-47bd-8b39-6ac0f8e35dd8,2018/06/19/13,/iiif/2018/06/19/13/5e365cfb-65e8-47bd-8b39-6ac0f8e35dd8_deflate.tif,1680,2400,dicionario1.tif,3,(Cover & interior images),ok
14567639,01258c8a-86e0-4d71-9e76-d4f650237733,2016/05/19/13,/iiif/2016/05/19/13/01258c8a-86e0-4d71-9e76-d4f650237733_deflate.tif,2400,1800,Soy_una_histerica1.tif,2,(Cover & interior images),ok
722211,f0a4ff68-be81-4ede-af57-b3ca59b70373,2012/08/22/15,/iiif/2012/08/22/15/f0a4ff68-be81-4ede-af57-b3ca59b70373_deflate.tif,2400,1800,six arcs1.tif,3,(Cover & interior images),ok
693999,c96ea2b8-23c8-4775-8e93-0c63b027970e,2012/08/09/10,/iiif/2012/08/09/10/c96ea2b8-23c8-4775-8e93-0c63b027970e_deflate.tif,2816,2112,now you know...1.tif,2,(Cover & interior images),ok
12970044,6015826d-377e-4abd-9b87-10b03fc744b4,2016/02/11/18,/iiif/2016/02/11/18/6015826d-377e-4abd-9b87-10b03fc744b4_deflate.tif,1800,2400,Con_duro_polvo1.tif,2,(Cover & interior images),ok
723436,20d6214e-6714-4134-b67d-6c0c28560873,2012/08/23/12,/iiif/2012/08/23/12/20d6214e-6714-4134-b67d-6c0c28560873_deflate.tif,2816,2068,tahitian eve2.tif,2,(Cover & interior images),ok
12405987,77d8ccae-c668-439b-8786-f6fb5d75fcb3,2015/12/01/12,/iiif/2015/12/01/12/77d8ccae-c668-439b-8786-f6fb5d75fcb3_deflate.tif,1800,2400,problemas1.tif,2,(Cover & interior images),ok
12862529,e702e886-8a6c-4b6b-9abf-eb6b7a2ae1ac,2016/02/03/12,/iiif/2016/02/03/12/e702e886-8a6c-4b6b-9abf-eb6b7a2ae1ac_deflate.tif,2400,1800,Hombre_de_Cristina1.tif,2,(Cover & interior images),ok
14826712,7f7b91e0-337c-4dff-9b1a-f4e12469067f,2016/05/23/15,/iiif/2016/05/23/15/7f7b91e0-337c-4dff-9b1a-f4e12469067f_deflate.tif,1800,2400,530_1.tif,2,(Cover & interior images),ok
1336376,a4750f5a-a803-4fd2-90bd-b735a9644834,2013/02/20/16,/iiif/2013/02/20/16/a4750f5a-a803-4fd2-90bd-b735a9644834_deflate.tif,4288,3216,content1.tif,2,(Cover & interior images),ok
639150,73e87dea-04b1-47aa-9a90-f60976d471ec,2012/07/25/14,/iiif/2012/07/25/14/73e87dea-04b1-47aa-9a90-f60976d471ec_deflate.tif,1800,2400,friendly cannibals1.tif,2,(Cover & interior images),ok
15086787,77c51dab-568a-47ac-b6b2-13783e2a2c90,2016/06/08/15,/iiif/2016/06/08/15/77c51dab-568a-47ac-b6b2-13783e2a2c90_deflate.tif,1800,2400,Mrs Merrymans1.tif,2,(Cover & interior images),ok
632404,4c29a802-a191-491f-a52f-759eb30adaf3,2012/07/23/14,/iiif/2012/07/23/14/4c29a802-a191-491f-a52f-759eb30adaf3_deflate.tif,2816,2112,commodity character1.tif,2,(Interior images),ok
19260822,35c14938-17c8-4071-b8fb-5579704b06f7,2017/03/30/19,/iiif/2017/03/30/19/35c14938-17c8-4071-b8fb-5579704b06f7_deflate.tif,1930,2235,hyenas_cover2.tif,2,(Cover & interior images),ok
21030391,42b2e50c-d8bc-44f4-a69a-832a3b0b9747,2017/07/21/10,/iiif/2017/07/21/10/42b2e50c-d8bc-44f4-a69a-832a3b0b9747_deflate.tif,2400,2044,wish_list_cover2.tif,2,(Cover & interior images),ok
18893560,4d0208e5-3f2d-484b-a441-975036889ffd,2017/02/14/20,/iiif/2017/02/14/20/4d0208e5-3f2d-484b-a441-975036889ffd_deflate.tif,2164,2400,aguacates_cover1.tif,2,(Cover & interior images),ok
13420274,090c5e28-c56f-480f-a087-ed1a3f8a290d,2016/03/21/17,/iiif/2016/03/21/17/090c5e28-c56f-480f-a087-ed1a3f8a290d_deflate.tif,2400,1800,Constructs_stories1.tif,2,(Cover & interior images),ok
14309982,d3e32a28-599b-40a4-b9be-c8c32a13f8b7,2016/05/04/12,/iiif/2016/05/04/12/d3e32a28-599b-40a4-b9be-c8c32a13f8b7_deflate.tif,1800,2400,Nine_swimming_pools1.tif,2,(Cover & interior images),ok
14339016,eb954a8a-83c6-4552-ae07-bb12a3a6443c,2016/05/06/16,/iiif/2016/05/06/16/eb954a8a-83c6-4552-ae07-bb12a3a6443c_deflate.tif,2400,1800,Ten isometric drawings1.tif,2,(Cover & interior images),ok
15067718,637462c2-1025-4631-9347-f5ef3a30a7b0,2016/06/01/13,/iiif/2016/06/01/13/637462c2-1025-4631-9347-f5ef3a30a7b0_deflate.tif,1800,2400,Loneliest_man_in1.tif,2,(Cover & interior images),ok
16521278,e4a1df56-471d-4a57-bb89-77f96e82ea63,2016/08/22/12,/iiif/2016/08/22/12/e4a1df56-471d-4a57-bb89-77f96e82ea63_deflate.tif,2400,1800,Long_south_america1.tif,2,(Cover & interior images),ok
15125716,9239725a-7698-415f-a3da-1809a543823c,2016/06/16/13,/iiif/2016/06/16/13/9239725a-7698-415f-a3da-1809a543823c_deflate.tif,2400,1800,Argyle_lane1.tif,2,(Cover & interior images),ok
631830,7b290a5f-d694-4750-8f28-0eb7321c8d3e,2012/07/23/12,/iiif/2012/07/23/12/7b290a5f-d694-4750-8f28-0eb7321c8d3e_deflate.tif,2112,2732,buenos aires tour1.tif,2,(Cover & interior images),ok
16371347,acb4c683-3c09-48ea-b525-81bf3fd09f0a,2016/08/10/16,/iiif/2016/08/10/16/acb4c683-3c09-48ea-b525-81bf3fd09f0a_deflate.tif,1800,2400,Italia1.tif,2,(Cover & interior images),ok
15101829,2245f30e-ab01-46ad-8e62-9d146d70a21b,2016/06/14/13,/iiif/2016/06/14/13/2245f30e-ab01-46ad-8e62-9d146d70a21b_deflate.tif,1800,2400,Marcado1.tif,2,(Cover & interior images),ok
13693722,724aabc9-e6c3-4727-8a8f-b6b4d3686a19,2016/04/08/14,/iiif/2016/04/08/14/724aabc9-e6c3-4727-8a8f-b6b4d3686a19_deflate.tif,1800,2400,Mitogramas1.tif,2,(Cover & interior images),ok
639223,24dbe686-f01b-4aeb-a04d-c05518075691,2012/07/25/15,/iiif/2012/07/25/15/24dbe686-f01b-4aeb-a04d-c05518075691_deflate.tif,3216,4288,HaikuBookI_cover.tif,2,(Cover & interior images),ok
13971623,8862993c-1dc2-4125-8fe8-bfe1b017e932,2016/04/18/18,/iiif/2016/04/18/18/8862993c-1dc2-4125-8fe8-bfe1b017e932_deflate.tif,1800,2400,Libro_no1.tif,2,(Cover & interior images),ok
21821582,3e98b63b-3519-4719-b8ec-0ec093e78b1c,2017/11/13/11,/iiif/2017/11/13/11/3e98b63b-3519-4719-b8ec-0ec093e78b1c_deflate.tif,2245,2400,sleep_on_other_side_cover1.tif,2,(Cover & interior images),ok
13604311,a972bf5f-fa34-4f4c-8900-3a5b6da7dacd,2016/04/04/20,/iiif/2016/04/04/20/a972bf5f-fa34-4f4c-8900-3a5b6da7dacd_deflate.tif,1800,2400,Peoples_portraits_of_Bush1.tif,2,(Cover & interior images),ok
681672,bd515d92-d8a2-4b35-8f1d-2cc6512842c7,2012/08/03/16,/iiif/2012/08/03/16/bd515d92-d8a2-4b35-8f1d-2cc6512842c7_deflate.tif,2112,2816,mi nina veneno2.tif,2,(Cover & interior images),ok
12653197,c0794b9e-f42a-4885-9df7-cbffba4c7f9a,2016/01/15/15,/iiif/2016/01/15/15/c0794b9e-f42a-4885-9df7-cbffba4c7f9a_deflate.tif,1800,2400,Libro_de_anatomía1.tif,2,(Cover & interior images),ok
13693712,6ea13b22-140b-4e3d-872a-b1a4374c85b1,2016/04/08/14,/iiif/2016/04/08/14/6ea13b22-140b-4e3d-872a-b1a4374c85b1_deflate.tif,1800,2400,El_ruego1.tif,2,(Cover & interior images),ok
789389,0062a123-ddce-4968-b7b5-ba9f1697e4a2,2012/10/11/09,/iiif/2012/10/11/09/0062a123-ddce-4968-b7b5-ba9f1697e4a2_deflate.tif,3216,4288,kidnappingmountains1.tif,2,(Cover & interior images),ok
519119,0600d034-226c-4915-a9ad-77aec2d23a4a,2012/05/11/14,/iiif/2012/05/11/14/0600d034-226c-4915-a9ad-77aec2d23a4a_deflate.tif,2048,2444,any one to tease a saint seriously1.tif,2,(Cover & interior images),ok
14166294,ca89592c-760e-4ca1-9059-9ef1d557b70a,2016/04/22/12,/iiif/2016/04/22/12/ca89592c-760e-4ca1-9059-9ef1d557b70a_deflate.tif,1800,2400,Genesis1.tif,2,(Cover & interior images),ok
16069581,f0a1baea-ccff-4c64-a1a5-b07325f5087d,2016/07/18/11,/iiif/2016/07/18/11/f0a1baea-ccff-4c64-a1a5-b07325f5087d_deflate.tif,1800,2400,Language_Jezyk1.tif,2,(Cover & interior images),ok
12405978,5d940dc5-047a-4c02-84c2-030bfc90e53f,2015/12/01/12,/iiif/2015/12/01/12/5d940dc5-047a-4c02-84c2-030bfc90e53f_deflate.tif,1800,2400,Make_Everything_New1.tif,2,(Cover & interior images),ok
19101415,73c61e96-9f6f-4cea-9f8c-e1c1f5f24403,2017/03/09/19,/iiif/2017/03/09/19/73c61e96-9f6f-4cea-9f8c-e1c1f5f24403_deflate.tif,2400,1616,flip_read_box1.tif,3,"(Images of the enclosure, cover, & interior)",ok
11940897,131b0d51-47b2-4569-b292-6cea4cae315a,2015/11/24/13,/iiif/2015/11/24/13/131b0d51-47b2-4569-b292-6cea4cae315a_deflate.tif,1800,2400,Goro1.tif,2,(Cover & interior images),ok
16069585,25eb0872-b2a9-4773-99eb-c787781b0fba,2016/07/18/11,/iiif/2016/07/18/11/25eb0872-b2a9-4773-99eb-c787781b0fba_deflate.tif,1800,2400,Nada_para_el_destino1.tif,2,(Cover & interior images),ok
13142372,82874b65-a3bd-49ec-b802-a4e167343029,2016/02/26/14,/iiif/2016/02/26/14/82874b65-a3bd-49ec-b802-a4e167343029_deflate.tif,2400,1800,Source_code1.tif,2,(Cover & interior images),ok
16623763,cc0ab6cf-3f75-4ef7-8a5c-3883d18e37f0,2016/08/31/20,/iiif/2016/08/31/20/cc0ab6cf-3f75-4ef7-8a5c-3883d18e37f0_deflate.tif,1800,2400,The_plan1.tif,2,(Cover & interior images),ok
19103873,0520c363-39da-4a54-876b-085892b5348f,2017/03/15/10,/iiif/2017/03/15/10/0520c363-39da-4a54-876b-085892b5348f_deflate.tif,2247,2400,square_cover1.tif,2,(Cover & interior images),ok
12435258,42b92f7c-50f4-4eaf-aded-10120814c7f3,2015/12/07/10,/iiif/2015/12/07/10/42b92f7c-50f4-4eaf-aded-10120814c7f3_deflate.tif,2400,1800,Microslides_Muestrarios1.tif,2,(Images of the enclosure & interior),ok
694053,b53ab7e8-a46f-47cd-a2b7-ec8e156f43f1,2012/08/09/11,/iiif/2012/08/09/11/b53ab7e8-a46f-47cd-a2b7-ec8e156f43f1_deflate.tif,1800,2400,opinions of working people1.tif,2,(Cover & interior images),ok
692919,23e76e89-84ec-4e3b-9380-00802811c69d,2012/08/08/10,/iiif/2012/08/08/10/23e76e89-84ec-4e3b-9380-00802811c69d_deflate.tif,4288,3216,narracionesdesdeelultimocuarto_all.tif,3,(Cover & interior images),ok
15089801,9fe797ed-20e5-4414-93e9-9abfcff69e0f,2016/06/10/10,/iiif/2016/06/10/10/9fe797ed-20e5-4414-93e9-9abfcff69e0f_deflate.tif,2400,1800,No_mans_land_2011_1.tif,2,(Cover & interior images),ok
15111593,2d090bc3-c786-4900-bbd1-ae49b8d48190,2016/06/15/15,/iiif/2016/06/15/15/2d090bc3-c786-4900-bbd1-ae49b8d48190_deflate.tif,1800,2400,Portrait_of_Stalin1.tif,2,(Cover & interior images),ok
691152,b0214cda-fae1-4d2a-8985-8c061b74b9b7,2012/08/06/12,/iiif/2012/08/06/12/b0214cda-fae1-4d2a-8985-8c061b74b9b7_deflate.tif,2036,2732,mother sun1.tif,2,(Cover & interior images),ok
16499994,7f292460-5efe-4fde-8264-daaaee7abc57,2016/08/17/15,/iiif/2016/08/17/15/7f292460-5efe-4fde-8264-daaaee7abc57_deflate.tif,2400,1800,Geometric_figures_and_color1.tif,2,(Cover & interior images),ok
950430,f2838925-89a7-4eeb-a2ef-138b34791577,2015/05/20/16,/iiif/2015/05/20/16/f2838925-89a7-4eeb-a2ef-138b34791577_deflate.tif,1733,2400,waste not what not1.tif,2,(Cover & interior images),ok
14826723,a6c966ee-469f-4c66-a5af-4b380e0e6321,2016/05/23/15,/iiif/2016/05/23/15/a6c966ee-469f-4c66-a5af-4b380e0e6321_deflate.tif,1800,2400,El_viento_aun1.tif,2,(Cover & interior images),ok
14309980,b60e7f01-670f-4481-afc9-ddcddf08844f,2016/05/04/12,/iiif/2016/05/04/12/b60e7f01-670f-4481-afc9-ddcddf08844f_deflate.tif,2400,1800,Eis1.tif,2,(Cover & interior images),ok
512714,1f18b019-2711-4b3e-8821-54daa71dc59b,2018/02/17/12,/iiif/2018/02/17/12/1f18b019-2711-4b3e-8821-54daa71dc59b_deflate.tif,2053,2400,tourist_map_to_japan1.tif,3,(Cover & interior images),ok
732312,42b70b1f-1599-4877-86d1-98170c459af1,2015/05/15/16,/iiif/2015/05/15/16/42b70b1f-1599-4877-86d1-98170c459af1_deflate.tif,1800,2400,the queen of wands1.tif,2,(Interior images),ok
732313,df5e532d-4264-457a-8ec4-4ce341060b3f,2015/05/15/16,/iiif/2015/05/15/16/df5e532d-4264-457a-8ec4-4ce341060b3f_deflate.tif,2400,2396,sundownsalon_cover.tif,3,(Cover & interior images),ok
22332919,b9bfcc2e-98f6-4b65-bcf5-6727ccc73e68,2018/02/16/14,/iiif/2018/02/16/14/b9bfcc2e-98f6-4b65-bcf5-6727ccc73e68_deflate.tif,2367,2400,lupus_viator1.tif,2,(Cover & interior images),ok
13089001,e39eae06-054c-4de0-83c0-d0b74d4a6dcc,2016/02/18/19,/iiif/2016/02/18/19/e39eae06-054c-4de0-83c0-d0b74d4a6dcc_deflate.tif,1800,2400,Valentine_for_Mr_Wonderful1.tif,2,(Cover & interior images),ok
633729,528432c6-bac2-4f21-9b29-38b244083632,2012/07/23/15,/iiif/2012/07/23/15/528432c6-bac2-4f21-9b29-38b244083632_deflate.tif,2400,1800,details from the excavation1.tif,2,(Interior images),ok
18883817,2bfb1292-5af9-482f-bc4c-270ff9a68755,2017/02/13/12,/iiif/2017/02/13/12/2bfb1292-5af9-482f-bc4c-270ff9a68755_deflate.tif,2400,2244,cuerpo_de_nino_cover1.tif,2,(Cover & interior images),ok
641971,2e030a5b-3c10-4371-9295-89e85bc65eaa,2012/07/26/15,/iiif/2012/07/26/15/2e030a5b-3c10-4371-9295-89e85bc65eaa_deflate.tif,2400,1800,lines and color1.tif,2,(Cover & interior images),ok
12909024,53fc95d6-32dd-479a-82b5-1ddeb85d3d76,2016/02/08/18,/iiif/2016/02/08/18/53fc95d6-32dd-479a-82b5-1ddeb85d3d76_deflate.tif,1800,2400,Unravelling_the_ripple1.tif,2,(Cover & interior images),ok
14166300,1bfba931-c8b3-41df-8c6b-f43061cec592,2016/04/22/12,/iiif/2016/04/22/12/1bfba931-c8b3-41df-8c6b-f43061cec592_deflate.tif,1800,2400,Paseo_de_Gracia1.tif,2,(Images of the enclosure & interior),ok
21007078,08a353a2-d4b7-4674-9b86-a5fa83384a57,2017/07/10/14,/iiif/2017/07/10/14/08a353a2-d4b7-4674-9b86-a5fa83384a57_deflate.tif,1686,2400,lo_feo_cover1.tif,3,(Cover & interior images),ok
22378644,ad4e2a4d-94ba-4472-a9c0-69dc7424d134,2018/03/14/14,/iiif/2018/03/14/14/ad4e2a4d-94ba-4472-a9c0-69dc7424d134_deflate.tif,2163,2400,the_relative_sizes1.tif,2,(Cover & interior images),ok
14898640,600a71a2-7a2a-458f-b082-b7ebbb6aeeb0,2016/05/25/14,/iiif/2016/05/25/14/600a71a2-7a2a-458f-b082-b7ebbb6aeeb0_deflate.tif,1800,2400,Cuchillos_en_el_aire1.tif,2,(Cover & interior images),ok
16560195,1f5b5cdc-5fe1-479e-bcf3-7849c9825e17,2016/08/28/17,/iiif/2016/08/28/17/1f5b5cdc-5fe1-479e-bcf3-7849c9825e17_deflate.tif,1800,2400,Habitat1.tif,2,(Cover & interior images),ok
20408866,6a34f482-a463-4d9f-b09c-818490e0e942,2017/05/08/14,/iiif/2017/05/08/14/6a34f482-a463-4d9f-b09c-818490e0e942_deflate.tif,1909,2400,care_libro_cover2.tif,2,(Cover & interior images),ok
12405989,bd761ea5-1e9f-4ca8-b8f0-314526069e46,2015/12/01/12,/iiif/2015/12/01/12/bd761ea5-1e9f-4ca8-b8f0-314526069e46_deflate.tif,1800,2400,retrospective1.tif,2,(Cover & interior images),ok
21239693,8477e07c-f791-4e82-8ce0-a802bf694e2b,2017/08/21/14,/iiif/2017/08/21/14/8477e07c-f791-4e82-8ce0-a802bf694e2b_deflate.tif,1833,2400,fourth_day_destruction_cover1.tif,2,(Cover & interior images),ok
16544452,e657b6fe-d420-47e0-b2fc-4fcc1f2ea0a0,2016/08/26/16,/iiif/2016/08/26/16/e657b6fe-d420-47e0-b2fc-4fcc1f2ea0a0_deflate.tif,2400,1800,Flamingo_in_the_dark1.tif,2,(Cover & interior images),ok
16495125,142790f2-0919-415d-8c62-b21fcf38e1ff,2016/08/16/13,/iiif/2016/08/16/13/142790f2-0919-415d-8c62-b21fcf38e1ff_deflate.tif,1800,2400,Repercusion_de_la_linea1.tif,2,(Cover & interior images),ok
15088090,53d10b53-e9a6-4ba4-9e46-0207c40174b0,2016/06/09/14,/iiif/2016/06/09/14/53d10b53-e9a6-4ba4-9e46-0207c40174b0_deflate.tif,1800,2400,Tomorrows_man3_1.tif,2,(Cover & interior images),ok
696564,efa26b63-02b9-48b8-b2c1-25d2d9eb9fcf,2012/08/13/09,/iiif/2012/08/13/09/efa26b63-02b9-48b8-b2c1-25d2d9eb9fcf_deflate.tif,2672,2112,saturday afternoons1.tif,2,(Cover & interior images),ok
21034132,be9a0d05-ccd3-4782-a2bf-6f0bb947b005,2017/07/24/16,/iiif/2017/07/24/16/be9a0d05-ccd3-4782-a2bf-6f0bb947b005_deflate.tif,2400,1646,rough_rider_cover2.tif,2,(Cover & interior images),ok
22007980,416de61d-5029-4008-bb44-a2dc0cbd999c,2017/12/11/10,/iiif/2017/12/11/10/416de61d-5029-4008-bb44-a2dc0cbd999c_deflate.tif,2400,2251,beo_cover1.tif,2,(Cover & interior images),ok
21821578,6341a162-2c7b-4d89-baf6-24241da1e420,2017/11/13/11,/iiif/2017/11/13/11/6341a162-2c7b-4d89-baf6-24241da1e420_deflate.tif,2400,1921,classic_postcard_cover1.tif,2,(Cover & interior images),ok
722583,3996d9b6-033c-4891-987e-1d1658f811b4,2012/08/22/16,/iiif/2012/08/22/16/3996d9b6-033c-4891-987e-1d1658f811b4_deflate.tif,2112,2816,some stories of sainthood1.tif,2,(Interior images),ok
13529877,a0fa99c6-a7ea-418a-97c3-0e6d9765b8ba,2016/04/01/12,/iiif/2016/04/01/12/a0fa99c6-a7ea-418a-97c3-0e6d9765b8ba_deflate.tif,1800,2400,Asul1.tif,2,(Cover & interior images),ok
12435270,7a9fc356-07cb-4a07-b084-67ada2408641,2015/12/07/10,/iiif/2015/12/07/10/7a9fc356-07cb-4a07-b084-67ada2408641_deflate.tif,2400,1800,joe_magazine1.tif,2,(Cover & interior images),ok
13351060,9d39776a-a386-4afa-9352-6929fb2e25a7,2016/03/15/14,/iiif/2016/03/15/14/9d39776a-a386-4afa-9352-6929fb2e25a7_deflate.tif,2400,1800,I_listen_to_the_snow1.tif,2,(Cover & interior images),ok
15057520,1d96eab3-f30f-4b02-bf46-eda6e5e66aa0,2016/05/31/14,/iiif/2016/05/31/14/1d96eab3-f30f-4b02-bf46-eda6e5e66aa0_deflate.tif,1800,2400,House_of_Coates1.tif,2,(Cover & interior images),ok
22686133,b4989c38-4472-4ebb-8766-a1ef629e5c3b,2018/04/21/16,/iiif/2018/04/21/16/b4989c38-4472-4ebb-8766-a1ef629e5c3b_deflate.tif,1545,2400,otono_invierno1.tif,2,(Cover & interior images),ok
947481,142b7d7f-e76f-404f-b403-5ed1d49cba43,2015/05/19/16,/iiif/2015/05/19/16/142b7d7f-e76f-404f-b403-5ed1d49cba43_deflate.tif,2400,1800,turn over darling1.tif,3,(Cover & interior images),ok
16498171,9b51b1db-22c5-4871-8bc2-a769fbc6c065,2016/08/17/11,/iiif/2016/08/17/11/9b51b1db-22c5-4871-8bc2-a769fbc6c065_deflate.tif,1800,2400,DNA_collector1.tif,2,(Cover & interior images),ok
12619312,051a950a-68ba-4a36-92e1-0b3c1d0f8e6d,2016/01/11/17,/iiif/2016/01/11/17/051a950a-68ba-4a36-92e1-0b3c1d0f8e6d_deflate.tif,1800,2400,Finite_sets1.tif,2,(Cover & interior images),ok
14902814,a68ad369-4aec-47a5-8c27-59bee8d9517e,2016/05/26/13,/iiif/2016/05/26/13/a68ad369-4aec-47a5-8c27-59bee8d9517e_deflate.tif,1800,2400,Zoologico1.tif,2,(Cover & interior images),ok
12499013,0bdac137-301d-448a-b21d-704c34136dd3,2015/12/10/10,/iiif/2015/12/10/10/0bdac137-301d-448a-b21d-704c34136dd3_deflate.tif,1800,2400,Pacing1.tif,2,(Cover & interior images),ok
13107762,0bbcd0f0-5b05-4260-9934-5883e801bdf1,2016/02/22/18,/iiif/2016/02/22/18/0bbcd0f0-5b05-4260-9934-5883e801bdf1_deflate.tif,1800,2400,Penny_for_your_thoughts1.tif,2,(Front and back),ok
1297532,73a6b3b3-6a16-4ce7-a2c0-0ead07ea1e79,2015/05/28/16,/iiif/2015/05/28/16/73a6b3b3-6a16-4ce7-a2c0-0ead07ea1e79_deflate.tif,1832,2400,locationofthreegeometricfigures1.tif,2,(Cover & interior images),ok
16544446,fa40a3fe-da2a-45c7-b274-394e8c721fd8,2016/08/26/16,/iiif/2016/08/26/16/fa40a3fe-da2a-45c7-b274-394e8c721fd8_deflate.tif,1800,2400,28_days1.tif,2,(Cover & interior images),ok
21007081,e4416677-2132-4768-aca7-1ff0db6a3a85,2017/07/10/14,/iiif/2017/07/10/14/e4416677-2132-4768-aca7-1ff0db6a3a85_deflate.tif,1808,2400,fatima_cover1.tif,4,(Cover & interior images),ok
519734,24ca251a-5099-4241-ae31-3286ec6d205f,2012/05/11/15,/iiif/2012/05/11/15/24ca251a-5099-4241-ae31-3286ec6d205f_deflate.tif,1800,2400,auschwitz4.tif,3,(Cover & interior images),ok
21554283,3441bac8-34f7-4777-a27a-c59e73ee3587,2017/09/19/19,/iiif/2017/09/19/19/3441bac8-34f7-4777-a27a-c59e73ee3587_deflate.tif,2358,2400,remembrance_cover1.tif,2,(Cover & interior images),ok
19103866,c108e6e8-0094-4342-a436-0fe1bc3bcda4,2017/03/15/10,/iiif/2017/03/15/10/c108e6e8-0094-4342-a436-0fe1bc3bcda4_deflate.tif,2353,2400,cats_in_bag_cover1.tif,2,(Interior images),ok
21220507,866256ce-0f83-4642-8ce5-f983e1f37a61,2017/08/17/11,/iiif/2017/08/17/11/866256ce-0f83-4642-8ce5-f983e1f37a61_deflate.tif,2144,2400,confidence_nervousness_cover2.tif,3,(Cover & interior images),ok
21220509,fbfa1e19-cca4-4c35-87ce-5f97222a9618,2017/08/17/11,,,,,,,restricted
21220508,1fb6aa75-53e5-415f-8440-d09782d74ea6,2017/08/17/11,,,,,,,restricted
21030383,f99833d6-0c62-4484-830d-56ba5a5d0be2,2017/07/21/10,/iiif/2017/07/21/10/f99833d6-0c62-4484-830d-56ba5a5d0be2_deflate.tif,2400,2098,simple_guide_cover2.tif,3,(Cover & interior images),ok
12970038,d21e0e83-0b91-40e0-91f9-10c0ef1faffc,2016/02/11/19,/iiif/2016/02/11/19/d21e0e83-0b91-40e0-91f9-10c0ef1faffc_deflate.tif,1800,2400,Call_ampersand1.tif,2,(Cover & interior images),ok
13107756,d22842b5-9a11-4da9-abcb-8f522144aae7,2016/02/22/18,/iiif/2016/02/22/18/d22842b5-9a11-4da9-abcb-8f522144aae7_deflate.tif,2400,1800,Ann_Scales1.tif,2,(Cover & interior images),ok
723213,cb95ee1a-81f8-4364-bf38-22f28cc7edd6,2012/08/23/11,/iiif/2012/08/23/11/cb95ee1a-81f8-4364-bf38-22f28cc7edd6_deflate.tif,1800,2400,sueno del siglo pasado1.tif,3,(Images of the enclosure & interior),ok
14902827,e4e8761e-ca20-46bd-9ca5-dcb6a72a01e6,2016/05/26/13,/iiif/2016/05/26/13/e4e8761e-ca20-46bd-9ca5-dcb6a72a01e6_deflate.tif,1800,2400,Del_trovador1.tif,2,(Cover & interior images),ok
19313407,bbe36d3a-7342-4fe5-842f-18fc678836bb,2017/04/08/12,/iiif/2017/04/08/12/bbe36d3a-7342-4fe5-842f-18fc678836bb_deflate.tif,2400,2184,escribir_cover2.tif,2,(Cover & interior images),ok
722083,17e84f51-7956-4557-a9f8-a2da0c12e2fb,2012/08/22/14,/iiif/2012/08/22/14/17e84f51-7956-4557-a9f8-a2da0c12e2fb_deflate.tif,2636,1780,Sindrome de diogenes1.tif,2,(Cover & interior images),ok
518143,4a3edfbf-b8c0-4f6f-88c5-af7dc2282051,2012/05/11/12,/iiif/2012/05/11/12/4a3edfbf-b8c0-4f6f-88c5-af7dc2282051_deflate.tif,2400,1800,and so forth2.tif,1,(Interior image),ok
16387446,539a5816-fada-4a5a-9aa5-911041036909,2016/08/11/15,/iiif/2016/08/11/15/539a5816-fada-4a5a-9aa5-911041036909_deflate.tif,1800,2400,Franco_dangerous_book1.tif,2,(Cover & interior images),ok
13604301,3ff1b8f7-56da-46eb-851a-3442a3da3e40,2016/04/04/20,/iiif/2016/04/04/20/3ff1b8f7-56da-46eb-851a-3442a3da3e40_deflate.tif,2400,1800,Kitchen_stories1.tif,2,(Cover & interior images),ok
13412082,17dcff45-2ff0-43b9-a640-11536288a3b3,2016/03/18/12,/iiif/2016/03/18/12/17dcff45-2ff0-43b9-a640-11536288a3b3_deflate.tif,1800,2400,Passport1.tif,2,(Cover & interior images),ok
17987446,1e0bc5eb-ef7a-45cd-bf58-2d2b29d1abb9,2016/12/12/12,/iiif/2016/12/12/12/1e0bc5eb-ef7a-45cd-bf58-2d2b29d1abb9_deflate.tif,1788,2400,bodiless_watcher_cover2.tif,2,(Cover & interior images),ok
19117892,e8692160-3d8f-412f-96c6-ab9a41c27fdc,2017/03/20/15,/iiif/2017/03/20/15/e8692160-3d8f-412f-96c6-ab9a41c27fdc_deflate.tif,1938,2400,chronicles_migration_cover1.tif,2,(Cover & interior images),ok
22273745,6f2f3efa-c62d-42b2-85a9-8d0da91688c8,2018/01/29/18,/iiif/2018/01/29/18/6f2f3efa-c62d-42b2-85a9-8d0da91688c8_deflate.tif,2400,1800,look_london_look1.tif,2,(Cover & interior images),ok
18861198,020c7050-ce86-4a96-badb-8b45e66b8633,2017/02/11/12,/iiif/2017/02/11/12/020c7050-ce86-4a96-badb-8b45e66b8633_deflate.tif,2140,2400,belgian_autumn_cover3.tif,2,(Cover & interior images),ok
23957454,5ef13548-f49e-40ac-9b59-c45351e51d79,2018/09/25/20,/iiif/2018/09/25/20/5ef13548-f49e-40ac-9b59-c45351e51d79_deflate.tif,1563,1932,do_you_know_this_tree1.tif,2,(Cover & interior images),ok
22831047,c267995e-7b8e-478b-81cd-f20beb5059fc,2018/05/04/15,/iiif/2018/05/04/15/c267995e-7b8e-478b-81cd-f20beb5059fc_deflate.tif,1711,2400,gymnopaedia_no.51.tif,3,(Cover & interior images),ok
21083093,1a59099f-807b-4448-a607-4cb25c701f55,2017/08/02/12,/iiif/2017/08/02/12/1a59099f-807b-4448-a607-4cb25c701f55_deflate.tif,2381,2400,angry_white_men_cover2.tif,2,(Cover & interior images),ok
631879,a0a22c1c-91aa-4ceb-adf1-1f0949729c47,2012/07/23/12,/iiif/2012/07/23/12/a0a22c1c-91aa-4ceb-adf1-1f0949729c47_deflate.tif,2112,2816,caido del cielo3redo.tif,2,(Cover & interior images),ok
12405948,13359033-652b-416d-83eb-f48b9fc57e28,2015/12/01/12,/iiif/2015/12/01/12/13359033-652b-416d-83eb-f48b9fc57e28_deflate.tif,1800,2400,Book_of_Stamps1.tif,2,(Cover & interior images),ok
21034139,3217ff5d-907b-4f5e-962c-599a2da9837a,2017/07/24/16,/iiif/2017/07/24/16/3217ff5d-907b-4f5e-962c-599a2da9837a_deflate.tif,2199,2400,oral_aural_cover2.tif,3,(Cover & interior images),ok
639170,8a1a886b-f917-48b5-a891-9bd983a44e6f,2012/07/25/14,/iiif/2012/07/25/14/8a1a886b-f917-48b5-a891-9bd983a44e6f_deflate.tif,1800,2400,gaby y el amor1.tif,2,(Cover & interior images),ok
15089813,dd9fe9ea-b32e-4120-9022-3b245a074485,2016/06/10/10,/iiif/2016/06/10/10/dd9fe9ea-b32e-4120-9022-3b245a074485_deflate.tif,1800,2400,Tomorrows_man1_1.tif,2,(Cover & interior images),ok
18433691,5551a011-aed1-44c4-b4d1-2e9aa946bc31,2017/01/23/14,/iiif/2017/01/23/14/5551a011-aed1-44c4-b4d1-2e9aa946bc31_deflate.tif,1803,2400,cayuga_nation_cover2.tif,2,(Cover & interior images),ok
20998850,2f02b482-94ef-4735-bf04-4acfc193269f,2017/06/29/14,/iiif/2017/06/29/14/2f02b482-94ef-4735-bf04-4acfc193269f_deflate.tif,2400,1863,portfolio_of_piles_cover1.tif,2,(Cover & interior images),ok
18433701,845e25c9-1a1e-4d27-a16d-c5937001a495,2017/01/23/14,/iiif/2017/01/23/14/845e25c9-1a1e-4d27-a16d-c5937001a495_deflate.tif,2400,1964,43_cover1.tif,2,(Cover & interior images),ok
659967,513ba845-3e0d-4354-b983-2870da63fbcc,2012/08/01/12,/iiif/2012/08/01/12/513ba845-3e0d-4354-b983-2870da63fbcc_deflate.tif,3216,4288,everythingIkept1.tif,3,(Cover & interior images),ok
23090568,e2313b6e-217f-4fe5-bae0-92389d90ff1c,2018/06/19/13,/iiif/2018/06/19/13/e2313b6e-217f-4fe5-bae0-92389d90ff1c_deflate.tif,1662,2279,solaris1.tif,2,(Cover & interior images),ok
20473286,defe68f8-03da-4dfd-87ee-69f24d02b869,2017/05/15/16,/iiif/2017/05/15/16/defe68f8-03da-4dfd-87ee-69f24d02b869_deflate.tif,1956,2400,poema_mexicano_cover1.tif,2,(Cover & interior images),ok
12653189,48927a89-7c47-44f6-9b10-61b63a7791d1,2016/01/15/15,/iiif/2016/01/15/15/48927a89-7c47-44f6-9b10-61b63a7791d1_deflate.tif,1800,2400,Cuadernos_y_márgenes1.tif,2,(Cover & interior images),ok
21007074,00c53a83-91fb-460d-a19a-2115537cfb1c,2017/07/10/14,/iiif/2017/07/10/14/00c53a83-91fb-460d-a19a-2115537cfb1c_deflate.tif,1936,2400,e_scapes_cover4.tif,3,(Cover & interior images),ok
13691444,30343a09-7af4-4379-b08f-9f0a062c67b1,2016/04/07/19,/iiif/2016/04/07/19/30343a09-7af4-4379-b08f-9f0a062c67b1_deflate.tif,1800,2400,El_gordo1.tif,1,(Cover),ok
18344730,4598ecdf-5331-48a7-8a8e-7ee47debe6f0,2017/01/21/13,/iiif/2017/01/21/13/4598ecdf-5331-48a7-8a8e-7ee47debe6f0_deflate.tif,2000,2348,versus_black_cover2.tif,2,(Cover & interior images),ok
18344732,9afe019f-6366-45c5-aa51-860150b7c35c,2017/01/21/13,/iiif/2017/01/21/13/9afe019f-6366-45c5-aa51-860150b7c35c_deflate.tif,2017,2400,versus_white_cover2.tif,2,(Cover & interior images),ok
20998846,0d7533b0-bbd8-4a0e-b307-30b58cc9c127,2017/06/29/14,/iiif/2017/06/29/14/0d7533b0-bbd8-4a0e-b307-30b58cc9c127_deflate.tif,2004,2400,mothers_book_cover1.tif,2,(Cover & interior images),ok
17457784,f1a9f844-bf2c-494e-8465-d24a30b710c5,2016/12/02/13,/iiif/2016/12/02/13/f1a9f844-bf2c-494e-8465-d24a30b710c5_deflate.tif,1867,2400,bobby_cover4.tif,2,(Cover & interior images),ok
12970050,2fd4d9de-060b-497e-a981-efd59e7006b7,2016/02/11/19,/iiif/2016/02/11/19/2fd4d9de-060b-497e-a981-efd59e7006b7_deflate.tif,1800,2400,los separadores1.tif,2,(Cover & interior images),ok
694065,0bde492d-f096-4534-9210-7bc02c89b11f,2015/05/05/16,/iiif/2015/05/05/16/0bde492d-f096-4534-9210-7bc02c89b11f_deflate.tif,1800,2400,para ver antes de ir a la cama1.tif,2,(Cover & interior images),ok
12502207,95ffb5db-a869-4b35-a68e-94441707c1a0,2015/12/11/10,/iiif/2015/12/11/10/95ffb5db-a869-4b35-a68e-94441707c1a0_deflate.tif,2400,1800,Ayotzinapa1.tif,2,(Cover & interior images),ok
19334688,15f3d15e-fa04-4bb0-80cb-d2fb6fc38e43,2017/04/11/20,/iiif/2017/04/11/20/15f3d15e-fa04-4bb0-80cb-d2fb6fc38e43_deflate.tif,2032,2400,floodgate_companion_cover1.tif,2,(Cover & interior images),ok
13088999,229c1b8b-02fb-464d-b2bf-08ce721cb1dc,2016/02/18/19,/iiif/2016/02/18/19/229c1b8b-02fb-464d-b2bf-08ce721cb1dc_deflate.tif,1800,2400,Dos_poetas1.tif,2,(Cover & interior images),ok
13517978,49efb8af-3165-4538-8c50-f155f91a690e,2016/03/30/12,/iiif/2016/03/30/12/49efb8af-3165-4538-8c50-f155f91a690e_deflate.tif,1800,2400,Velvet1.tif,2,(Cover & interior images),ok
12909018,37a3850c-ef96-436f-894e-8eca508860a8,2016/02/08/18,/iiif/2016/02/08/18/37a3850c-ef96-436f-894e-8eca508860a8_deflate.tif,2400,1800,Maria_rie_por_dentro1.tif,2,(Images of the enclosure & interior),ok
12641440,28f9a4e0-11c7-4763-a71c-da893f008e55,2016/01/14/19,/iiif/2016/01/14/19/28f9a4e0-11c7-4763-a71c-da893f008e55_deflate.tif,2400,1800,Subliminal_messages1.tif,2,(Cover & interior images),ok
16605852,12ff288a-427b-4532-9e90-6ce95d020e0b,2016/08/29/10,/iiif/2016/08/29/10/12ff288a-427b-4532-9e90-6ce95d020e0b_deflate.tif,2400,1800,Doble_faz1.tif,2,(Cover & interior images),ok
641587,69a7a0c2-690b-4984-a4a5-706b99bb4826,2012/07/26/12,/iiif/2012/07/26/12/69a7a0c2-690b-4984-a4a5-706b99bb4826_deflate.tif,1800,2400,i love you1.tif,2,(Cover & interior images),ok
19116182,054cf58a-89c9-4c78-a48f-7dcf47b11cbb,2017/03/20/10,/iiif/2017/03/20/10/054cf58a-89c9-4c78-a48f-7dcf47b11cbb_deflate.tif,1808,2400,9_migraine_cures_cover3.tif,3,(Cover & interior images),ok
14902818,f114f034-3e23-4dd6-bf93-6f4b39b03e2f,2016/05/26/13,/iiif/2016/05/26/13/f114f034-3e23-4dd6-bf93-6f4b39b03e2f_deflate.tif,2400,1800,Pescador_de_eneros1.tif,2,(Cover & interior images),ok
641606,43cdb406-e241-4974-84b1-a89ccaaa1844,2012/07/26/12,/iiif/2012/07/26/12/43cdb406-e241-4974-84b1-a89ccaaa1844_deflate.tif,2816,2112,illustrations of power2.tif,2,(Cover & interior images),ok
22686138,3bf66964-c299-44b6-a2c2-66868fa05a11,2018/04/21/16,/iiif/2018/04/21/16/3bf66964-c299-44b6-a2c2-66868fa05a11_deflate.tif,1988,2400,primer_intento1.tif,2,(Cover & interior images),ok
18344721,129f0e92-6e05-477f-ad95-23de5ede0bc3,2017/01/21/13,/iiif/2017/01/21/13/129f0e92-6e05-477f-ad95-23de5ede0bc3_deflate.tif,2092,2400,complex_of_all_of_these_cover2.tif,2,(Cover & interior images),ok
13971616,2fed91cc-0c55-4bb8-a511-a7a658a75460,2016/04/18/18,/iiif/2016/04/18/18/2fed91cc-0c55-4bb8-a511-a7a658a75460_deflate.tif,1800,2400,Beata_risográfica1.tif,2,(Cover & interior images),ok
21536778,b19ae794-7a46-455d-8ea0-4a68e4504048,2017/09/13/19,/iiif/2017/09/13/19/b19ae794-7a46-455d-8ea0-4a68e4504048_deflate.tif,1654,2400,diary_images_cover1.tif,2,(Cover & interior images),ok
17457788,f12b8e03-272e-45cb-84bd-4ebf85e90c13,2016/12/02/13,/iiif/2016/12/02/13/f12b8e03-272e-45cb-84bd-4ebf85e90c13_deflate.tif,2400,1800,an_intrusion_cover2.tif,2,(Cover & interior images),ok
14175115,3dc31473-ff3b-4a39-a3b8-a1a3ce20ec61,2016/04/27/11,/iiif/2016/04/27/11/3dc31473-ff3b-4a39-a3b8-a1a3ce20ec61_deflate.tif,2400,1800,Vaivén1.tif,2,(Cover & interior images),ok
19334698,53aee18f-da35-4a83-a7e8-642fba869f44,2017/04/11/20,/iiif/2017/04/11/20/53aee18f-da35-4a83-a7e8-642fba869f44_deflate.tif,2304,2400,work_of_the_axe_cover2.tif,4,(Cover & interior images),ok
1297613,03b0573a-a3f2-476d-ba39-10a5f33863ab,2013/01/23/19,/iiif/2013/01/23/19/03b0573a-a3f2-476d-ba39-10a5f33863ab_deflate.tif,4103,3072,aliciaenelpaisdeladanza1.tif,4,(Cover & interior images),ok
641979,c0b2c658-5f9d-498e-954f-0837cb78fc68,2012/07/26/15,/iiif/2012/07/26/15/c0b2c658-5f9d-498e-954f-0837cb78fc68_deflate.tif,2396,2080,lines and non-lines1.tif,2,(Cover & interior images),ok
519433,afdb53fd-f70a-44c9-b821-54f80d6c687b,2012/05/11/15,/iiif/2012/05/11/15/afdb53fd-f70a-44c9-b821-54f80d6c687b_deflate.tif,2040,2816,as in ds1.tif,2,(Cover & interior images),ok
20473284,a4ea53eb-7b9f-4b1e-81e0-3c04cd3d0fe0,2017/05/15/16,/iiif/2017/05/15/16/a4ea53eb-7b9f-4b1e-81e0-3c04cd3d0fe0_deflate.tif,2400,1692,my_constant_companion_cover1.tif,2,(Cover & interior images),ok
14898648,6044694f-7b8b-4f26-94fc-e1a85f04f87a,2016/05/25/14,/iiif/2016/05/25/14/6044694f-7b8b-4f26-94fc-e1a85f04f87a_deflate.tif,1800,2400,Punzocortante1.tif,2,(Cover & interior images),ok
732310,379a4122-211e-43a2-86a3-c6573ee484ff,2015/05/15/16,/iiif/2015/05/15/16/379a4122-211e-43a2-86a3-c6573ee484ff_deflate.tif,1800,2400,the practical speller1.tif,2,(Cover & interior images),ok
692902,f1787ea3-a504-42ff-9a20-3541bd6c9341,2012/08/08/10,/iiif/2012/08/08/10/f1787ea3-a504-42ff-9a20-3541bd6c9341_deflate.tif,2816,2112,narcisismo1.tif,2,(Cover & interior images),ok
721741,d18bd296-c484-4be5-b6cd-8e951260d21d,2012/08/22/13,/iiif/2012/08/22/13/d18bd296-c484-4be5-b6cd-8e951260d21d_deflate.tif,1800,2400,seudonimos de la muerte1.tif,1,(Cover),ok
23249418,50a2e592-eafc-4e95-b490-458621c1041f,2018/07/23/16,/iiif/2018/07/23/16/50a2e592-eafc-4e95-b490-458621c1041f_deflate.tif,1930,2400,anotacoes_noturnas1.tif,2,(Cover & interior images),ok
15067714,5a824cc3-aa9d-4586-bf4d-ec20cf4a9c6d,2016/06/01/13,/iiif/2016/06/01/13/5a824cc3-aa9d-4586-bf4d-ec20cf4a9c6d_deflate.tif,1800,2400,Vele1.tif,2,(Cover & interior images),ok
641062,e2651465-4b96-413e-878f-a186a1abebbd,2012/07/26/11,/iiif/2012/07/26/11/e2651465-4b96-413e-878f-a186a1abebbd_deflate.tif,2816,2112,i am siam1.tif,2,(Interior images),ok
14290371,6b4cd795-53b9-406c-b2d6-790cdd212f0b,2016/05/02/20,/iiif/2016/05/02/20/6b4cd795-53b9-406c-b2d6-790cdd212f0b_deflate.tif,1800,2400,En_la_rivera1.tif,1,(Cover),ok
639117,0e72c25c-88b7-427c-a0a9-4cd48e1db17a,2012/07/25/14,/iiif/2012/07/25/14/0e72c25c-88b7-427c-a0a9-4cd48e1db17a_deflate.tif,1800,2400,for the voice1.tif,3,(Cover & interior images),ok
23965276,db239155-fefa-4a77-af02-e35f7f8506d6,2018/09/29/15,/iiif/2018/09/29/15/db239155-fefa-4a77-af02-e35f7f8506d6_deflate.tif,1866,2400,eden1.tif,2,(Cover & interior images),ok
13002611,f08d7497-841e-443e-bb35-be9c3e52c1ad,2016/02/12/15,/iiif/2016/02/12/15/f08d7497-841e-443e-bb35-be9c3e52c1ad_deflate.tif,1800,2400,Body_art1.tif,2,(Cover & interior images),ok
16069575,c869b072-cd14-484d-8ec3-9f4737bf9a86,2016/07/18/11,/iiif/2016/07/18/11/c869b072-cd14-484d-8ec3-9f4737bf9a86_deflate.tif,2400,1800,Equipaje_de_mano1.tif,2,(Cover & interior images),ok
512699,0c4b3bad-0573-4d47-bdd5-cf48ed110ba2,2012/05/07/12,/iiif/2012/05/07/12/0c4b3bad-0573-4d47-bdd5-cf48ed110ba2_deflate.tif,1800,2400,955_000-1.tif,2,(Interior images),ok
22007974,2e6ab002-58ed-4ad7-9cf8-fd7c74ca4694,2017/12/11/10,/iiif/2017/12/11/10/2e6ab002-58ed-4ad7-9cf8-fd7c74ca4694_deflate.tif,1536,2400,acme_cover1.tif,2,(Cover & interior images),ok
16495131,0efe1759-98ca-4084-a244-99099e8bc6fb,2016/08/16/13,/iiif/2016/08/16/13/0efe1759-98ca-4084-a244-99099e8bc6fb_deflate.tif,2400,1800,The_prairies1.tif,2,(Cover & interior images),ok
15088082,90c731d1-658c-4824-bf66-890786f7ccfc,2016/06/09/13,/iiif/2016/06/09/13/90c731d1-658c-4824-bf66-890786f7ccfc_deflate.tif,1800,2400,Noray1.tif,2,(Cover & interior images),ok
14567631,79ac14db-deae-402d-8e7e-1bfc233deabd,2016/05/19/13,/iiif/2016/05/19/13/79ac14db-deae-402d-8e7e-1bfc233deabd_deflate.tif,1800,2400,Brisees1.tif,2,(Cover & interior images),ok
21000836,203a1062-ef9e-43d3-8898-6b1f387adea3,2017/06/30/16,/iiif/2017/06/30/16/203a1062-ef9e-43d3-8898-6b1f387adea3_deflate.tif,2058,2400,still_cover1.tif,2,(Cover & interior images),ok
21262149,a33633a8-5492-4c91-9dae-5e79c32c3e23,2017/08/26/14,/iiif/2017/08/26/14/a33633a8-5492-4c91-9dae-5e79c32c3e23_deflate.tif,1978,2400,me_a_mound_cover1.tif,2,(Cover & interior images),ok
21007067,aa63ab08-e405-4860-ba4e-deee42151a44,2017/07/10/14,/iiif/2017/07/10/14/aa63ab08-e405-4860-ba4e-deee42151a44_deflate.tif,1900,2400,ladies_first_enclosure1.tif,4,"(Images of the enclosure, cover, & interior)",ok
12970042,dd451b87-d809-45f2-99be-4bfe228bce43,2016/02/11/18,/iiif/2016/02/11/18/dd451b87-d809-45f2-99be-4bfe228bce43_deflate.tif,1800,2400,Quatre_mains1.tif,2,(Cover & interior images),ok
12833266,2884fb17-bac6-45fe-8301-9979dbc150eb,2016/01/29/15,/iiif/2016/01/29/15/2884fb17-bac6-45fe-8301-9979dbc150eb_deflate.tif,1800,2400,Old_man_and_sea1.tif,2,(Cover & interior images),ok
21000829,eec843c5-d353-42ac-856c-ed920d325eda,2017/06/30/16,/iiif/2017/06/30/16/eec843c5-d353-42ac-856c-ed920d325eda_deflate.tif,1828,2400,x_cover1.tif,2,(Cover & interior images),ok
21536782,b0f8dfbe-c1cd-478c-8efe-d007c61588f5,2017/09/13/19,/iiif/2017/09/13/19/b0f8dfbe-c1cd-478c-8efe-d007c61588f5_deflate.tif,2012,2400,color_sound_cover1.tif,2,(Cover & interior images),ok
12833270,75321877-e35a-4ea3-82fa-86e70b49a364,2016/01/29/16,/iiif/2016/01/29/16/75321877-e35a-4ea3-82fa-86e70b49a364_deflate.tif,1800,2400,Mujeres_habitando_un_sueño1.tif,2,(Cover & interior images),ok
12405980,d7af856f-fdcc-4d9c-b442-df3ac51283ad,2015/12/01/12,/iiif/2015/12/01/12/d7af856f-fdcc-4d9c-b442-df3ac51283ad_deflate.tif,1800,2400,Maple_Leaf_Rag1.tif,2,(Cover & interior images),ok
21239697,1df7b291-50d1-4084-a683-61fa0851fc93,2017/08/21/14,/iiif/2017/08/21/14/1df7b291-50d1-4084-a683-61fa0851fc93_deflate.tif,1998,2400,ho_go_it_cover2.tif,3,(Cover & interior images),ok
722577,894877f7-332f-4af2-8bbf-a3db8ff710bb,2012/08/22/16,/iiif/2012/08/22/16/894877f7-332f-4af2-8bbf-a3db8ff710bb_deflate.tif,2048,2816,some los angeles apts1.tif,2,(Cover & interior images),ok
641627,779b4a0a-ca55-4af5-9ec8-d9600ff62528,2012/07/26/12,/iiif/2012/07/26/12/779b4a0a-ca55-4af5-9ec8-d9600ff62528_deflate.tif,2816,2112,in this land1.tif,2,(Cover & interior images),ok
950413,bfbda2d2-6b1d-4356-96d9-83acca596f75,2015/05/20/16,/iiif/2015/05/20/16/bfbda2d2-6b1d-4356-96d9-83acca596f75_deflate.tif,2400,2119,verbal landscape-dinosaur1.tif,2,(Cover & interior images),ok
18433699,93f8a1f9-b1eb-414d-815d-be9afec63bff,2017/01/23/14,/iiif/2017/01/23/14/93f8a1f9-b1eb-414d-815d-be9afec63bff_deflate.tif,1956,2400,malos_entendidos_cover2.tif,2,(Cover & interior images),ok
512894,4101381a-0d2c-4717-ab00-8af7f824da01,2012/05/07/15,/iiif/2012/05/07/15/4101381a-0d2c-4717-ab00-8af7f824da01_deflate.tif,4288,3216,AWolfinSheepsClothing_outerandinner.tif,5,(Cover & interior images),ok
15125730,5dc04127-3fad-49c3-beda-9c38cd730111,2016/06/16/13,/iiif/2016/06/16/13/5dc04127-3fad-49c3-beda-9c38cd730111_deflate.tif,1800,2400,Somewhere_between3-5_1.tif,2,(Cover & interior images),ok
19307721,74a96d80-4b81-42c7-82c5-88d98a7821e0,2017/04/04/19,/iiif/2017/04/04/19/74a96d80-4b81-42c7-82c5-88d98a7821e0_deflate.tif,1965,2400,paginations_dennis_cover1.tif,9,(Cover & interior images),ok
18883815,198f5cc3-8b73-4e7f-a708-4e313ee89aec,2017/02/13/12,/iiif/2017/02/13/12/198f5cc3-8b73-4e7f-a708-4e313ee89aec_deflate.tif,2400,2357,transition_on_63_cents_cover2.tif,2,(Cover & interior images),ok
13691455,9305eaf2-3218-4e08-8bfb-5e01db96c4e3,2016/04/07/19,/iiif/2016/04/07/19/9305eaf2-3218-4e08-8bfb-5e01db96c4e3_deflate.tif,1800,2400,Tourist_Refugee1.tif,2,(Cover & interior images),ok
519916,ccd4e0db-b991-412e-adad-5fca8deaeba1,2012/05/11/16,/iiif/2012/05/11/16/ccd4e0db-b991-412e-adad-5fca8deaeba1_deflate.tif,2816,2112,binding analysis1.tif,3,(Cover & interior images),ok
641652,4c529e9e-aa44-47b1-82c0-8961b4358b25,2012/07/26/12,/iiif/2012/07/26/12/4c529e9e-aa44-47b1-82c0-8961b4358b25_deflate.tif,1800,2400,inches and field1.tif,2,(Cover & interior images),ok
949877,2424d9ea-1140-4c76-902b-4c04f8773b00,2015/05/19/17,/iiif/2015/05/19/17/2424d9ea-1140-4c76-902b-4c04f8773b00_deflate.tif,1867,2400,umbanda jackson1.tif,1,(Cover),ok
19260818,a87a2c26-1a41-4f26-9df2-67b0b3c148dc,2017/03/30/19,/iiif/2017/03/30/19/a87a2c26-1a41-4f26-9df2-67b0b3c148dc_deflate.tif,2400,1877,parpadear_box1.tif,3,(Images of the enclosure & interior),ok
19101429,468eeacd-65bf-43ba-88d4-20ce88692c29,2017/03/09/19,/iiif/2017/03/09/19/468eeacd-65bf-43ba-88d4-20ce88692c29_deflate.tif,2367,2400,changing_license_cover3.tif,2,(Cover & interior images),ok
21821593,2d6ac340-f306-4ab3-854b-71da3a0501a3,2017/11/13/12,/iiif/2017/11/13/12/2d6ac340-f306-4ab3-854b-71da3a0501a3_deflate.tif,2400,2128,television_cover2.tif,2,(Cover & interior images),ok
13319127,28ffe691-bf5e-4301-9c0f-e6abc7dd3291,2016/03/11/13,/iiif/2016/03/11/13/28ffe691-bf5e-4301-9c0f-e6abc7dd3291_deflate.tif,1800,2400,untitled poppy johnson2.tif,3,(Cover & interior images),ok
13691449,e99f9ef1-d2d4-4d20-83c3-ca11527d67ac,2016/04/07/19,/iiif/2016/04/07/19/e99f9ef1-d2d4-4d20-83c3-ca11527d67ac_deflate.tif,2400,1800,Palpung_Parkhang1.tif,2,(Cover & interior images),ok
12543672,ba3bdf42-b11a-411e-a7b7-6b98b5cacbc3,2015/12/17/11,/iiif/2015/12/17/11/ba3bdf42-b11a-411e-a7b7-6b98b5cacbc3_deflate.tif,1800,2400,EE_EE1.tif,2,(Cover & interior images),ok
641868,b91a9948-847f-4ea6-954e-ff99fcb75dea,2012/07/26/13,/iiif/2012/07/26/13/b91a9948-847f-4ea6-954e-ff99fcb75dea_deflate.tif,2112,2816,it wasn't little rock2.tif,2,(Cover & interior images),ok
14183099,e31d56f8-4cf7-4053-a74b-033fcb088b79,2016/04/29/16,/iiif/2016/04/29/16/e31d56f8-4cf7-4053-a74b-033fcb088b79_deflate.tif,2400,1800,El_7_plagas1.tif,2,(Cover & interior images),ok
22831044,e09f6af6-d716-409b-b533-e49e38ae16ad,2018/05/04/15,/iiif/2018/05/04/15/e09f6af6-d716-409b-b533-e49e38ae16ad_deflate.tif,1813,2400,flashpoint1.tif,3,(Cover & interior images),ok
21804664,6d2b1a6e-e8e6-476f-b2fd-8a7b606954c1,2017/11/04/16,/iiif/2017/11/04/16/6d2b1a6e-e8e6-476f-b2fd-8a7b606954c1_deflate.tif,2019,2400,interference_cover1.tif,2,(Cover & interior images),ok
639239,ee691fa4-7497-4c4a-ac39-bcc81d7096a2,2012/07/25/16,/iiif/2012/07/25/16/ee691fa4-7497-4c4a-ac39-bcc81d7096a2_deflate.tif,2112,2816,hereditary study1.tif,2,(Cover & interior images),ok
14339007,9faf0010-33d6-4e4e-8acd-406683402d75,2016/05/06/16,/iiif/2016/05/06/16/9faf0010-33d6-4e4e-8acd-406683402d75_deflate.tif,1800,2400,7_grabados1.tif,2,(Cover & interior images),ok
16205680,676175ed-1a75-430e-b2b1-6f5cdee54ddb,2016/07/27/12,/iiif/2016/07/27/12/676175ed-1a75-430e-b2b1-6f5cdee54ddb_deflate.tif,1800,2400,Gathered_leaves1.tif,2,(Cover & interior images),ok
18861196,c087aa1e-253b-4062-ad4b-9f5ce7bd0dd4,2017/02/11/12,/iiif/2017/02/11/12/c087aa1e-253b-4062-ad4b-9f5ce7bd0dd4_deflate.tif,2088,2400,meadow_cover2.tif,2,(Cover & interior images),ok
19103877,175f47fc-e79a-497e-aeb7-33c8310fc0de,2017/03/15/10,/iiif/2017/03/15/10/175f47fc-e79a-497e-aeb7-33c8310fc0de_deflate.tif,2400,1634,game_of_chess_cover1.tif,2,(Cover & interior images),ok
23965274,c769d14e-2722-4fa0-918a-47c4d198ea71,2018/09/29/15,/iiif/2018/09/29/15/c769d14e-2722-4fa0-918a-47c4d198ea71_deflate.tif,1751,2400,ecce_homo1.tif,2,(Cover & interior images),ok
15088080,b34a793f-4ac0-4e4b-97e5-d59109f87fcc,2016/06/09/13,/iiif/2016/06/09/13/b34a793f-4ac0-4e4b-97e5-d59109f87fcc_deflate.tif,1800,2400,Las_Meninas1.tif,2,(Cover & interior images),ok
21262145,727d5958-c371-4359-b07e-550b7c7758e0,2017/08/26/14,/iiif/2017/08/26/14/727d5958-c371-4359-b07e-550b7c7758e0_deflate.tif,2042,2400,cover_to_cover_cover1.tif,2,(Cover & interior images),ok
14844657,203cba1e-2a03-4970-9f0e-6a4d72b04e91,2016/05/24/14,/iiif/2016/05/24/14/203cba1e-2a03-4970-9f0e-6a4d72b04e91_deflate.tif,1800,2400,Time_i$1.tif,3,(Cover & interior images),ok
13083369,51be6731-b349-457b-ab79-593042081b53,2016/02/17/12,/iiif/2016/02/17/12/51be6731-b349-457b-ab79-593042081b53_deflate.tif,1800,2400,Come_again1.tif,2,(Cover & interior images),ok
19334686,03dd5a7d-b91b-4e01-b869-99650b713295,2017/04/11/20,/iiif/2017/04/11/20/03dd5a7d-b91b-4e01-b869-99650b713295_deflate.tif,1877,2400,de_lo_que_cover1.tif,2,(Cover & interior images),ok
12653201,c7770c8d-31f0-4e39-9836-71d8d6a9af22,2018/02/02/11,/iiif/2018/02/02/11/c7770c8d-31f0-4e39-9836-71d8d6a9af22_deflate.tif,2400,3286,mine_fields1.tif,2,(Cover & interior images),ok
694005,145b9e2c-c47f-47c2-aaba-2f45fd9a12a4,2012/08/09/10,/iiif/2012/08/09/10/145b9e2c-c47f-47c2-aaba-2f45fd9a12a4_deflate.tif,2816,2112,ocean dunes1.tif,3,"(Images of the enclosure, cover, & interior)",ok
19101412,6540f171-7329-40c8-9f76-9d54a1ce3d55,2017/03/09/19,/iiif/2017/03/09/19/6540f171-7329-40c8-9f76-9d54a1ce3d55_deflate.tif,2374,2400,family_cover1.tif,2,(Cover & interior images),ok
639120,ae849508-08c5-4ee7-922f-bb841b9763d2,2012/07/25/14,/iiif/2012/07/25/14/ae849508-08c5-4ee7-922f-bb841b9763d2_deflate.tif,2112,2816,fragile kingdom1.tif,2,(Cover & interior images),ok
15067722,0eb43557-39ce-4314-8bb9-6907d665540d,2016/06/01/13,/iiif/2016/06/01/13/0eb43557-39ce-4314-8bb9-6907d665540d_deflate.tif,1800,2400,128_details1.tif,2,(Cover & interior images),ok
13450768,5c26285f-7f6f-4b19-8ebc-a34baf1704e7,2018/02/02/11,/iiif/2018/02/02/11/5c26285f-7f6f-4b19-8ebc-a34baf1704e7_deflate.tif,1706,2400,a_hundred_years_of_lex_flex1.tif,2,(Cover & interior images),ok
13693708,570a4ac8-5fa2-4421-a2cc-05fa897e88e8,2016/04/08/14,/iiif/2016/04/08/14/570a4ac8-5fa2-4421-a2cc-05fa897e88e8_deflate.tif,2400,1800,Got_a_minute1.tif,2,(Cover & interior images),ok
22344589,2613aff7-0d34-4d61-bc83-376d0173ab50,2018/02/23/13,/iiif/2018/02/23/13/2613aff7-0d34-4d61-bc83-376d0173ab50_deflate.tif,1964,2400,lovelines_in_the_nineties1.tif,2,(Cover & interior images),ok
22273651,e8458a0a-546d-4512-bb74-37a84b3bb07d,2018/01/29/17,/iiif/2018/01/29/17/e8458a0a-546d-4512-bb74-37a84b3bb07d_deflate.tif,2400,3779,libro_quemado1.tif,2,(Cover & interior images),ok
13420280,1a107f56-f077-4c97-ba52-0d66e864e28e,2016/03/21/17,/iiif/2016/03/21/17/1a107f56-f077-4c97-ba52-0d66e864e28e_deflate.tif,1800,2400,Exhibition_of_paintings1.tif,2,(Cover & interior images),ok
13693720,a6b23381-b525-4356-9b71-5974180c6e6f,2016/04/08/14,/iiif/2016/04/08/14/a6b23381-b525-4356-9b71-5974180c6e6f_deflate.tif,1800,2400,Manual_de_supervivencia1.tif,2,(Cover & interior images),ok
14844654,bd51ac12-20ca-45a9-b3ae-bf98954f742e,2016/05/24/14,/iiif/2016/05/24/14/bd51ac12-20ca-45a9-b3ae-bf98954f742e_deflate.tif,2400,1800,love poems1.tif,3,(Cover & interior images),ok
21821586,9c3f2f5e-355c-47be-aa1d-98d7068d9cb0,2017/11/13/11,/iiif/2017/11/13/11/9c3f2f5e-355c-47be-aa1d-98d7068d9cb0_deflate.tif,2274,2400,in_case_of_emergency_cover1.tif,4,(Cover & interior images),ok
20998848,4e9f5d99-f76a-4bad-85f2-dd3845690348,2017/06/29/14,/iiif/2017/06/29/14/4e9f5d99-f76a-4bad-85f2-dd3845690348_deflate.tif,2001,2303,historias_de_viajes_cover2.tif,2,(Cover & interior images),ok
659778,8836eee4-7f92-4aea-9aa2-d2b050aa870f,2012/08/01/11,/iiif/2012/08/01/11/8836eee4-7f92-4aea-9aa2-d2b050aa870f_deflate.tif,4288,3216,insidethewhitecube1.tif,3,(Interior images),ok
15067710,e86f4435-744a-4f47-a52f-d0787eafb4fe,2016/06/01/13,/iiif/2016/06/01/13/e86f4435-744a-4f47-a52f-d0787eafb4fe_deflate.tif,1800,2400,El_Palentino1.tif,2,(Cover & interior images),ok
13691453,b9865307-0b59-4d85-8097-2ff016a2700d,2016/04/07/19,/iiif/2016/04/07/19/b9865307-0b59-4d85-8097-2ff016a2700d_deflate.tif,1800,2400,Memory_lapse1.tif,2,(Cover & interior images),ok
16387440,ad68b074-59ac-4b35-a91b-ba345f7c86de,2016/08/11/15,/iiif/2016/08/11/15/ad68b074-59ac-4b35-a91b-ba345f7c86de_deflate.tif,2400,1800,Bicentenaire_Trouillot1.tif,2,(Cover & interior images),ok
694581,037075e8-6f56-4c72-a2ad-b2d9cbe46cc2,2012/08/10/10,/iiif/2012/08/10/10/037075e8-6f56-4c72-a2ad-b2d9cbe46cc2_deflate.tif,2400,1800,poemas visuales2.tif,2,(Cover & interior images),ok
21030386,a3b8b073-2a55-49ee-b459-a4b163927626,2017/07/21/10,/iiif/2017/07/21/10/a3b8b073-2a55-49ee-b459-a4b163927626_deflate.tif,2400,2051,distraction_cover3.tif,3,(Cover & interior images),ok
20634638,01465abc-2c41-4e7b-8674-ed5d71967660,2017/06/06/13,/iiif/2017/06/06/13/01465abc-2c41-4e7b-8674-ed5d71967660_deflate.tif,1891,2400,operators_manual_envelope2.tif,5,"(Images of the enclosure, cover, & interior)",ok
14339014,d2b17a84-e9dd-4833-bc76-a6e1708d67f6,2016/05/06/16,/iiif/2016/05/06/16/d2b17a84-e9dd-4833-bc76-a6e1708d67f6_deflate.tif,1800,2400,Real_estate_opportunities1.tif,2,(Cover & interior images),ok
19116179,9881309a-09a8-46e3-9528-3aa5f46c694d,2017/03/20/10,/iiif/2017/03/20/10/9881309a-09a8-46e3-9528-3aa5f46c694d_deflate.tif,2337,2400,mother_coming_to_town_cover2.tif,3,(Cover & interior images),ok
641599,eb1b36f6-6fd8-4eb1-a013-a1a7c6f055f5,2012/07/26/12,/iiif/2012/07/26/12/eb1b36f6-6fd8-4eb1-a013-a1a7c6f055f5_deflate.tif,1924,2400,i want to take picture1.tif,2,(Cover & interior images),ok
14183093,a820f058-769e-405e-840f-6e2353daa5f0,2016/04/29/16,/iiif/2016/04/29/16/a820f058-769e-405e-840f-6e2353daa5f0_deflate.tif,1800,2400,Sole_y_Dario1.tif,2,(Cover & interior images),ok
13107764,9b6bc4e1-dde8-4171-b07e-86a12f6693f1,2016/02/22/18,/iiif/2016/02/22/18/9b6bc4e1-dde8-4171-b07e-86a12f6693f1_deflate.tif,2400,1800,Reacciones_adversas1.tif,2,(Cover & interior images),ok
18344723,3c8dc83d-6767-4c9b-839c-4695ed28cd6e,2017/01/21/13,/iiif/2017/01/21/13/3c8dc83d-6767-4c9b-839c-4695ed28cd6e_deflate.tif,2400,1690,tea_c_cover1.tif,2,(Cover & interior images),ok
19117890,33654754-705b-4d3a-9380-b3d158a30656,2017/03/20/15,/iiif/2017/03/20/15/33654754-705b-4d3a-9380-b3d158a30656_deflate.tif,1610,2400,run_book_cover1.tif,2,(Cover & interior images),ok
21798632,1c622768-abd0-4aae-96bb-10cb862c0403,2017/11/01/20,/iiif/2017/11/01/20/1c622768-abd0-4aae-96bb-10cb862c0403_deflate.tif,1827,2400,genetics_lesson_cover.tif,3,(Cover & interior images),ok
631941,da084d2b-7493-45c8-ac8a-bdf21d94723e,2012/07/23/13,/iiif/2012/07/23/13/da084d2b-7493-45c8-ac8a-bdf21d94723e_deflate.tif,3216,4288,Captivechains_cover.tif,2,(Cover & interior images),ok
19101421,f4cfb38e-54f0-431c-af60-5b871eceff8e,2017/03/09/19,/iiif/2017/03/09/19/f4cfb38e-54f0-431c-af60-5b871eceff8e_deflate.tif,2156,2400,redheaded_peckerwood_cover1.tif,2,(Cover & interior images),ok
13412090,18a471b8-12ea-4d6b-9749-ec0b9750244e,2016/03/18/12,/iiif/2016/03/18/12/18a471b8-12ea-4d6b-9749-ec0b9750244e_deflate.tif,1800,2400,worldlibrariesofartistsbooks1.tif,2,(Cover & interior images),ok
15088078,24c1b8db-a566-4634-bda6-98ec545c89c6,2016/06/09/13,/iiif/2016/06/09/13/24c1b8db-a566-4634-bda6-98ec545c89c6_deflate.tif,1800,2400,Fractal_state1.tif,2,(Cover & interior images),ok
14898637,620c2ad8-6e74-46b5-baa8-150f4c439f94,2016/05/25/14,/iiif/2016/05/25/14/620c2ad8-6e74-46b5-baa8-150f4c439f94_deflate.tif,1800,2400,the illustrated 6 from the top1.tif,2,(Cover & interior images),ok
12909028,e3754f99-def3-444f-bcfb-50ba93b19732,2016/02/08/18,/iiif/2016/02/08/18/e3754f99-def3-444f-bcfb-50ba93b19732_deflate.tif,1800,2400,History_of_the_my_word1.tif,2,(Interior images),ok
12862525,b98a4d4f-497f-49f6-8135-e90e43fb3c37,2016/02/03/12,/iiif/2016/02/03/12/b98a4d4f-497f-49f6-8135-e90e43fb3c37_deflate.tif,1800,2400,Adventures_of_Mr_and_Mrs1.tif,3,(Cover & interior images),ok
13412088,e0954789-470d-4688-951b-7b4eef4fd458,2016/03/18/12,/iiif/2016/03/18/12/e0954789-470d-4688-951b-7b4eef4fd458_deflate.tif,2400,1800,treading the maze1.tif,2,(Cover & interior images),ok
13971630,58c1d5cf-5481-4da9-bf9e-94b5423c7c22,2016/04/18/18,/iiif/2016/04/18/18/58c1d5cf-5481-4da9-bf9e-94b5423c7c22_deflate.tif,1800,2400,Trawling_my_north_shore1.tif,2,(Cover & interior images),ok
13107867,9638a3d1-3d57-419f-8462-78194f748c91,2016/02/22/20,/iiif/2016/02/22/20/9638a3d1-3d57-419f-8462-78194f748c91_deflate.tif,1800,2400,Nuclear_atlas1.tif,2,(Cover & interior images),ok
968558,1a23fea9-833a-4fa3-98e6-e6db56bfb8a7,2012/10/29/18,/iiif/2012/10/29/18/1a23fea9-833a-4fa3-98e6-e6db56bfb8a7_deflate.tif,2400,1800,worldwise1.tif,3,(Images of the enclosure & interior),ok
13529428,519f5f36-887c-47b7-8045-7c75eaa38ca8,2016/03/31/20,/iiif/2016/03/31/20/519f5f36-887c-47b7-8045-7c75eaa38ca8_deflate.tif,1800,2400,Fip_y_el_bosque1.tif,2,(Cover & interior images),ok
639162,d3c11752-8dac-41e6-ae8e-bbf4499dd5fa,2012/07/25/14,/iiif/2012/07/25/14/d3c11752-8dac-41e6-ae8e-bbf4499dd5fa_deflate.tif,1800,2400,from around a lake1.tif,2,(Cover & interior images),ok
639228,405a8af2-2d25-43e0-8c20-56746439b9f3,2012/07/25/15,/iiif/2012/07/25/15/405a8af2-2d25-43e0-8c20-56746439b9f3_deflate.tif,2400,1800,happersett1.tif,2,(Images of the enclosure & interior),ok
694901,0ce38807-a54a-4b84-b934-ae77206a8afb,2015/05/08/12,/iiif/2015/05/08/12/0ce38807-a54a-4b84-b934-ae77206a8afb_deflate.tif,1919,2400,quercus psalter1.tif,3,(Cover & interior images),ok
641921,0b0a3501-0b24-4eba-bbe8-d72e6524008f,2012/07/26/14,/iiif/2012/07/26/14/0b0a3501-0b24-4eba-bbe8-d72e6524008f_deflate.tif,2400,1800,laair2.tif,2,(Cover & interior images),ok
1354633,b1af1676-be71-460f-9f62-7ae9185baa91,2013/02/28/10,/iiif/2013/02/28/10/b1af1676-be71-460f-9f62-7ae9185baa91_deflate.tif,4288,3216,arcscirclesandgrids2.tif,2,(Interior images),ok
16605850,c3235edc-73fc-4d96-b8d1-844b52b90a27,2016/08/29/10,/iiif/2016/08/29/10/c3235edc-73fc-4d96-b8d1-844b52b90a27_deflate.tif,1800,2400,Contemporary_picturesque1.tif,2,(Cover & interior images),ok
13412084,df9babce-ad4e-4fdd-9ed6-9198bc09fefc,2016/03/18/12,/iiif/2016/03/18/12/df9babce-ad4e-4fdd-9ed6-9198bc09fefc_deflate.tif,1800,2400,Tebeos_baratos1.tif,2,(Cover & interior images),ok
13002609,e3f2f786-3b41-4f4f-b728-8de05b579561,2016/02/12/15,/iiif/2016/02/12/15/e3f2f786-3b41-4f4f-b728-8de05b579561_deflate.tif,1800,2400,Odios_falsos1.tif,2,(Cover & interior images),ok
17457780,91994197-8761-489b-8395-cf8e9f3e7f88,2016/12/02/13,/iiif/2016/12/02/13/91994197-8761-489b-8395-cf8e9f3e7f88_deflate.tif,1800,2400,wrongly_bodied_cover7.tif,2,(Cover & interior images),ok
14339009,060677c9-0676-478b-be18-d80058db717d,2016/05/06/16,/iiif/2016/05/06/16/060677c9-0676-478b-be18-d80058db717d_deflate.tif,2400,1800,Colored_people1.tif,2,(Cover & interior images),ok
631973,89b81241-b0eb-434d-886c-70ecef60ff8f,2012/07/23/13,/iiif/2012/07/23/13/89b81241-b0eb-434d-886c-70ecef60ff8f_deflate.tif,2112,2816,carl andre et al1redo.tif,2,(Interior images),ok
16493161,835a361a-b971-4e1d-b085-acf443564624,2016/08/15/14,/iiif/2016/08/15/14/835a361a-b971-4e1d-b085-acf443564624_deflate.tif,2400,1800,Viaje_psicotropico1.tif,2,(Cover & interior images),ok
15083715,c0fe9dc4-9360-48e3-83cf-fe77dd147a81,2016/06/07/13,/iiif/2016/06/07/13/c0fe9dc4-9360-48e3-83cf-fe77dd147a81_deflate.tif,1800,2400,Various_fires1.tif,2,(Cover & interior images),ok
23249422,5c951638-89c3-495f-944d-afe49d7e39db,2018/07/23/16,/iiif/2018/07/23/16/5c951638-89c3-495f-944d-afe49d7e39db_deflate.tif,1800,2400,como_construir1.tif,2,(Cover & interior images),ok
15083719,51a5021b-7501-4722-8ff3-690e8c910e9c,2016/06/07/13,/iiif/2016/06/07/13/51a5021b-7501-4722-8ff3-690e8c910e9c_deflate.tif,1800,2400,Wild_pigeon1.tif,2,(Cover & interior images),ok
19101407,2751e21b-e8ad-4e1e-bb95-29094c3dd09c,2017/03/09/19,/iiif/2017/03/09/19/2751e21b-e8ad-4e1e-bb95-29094c3dd09c_deflate.tif,2223,2400,passage_cover1.tif,2,(Cover & interior images),ok
13088997,2d1becc3-ae90-40e9-ab9d-461d875300c7,2016/02/18/19,/iiif/2016/02/18/19/2d1becc3-ae90-40e9-ab9d-461d875300c7_deflate.tif,1800,2400,La_veritat_sobre1.tif,2,(Cover & interior images),ok
12970040,89381e68-210c-4295-b381-88479c759401,2016/02/11/18,/iiif/2016/02/11/18/89381e68-210c-4295-b381-88479c759401_deflate.tif,1800,2400,Luz_poemas1.tif,2,(Cover & interior images),ok
723141,5c9bb695-3955-48d8-92cf-33d6dabd3a74,2015/05/14/14,/iiif/2015/05/14/14/5c9bb695-3955-48d8-92cf-33d6dabd3a74_deflate.tif,2112,2816,soul and psyche1.tif,2,(Cover & interior images),ok
24077765,446b6aa4-bbd2-4dd4-8f9d-0ba9642cc36f,2018/10/24/10,/iiif/2018/10/24/10/446b6aa4-bbd2-4dd4-8f9d-0ba9642cc36f_deflate.tif,1800,2400,kayfa1.tif,2,(Cover & interior images),ok
14183097,35b2e6f1-cf89-43c5-a96c-e6e18a80e9a3,2016/04/29/16,/iiif/2016/04/29/16/35b2e6f1-cf89-43c5-a96c-e6e18a80e9a3_deflate.tif,1800,2400,Drowning1.tif,2,(Cover & interior images),ok
14290380,705e94f5-09e6-4229-9a0e-c31b2ada006a,2016/05/02/20,/iiif/2016/05/02/20/705e94f5-09e6-4229-9a0e-c31b2ada006a_deflate.tif,2400,1800,Enferma_del_alma1.tif,2,(Cover & interior images),ok
19376717,46a9b18a-99c9-4278-af88-d8fff35d7330,2017/04/22/14,/iiif/2017/04/22/14/46a9b18a-99c9-4278-af88-d8fff35d7330_deflate.tif,1652,2400,animal_proverbs_cover1.tif,3,(Cover & interior images),ok
16495117,6a745ad2-bb6e-4d55-8dec-3aa0a81c23eb,2016/08/16/13,/iiif/2016/08/16/13/6a745ad2-bb6e-4d55-8dec-3aa0a81c23eb_deflate.tif,1800,2400,Day_of_the_rope1.tif,2,(Cover & interior images),ok
19248060,98a645bd-cbb3-480a-ad3b-31456c004564,2017/03/28/17,/iiif/2017/03/28/17/98a645bd-cbb3-480a-ad3b-31456c004564_deflate.tif,2010,2400,altered_book_cover1.tif,2,(Cover & interior images),ok
12862531,31fd3897-0011-4cbb-8287-1cb7d654c82c,2016/02/03/11,/iiif/2016/02/03/11/31fd3897-0011-4cbb-8287-1cb7d654c82c_deflate.tif,1800,2400,Roodborst_territorium1.tif,2,(Cover & interior images),ok
642027,a1be5c90-98d9-4526-a0a1-feb2e68bd86a,2012/07/26/15,/iiif/2012/07/26/15/a1be5c90-98d9-4526-a0a1-feb2e68bd86a_deflate.tif,2112,2816,looking1.tif,2,(Cover & interior images),ok
16605862,010a4218-7b02-44bf-87ed-e802c8187482,2016/08/29/10,/iiif/2016/08/29/10/010a4218-7b02-44bf-87ed-e802c8187482_deflate.tif,1800,2400,Skirted_garden1.tif,2,(Cover & interior images),ok
659983,49aa52af-9d7d-4682-94d4-3d3ad322f318,2012/08/01/12,/iiif/2012/08/01/12/49aa52af-9d7d-4682-94d4-3d3ad322f318_deflate.tif,4288,3216,euthanasiainkitform1.tif,2,(Cover & interior images),ok
640968,8efbed30-3c22-446c-b685-23e8c905ddb8,2012/07/26/11,/iiif/2012/07/26/11/8efbed30-3c22-446c-b685-23e8c905ddb8_deflate.tif,2112,2816,home1.tif,2,(Interior images),ok
13604307,bf6534e5-6b85-4310-83d5-0b1a4d7cb52a,2016/04/04/20,/iiif/2016/04/04/20/bf6534e5-6b85-4310-83d5-0b1a4d7cb52a_deflate.tif,1800,2400,El_gran_salto1.tif,2,(Cover & interior images),ok
18883823,2b9a9d86-618f-4daf-92c3-4891ebe14a5b,2017/02/13/12,/iiif/2017/02/13/12/2b9a9d86-618f-4daf-92c3-4891ebe14a5b_deflate.tif,1994,2400,negative_publicity_cover1.tif,2,(Cover & interior images),ok
21798628,1ba0f18a-4f00-402c-a8d7-f0cacccdc79d,2017/11/01/20,/iiif/2017/11/01/20/1ba0f18a-4f00-402c-a8d7-f0cacccdc79d_deflate.tif,2026,2400,nancy_reagan_cover1.tif,2,(Cover & interior images),ok
640992,fe3d3243-59dd-4e11-9ad6-d3af686d84b8,2012/07/26/11,/iiif/2012/07/26/11/fe3d3243-59dd-4e11-9ad6-d3af686d84b8_deflate.tif,2010,2667,how havana stole from new york1redo.tif,2,(Cover & interior images),ok
14844665,13a93a00-ca3a-4ca9-a067-956b2c44493f,2016/05/24/14,/iiif/2016/05/24/14/13a93a00-ca3a-4ca9-a067-956b2c44493f_deflate.tif,1800,2400,Designated_drivers1.tif,2,(Cover & interior images),ok
639131,0164fa09-fcbf-439f-8ea2-1eefb22d421c,2012/07/25/14,/iiif/2012/07/25/14/0164fa09-fcbf-439f-8ea2-1eefb22d421c_deflate.tif,2816,2112,fragments from a stacked deck2.tif,2,(Images of the enclosure & interior),ok
18165748,21aa5fc0-85c3-418a-991e-33e0f44b2ad0,2017/01/06/13,/iiif/2017/01/06/13/21aa5fc0-85c3-418a-991e-33e0f44b2ad0_deflate.tif,1942,2400,ohio_cover1.tif,2,(Cover & interior images),ok
641961,d8cc3b52-8b11-415b-b5a8-4eee12571407,2012/07/26/15,/iiif/2012/07/26/15/d8cc3b52-8b11-415b-b5a8-4eee12571407_deflate.tif,1800,2400,libro no. 8-1.tif,2,(Cover & interior images),ok
16387448,7e87fdf3-9400-4173-aa01-aa693a9c9312,2016/08/11/15,/iiif/2016/08/11/15/7e87fdf3-9400-4173-aa01-aa693a9c9312_deflate.tif,2400,1800,Grays_brain1.tif,2,(Cover & interior images),ok
12970052,1390813b-7121-4457-9141-026759265796,2016/02/11/18,/iiif/2016/02/11/18/1390813b-7121-4457-9141-026759265796_deflate.tif,1800,2400,Oiga_mire1.tif,2,(Cover & interior images),ok
16495119,2a62fe2b-ac2a-47b6-890a-a3cbd906e0a0,2016/08/16/13,/iiif/2016/08/16/13/2a62fe2b-ac2a-47b6-890a-a3cbd906e0a0_deflate.tif,1800,2400,El_desplazamiento1.tif,2,(Cover & interior images),ok
768561,3768e11a-a909-47a2-84fe-d88cecc45dc0,2012/09/23/17,/iiif/2012/09/23/17/3768e11a-a909-47a2-84fe-d88cecc45dc0_deflate.tif,4288,3216,100thingswithhandles1.tif,3,(Cover & interior images),ok
22831054,abaf042b-ae40-4eae-934b-5826846fb059,2018/05/04/15,/iiif/2018/05/04/15/abaf042b-ae40-4eae-934b-5826846fb059_deflate.tif,1895,2400,thank_you_for1.tif,2,(Cover & interior images),ok
12499009,53e3ddcc-d618-466a-97cd-d4af0552afc1,2015/12/10/11,/iiif/2015/12/10/11/53e3ddcc-d618-466a-97cd-d4af0552afc1_deflate.tif,1800,2400,Papalote1.tif,2,(Cover & interior images),ok
12549652,f50fb119-e0ff-4727-b829-af807ac2e018,2015/12/18/13,/iiif/2015/12/18/13/f50fb119-e0ff-4727-b829-af807ac2e018_deflate.tif,1800,2400,Walden_marginalia1.tif,2,(Cover & interior images),ok
517962,17dd7a36-04d6-49d0-98b5-df1ca4b305f8,2012/05/11/11,/iiif/2012/05/11/11/17dd7a36-04d6-49d0-98b5-df1ca4b305f8_deflate.tif,1800,2400,after art1.tif,2,(Cover & interior images),ok
18796313,43290c53-5d5f-4dbe-8cc3-0330389237f8,2017/02/01/12,/iiif/2017/02/01/12/43290c53-5d5f-4dbe-8cc3-0330389237f8_deflate.tif,2400,2038,11_21_11_cover4.tif,2,(Cover & interior images),ok
16493147,85016542-23f7-4747-b6fa-1dd68882b27c,2016/08/15/14,/iiif/2016/08/15/14/85016542-23f7-4747-b6fa-1dd68882b27c_deflate.tif,2400,1800,Fear_I_know_not1.tif,2,(Cover & interior images),ok
694209,62d536b9-174c-41f4-9433-d2d4f7a11515,2012/08/09/12,/iiif/2012/08/09/12/62d536b9-174c-41f4-9433-d2d4f7a11515_deflate.tif,1800,2400,el paseo1.tif,1,(Cover),ok
15088084,9e002079-1f3e-4a70-9d6a-640d7c01610d,2016/06/09/13,/iiif/2016/06/09/13/9e002079-1f3e-4a70-9d6a-640d7c01610d_deflate.tif,1800,2400,Pigs_Portugal_Italy1.tif,2,(Cover & interior images),ok
12909030,053003f3-8d93-4c40-a702-bfe9edc90d35,2016/02/08/18,/iiif/2016/02/08/18/053003f3-8d93-4c40-a702-bfe9edc90d35_deflate.tif,1800,2400,Bangkok1.tif,2,(Cover & interior images),ok
12833260,bfaa7470-b5c3-44b5-838f-05b4e4cf0396,2016/01/29/15,/iiif/2016/01/29/15/bfaa7470-b5c3-44b5-838f-05b4e4cf0396_deflate.tif,1800,2400,Bajo_el_cielo1.tif,2,(Cover & interior images),ok
15083706,566872a2-877a-4407-a116-ce71b78416f7,2016/06/07/13,/iiif/2016/06/07/13/566872a2-877a-4407-a116-ce71b78416f7_deflate.tif,2400,1800,Canaries1.tif,3,"(Images of the enclosure, cover, & interior)",ok
20325722,38091137-af77-4c78-9079-02b6774fec37,2017/04/26/12,/iiif/2017/04/26/12/38091137-af77-4c78-9079-02b6774fec37_deflate.tif,1970,2400,inviolable_habits_cover2.tif,2,(Cover & interior images),ok
14510425,26245796-6d9a-4786-964c-019a0bc13839,2016/05/17/12,/iiif/2016/05/17/12/26245796-6d9a-4786-964c-019a0bc13839_deflate.tif,1800,2400,John_in_sixteen1.tif,2,(Cover & interior images),ok
14166290,bacaeb0d-f6c6-4053-9974-135f2be94f2e,2016/04/22/12,/iiif/2016/04/22/12/bacaeb0d-f6c6-4053-9974-135f2be94f2e_deflate.tif,1800,2400,Humument1980_1.tif,2,(Cover & interior images),ok
15144566,0d7e5c5a-9eda-46f9-904e-33a07824d3a4,2016/06/17/11,/iiif/2016/06/17/11/0d7e5c5a-9eda-46f9-904e-33a07824d3a4_deflate.tif,1800,2400,La_triste_lista1.tif,2,(Cover & interior images),ok
13002615,fe1cea09-e1c4-49c1-b163-47de2a25af75,2016/02/12/15,/iiif/2016/02/12/15/fe1cea09-e1c4-49c1-b163-47de2a25af75_deflate.tif,1800,2400,Serie_anomolías1.tif,2,(Cover & interior images),ok
19334690,c039a736-4aa7-4b2b-8983-5771be77e7c1,2017/04/11/20,/iiif/2017/04/11/20/c039a736-4aa7-4b2b-8983-5771be77e7c1_deflate.tif,2400,2105,fotografias_cover1.tif,2,(Cover & interior images),ok
641967,2cf393fb-2ede-4e24-b808-ea4f27092c76,2012/07/26/15,/iiif/2012/07/26/15/2cf393fb-2ede-4e24-b808-ea4f27092c76_deflate.tif,2400,2073,limestone lives3.tif,2,(Cover & interior images),ok
19313409,b9128341-0074-44ab-96f4-8aac49dc299c,2017/04/08/12,/iiif/2017/04/08/12/b9128341-0074-44ab-96f4-8aac49dc299c_deflate.tif,2391,2400,ayotochtli_cover2.tif,2,(Cover & interior images),ok
12549650,b5c50cd8-50ad-4134-a6eb-fe69e5840b45,2015/12/18/13,/iiif/2015/12/18/13/b5c50cd8-50ad-4134-a6eb-fe69e5840b45_deflate.tif,1800,2400,silently_into_the_night1.tif,2,(Cover & interior images),ok
22752016,8caee762-9bc6-42cc-b959-36a194dcdffc,2018/04/25/20,/iiif/2018/04/25/20/8caee762-9bc6-42cc-b959-36a194dcdffc_deflate.tif,2400,1377,inon1.tif,2,(Cover & interior images),ok
14290374,48f49bf2-bd69-415f-81d9-a3fa69d186ee,2016/05/02/20,/iiif/2016/05/02/20/48f49bf2-bd69-415f-81d9-a3fa69d186ee_deflate.tif,1800,2400,Todo_es_aluvion1.tif,2,(Cover & interior images),ok
931310,0b5c28bf-ae61-4eed-816c-ef6594439421,2015/05/18/17,/iiif/2015/05/18/17/0b5c28bf-ae61-4eed-816c-ef6594439421_deflate.tif,2400,1867,transformations1.tif,2,(Interior images),ok
16371343,6b33ca14-f2bb-48e4-a59a-2bd4687eea58,2016/08/10/16,/iiif/2016/08/10/16/6b33ca14-f2bb-48e4-a59a-2bd4687eea58_deflate.tif,2400,1800,Art_and_life1.tif,2,(Cover & interior images),ok
21821590,29464ca4-cee7-4f56-ab5b-db37af150cd9,2017/11/13/12,/iiif/2017/11/13/12/29464ca4-cee7-4f56-ab5b-db37af150cd9_deflate.tif,1502,2400,transplant_cover1.tif,3,(Cover & interior images),ok
15089811,8d2afa71-951b-427c-91f2-5aa2a2f44ccc,2016/06/10/10,/iiif/2016/06/10/10/8d2afa71-951b-427c-91f2-5aa2a2f44ccc_deflate.tif,2400,1800,Seattle_subtext1.tif,2,(Interior images),ok
16621517,42212244-ecf5-45a1-b829-bbd68b6fd9c2,2016/08/31/17,/iiif/2016/08/31/17/42212244-ecf5-45a1-b829-bbd68b6fd9c2_deflate.tif,1800,2400,Declaration_of_dependence1.tif,2,(Cover & interior images),ok
641710,c8ae612f-0daa-4f19-9762-4ec1d6794af8,2012/07/26/12,/iiif/2012/07/26/12/c8ae612f-0daa-4f19-9762-4ec1d6794af8_deflate.tif,2112,2688,inner sanctuary1.tif,2,(Cover & interior images),ok
15101827,6af8ff8d-25ac-4ce5-8a1e-4710ad77a450,2016/06/14/13,/iiif/2016/06/14/13/6af8ff8d-25ac-4ce5-8a1e-4710ad77a450_deflate.tif,2400,1800,Cuanto_Sabes_Navidad1.tif,2,(Cover & interior images),ok
14844661,411d9008-f8bd-4bcc-bc51-152165f8fc74,2016/05/24/14,/iiif/2016/05/24/14/411d9008-f8bd-4bcc-bc51-152165f8fc74_deflate.tif,2400,1800,Winter_elk1.tif,2,(Cover & interior images),ok
647357,bc2f511f-00e0-44b0-a61d-b4bd797c017d,2012/07/30/09,/iiif/2012/07/30/09/bc2f511f-00e0-44b0-a61d-b4bd797c017d_deflate.tif,2060,2768,love1.tif,2,(Cover & interior images),ok
23957456,b9f2df33-ed1b-4f5a-b439-711c99023348,2018/09/25/20,/iiif/2018/09/25/20/b9f2df33-ed1b-4f5a-b439-711c99023348_deflate.tif,1928,2400,gasoline_station1.tif,2,(Cover & interior images),ok
15111579,06ec83eb-79eb-49bc-9c05-8e81b143b0c0,2016/06/15/15,/iiif/2016/06/15/15/06ec83eb-79eb-49bc-9c05-8e81b143b0c0_deflate.tif,1800,2400,11_excerpts1.tif,2,(Cover & interior images),ok
16521286,a8f56c04-894e-4971-b03a-113bfdaa6cb2,2016/08/22/12,/iiif/2016/08/22/12/a8f56c04-894e-4971-b03a-113bfdaa6cb2_deflate.tif,1800,2400,Bluest-reak1.tif,2,(Cover & interior images),ok
12405962,91feacdb-6daf-4660-bd21-56c182bfc0e2,2015/12/01/12,/iiif/2015/12/01/12/91feacdb-6daf-4660-bd21-56c182bfc0e2_deflate.tif,1800,2400,Diablo_me_Obligo1.tif,2,(Cover & interior images),ok
632089,5ac27f43-5170-480c-bd33-667d09758001,2012/07/23/14,/iiif/2012/07/23/14/5ac27f43-5170-480c-bd33-667d09758001_deflate.tif,2044,2816,cityscapes1.tif,2,(Cover & interior images),ok
15086789,9148d455-381e-46e5-883f-a78a7eb78c23,2016/06/08/15,/iiif/2016/06/08/15/9148d455-381e-46e5-883f-a78a7eb78c23_deflate.tif,1800,2400,Raleigh_North1.tif,2,(Cover & interior images),ok
1765192,2122a99b-8efd-4711-95a6-9052e16fa6c3,2015/05/29/17,/iiif/2015/05/29/17/2122a99b-8efd-4711-95a6-9052e16fa6c3_deflate.tif,1424,2400,El Tambor de Ayapa 1.tif,2,(Cover & interior images),ok
14902825,1310a3ef-2ec4-4bab-a5cf-57d11d69ebe9,2016/05/26/13,/iiif/2016/05/26/13/1310a3ef-2ec4-4bab-a5cf-57d11d69ebe9_deflate.tif,1800,2400,Cantares_de_mal1.tif,2,(Cover & interior images),ok
950422,f471143d-1aa5-4505-8c96-7f85018b9df5,2015/05/20/16,/iiif/2015/05/20/16/f471143d-1aa5-4505-8c96-7f85018b9df5_deflate.tif,1808,2400,visual language1.tif,2,(Cover & interior images),ok
12862538,6250a549-8b4c-4b13-b5f2-0024d81a0407,2016/02/03/12,/iiif/2016/02/03/12/6250a549-8b4c-4b13-b5f2-0024d81a0407_deflate.tif,1800,2400,Sombras_rojas1.tif,2,(Cover & interior images),ok
17987456,963d9c17-8818-49fe-b9c1-c48ccd03e33e,2016/12/12/12,/iiif/2016/12/12/12/963d9c17-8818-49fe-b9c1-c48ccd03e33e_deflate.tif,2400,1834,lottery_project_cover5.tif,2,(Cover & interior images),ok
16205676,399cb454-afe8-4d27-bd68-7106dd363f44,2016/07/27/12,/iiif/2016/07/27/12/399cb454-afe8-4d27-bd68-7106dd363f44_deflate.tif,1800,2400,Crease_folds1.tif,2,(Cover & interior images),ok
13863607,e5371c8e-36d9-4001-a67a-18c4d659e812,2016/04/13/12,/iiif/2016/04/13/12/e5371c8e-36d9-4001-a67a-18c4d659e812_deflate.tif,1800,2400,Secret1.tif,2,(Cover & interior images),ok
14904634,a56bb139-d816-4498-b103-3a9667083910,2016/05/27/13,/iiif/2016/05/27/13/a56bb139-d816-4498-b103-3a9667083910_deflate.tif,2400,1800,Then_what1.tif,2,(Cover & interior images),ok
641859,38c5773d-9033-420c-98e6-302ba4e52e2d,2012/07/26/13,/iiif/2012/07/26/13/38c5773d-9033-420c-98e6-302ba4e52e2d_deflate.tif,2716,2112,insomnia2.tif,2,(Cover & interior images),ok
19103885,7ad56b09-4f14-46c7-aedc-3190962405ac,2017/03/15/10,/iiif/2017/03/15/10/7ad56b09-4f14-46c7-aedc-3190962405ac_deflate.tif,2400,2365,winter_white_box1.tif,5,"(Enclosure, cover, & interior images)",ok
13529875,56b0e113-bbaf-4304-bba0-109e864fcfea,2016/04/01/12,/iiif/2016/04/01/12/56b0e113-bbaf-4304-bba0-109e864fcfea_deflate.tif,2400,1800,Age_specific1.tif,2,(Cover & interior images),ok
13319137,7caf00dc-38b3-45af-b9ce-1ced32b319bc,2016/03/11/13,/iiif/2016/03/11/13/7caf00dc-38b3-45af-b9ce-1ced32b319bc_deflate.tif,1800,2400,Pequenas_cosas_vuelven1.tif,2,(Cover & interior images),ok
15067726,f6fb866e-b6ce-427d-817c-7cdc9ddc9b76,2016/06/01/13,/iiif/2016/06/01/13/f6fb866e-b6ce-427d-817c-7cdc9ddc9b76_deflate.tif,1800,2400,Photoanalysis1.tif,2,(Interior images),ok
21536780,57a4faef-fbe0-44bb-a7d5-45f823c8a404,2017/09/13/19,/iiif/2017/09/13/19/57a4faef-fbe0-44bb-a7d5-45f823c8a404_deflate.tif,1752,2400,flor_del_cactus_cover1.tif,2,(Cover & interior images),ok
18861200,e03929c1-60e5-410c-b7f8-e7dac5ad8601,2017/02/11/12,/iiif/2017/02/11/12/e03929c1-60e5-410c-b7f8-e7dac5ad8601_deflate.tif,2014,2400,eat_your_friends_cover3.tif,2,(Cover & interior images),ok
15083717,48b2fec8-7bba-4536-8fc9-369c0885ac7c,2016/06/07/13,/iiif/2016/06/07/13/48b2fec8-7bba-4536-8fc9-369c0885ac7c_deflate.tif,1800,2400,Performing_an_archive1.tif,2,(Cover & interior images),ok
21027695,f565b18e-1fa1-4b3a-b68a-6bce4ce722e0,2017/07/19/14,/iiif/2017/07/19/14/f565b18e-1fa1-4b3a-b68a-6bce4ce722e0_deflate.tif,1869,2400,persistent_stereotypes_cover2.tif,2,(Cover & interior images),ok
23090558,7ec41bc8-7b25-41c5-be13-4849ee451d34,2018/06/19/13,/iiif/2018/06/19/13/7ec41bc8-7b25-41c5-be13-4849ee451d34_deflate.tif,1717,2400,the_nazis1.tif,2,(Cover & interior images),ok
14902820,cd4a694e-0b22-46b0-8b91-49dc20e50b37,2016/05/26/13,/iiif/2016/05/26/13/cd4a694e-0b22-46b0-8b91-49dc20e50b37_deflate.tif,1800,2400,Tres_poemas_Dickinson1.tif,2,(Cover & interior images),ok
12970036,af92cfa5-8293-4915-bc6b-86215091948d,2016/02/11/19,/iiif/2016/02/11/19/af92cfa5-8293-4915-bc6b-86215091948d_deflate.tif,2400,1800,Los_borradores1.tif,2,(Cover & interior images),ok
16493153,03fe7ecc-b106-41f5-9ca8-2e230229cab3,2016/08/15/14,/iiif/2016/08/15/14/03fe7ecc-b106-41f5-9ca8-2e230229cab3_deflate.tif,2400,1800,Paulette_me_habia1.tif,2,(Cover & interior images),ok
18344734,83d40250-b106-4a7a-be6c-8c8c4236e053,2017/01/21/13,/iiif/2017/01/21/13/83d40250-b106-4a7a-be6c-8c8c4236e053_deflate.tif,2126,2400,page_at_the_back_cover2.tif,2,(Cover & interior images),ok
18433697,b637e2a5-041e-4c2b-ad40-a62ce34d2535,2017/01/23/14,/iiif/2017/01/23/14/b637e2a5-041e-4c2b-ad40-a62ce34d2535_deflate.tif,2392,2400,the_square_cover3.tif,2,(Cover & interior images),ok
13107760,4e85a7e8-8de6-4a0c-899c-5d1ae19714d0,2016/02/22/17,/iiif/2016/02/22/17/4e85a7e8-8de6-4a0c-899c-5d1ae19714d0_deflate.tif,1800,2400,Perspectivas_do_livro1.tif,2,(Cover & interior images),ok
13310839,3c245054-dc88-48f9-8579-334a8675d0ad,2016/03/09/12,/iiif/2016/03/09/12/3c245054-dc88-48f9-8579-334a8675d0ad_deflate.tif,2400,1800,I_ching_unfinished1.tif,2,(Cover & interior images),ok
12405964,f1efa93d-5863-4bde-a4a1-3a6a172ace46,2015/12/01/12,/iiif/2015/12/01/12/f1efa93d-5863-4bde-a4a1-3a6a172ace46_deflate.tif,1800,2400,joven_aprendiz_de_pintor1.tif,2,(Cover & interior images),ok
12502225,dcb4f060-c076-4e82-b895-6a4b9c7e118b,2015/12/11/10,/iiif/2015/12/11/10/dcb4f060-c076-4e82-b895-6a4b9c7e118b_deflate.tif,2400,1800,Un_regalo_para_Elena1.tif,2,(Cover & interior images),ok
519776,fff6dbfc-1aaa-4c13-a394-273a73842917,2012/05/11/15,/iiif/2012/05/11/15/fff6dbfc-1aaa-4c13-a394-273a73842917_deflate.tif,2400,1800,baja presion1.tif,2,(Cover & interior images),ok
512692,8357cd2d-1a87-4131-9bd6-fc320cec4d2e,2012/05/07/11,/iiif/2012/05/07/11/8357cd2d-1a87-4131-9bd6-fc320cec4d2e_deflate.tif,2112,2816,9th street run down1.tif,2,(Interior images),ok
640966,dd30c4b0-cd2f-44e5-b398-0256e7677436,2012/07/26/11,/iiif/2012/07/26/11/dd30c4b0-cd2f-44e5-b398-0256e7677436_deflate.tif,1800,2400,holy holy art cards1.tif,2,(Images of the enclosure & interior),ok
679514,64423973-4298-4394-a40a-1011dcdfdb52,2012/08/03/16,/iiif/2012/08/03/16/64423973-4298-4394-a40a-1011dcdfdb52_deflate.tif,1800,2400,memoire d'un voyage1.tif,2,(Cover & interior images),ok
15057524,90a9e02f-a816-48ac-941f-d6183b55eab5,2016/05/31/14,/iiif/2016/05/31/14/90a9e02f-a816-48ac-941f-d6183b55eab5_deflate.tif,2400,1800,Shedding_light1.tif,2,(Cover & interior images),ok
15083709,702e3ef9-d2d2-4e1a-aacc-f508902a007c,2016/06/07/13,/iiif/2016/06/07/13/702e3ef9-d2d2-4e1a-aacc-f508902a007c_deflate.tif,2400,1800,Voir_la_mer1.tif,2,(Cover & interior images),ok
13310847,31dd8ec5-5643-4ffa-bccc-68f68961742d,2016/03/09/12,/iiif/2016/03/09/12/31dd8ec5-5643-4ffa-bccc-68f68961742d_deflate.tif,1800,2400,Pandoras_book1.tif,2,(Cover images),ok
968556,fa33ca36-24f4-419f-a80d-b7fb9dd8f2ca,2015/05/21/15,/iiif/2015/05/21/15/fa33ca36-24f4-419f-a80d-b7fb9dd8f2ca_deflate.tif,2400,1920,words of chan k'in1.tif,3,(Images of the enclosure & interior),ok
12502209,299dada3-fd12-4909-bb2d-c1a58b55c271,2015/12/11/10,/iiif/2015/12/11/10/299dada3-fd12-4909-bb2d-c1a58b55c271_deflate.tif,1800,2400,Pizza_party1.tif,2,(Cover & interior images),ok
691181,169764ad-7c4c-43d5-8617-43ed6a5078aa,2015/04/30/16,/iiif/2015/04/30/16/169764ad-7c4c-43d5-8617-43ed6a5078aa_deflate.tif,2400,1800,mountain_dream_tarot1.tif,2,(Images of the enclosure & interior),ok
12641431,8e5c85e4-5fab-4272-85b7-50c103b17816,2016/01/14/18,/iiif/2016/01/14/18/8e5c85e4-5fab-4272-85b7-50c103b17816_deflate.tif,1800,2400,Address_book1.tif,2,(Cover & interior images),ok
14175105,518ca0b8-a153-4f30-bb8e-331d28b36e7e,2016/04/27/11,/iiif/2016/04/27/11/518ca0b8-a153-4f30-bb8e-331d28b36e7e_deflate.tif,2400,1800,Elvis_road1.tif,2,(Cover & interior images),ok
13107768,c7b8e8f4-24ac-45cb-b69b-ebfa690e1cd9,2016/02/22/18,/iiif/2016/02/22/18/c7b8e8f4-24ac-45cb-b69b-ebfa690e1cd9_deflate.tif,2400,1800,Wrong_size_fits_all1.tif,2,(Cover & interior images),ok
14631064,5b3841ae-9e5f-454f-b6d2-28db32d19660,2016/05/20/12,/iiif/2016/05/20/12/5b3841ae-9e5f-454f-b6d2-28db32d19660_deflate.tif,1800,2400,Columbart_manifesto1.tif,2,(Cover & interior images),ok
518069,490dbd84-d883-40a7-b4fb-c25a878de4c7,2012/05/11/12,/iiif/2012/05/11/12/490dbd84-d883-40a7-b4fb-c25a878de4c7_deflate.tif,1800,2400,american english1.tif,2,(Cover & interior images),ok
1488847,a406898c-4c7b-4f42-9e4f-00265cdfe6f2,2015/05/29/16,/iiif/2015/05/29/16/a406898c-4c7b-4f42-9e4f-00265cdfe6f2_deflate.tif,1800,2400,walldrawings1.tif,2,(Cover & interior images),ok
19116177,f027af66-7506-4964-9369-a7656d4e492f,2017/03/20/10,/iiif/2017/03/20/10/f027af66-7506-4964-9369-a7656d4e492f_deflate.tif,2303,2400,museums_cover2.tif,2,(Cover & interior images),ok
947564,8a9731b6-37e8-4b7c-bee5-d6f05df3f858,2012/10/25/14,/iiif/2012/10/25/14/8a9731b6-37e8-4b7c-bee5-d6f05df3f858_deflate.tif,2300,2176,3 communiques1.tif,3,(Cover & interior images),ok
694046,f8961179-8ffa-45b2-b1ff-5b031df42dd5,2012/08/09/11,/iiif/2012/08/09/11/f8961179-8ffa-45b2-b1ff-5b031df42dd5_deflate.tif,2400,2086,oostamera1.tif,3,(Cover & interior images),ok
14175101,dc17dd29-391c-430a-8767-cabb9a6b7e1b,2016/04/27/11,/iiif/2016/04/27/11/dc17dd29-391c-430a-8767-cabb9a6b7e1b_deflate.tif,1800,2400,Mystic_places1.tif,2,(Cover & interior images),ok
16544456,3bfbcf94-d4b8-4ee6-8098-607a8646f277,2016/08/26/16,/iiif/2016/08/26/16/3bfbcf94-d4b8-4ee6-8098-607a8646f277_deflate.tif,2400,1800,Knights_of_Assisi1.tif,2,(Cover & interior images),ok
21030389,b7bebb2c-1d2e-408b-8e64-71da1a314365,2017/07/21/10,/iiif/2017/07/21/10/b7bebb2c-1d2e-408b-8e64-71da1a314365_deflate.tif,2400,1896,me_garden_cover3.tif,2,(Cover & interior images),ok
15067712,272e647c-71d4-4704-a0d3-1710e64abbc0,2016/06/01/13,/iiif/2016/06/01/13/272e647c-71d4-4704-a0d3-1710e64abbc0_deflate.tif,1800,2400,Afronauts1.tif,2,(Cover & interior images),ok
16521290,08872ff3-a1f5-4722-b26a-7442fb491fb0,2016/08/22/12,/iiif/2016/08/22/12/08872ff3-a1f5-4722-b26a-7442fb491fb0_deflate.tif,1800,2400,Six_wall_drawings1.tif,2,(Cover & interior images),ok
931032,9dc87fcd-e72c-425e-831f-6f83a88ec272,2022/08/28/23,/iiif/2022/08/28/23/9dc87fcd-e72c-425e-831f-6f83a88ec272_deflate.tif,2816,2112,torn photographs from the second stop1.tif,2,(Interior images),ok
13863605,8974009e-0d2f-4a43-bab5-eb6ee74cb00f,2016/04/13/12,/iiif/2016/04/13/12/8974009e-0d2f-4a43-bab5-eb6ee74cb00f_deflate.tif,1800,2400,Olafur_Eliasson1.tif,2,(Cover & interior images),ok
512917,09914eb9-2826-46db-abd4-be16c75a535f,2012/05/07/16,/iiif/2012/05/07/16/09914eb9-2826-46db-abd4-be16c75a535f_deflate.tif,1800,2400,action figures in action1.tif,2,(Cover & interior images),ok
14844669,1e83f2d9-6d5c-4c4e-b581-f3f54d2d6bf6,2016/05/24/14,/iiif/2016/05/24/14/1e83f2d9-6d5c-4c4e-b581-f3f54d2d6bf6_deflate.tif,1800,2400,Lindbergh1.tif,2,(Cover & interior images),ok
13604305,94626c09-d551-4175-8f1a-881b8634c50a,2016/04/04/20,/iiif/2016/04/04/20/94626c09-d551-4175-8f1a-881b8634c50a_deflate.tif,1800,2400,La_felicidad1.tif,2,(Cover & interior images),ok
13420287,2e04e737-cb57-4695-b83b-390e32e342c9,2016/03/21/17,/iiif/2016/03/21/17/2e04e737-cb57-4695-b83b-390e32e342c9_deflate.tif,1800,2400,Workers_library1.tif,2,(Cover & interior images),ok
22378556,b18941f7-1bc0-49e7-9ea3-a22b57e40fd8,2018/03/14/14,/iiif/2018/03/14/14/b18941f7-1bc0-49e7-9ea3-a22b57e40fd8_deflate.tif,2363,2400,one_night_stood1.tif,2,(Cover & interior images),ok
19117888,2ae26ae8-65ae-4af0-818f-e0c1d12fb797,2017/03/20/15,/iiif/2017/03/20/15/2ae26ae8-65ae-4af0-818f-e0c1d12fb797_deflate.tif,1615,2400,blame_jordan_cover4.tif,2,(Cover & interior images),ok
19376709,65a37dd1-a859-4ba1-bade-7d2a01be8f6a,2017/04/22/14,/iiif/2017/04/22/14/65a37dd1-a859-4ba1-bade-7d2a01be8f6a_deflate.tif,1912,2400,diplomatic_passport_cover1.tif,2,(Cover & interior images),ok
14175107,e1d37f8e-45b6-407c-a3be-9c4fd0aa315d,2016/04/27/11,/iiif/2016/04/27/11/e1d37f8e-45b6-407c-a3be-9c4fd0aa315d_deflate.tif,1800,2400,War_cut1.tif,2,(Cover & interior images),ok
641923,d0218519-e21e-441a-86b5-f37d7d30ecc4,2012/07/26/14,/iiif/2012/07/26/14/d0218519-e21e-441a-86b5-f37d7d30ecc4_deflate.tif,2040,2784,la noche y otros cuentos1.tif,2,(Cover & interior images),ok
634128,116cddc2-1a97-4a5c-9863-7cbbc611c3e3,2012/07/23/15,/iiif/2012/07/23/15/116cddc2-1a97-4a5c-9863-7cbbc611c3e3_deflate.tif,2024,2724,different notions of cleanliness2.tif,2,(Cover & interior images),ok
13137304,b366701d-5c2d-410c-a6bb-b3f4c1bb1cd4,2016/02/25/18,/iiif/2016/02/25/18/b366701d-5c2d-410c-a6bb-b3f4c1bb1cd4_deflate.tif,1800,2400,Site_readings1.tif,2,(Cover & interior images),ok
924759,bedc1121-7f77-489c-9ef3-82522e87c55d,2015/05/15/15,/iiif/2015/05/15/15/bedc1121-7f77-489c-9ef3-82522e87c55d_deflate.tif,2261,2400,fourthofjuly.tif,2,(Cover & interior images),ok
641870,ab03359b-8aaa-497c-a428-469b281b0790,2012/07/26/13,/iiif/2012/07/26/13/ab03359b-8aaa-497c-a428-469b281b0790_deflate.tif,2660,2112,itinerario1.tif,2,(Cover & interior images),ok
15125728,c490b898-f915-4505-bb7a-78a8fe103167,2016/06/16/13,/iiif/2016/06/16/13/c490b898-f915-4505-bb7a-78a8fe103167_deflate.tif,1800,2400,San_trip1.tif,2,(Cover & interior images),ok
931443,af74f6f4-2e7e-4a5a-b7d6-b0c8c2da8e03,2015/05/18/17,/iiif/2015/05/18/17/af74f6f4-2e7e-4a5a-b7d6-b0c8c2da8e03_deflate.tif,2400,1835,transgression1.tif,2,(Cover & interior images),ok
12543684,4820ebea-6c7f-4988-a508-263ff6dc4f5a,2015/12/17/11,/iiif/2015/12/17/11/4820ebea-6c7f-4988-a508-263ff6dc4f5a_deflate.tif,2400,1800,Vida_e_um_souvenir1.tif,2,(Images of the enclosure & interior),ok
23090545,2dda60d3-b35f-49e4-ac71-5a412320f8ad,2018/06/19/13,/iiif/2018/06/19/13/2dda60d3-b35f-49e4-ac71-5a412320f8ad_deflate.tif,1900,2400,ts1.tif,3,"(Images of the enclosure, cover, & interior)",ok
12543674,d18f2b76-bab9-49ab-967d-76ab4038a0a8,2015/12/17/11,/iiif/2015/12/17/11/d18f2b76-bab9-49ab-967d-76ab4038a0a8_deflate.tif,1800,2400,Dry_salvages1.tif,2,(Cover & interior images),ok
641878,be096ff0-b917-4f41-9b4a-fd01207fe43d,2012/07/26/14,/iiif/2012/07/26/14/be096ff0-b917-4f41-9b4a-fd01207fe43d_deflate.tif,1800,2400,JFL-what does why mean1.tif,2,(Cover & interior images),ok
14290372,c0682356-0257-4821-97b7-184e892ce180,2016/05/02/20,/iiif/2016/05/02/20/c0682356-0257-4821-97b7-184e892ce180_deflate.tif,1800,2400,Poesia_imagen1.tif,2,(Cover & interior images),ok
641885,46de95ca-1915-4798-acd8-6e0aaf8cd1b6,2012/07/26/14,/iiif/2012/07/26/14/46de95ca-1915-4798-acd8-6e0aaf8cd1b6_deflate.tif,1800,2400,a journey1.tif,2,(Cover & interior images),ok
15144570,78136a0e-bbf6-49b6-96e9-ce1be12911d5,2016/06/17/11,/iiif/2016/06/17/11/78136a0e-bbf6-49b6-96e9-ce1be12911d5_deflate.tif,1800,2400,Schengens_Kit1.tif,3,(Cover & interior images),ok
14567633,fe5f2989-81e2-40fa-95aa-efc48bdb4443,2016/05/19/13,/iiif/2016/05/19/13/fe5f2989-81e2-40fa-95aa-efc48bdb4443_deflate.tif,1800,2400,How_the_West1.tif,2,(Cover & interior images),ok
18937715,2e43cafd-568f-4e1b-8404-6ea032da49a0,2017/02/16/18,/iiif/2017/02/16/18/2e43cafd-568f-4e1b-8404-6ea032da49a0_deflate.tif,2173,2400,33rpm_cover1.tif,2,(Cover & interior images),ok
13002619,c39e3752-5588-452d-8bc2-928f651fcd87,2016/02/12/15,/iiif/2016/02/12/15/c39e3752-5588-452d-8bc2-928f651fcd87_deflate.tif,1800,2400,Yo_mi_desconocida1.tif,2,(Cover & interior images),ok
15125739,7cbed195-89ea-428b-822f-7725174e9390,2016/06/16/13,/iiif/2016/06/16/13/7cbed195-89ea-428b-822f-7725174e9390_deflate.tif,2400,1800,Ariadna_y_las_aranas1.tif,2,(Cover & interior images),ok
12405991,4c398363-001a-4fa6-8805-cac943dc68fe,2015/12/01/12,/iiif/2015/12/01/12/4c398363-001a-4fa6-8805-cac943dc68fe_deflate.tif,1800,2400,room_omi_motel1.tif,2,(Cover & interior images),ok
16533108,3b9a4a64-cf49-4807-8e6f-d45511c572c3,2016/08/25/14,/iiif/2016/08/25/14/3b9a4a64-cf49-4807-8e6f-d45511c572c3_deflate.tif,2400,1800,Affluenza1.tif,2,(Cover & interior images),ok
20634631,bf7f156d-4cb5-4d8a-8e04-4bebc775fde9,2017/06/06/13,/iiif/2017/06/06/13/bf7f156d-4cb5-4d8a-8e04-4bebc775fde9_deflate.tif,1645,2400,stars_cover1.tif,3,(Cover & interior images),ok
14631069,af6e24ec-6f02-4ee6-ae2f-bc4c38913401,2016/05/20/12,/iiif/2016/05/20/12/af6e24ec-6f02-4ee6-ae2f-bc4c38913401_deflate.tif,1800,2400,We_the_people1.tif,2,(Cover & interior images),ok
22831052,2f7a0c63-aa47-4409-ab4e-60388ec0dbf0,2018/05/04/15,/iiif/2018/05/04/15/2f7a0c63-aa47-4409-ab4e-60388ec0dbf0_deflate.tif,2400,1921,political_terms1.tif,2,(Cover & interior images),ok
17987458,5722fb99-8179-493f-811d-f4b40b104874,2016/12/12/12,/iiif/2016/12/12/12/5722fb99-8179-493f-811d-f4b40b104874_deflate.tif,2400,1971,la_princesa_cover1.tif,3,(Cover & interior images),ok
19117886,ec50508a-874f-4cc5-96a9-0f7875dc1859,2017/03/20/15,/iiif/2017/03/20/15/ec50508a-874f-4cc5-96a9-0f7875dc1859_deflate.tif,1904,2400,hells_hollow_cover1.tif,2,(Cover & interior images),ok
13412074,b0f210ab-6ee9-4320-8a88-f9c778afa56a,2016/03/18/12,/iiif/2016/03/18/12/b0f210ab-6ee9-4320-8a88-f9c778afa56a_deflate.tif,1800,2400,Strokephone1.tif,2,(Cover & interior images),ok
13863601,18cff813-6437-4487-bc46-f1608e7ef870,2016/04/13/12,/iiif/2016/04/13/12/18cff813-6437-4487-bc46-f1608e7ef870_deflate.tif,1800,2400,El_sol_de1.tif,2,(Cover & interior images),ok
15086779,49ed2f84-90f6-46aa-9041-108d9612250e,2016/06/08/15,/iiif/2016/06/08/15/49ed2f84-90f6-46aa-9041-108d9612250e_deflate.tif,1800,2400,Beautiful_pig1.tif,2,(Cover & interior images),ok
19376715,a44c6d61-c82c-4b37-b3e6-6034d8aaf4e4,2017/04/22/14,/iiif/2017/04/22/14/a44c6d61-c82c-4b37-b3e6-6034d8aaf4e4_deflate.tif,2091,2400,atlas_punctuation_cover2.tif,2,(Cover & interior images),ok
641632,75b8f655-7cf5-44b4-a8ad-5784b4126002,2012/07/26/12,/iiif/2012/07/26/12/75b8f655-7cf5-44b4-a8ad-5784b4126002_deflate.tif,2400,1800,inca rock1.tif,2,(Cover & interior images),ok
15111583,67750fb3-81d1-4b9a-892e-61c7c0047ade,2016/06/15/15,/iiif/2016/06/15/15/67750fb3-81d1-4b9a-892e-61c7c0047ade_deflate.tif,1800,2400,Five_texts1.tif,2,(Cover & interior images),ok
20634635,537a28a6-c40b-48e4-bbff-cc47efd58136,2017/06/07/15,/iiif/2017/06/07/15/537a28a6-c40b-48e4-bbff-cc47efd58136_deflate.tif,2400,2085,cuento_de_hadas_cover5.tif,3,"(Images of the enclosure, cover, & interior)",ok
19117894,09ca0827-2ba5-4f81-81a0-94f5b399f753,2017/03/20/15,/iiif/2017/03/20/15/09ca0827-2ba5-4f81-81a0-94f5b399f753_deflate.tif,1811,2400,asemic_figures_cover1.tif,2,(Cover & interior images),ok
13351066,e8d6cb7e-a4b4-4ef7-9db4-994fc3d2839e,2016/03/15/14,/iiif/2016/03/15/14/e8d6cb7e-a4b4-4ef7-9db4-994fc3d2839e_deflate.tif,1800,2400,Pistol_pistil1.tif,2,(Cover & interior images),ok
13517983,08fbbb92-53e2-46e8-acec-36b43a5eb127,2016/03/30/12,/iiif/2016/03/30/12/08fbbb92-53e2-46e8-acec-36b43a5eb127_deflate.tif,2400,1800,photogrids1.tif,3,(Interior images),ok
12405971,c4baf500-ca2f-45c6-b9c6-db61be0ef9e1,2015/12/01/12,/iiif/2015/12/01/12/c4baf500-ca2f-45c6-b9c6-db61be0ef9e1_deflate.tif,1800,2400,Hugo_World1.tif,2,(Cover & interior images),ok
14826719,f64b9ac4-7a68-4269-b95f-38909cd5af79,2016/05/23/15,/iiif/2016/05/23/15/f64b9ac4-7a68-4269-b95f-38909cd5af79_deflate.tif,2400,1800,Commander1.tif,2,(Cover & interior images),ok
24123035,4ba65cb5-91ec-436c-b642-44698102a795,2018/11/03/15,/iiif/2018/11/03/15/4ba65cb5-91ec-436c-b642-44698102a795_deflate.tif,1875,2400,sss_kayfa1.tif,2,(Cover & interior images),ok
14172139,13219153-76c5-4e25-8138-a56f35b26cb1,2016/04/25/18,/iiif/2016/04/25/18/13219153-76c5-4e25-8138-a56f35b26cb1_deflate.tif,2400,1800,Perdido1.tif,2,(Cover & interior images),ok
14844667,4c3c363d-3572-4ed8-8b6a-18af362c55f4,2016/05/24/14,/iiif/2016/05/24/14/4c3c363d-3572-4ed8-8b6a-18af362c55f4_deflate.tif,2400,1800,Sonar_tu_insomnio1.tif,2,(Images of the enclosure & interior),ok
13420283,97f92916-60f7-48a2-8781-972be8525653,2016/03/21/17,/iiif/2016/03/21/17/97f92916-60f7-48a2-8781-972be8525653_deflate.tif,2400,1800,Picture_readings1.tif,2,(Interior images),ok
15057514,c29b8b05-bafb-4436-915c-d5310d03b34b,2016/05/31/14,/iiif/2016/05/31/14/c29b8b05-bafb-4436-915c-d5310d03b34b_deflate.tif,1800,2400,Once_once1.tif,2,(Cover & interior images),ok
15144560,0926371a-a1a5-4d10-909d-6385a62ef378,2016/06/17/11,/iiif/2016/06/17/11/0926371a-a1a5-4d10-909d-6385a62ef378_deflate.tif,1800,2400,Blindsight1.tif,2,(Cover & interior images),ok
21083089,5b878062-48b4-43c3-8983-43f4f72a785c,2017/08/02/12,/iiif/2017/08/02/12/5b878062-48b4-43c3-8983-43f4f72a785c_deflate.tif,1955,2400,epic_love_story_cover1.tif,2,(Cover & interior images),ok
13693706,6674f401-e813-4711-9b5b-7c30166a6efd,2016/04/08/14,/iiif/2016/04/08/14/6674f401-e813-4711-9b5b-7c30166a6efd_deflate.tif,2400,1800,De_la_memoria1.tif,2,(Cover & interior images),ok
15088086,583bdf04-e01a-4e71-94c0-604bf1c59e29,2016/06/09/13,/iiif/2016/06/09/13/583bdf04-e01a-4e71-94c0-604bf1c59e29_deflate.tif,1800,2400,V_1.tif,2,(Cover & interior images),ok
12827843,fdb5d7d3-20a2-4e8f-ba7c-e5dde36bd1be,2016/01/28/17,/iiif/2016/01/28/17/fdb5d7d3-20a2-4e8f-ba7c-e5dde36bd1be_deflate.tif,1800,2400,La_prose_du_Transsibérien1.tif,2,(Cover & interior images),ok
13971628,6b421331-8823-4988-800b-2b61b22cea5f,2016/04/18/18,/iiif/2016/04/18/18/6b421331-8823-4988-800b-2b61b22cea5f_deflate.tif,1800,2400,Rex_reason1.tif,2,(Cover & interior images),ok
632066,8a239138-a385-4bfd-987a-d612ee87ef86,2012/07/23/13,/iiif/2012/07/23/13/8a239138-a385-4bfd-987a-d612ee87ef86_deflate.tif,2112,2816,cezanne she was a great painter1.tif,2,(Cover & interior images),ok
641966,8ed977d0-773e-4ec5-acb7-4d49a7e015b8,2012/07/26/15,/iiif/2012/07/26/15/8ed977d0-773e-4ec5-acb7-4d49a7e015b8_deflate.tif,1800,2400,light in the head1.tif,2,(Interior images),ok
13450782,53ad3281-926d-4920-94be-c6e07a3ebc8a,2016/03/23/12,/iiif/2016/03/23/12/53ad3281-926d-4920-94be-c6e07a3ebc8a_deflate.tif,1800,2400,Zen_photography1.tif,2,(Cover & interior images),ok
12641433,5cd2620c-2900-4f10-bf45-06e3656f198e,2016/01/14/18,/iiif/2016/01/14/18/5cd2620c-2900-4f10-bf45-06e3656f198e_deflate.tif,1800,2400,True_stories1.tif,2,(Cover & interior images),ok
18937709,62a8b9e0-890b-4ad0-a4bb-7d5c851b55ea,2017/02/16/18,/iiif/2017/02/16/18/62a8b9e0-890b-4ad0-a4bb-7d5c851b55ea_deflate.tif,1988,2400,chamame_cover2.tif,2,(Cover & interior images),ok
641659,0766ba70-fd8f-4ec4-814f-d401ed10ee40,2012/07/26/12,/iiif/2012/07/26/12/0766ba70-fd8f-4ec4-814f-d401ed10ee40_deflate.tif,1800,2400,the index1.tif,3,(Images of the enclosure & interior),ok
723851,efec8a6b-b3d9-43a0-8c3e-09814ba4d58f,2015/05/14/16,/iiif/2015/05/14/16/efec8a6b-b3d9-43a0-8c3e-09814ba4d58f_deflate.tif,2400,2130,telegrafias1.tif,2,(Images of the enclosure & interior),ok
17987448,022544c3-dbab-485a-89d2-258a92d6440d,2016/12/12/12,/iiif/2016/12/12/12/022544c3-dbab-485a-89d2-258a92d6440d_deflate.tif,2043,2365,deformer_cover1.tif,2,(Cover & interior images),ok
13691442,71513721-ed54-4b18-8e85-e6d47e098a8b,2016/04/07/19,/iiif/2016/04/07/19/71513721-ed54-4b18-8e85-e6d47e098a8b_deflate.tif,1800,2400,Artists_book1.tif,2,(Cover & interior images),ok
13227755,f86a81ff-aa75-4e61-9085-09192abaf51a,2016/03/02/12,/iiif/2016/03/02/12/f86a81ff-aa75-4e61-9085-09192abaf51a_deflate.tif,1800,2400,Fantastic_architecture1.tif,2,(Cover & interior images),ok
519188,605e86e0-1642-4b79-9340-9530e44cbf67,2012/05/11/14,/iiif/2012/05/11/14/605e86e0-1642-4b79-9340-9530e44cbf67_deflate.tif,3072,2304,Anything from anywhere1.tif,2,(Cover & interior images),ok
13310853,36a6eb67-214d-4fb1-a41f-09aac8f8c69b,2016/03/09/12,/iiif/2016/03/09/12/36a6eb67-214d-4fb1-a41f-09aac8f8c69b_deflate.tif,1800,2400,Your_land1.tif,2,(Cover & interior images),ok
13319123,bcd3e91d-d5c8-482f-88f6-ff3aa6e3154c,2016/03/11/13,/iiif/2016/03/11/13/bcd3e91d-d5c8-482f-88f6-ff3aa6e3154c_deflate.tif,1800,2400,Chumbe_weaving1.tif,2,(Cover & interior images),ok
14904621,b0517118-0d09-42d4-8aca-16b8b1f1ae4d,2016/05/27/13,/iiif/2016/05/27/13/b0517118-0d09-42d4-8aca-16b8b1f1ae4d_deflate.tif,1800,2400,Clementina1.tif,2,(Cover & interior images),ok
634134,4aa86992-643b-4729-b70e-8596511bca90,2012/07/23/15,/iiif/2012/07/23/15/4aa86992-643b-4729-b70e-8596511bca90_deflate.tif,2112,2445,dinosaurs1redo.tif,2,(Cover & interior images),ok
18796315,bd856c3a-b02b-47d9-99e8-0c1e644a7ec3,2017/02/01/12,/iiif/2017/02/01/12/bd856c3a-b02b-47d9-99e8-0c1e644a7ec3_deflate.tif,1830,2400,subversion_cover3.tif,2,(Cover & interior images),ok
633226,07490f86-1fa4-4db0-b1b4-0b3983b2a2cd,2012/07/23/15,/iiif/2012/07/23/15/07490f86-1fa4-4db0-b1b4-0b3983b2a2cd_deflate.tif,1800,2220,el cuello de tres picos1.tif,2,(Cover & interior images),ok
16533119,fd856732-7244-4ef2-9b9f-163dbacfa30b,2016/08/25/14,/iiif/2016/08/25/14/fd856732-7244-4ef2-9b9f-163dbacfa30b_deflate.tif,1800,2400,Menu_Mondao1.tif,2,(Cover & interior images),ok
14510428,0adbba36-a50f-4379-8eb0-c1c81fb68a05,2016/05/17/12,/iiif/2016/05/17/12/0adbba36-a50f-4379-8eb0-c1c81fb68a05_deflate.tif,1800,2400,zelda reflects1.tif,2,(Cover & interior images),ok
639452,754f3601-95ef-47d4-9a1f-72e0f7dc7b51,2012/07/25/16,/iiif/2012/07/25/16/754f3601-95ef-47d4-9a1f-72e0f7dc7b51_deflate.tif,1935,2400,hidden agenda1.tif,3,(Cover & interior images),ok
14898635,9651375e-c5c6-437a-93e0-949df1b58a3e,2016/05/25/14,/iiif/2016/05/25/14/9651375e-c5c6-437a-93e0-949df1b58a3e_deflate.tif,1800,2400,Polen1.tif,2,(Cover & interior images),ok
15067728,ae9b2237-a39b-4d02-9771-9f3cef5ed811,2016/06/01/13,/iiif/2016/06/01/13/ae9b2237-a39b-4d02-9771-9f3cef5ed811_deflate.tif,1800,2400,Suite_vénitienne2015_1.tif,2,(Cover & interior images),ok
12653195,9278f67b-8971-4797-9b92-f29f4d131fc1,2016/01/15/15,/iiif/2016/01/15/15/9278f67b-8971-4797-9b92-f29f4d131fc1_deflate.tif,1800,2400,Creaciones_artísticas1.tif,2,(Cover & interior images),ok
13450778,56f31efb-c735-44b2-9d2f-fdbe4808fd4d,2016/03/23/12,/iiif/2016/03/23/12/56f31efb-c735-44b2-9d2f-fdbe4808fd4d_deflate.tif,1800,2400,Las_cosas_que_te_podran1.tif,2,(Cover & interior images),ok
631787,e0da3369-daab-4a63-bd45-daae8fa0bfed,2012/07/23/12,/iiif/2012/07/23/12/e0da3369-daab-4a63-bd45-daae8fa0bfed_deflate.tif,2800,1800,brutus killed caesar1redo.tif,2,(Cover & interior images),ok
694740,21a5d425-48ec-4c16-bcf4-a766b7573151,2012/08/10/12,/iiif/2012/08/10/12/21a5d425-48ec-4c16-bcf4-a766b7573151_deflate.tif,2112,2816,ponderance1.tif,2,(Cover & interior images),ok
21027697,bf81c7c5-dc44-4c80-8bf7-4c53828b761d,2017/07/19/14,/iiif/2017/07/19/14/bf81c7c5-dc44-4c80-8bf7-4c53828b761d_deflate.tif,1979,2400,miriam_cover2.tif,3,(Cover & interior images),ok
638515,4c36dcda-d56e-4529-acc8-5b710b87cbd7,2012/07/25/10,/iiif/2012/07/25/10/4c36dcda-d56e-4529-acc8-5b710b87cbd7_deflate.tif,1800,2400,en el ultimo sendero1.tif,2,(Cover & interior images),ok
18165750,e0bd4a09-4e0e-4fb5-9aeb-b9e3f53cd6d4,2017/01/05/16,/iiif/2017/01/05/16/e0bd4a09-4e0e-4fb5-9aeb-b9e3f53cd6d4_deflate.tif,1917,2400,three_valleys_cover2.tif,2,(Cover & interior images),ok
16205686,e058c9b8-944b-4d17-b153-7222199ff5ce,2016/07/27/12,/iiif/2016/07/27/12/e058c9b8-944b-4d17-b153-7222199ff5ce_deflate.tif,1800,2400,Jerk1.tif,2,(Cover & interior images),ok
15086791,c8ae19c6-92d6-4dd7-a9ff-96b9b4eccfcc,2016/06/08/15,/iiif/2016/06/08/15/c8ae19c6-92d6-4dd7-a9ff-96b9b4eccfcc_deflate.tif,1800,2400,Weimar_file1.tif,2,(Cover & interior images),ok
19248055,cfde89fd-a7f0-47fb-b203-1b8770cc3478,2017/03/28/17,/iiif/2017/03/28/17/cfde89fd-a7f0-47fb-b203-1b8770cc3478_deflate.tif,2324,2400,intimita_cover2.tif,6,(Cover & interior images),ok
13517988,d1767834-065e-48d1-9ac0-144b9defb830,2016/03/30/12,/iiif/2016/03/30/12/d1767834-065e-48d1-9ac0-144b9defb830_deflate.tif,2400,1800,Sunrise_and_sunset_at_Praiano1.tif,2,(Interior images),ok
768558,85cdb804-23e1-4bf4-a92a-87102a045b32,2012/09/23/17,/iiif/2012/09/23/17/85cdb804-23e1-4bf4-a92a-87102a045b32_deflate.tif,3216,4288,Mylifeinthenewyorktimes1.tif,2,(Cover & interior images),ok
12596736,e618f505-8cde-48b9-931a-08f359aa374b,2016/01/08/13,/iiif/2016/01/08/13/e618f505-8cde-48b9-931a-08f359aa374b_deflate.tif,1800,2400,managerial_guide_to_beating1.tif,2,(Cover & interior images),ok
12543682,fd850d5f-c1d1-4cb2-bd78-d4f3e529253d,2015/12/17/11,/iiif/2015/12/17/11/fd850d5f-c1d1-4cb2-bd78-d4f3e529253d_deflate.tif,2400,1800,Ingres_and_other_parables1.tif,2,(Cover & interior images),ok
723358,17a86c53-174d-46ca-a6ff-adaa10102776,2012/08/23/11,/iiif/2012/08/23/11/17a86c53-174d-46ca-a6ff-adaa10102776_deflate.tif,2400,1800,"swans, the ice1.tif",3,(Cover & interior images),ok
519914,ef177b68-0656-4493-8782-030b3f90462e,2012/05/11/16,/iiif/2012/05/11/16/ef177b68-0656-4493-8782-030b3f90462e_deflate.tif,2130,2400,big man on the dot1.tif,2,(Cover & interior images),ok
21554287,d0337ed8-6aad-48d5-a061-1b1a61858d7a,2017/09/19/19,/iiif/2017/09/19/19/d0337ed8-6aad-48d5-a061-1b1a61858d7a_deflate.tif,2232,2400,desire_cover1.tif,2,(Cover & interior images),ok
18861194,945ac75f-8ffc-416f-ac93-62d76852e215,2017/02/13/10,/iiif/2017/02/13/10/945ac75f-8ffc-416f-ac93-62d76852e215_deflate.tif,2141,2400,becoming_imperceptible_cover1.tif,2,(Cover & interior images),ok
13089003,9b5b94ea-b062-4901-841f-ef632f99e87f,2016/02/18/19,/iiif/2016/02/18/19/9b5b94ea-b062-4901-841f-ef632f99e87f_deflate.tif,1800,2400,Will_happiness_find_me1.tif,2,(Cover & interior images),ok
14826714,341612f8-43e9-4aa3-a0b6-699d2f8909e3,2016/05/23/15,/iiif/2016/05/23/15/341612f8-43e9-4aa3-a0b6-699d2f8909e3_deflate.tif,1800,2400,Details_magazine1.tif,2,(Cover & interior images),ok
13310837,5c929c9f-ad99-4d58-98e6-53fe668d30d0,2016/03/09/12,/iiif/2016/03/09/12/5c929c9f-ad99-4d58-98e6-53fe668d30d0_deflate.tif,2400,1800,I_ching_difficulty1.tif,2,(Cover & interior images),ok
21003739,848daaf5-50d8-4caa-87ce-de0a0bce0233,2017/07/06/14,/iiif/2017/07/06/14/848daaf5-50d8-4caa-87ce-de0a0bce0233_deflate.tif,2073,2400,tarot_del_tiempo_enclosure2.tif,3,(Images of the enclosure & interior),ok
18165746,883c2575-7922-4478-a975-169f36bc2fc0,2017/01/05/16,/iiif/2017/01/05/16/883c2575-7922-4478-a975-169f36bc2fc0_deflate.tif,1999,2400,michigan_cover2.tif,2,(Cover & interior images),ok
641898,78e3e48a-6fd4-438f-891b-ab4db5226d4c,2012/07/26/14,/iiif/2012/07/26/14/78e3e48a-6fd4-438f-891b-ab4db5226d4c_deflate.tif,1800,2400,the jumblies1.tif,2,(Cover & interior images),ok
19307725,c4480e19-4b7e-42c3-a904-8c4e2301d392,2017/04/04/19,/iiif/2017/04/04/19/c4480e19-4b7e-42c3-a904-8c4e2301d392_deflate.tif,2302,2400,guacamole_airlines_cover2.tif,2,(Cover & interior images),ok
633691,4447e13c-36a0-4931-853b-cb5d99436cce,2012/07/23/15,/iiif/2012/07/23/15/4447e13c-36a0-4931-853b-cb5d99436cce_deflate.tif,1800,2400,delirios liricos1.tif,2,(Cover & interior images),ok
14904632,9f341f25-8544-40b5-a968-86f2cb0e8954,2016/05/27/13,/iiif/2016/05/27/13/9f341f25-8544-40b5-a968-86f2cb0e8954_deflate.tif,1800,2400,Read_past_tense1.tif,2,(Cover & interior images),ok
22364737,bea6378b-ca10-496e-b6fa-d2dcf845fb6f,2018/03/09/14,/iiif/2018/03/09/14/bea6378b-ca10-496e-b6fa-d2dcf845fb6f_deflate.tif,2400,1985,canasta_de_pan1.tif,2,(Cover & interior images),ok
632076,1a2734ef-11e7-44aa-8755-438ddc78655e,2012/07/23/14,/iiif/2012/07/23/14/1a2734ef-11e7-44aa-8755-438ddc78655e_deflate.tif,2112,2756,chelm stories and scenes1.tif,2,(Cover & interior images),ok
13137300,2a024689-e7b0-48e5-b762-d29ac920d469,2016/02/25/18,/iiif/2016/02/25/18/2a024689-e7b0-48e5-b762-d29ac920d469_deflate.tif,1800,2400,Nu_tonjo1.tif,2,(Cover & interior images),ok
21821584,fc743dfe-63a2-4171-a38a-721ef6356410,2017/11/13/11,/iiif/2017/11/13/11/fc743dfe-63a2-4171-a38a-721ef6356410_deflate.tif,2400,2170,particle_theory_cover1.tif,2,(Cover & interior images),ok
14183091,080cd626-c77e-4dec-81cb-022d706ff15e,2016/04/29/16,/iiif/2016/04/29/16/080cd626-c77e-4dec-81cb-022d706ff15e_deflate.tif,1800,2400,Lucid_deliberations1.tif,2,(Cover & interior images),ok
641857,4272b14b-441e-4e89-a287-d3a4671b5e15,2012/07/26/13,/iiif/2012/07/26/13/4272b14b-441e-4e89-a287-d3a4671b5e15_deflate.tif,1800,2400,inside world1.tif,2,(Cover & interior images),ok
15057518,a42ec12a-682c-4f2f-8f43-11c0feaf11d9,2016/05/31/14,/iiif/2016/05/31/14/a42ec12a-682c-4f2f-8f43-11c0feaf11d9_deflate.tif,2400,1800,Book_from_the_ground1.tif,2,(Cover & interior images),ok
19248062,479eaf89-2aab-4832-a6f5-2795706353a2,2017/03/28/17,/iiif/2017/03/28/17/479eaf89-2aab-4832-a6f5-2795706353a2_deflate.tif,2086,2400,view_of_affect_cover2.tif,3,(Cover & interior images),ok
519612,c92540f2-c204-40f9-b753-dfc2880709a7,2012/05/11/15,/iiif/2012/05/11/15/c92540f2-c204-40f9-b753-dfc2880709a7_deflate.tif,2044,2816,aun soltera1.tif,2,(Cover & interior images),ok
13351062,d98d0817-a5f3-4029-8541-ed48d7020968,2016/03/15/14,/iiif/2016/03/15/14/d98d0817-a5f3-4029-8541-ed48d7020968_deflate.tif,1800,2400,Lexicon1.tif,2,(Cover & interior images),ok
18344725,8e78175e-7a66-47a9-80de-7972aae00e6b,2017/01/21/13,/iiif/2017/01/21/13/8e78175e-7a66-47a9-80de-7972aae00e6b_deflate.tif,2400,2006,sheherezade_cover2.tif,2,(Cover & interior images),ok
21554279,b80075b0-a30b-4699-adba-123d7e07ce32,2017/09/19/19,/iiif/2017/09/19/19/b80075b0-a30b-4699-adba-123d7e07ce32_deflate.tif,1763,2400,cats_cradle_cover1.tif,2,(Cover & interior images),ok
16495129,e85fd602-9b54-4e68-8898-d8387c9c3842,2016/08/16/13,/iiif/2016/08/16/13/e85fd602-9b54-4e68-8898-d8387c9c3842_deflate.tif,1800,2400,Thank_you_internet1.tif,2,(Cover & interior images),ok
12641437,2830a6f7-72c7-4348-87de-bb1af11a71df,2016/01/14/18,/iiif/2016/01/14/18/2830a6f7-72c7-4348-87de-bb1af11a71df_deflate.tif,1800,2400,Double_game1.tif,2,(Cover & interior images),ok
21034137,f1666325-e954-4a8b-bd94-2be9be581a65,2017/07/24/16,/iiif/2017/07/24/16/f1666325-e954-4a8b-bd94-2be9be581a65_deflate.tif,2021,2400,strip_tease_cover2.tif,2,(Cover & interior images),ok
22686129,80604b14-cd98-424f-aba9-6b20a904502d,2018/04/21/16,/iiif/2018/04/21/16/80604b14-cd98-424f-aba9-6b20a904502d_deflate.tif,2400,2107,livro_do_desassossego1.tif,2,(Cover & interior images),ok
21027687,adda5d1f-c762-439e-a477-342c480ef5f8,2017/07/19/14,/iiif/2017/07/19/14/adda5d1f-c762-439e-a477-342c480ef5f8_deflate.tif,2207,2400,anatomy_business_cover1.tif,2,(Cover & interior images),ok
694923,ec163774-ff90-4406-a243-705886bb02dc,2012/08/10/15,/iiif/2012/08/10/15/ec163774-ff90-4406-a243-705886bb02dc_deflate.tif,2400,2098,rape is1.tif,2,(Cover & interior images),ok
19101425,4236b059-874a-4ed8-bb4d-58fc80d45712,2017/03/09/19,/iiif/2017/03/09/19/4236b059-874a-4ed8-bb4d-58fc80d45712_deflate.tif,1968,2400,for_example_cover2.tif,2,(Cover & interior images),ok
21083091,d8dc12a4-df2a-4ebf-8da1-ae6dbf6e5051,2017/08/02/12,/iiif/2017/08/02/12/d8dc12a4-df2a-4ebf-8da1-ae6dbf6e5051_deflate.tif,2008,2400,swamp_cover2.tif,2,(Cover & interior images),ok
13351058,152e97e8-aef9-43f8-86a9-6ad38dc73cae,2016/03/15/14,/iiif/2016/03/15/14/152e97e8-aef9-43f8-86a9-6ad38dc73cae_deflate.tif,1800,2400,67_improved_papertigers1.tif,2,(Cover & interior images),ok
1297752,b9d1f482-233d-4674-8b50-dcf2d58bf9f5,2015/05/28/16,/iiif/2015/05/28/16/b9d1f482-233d-4674-8b50-dcf2d58bf9f5_deflate.tif,2377,2400,jetty1.tif,2,(Cover & interior images),ok
15111581,c89ad4fd-deeb-4b88-95ce-f42ea9a807ac,2016/06/15/15,/iiif/2016/06/15/15/c89ad4fd-deeb-4b88-95ce-f42ea9a807ac_deflate.tif,1800,2400,Bachans_Paula1.tif,2,(Cover & interior images),ok
12862536,049ad174-b0d7-4bf2-b6da-0a3db61b5180,2016/02/03/12,/iiif/2016/02/03/12/049ad174-b0d7-4bf2-b6da-0a3db61b5180_deflate.tif,1800,2400,Portable_document_format1.tif,2,(Interior images),ok
632153,05d3d75b-cb1e-42c9-b2c1-63d98bcefe7b,2012/07/23/14,/iiif/2012/07/23/14/05d3d75b-cb1e-42c9-b2c1-63d98bcefe7b_deflate.tif,2400,1800,cock fight dance1.tif,2,(Cover & interior images),ok
19334692,da29841d-9921-48ef-96f4-cd4ed6d89f47,2017/04/11/20,/iiif/2017/04/11/20/da29841d-9921-48ef-96f4-cd4ed6d89f47_deflate.tif,1999,2602,la_hinteligencia_militar_cover1.tif,2,(Cover & interior images),ok
13971622,11c4d973-d9dc-45cd-b171-fcb59d2d3c70,2016/04/18/18,/iiif/2016/04/18/18/11c4d973-d9dc-45cd-b171-fcb59d2d3c70_deflate.tif,1800,2400,El_senor_del_cielo1.tif,1,(Cover),ok
14290382,1b0fb054-6ff9-4b64-b296-3db25e240e62,2016/05/02/20,/iiif/2016/05/02/20/1b0fb054-6ff9-4b64-b296-3db25e240e62_deflate.tif,2400,1800,Gone_fishing1.tif,2,(Cover & interior images),ok
21554289,da035eb3-e212-4fda-86cf-88047d336894,2017/09/19/19,/iiif/2017/09/19/19/da035eb3-e212-4fda-86cf-88047d336894_deflate.tif,1696,2400,ingress_egress_enclosure1.tif,3,(Cover & interior images),ok
19101408,04a59300-03ad-41db-b4d5-344a773e57fb,2017/03/09/19,/iiif/2017/03/09/19/04a59300-03ad-41db-b4d5-344a773e57fb_deflate.tif,1933,2400,it_is_it_isn't_cover2.tif,2,(Cover & interior images),ok
21798630,a699bf82-8064-4338-9973-7bd850140d49,2017/11/01/20,/iiif/2017/11/01/20/a699bf82-8064-4338-9973-7bd850140d49_deflate.tif,1952,2400,read_photobook_cover1.tif,2,(Cover & interior images),ok
16493157,32d2ec16-c18e-4e42-8315-6b66c95110cb,2016/08/15/14,/iiif/2016/08/15/14/32d2ec16-c18e-4e42-8315-6b66c95110cb_deflate.tif,2400,1800,Story_of_O1.tif,2,(Cover & interior images),ok
18155297,cb017817-3bcb-48d3-9738-95e65906695f,2017/01/04/11,/iiif/2017/01/04/11/cb017817-3bcb-48d3-9738-95e65906695f_deflate.tif,1891,2400,instruction_manual_cover2.tif,2,(Cover & interior images),ok
632175,2119cb3d-7c3e-466b-926f-aa908987a175,2012/07/23/14,/iiif/2012/07/23/14/2119cb3d-7c3e-466b-926f-aa908987a175_deflate.tif,2247,1800,codex espangliensis1.tif,2,(Cover & interior images),ok
16621527,ccc18723-ceb5-4967-b9e5-8f6e63d8da88,2016/08/31/17,/iiif/2016/08/31/17/ccc18723-ceb5-4967-b9e5-8f6e63d8da88_deflate.tif,2400,1800,Patterns1.tif,2,(Cover & interior images),ok
16521284,f6d18a91-9147-4aa4-ab30-2c4bd63f5126,2016/08/22/12,/iiif/2016/08/22/12/f6d18a91-9147-4aa4-ab30-2c4bd63f5126_deflate.tif,2400,1800,15_Juni1.tif,2,(Cover & interior images),ok
641909,479a9c64-f3bf-4b08-aad0-ffea32b3714b,2012/07/26/14,/iiif/2012/07/26/14/479a9c64-f3bf-4b08-aad0-ffea32b3714b_deflate.tif,1800,2400,knowledge of the world1.tif,2,(Cover & interior images),ok
18165744,3c09c20d-a29b-41e5-b630-6463295159df,2017/01/05/16,/iiif/2017/01/05/16/3c09c20d-a29b-41e5-b630-6463295159df_deflate.tif,2400,1932,real_time_cover1.tif,2,(Cover & interior images),ok
22686141,649cacfe-0f1b-4f4b-9583-9d25c932c5b9,2018/04/21/16,/iiif/2018/04/21/16/649cacfe-0f1b-4f4b-9583-9d25c932c5b9_deflate.tif,2400,2303,esquecimento1.tif,2,(Images of the enclosure & cover),ok
21091398,67e84031-27f6-4f48-b0dd-d0d345835542,2017/08/07/14,/iiif/2017/08/07/14/67e84031-27f6-4f48-b0dd-d0d345835542_deflate.tif,1922,2400,shadowed_memory_cover1.tif,2,(Cover & interior images),ok
12762412,8c00d2cb-bf54-4c67-ae02-1a8abd661b45,2016/01/25/17,/iiif/2016/01/25/17/8c00d2cb-bf54-4c67-ae02-1a8abd661b45_deflate.tif,1800,2400,Solo_quiero_que1.tif,2,(Cover & interior images),ok
696576,d33a532b-c6bb-4383-86d8-e1328929e730,2012/08/13/10,/iiif/2012/08/13/10/d33a532b-c6bb-4383-86d8-e1328929e730_deflate.tif,2632,2024,see1.tif,2,(Cover & interior images),ok
16544450,8124da3e-eb13-492a-9190-60a39f17efec,2016/08/26/16,/iiif/2016/08/26/16/8124da3e-eb13-492a-9190-60a39f17efec_deflate.tif,2400,1800,Corners1.tif,2,(Cover & interior images),ok
12549643,628d3e08-1789-4334-9fc1-ea0803c4ad66,2015/12/18/13,/iiif/2015/12/18/13/628d3e08-1789-4334-9fc1-ea0803c4ad66_deflate.tif,1800,2400,Decir1.tif,2,"(Images of the enclosure, cover, & interior)",ok
949854,e5ab7aef-0290-4c43-a7b9-03885c13b47d,2015/05/19/17,/iiif/2015/05/19/17/e5ab7aef-0290-4c43-a7b9-03885c13b47d_deflate.tif,1920,2400,26 gasoline stations1.tif,2,(Cover & interior images),ok
14631058,fc7bf5ee-5051-48cb-91d5-297bdfd9edc1,2016/05/20/12,/iiif/2016/05/20/12/fc7bf5ee-5051-48cb-91d5-297bdfd9edc1_deflate.tif,2400,1800,Ruta_23_1.tif,2,(Cover & interior images),ok
16605866,b6cc7c2f-55db-4f09-a96a-7aca345ac267,2018/02/02/11,/iiif/2018/02/02/11/b6cc7c2f-55db-4f09-a96a-7aca345ac267_deflate.tif,2400,1800,warwick_mountain_series1.tif,2,(Cover & interior images),ok
21003742,46993103-f676-4b55-aec6-f1434217f378,2017/07/06/14,/iiif/2017/07/06/14/46993103-f676-4b55-aec6-f1434217f378_deflate.tif,2017,2400,fae_richards_cover1.tif,2,(Cover & interior images),ok
723463,24755684-ed1d-447f-b995-f906ec9d0821,2012/08/23/12,/iiif/2012/08/23/12/24755684-ed1d-447f-b995-f906ec9d0821_deflate.tif,2112,2816,talismans and signifiers1.tif,2,(Cover & interior images),ok
632968,4db2882d-f6f0-4607-83a1-49e67b492188,2012/07/23/15,/iiif/2012/07/23/15/4db2882d-f6f0-4607-83a1-49e67b492188_deflate.tif,2400,1800,continuous project altered1.tif,2,(Cover & interior images),ok
18883821,ce8260fb-cb63-433d-9203-fefb5f9d3813,2017/02/13/12,/iiif/2017/02/13/12/ce8260fb-cb63-433d-9203-fefb5f9d3813_deflate.tif,2400,2054,depero_futurista_cover1.tif,2,(Cover & interior images),ok
16205684,fcdebe12-349b-47e5-a349-714739fc336e,2016/07/27/12,/iiif/2016/07/27/12/fcdebe12-349b-47e5-a349-714739fc336e_deflate.tif,1800,2400,Industrial_woman1.tif,2,(Cover & interior images),ok
12596738,6f226532-39c6-42b9-9e9f-002e9bab810b,2016/01/08/13,/iiif/2016/01/08/13/6f226532-39c6-42b9-9e9f-002e9bab810b_deflate.tif,2400,1800,Only_child1.tif,2,(Cover & interior images),ok
641601,0dc13b54-e821-46ae-a694-75354e0cc991,2012/07/26/12,/iiif/2012/07/26/12/0dc13b54-e821-46ae-a694-75354e0cc991_deflate.tif,2400,1817,identity1.tif,3,(Cover & interior images),ok
12499015,224be04e-3501-4837-82b6-e7b2c9613880,2015/12/10/11,/iiif/2015/12/10/11/224be04e-3501-4837-82b6-e7b2c9613880_deflate.tif,1800,2400,Del_argumento_doble1.tif,2,(Cover & interior images),ok
13529422,fbddcc0a-b691-43d3-b20f-968c19f8d21d,2016/03/31/20,/iiif/2016/03/31/20/fbddcc0a-b691-43d3-b20f-968c19f8d21d_deflate.tif,1800,2400,Switching_places1.tif,2,(Cover & interior images),ok
16521282,16b9e598-05cc-4a93-9021-987e29f69a37,2016/08/22/12,/iiif/2016/08/22/12/16b9e598-05cc-4a93-9021-987e29f69a37_deflate.tif,2400,1800,Una_vida_ejemplar1.tif,2,(Cover & interior images),ok
12762414,58a1b361-ba57-4302-8451-b8dd7d17cb69,2016/01/25/17,/iiif/2016/01/25/17/58a1b361-ba57-4302-8451-b8dd7d17cb69_deflate.tif,1800,2400,Dive_dark_dream_slow1.tif,2,(Cover & interior images),ok
14175103,8efb965f-89cd-48a2-b5b0-3539653654ee,2016/04/27/11,/iiif/2016/04/27/11/8efb965f-89cd-48a2-b5b0-3539653654ee_deflate.tif,2400,1800,Canto_a_Matanzas1.tif,4,(Cover & interior images),ok
16521280,40bba9c0-bb14-48ef-a54a-473e32573257,2016/08/22/12,/iiif/2016/08/22/12/40bba9c0-bb14-48ef-a54a-473e32573257_deflate.tif,2400,1800,Migrar1.tif,2,(Cover & interior images),ok
17409897,7cdfb138-f8f6-4272-96ea-8f2ec3dc397f,2016/11/21/13,/iiif/2016/11/21/13/7cdfb138-f8f6-4272-96ea-8f2ec3dc397f_deflate.tif,1796,2400,fog_behind_the_eye_cover3.tif,2,(Cover & interior images),ok
21073524,f2082250-2671-4761-9c4a-df929b764d27,2017/07/28/14,/iiif/2017/07/28/14/f2082250-2671-4761-9c4a-df929b764d27_deflate.tif,2267,2400,marry_me_cover2.tif,3,(Cover & interior images),ok
13412080,66b6bb6e-fa81-4fb0-b65b-bda3057814fe,2016/03/18/12,/iiif/2016/03/18/12/66b6bb6e-fa81-4fb0-b65b-bda3057814fe_deflate.tif,2400,1800,Name_class_subject1.tif,2,(Cover & interior images),ok
690768,af703ba1-06e0-41f0-b406-e2661bb8820c,2012/08/06/09,/iiif/2012/08/06/09/af703ba1-06e0-41f0-b406-e2661bb8820c_deflate.tif,1800,2400,modern love1.tif,2,(Cover & interior images),ok
14166291,67019d9a-12ae-4a9e-91ab-917e657522ad,2016/04/22/12,/iiif/2016/04/22/12/67019d9a-12ae-4a9e-91ab-917e657522ad_deflate.tif,1800,2400,Para_tomar_medidas1.tif,2,(Cover & interior images),ok
647589,0a7917f1-dfe6-4524-a3ec-ed30698d0f84,2012/07/30/10,/iiif/2012/07/30/10/0a7917f1-dfe6-4524-a3ec-ed30698d0f84_deflate.tif,1800,2400,love returned1.tif,2,(Cover & interior images),ok
16544448,a49dac2e-8312-4af6-b9b8-1814ee8442ee,2016/08/26/16,/iiif/2016/08/26/16/a49dac2e-8312-4af6-b9b8-1814ee8442ee_deflate.tif,2400,1800,Complexities1.tif,2,(Cover & interior images),ok
13142378,9328b076-6cc8-4cc9-a1c9-4a07cd1884d6,2016/02/26/14,/iiif/2016/02/26/14/9328b076-6cc8-4cc9-a1c9-4a07cd1884d6_deflate.tif,2400,1800,Melancolia1.tif,2,(Cover & interior images),ok
14904623,812c44eb-e2bb-44fe-a9d6-6b45643dd256,2016/05/27/13,/iiif/2016/05/27/13/812c44eb-e2bb-44fe-a9d6-6b45643dd256_deflate.tif,2400,1800,Dalston_Anatomy1.tif,2,(Cover & interior images),ok
14631056,25255c43-9326-4e7a-af8b-1623636402a0,2016/05/20/12,/iiif/2016/05/20/12/25255c43-9326-4e7a-af8b-1623636402a0_deflate.tif,1800,2400,Apparition_of_a_distance1.tif,2,(Cover & interior images),ok
19334694,b0634b58-6925-4a26-b844-a5c34037f32b,2017/04/11/20,/iiif/2017/04/11/20/b0634b58-6925-4a26-b844-a5c34037f32b_deflate.tif,2079,2038,de_cuando_cover1.tif,2,(Cover & interior images),ok
15067724,061c0e28-9730-4640-8743-b3ee6ba3df10,2016/06/01/13,/iiif/2016/06/01/13/061c0e28-9730-4640-8743-b3ee6ba3df10_deflate.tif,1800,2400,CMY1.tif,2,(Cover & interior images),ok
634025,4eab3cdc-24b7-4f87-8c24-43b183a9f80f,2012/07/23/15,/iiif/2012/07/23/15/4eab3cdc-24b7-4f87-8c24-43b183a9f80f_deflate.tif,1600,1200,dibujo1.tif,2,(Cover & interior images),ok
694888,5c1efcb8-126a-4208-a75a-cdc805a48b4d,2012/08/10/14,/iiif/2012/08/10/14/5c1efcb8-126a-4208-a75a-cdc805a48b4d_deflate.tif,2112,2518,project entitled1.tif,2,(Cover & interior images),ok
22831036,10dc25f1-cedc-418b-be8c-6e4c6bf7d17d,2018/05/04/15,/iiif/2018/05/04/15/10dc25f1-cedc-418b-be8c-6e4c6bf7d17d_deflate.tif,1718,2292,abstract_browsing1.tif,2,(Cover & interior images),ok
22380120,78ab739c-7fd7-427d-b1bf-6e0a7f8edc0a,2018/03/20/08,/iiif/2018/03/20/08/78ab739c-7fd7-427d-b1bf-6e0a7f8edc0a_deflate.tif,2400,1919,four_red1.tif,1,(Interior image),ok
16069589,f1dd87b3-adbe-4e05-99d3-e3f3461a04fc,2016/07/18/11,/iiif/2016/07/18/11/f1dd87b3-adbe-4e05-99d3-e3f3461a04fc_deflate.tif,1800,2400,sweethearts1.tif,2,(Cover & interior images),ok
24077767,21710ae0-ac14-4f1a-868e-b734024e37b2,2018/10/24/10,/iiif/2018/10/24/10/21710ae0-ac14-4f1a-868e-b734024e37b2_deflate.tif,1784,2400,piute_creek1.tif,3,"(Images of the enclosure, cover, & interior)",ok
21804670,a5b35789-e753-429b-b745-5386fd039cb9,2017/11/04/16,/iiif/2017/11/04/16/a5b35789-e753-429b-b745-5386fd039cb9_deflate.tif,1875,2400,trumped_up_empathy_cover1.tif,2,(Cover & interior images),ok
16498163,0db7de6d-4154-49a4-9b3d-f5560762f860,2016/08/17/11,/iiif/2016/08/17/11/0db7de6d-4154-49a4-9b3d-f5560762f860_deflate.tif,1800,2400,Bitter_fruit1.tif,2,(Cover & interior images),ok
23970307,a65f31fc-115f-4cec-ba1b-b0cc477893dc,2018/10/02/19,/iiif/2018/10/02/19/a65f31fc-115f-4cec-ba1b-b0cc477893dc_deflate.tif,1796,2400,la_prose_du1.tif,2,(Cover & interior images),ok
21000833,32a4a16b-6c2b-4dd1-b324-95a83c2fa80e,2017/06/30/16,/iiif/2017/06/30/16/32a4a16b-6c2b-4dd1-b324-95a83c2fa80e_deflate.tif,1676,2400,riverine_enclosure1.tif,3,"(Images of the enclosure, cover, & interior)",ok
12827835,8bc91c8c-e727-47fe-bd82-c9943404d523,2016/01/28/17,/iiif/2016/01/28/17/8bc91c8c-e727-47fe-bd82-c9943404d523_deflate.tif,2400,1800,How_books_work1.tif,2,(Cover & interior images),ok
23970309,9d8f6df0-de73-4470-88ae-739de84bebac,2018/10/02/19,/iiif/2018/10/02/19/9d8f6df0-de73-4470-88ae-739de84bebac_deflate.tif,1800,2400,tehran_undated1.tif,2,(Cover & interior images),ok
12827841,b77921a0-af38-4a19-8179-8b1f37bb6df6,2016/01/28/17,/iiif/2016/01/28/17/b77921a0-af38-4a19-8179-8b1f37bb6df6_deflate.tif,1800,2400,On_democracy1.tif,2,(Cover & interior images),ok
789401,8d70e1a0-471e-4f03-bc0f-429ec13aa4c5,2015/05/15/16,/iiif/2015/05/15/16/8d70e1a0-471e-4f03-bc0f-429ec13aa4c5_deflate.tif,2028,2400,motivospersas1.tif,3,(Cover & interior images),ok
16495127,292ac9c2-adc6-4411-bb05-973fd67ff564,2016/08/16/13,/iiif/2016/08/16/13/292ac9c2-adc6-4411-bb05-973fd67ff564_deflate.tif,1800,2400,Signos_del_zodiaco1.tif,2,(Cover & interior images),ok
16069591,44009030-6522-4096-a0dc-d9733c5fc8b5,2016/07/18/11,/iiif/2016/07/18/11/44009030-6522-4096-a0dc-d9733c5fc8b5_deflate.tif,2400,1800,Tratado_del_oxido1.tif,2,(Cover & interior images),ok
12502215,71c41744-87b0-4598-a3d9-81b8b07c014d,2015/12/11/10,/iiif/2015/12/11/10/71c41744-87b0-4598-a3d9-81b8b07c014d_deflate.tif,1800,2400,Being_Antinova1.tif,2,(Cover & interior images),ok
15125720,1a8d2ede-c4ed-4b81-94d9-ab2a840bc227,2016/06/16/13,/iiif/2016/06/16/13/1a8d2ede-c4ed-4b81-94d9-ab2a840bc227_deflate.tif,1800,2400,Eternidad_Loynaz1.tif,2,(Cover & interior images),ok
21220505,7075bf58-6dfa-40dd-b039-745aab3714f4,2017/08/17/11,/iiif/2017/08/17/11/7075bf58-6dfa-40dd-b039-745aab3714f4_deflate.tif,1472,2400,dotties_closet_cover1.tif,2,(Cover & interior images),ok
19248050,8f828927-23b5-47d8-87ce-5991cbb2e168,2017/03/28/17,/iiif/2017/03/28/17/8f828927-23b5-47d8-87ce-5991cbb2e168_deflate.tif,2181,2400,irish_channel_cover1.tif,2,(Cover & interior images),ok
22364723,ca966efe-0477-4348-97cd-6e033355cea1,2018/03/09/14,/iiif/2018/03/09/14/ca966efe-0477-4348-97cd-6e033355cea1_deflate.tif,1697,2400,a_house_without1.tif,2,(Cover & interior images),ok
14183103,36fdcf15-664f-4679-a126-154152befe81,2016/04/29/16,/iiif/2016/04/29/16/36fdcf15-664f-4679-a126-154152befe81_deflate.tif,1800,2400,Canción_de_redención1.tif,2,(Cover & interior images),ok
16533121,d8144515-478e-4bbd-b3cf-d62e5d44266f,2016/08/25/14,/iiif/2016/08/25/14/d8144515-478e-4bbd-b3cf-d62e5d44266f_deflate.tif,2400,1800,Pedro_y_el_Lobo1.tif,2,"(Images of the enclosure, cover, & interior)",ok
14902824,389e9bff-06ac-4b21-bffd-353bd25eb8ec,2016/05/26/13,/iiif/2016/05/26/13/389e9bff-06ac-4b21-bffd-353bd25eb8ec_deflate.tif,1800,2400,Transito_al_fin1.tif,1,(Cover),ok
1072481,42981474-ecea-4a80-b85b-9c7d7c5c4f06,2015/05/22/13,/iiif/2015/05/22/13/42981474-ecea-4a80-b85b-9c7d7c5c4f06_deflate.tif,2001,2400,etceteras1.tif,2,(Cover & interior images),ok
694621,488f53ce-fc96-48b3-87c0-f1da429f570e,2012/08/10/11,/iiif/2012/08/10/11/488f53ce-fc96-48b3-87c0-f1da429f570e_deflate.tif,1800,2400,poem(s)1.tif,2,(Cover & interior images),ok
639165,3e107e03-46a5-472c-846a-dc4f3c1254b1,2012/07/25/14,/iiif/2012/07/25/14/3e107e03-46a5-472c-846a-dc4f3c1254b1_deflate.tif,2112,2816,function1.tif,2,(Interior images),ok
12909026,d363cb4a-abc8-4ee5-82df-003cdd299d76,2016/02/08/18,/iiif/2016/02/08/18/d363cb4a-abc8-4ee5-82df-003cdd299d76_deflate.tif,1800,2400,Glorieta_sin_agua1.tif,2,(Cover & interior images),ok
19104851,a6b57f27-d8fc-49fb-82db-41d29bfa4eb1,2017/03/16/10,/iiif/2017/03/16/10/a6b57f27-d8fc-49fb-82db-41d29bfa4eb1_deflate.tif,2400,1325,24_hour_self_portrait_cover2.tif,2,(Cover & interior images),ok
22332830,74d32d55-ac6d-4057-a96f-7ca645656b62,2018/02/16/14,/iiif/2018/02/16/14/74d32d55-ac6d-4057-a96f-7ca645656b62_deflate.tif,1460,2094,facing1.tif,3,(Cover & interior images),ok
21000838,6eba1bb9-b890-421a-82cb-dcc9f26bc4db,2017/06/30/16,/iiif/2017/06/30/16/6eba1bb9-b890-421a-82cb-dcc9f26bc4db_deflate.tif,2394,2400,shock_and_awe_cover1.tif,2,(Cover & interior images),ok
13529426,425eaa9b-bea7-4610-b776-cee21903bbde,2016/03/31/20,/iiif/2016/03/31/20/425eaa9b-bea7-4610-b776-cee21903bbde_deflate.tif,1800,2400,Los_campos_magneticos1.tif,1,(Cover),ok
14309987,d7cab9a6-440a-4100-9213-88b06efd10bd,2016/05/04/12,/iiif/2016/05/04/12/d7cab9a6-440a-4100-9213-88b06efd10bd_deflate.tif,1800,2400,Thirtyfour_parking_lots1.tif,2,(Cover & interior images),ok
16605860,00837de2-5e2d-43b4-a53d-b7bcd6f3cf3a,2016/08/29/10,/iiif/2016/08/29/10/00837de2-5e2d-43b4-a53d-b7bcd6f3cf3a_deflate.tif,2400,1800,Pirozzi1.tif,2,(Cover & interior images),ok
12405944,72ddf629-39e9-444d-8351-0bdfe392acfc,2015/12/01/12,/iiif/2015/12/01/12/72ddf629-39e9-444d-8351-0bdfe392acfc_deflate.tif,2400,1800,Adan1.tif,2,(Cover & interior images),ok
14183101,97473c78-574b-48f9-a0a7-fb821114308b,2016/04/29/16,/iiif/2016/04/29/16/97473c78-574b-48f9-a0a7-fb821114308b_deflate.tif,2400,1800,Paisajes_historicos1.tif,2,(Cover & interior images),ok
14567637,49546876-200c-4739-aa91-2b5cef3f5ad6,2016/05/19/13,/iiif/2016/05/19/13/49546876-200c-4739-aa91-2b5cef3f5ad6_deflate.tif,1800,2400,Lone_wolf1.tif,2,(Cover & interior images),ok
723730,2a13c4f0-dd37-41f1-94f5-f392ec489fe8,2012/08/23/12,/iiif/2012/08/23/12/2a13c4f0-dd37-41f1-94f5-f392ec489fe8_deflate.tif,1800,2400,talking to myself1.tif,2,(Cover & interior images),ok
927485,04150e0e-14b8-445d-9ffe-cb7ba84667b6,2015/05/18/16,/iiif/2015/05/18/16/04150e0e-14b8-445d-9ffe-cb7ba84667b6_deflate.tif,1694,2400,this tends to happen2.tif,3,"(Images of the enclosure, cover, & interior)",ok
12405994,9998dcb1-b8fe-4876-8310-b7c253d5a361,2015/12/01/12,/iiif/2015/12/01/12/9998dcb1-b8fe-4876-8310-b7c253d5a361_deflate.tif,1800,2400,trunk_pieces1.tif,2,(Cover & interior images),ok
16498173,801caa44-fec3-42cd-8768-f273ef4f7085,2016/08/17/11,/iiif/2016/08/17/11/801caa44-fec3-42cd-8768-f273ef4f7085_deflate.tif,1800,2400,Nineteen_nights_in_SF1.tif,2,(Cover & interior images),ok
21091400,f911c902-3565-433e-bd3d-38ec7e02ffff,2017/08/07/14,/iiif/2017/08/07/14/f911c902-3565-433e-bd3d-38ec7e02ffff_deflate.tif,2400,1958,siesta_argentina_cover1.tif,4,(Cover & interior images),ok
641873,80c990ae-f6e7-4673-89c0-d2bde976cc18,2012/07/26/13,/iiif/2012/07/26/13/80c990ae-f6e7-4673-89c0-d2bde976cc18_deflate.tif,2400,1800,it's still privileged art1.tif,2,(Cover & interior images),ok
732305,0231d277-c401-4dc7-8be6-207667a02ec9,2012/08/24/16,/iiif/2012/08/24/16/0231d277-c401-4dc7-8be6-207667a02ec9_deflate.tif,4288,3216,theotherrooms_cover.tif,2,(Cover & interior images),ok
21000840,04e839f7-3818-47e9-b467-49169bfc79e5,2017/06/30/16,/iiif/2017/06/30/16/04e839f7-3818-47e9-b467-49169bfc79e5_deflate.tif,1801,2400,resound_cover1.tif,3,(Cover & interior images),ok
21003737,a0b52938-c519-4cb3-89f3-7c6c7a72622e,2017/07/06/14,/iiif/2017/07/06/14/a0b52938-c519-4cb3-89f3-7c6c7a72622e_deflate.tif,2400,2185,society_universal_harmony_cover1.tif,2,(Cover & interior images),ok
16560197,f0d387b9-3545-4673-b40b-10a3b505af18,2016/08/28/17,/iiif/2016/08/28/17/f0d387b9-3545-4673-b40b-10a3b505af18_deflate.tif,1800,2400,In_Achikoli1.tif,2,(Cover & interior images),ok
15083711,5325bbf6-cd37-4859-a00b-1d6b90dd70a6,2016/06/07/13,/iiif/2016/06/07/13/5325bbf6-cd37-4859-a00b-1d6b90dd70a6_deflate.tif,1800,2400,Speaking_of_scars1.tif,2,(Cover & interior images),ok
949849,e0c0806a-a040-4916-87db-c5be8f33cca4,2015/05/19/17,/iiif/2015/05/19/17/e0c0806a-a040-4916-87db-c5be8f33cca4_deflate.tif,2400,2100,12 drawings1.tif,2,(Cover & interior images),ok
14904625,76d1f14e-8162-4bbe-88bf-16f922498ffd,2016/05/27/13,/iiif/2016/05/27/13/76d1f14e-8162-4bbe-88bf-16f922498ffd_deflate.tif,1800,2400,Era_hombre1.tif,2,(Cover & interior images),ok
15057529,90034c55-a4b3-4b9f-ba37-13012002e3ad,2016/05/31/14,/iiif/2016/05/31/14/90034c55-a4b3-4b9f-ba37-13012002e3ad_deflate.tif,1800,2400,Calavera1.tif,2,(Cover & interior images),ok
22752014,fafe130a-b293-4dc7-aa0a-2e10adaee077,2018/04/25/20,/iiif/2018/04/25/20/fafe130a-b293-4dc7-aa0a-2e10adaee077_deflate.tif,2400,1989,dossie_cruzeiro1.tif,2,"(Images of the enclosure, cover, & interior)",ok
13412086,f26d6c87-6e1e-4460-903c-7b9f54fb9bf2,2016/03/18/12,/iiif/2016/03/18/12/f26d6c87-6e1e-4460-903c-7b9f54fb9bf2_deflate.tif,2400,1800,The_Anderson_family's_proportionate1.tif,2,(Cover & interior images),ok
12970048,7dc003df-894b-4e84-a60a-ca8f6a454af7,2016/02/11/18,/iiif/2016/02/11/18/7dc003df-894b-4e84-a60a-ca8f6a454af7_deflate.tif,1800,2400,Historia_de_un_pedacito1.tif,2,(Cover & interior images),ok
12653203,8f281910-4b14-47ae-a59c-f0433d2dc38c,2016/01/15/15,/iiif/2016/01/15/15/8f281910-4b14-47ae-a59c-f0433d2dc38c_deflate.tif,1800,2400,Nox1.tif,2,(Cover & interior images),ok
723938,8d8c912d-e2a5-4411-b814-8e3dbf10cf04,2012/08/23/13,,,,,,,restricted
723937,813474b3-7745-40f5-8513-0c6827a2a3a2,2015/05/14/17,/iiif/2015/05/14/17/813474b3-7745-40f5-8513-0c6827a2a3a2_deflate.tif,2112,2816,the case for the burial book1-1.tif,2,(Interior images),ok
723934,c197614d-b270-4e05-acbf-45fa18dc7ce9,2015/05/14/17,,,,,,,restricted
22752018,e2719be2-858f-463e-bca6-533dbd5f16d5,2018/04/25/20,/iiif/2018/04/25/20/e2719be2-858f-463e-bca6-533dbd5f16d5_deflate.tif,1800,2400,palarva1.tif,3,(Cover & interior images),ok
20408873,c02f7c3d-4005-4f0e-a63b-7f613caad622,2017/05/08/14,/iiif/2017/05/08/14/c02f7c3d-4005-4f0e-a63b-7f613caad622_deflate.tif,2400,2130,por_la_manana_cover3.tif,3,(Cover & interior images),ok
22378674,764ef6be-90e9-4929-b733-e55daa983460,2018/03/14/14,/iiif/2018/03/14/14/764ef6be-90e9-4929-b733-e55daa983460_deflate.tif,2952,3748,writing_in_threads1.tif,2,(Cover & interior images),ok
22332761,e844cabd-b472-4e20-ac4c-b13973fb5d2c,2018/02/16/14,/iiif/2018/02/16/14/e844cabd-b472-4e20-ac4c-b13973fb5d2c_deflate.tif,1615,2400,typographic_samples1.tif,2,(Cover & interior images),ok
18165752,8212822f-8847-47ff-afa6-462aa46f6e60,2017/01/05/16,/iiif/2017/01/05/16/8212822f-8847-47ff-afa6-462aa46f6e60_deflate.tif,1978,2400,upstate_cover1.tif,2,(Cover & interior images),ok
18937711,7af55a25-90cd-4d4e-9f0a-7756f641229a,2017/02/16/18,/iiif/2017/02/16/18/7af55a25-90cd-4d4e-9f0a-7756f641229a_deflate.tif,2110,2400,mlcp_cover2.tif,2,(Cover & interior images),ok
681680,71b85a93-1188-40f8-93c3-dd6969953a97,2012/08/03/16,/iiif/2012/08/03/16/71b85a93-1188-40f8-93c3-dd6969953a97_deflate.tif,2400,1634,misunderstandings1.tif,2,(Images of the enclosure & interior),ok
20473294,cb24de3b-0656-4842-be63-80f5c9be93a4,2017/05/15/16,/iiif/2017/05/15/16/cb24de3b-0656-4842-be63-80f5c9be93a4_deflate.tif,2023,2400,tap_tap_cover2.tif,2,"(Images of the bag the zines are contained in, and the zines themselves)",ok
13319132,7cad80f1-b856-4937-be5b-a076118249c0,2016/03/11/13,/iiif/2016/03/11/13/7cad80f1-b856-4937-be5b-a076118249c0_deflate.tif,1800,2400,tender tearful1.tif,2,(Cover & interior images),ok
12543680,321c8a41-eec8-4bce-9ed5-e873086aafb5,2015/12/17/11,/iiif/2015/12/17/11/321c8a41-eec8-4bce-9ed5-e873086aafb5_deflate.tif,2400,1800,Close-cropped_tales1.tif,2,(Interior images),ok
12405952,75b96dca-3fd8-4a76-b1b6-aa0f775f762b,2015/12/01/12,/iiif/2015/12/01/12/75b96dca-3fd8-4a76-b1b6-aa0f775f762b_deflate.tif,2400,1800,Cuanto_Sabes1.tif,2,(Cover & interior images),ok
17987444,0d6a2baa-a6c3-437f-a19f-4156bdec1225,2016/12/12/12,/iiif/2016/12/12/12/0d6a2baa-a6c3-437f-a19f-4156bdec1225_deflate.tif,2400,1572,the_fall_cover1.tif,2,(Cover & interior images),ok
13517990,e8c4d27a-6222-4068-846b-a20babf9e01b,2016/03/30/12,/iiif/2016/03/30/12/e8c4d27a-6222-4068-846b-a20babf9e01b_deflate.tif,2400,1800,Thorn_upon_the_rose1.tif,2,(Cover & interior images),ok
722568,e1ad086a-2332-4c60-89c1-353f07e63979,2015/05/14/14,/iiif/2015/05/14/14/e1ad086a-2332-4c60-89c1-353f07e63979_deflate.tif,1800,2400,some (m)other stories1.tif,2,(Cover & interior images),ok
723418,3139dac1-71b4-4505-b811-e7786555299e,2015/05/14/16,/iiif/2015/05/14/16/3139dac1-71b4-4505-b811-e7786555299e_deflate.tif,2816,2044,sweet junk2.tif,2,(Interior images),ok
789392,b3c24859-2770-4926-a29b-f5899fa3902c,2012/10/11/09,/iiif/2012/10/11/09/b3c24859-2770-4926-a29b-f5899fa3902c_deflate.tif,4288,3216,alquimiaparaprincipiantes1.tif,4,(Cover & interior images),ok
12405969,c46436a2-a360-4e05-92f9-f09d965d22ba,2015/12/01/12,/iiif/2015/12/01/12/c46436a2-a360-4e05-92f9-f09d965d22ba_deflate.tif,1800,2400,Give_Take1.tif,2,(Cover & interior images),ok
20998852,3ec6e726-a397-4782-8604-fc946eeee178,2017/06/29/14,/iiif/2017/06/29/14/3ec6e726-a397-4782-8604-fc946eeee178_deflate.tif,2372,2400,seasonal_turns_enclosure2.tif,3,(Cover & interior images),ok
22344591,8b579ef4-b3b2-4972-870e-062a7e552080,2018/02/23/13,/iiif/2018/02/23/13/8b579ef4-b3b2-4972-870e-062a7e552080_deflate.tif,1771,2400,wings_of1.tif,3,"(Images of the enclosure, cover, & interior)",ok
16495121,1c7ae621-2291-4a28-8886-9c2f6d4ae640,2016/08/16/13,/iiif/2016/08/16/13/1c7ae621-2291-4a28-8886-9c2f6d4ae640_deflate.tif,1800,2400,Gallo_de_oro1.tif,2,(Cover & interior images),ok
13450771,78ad921f-1044-4eed-b3a7-6219593e5add,2016/03/23/12,/iiif/2016/03/23/12/78ad921f-1044-4eed-b3a7-6219593e5add_deflate.tif,1800,2400,Heavenly_bodies1.tif,2,(Cover & interior images),ok
23249424,258e5198-26c3-4c45-97e9-5c16a7ced371,2018/07/23/16,/iiif/2018/07/23/16/258e5198-26c3-4c45-97e9-5c16a7ced371_deflate.tif,1833,1707,dentes1.tif,2,(Cover & interior images),ok
13517984,9726a0ba-d4cf-4a63-a115-551d796294de,2016/03/30/12,/iiif/2016/03/30/12/9726a0ba-d4cf-4a63-a115-551d796294de_deflate.tif,1800,2400,Purification_of_Fagus1.tif,2,(Cover & interior images),ok
641861,7f312179-cb49-4492-8eb7-250bb3b96bd6,2012/07/26/13,/iiif/2012/07/26/13/7f312179-cb49-4492-8eb7-250bb3b96bd6_deflate.tif,2660,2112,inventario1.tif,2,(Cover & interior images),ok
639069,cc56367c-935c-462f-9a75-4971edac5c7a,2018/02/16/14,/iiif/2018/02/16/14/cc56367c-935c-462f-9a75-4971edac5c7a_deflate.tif,2400,1823,flag_book1.tif,3,(Cover & interior images),ok
13137308,2a0db282-bf57-432a-9608-34e39c75c144,2016/02/25/18,/iiif/2016/02/25/18/2a0db282-bf57-432a-9608-34e39c75c144_deflate.tif,2400,1800,When_we_were_ten1.tif,2,(Cover & interior images),ok
12653193,f0e2d192-e751-48fd-8b0b-df0a52acb411,2016/01/15/15,/iiif/2016/01/15/15/f0e2d192-e751-48fd-8b0b-df0a52acb411_deflate.tif,2400,1800,Pasaporte1.tif,2,(Cover & interior images),ok
13693716,99665b01-6088-41ee-b8f2-4e316091005b,2016/04/08/14,/iiif/2016/04/08/14/99665b01-6088-41ee-b8f2-4e316091005b_deflate.tif,1800,2400,Ritual_de_mis_piernas1.tif,2,(Cover & interior images),ok
15089826,a2270105-f293-47fe-af9f-aa565eba6824,2016/06/10/10,/iiif/2016/06/10/10/a2270105-f293-47fe-af9f-aa565eba6824_deflate.tif,1800,2400,High_tide1.tif,2,(Cover & interior images),ok
13107747,394d516f-b8bc-4b21-aea8-c905439d8192,2016/02/22/18,/iiif/2016/02/22/18/394d516f-b8bc-4b21-aea8-c905439d8192_deflate.tif,1800,2400,Opus_ciudad1.tif,2,(Cover & interior images),ok
13412078,3d276c1c-51b4-4195-ac59-1609961814a9,2016/03/18/12,/iiif/2016/03/18/12/3d276c1c-51b4-4195-ac59-1609961814a9_deflate.tif,1800,2400,Enjoyable_conversations_in_Glasgow1.tif,2,(Cover & interior images),ok
22752023,bc496da9-2136-40b7-8895-0326a9396ab5,2018/04/25/20,/iiif/2018/04/25/20/bc496da9-2136-40b7-8895-0326a9396ab5_deflate.tif,1809,2400,text_means_tissue1.tif,2,(Cover & interior images),ok
12909032,a18de8c8-50e6-4bb3-92f7-937d64ca5782,2016/02/08/18,/iiif/2016/02/08/18/a18de8c8-50e6-4bb3-92f7-937d64ca5782_deflate.tif,2400,1800,Word_made_flesh1.tif,1,(Interior image),ok
21239691,5ab12a48-c452-4b78-8520-fe37dc62243f,2017/08/21/14,/iiif/2017/08/21/14/5ab12a48-c452-4b78-8520-fe37dc62243f_deflate.tif,1919,2400,mill_river_cover2.tif,2,(Cover & interior images),ok
21000831,150ca346-d1ed-485e-a919-9576cc63f5c4,2017/06/30/16,/iiif/2017/06/30/16/150ca346-d1ed-485e-a919-9576cc63f5c4_deflate.tif,1750,2400,anyone_disappears_cover1.tif,2,(Cover & interior images),ok
20325720,1cd94903-df93-4d20-a2f7-d4fbf0c2e1bb,2017/04/26/12,/iiif/2017/04/26/12/1cd94903-df93-4d20-a2f7-d4fbf0c2e1bb_deflate.tif,1578,2400,kaddish_cover1.tif,2,(Cover & interior images),ok
12596741,34ec2efb-56e5-4dbf-a200-1abc4fadcd57,2016/01/08/13,/iiif/2016/01/08/13/34ec2efb-56e5-4dbf-a200-1abc4fadcd57_deflate.tif,1800,2400,Self_publish1.tif,2,(Cover & interior images),ok
13450769,45b0999a-0649-40de-b3c1-2b85c530a603,2016/03/23/12,/iiif/2016/03/23/12/45b0999a-0649-40de-b3c1-2b85c530a603_deflate.tif,2400,1800,Arcs_and_lines1.tif,2,(Cover & interior images),ok
21091408,696012e1-9594-45f5-8535-1ebc458fbd82,2017/08/07/14,/iiif/2017/08/07/14/696012e1-9594-45f5-8535-1ebc458fbd82_deflate.tif,1797,2400,stripped_cover2.tif,2,(Cover & interior images),ok
14631054,c433f78a-7da9-4ed4-8102-bc2da515b494,2016/05/20/12,/iiif/2016/05/20/12/c433f78a-7da9-4ed4-8102-bc2da515b494_deflate.tif,1800,2400,Printed_web1.tif,2,(Cover & interior images),ok
17457786,cd6d1a41-1b80-405d-9fb6-546ec75e0b10,2016/12/02/13,/iiif/2016/12/02/13/cd6d1a41-1b80-405d-9fb6-546ec75e0b10_deflate.tif,1989,2400,printed_web_cover3.tif,2,(Cover & interior images),ok
14309978,c9f7a35b-be51-4952-ab9e-bae73b436410,2016/05/04/12,/iiif/2016/05/04/12/c9f7a35b-be51-4952-ab9e-bae73b436410_deflate.tif,1800,2400,Sensations1.tif,2,(Cover & interior images),ok
15086785,810710e5-982c-4df2-9e39-be3edc5cf87f,2016/06/08/15,/iiif/2016/06/08/15/810710e5-982c-4df2-9e39-be3edc5cf87f_deflate.tif,1800,2400,Youll_never_be1.tif,2,(Cover & interior images),ok
12502219,7c344c5b-3a41-46e8-9389-7e07cc90d5b2,2015/12/11/10,/iiif/2015/12/11/10/7c344c5b-3a41-46e8-9389-7e07cc90d5b2_deflate.tif,2400,1800,Quincy_book1.tif,2,(Cover & interior images),ok
13450780,d86c1461-b358-4105-b73e-8f57a4eaf62f,2018/02/17/12,/iiif/2018/02/17/12/d86c1461-b358-4105-b73e-8f57a4eaf62f_deflate.tif,1800,2400,space_and_time1.tif,3,"(Images of the enclosure, cover, & interior)",ok
16498161,b3e6d16b-5077-46c7-97dc-d8812975c3f4,2016/08/17/11,/iiif/2016/08/17/11/b3e6d16b-5077-46c7-97dc-d8812975c3f4_deflate.tif,2400,1800,Abandoned_star_factory1.tif,2,(Interior images),ok
12502211,79e08988-c654-4a36-a8aa-5ced1094f58a,2015/12/11/10,/iiif/2015/12/11/10/79e08988-c654-4a36-a8aa-5ced1094f58a_deflate.tif,1800,2400,Re_forma1.tif,2,(Cover & interior images),ok
12499011,1008a391-6395-410c-9db6-da2a90cbbcfe,2015/12/10/11,/iiif/2015/12/10/11/1008a391-6395-410c-9db6-da2a90cbbcfe_deflate.tif,1800,2400,Espacio_cuerpo1.tif,2,"(Images of the enclosure, cover, & interior)",ok
13310849,2150caf2-c7cc-4666-b233-53c16e93a65b,2016/03/09/12,/iiif/2016/03/09/12/2150caf2-c7cc-4666-b233-53c16e93a65b_deflate.tif,1800,2400,Silver_lining1.tif,2,(Cover & interior images),ok
21239695,e1e5de80-4a47-4ebc-93c3-b2fd64c48ba6,2017/08/21/14,/iiif/2017/08/21/14/e1e5de80-4a47-4ebc-93c3-b2fd64c48ba6_deflate.tif,2400,1977,martin_soto_cover2.tif,2,(Cover & interior images),ok
12596743,a2ccafd1-e613-4846-a08a-1882b64b1b4c,2016/01/08/13,/iiif/2016/01/08/13/a2ccafd1-e613-4846-a08a-1882b64b1b4c_deflate.tif,1800,2400,Une_méthodologie_de_la_nouvelle_écriture_africaine1.tif,2,(Cover & interior images),ok
13971618,33e30fa3-4e8f-46c4-9430-3c0e711ef6ae,2016/04/18/18,/iiif/2016/04/18/18/33e30fa3-4e8f-46c4-9430-3c0e711ef6ae_deflate.tif,1800,2400,El_diario_de_la_china1.tif,2,(Cover & interior images),ok
21073531,36c51163-3725-4a09-9d4a-b518f1602529,2017/07/28/14,/iiif/2017/07/28/14/36c51163-3725-4a09-9d4a-b518f1602529_deflate.tif,2400,1569,anti-warhol_cover2.tif,3,(Cover & interior images),ok
14844663,eb3d037b-786a-43e7-b780-9bfcf7c25ad4,2016/05/24/14,/iiif/2016/05/24/14/eb3d037b-786a-43e7-b780-9bfcf7c25ad4_deflate.tif,2400,1800,Artists_book_ideation1.tif,2,(Cover & interior images),ok
21027692,7acb274f-6626-4c56-8008-38468f992346,2017/07/19/14,/iiif/2017/07/19/14/7acb274f-6626-4c56-8008-38468f992346_deflate.tif,2027,2400,primary_faces_enclosure1.tif,3,"(Images of the enclosure, cover, & interior)",ok
12619319,0fde56a8-e424-4507-9c3d-b1f0ae51b82a,2016/01/11/18,/iiif/2016/01/11/18/0fde56a8-e424-4507-9c3d-b1f0ae51b82a_deflate.tif,2400,1800,Wiederholung_ist_was_Ich_liebe1.tif,2,(Cover & interior images),ok
12435274,edf2d1f0-eda9-48c3-827c-2ba8d0eadfed,2015/12/07/11,/iiif/2015/12/07/11/edf2d1f0-eda9-48c3-827c-2ba8d0eadfed_deflate.tif,1800,2400,Privacidad1.tif,2,(Cover & interior images),ok
21027689,5ca0e6f1-0e4a-4e50-9396-b3983d728686,2017/07/19/14,/iiif/2017/07/19/14/5ca0e6f1-0e4a-4e50-9396-b3983d728686_deflate.tif,2400,2115,parallax_cover2.tif,3,(Cover & interior images),ok
16544454,f1ae447d-555d-4d25-8765-e8f1b2f56ce8,2016/08/26/16,/iiif/2016/08/26/16/f1ae447d-555d-4d25-8765-e8f1b2f56ce8_deflate.tif,2400,1800,Graces_daughter1.tif,2,(Cover & interior images),ok
721728,d4d6afbe-c493-4af3-93c3-dd2a9ec9c910,2012/08/22/13,/iiif/2012/08/22/13/d4d6afbe-c493-4af3-93c3-dd2a9ec9c910_deflate.tif,2744,1884,service trilogy1.tif,2,(Cover & interior images),ok
13319130,f6481d3c-8bea-491d-85c2-6e29933ab03c,2016/03/11/13,/iiif/2016/03/11/13/f6481d3c-8bea-491d-85c2-6e29933ab03c_deflate.tif,2400,1800,Saca_la_cabeza1.tif,2,(Cover & interior images),ok
13319120,fdbcf9c2-121d-4d36-bc1f-7488723461ff,2016/03/11/13,/iiif/2016/03/11/13/fdbcf9c2-121d-4d36-bc1f-7488723461ff_deflate.tif,1800,2400,Cronica_de_Tollan1.tif,2,(Cover & interior images),ok
21030381,d65396e0-9826-442c-9a7a-ded8d83e70e0,2017/07/21/10,/iiif/2017/07/21/10/d65396e0-9826-442c-9a7a-ded8d83e70e0_deflate.tif,2385,2400,perpetual_motion_cover2.tif,2,(Cover & interior images),ok
18937717,58ba776e-d059-44cf-affa-c4a0be97d743,2017/02/16/18,/iiif/2017/02/16/18/58ba776e-d059-44cf-affa-c4a0be97d743_deflate.tif,2169,2400,orgasmo_libertario_cover2.tif,2,(Cover & interior images),ok
16387442,8eb0895e-d88d-47d0-95f1-23992751110d,2016/08/11/15,/iiif/2016/08/11/15/8eb0895e-d88d-47d0-95f1-23992751110d_deflate.tif,2400,1800,Circular_ruins1.tif,2,(Cover & interior images),ok
22007978,274c3ca2-aa18-4381-b1df-e390a8de1c6d,2017/12/11/10,/iiif/2017/12/11/10/274c3ca2-aa18-4381-b1df-e390a8de1c6d_deflate.tif,1597,2400,diffract_cover1.tif,2,(Cover & interior images),ok
20408868,25ef4d87-f2c1-4270-a8a4-62d1e8914e98,2017/05/08/14,/iiif/2017/05/08/14/25ef4d87-f2c1-4270-a8a4-62d1e8914e98_deflate.tif,2400,1799,time_outs_cover2.tif,2,(Cover & interior images),ok
15057512,c083a7df-e641-43b2-b113-6665b00c6dde,2016/05/31/14,/iiif/2016/05/31/14/c083a7df-e641-43b2-b113-6665b00c6dde_deflate.tif,1800,2400,Alabanza_del_libro1.tif,2,(Cover & interior images),ok
12435272,06852c87-5e50-490c-9eb1-efa3b3ba6244,2015/12/07/11,/iiif/2015/12/07/11/06852c87-5e50-490c-9eb1-efa3b3ba6244_deflate.tif,2400,1800,Matacho1.tif,2,(Cover & interior images),ok
949851,e426b5f8-6252-488a-9c9e-ce70c1adce76,2015/05/19/17,/iiif/2015/05/19/17/e426b5f8-6252-488a-9c9e-ce70c1adce76_deflate.tif,1998,2400,25 years ago1.tif,2,(Cover & interior images),ok
12641435,d03a70fb-9131-489a-a976-7115cd95a7ef,2016/01/14/18,/iiif/2016/01/14/18/d03a70fb-9131-489a-a976-7115cd95a7ef_deflate.tif,1800,2400,Blind1.tif,2,(Cover & interior images),ok
18796311,11a93856-6123-47bb-a7fb-ebfdf1201de2,2017/02/01/12,/iiif/2017/02/01/12/11a93856-6123-47bb-a7fb-ebfdf1201de2_deflate.tif,2114,2400,break_down_inventory_cover1.tif,2,(Cover & interior images),ok
696572,f200ea17-7194-41c8-9458-7f6b2e49b58c,2012/08/13/09,/iiif/2012/08/13/09/f200ea17-7194-41c8-9458-7f6b2e49b58c_deflate.tif,2400,1772,scratch1.tif,2,(Cover & interior images),ok
12653185,b305e54e-675c-46aa-b7b3-0996a1b839f3,2016/01/15/15,/iiif/2016/01/15/15/b305e54e-675c-46aa-b7b3-0996a1b839f3_deflate.tif,1800,2400,Poetree1.tif,2,(Images of the enclosure & interior),ok
723202,545fbe19-1058-40d0-b3b2-3ced426a3fc4,2015/05/14/14,/iiif/2015/05/14/14/545fbe19-1058-40d0-b3b2-3ced426a3fc4_deflate.tif,2400,1800,stupa1.tif,2,(Cover & interior images),ok
15111589,75bf8449-7b8f-491d-9b4b-a11c46ffe01b,2016/06/15/15,/iiif/2016/06/15/15/75bf8449-7b8f-491d-9b4b-a11c46ffe01b_deflate.tif,1800,2400,Las_reglas_del_arte1.tif,2,(Cover & interior images),ok
19260820,0cdab143-0a09-452c-a8a2-51757cb9bac8,2017/03/30/19,/iiif/2017/03/30/19/0cdab143-0a09-452c-a8a2-51757cb9bac8_deflate.tif,2123,2400,27_poemas_cover2.tif,2,(Cover & interior images),ok
15089809,773ebc81-c521-4d11-8c61-cc0cef73e1e6,2016/06/10/10,/iiif/2016/06/10/10/773ebc81-c521-4d11-8c61-cc0cef73e1e6_deflate.tif,1800,2400,Nationalfeiertag1.tif,2,(Cover & interior images),ok
15111587,4b3d998d-ba8d-460b-8d0e-3a51b34a06c5,2016/06/15/15,/iiif/2016/06/15/15/4b3d998d-ba8d-460b-8d0e-3a51b34a06c5_deflate.tif,1800,2400,Inappropriate_repetitions1.tif,2,(Cover & interior images),ok
15088092,1eb10579-745c-43fc-8e6b-186c104dff27,2016/06/09/13,/iiif/2016/06/09/13/1eb10579-745c-43fc-8e6b-186c104dff27_deflate.tif,1800,2400,Walking1.tif,2,(Cover & interior images),ok
23965278,6340fa70-e2a1-446c-87a3-54ed0883f2be,2018/09/29/15,/iiif/2018/09/29/15/6340fa70-e2a1-446c-87a3-54ed0883f2be_deflate.tif,2208,2400,in_war_19401.tif,2,(Cover & interior images),ok
640930,178f4412-e3a7-41ea-9277-1987ce81b0f7,2012/07/26/10,/iiif/2012/07/26/10/178f4412-e3a7-41ea-9277-1987ce81b0f7_deflate.tif,2112,2816,high tension1.tif,2,(Cover & interior images),ok
14902829,cae3da62-983d-4072-a851-154d09fdc155,2016/05/26/13,/iiif/2016/05/26/13/cae3da62-983d-4072-a851-154d09fdc155_deflate.tif,1800,2400,La_llorona1.tif,2,(Cover & interior images),ok
16605854,3b3324e3-509c-4eab-88ac-b270a3f3631d,2016/08/29/10,/iiif/2016/08/29/10/3b3324e3-509c-4eab-88ac-b270a3f3631d_deflate.tif,2400,1800,Groar1.tif,2,(Images of the enclosure & interior),ok
14898646,c346e9ca-457f-4373-a516-f5ce39cc2f70,2016/05/25/14,/iiif/2016/05/25/14/c346e9ca-457f-4373-a516-f5ce39cc2f70_deflate.tif,1800,2400,Mood_potential1.tif,2,(Cover & interior images),ok
13517980,bb49a0f8-d05d-4823-9f82-ffaefbfd358b,2016/03/30/12,/iiif/2016/03/30/12/bb49a0f8-d05d-4823-9f82-ffaefbfd358b_deflate.tif,2400,1800,Incomplete_open_cubes1.tif,2,(Interior images),ok
23090562,184303dc-f59d-46ba-9bb5-aa706187144f,2018/06/19/13,/iiif/2018/06/19/13/184303dc-f59d-46ba-9bb5-aa706187144f_deflate.tif,1665,2400,your_machine1.tif,2,(Cover & interior images),ok
15111585,0248adf1-1596-4293-a80f-6496377ac87c,2016/06/15/15,/iiif/2016/06/15/15/0248adf1-1596-4293-a80f-6496377ac87c_deflate.tif,1800,2400,Hemmed1.tif,2,(Cover & interior images),ok
16493163,482fb71c-0c25-4539-abb9-352db90c2219,2016/08/15/14,/iiif/2016/08/15/14/482fb71c-0c25-4539-abb9-352db90c2219_deflate.tif,1800,2400,Word_rain1.tif,2,(Cover & interior images),ok
694851,96b352bb-8a80-46e5-b853-4307ecf90a8f,2012/08/10/14,/iiif/2012/08/10/14/96b352bb-8a80-46e5-b853-4307ecf90a8f_deflate.tif,2816,2112,prints from the classic fairytales1.tif,2,(Cover & interior images),ok
21536787,e0cdb448-b820-4851-a311-5c859c37d3cd,2017/09/13/19,/iiif/2017/09/13/19/e0cdb448-b820-4851-a311-5c859c37d3cd_deflate.tif,1980,2400,check_cover1.tif,2,(Cover & interior images),ok
16495133,2f6463ad-5fef-4f5a-98c9-3aae5f2baf58,2016/08/16/13,/iiif/2016/08/16/13/2f6463ad-5fef-4f5a-98c9-3aae5f2baf58_deflate.tif,1800,2400,Veronica_Flores1.tif,2,(Cover & interior images),ok
14844660,56719d94-b56a-4c0d-9a78-86f59f61604f,2016/05/24/14,/iiif/2016/05/24/14/56719d94-b56a-4c0d-9a78-86f59f61604f_deflate.tif,2400,1800,visitation1.tif,2,(Cover & interior images),ok
639226,0a3f4e04-c854-4bdd-9518-ed11d20565a1,2012/07/25/15,/iiif/2012/07/25/15/0a3f4e04-c854-4bdd-9518-ed11d20565a1_deflate.tif,2400,1800,halifax1.tif,2,(Cover & interior images),ok
14826726,1d6c8c76-3186-483e-84a0-0a30dbb71595,2016/05/23/15,/iiif/2016/05/23/15/1d6c8c76-3186-483e-84a0-0a30dbb71595_deflate.tif,2400,1800,Young_masters_and_misses1.tif,2,(Cover & interior images),ok
638958,63cfdf05-4cb1-48ea-ae06-c941e6f5a4a3,2012/07/25/11,/iiif/2012/07/25/11/63cfdf05-4cb1-48ea-ae06-c941e6f5a4a3_deflate.tif,2816,2112,evidence of living1redo.tif,2,(Cover & interior images),ok
14175099,9971ad5b-ced1-434a-9811-f5b7e211e5da,2016/04/27/11,/iiif/2016/04/27/11/9971ad5b-ced1-434a-9811-f5b7e211e5da_deflate.tif,2400,1800,Blanco1.tif,2,(Cover & interior images),ok
15144558,6cdf7e12-8a5d-46d9-9bd6-13ff3ce2be7e,2016/06/17/11,/iiif/2016/06/17/11/6cdf7e12-8a5d-46d9-9bd6-13ff3ce2be7e_deflate.tif,1800,2400,Bookovsky1.tif,2,(Cover & interior images),ok
13083373,62341c5a-50d1-45f1-8785-670ae32e89dc,2016/02/17/12,/iiif/2016/02/17/12/62341c5a-50d1-45f1-8785-670ae32e89dc_deflate.tif,1800,2400,NEWS1.tif,2,(Cover & interior images),ok
12549648,32c06f09-b25b-42f9-b22a-a8ee3da30a5e,2015/12/18/13,/iiif/2015/12/18/13/32c06f09-b25b-42f9-b22a-a8ee3da30a5e_deflate.tif,2400,1800,page_three1.tif,2,(Cover & interior images),ok
23957462,32320e87-9426-421b-8549-6b669463c5dd,2018/09/25/20,/iiif/2018/09/25/20/32320e87-9426-421b-8549-6b669463c5dd_deflate.tif,1897,2400,you_didnt_arrive_in_time1.tif,2,(Cover & interior images),ok
16533110,dfafbd0d-60b0-4410-a1c0-3810f474d6a6,2016/08/25/14,/iiif/2016/08/25/14/dfafbd0d-60b0-4410-a1c0-3810f474d6a6_deflate.tif,1800,2400,Bad_Meador1.tif,2,(Cover & interior images),ok
638488,dfb3a3c3-53d5-4089-9118-cf2703160356,2012/07/25/10,/iiif/2012/07/25/10/dfb3a3c3-53d5-4089-9118-cf2703160356_deflate.tif,1800,2400,duration piece #8-1.tif,2,(Cover & interior images),ok
13351069,1797fe3b-e35a-4958-b7e6-6de7d007a6cf,2016/03/15/14,/iiif/2016/03/15/14/1797fe3b-e35a-4958-b7e6-6de7d007a6cf_deflate.tif,1800,2400,Rates_of_exchange1.tif,2,(Cover & interior images),ok
23957458,60a787f0-3d64-49d5-8c0c-9a0103a686d2,2018/09/25/20,/iiif/2018/09/25/20/60a787f0-3d64-49d5-8c0c-9a0103a686d2_deflate.tif,1865,2400,naseris_road1.tif,2,(Cover & interior images),ok
15125732,ae93365e-2d90-4e3f-8847-4c944755347e,2016/06/16/13,/iiif/2016/06/16/13/ae93365e-2d90-4e3f-8847-4c944755347e_deflate.tif,1800,2400,Somewhere_between12_1.tif,2,(Cover & interior images),ok
12762422,e1dad6dc-32a8-4a4c-a05c-2b6d29312ee5,2016/01/25/17,/iiif/2016/01/25/17/e1dad6dc-32a8-4a4c-a05c-2b6d29312ee5_deflate.tif,2400,1800,Pinturas_en_el_cielo1.tif,2,(Cover & interior images),ok
13351068,62d34a0b-3949-4eeb-ab3a-feb60ca4aee4,2016/03/15/14,/iiif/2016/03/15/14/62d34a0b-3949-4eeb-ab3a-feb60ca4aee4_deflate.tif,1800,2400,post-partum document2.tif,3,(Cover & interior images),ok
12596732,9ae4f239-3e8f-4050-992d-11d884eb072e,2016/01/08/13,/iiif/2016/01/08/13/9ae4f239-3e8f-4050-992d-11d884eb072e_deflate.tif,1800,2400,Spam1.tif,2,(Cover & interior images),ok
732308,db19d213-c795-433c-abcd-fe05f13057af,2012/08/24/16,/iiif/2012/08/24/16/db19d213-c795-433c-abcd-fe05f13057af_deflate.tif,2112,2816,the position of the author1.tif,2,(Cover & interior images),ok
21083087,c57b98d4-0f8a-45e1-a1e1-e3f8c3fc925f,2017/08/02/12,/iiif/2017/08/02/12/c57b98d4-0f8a-45e1-a1e1-e3f8c3fc925f_deflate.tif,2301,2400,pink_mat_monster_cover2.tif,2,(Cover & interior images),ok
22364774,d11ecf87-1204-476d-9bc6-c0f8ea1bd703,2018/03/09/14,/iiif/2018/03/09/14/d11ecf87-1204-476d-9bc6-c0f8ea1bd703_deflate.tif,2400,1877,mercado_de_portales1.tif,2,(Cover & interior images),ok
19103883,46243703-b3db-4b06-ab44-e401dffaed95,2017/03/15/10,/iiif/2017/03/15/10/46243703-b3db-4b06-ab44-e401dffaed95_deflate.tif,2400,2119,uncarved_block_cover2.tif,3,(Cover & interior images),ok
24077772,e7ad3395-1591-46ee-ac85-912c4db993f6,2018/10/24/10,/iiif/2018/10/24/10/e7ad3395-1591-46ee-ac85-912c4db993f6_deflate.tif,1668,2196,two_pieces1.tif,2,(Cover & interior images),ok
21220501,363ae1cc-69b4-4ce3-8897-34309334b446,2017/08/17/11,/iiif/2017/08/17/11/363ae1cc-69b4-4ce3-8897-34309334b446_deflate.tif,1680,2400,grass_greener_cover2.tif,2,(Cover & interior images),ok
16621532,0b82fc74-de31-4446-972c-fbb1a6ef697e,2016/08/31/17,/iiif/2016/08/31/17/0b82fc74-de31-4446-972c-fbb1a6ef697e_deflate.tif,2400,1800,Yonder_woundeful1.tif,2,(Cover & interior images),ok
519911,c7e01281-acee-47be-86a9-135f26ed678a,2012/05/11/16,/iiif/2012/05/11/16/c7e01281-acee-47be-86a9-135f26ed678a_deflate.tif,2816,2112,bestiario bulgaro1redo.tif,3,(Cover & interior images),ok
21821595,ef2b7fc9-8296-4ad8-b9e4-ccf76859e5b0,2017/11/13/12,/iiif/2017/11/13/12/ef2b7fc9-8296-4ad8-b9e4-ccf76859e5b0_deflate.tif,1488,2400,vision_shifts_cover3.tif,2,(Cover & interior images),ok
633891,b886a254-fc2d-4480-9c13-7674179f6986,2012/07/23/15,/iiif/2012/07/23/15/b886a254-fc2d-4480-9c13-7674179f6986_deflate.tif,1800,2400,detective1.tif,2,(Cover & interior images),ok
519408,66eb6694-f7b1-4a10-81ee-e7603b64d325,2012/05/11/15,/iiif/2012/05/11/15/66eb6694-f7b1-4a10-81ee-e7603b64d325_deflate.tif,1800,2400,the art-life institute2.tif,2,(Cover & interior images),ok
21798626,74e011e3-2903-4d32-baff-93b210c5fd44,2017/11/01/20,/iiif/2017/11/01/20/74e011e3-2903-4d32-baff-93b210c5fd44_deflate.tif,1999,2400,accoutremenet_cover1.tif,2,(Cover & interior images),ok
14172141,1cac71b2-b0ff-4da4-b757-3138a9d952ef,2016/04/25/18,/iiif/2016/04/25/18/1cac71b2-b0ff-4da4-b757-3138a9d952ef_deflate.tif,1800,2400,Stereo1.tif,2,(Cover & interior images),ok
638489,576c4ad9-162e-45d5-a353-2da41d759ddd,2012/07/25/10,/iiif/2012/07/25/10/576c4ad9-162e-45d5-a353-2da41d759ddd_deflate.tif,2112,2596,dustbook_cover.tif,2,(Cover & interior images),ok
13310835,93ae802b-dc91-4219-bd47-6211ec293dbb,2016/03/09/12,/iiif/2016/03/09/12/93ae802b-dc91-4219-bd47-6211ec293dbb_deflate.tif,1800,2400,Surf_book1.tif,2,(Cover & interior images),ok
15088076,b0945602-ede9-4712-8a05-3d2d386e02de,2016/06/09/13,/iiif/2016/06/09/13/b0945602-ede9-4712-8a05-3d2d386e02de_deflate.tif,1800,2400,2013_1.tif,2,(Cover & interior images),ok
13142370,b083a20f-7898-4098-a57f-2405ad306263,2016/02/26/14,/iiif/2016/02/26/14/b083a20f-7898-4098-a57f-2405ad306263_deflate.tif,1800,2400,Random_passions1.tif,2,(Cover & interior images),ok
14183107,d6c960c8-adfd-4728-84b8-e6924fe45cd9,2016/04/29/16,/iiif/2016/04/29/16/d6c960c8-adfd-4728-84b8-e6924fe45cd9_deflate.tif,1800,2400,Las_silabas_del_agua1.tif,2,(Cover & interior images),ok
19376711,502cecb8-6c80-4838-9269-fc05325ef79a,2017/04/22/14,/iiif/2017/04/22/14/502cecb8-6c80-4838-9269-fc05325ef79a_deflate.tif,2213,2400,eight_cover2.tif,2,(Cover & interior images),ok
22380118,7e3a7124-b90a-45bf-ab1c-c69bd2c82168,2018/03/20/08,/iiif/2018/03/20/08/7e3a7124-b90a-45bf-ab1c-c69bd2c82168_deflate.tif,2103,2400,dominion1.tif,2,(Cover & interior images),ok
512698,4f510cfb-1514-4346-8891-d47da62b8e50,2012/05/07/12,/iiif/2012/05/07/12/4f510cfb-1514-4346-8891-d47da62b8e50_deflate.tif,2112,2816,200 books1.tif,2,(Cover & interior images),ok
22831042,53e3ce5c-10b4-43bb-985d-fc9f0df9a73d,2018/05/04/15,/iiif/2018/05/04/15/53e3ce5c-10b4-43bb-985d-fc9f0df9a73d_deflate.tif,1727,2400,fake_art1.tif,2,(Cover & interior images),ok
24123033,e2975a20-94d5-4550-bde8-f2dc82c4cc47,2018/11/03/15,/iiif/2018/11/03/15/e2975a20-94d5-4550-bde8-f2dc82c4cc47_deflate.tif,1800,2400,primer1.tif,2,(Cover & interior images),ok
20408864,798a6fc4-1918-4f3b-8054-0269d47fb6eb,2017/05/08/14,/iiif/2017/05/08/14/798a6fc4-1918-4f3b-8054-0269d47fb6eb_deflate.tif,2400,1234,mission_cover2.tif,2,(Cover & interior images),ok
641964,bc472e54-2f3c-4121-9521-f8b54aac49f1,2012/07/26/15,/iiif/2012/07/26/15/bc472e54-2f3c-4121-9521-f8b54aac49f1_deflate.tif,3072,2304,Libro volante2.tif,3,(Cover & interior images),ok
13529424,0b3913ab-f95b-47f4-88ae-a25ebb01e76c,2016/03/31/20,/iiif/2016/03/31/20/0b3913ab-f95b-47f4-88ae-a25ebb01e76c_deflate.tif,1800,2400,Como_nieve1.tif,2,(Cover & interior images),ok
12405974,5c2a97b7-8e38-4043-a718-2915da74770c,2015/12/01/12,/iiif/2015/12/01/12/5c2a97b7-8e38-4043-a718-2915da74770c_deflate.tif,1800,2400,Implementing_Architecture1.tif,2,(Cover & interior images),ok
21007071,1a3d877e-bf3d-4370-9f63-d152ffbd0676,2017/07/10/14,/iiif/2017/07/10/14/1a3d877e-bf3d-4370-9f63-d152ffbd0676_deflate.tif,2400,2186,menique_cover1.tif,2,(Cover & interior images),ok
519919,fd25d77f-7a32-42f1-b091-1bf0508b3a54,2012/05/11/16,/iiif/2012/05/11/16/fd25d77f-7a32-42f1-b091-1bf0508b3a54_deflate.tif,2064,2740,bird songs heartbeats1.tif,2,(Cover & interior images),ok
14826717,4d36be56-62d5-4d83-bcac-494c5eb60221,2016/05/23/15,/iiif/2016/05/23/15/4d36be56-62d5-4d83-bcac-494c5eb60221_deflate.tif,1800,2400,Carnitas1.tif,2,(Cover & interior images),ok
13002605,63c5ab1e-f849-46c9-8f30-cc3854607a9d,2016/02/12/15,/iiif/2016/02/12/15/63c5ab1e-f849-46c9-8f30-cc3854607a9d_deflate.tif,1800,2400,Team_Evil1.tif,2,(Cover & interior images),ok
21083082,620dafec-ed39-4ce9-aab9-f1bca7e023e7,2017/08/02/12,/iiif/2017/08/02/12/620dafec-ed39-4ce9-aab9-f1bca7e023e7_deflate.tif,1936,2400,nothing_changes_cover3.tif,2,(Cover & interior images),ok
23970304,b452c28b-69e5-4f8c-93aa-4bdd64c96d25,2018/10/02/19,/iiif/2018/10/02/19/b452c28b-69e5-4f8c-93aa-4bdd64c96d25_deflate.tif,1800,2400,computed_curation1.tif,3,(Cover & interior images),ok
12405965,3a2fddc4-5a47-4141-9b83-3c41af5a934b,2015/12/01/12,/iiif/2015/12/01/12/3a2fddc4-5a47-4141-9b83-3c41af5a934b_deflate.tif,1800,2400,Busqueda_de_Charizard1.tif,2,(Cover & interior images),ok
21536789,91a7ad74-5770-45dd-8ea2-95628e9fd571,2017/09/13/19,/iiif/2017/09/13/19/91a7ad74-5770-45dd-8ea2-95628e9fd571_deflate.tif,2400,1805,diary_cover1.tif,2,(Cover & interior images),ok
18983650,2ee7501d-3523-473e-a066-49c7c395d439,2017/02/22/11,/iiif/2017/02/22/11/2ee7501d-3523-473e-a066-49c7c395d439_deflate.tif,2239,2400,techo_cover1.tif,2,(Cover & interior images),ok
12653183,fa84c6dd-bc79-45d2-9090-886d41a761bb,2016/01/15/15,/iiif/2016/01/15/15/fa84c6dd-bc79-45d2-9090-886d41a761bb_deflate.tif,2400,1800,Land_man_machine1.tif,2,(Cover & interior images),ok
21804672,6c1ef750-cf0c-47cb-9ce4-a3adb7897d3b,2017/11/04/16,/iiif/2017/11/04/16/6c1ef750-cf0c-47cb-9ce4-a3adb7897d3b_deflate.tif,1951,2400,landscapes_anthropocene_cover1.tif,2,(Cover & interior images),ok
512694,8ae7f63a-bf7d-47c3-8f98-d46c8069ef8a,2012/05/07/11,/iiif/2012/05/07/11/8ae7f63a-bf7d-47c3-8f98-d46c8069ef8a_deflate.tif,1800,2400,13 books1.tif,2,(Cover & interior images),ok
638492,ba214423-f380-4055-8f74-0dd4c7e6a8c9,2012/07/25/10,/iiif/2012/07/25/10/ba214423-f380-4055-8f74-0dd4c7e6a8c9_deflate.tif,2784,2112,dutch details3.tif,2,(Interior images),ok
692900,384e3b13-9372-4aa7-ac47-f0062c6aa524,2015/04/30/17,/iiif/2015/04/30/17/384e3b13-9372-4aa7-ac47-f0062c6aa524_deflate.tif,1800,2400,nameless_dead1.tif,2,(Cover & interior images),ok
14172133,99cd09ef-b293-4b99-b1c9-e58d6339880c,2016/04/25/18,/iiif/2016/04/25/18/99cd09ef-b293-4b99-b1c9-e58d6339880c_deflate.tif,1800,2400,Xochikuikatl1.tif,2,(Cover & interior images),ok
18155293,0e6b4da5-0c71-4c33-ad09-bbf300800fe1,2017/01/04/11,/iiif/2017/01/04/11/0e6b4da5-0c71-4c33-ad09-bbf300800fe1_deflate.tif,1919,2400,how_to_connect_cover1.tif,2,(Cover & interior images),ok
12619316,273a3bce-0567-4fb7-b5ef-b1d186bf00d6,2016/01/11/17,/iiif/2016/01/11/17/273a3bce-0567-4fb7-b5ef-b1d186bf00d6_deflate.tif,2400,1800,Suite_vénitienne1.tif,2,(Cover & interior images),ok
13107863,c0ba5290-7752-47bc-a17b-9eae19c31eba,2016/02/22/20,/iiif/2016/02/22/20/c0ba5290-7752-47bc-a17b-9eae19c31eba_deflate.tif,2400,1800,George_and_Gilbert1.tif,2,(Cover & interior images),ok
13420278,69452520-3171-48ea-b48d-f553d96a0748,2016/03/21/17,/iiif/2016/03/21/17/69452520-3171-48ea-b48d-f553d96a0748_deflate.tif,2400,1800,Tres_fotos1.tif,2,"(Images of the enclosure, cover, & interior)",ok
21027682,7028e25e-0c4f-45b6-a048-bd69b09d7b64,2017/07/19/14,/iiif/2017/07/19/14/7028e25e-0c4f-45b6-a048-bd69b09d7b64_deflate.tif,1794,2400,amigos_y_objetos_cover2.tif,2,(Cover & interior images),ok
12970046,2522f2e6-8c40-4684-8fb4-10c0428b9a2c,2016/02/11/18,/iiif/2016/02/11/18/2522f2e6-8c40-4684-8fb4-10c0428b9a2c_deflate.tif,1800,2400,Haiti_fuego_sagrado1.tif,2,(Cover & interior images),ok
21239702,cb2e02f9-355f-426f-b089-e2dc1710701d,2017/08/21/14,/iiif/2017/08/21/14/cb2e02f9-355f-426f-b089-e2dc1710701d_deflate.tif,1838,2400,seat_at_the_table_cover2.tif,3,(Cover & interior images),ok
927342,690db332-d47d-41f7-8655-f4af4e31a741,2015/05/18/15,/iiif/2015/05/18/15/690db332-d47d-41f7-8655-f4af4e31a741_deflate.tif,1835,2400,this is not america1.tif,2,(Cover & interior images),ok
659954,3ed1c720-34c0-4779-8b7d-0902de21dc97,2012/08/01/12,/iiif/2012/08/01/12/3ed1c720-34c0-4779-8b7d-0902de21dc97_deflate.tif,4288,3216,andandand_cover.tif,3,(Cover & interior images),ok
950416,71301793-c82f-4e4a-9bfa-9bfb6b30e878,2015/05/20/16,/iiif/2015/05/20/16/71301793-c82f-4e4a-9bfa-9bfb6b30e878_deflate.tif,2400,2176,versos sencillos1.tif,2,(Cover & interior images),ok
631908,e565a747-5f38-48c2-8ec8-95afa3108f01,2012/07/23/12,/iiif/2012/07/23/12/e565a747-5f38-48c2-8ec8-95afa3108f01_deflate.tif,2112,2816,camping out1.tif,2,(Cover & interior images),ok
2436251,fed1bc29-c8be-420e-9420-6677f6a54df1,2013/12/11/13,/iiif/2013/12/11/13/fed1bc29-c8be-420e-9420-6677f6a54df1_deflate.tif,1994,2400,Amoxohtli 1.tif,2,(Cover & interior images),ok
631871,42222d8c-c322-4ca7-8d92-a12ecf8fe162,2012/07/23/12,/iiif/2012/07/23/12/42222d8c-c322-4ca7-8d92-a12ecf8fe162_deflate.tif,3072,2304,Bully!1.tif,2,(Cover & interior images),ok
12596734,1f89b33b-d880-457b-b8a4-552a56a4ff7d,2016/01/08/13,/iiif/2016/01/08/13/1f89b33b-d880-457b-b8a4-552a56a4ff7d_deflate.tif,2400,1800,Asi_se_baila1.tif,2,(Cover & interior images),ok
641865,4627bdfa-24a1-4c2d-be0f-2691f44eb1bb,2012/07/26/13,/iiif/2012/07/26/13/4627bdfa-24a1-4c2d-be0f-2691f44eb1bb_deflate.tif,2400,1800,invocation to the water spirits1.tif,3,(Cover & interior images),ok
18937713,900f1b4b-3843-4f93-9c0a-925bb9993aaf,2017/02/16/18,/iiif/2017/02/16/18/900f1b4b-3843-4f93-9c0a-925bb9993aaf_deflate.tif,2042,2304,mano_de_obra_cover2.tif,2,(Cover & interior images),ok
12549639,6f3a8fcf-d790-4d76-a85a-41a312277ef1,2015/12/18/13,/iiif/2015/12/18/13/6f3a8fcf-d790-4d76-a85a-41a312277ef1_deflate.tif,1800,2400,Nets1.tif,2,(Cover & interior images),ok
519926,731ba716-61de-4abe-979c-60c5258f32b4,2012/05/11/16,/iiif/2012/05/11/16/731ba716-61de-4abe-979c-60c5258f32b4_deflate.tif,1800,2400,book of dust1.tif,2,(Cover & interior images),ok
18344727,6c30dac7-f9d6-48dd-9510-994e4670fa20,2017/01/21/13,/iiif/2017/01/21/13/6c30dac7-f9d6-48dd-9510-994e4670fa20_deflate.tif,2034,2400,exhausted_geographies_cover2.tif,3,(Cover & interior images),ok
20325718,0d95a57f-05fa-4f61-af89-19d382f54936,2017/04/26/12,/iiif/2017/04/26/12/0d95a57f-05fa-4f61-af89-19d382f54936_deflate.tif,1987,2400,hours_cover2.tif,2,(Cover & interior images),ok
12619314,1bac1fd8-9fee-481a-836b-0204c93b2641,2016/01/11/18,/iiif/2016/01/11/18/1bac1fd8-9fee-481a-836b-0204c93b2641_deflate.tif,1800,2400,El_titiritero_florencio1.tif,2,(Cover & interior images),ok
14510423,09ef96f1-1200-4394-a110-49a4213ae2a7,2016/05/17/12,/iiif/2016/05/17/12/09ef96f1-1200-4394-a110-49a4213ae2a7_deflate.tif,1800,2400,Terrorists_handbook1.tif,2,(Cover & interior images),ok
