title,authors,zotero_item_id,google_books_id,google_books_url
"""A declaration of dependence""","Romeu, Joost",9881,fse3HAAACAAJ,https://books.google.com/books?id=fse3HAAACAAJ
"""El joven aprendiz de pintor"" de Joaquín Sabina","Alatriste T., Janitzio; Sabina, Joaquín",16331,k850MgAACAAJ,https://books.google.com/books?id=k850MgAACAAJ
"""Swans, the ice,"" she said","Workshop.|, Women's Studio; Gorrick, Anne; Winika, Cynthia |",9657,QegkAgAACAAJ,https://books.google.com/books?id=QegkAgAACAAJ
"& this is where we can begin, thankfully","Cohick, Aaron",15828,2MZoMwEACAAJ,https://books.google.com/books?id=2MZoMwEACAAJ
&&&,"Carlson, Eric",17124,Jg-UMwEACAAJ,https://books.google.com/books?id=Jg-UMwEACAAJ
(Blu)est-reak,"Leeb, Susan",9957,1Y0-OwAACAAJ,https://books.google.com/books?id=1Y0-OwAACAAJ
"(Ho + go)² = it","Laxson, Ruth",8842,M73yAAAACAAJ,https://books.google.com/books?id=M73yAAAACAAJ
"--It's still privileged art","Condé, Carole; Beveridge, Karl",10887,ygjWAAAACAAJ,https://books.google.com/books?id=ygjWAAAACAAJ
051272,"Fuenmayor, Jesús; Hernández-Santana, Emiliano",11912,9zV-NQEACAAJ,https://books.google.com/books?id=9zV-NQEACAAJ
"100 things with handles","Lewandowski, Simon; Clements, Wayne; Garnett, S. W. (Steve W. )",12067,-RPPMgEACAAJ,https://books.google.com/books?id=-RPPMgEACAAJ
"101 soluciones para salir de la crisis","Fresneda, Andrés; Ríos, Alexander",9890,XLPyoAEACAAJ,https://books.google.com/books?id=XLPyoAEACAAJ
"11 excerpts (1967-1970) = 11 [i.e. onze] extraits (1967-1970)","Bochner, Mel",9982,9WQJOwAACAAJ,https://books.google.com/books?id=9WQJOwAACAAJ
"11 excerpts (1967-1970) = 11 [i.e. onze] extraits (1967-1970)","Bochner, Mel",10366,9WQJOwAACAAJ,https://books.google.com/books?id=9WQJOwAACAAJ
"11.21.11 5:40 p.m.","Misrach, Richard",9920,EIe1nAEACAAJ,https://books.google.com/books?id=EIe1nAEACAAJ
"128 details from a picture (Halifax 1978)","Richter, Gerhard",10908,tLkzAQAAIAAJ,https://books.google.com/books?id=tLkzAQAAIAAJ
"13 books : (notes on the design, construction & marketing of my last--)","Koren, Leonard; Panter, Gary |",12072,5tnHB8LnNpMC,https://books.google.com/books?id=5tnHB8LnNpMC
"1492 : what is it like to be discovered?","Jaffe, Maggie; Small, Deborah",12065,h1tcAAAAMAAJ,https://books.google.com/books?id=h1tcAAAAMAAJ
"15. Juni 1999/July 27, 1999 : Love letter to Gutenberg","Lollis, Cynthia; Deeg, Daniela",12071,7-ZMHAAACAAJ,https://books.google.com/books?id=7-ZMHAAACAAJ
2013,"Bel, Jonás; Trapiello, Rafael",9731,6C_SoAEACAAJ,https://books.google.com/books?id=6C_SoAEACAAJ
2013,"Bel, Jonás; Trapiello, Rafael",9731,LLQYoAEACAAJ,https://books.google.com/books?id=LLQYoAEACAAJ
"21 April 1996 : instruction manual no. 2","Weifenbach, Terri",9806,rH6eAAAACAAJ,https://books.google.com/books?id=rH6eAAAACAAJ
"28 days : a deck of cards","Nettles, Bea",12070,5741PwAACAAJ,https://books.google.com/books?id=5741PwAACAAJ
"2nd hand reading : William Kentridge","Kentridge, William; Coulson, Jessie; Fowler, H. W. (Henry Watson); Little, William; Onions, C. T. (Charles Talbut)",13289,iKO9oAEACAAJ,https://books.google.com/books?id=iKO9oAEACAAJ
"2nd hand reading : William Kentridge","Kentridge, William; Coulson, Jessie; Fowler, H. W. (Henry Watson); Little, William; Onions, C. T. (Charles Talbut)",13290,iKO9oAEACAAJ,https://books.google.com/books?id=iKO9oAEACAAJ
"3 communiqués","Rowlands, Alun",10880,kD6rPAAACAAJ,https://books.google.com/books?id=kD6rPAAACAAJ
"3 works","Rosler, Martha",17270,dbM4AQAAIAAJ,https://books.google.com/books?id=dbM4AQAAIAAJ
"30 signatures to silver catches","Finlay, Ian",9987,NYxXNAAACAAJ,https://books.google.com/books?id=NYxXNAAACAAJ
"530 : sá veldur sem á heldur","Soulellis, Paul",9829,wN_ooAEACAAJ,https://books.google.com/books?id=wN_ooAEACAAJ
"67 improved papertigers not afraid of repetition","Kippenberger, Martin",10769,1scPPQAACAAJ,https://books.google.com/books?id=1scPPQAACAAJ
"955,000 : an exhibition","Lippard, Lucy",10764,wkyFGQAACAAJ,https://books.google.com/books?id=wkyFGQAACAAJ
"9th street run down","Wool, Christopher",9802,XnF5QgAACAAJ,https://books.google.com/books?id=XnF5QgAACAAJ
"A book about love & war & death, canto one","Higgins, Dick",10025,wCvyAAAAMAAJ,https://books.google.com/books?id=wCvyAAAAMAAJ
"A discourse on domestic disorder","Cumming, Robert",9083,zraYQAAACAAJ,https://books.google.com/books?id=zraYQAAACAAJ
"A few palm trees","Ruscha, Edward",16853,npx9QgAACAAJ,https://books.google.com/books?id=npx9QgAACAAJ
"A game of chess","Wallenstein, Ellen",17120,SliEGAAACAAJ,https://books.google.com/books?id=SliEGAAACAAJ
"A girl's life","Drucker, Johanna; Bee, Susan",14125,YfSwAAAAIAAJ,https://books.google.com/books?id=YfSwAAAAIAAJ
"A humument : a treated Victorian novel","Phillips, Tom; Mallock, W. H. (William Hurrell)",9866,HC8FNAEACAAJ,https://books.google.com/books?id=HC8FNAEACAAJ
"A humument : a treated Victorian novel","Phillips, Tom; Mallock, W. H. (William Hurrell)",9867,lMELQgAACAAJ,https://books.google.com/books?id=lMELQgAACAAJ
"A humument : a treated Victorian novel","Phillips, Tom; Mallock, W. H. (William Hurrell)",13429,aN5cSwAACAAJ,https://books.google.com/books?id=aN5cSwAACAAJ
"A hundred years of: LEX FLEX","Laxson, Ruth",12434,vQq7AAAACAAJ,https://books.google.com/books?id=vQq7AAAACAAJ
"A journey to the Far Canine Range and the unexplored territory beyond Terrier Pass","De Forest, Roy",9861,4WsUAAAACAAJ,https://books.google.com/books?id=4WsUAAAACAAJ
"A journey to the Far Canine Range and the unexplored territory beyond Terrier Pass","De Forest, Roy",9861,ezSmOQAACAAJ,https://books.google.com/books?id=ezSmOQAACAAJ
"A nuclear atlas","Workshop.|, Women's Studio; Gilbert, Sharon",10340,wbynGAAACAAJ,https://books.google.com/books?id=wbynGAAACAAJ
"A nuclear atlas","Gilbert, Sharon",13230,wbynGAAACAAJ,https://books.google.com/books?id=wbynGAAACAAJ
"A penny for your thoughts = Dime lo que piensas","Garcés, Paola; Millán, Madeline",17100,SmMsMwEACAAJ,https://books.google.com/books?id=SmMsMwEACAAJ
"A portfolio of piles.","Baxter&, Iain",10684,tjNaGQAACAAJ,https://books.google.com/books?id=tjNaGQAACAAJ
"A real fighting man","Pirkle, Lee",12563,ruyKoAEACAAJ,https://books.google.com/books?id=ruyKoAEACAAJ
"A reminder : an open book test","Schilling, Wilber",9837,lGLlGAAACAAJ,https://books.google.com/books?id=lGLlGAAACAAJ
"A sailor's calendar; a miscellany,","Finlay, Ian; Huntly, Gordon",10863,FoV9QgAACAAJ,https://books.google.com/books?id=FoV9QgAACAAJ
"A seat at the table","Solange, 1986-; Guerrero, Carlota",17212,wDMxngAACAAJ,https://books.google.com/books?id=wDMxngAACAAJ
"A tourist map to Japan : major air routes in Japan  / voyage(r) by Clarissa Sligh.","Sligh, Clarissa",10847,Uy2eAAAACAAJ,https://books.google.com/books?id=Uy2eAAAACAAJ
"A view of affect : a treatise on the heart and other significant hearts","Smith, Leslie; Book.|, Iowa Center for the",17257,ZcIDjwEACAAJ,https://books.google.com/books?id=ZcIDjwEACAAJ
"A wolf in sheep's clothing : three allegories","Munger, Elizabeth",9911,9QL9SAAACAAJ,https://books.google.com/books?id=9QL9SAAACAAJ
"ABC : ein sechsundzwanzig Buchstabenbuch","Baumann, Gerd",10756,WMxPAAAAMAAJ,https://books.google.com/books?id=WMxPAAAAMAAJ
"AS in DS : an eye on the road","Smithson, Alison",9832,-oubwnJ76Y0C,https://books.google.com/books?id=-oubwnJ76Y0C
"AT lanta 1945 50","Ohtake, Shinro",10850,StzhAAAACAAJ,https://books.google.com/books?id=StzhAAAACAAJ
"Abrirán las grandes alamedas : últimas palabras de Salvador Allende.","Allende Gossens, Salvador; Soto, Oscar; Videla, Gabriela",10747,LON5oAEACAAJ,https://books.google.com/books?id=LON5oAEACAAJ
"Ad infinitum","Klauke, Michael",9084,-5dPAAAAMAAJ,https://books.google.com/books?id=-5dPAAAAMAAJ
Addresses,"Rosenberg, M",16855,kXNqMwEACAAJ,https://books.google.com/books?id=kXNqMwEACAAJ
"Adán","Ares, Marta",9736,enBQAAAAMAAJ,https://books.google.com/books?id=enBQAAAAMAAJ
"After art : Museum of Mott Art inc. : catalogue of After Art services 1974","Levine, Les",11733,507boAEACAAJ,https://books.google.com/books?id=507boAEACAAJ
Age-specific.,"Marsico, Dennis",10731,JaNelQEACAAJ,https://books.google.com/books?id=JaNelQEACAAJ
"Alabanza del libro","Zetina, Daniel",10724,_jqhoAEACAAJ,https://books.google.com/books?id=_jqhoAEACAAJ
"Aleluya de besos","Rodríguez de la Flor, Andrea; Macías Vilches, Anah R.",9885,UaWpoAEACAAJ,https://books.google.com/books?id=UaWpoAEACAAJ
"Alicia en el país de la danza","Estévez Jordán, Rolando; Ponce, Agustina; García Marruz, Fina",10719,QrreYgEACAAJ,https://books.google.com/books?id=QrreYgEACAAJ
"All Smart Art Press : things God wants you to have","Martin, Susan; Myers, Holly",10715,ozhUAAAAMAAJ,https://books.google.com/books?id=ozhUAAAAMAAJ
"Allan Kaprow : a bibliography","Kaprow, Allan; Maffei, Giorgio |",15533,nj3MygAACAAJ,https://books.google.com/books?id=nj3MygAACAAJ
"Alquímia para principiantes","Past, Ámbar; Lome, Emilio",15935,EmjaSAAACAAJ,https://books.google.com/books?id=EmjaSAAACAAJ
"American English","Prince, Richard; HQ, Sadie Coles",17115,hJhQAAAAMAAJ,https://books.google.com/books?id=hJhQAAAAMAAJ
"American photographs","Evans, Walker; Kirstein, Lincoln",16850,3zsOAQAAIAAJ,https://books.google.com/books?id=3zsOAQAAIAAJ
Amidah.,"Robinson, Lisa",17113,JJ-eoAEACAAJ,https://books.google.com/books?id=JJ-eoAEACAAJ
"Amigos y objetos preferidos","Hernández, Selva; Díaz Ibáñez, Nuria",9686,5_lzoAEACAAJ,https://books.google.com/books?id=5_lzoAEACAAJ
"Amor : 20 poemillas de amor","Figueras, Abel",9673,sLguMwEACAAJ,https://books.google.com/books?id=sLguMwEACAAJ
"Amoxohtli : oquihcuilo Jimmie Durham = Libro de carretera : por Jimmie Durham","Durham, Jimmie",9681,E_mLZwEACAAJ,https://books.google.com/books?id=E_mLZwEACAAJ
"An anthology of chance operations...","Young, La",13286,bmDGGwAACAAJ,https://books.google.com/books?id=bmDGGwAACAAJ
"An atlas of radical cartography","Mogel, Lize; Bhagat, Alexis",10701,YXkmRAAACAAJ,https://books.google.com/books?id=YXkmRAAACAAJ
"An intrusion : (self-applied)","Sharshal, Stan",12433,G7c2nQEACAAJ,https://books.google.com/books?id=G7c2nQEACAAJ
"Analemmic : an equation of time","Bellavance, Leslie",10703,s-z3PQAACAAJ,https://books.google.com/books?id=s-z3PQAACAAJ
"And so forth / Richard Kostelanetz.","Kostelanetz, Richard",9962,0LObpwAACAAJ,https://books.google.com/books?id=0LObpwAACAAJ
"Andy Warhol's index (book)","Warhol, Andy",17070,6boIPwAACAAJ,https://books.google.com/books?id=6boIPwAACAAJ
"Animal proverbs of the Grebo people of Liberia.","Kennedy, Amos",15184,_jZBkgAACAAJ,https://books.google.com/books?id=_jZBkgAACAAJ
"Anotaciones para una cumbia","Chaves, Luis; Cartonera, Eloísa",10695,tua6MQAACAAJ,https://books.google.com/books?id=tua6MQAACAAJ
"Another water : (the river Thames, for example)","Horn, Roni",9647,Xf2LZwEACAAJ,https://books.google.com/books?id=Xf2LZwEACAAJ
"AntiDoctos : concentrados de sabiduría popular.","miCielo Ediciones, |publisher",10176,3IT9jgEACAAJ,https://books.google.com/books?id=3IT9jgEACAAJ
Antlers.,"Zweig, Janet",9623,MBhauAAACAAJ,https://books.google.com/books?id=MBhauAAACAAJ
"Any one to tease a saint seriously --Gertrude Stein","Stein, Judith",9824,kBqpPAAACAAJ,https://books.google.com/books?id=kBqpPAAACAAJ
"Anything from anywhere","Dickson, R. G. Brian; Moore, Jennifer; Pierce, Jon; Tipps, Emily",16847,7YcWYAAACAAJ,https://books.google.com/books?id=7YcWYAAACAAJ
Apocalypse,"Haack, Horst; Peres, Adon",10687,z4ItOQAACAAJ,https://books.google.com/books?id=z4ItOQAACAAJ
"Apparition of a distance, however near it may be : the hands of Google Books","Soulellis, Paul",9785,BWcdogEACAAJ,https://books.google.com/books?id=BWcdogEACAAJ
Arbitra,"Zorrilla, Angelica",17096,w6ikygAACAAJ,https://books.google.com/books?id=w6ikygAACAAJ
"Arcs and lines : all combinations of arcs from four corners, arcs from four sides, straight lines, not-straight lines, and broken lines : Sol LeWitt, 1974.","LeWitt, Sol",10173,2ngPNQAACAAJ,https://books.google.com/books?id=2ngPNQAACAAJ
"Arcs, from corners & sides, circles, & grids and all their combinations.","LeWitt, Sol; Bern, Kunsthalle",16541,TzlQAAAAMAAJ,https://books.google.com/books?id=TzlQAAAAMAAJ
"Art and life, or, Fairies have their place","Cronin, Robert",17090,xCpyXwAACAAJ,https://books.google.com/books?id=xCpyXwAACAAJ
"Artist's book ideation cards","Chen, Julie; Tetenbaum, Barbara; Press, Triangular",14151,yeNkoAEACAAJ,https://books.google.com/books?id=yeNkoAEACAAJ
"Artist/author : contemporary artists' books","Lauf, Cornelia; Phillpot, Clive |; Gallery.|, Weatherspoon Art",9794,M6RPAAAAMAAJ,https://books.google.com/books?id=M6RPAAAAMAAJ
"Artists books : a critical survey of the literature","Klima, Stefan",9863,6J99QgAACAAJ,https://books.google.com/books?id=6J99QgAACAAJ
"Artists' book","Mekas, Jonas; Paris, Musée d'art moderne de la ville de",10867,DkwdAQAAIAAJ,https://books.google.com/books?id=DkwdAQAAIAAJ
"Artists' books : Visual Studies Workshop Press, 1971-2008","Lyons, Joan",16899,uEycPgAACAAJ,https://books.google.com/books?id=uEycPgAACAAJ
"Artists' books : a critical anthology and sourcebook","Lyons, Joan",9868,tpBPAAAAMAAJ,https://books.google.com/books?id=tpBPAAAAMAAJ
"Assemblage, environments & happenings.","Kaprow, Allan; Kyōkai, Gutai Bijutsu; Lebel, Jean-Jacques",10856,B8smQwAACAAJ,https://books.google.com/books?id=B8smQwAACAAJ
Asul,"Magallanes, Alejandro",9937,hNqJoAEACAAJ,https://books.google.com/books?id=hNqJoAEACAAJ
"Así se baila el tango, 1942","Bervejillo, Matías; Marvil, 1902-1976; Randal, Elías",17085,XyUzywAACAAJ,https://books.google.com/books?id=XyUzywAACAAJ
"At the turn of the centuries : the influence of early 20th century book arts on contemporary artists' books : three essays adapted from conference presentations given at Yale University on April 13, 2007.","Bury, Stephen; Lorenz, Angela |; Reed, Marcia",15553,rlFNmgEACAAJ,https://books.google.com/books?id=rlFNmgEACAAJ
"Atlas of punctuation","Neilson, Heidi",10849,KtsTAQAACAAJ,https://books.google.com/books?id=KtsTAQAACAAJ
Atravessamentos,"Melo, Marrytsa; Nano Editora, |publisher",8854,_-CjtAEACAAJ,https://books.google.com/books?id=_-CjtAEACAAJ
"Aunt Sallie's lament","Kaufman, Margaret; Press.|, Janus; Van Vliet, Claire |",9816,fe4eOAAACAAJ,https://books.google.com/books?id=fe4eOAAACAAJ
"Aunt Sallie's lament","Van Vliet, Claire; Kaufman, Margaret; Press, Janus",10842,fe4eOAAACAAJ,https://books.google.com/books?id=fe4eOAAACAAJ
Auschwitz.,"Milman, Barbara",17082,89qrHwAACAAJ,https://books.google.com/books?id=89qrHwAACAAJ
Autobiographies,"Kostelanetz, Richard",11223,1NwhAQAAIAAJ,https://books.google.com/books?id=1NwhAQAAIAAJ
Autobiography,"LeWitt, Sol",9741,YzRpQgAACAAJ,https://books.google.com/books?id=YzRpQgAACAAJ
Autobiography,"LeWitt, Sol",9741,eJRTAAAAMAAJ,https://books.google.com/books?id=eJRTAAAAMAAJ
Autobiography,"LeWitt, Sol",10915,YzRpQgAACAAJ,https://books.google.com/books?id=YzRpQgAACAAJ
Autobiography,"LeWitt, Sol",10915,eJRTAAAAMAAJ,https://books.google.com/books?id=eJRTAAAAMAAJ
"Aún soltera","Cartonera, Eloísa; Umpi, Dani",10843,2ZgcHQAACAAJ,https://books.google.com/books?id=2ZgcHQAACAAJ
"BEAUT. E (Code) : computer professionals reflect on the art in software.","Hanmer, Karen",9654,npGYnQEACAAJ,https://books.google.com/books?id=npGYnQEACAAJ
Bad,"Meador, Clifton",9932,FZnKtgAACAAJ,https://books.google.com/books?id=FZnKtgAACAAJ
"Baja presión","Prieto, Martín; Bianchedi, Remo",9900,MPo3MwEACAAJ,https://books.google.com/books?id=MPo3MwEACAAJ
"Bajo el cielo de Dublín","Estévez Jordán, Rolando; Cuesta, Mabel",17161,roP2nwEACAAJ,https://books.google.com/books?id=roP2nwEACAAJ
"Beasts of India","Arni, Kanchana; Wolf, Gita",10833,5DZbJ_q7mFYC,https://books.google.com/books?id=5DZbJ_q7mFYC
"Beata risográfica","Paz, Beatriz",9904,LbmVngEACAAJ,https://books.google.com/books?id=LbmVngEACAAJ
"Beautiful pig","Gaynor, Marty; Schonberger, Ben",16843,pfYUngEACAAJ,https://books.google.com/books?id=pfYUngEACAAJ
"Becoming imperceptible, Adam Pendleton.","Pendleton, Adam; Contemporary Arts Center (New Orleans, La",17293,UxwcjwEACAAJ,https://books.google.com/books?id=UxwcjwEACAAJ
"Being Antinova","Antin, Eleanor",10984,YNE3AQAAIAAJ,https://books.google.com/books?id=YNE3AQAAIAAJ
"Being Antinova","Antin, Eleanor",10984,m5XWAAAAMAAJ,https://books.google.com/books?id=m5XWAAAAMAAJ
"Belo horizonte","Hellion, Martha; Beste, Kathi; Columbia College (Chicago, Ill ) Center for Book & Paper Arts; Knecht, Jordan; Kostus, Kaitlin",9776,T0ijoAEACAAJ,https://books.google.com/books?id=T0ijoAEACAAJ
"Ben : ""Gestes"".","Vautier, Ben; Bischofberger.|, Galerie",17255,39dGGwAACAAJ,https://books.google.com/books?id=39dGGwAACAAJ
"Berlin in the time of the wall : photographs","Gossage, John; Badger, Gerry",10827,bc8LAQAAMAAJ,https://books.google.com/books?id=bc8LAQAAMAAJ
"Beutel Frau = Bolsa de dama","Paz, Beatriz",10819,eva0ngEACAAJ,https://books.google.com/books?id=eva0ngEACAAJ
"Beyond the text : artists' books from the collection of Robert J. Ruben","Ruben, Robert; Club.|, Grolier; Korshak, Yvonne |",13410,pKppPgAACAAJ,https://books.google.com/books?id=pKppPgAACAAJ
"Bibliothèques universelles des livres d'artistes = World libraries of artist'books : 1 april 2007-2017","Kermaire, Christine",9968,_WRqQAAACAAJ,https://books.google.com/books?id=_WRqQAAACAAJ
"Bicentenaire, Trouillot","Estévez Jordán, Rolando; Vigía, Ediciones; Ruiz Montes, Laura; Trouillot, Lyonel",10815,PUihMwEACAAJ,https://books.google.com/books?id=PUihMwEACAAJ
"Big man on the dot","Leslie, Ken",9954,OoVyAAAACAAJ,https://books.google.com/books?id=OoVyAAAACAAJ
"Binding analysis : double bind","Weston, Heather",13149,adlrAAAACAAJ,https://books.google.com/books?id=adlrAAAACAAJ
"Bird songs, heartbeats","Weil, Susan",10211,abh-NAAACAAJ,https://books.google.com/books?id=abh-NAAACAAJ
"Bitter fruit -- Harvest of war","Leeb, Susan",10807,dx_UtgAACAAJ,https://books.google.com/books?id=dx_UtgAACAAJ
Blind,"Calle, Sophie",9708,sgGmpwAACAAJ,https://books.google.com/books?id=sgGmpwAACAAJ
Blindsight,"Kaprow, Allan; Education.|, Wichita State University Department of Art",13984,aR-epwAACAAJ,https://books.google.com/books?id=aR-epwAACAAJ
Blindsight,"Kaprow, Allan; Education, Wichita State University Department of Art",17162,aR-epwAACAAJ,https://books.google.com/books?id=aR-epwAACAAJ
"Bobby : book number 100","Smith, Keith",16574,pHSqpwAACAAJ,https://books.google.com/books?id=pHSqpwAACAAJ
"Bodiless watcher : the thought what watches thought : an abstract comic about community","Taylor, Rio Aubry",10800,6H7smgEACAAJ,https://books.google.com/books?id=6H7smgEACAAJ
"Boiling coffee","Nonas, Richard",10207,5lZuPwAACAAJ,https://books.google.com/books?id=5lZuPwAACAAJ
"Boiling coffee","Nonas, Richard",10207,K4PVAAAACAAJ,https://books.google.com/books?id=K4PVAAAACAAJ
"Boiling coffee","Nonas, Richard",10911,5lZuPwAACAAJ,https://books.google.com/books?id=5lZuPwAACAAJ
"Boiling coffee","Nonas, Richard",10911,K4PVAAAACAAJ,https://books.google.com/books?id=K4PVAAAACAAJ
"Book arts 2007, Bright Hill Center","Press.|, Bright Hill; Rogers, Bertha |; Bright Hill Press North American Juried Book Arts Exhibition (6th : 2007 : Treadwell, N; Hanmer, Karen |",16165,slANHwAACAAJ,https://books.google.com/books?id=slANHwAACAAJ
"Book arts 2008, Bright Hill Literary Center","Smith, Keith A.; Bright Hill Press North American Juried Book Arts Exhibition (7th : 2008 : Treadwell, N; Press.|, Bright Hill; Rogers, Bertha |",8951,PIpkPwAACAAJ,https://books.google.com/books?id=PIpkPwAACAAJ
"Book as artwork 1960/1972","Celant, Germano",9872,-Zmb5m3UTyoC,https://books.google.com/books?id=-Zmb5m3UTyoC
"Book from the ground : from point to point","Xu, Bing",10795,mAEZngEACAAJ,https://books.google.com/books?id=mAEZngEACAAJ
"Book of dust : the beginning and the end of time and thereafter","Denes, Agnes",10792,DyRLAQAAIAAJ,https://books.google.com/books?id=DyRLAQAAIAAJ
"Booktrek : selected essays on artists' books (1972-2010)","Phillpot, Clive; Bovier, Lionel",9869,S2oenwEACAAJ,https://books.google.com/books?id=S2oenwEACAAJ
"Booktrek : selected essays on artists' books (1972-2010)","Phillpot, Clive; Bovier, Lionel",9869,mEVCLgEACAAJ,https://books.google.com/books?id=mEVCLgEACAAJ
"Booktrek : selected essays on artists' books (1972-2010)","Phillpot, Clive; Bovier, Lionel",9869,uOuMngEACAAJ,https://books.google.com/books?id=uOuMngEACAAJ
"Borges and I","Weston, Heather; Borges, Jorge Luis; Irby, James East",15086,Cx3IpwAACAAJ,https://books.google.com/books?id=Cx3IpwAACAAJ
"Both sides of Broadway, from Bowling green to Central park, New York city.","De Leeuw, Rudolph",10072,bkdmcAAACAAJ,https://books.google.com/books?id=bkdmcAAACAAJ
"Bottomless / Dash Shaw.","Shaw, Dash",10785,_4t4IAAACAAJ,https://books.google.com/books?id=_4t4IAAACAAJ
Boundless,"Schneider, Uta; Stoltz, Ulrike",16839,HmweAgAACAAJ,https://books.google.com/books?id=HmweAgAACAAJ
"Breaking the bindings : American book art now : an exhibition of creative bookmaking produced in the United States since 1980, Elvehjem Museum of Art, 6 May-3 July 1983.","Hamady, Walter |",9157,UgF3QgAACAAJ,https://books.google.com/books?id=UgF3QgAACAAJ
"Brisées","Sear, Helen; Gallery, Oriel Davies",10780,SZXOnQEACAAJ,https://books.google.com/books?id=SZXOnQEACAAJ
"Broken streets of my city = Las calles rotas de mi ciudad","Behar, Ruth; Estévez Jordán, Rolando; Vigía, Ediciones",10779,ItGyoAEACAAJ,https://books.google.com/books?id=ItGyoAEACAAJ
"Brutus killed Caesar","Baldessari, John",10201,26QfSwAACAAJ,https://books.google.com/books?id=26QfSwAACAAJ
"Brutus killed Caesar","Baldessari, John",15112,26QfSwAACAAJ,https://books.google.com/books?id=26QfSwAACAAJ
"Buenos Aires","Veroni, Ral; Indij, Guido Julián",10776,jzmzOwAACAAJ,https://books.google.com/books?id=jzmzOwAACAAJ
"Buenos Aires tour","Rudnitzky, Edgardo; Macchi, Jorge; Negroni, María",10775,8xjbGAAACAAJ,https://books.google.com/books?id=8xjbGAAACAAJ
"Buenos Aires tour","Rudnitzky, Edgardo; Macchi, Jorge; Negroni, María",10775,VflRNgAACAAJ,https://books.google.com/books?id=VflRNgAACAAJ
Bully!,"Coe, Sue; Brody, J. A. (Judith A. )",9699,fxEyvGbElykC,https://books.google.com/books?id=fxEyvGbElykC
"C M Y","Hamada, Yuji",13334,XtzejgEACAAJ,https://books.google.com/books?id=XtzejgEACAAJ
"C M Y","Hamada, Yuji",13335,XtzejgEACAAJ,https://books.google.com/books?id=XtzejgEACAAJ
"Call ampersand response","Dumontier, Michael; Lexier, Micah",11063,CTx3MwEACAAJ,https://books.google.com/books?id=CTx3MwEACAAJ
"Camp fire : my artform is the short journey made by walking in the landscape","Fulton, Hamish",11062,Ud9oQgAACAAJ,https://books.google.com/books?id=Ud9oQgAACAAJ
"Camping out","Truck, Fred",11909,70AtGQAACAAJ,https://books.google.com/books?id=70AtGQAACAAJ
"Canción de redención","Ríos, Marialva; Marley, Bob",11061,RLHzjgEACAAJ,https://books.google.com/books?id=RLHzjgEACAAJ
"Canto a Matanzas","Milián, Adrián; Makú, José",11057,I4LvoAEACAAJ,https://books.google.com/books?id=I4LvoAEACAAJ
"Canutero  de Brasil : periquetes de literatura","Suaves, Arduro",9823,N827AAAACAAJ,https://books.google.com/books?id=N827AAAACAAJ
"Captive chains","Pettibon, Raymond",11055,eznvygAACAAJ,https://books.google.com/books?id=eznvygAACAAJ
"Care libro","Rivano, Mateo",9889,p1V3ngEACAAJ,https://books.google.com/books?id=p1V3ngEACAAJ
"Carl Andre, Robert Barry, Douglas Huebler, Joseph Kosuth, Sol Lewitt, Robert Morris, Lawrence Weiner.","Andre, Carl; Barry, Robert; LeWitt, Sol; Morris, Robert; Siegelaub, Seth; Huebler, Douglas; Kosuth, Joseph; Weiner, Lawrence",14672,UqxpQgAACAAJ,https://books.google.com/books?id=UqxpQgAACAAJ
"Carpe diem : kalendarz na 366 dni = calendar for 366 days","Wehr, Beata",11165,dTx-uAAACAAJ,https://books.google.com/books?id=dTx-uAAACAAJ
"Cat's cradle","Chen, Julie; Tetenbaum, Barbara",17331,IZ9lnQEACAAJ,https://books.google.com/books?id=IZ9lnQEACAAJ
"Catalog shopping : precepts for enhanced living","Rappoport, Lisa",11166,vdQMtwAACAAJ,https://books.google.com/books?id=vdQMtwAACAAJ
"Cats in bag, bags in river","Wool, Christopher; Kunstverein.|, Kölnischer; Beuningen.|, Museum Boymans-Van",9803,5Po2AQAAIAAJ,https://books.google.com/books?id=5Po2AQAAIAAJ
"Caído del cielo","Grillo, Oscar",9656,MNKBOwAACAAJ,https://books.google.com/books?id=MNKBOwAACAAJ
"Caído del cielo","Grillo, Oscar",9656,aR-tPAAACAAJ,https://books.google.com/books?id=aR-tPAAACAAJ
Celuloide,"Mellado, Silvia",9926,WzH2PgAACAAJ,https://books.google.com/books?id=WzH2PgAACAAJ
"Cezanne she was a great painter : the second book January 1975, unbroken words to women, sexuality creativity language art istory","Schneemann, Carolee",11162,0AXzAAAAMAAJ,https://books.google.com/books?id=0AXzAAAAMAAJ
"Changing license","Kurtz, Bruce",9960,zbXctgAACAAJ,https://books.google.com/books?id=zbXctgAACAAJ
Check,"Jaramillo Quijano, Catalina",11160,UZLBXwAACAAJ,https://books.google.com/books?id=UZLBXwAACAAJ
"Chelm : stories and scenes","Snider, Jenny",11159,Uxs9PAAACAAJ,https://books.google.com/books?id=Uxs9PAAACAAJ
"Circles of confusion : film, photography, video : texts, 1968-1980","Frampton, Hollis",11156,1yJ8QgAACAAJ,https://books.google.com/books?id=1yJ8QgAACAAJ
"Cityscapes ; O books.","Ruscha, Edward",11028,zKHmMgEACAAJ,https://books.google.com/books?id=zKHmMgEACAAJ
Clementina,"Vertiz Alba, Atala",9811,bw-NoAEACAAJ,https://books.google.com/books?id=bw-NoAEACAAJ
Clinkscale.,"Douglas, Helen; Stokes, Telfer |",9684,Ua0qGQAACAAJ,https://books.google.com/books?id=Ua0qGQAACAAJ
Clinkscale.,"Stokes, Telfer; Douglas, Helen",17036,Ua0qGQAACAAJ,https://books.google.com/books?id=Ua0qGQAACAAJ
"Close-cropped tales","Baldessari, John; Gallery.|, CEPA",10148,BJsZAAAAIAAJ,https://books.google.com/books?id=BJsZAAAAIAAJ
"Close-cropped tales","Baldessari, John",11151,BJsZAAAAIAAJ,https://books.google.com/books?id=BJsZAAAAIAAJ
"Cock fight dance","LeWitt, Sol",10914,4uDsAAAACAAJ,https://books.google.com/books?id=4uDsAAAACAAJ
"Codex espangliensis : from Columbus to the border patrol","Gómez-Peña, Guillermo; Rice, Felicia; Chagoya, Enrique",11019,P_2V3BJIAS4C,https://books.google.com/books?id=P_2V3BJIAS4C
"Colección Golosina.",,9698,2KGmtwAACAAJ,https://books.google.com/books?id=2KGmtwAACAAJ
"Colección Golosina.",,9698,5J0DqAAACAAJ,https://books.google.com/books?id=5J0DqAAACAAJ
"Colección Golosina.",,9698,EfxYOQAACAAJ,https://books.google.com/books?id=EfxYOQAACAAJ
"Colección obsoleta.",,9697,JNthHAAACAAJ,https://books.google.com/books?id=JNthHAAACAAJ
"Collective memory","Oring, Sheryl",11016,vLUflAEACAAJ,https://books.google.com/books?id=vLUflAEACAAJ
"Color codes","Rosenberg, M; Riley, Charles A.; Shapiro, Ann R.",11149,OO10MwEACAAJ,https://books.google.com/books?id=OO10MwEACAAJ
"Colored people","Ruscha, Edward",14160,K7p8MAEACAAJ,https://books.google.com/books?id=K7p8MAEACAAJ
"Colorin buc.","Comuna del Lápiz japonés.|; Pico, Elenio",11015,X4tZPwAACAAJ,https://books.google.com/books?id=X4tZPwAACAAJ
"Columbart manifesto = Kolumbart manifest","Shnurov, Alexander",10363,EJemAQAACAAJ,https://books.google.com/books?id=EJemAQAACAAJ
"Come again","Frank, Robert",9668,l4NZAAAACAAJ,https://books.google.com/books?id=l4NZAAAACAAJ
"Coming and going : (a life-like dismissal)","Cronin, Robert",9696,Lfx5HAAACAAJ,https://books.google.com/books?id=Lfx5HAAACAAJ
"Commodity character","Rutkovsky, Paul",12683,_r6rAAAACAAJ,https://books.google.com/books?id=_r6rAAAACAAJ
"Como construir um modelo vivo","Leite, Luiza; Fada Inflada, |publisher; Podlubny, Tatiana |",8853,MEEMugEACAAJ,https://books.google.com/books?id=MEEMugEACAAJ
"Como nieve en Sevilla, o, Sobre la depresión del 10","Beiroa, Rosa; Macías, Daniel; Macías Díaz, Daniel; Santopietro, Judith",11010,SQR9MwEACAAJ,https://books.google.com/books?id=SQR9MwEACAAJ
Complexities,"Nettles, Bea",11008,PaqkAAAACAAJ,https://books.google.com/books?id=PaqkAAAACAAJ
"Constructs : stories","Kostelanetz, Richard",10196,WkJLAAAACAAJ,https://books.google.com/books?id=WkJLAAAACAAJ
"Continuous project altered daily : earth, water, grease, plastic, felt, wood, thread, light, photographs, sound","Morris, Robert",10143,c248HAAACAAJ,https://books.google.com/books?id=c248HAAACAAJ
"Continuous project altered daily : earth, water, grease, plastic, felt, wood, thread, light, photographs, sound","Morris, Robert",13075,c248HAAACAAJ,https://books.google.com/books?id=c248HAAACAAJ
"Conviviality : flirtation, displeasure, and the hospitable in the visual arts.","Kane, Mitchell",11001,5UZ9PAAACAAJ,https://books.google.com/books?id=5UZ9PAAACAAJ
"Cooking the books : Ron King and Circle Press","Lambirth, Andrew; King, Ronald",9788,fr57QgAACAAJ,https://books.google.com/books?id=fr57QgAACAAJ
Corners,"Nettles, Bea",10999,E3SmAAAAIAAJ,https://books.google.com/books?id=E3SmAAAAIAAJ
"Cosas de viaje","Mancera Vivas, Kevin",9940,1ZuMoAEACAAJ,https://books.google.com/books?id=1ZuMoAEACAAJ
"Counting on chance : 25 years of artists' books by Robin Price, publisher.","Price, Robin; Bright, Betty |; Center.|, Davison Art; Rogan, Clare I.; Taraba, Suzy |; Witthus, Rutherford W.",15727,-hPrcQAACAAJ,https://books.google.com/books?id=-hPrcQAACAAJ
"Cover to cover","Snow, Michael",10142,2lRvJgAACAAJ,https://books.google.com/books?id=2lRvJgAACAAJ
"Cover to cover","Snow, Michael",10142,WcYoqAAACAAJ,https://books.google.com/books?id=WcYoqAAACAAJ
"Cover to cover","Snow, Michael",14670,WcYoqAAACAAJ,https://books.google.com/books?id=WcYoqAAACAAJ
"Cover to cover","Snow, Michael",14670,WhNLQAAACAAJ,https://books.google.com/books?id=WhNLQAAACAAJ
"Cover to cover : the artist's book in perspective","Perrée, Rob; center)|, De Beyerd (Art",9795,x5JPAAAAMAAJ,https://books.google.com/books?id=x5JPAAAAMAAJ
Crackers.,"Ruscha, Edward; Williams, Mason",10141,jJtezgAACAAJ,https://books.google.com/books?id=jJtezgAACAAJ
Crackers.,"Ruscha, Edward; Williams, Mason",10195,jJtezgAACAAJ,https://books.google.com/books?id=jJtezgAACAAJ
"Crazy quilt.","Cummins, Maureen",12824,UYXMPgAACAAJ,https://books.google.com/books?id=UYXMPgAACAAJ
"Crease folds","Morris, Sarah",16356,U33NjgEACAAJ,https://books.google.com/books?id=U33NjgEACAAJ
"Creating artists' books","Bodman, Sarah",13412,NJ1PAAAAMAAJ,https://books.google.com/books?id=NJ1PAAAAMAAJ
"Creating with abandon : process in the artists' books of Angela Lorenz.","Lorenz, Angela; Library.|, Brown University; Library.|, Fleet",15535,YKK6AAAACAAJ,https://books.google.com/books?id=YKK6AAAACAAJ
"Crónica de Tollan","Illanes, Manuel; Cartonera (Firm : Cuernavaca, Mexico)|",9644,pL_0oAEACAAJ,https://books.google.com/books?id=pL_0oAEACAAJ
"Cuadernos y márgenes = Notebooks and margins","Carabajal, Fernando",9705,ntmtoAEACAAJ,https://books.google.com/books?id=ntmtoAEACAAJ
"Cuchillos en el aire = Knives in the air","Trujillo, Johann E.; Zaldívar, Alfredo; Boyle, Peter",10360,DXL9jgEACAAJ,https://books.google.com/books?id=DXL9jgEACAAJ
"Cédula de Identidad Venezolana","Doza, Enrique",9683,OWpGnwEACAAJ,https://books.google.com/books?id=OWpGnwEACAAJ
"Dalston Anatomy","Vitturi, Lorenzo; Berkson, Sam |",9809,FaPZoQEACAAJ,https://books.google.com/books?id=FaPZoQEACAAJ
"Dangerous women : from the collection of Peter J. Cohen ; edited by Melissa Catanese.","Catanese, Melissa; Cohen, Peter J.",9704,Oc3BoAEACAAJ,https://books.google.com/books?id=Oc3BoAEACAAJ
"Danny, the last African American in the 22nd century","Tisdale, Danny",14393,CphPAAAAMAAJ,https://books.google.com/books?id=CphPAAAAMAAJ
"Das Lamm","Horn, Rebecca; Mosebach, Martin",9916,Yd9EAAAACAAJ,https://books.google.com/books?id=Yd9EAAAACAAJ
"De la memoria : glosa para Eliseo Diego","Milián Maura, Giorge Michel; Hernández Milián, Juan",11485,IT2joAEACAAJ,https://books.google.com/books?id=IT2joAEACAAJ
"Dead man's trail","Meres, Gary",9851,WPBPnwEACAAJ,https://books.google.com/books?id=WPBPnwEACAAJ
"Debtor's prison","Warsh, Lewis; Harrison, Julie",11488,-2VQAAAAMAAJ,https://books.google.com/books?id=-2VQAAAAMAAJ
Decir,"Beverido, Maliyel; Vanden Broeck, Fabricio",9740,LpkeogEACAAJ,https://books.google.com/books?id=LpkeogEACAAJ
"Deep blue sky, light blue sky","Weiner, Lawrence",9805,lzpDAQAAIAAJ,https://books.google.com/books?id=lzpDAQAAIAAJ
"Deformer : the shaping and mishaping effects of growing up a specimen in the suburban domestic incubator (and the subsequent paradigm shift upon exit)","Templeton, Ed",11486,aMdLAQAAIAAJ,https://books.google.com/books?id=aMdLAQAAIAAJ
"Deformer : the shaping and mishaping effects of growing up a specimen in the suburban domestic incubator (and the subsequent paradigm shift upon exit)","Templeton, Ed",11486,vgGIMQAACAAJ,https://books.google.com/books?id=vgGIMQAACAAJ
"Del argumento doble","Álvarez, María",9739,czQymAEACAAJ,https://books.google.com/books?id=czQymAEACAAJ
"Del trovador","Ponce, Agustina; Valero, Elizabeth; Ediciones Vigía, |publisher; Casaus, Víctor; Rodríguez, Silvio",10042,jCPNoQEACAAJ,https://books.google.com/books?id=jCPNoQEACAAJ
"Delirios líricos","Alves, Franklin; Cámara, Mario; Di Leone, Luciana; Mattoso, Glauco; Nápoli, Cristian de; Perlongher, Néstor",11484,UOGtOwAACAAJ,https://books.google.com/books?id=UOGtOwAACAAJ
"Delta de las arenas : cuentos árabes, cuentos judíos","Alpízar Linares, Mayra; Salum, Rose Mary",9619,TqG2jgEACAAJ,https://books.google.com/books?id=TqG2jgEACAAJ
"Demoliendo teles : poesía de cuneta.",,13064,GmHKjgEACAAJ,https://books.google.com/books?id=GmHKjgEACAAJ
"Depero futurista : edizione italiana Dinamo Azari ....","Depero, Fortunato",17266,d9kwPwAACAAJ,https://books.google.com/books?id=d9kwPwAACAAJ
Descendant,"Brook, Jennifer",11481,eGCpMwEACAAJ,https://books.google.com/books?id=eGCpMwEACAAJ
"Designated drivers","Temporary Services (Group of artists)",11479,UHVRtwAACAAJ,https://books.google.com/books?id=UHVRtwAACAAJ
"Desire and the importance of failure : lo spirito della storia naturale","Keeley, Shelagh; Esch, Deborah",11477,5DYlAAAACAAJ,https://books.google.com/books?id=5DYlAAAACAAJ
"Details from the excavation of Wooster Street","Nonas, Richard",10172,WdvXtgAACAAJ,https://books.google.com/books?id=WdvXtgAACAAJ
"Details magazine","Rara, Sarah; Fischbeck, Luke; Sumi Ink Club (Art Project)",11475,iPjWngEACAAJ,https://books.google.com/books?id=iPjWngEACAAJ
"Detalles, citas y tal","Belmont, Cécile; Masvernat, Julia",11474,tZNZHQAACAAJ,https://books.google.com/books?id=tZNZHQAACAAJ
Detective,"Harvey, Michael; Printed Matter, Inc",11673,6mQYYAAACAAJ,https://books.google.com/books?id=6mQYYAAACAAJ
"Dia Al-Azzawi : a retrospective, from 1963 until tomorrow","ʻAzzāwī, Ḍiyāʼ; Arab Museum of Modern Art (Dawḥah, Qatar)|; David, Catherine; Alriwaq.|, Qatar Museums Gallery; Traboulsi, Karim; Youssef, Nariman",8852,gCdJswEACAAJ,https://books.google.com/books?id=gCdJswEACAAJ
"Diablo me obligó","Aduriz, Diego",9842,FnnVNwAACAAJ,https://books.google.com/books?id=FnnVNwAACAAJ
"Diary of images : it's still time to mourn","Carvalho, Josely",11664,7WdcAAAAMAAJ,https://books.google.com/books?id=7WdcAAAAMAAJ
Dibujo,"Mejía, Juan",9927,jXB4QwAACAAJ,https://books.google.com/books?id=jXB4QwAACAAJ
"Diccionario para road movie = Dictionary for road movie","Morais, Fabio",9918,xRH-ngEACAAJ,https://books.google.com/books?id=xRH-ngEACAAJ
"Different notions of cleanliness","Tacha, Athena",15133,f14dywAACAAJ,https://books.google.com/books?id=f14dywAACAAJ
"Diminuto cielo : itinerario bio-gráfico obsesivo a partir de las frases y los dibujos acumulados","Rubira, Curro",9876,LBQnygAACAAJ,https://books.google.com/books?id=LBQnygAACAAJ
Dinosaurs,"Bar Lev, Jenifer",9734,gqYVAQAAIAAJ,https://books.google.com/books?id=gqYVAQAAIAAJ
"Diplomatic passport : United States of America.","Martens, Anne",10284,OSncMwEACAAJ,https://books.google.com/books?id=OSncMwEACAAJ
"Dive dark dream slow","Catanese, Melissa",9703,IcozLgEACAAJ,https://books.google.com/books?id=IcozLgEACAAJ
"Doble faz","Paris Vélez, Nicolás; Fresneda, Andrés; Fajardo, Juan Pablo; León, Museo de Arte Contemporáneo de Castilla y",11651,lnEoOwAACAAJ,https://books.google.com/books?id=lnEoOwAACAAJ
"Doctor Mister Miracles's guide to miracle-making : a manual (abridged).","Hockensmith, Josh",11649,lPR7oAEACAAJ,https://books.google.com/books?id=lPR7oAEACAAJ
"Doctor Mister Miracles's vocabulary guide for the perplexed miraclist","Hockensmith, Josh; Blue Bluer Books (Firm), |publisher",10047,trTJrQEACAAJ,https://books.google.com/books?id=trTJrQEACAAJ
"Donde la luna bebe : antología de narrativa","Estévez Jordán, Rolando; Cuesta, Mabel; Ruiz Montes, Laura; García, Rocío",11646,ao7jPAAACAAJ,https://books.google.com/books?id=ao7jPAAACAAJ
"Dos poetas judíos = two poets","Agosín, Marjorie; Glantz, Yaacov",11642,q_UFjwEACAAJ,https://books.google.com/books?id=q_UFjwEACAAJ
"Double game","Calle, Sophie; Auster, Paul",11639,-BsySAAACAAJ,https://books.google.com/books?id=-BsySAAACAAJ
"Double game","Calle, Sophie; Auster, Paul",11639,fuZTAAAAMAAJ,https://books.google.com/books?id=fuZTAAAAMAAJ
"Douglas Gordon : [black spot, Tate Liverpool, 23 June 1-October 2000].","Gordon, Douglas",11636,9ZE0AQAAIAAJ,https://books.google.com/books?id=9ZE0AQAAIAAJ
"Douglas Gordon : [black spot, Tate Liverpool, 23 June 1-October 2000].","Gordon, Douglas",11636,K5XqoQEACAAJ,https://books.google.com/books?id=K5XqoQEACAAJ
"Dr. Ameisenhaufen's fauna","Formiguera, Pere; Fontcuberta, Joan",11633,mHOZtgAACAAJ,https://books.google.com/books?id=mHOZtgAACAAJ
"Dr. Ameisenhaufen's fauna","Formiguera, Pere; Fontcuberta, Joan",11633,yGGFtwAACAAJ,https://books.google.com/books?id=yGGFtwAACAAJ
"Drawings while waiting for an idea","Rosenquist, James",10922,NBtIJwAACAAJ,https://books.google.com/books?id=NBtIJwAACAAJ
"Dream / Ari Marcopoulos.","Marcopoulos, Ari",11631,M9yPoAEACAAJ,https://books.google.com/books?id=M9yPoAEACAAJ
Drowning.,"Robinson, Lisa",11621,P4c8QwAACAAJ,https://books.google.com/books?id=P4c8QwAACAAJ
"Druckworks 1972-2012 : 40 years of books and projects","Zweig, Janet; Columbia College (Chicago, Ill ) Center for Book & Paper Arts |; Freeman, Brad; Drucker, Johanna; Lyons, Joan; Clay, Steven; Meador, Clifton |; Bernstein, Charles; Bee, Susan |; Davids, Betsy |; Museum.|, Denison; Dworkin, Craig Douglas |; Hastings, Pattie Belle |; Kirschenbaum, Matthew G. |; McGann, Jerome J. |; McVarish, Emily |; Osman, Jena |; Perloff, Margorie |; Book.|, San Francisco Center for the; Schlesinger, Kyle |; Schor, Mira |; Shaw, Tate |; Tomasula, Steve |; Waldrop, Rosmarie; Wershler-Henry, Darren S. (Darren Sean); Woodall, Steve",15654,yWDqlAEACAAJ,https://books.google.com/books?id=yWDqlAEACAAJ
"Duration piece # 8 : global, (parts I-II)","Huebler, Douglas",9848,BHe6tgAACAAJ,https://books.google.com/books?id=BHe6tgAACAAJ
"Dust book","Diépois, Aline; Gizolme, Tomato",11616,fspLAQAAIAAJ,https://books.google.com/books?id=fspLAQAAIAAJ
"Dutch details","Ruscha, Edward",10373,uyFmHQAACAAJ,https://books.google.com/books?id=uyFmHQAACAAJ
"E-commerce zine","Fortunato, Dominic",9669,JR3DoQEACAAJ,https://books.google.com/books?id=JR3DoQEACAAJ
"EE. EE. : expediente extraordinario","Benavídez Bedoya, Alfredo; Santoro, Daniel",9726,75IAAAAACAAJ,https://books.google.com/books?id=75IAAAAACAAJ
"Ed Ruscha : photographs.","Ruscha, Edward",11612,xaUsPQAACAAJ,https://books.google.com/books?id=xaUsPQAACAAJ
"Edward Ruscha (Ed-werd Rew-shay) young artist; a book accompanying the exhibition of prints, drawings, and books of Edward Ruscha at the Minneapolis Institute of Arts, April 18-May 28, 1972.","Ruscha, Edward",11611,tDtpHAAACAAJ,https://books.google.com/books?id=tDtpHAAACAAJ
Eight,"Pecchio, Pamela",13088,RONpGwAACAAJ,https://books.google.com/books?id=RONpGwAACAAJ
Eis,"Richter, Gerhard",9893,f4aFZwEACAAJ,https://books.google.com/books?id=f4aFZwEACAAJ
"El 7 plagas","Rivano, Mateo; Romero Díaz, César",11608,9XocoAEACAAJ,https://books.google.com/books?id=9XocoAEACAAJ
"El Palentino","Bel, Jonás",9730,VqMDnwEACAAJ,https://books.google.com/books?id=VqMDnwEACAAJ
"El Paso, a hoverview : 59 works","Baron, Ho",9733,btY2AQAAIAAJ,https://books.google.com/books?id=btY2AQAAIAAJ
"El Tambor de Ayapá ; y, Nokán y el Maíz","Valdés, Frank David; Mederos, Gladys; Rodríguez García, Dania",11595,XwOZMwEACAAJ,https://books.google.com/books?id=XwOZMwEACAAJ
"El casimiro","Valero, Elizabeth; Montalvo, Rey",11607,pqypoAEACAAJ,https://books.google.com/books?id=pqypoAEACAAJ
"El cuello de tres picos, dos patos y pico ; La mesa está servida : ¿nos sentamos a la mesa? ; El desnudo entre tanto se mantiene ; Las visiones del hornero el cielo, alas","Lenardón, Silvia",11606,HcHiMAAACAAJ,https://books.google.com/books?id=HcHiMAAACAAJ
"El diario de la china : (donde el diablo perdió el poncho y la liebre y el zorro se dan las buenas noches)","Páez, Roxana",11605,XbrroAEACAAJ,https://books.google.com/books?id=XbrroAEACAAJ
"El gordo de los boleros y otros cuentos","Díaz Eterović, Ramón",11600,kJB4twAACAAJ,https://books.google.com/books?id=kJB4twAACAAJ
"El hombre polar regresa a Stuttgart","Cucurto, Washington; Vecino, Nahuel",9694,WvD4mgEACAAJ,https://books.google.com/books?id=WvD4mgEACAAJ
"El libro del fin del mundo","Gache, Belén",9860,7m_LAAAACAAJ,https://books.google.com/books?id=7m_LAAAACAAJ
"El muro = The wall","Hernández Santos, Eduardo; Piñera, Virgilio",9124,saSTQQAACAAJ,https://books.google.com/books?id=saSTQQAACAAJ
"El paraíso de Onán","Montes, Luisa; Astrolabio Editorial, |publisher",9780,Q1oXogEACAAJ,https://books.google.com/books?id=Q1oXogEACAAJ
"El partido de José Marti","Milián Maura, Giorge Michel; Rodríguez, Jorge Luis",11597,C9-gngEACAAJ,https://books.google.com/books?id=C9-gngEACAAJ
"El paseo","Mattoni, Silvio",11596,KdjGPAAACAAJ,https://books.google.com/books?id=KdjGPAAACAAJ
"El señor del cielo","Oviedo, Antonio; La Sofía Cartonera, |publisher",9770,wcXCoAEACAAJ,https://books.google.com/books?id=wcXCoAEACAAJ
"El titiritero Florencio : poemas y rondas de Salvador Lemis ; selección y notas: Ruben Dario Salazar ; ilustraciones: Zenén Calero.","Vigía.|, Ediciones; Ponce, Agustina; Lemis, Salvador; Calero, Zenén; Darío Salazar, Rubén",10041,MQvSoAEACAAJ,https://books.google.com/books?id=MQvSoAEACAAJ
"El zoológico","Moyano, María",9915,1wn-PgAACAAJ,https://books.google.com/books?id=1wn-PgAACAAJ
"Ella no responde","Ruiz Montes, Laura; Serao, Matilde; Alpízar, Mayra; Loynaz, Dulce María",11599,dumwoAEACAAJ,https://books.google.com/books?id=dumwoAEACAAJ
"Elvis Road","Robel, Xavier; Reumann, Helge",11593,jzx0AAAACAAJ,https://books.google.com/books?id=jzx0AAAACAAJ
"En el ropero del señor Bernard falta el traje que más detesta","La Sofía Cartonera, |publisher; Bellatin, Mario",9752,gEznoAEACAAJ,https://books.google.com/books?id=gEznoAEACAAJ
"En el último sendero el iniciado piensa","Oliva, Carlos Miguel; Quincoses Clavelo, Liudmila; Ramos, Enrique",11590,Cn79GAAACAAJ,https://books.google.com/books?id=Cn79GAAACAAJ
"En la rivera de un Río","Rosetti, Dalia",11588,eOjvoAEACAAJ,https://books.google.com/books?id=eOjvoAEACAAJ
"En tierra, hilando vientos","Castañeda A., Natalia",11585,91gkQwAACAAJ,https://books.google.com/books?id=91gkQwAACAAJ
"Enferma del alma","Rodríguez, Claudia",11589,uqLajgEACAAJ,https://books.google.com/books?id=uqLajgEACAAJ
"Entrée libre, roman hypergraphique, polyautomatique, cryptographique infinitésimal, supertemporel.","Lemaître, Maurice",16358,yf3L8aYrjbkC,https://books.google.com/books?id=yf3L8aYrjbkC
Equilibristas,"Prada, Rafa; Hernández Triano, Rocío; Tafoya, Adriana",11583,6KBHMwEACAAJ,https://books.google.com/books?id=6KBHMwEACAAJ
"Equipaje de mano","Lázaro, Raúl",16330,-2JCMwEACAAJ,https://books.google.com/books?id=-2JCMwEACAAJ
"Era hombre, era mito, era bestia = Man, myth, beast","Rathbun, Jennifer; Carvajal, Sandra; Vergara, Iván",9815,2KbKoAEACAAJ,https://books.google.com/books?id=2KbKoAEACAAJ
"Es una historia negra","Casado, Julieta; Massai, Francesca",11577,861iewAACAAJ,https://books.google.com/books?id=861iewAACAAJ
Escape,"Rabinowitz, Cay",11582,GKZ8GwAACAAJ,https://books.google.com/books?id=GKZ8GwAACAAJ
"Escenario múltiple","Rojo, Vicente; Hiriart, Hugo",9883,AOZtAAAACAAJ,https://books.google.com/books?id=AOZtAAAACAAJ
"Escenario múltiple","Rojo, Vicente; Hiriart, Hugo",9883,rH4xLAAACAAJ,https://books.google.com/books?id=rH4xLAAACAAJ
"Espacio, cuerpo y materia","Allina, Trixi",16329,I0NYywAACAAJ,https://books.google.com/books?id=I0NYywAACAAJ
"Esthétique du livre d'artiste 1960/1980 : une introduction à l'art contemporain","Moeglin-Delcroix, Anne; photographie.|, Bibliothèque nationale de France Département des estampes et de la",9791,m_eKtgAACAAJ,https://books.google.com/books?id=m_eKtgAACAAJ
Etceteras,"Rosenberg, M",9879,hhoMSQAACAAJ,https://books.google.com/books?id=hhoMSQAACAAJ
Eternidad,"Estévez Jordán, Rolando; Pérez Oliva, Pedro Enrique; Loynaz, Dulce",11576,VObMjgEACAAJ,https://books.google.com/books?id=VObMjgEACAAJ
"Euthanasia in kit form","Kermaire, Christine",14916,v13_ewEACAAJ,https://books.google.com/books?id=v13_ewEACAAJ
"Every building on the Sunset Strip.","Ruscha, Edward",10131,l2Ut_d_DlfkC,https://books.google.com/books?id=l2Ut_d_DlfkC
"Every building on the Sunset Strip.","Ruscha, Edward",10372,l2Ut_d_DlfkC,https://books.google.com/books?id=l2Ut_d_DlfkC
"Everything I kept = Todo lo que guarde","Behar, Ruth; Estévez Jordán, Rolando",11471,m608GwAACAAJ,https://books.google.com/books?id=m608GwAACAAJ
"Evidence of living","Bernat, Robin",11469,ilDgAAAACAAJ,https://books.google.com/books?id=ilDgAAAACAAJ
"Exhausted geographies.","Malkani, Zahra; Rajani, Shahana; Anwar. Nausheen H.|; Yaminay.|, Chaudhri; Shayan.|, Rajani; Fazal.|, Rizvi; Anam.|, Soomro; Sarwat.|, Viqar",17298,SYX8jgEACAAJ,https://books.google.com/books?id=SYX8jgEACAAJ
"Exhaustive parallel intervals","Kostelanetz, Richard",10370,zCzZAAAACAAJ,https://books.google.com/books?id=zCzZAAAACAAJ
"Exhibition of paintings : 2nd Johannesburg Biennale, Johannesburg Art Gallery, 1997","Kopystiansky, Igor; 1997), Johannesburg Biennale (2nd :; Gallery, Johannesburg Art",11463,n7XRygAACAAJ,https://books.google.com/books?id=n7XRygAACAAJ
Family,"Burgin, Victor; Baker, Amy",15215,2KuAQgAACAAJ,https://books.google.com/books?id=2KuAQgAACAAJ
"Fantastic architecture","Higgins, Dick; Vostell, Wolf",11455,ub-aQgAACAAJ,https://books.google.com/books?id=ub-aQgAACAAJ
"Far horizons","McCarney, Scott",16323,aqrWPQAACAAJ,https://books.google.com/books?id=aqrWPQAACAAJ
"Fatima, o, el Parque de la Fraternidad = Fatima of Fraternity Park","Estévez Jordán, Rolando; Ruiz Montes, Laura; Barnet, Miguel",11451,nGA7MwEACAAJ,https://books.google.com/books?id=nGA7MwEACAAJ
"Fearless beadwork : improvisational peyote stitch : handwriting & drawings from hell","Scott, Joyce",11450,T2pJAQAAIAAJ,https://books.google.com/books?id=T2pJAQAAIAAJ
"Fears grow wings","Chadwick, Macy",16322,ABAbtwAACAAJ,https://books.google.com/books?id=ABAbtwAACAAJ
"Fer : una fábula encendida y atolandrada.","Cucurto, Washington",11447,yCJNAQAAIAAJ,https://books.google.com/books?id=yCJNAQAAIAAJ
"Feria congelada","Jaramillo Quijano, Catalina",11448,Nqb5XwAACAAJ,https://books.google.com/books?id=Nqb5XwAACAAJ
"Field guide to North America and to other regions","Wegman, William",9807,3z5nPQAACAAJ,https://books.google.com/books?id=3z5nPQAACAAJ
"Finite sets","Buck, Julie",11441,oBkoQwAACAAJ,https://books.google.com/books?id=oBkoQwAACAAJ
"Five stories","Pozzi, Lucio",9901,qs_oygAACAAJ,https://books.google.com/books?id=qs_oygAACAAJ
"Five texts / Daniel Buren.","Buren, Daniel",10221,UIs0NAAACAAJ,https://books.google.com/books?id=UIs0NAAACAAJ
"Flag book : interaction towards a better world","Lopes, Fernando; Games, Atlanta Committee for the Olympic; Olympiad, Cultural",11403,O7ZAngEACAAJ,https://books.google.com/books?id=O7ZAngEACAAJ
"Flamingo in the dark : images","Nettles, Bea",11432,GqOGQgAACAAJ,https://books.google.com/books?id=GqOGQgAACAAJ
"Flight textile book two","Kermaire, Christine",14914,HWWwQQAACAAJ,https://books.google.com/books?id=HWWwQQAACAAJ
"Flip read","Weston, Heather",9804,ain_AAAACAAJ,https://books.google.com/books?id=ain_AAAACAAJ
"Flying : practical training for beginners","Buvoli, Luca; Center.|, MIT List Visual Arts",9709,yE4AAAAACAAJ,https://books.google.com/books?id=yE4AAAAACAAJ
"Flying : practical training for beginners","Buvoli, Luca; Center, MIT List Visual Arts",14782,yE4AAAAACAAJ,https://books.google.com/books?id=yE4AAAAACAAJ
"Flying : practical training for intermediates : (Notes 1997-2002)","Buvoli, Luca; Horodner, Stuart; Portland Institute for Contemporary Art (Portland, Or )|",17171,EuS7PAAACAAJ,https://books.google.com/books?id=EuS7PAAACAAJ
"Fog behind the eye : an essay in reading","Sheridan, April",16318,HNYWngEACAAJ,https://books.google.com/books?id=HNYWngEACAAJ
"For example : (a critique of never) : a melodrama : (from The Mechanism of meaning)","Gins, Madeline; Arakawa, Shūsaku",9659,-tipGQAACAAJ,https://books.google.com/books?id=-tipGQAACAAJ
"For the voice","Lissitzky, El; Mayakovsky, Vladimir; Railing, Patricia |",9933,6BF8AAAAIAAJ,https://books.google.com/books?id=6BF8AAAAIAAJ
"For the voice","Lissitzky, El; Mayakovsky, Vladimir; Railing, Patricia |",9933,BKMXPwAACAAJ,https://books.google.com/books?id=BKMXPwAACAAJ
"For the voice","Lissitzky, El; Mayakovsky, Vladimir; Railing, Patricia |",9933,uw98AAAAIAAJ,https://books.google.com/books?id=uw98AAAAIAAJ
"For the voice","Railing, Patricia; Lissitzky, El; Mayakovsky, Vladimir",11410,6BF8AAAAIAAJ,https://books.google.com/books?id=6BF8AAAAIAAJ
"For the voice","Railing, Patricia; Lissitzky, El; Mayakovsky, Vladimir",11410,BKMXPwAACAAJ,https://books.google.com/books?id=BKMXPwAACAAJ
"For the voice","Railing, Patricia; Lissitzky, El; Mayakovsky, Vladimir",11410,uw98AAAAIAAJ,https://books.google.com/books?id=uw98AAAAIAAJ
"Fourth of July","Marclay, Christian; Criqui, Jean-Pierre",11088,Q2KZcQAACAAJ,https://books.google.com/books?id=Q2KZcQAACAAJ
"Fractal state of being","Teigen, Sara",9757,58oSogEACAAJ,https://books.google.com/books?id=58oSogEACAAJ
"Fragile kingdom.","Schnitger, Lara",11085,D8RPAAAAMAAJ,https://books.google.com/books?id=D8RPAAAAMAAJ
"Fragments from the stacked deck /","Anderson, Judy",11082,mNNpAAAACAAJ,https://books.google.com/books?id=mNNpAAAACAAJ
"Framing and being framed : 7 works, 1970-75","Haacke, Hans",10259,g7hPAAAAMAAJ,https://books.google.com/books?id=g7hPAAAAMAAJ
"Friendly cannibals","Gómez-Peña, Guillermo; Chagoya, Enrique",11395,FPawAAAAIAAJ,https://books.google.com/books?id=FPawAAAAIAAJ
"From around a lake","Long, Richard",10357,h8xPAQAAIAAJ,https://books.google.com/books?id=h8xPAQAAIAAJ
"Function =  funzione = funcion = fonction = Funktion.","Kosuth, Joseph",9961,1w1DNwAACAAJ,https://books.google.com/books?id=1w1DNwAACAAJ
"Future of Al-Mutanabbi Street","Kermaire, Christine; Mutanabbī, Abū al-Ṭayyib Aḥmad ibn al-Ḥusayn",9966,sU2BMwEACAAJ,https://books.google.com/books?id=sU2BMwEACAAJ
"Gabriel Gárcia Márquez, Chronicle of a death foretold : a typographic narrative.","García Márquez, Gabriel",16312,sYQtOgAACAAJ,https://books.google.com/books?id=sYQtOgAACAAJ
"Gaby y el amor : seguido por, El pobre Rodríguez","Medina Onrubia, Salvadora",9928,IxnpGwAACAAJ,https://books.google.com/books?id=IxnpGwAACAAJ
"Games at the Cedilla; or, The Cedilla takes off,","Filliou, Robert; Brecht, George",11328,TfJQAQAAIAAJ,https://books.google.com/books?id=TfJQAQAAIAAJ
"Gathered leaves","Soth, Alec; Schuman, Aaron; Bush, Kate",16646,7Ae0jgEACAAJ,https://books.google.com/books?id=7Ae0jgEACAAJ
"Genetics lesson","Fessler, Ann",11852,-pdPAAAAMAAJ,https://books.google.com/books?id=-pdPAAAAMAAJ
Genre,"Rickaby, Tony",9578,NgKotgAACAAJ,https://books.google.com/books?id=NgKotgAACAAJ
"Geometric figures & color","LeWitt, Sol",9563,Eh_CQgAACAAJ,https://books.google.com/books?id=Eh_CQgAACAAJ
"Geometric figures & color","LeWitt, Sol",9563,a9ixAAAAIAAJ,https://books.google.com/books?id=a9ixAAAAIAAJ
"George and Gilbert : the living sculptors, London : catalogue for their 1973 Australian visit.","Passmore, George; Proesch, Gilbert",11381,q1aFQgAACAAJ,https://books.google.com/books?id=q1aFQgAACAAJ
"Gerhard Richter : books","Obrist, Hans Ulrich; Richter, Gerhard; Elger, Dietmar; Elliott, Fiona; Schwarz, Dieter",15950,bly-oAEACAAJ,https://books.google.com/books?id=bly-oAEACAAJ
"Get your war on","Rees, David",11376,nFPWMjKrGaAC,https://books.google.com/books?id=nFPWMjKrGaAC
"Ghosts / Sophie Calle ; translation: Sophie Calle, Charles Penwarden.","Calle, Sophie; Penwarden, Charles",11375,IZAKnQEACAAJ,https://books.google.com/books?id=IZAKnQEACAAJ
"Give & take : (push and shove)","Grabowski, Beth",9534,XZ7uSAAACAAJ,https://books.google.com/books?id=XZ7uSAAACAAJ
"Glorieta sin agua","Estévez Jordán, Rolando; Domínguez, Israel",9685,3-1LMwEACAAJ,https://books.google.com/books?id=3-1LMwEACAAJ
Glory,"D'Alessandro, Robert",9693,6l1oQgAACAAJ,https://books.google.com/books?id=6l1oQgAACAAJ
Glory,"D'Alessandro, Robert",9693,tRU5AQAAIAAJ,https://books.google.com/books?id=tRU5AQAAIAAJ
"Gomorrah girl","Spada, Valerio",10048,Ao7EngEACAAJ,https://books.google.com/books?id=Ao7EngEACAAJ
"Googled English frontier deedbook","Hockensmith, Josh",9526,H6DlPgAACAAJ,https://books.google.com/books?id=H6DlPgAACAAJ
"Goró",,9779,ulTHoQEACAAJ,https://books.google.com/books?id=ulTHoQEACAAJ
"Got a minute?","Miller, Jane",9525,DN7APgAACAAJ,https://books.google.com/books?id=DN7APgAACAAJ
"Got a minute?","Miller, Jane; Gallery.|, Rice University Art",9921,DN7APgAACAAJ,https://books.google.com/books?id=DN7APgAACAAJ
"Grace's daughter","Nettles, Bea",9523,2rwEPQAACAAJ,https://books.google.com/books?id=2rwEPQAACAAJ
"Grapefruit; a book of instructions.","Ono, Yōko",9865,Q-qeAAAAIAAJ,https://books.google.com/books?id=Q-qeAAAAIAAJ
Gravity,"Long, Richard",9520,gLnRRwAACAAJ,https://books.google.com/books?id=gLnRRwAACAAJ
"Gray's brain","Fraser, Gray",9518,sFJVGQAACAAJ,https://books.google.com/books?id=sFJVGQAACAAJ
"Groar! : (14 poemas-fósforo)","Olgiatti, Andrés",9909,t0UTnQEACAAJ,https://books.google.com/books?id=t0UTnQEACAAJ
"H [I D I N G]","Escher, Fred",11825,2Lc3GQAACAAJ,https://books.google.com/books?id=2Lc3GQAACAAJ
Habitat,"Peterson, Jessica",12562,B2bmtgAACAAJ,https://books.google.com/books?id=B2bmtgAACAAJ
"Haiku book I","Helmes, Scott; Press, Hermetic; Press, Stamp Pad",12546,p-4OywAACAAJ,https://books.google.com/books?id=p-4OywAACAAJ
"Haiti, fuego sagrado","Estévez Jordán, Rolando; Ponce, Agustina; Bolívar Aróstegui, Natalia; Vigía, Ediciones",11849,izRIYAAACAAJ,https://books.google.com/books?id=izRIYAAACAAJ
"Half Wild","Christian, Peter; Sales, Liz",9754,Dk_5oQEACAAJ,https://books.google.com/books?id=Dk_5oQEACAAJ
"Half-life : 25 years of books by Barbara Tetenbaum & Triangular Press.","Tetenbaum, Barbara; Gallery.|, Multnomah County Library Collins",15534,28aLAAAACAAJ,https://books.google.com/books?id=28aLAAAACAAJ
"Halifax : 7 days-6 placements-7 colors = 7 jours-6 emplacements-7 couleurs","Buren, Daniel",9710,wrgoRAAACAAJ,https://books.google.com/books?id=wrgoRAAACAAJ
"Hand, voice & vision: artists' books from Women's Studio Workshop","Walkup, Kathy",11148,NCnqZwEACAAJ,https://books.google.com/books?id=NCnqZwEACAAJ
"Heads bowed, eyes closed, no one looking around","Wilson, Michael",11839,nEjFGwAACAAJ,https://books.google.com/books?id=nEjFGwAACAAJ
"Heart sutra, remix","Hockensmith, Josh",11838,ePsxHQAACAAJ,https://books.google.com/books?id=ePsxHQAACAAJ
"Heath course pak rfc","Lin, Tan",9952,leOVuiRUFzQC,https://books.google.com/books?id=leOVuiRUFzQC
"Heavenly bodies","Lere, Mark",9955,qPpLXwAACAAJ,https://books.google.com/books?id=qPpLXwAACAAJ
"Henry J. Darger : dans les royaumes de l'irréel","MacGregor, John; Collection de l'art brut (Lausanne, Switzerland)|; Darger, Henry; Fondazione Galleria gottardo (Lugano, Switzerland)|; Goffaux, Catherine; Hoepffner, Bernard; Weill, Aline",11831,4QWZNAAACAAJ,https://books.google.com/books?id=4QWZNAAACAAJ
"Here comes kitty : a comic opera","Kraft, Richard; Dutton, Danielle; Lauterbach, Ann",17080,zAHsoAEACAAJ,https://books.google.com/books?id=zAHsoAEACAAJ
"Heredity study : 1970-71","Tacha, Athena",15128,nfaAtQAACAAJ,https://books.google.com/books?id=nfaAtQAACAAJ
"Heroic emblems","Finlay, Ian; Costley, Ron",11830,WVaoAAAAIAAJ,https://books.google.com/books?id=WVaoAAAAIAAJ
"Hidden agenda","Brater, Meryl",11829,LvyjAAAACAAJ,https://books.google.com/books?id=LvyjAAAACAAJ
"High tension : Montage '93","Zimmermann, Philip; Montage 93: International Festival of the Image (1993 : Rochester, N. Y. )",9844,8I2RpwAACAAJ,https://books.google.com/books?id=8I2RpwAACAAJ
"High tension : Montage '93","Zimmermann, Philip; Montage 93: International Festival of the Image (1993 : Rochester, N. Y. )",11823,8I2RpwAACAAJ,https://books.google.com/books?id=8I2RpwAACAAJ
"High tide","Slack, Mike",9834,ezhzngEACAAJ,https://books.google.com/books?id=ezhzngEACAAJ
"History of the/my word : fragments of a testimonial to history, some lived and realized moments open to claims of memory.","Drucker, Johanna; (Firm), Granary Books; (Press), Druckwerk",11820,YvSwAAAAIAAJ,https://books.google.com/books?id=YvSwAAAAIAAJ
"Hojeando--- : cuatro décadas de libros y revistas de artistas en España = Leafing--- : four decades of artists' books and magazines in Spain","Aliksāndrīnā (Library)|; Rodríguez Núñez, José Arturo |; (Spain)|, Sociedad Estatal para la Acción Cultural Exterior; Urraca, Susana |",9792,wZvrAAAAMAAJ,https://books.google.com/books?id=wZvrAAAAMAAJ
"Hombre de Cristina","La Sofía Cartonera, |publisher; Cucurto, Washington",9769,BtOOngEACAAJ,https://books.google.com/books?id=BtOOngEACAAJ
Home,"Bell, Roberley",14978,tNsVOwAACAAJ,https://books.google.com/books?id=tNsVOwAACAAJ
"Homo futurus","Workshop, Visual Studies; Rosenthal, Barbara",11814,EYO3GQAACAAJ,https://books.google.com/books?id=EYO3GQAACAAJ
"Hotel Oracle","Fulford, Jason",9665,YTZmnAEACAAJ,https://books.google.com/books?id=YTZmnAEACAAJ
Hours,"Smith, Patricia; Arts, Borowsky Center for Publication",9502,FxMWHAAACAAJ,https://books.google.com/books?id=FxMWHAAACAAJ
"House of Coates","Zellar, Brad; Morrison, Lester B.",11811,aVJ6MAEACAAJ,https://books.google.com/books?id=aVJ6MAEACAAJ
Hover,"Crewdson, Gregory; Moody, Rick; Steinke, Darcey; Morrow, Bradford; Oates, Joyce Carol",11810,1xs5AQAAIAAJ,https://books.google.com/books?id=1xs5AQAAIAAJ
"How Havana stole from New York the idea of Cuban art","Alvarez, Pedro; Press, Smart Art",9500,AthPAAAAMAAJ,https://books.google.com/books?id=AthPAAAAMAAJ
"How books work","Chen, Julie; Meador, Clifton",14971,aAS-ZwEACAAJ,https://books.google.com/books?id=aAS-ZwEACAAJ
"How the West was won, Copyright applied for","Schulz, David",9793,AopSngEACAAJ,https://books.google.com/books?id=AopSngEACAAJ
"How to commit suicide in South Africa","Metz, Holly; Coe, Sue",9494,4iRBAQAAIAAJ,https://books.google.com/books?id=4iRBAQAAIAAJ
"How to make flipbooks","Bravo, Kyle",9718,qpNMGwAACAAJ,https://books.google.com/books?id=qpNMGwAACAAJ
"How to touch what","Sonneman, Eve; Weiner, Lawrence",11805,KaGFQgAACAAJ,https://books.google.com/books?id=KaGFQgAACAAJ
"I : Self publish, be happy book club","Broomberg, Adam; Chanarin, Oliver; Self Publish, Be Happy (Firm)|",9714,8Ji9ngEACAAJ,https://books.google.com/books?id=8Ji9ngEACAAJ
"I am Siam","Rutkovsky, Paul",10230,mEEsAAAAYAAJ,https://books.google.com/books?id=mEEsAAAAYAAJ
"I am Siam","Rutkovsky, Paul",11800,mEEsAAAAYAAJ,https://books.google.com/books?id=mEEsAAAAYAAJ
"I believe you, liar","Blalock, Lucas",9723,YYLpSAAACAAJ,https://books.google.com/books?id=YYLpSAAACAAJ
"I do not want to disappear silently into the night","Prucca, Giuliana; Blauwer, Katrien",11792,vqZtrgEACAAJ,https://books.google.com/books?id=vqZtrgEACAAJ
"I listen to the snow shrouding me forever = Ik luister naar de sneeuw die me eeuwig begraaft = J'écoute la neige m'ensevelir, infiniment","Kermaire, Christine; Commission, American Battle Monuments",11784,ghBptQAACAAJ,https://books.google.com/books?id=ghBptQAACAAJ
"I want to spend the rest of my life everywhere, with everyone, one to one, always, forever, now","Hirst, Damien; Morgan, Stuart; Barnbrook, Jonathan; Violette, Robert; Burn, Gordon",14935,WJh7QgAACAAJ,https://books.google.com/books?id=WJh7QgAACAAJ
"I want to take picture","Burke, Bill",10106,HD2DQgAACAAJ,https://books.google.com/books?id=HD2DQgAACAAJ
"I want to take picture","Burke, Bill",11927,HD2DQgAACAAJ,https://books.google.com/books?id=HD2DQgAACAAJ
"III, Self publish, be happy book club","De Middel, Cristina; Self Publish, Be Happy (Firm)|",9690,NZY6nwEACAAJ,https://books.google.com/books?id=NZY6nwEACAAJ
Identity,"Bravo, Kyle",13229,QUKvSgAACAAJ,https://books.google.com/books?id=QUKvSgAACAAJ
"Illustrations of power","Titus, Lisa",11782,BRFaPQAACAAJ,https://books.google.com/books?id=BRFaPQAACAAJ
"Implementing architecture : exposing the paradigm surrounding the implements and the implementation of architecture","Architecture Society of Atlanta (Ga.)|; Crout, R. Durham; Franciscari, Marco; Jacques, John; Johnston, George Barnett; Miller, Rob; Zambonini, Giuseppe",11907,m91pQgAACAAJ,https://books.google.com/books?id=m91pQgAACAAJ
"In Achikoli iwan in Temilo = El Achikoli y el Temilo","Rodríguez, Artemio; Peralta Ramírez, Valentín",11973,g0J6HAAACAAJ,https://books.google.com/books?id=g0J6HAAACAAJ
"In and around the house : photographs, 1976-1978","Simmons, Laurie; Squiers, Carol",11972,pU5kQgAACAAJ,https://books.google.com/books?id=pU5kQgAACAAJ
"In and around the house : photographs, 1976-1978","Simmons, Laurie; Squiers, Carol",11972,rMF4QgAACAAJ,https://books.google.com/books?id=rMF4QgAACAAJ
"In celebration of the discovery of the abandoned star factory","Press, Nexus; Horton, David",11969,LDP8AQAACAAJ,https://books.google.com/books?id=LDP8AQAACAAJ
"In numbers : serial publications by artists since 1955","Aarons, Philip; Brand, Victor; Roth, Andrew",9778,akkQSQAACAAJ,https://books.google.com/books?id=akkQSQAACAAJ
"In numbers : serial publications by artists since 1955","Aarons, Philip; Brand, Victor; Roth, Andrew",9778,n8AYAQAAMAAJ,https://books.google.com/books?id=n8AYAQAAMAAJ
"In the event anyone disappears","Washington, Bisa",9808,u2yBPQAACAAJ,https://books.google.com/books?id=u2yBPQAACAAJ
"In the event anyone disappears","Washington, Bisa",11944,u2yBPQAACAAJ,https://books.google.com/books?id=u2yBPQAACAAJ
"In this land","Blumberg, Judith",15263,yXJENAEACAAJ,https://books.google.com/books?id=yXJENAEACAAJ
"Inappropriate repetitions","Blauwer, Katrien",11906,ojbvlgEACAAJ,https://books.google.com/books?id=ojbvlgEACAAJ
"Inches and field","Mangold, Sylvia",14895,cwVLAQAAIAAJ,https://books.google.com/books?id=cwVLAQAAIAAJ
"Incomplete open cubes : The John Weber Gallery, New York 1974","LeWitt, Sol; Gallery, John Weber",11968,sDlQAAAAMAAJ,https://books.google.com/books?id=sDlQAAAAMAAJ
"Industrial woman","Duke, Jas; Lyssiotis, Peter |; Mehes, Vivienne |",16357,F74tAAAAMAAJ,https://books.google.com/books?id=F74tAAAAMAAJ
"Ingres and other parables.","Baldessari, John",11962,j5AgHQAACAAJ,https://books.google.com/books?id=j5AgHQAACAAJ
"Inner sanctuary","Smith, Beth",11960,L7VzXwAACAAJ,https://books.google.com/books?id=L7VzXwAACAAJ
"Inside a box","Hung, Berwyn",11370,S2u9ZwEACAAJ,https://books.google.com/books?id=S2u9ZwEACAAJ
"Inside the white cube : overprinted edition","Sérandour, Yann; O'Doherty, Brian; Saint-Loubert Bié, Jérôme",11956,CUkqQwAACAAJ,https://books.google.com/books?id=CUkqQwAACAAJ
"Inside world.","Kent Fine Art, Inc; Prince, Richard",11955,G41JAQAAIAAJ,https://books.google.com/books?id=G41JAQAAIAAJ
Insomnia.,"Russell, Richard; Brahms, Johannes",11954,8P7XPQAACAAJ,https://books.google.com/books?id=8P7XPQAACAAJ
"Inventario : (fragmento)","Bianki, 1963-",9724,JS2wnQEACAAJ,https://books.google.com/books?id=JS2wnQEACAAJ
"Inviolable habits","Lown, Rebecca",13428,hZPhPAAACAAJ,https://books.google.com/books?id=hZPhPAAACAAJ
"Invocation to the water spirits","Michaelis, Catherine",9925,XA62GwAACAAJ,https://books.google.com/books?id=XA62GwAACAAJ
"Issues. #4, Everyone else is younger and more talented","Lee, Hannah",9958,ms7OoQEACAAJ,https://books.google.com/books?id=ms7OoQEACAAJ
"It is... it isn't...","Barry, Robert",9732,S0EdPQAACAAJ,https://books.google.com/books?id=S0EdPQAACAAJ
"It wasn't Little Rock","Sligh, Clarissa; Workshop, Visual Studies",11928,2lKVQQAACAAJ,https://books.google.com/books?id=2lKVQQAACAAJ
Italia,"Cucchi, Enzo; (Firm)|, Anthony d'Offay",9695,tnHCOAAACAAJ,https://books.google.com/books?id=tnHCOAAACAAJ
Itinerario,"Veroni, Ral",9813,uIlpHAAACAAJ,https://books.google.com/books?id=uIlpHAAACAAJ
"JFL, what does ""why"" mean?","Esanu, Octavian; Solitude, Akademie Schloss",12392,UnGRAQAACAAJ,https://books.google.com/books?id=UnGRAQAACAAJ
"Jak połą czyć dwa różne swiato-słowa w naszym życiu nomadycznym = How to connect two different wor(l)ds in our nomadic life","Wehr, Beata",11923,o46aGwAACAAJ,https://books.google.com/books?id=o46aGwAACAAJ
"James Franco : the dangerous book four boys","Heiss, Alanna; Franco, James; Bidart, Frank; Boman, Eric; Schmidt, Jason; Spurr, Marianne",11921,HeYFYAAACAAJ,https://books.google.com/books?id=HeYFYAAACAAJ
"January 5-31, 1969","Siegelaub, Seth",9846,yoY0AQAAIAAJ,https://books.google.com/books?id=yoY0AQAAIAAJ
Jerk,"Blake, Nayland; Cooper, Dennis",13465,vlFQAAAAMAAJ,https://books.google.com/books?id=vlFQAAAAMAAJ
"Jet master : a visual strategy","Künzli, Corina; Hacklin, Saara; Hayosh, Ṭali; Andriessen, Mischa; Schmuki, Salome",11914,JR90NQEACAAJ,https://books.google.com/books?id=JR90NQEACAAJ
"Joe magazine. 1-3.",,10036,IK-PrgEACAAJ,https://books.google.com/books?id=IK-PrgEACAAJ
"John in sixteen parts","Kao, Deborah Martin; Schneider, Gary; Gallery, Howard Yezerski; (Gallery)|, P. P. O. W.; (Firm)|, Stephen Daiter Photography",11901,O5AAtwAACAAJ,https://books.google.com/books?id=O5AAtwAACAAJ
Kaddish,"Lukač, Jenni",12390,W-c2AQAAIAAJ,https://books.google.com/books?id=W-c2AQAAIAAJ
"Karl Gerstner, color sound 15 : extra version","Gerstner, Karl; Lüscher, Max; René, Galerie Denise",12389,3UirjgEACAAJ,https://books.google.com/books?id=3UirjgEACAAJ
"Kem dreams while Russia sleeps","Meador, Clifton; Press, Nexus",11886,V8zCtgAACAAJ,https://books.google.com/books?id=V8zCtgAACAAJ
Kex.,"Paolozzi, Eduardo; Foundation.|, William and Noma Copley",15947,X6VNAAAAYAAJ,https://books.google.com/books?id=X6VNAAAAYAAJ
"Kidnapping mountains / by Slavs and Tatars.","Noord, Gerrie van; Slavs and Tatars (Group of artists)",11883,iF0eQwAACAAJ,https://books.google.com/books?id=iF0eQwAACAAJ
"Kitchen stories from the Balkans","Maximova, Eugenia",12384,zFEhoAEACAAJ,https://books.google.com/books?id=zFEhoAEACAAJ
"Knights of Assisi : a journey through the tarot","Nettles, Bea",12382,3NxTAAAAMAAJ,https://books.google.com/books?id=3NxTAAAAMAAJ
"Knowledge of the world","Bruly Bouabré, Frédéric; Games, Atlanta Committee for the Olympic",15226,t20oAAAACAAJ,https://books.google.com/books?id=t20oAAAACAAJ
Konglish,"Sim, Jana",14384,BU8QcgAACAAJ,https://books.google.com/books?id=BU8QcgAACAAJ
"Kosamalotlahtol = Arcoiris de la palabra.","Cartonera (Firm : Cuernavaca, Mexico)",9755,cBDdoQEACAAJ,https://books.google.com/books?id=cBDdoQEACAAJ
"Ksią̀zka 38e, O przemijaniu = Book 38e, Transience","Wehr, Beata",12377,O32nHAAACAAJ,https://books.google.com/books?id=O32nHAAACAAJ
"L A air.","Nauman, Bruce",10001,GqA0AQAAIAAJ,https://books.google.com/books?id=GqA0AQAAIAAJ
"LV ""una vida ejemplar""","Lopez, Ana; Casella, Carlos",12283,ne2ttgAACAAJ,https://books.google.com/books?id=ne2ttgAACAAJ
"La casa de cartón","Cartonera, Eloísa; Adán, Martín",12370,cfaCSQAACAAJ,https://books.google.com/books?id=cfaCSQAACAAJ
"La ciudad agujereada","Azid, Aloe; Ono, Yoshihiro",9908,6stUAAAACAAJ,https://books.google.com/books?id=6stUAAAACAAJ
"La eternidad es el instante.","Botta, Mirta; Feria del Libro (Argentina) (26th : 2000 : Buenos Aires, Argentina)",12367,1MTutgAACAAJ,https://books.google.com/books?id=1MTutgAACAAJ
"La felicidad : America Latina","Mancera Vivas, Kevin",9939,EyDwngEACAAJ,https://books.google.com/books?id=EyDwngEACAAJ
"La llorona","Valero, Elizabeth; Vázquez Valdez, María; Randall, Margaret",12364,DjQSjwEACAAJ,https://books.google.com/books?id=DjQSjwEACAAJ
"La nave del olvido = Le navire de l'oubli = The ship of oblivion","Zuzunaga, Mariano; Huarcaya, Roberto; Aranguren, Felipe L.",12360,znyTAAAACAAJ,https://books.google.com/books?id=znyTAAAACAAJ
"La noche y otros cuentos","Quintero, Aramís; Ríos, Marialva; Ruiz Montes, Laura",12355,QhJkPQAACAAJ,https://books.google.com/books?id=QhJkPQAACAAJ
"La princesa","Veroni, Ral",9812,rYBSPwAACAAJ,https://books.google.com/books?id=rYBSPwAACAAJ
"La prose du Transsibérien et la petite Jehanne de France","Delaunay, Sonia; Mangum, Megan; Cendrars, Blaise; Young, Timothy G. (Timothy Garrett)",12354,BuQ6NAAACAAJ,https://books.google.com/books?id=BuQ6NAAACAAJ
"La triste lista : apunte informativo.","Grandchester, |book; Grossman, Zoltán",12350,9JE7jwEACAAJ,https://books.google.com/books?id=9JE7jwEACAAJ
"La vereda del corazón quieto","Bellusci, Valeria",9728,McZCGwAACAAJ,https://books.google.com/books?id=McZCGwAACAAJ
"La veritat sobre el cas Manbaa Mokfhi = la verdad sobre el caso Manbaa Mokfhi = toute la vérité sur le cas Manbaa Mokfhi =the truth about the case of Manbaa Mokfhi","Fontcuberta, Joan",12348,Y6AeQwAACAAJ,https://books.google.com/books?id=Y6AeQwAACAAJ
"La zarza ardiendo","Veroni, Ral; Sabella, Marta",12346,ZC5kHAAACAAJ,https://books.google.com/books?id=ZC5kHAAACAAJ
"Las Meninas","Soulellis, Paul",9828,fvjhngEACAAJ,https://books.google.com/books?id=fvjhngEACAAJ
"Las cosas que te podrán pasar hasta que te encuentres una pareja","Lee, Miju",12352,bGe_NAEACAAJ,https://books.google.com/books?id=bGe_NAEACAAJ
"Las memorias vacías de Solange Bañuelos","Vigía.|, Ediciones; Alpízar Linares, Mayra; Hernández-Lorenzo, Maité",9748,nS65oQEACAAJ,https://books.google.com/books?id=nS65oQEACAAJ
"Las paredes del tiempo","Mederos, Gladys; Hodelín Santana, Hugo; Milián Maura, Gjorge Michel; Ediciones Vigía, |publisher",10071,7qmIoAEACAAJ,https://books.google.com/books?id=7qmIoAEACAAJ
"Las silabas del agua = The syllables of water","Ponce, Agustina; Ponce, Adianes; Rivero, Héctor R.",12351,t6uDoAEACAAJ,https://books.google.com/books?id=t6uDoAEACAAJ
"Last day in Kas","Douglas, Helen",15405,HnY_AAAACAAJ,https://books.google.com/books?id=HnY_AAAACAAJ
Lexicon,"Kentridge, William; Program, Acadia Summer Arts",12329,-ly2MwEACAAJ,https://books.google.com/books?id=-ly2MwEACAAJ
"Libro cartoonero : un libro de chistes, fomes y dibujos bien hechos.",,10188,HH7tjgEACAAJ,https://books.google.com/books?id=HH7tjgEACAAJ
"Libro de anatomía","Lizarazo, Luz Angela; Bonnett, Piedad; Alonso Garcés Ediciones, Marcela Caldas Editora y Ediciones Arte Dos Gráfico |",9719,mBTBPgAACAAJ,https://books.google.com/books?id=mBTBPgAACAAJ
"Libro de anatomía","Lizarazo, Luz Angela; Bonnett, Piedad; Alonso Garcés Ediciones, Marcela Caldas Editora y Ediciones Arte Dos Gráfico |",10342,mBTBPgAACAAJ,https://books.google.com/books?id=mBTBPgAACAAJ
"Libro illeggibile N.Y. 1","Munari, Bruno; Museum of Modern Art (New York, N. Y. )",9858,Z1D9twAACAAJ,https://books.google.com/books?id=Z1D9twAACAAJ
"Libro no 8, 1970","Dermisache, Mirtha",9689,cH6fQwAACAAJ,https://books.google.com/books?id=cH6fQwAACAAJ
"Libro no. 1 (Caja negra)","Orozco, Francisco",9843,8vijoAEACAAJ,https://books.google.com/books?id=8vijoAEACAAJ
"Libro quemado = Burnt book","Katz, Leandro",12423,pcH4PQAACAAJ,https://books.google.com/books?id=pcH4PQAACAAJ
"Libro volante","Ríos, Alexander",12327,9DiMQwAACAAJ,https://books.google.com/books?id=9DiMQwAACAAJ
LibroPhone,"C'est un livre, |publisher; Cupagu, |illustrator",17247,MIKhnQAACAAJ,https://books.google.com/books?id=MIKhnQAACAAJ
"Life's lessons : a mother's journal","Nettles, Bea; Museum.|, Chrysler; Museum.|, Illinois State",12321,29xTAAAAMAAJ,https://books.google.com/books?id=29xTAAAAMAAJ
"Light in the head","Forster, Andrew",15345,Bl81AAAACAAJ,https://books.google.com/books?id=Bl81AAAACAAJ
"Limestone lives : voices from the Indiana stone belt","Ferrucci, Kate",9674,VdUxAQAAIAAJ,https://books.google.com/books?id=VdUxAQAAIAAJ
Lindbergh,"Thays, Iván; Cartoneras, Meninas",12319,NW5dMwEACAAJ,https://books.google.com/books?id=NW5dMwEACAAJ
"Lines & color","LeWitt, Sol",10256,GqtIPwAACAAJ,https://books.google.com/books?id=GqtIPwAACAAJ
"Lines and non-lines","Renouf, Edda",15158,h_q_NwAACAAJ,https://books.google.com/books?id=h_q_NwAACAAJ
"Lines in two directions and in five colors on five colors with all their combinations","LeWitt, Sol",9052,l59PAAAAMAAJ,https://books.google.com/books?id=l59PAAAAMAAJ
"Lissen here!","Jones, Philip Mallory",12315,C3meGwAACAAJ,https://books.google.com/books?id=C3meGwAACAAJ
"Literatura skin","Cartonera, Eloísa; Berger, Timo",12311,8xAoGQAACAAJ,https://books.google.com/books?id=8xAoGQAACAAJ
"Livres d'artistes","Moeglin-Delcroix, Anne; d'information.|, Centre Georges Pompidou Bibliothèque publique",13411,AgPFQgAACAAJ,https://books.google.com/books?id=AgPFQgAACAAJ
"Llamado por los malos poetas ; Lo cristalino","Fogwill, Rodolfo",12305,fGeDPQAACAAJ,https://books.google.com/books?id=fGeDPQAACAAJ
"Location of three geometric figures","LeWitt, Sol; Gevaert, Yves",16538,AuCQPQAACAAJ,https://books.google.com/books?id=AuCQPQAACAAJ
"Lone wolf","Schulz, David",9836,aZr5nQEACAAJ,https://books.google.com/books?id=aZr5nQEACAAJ
"Long story short : home is where the heart is","Zimmermann, Philip",12962,V-uaAAAACAAJ,https://books.google.com/books?id=V-uaAAAACAAJ
"Look back","Berry, Daina Ramey; Marshall-Linnemeier, Lynn; Pavich-Lindsay, Melanie; Tuttle, Lisa; Willis, Deborah",12297,9fhzHAAACAAJ,https://books.google.com/books?id=9fhzHAAACAAJ
Looking.,"Workshop, Women's Studio; Spears, Karen",12296,D4ZiPAAACAAJ,https://books.google.com/books?id=D4ZiPAAACAAJ
"Los Alamos revisited","Eggleston, Winston; Eggleston, William; Holborn, Mark",12292,O7ZyLwEACAAJ,https://books.google.com/books?id=O7ZyLwEACAAJ
"Los borradores salvajes","Carmona Horta, Luis",12291,wzMTMwEACAAJ,https://books.google.com/books?id=wzMTMwEACAAJ
"Los campos magnéticos","La Sofía Cartonera, |publisher; Lamberti, Luciano",9771,6IDaoAEACAAJ,https://books.google.com/books?id=6IDaoAEACAAJ
"Los ciclos de nadie : antología personal","Campa Escaig, Abdel de la; Esquivel Guerra, Carlos",12290,zuQAngEACAAJ,https://books.google.com/books?id=zuQAngEACAAJ
"Los separadores de Minimalia",Eko.,12289,oVIynQEACAAJ,https://books.google.com/books?id=oVIynQEACAAJ
"Los siervos = The serfs","Vigía.|, Ediciones; Ruiz Montes, Laura; Piñera, Virgilio; Alpízar Linares, Mayra; Howe, Linda S.",9744,GojGoQEACAAJ,https://books.google.com/books?id=GojGoQEACAAJ
"Los signos del zodiaco : doce textos","Rodríguez, Artemio; Hernández, Francisco; Pescador, Taller Martín",12288,RX7StgAACAAJ,https://books.google.com/books?id=RX7StgAACAAJ
"Lotería fotográfica mexicana : cantada con refranes y coplas de la lírica popular","Hartley, Jill",9855,a-_1RwAACAAJ,https://books.google.com/books?id=a-_1RwAACAAJ
Love,"Siff, Lowell A.; Vanni, Gian",9854,DEpMAAAACAAJ,https://books.google.com/books?id=DEpMAAAACAAJ
Love,"Siff, Lowell A.; Vanni, Gian",9854,SI0jnwEACAAJ,https://books.google.com/books?id=SI0jnwEACAAJ
"Love poems","Thompson, Nikki",9819,94hUygAACAAJ,https://books.google.com/books?id=94hUygAACAAJ
"Love re-turned","Morrison, Lois",9917,LaI6SAAACAAJ,https://books.google.com/books?id=LaI6SAAACAAJ
"Lucha por la vida = Struggle for life","Veroni, Ral",12286,vqRaOgAACAAJ,https://books.google.com/books?id=vqRaOgAACAAJ
"Lucid deliberations","Robinson, Burgess",9888,YyHCoAEACAAJ,https://books.google.com/books?id=YyHCoAEACAAJ
"Lupus viator ...","Press.|, Nexus; Berner, Darya; Games.|, Atlanta Committee for the Olympic",8937,lFADNQAACAAJ,https://books.google.com/books?id=lFADNQAACAAJ
"Luz : poemas (trans)fronterizos = Light : (trans)border poems","Rathbun, Jennifer; Rojas, Juan; Digital, Editorial Ultramarina Cartonera &",12282,rBPgoAEACAAJ,https://books.google.com/books?id=rBPgoAEACAAJ
"Lydia Cabrera en su laguna sagrada","Valdés, Frank David; Bolívar Aróstegui, Natalia; Ediciones Vigía, |publisher; Río Bolívar, Natalia del",9618,oEnEjgEACAAJ,https://books.google.com/books?id=oEnEjgEACAAJ
"Make everything new : a project on communism","Noord, Gerrie van; Watson, Grant; Everall, Gavin; Book Works (Organization)|; Centre, Project Arts",12276,P7ozAQAAIAAJ,https://books.google.com/books?id=P7ozAQAAIAAJ
"Making stuff and doing things.","Bravo, Kyle",12274,3UupGwAACAAJ,https://books.google.com/books?id=3UupGwAACAAJ
"Malos entendidos","Arte Dos Gráfico (Firm : Bogotá, Colombia); Pilonieta, Leonardo",17290,MqjZjwEACAAJ,https://books.google.com/books?id=MqjZjwEACAAJ
"Manual de supervivencia para los días del gran desastre : un libro de autoayuda para los sobreviventes de la especie humana","Iglesias, Lorena; Castromán, Esteban; Moiseeff, Iván",9434,eh7CYgEACAAJ,https://books.google.com/books?id=eh7CYgEACAAJ
"Martin Soto Climent : the equation of desire.","Soto Climent, Martin",9830,SNieMQEACAAJ,https://books.google.com/books?id=SNieMQEACAAJ
"María ríe por dentro : un relato","Domínguez C., Bernardo; Eko",9429,uu7elgEACAAJ,https://books.google.com/books?id=uu7elgEACAAJ
"Me a mound","PictureBox, Inc; Hancock, Trenton; Gallery, James Cohan",9417,haZPAAAAMAAJ,https://books.google.com/books?id=haZPAAAAMAAJ
"Memory lapse","Meador, Clifton",9410,LA7PPAAACAAJ,https://books.google.com/books?id=LA7PPAAACAAJ
"Memory loss","McCarney, Scott; Workshop, Visual Studies",9312,b40DPQAACAAJ,https://books.google.com/books?id=b40DPQAACAAJ
"Memory loss","Nettles, Bea",9409,x8EWAAAACAAJ,https://books.google.com/books?id=x8EWAAAACAAJ
"Memory loss","McCarney, Scott; Workshop.|, Visual Studies",10239,b40DPQAACAAJ,https://books.google.com/books?id=b40DPQAACAAJ
"Memory of Al-Mutanabbi Street","Kermaire, Christine",9965,zwpqMwEACAAJ,https://books.google.com/books?id=zwpqMwEACAAJ
"Mi destino está en tus manos","Rueda, María; Castro, Marcos",15574,GHpongEACAAJ,https://books.google.com/books?id=GHpongEACAAJ
"Mi niña veneno en el jardin de las baladas del recuerdo : (2000-1996)","Tsuchiya, Tilsa",15097,c9fVtgAACAAJ,https://books.google.com/books?id=c9fVtgAACAAJ
"Michalis Pichler","Gilbert, Annette; Krümmell, Clemens; Pichler, Michalis |",15554,S-5lrgEACAAJ,https://books.google.com/books?id=S-5lrgEACAAJ
"Michalis Pichler","Gilbert, Annette; Krümmell, Clemens; Pichler, Michalis |",15554,_Y-PrgEACAAJ,https://books.google.com/books?id=_Y-PrgEACAAJ
Michigan,"Zellar, Brad; Soth, Alec",12547,MTYkmwEACAAJ,https://books.google.com/books?id=MTYkmwEACAAJ
"Microslides = Muestrarios : caja con papelitos para pájaros.","La Dïéresis (Firm)|",9923,c7dvngEACAAJ,https://books.google.com/books?id=c7dvngEACAAJ
Migrar,"Martínez Pedro, Javier; Mateo, José",9396,4ERFtwAACAAJ,https://books.google.com/books?id=4ERFtwAACAAJ
"Mill river, river mill : with associated music","Chaplin, Bob; Workshop, Visual Studies",9395,Z71PAQAAIAAJ,https://books.google.com/books?id=Z71PAQAAIAAJ
"Mine fields","Burke, Bill",15214,j9Y2AQAAIAAJ,https://books.google.com/books?id=j9Y2AQAAIAAJ
Mirage,"Barrett, Timothy; Eisenstadt, Eve; Schreier, Joshua",9389,ZyDARAAACAAJ,https://books.google.com/books?id=ZyDARAAACAAJ
"Mis tortillas para Valentina","Akhmadeeva, Ioulia",9841,merkoQEACAAJ,https://books.google.com/books?id=merkoQEACAAJ
"Misunderstandings : a theory of photography","Bochner, Mel",10014,nz3RKwAACAAJ,https://books.google.com/books?id=nz3RKwAACAAJ
"Mitogramas (1968-1976)","Millán, Fernando",9922,roovAQAAIAAJ,https://books.google.com/books?id=roovAQAAIAAJ
"Modern love","DeJong, Constance",9692,DzmwAAAAIAAJ,https://books.google.com/books?id=DzmwAAAAIAAJ
"Mood : potential.","Tonnard, Elisabeth; Books, J. A. B.",9369,wdfVYgEACAAJ,https://books.google.com/books?id=wdfVYgEACAAJ
Moogambo,"Shafrazi, Tony",9368,wQnZGAAACAAJ,https://books.google.com/books?id=wQnZGAAACAAJ
"Mother sun","Willoughby, Graham; Workshop, Visual Studies",9363,spmvAAAACAAJ,https://books.google.com/books?id=spmvAAAACAAJ
"Mother-son talk","Rebhan, Gail",15607,BqslAQAAIAAJ,https://books.google.com/books?id=BqslAQAAIAAJ
"Motivos persas","Vigía.|, Ediciones; Estévez Jordán, Rolando; Esenin, Sergeĭ; Hernández Milián, Juan Luis",9677,XRCtYgEACAAJ,https://books.google.com/books?id=XRCtYgEACAAJ
"Mrs Merryman's collection","Merryman, Anne; Soejima, Niki",9781,yGJ6MAEACAAJ,https://books.google.com/books?id=yGJ6MAEACAAJ
"Mrs Merryman's collection","Merryman, Anne; Soejima, Niki",9783,yGJ6MAEACAAJ,https://books.google.com/books?id=yGJ6MAEACAAJ
"Mujeres habitando un sueño de libertad","Colectivo Editorial de Mujeres en Prisión.|",9914,iCXsoAEACAAJ,https://books.google.com/books?id=iCXsoAEACAAJ
"Multiples: the first decade; [catalogue]","Tancock, John; Art.|, Philadelphia Museum of",9849,nvTkSAAACAAJ,https://books.google.com/books?id=nvTkSAAACAAJ
Museums,"Helmes, Scott",15606,C63UYgEACAAJ,https://books.google.com/books?id=C63UYgEACAAJ
"Mutually exclusive","Martin, Emily",12026,sTulPQAACAAJ,https://books.google.com/books?id=sTulPQAACAAJ
"My 9 migraine cures","Kellner, Tana; Kalmbach, Ann",14409,IB-NGAAACAAJ,https://books.google.com/books?id=IB-NGAAACAAJ
"My constant companion","Nettles, Bea",12050,P1CRtwAACAAJ,https://books.google.com/books?id=P1CRtwAACAAJ
"My life in The New York Times : an artist and his work","Bleckner, Ross",9720,qK81pwAACAAJ,https://books.google.com/books?id=qK81pwAACAAJ
"My life in the New York Times","Bleckner, Ross",9721,FhL9tgAACAAJ,https://books.google.com/books?id=FhL9tgAACAAJ
"My mother's book","Workshop.|, Visual Studies; Lyons, Joan",10124,ipVJAQAAIAAJ,https://books.google.com/books?id=ipVJAQAAIAAJ
"My mother's book","Lyons, Joan; Workshop, Visual Studies",12045,ipVJAQAAIAAJ,https://books.google.com/books?id=ipVJAQAAIAAJ
"My mother's coming to town.","Larson, Jill; Press, Nexus",12044,mlfMPAAACAAJ,https://books.google.com/books?id=mlfMPAAACAAJ
"Mystic places","Reed, Justin",11171,D4ningEACAAJ,https://books.google.com/books?id=D4ningEACAAJ
"Máximas mínimas para la supervivencia de los argentinos","Benavídez Bedoya, Alfredo; Benavídez, Lucas; Editora, La Marca",9421,sE8aAAAACAAJ,https://books.google.com/books?id=sE8aAAAACAAJ
"Mémoire d'un voyage en Oceánie","Deschamps, F",9411,sfq6AAAACAAJ,https://books.google.com/books?id=sfq6AAAACAAJ
NEWS,"Flechtner, Thomas",9671,4XCmMQEACAAJ,https://books.google.com/books?id=4XCmMQEACAAJ
"Nada para el destino = Nothing for destiny","Veroni, Ral; Lestani, Flopa; Ferro, Gabo",14215,6HjNYgEACAAJ,https://books.google.com/books?id=6HjNYgEACAAJ
"Nada para el destino = Nothing for destiny","Veroni, Ral; Lestani, Flopa; Ferro, Gabo",14234,6HjNYgEACAAJ,https://books.google.com/books?id=6HjNYgEACAAJ
Nakazora,"Yamamoto, Masao; Nakajima, Reiko; Press, Nazraeli; 中島礼子, 1948-",12024,jzXdPQAACAAJ,https://books.google.com/books?id=jzXdPQAACAAJ
"Name, class, subject","Pereira, Sharmini; Khalid, Aisha",12042,6hsStwAACAAJ,https://books.google.com/books?id=6hsStwAACAAJ
"Narcisismo y emblema","Veroni, Ral",9814,B9N8PQAACAAJ,https://books.google.com/books?id=B9N8PQAACAAJ
Nationalfeiertag,"Stuke, Katja",15777,rqVFjwEACAAJ,https://books.google.com/books?id=rqVFjwEACAAJ
"Negative publicity : artefacts of extraordinary rendition","Black, Crofton; Clark, Edmund (Photographer)",17294,nYsvjgEACAAJ,https://books.google.com/books?id=nYsvjgEACAAJ
Nets,"Bervin, Jen; Ugly Duckling Presse, |publisher",9725,nUlaAAAAMAAJ,https://books.google.com/books?id=nUlaAAAAMAAJ
"Never realized","Carroli, Mary Ellen; Blanchon, Robert; Samaras, Connie",9722,djnZtgAACAAJ,https://books.google.com/books?id=djnZtgAACAAJ
"Nine nameless mountains","Maanantai (Artists' collective), |photographer",9943,kJiXnAEACAAJ,https://books.google.com/books?id=kJiXnAEACAAJ
"Nine swimming pools and a broken glass.","Ruscha, Edward",12005,gKQiMgEACAAJ,https://books.google.com/books?id=gKQiMgEACAAJ
"Nineteen nights in San Francisco","Kennedy, Christine",9969,okAAGQAACAAJ,https://books.google.com/books?id=okAAGQAACAAJ
"No longer innocent : book art in America : 1960-1980","Bright, Betty",9873,Rka1ngEACAAJ,https://books.google.com/books?id=Rka1ngEACAAJ
"No man's land","Henner, Mishka",12398,ILE0twAACAAJ,https://books.google.com/books?id=ILE0twAACAAJ
"No man's land","Henner, Mishka",12399,ILE0twAACAAJ,https://books.google.com/books?id=ILE0twAACAAJ
"No quería caer en el ridículo por eso me tiré antes","Villanueva Segovia, Mariana",9810,biakoAEACAAJ,https://books.google.com/books?id=biakoAEACAAJ
"No trespassing","Tillery, Val",9818,pqQaRAAACAAJ,https://books.google.com/books?id=pqQaRAAACAAJ
Noray,"Valbuena, Juan",11998,e_StngEACAAJ,https://books.google.com/books?id=e_StngEACAAJ
"Now I am lost","Hernández, Raúl",9651,ZLdMngEACAAJ,https://books.google.com/books?id=ZLdMngEACAAJ
"Now will not be with us forever","Es, Maurice",14240,h7uCjwEACAAJ,https://books.google.com/books?id=h7uCjwEACAAJ
"Now you know : this is serious photography : a photo work book","Shwachman, Irene",11989,tWgRSQAACAAJ,https://books.google.com/books?id=tWgRSQAACAAJ
Nox,"Carson, Anne; Catullus, Gaius Valerius",11988,PetvPgAACAAJ,https://books.google.com/books?id=PetvPgAACAAJ
Nox,"Carson, Anne; Catullus, Gaius Valerius",11988,uQ57ky3yElIC,https://books.google.com/books?id=uQ57ky3yElIC
"Nu tonjo nu xinchi zak'u = Canto al movimiento de la vida","Garduño Cervantes, Julio; Cartonera, Ratona",11982,qLB0oAEACAAJ,https://books.google.com/books?id=qLB0oAEACAAJ
"Objects / encounters : bookworks at Flying Fish Press 1987-2001","Gallagher, Connell; Imperatore, Cynthia |; Library.|, University of Vermont",14243,j-I4AQAAIAAJ,https://books.google.com/books?id=j-I4AQAAIAAJ
"Ocean dunes","Timm, Jill",11975,vIjKOwAACAAJ,https://books.google.com/books?id=vIjKOwAACAAJ
"Odios falsos","Estévez Jordán, Rolando; Vigía, Ediciones; Ruiz Montes, Laura; Lorente, Luis",12172,ORMxlAEACAAJ,https://books.google.com/books?id=ORMxlAEACAAJ
"Offset : artists' books & prints.","Freeman, Brad; Walker, Todd; Drucker, Johanna; (Firm), Granary Books; Ruther, Joseph W.; Inter Planetary Productions, |publisher",9862,pT0lPAAACAAJ,https://books.google.com/books?id=pT0lPAAACAAJ
Ohio,"Zellar, Brad; Soth, Alec",9349,uTZaMwEACAAJ,https://books.google.com/books?id=uTZaMwEACAAJ
Ohio,"Zellar, Brad; Soth, Alec",12166,uTZaMwEACAAJ,https://books.google.com/books?id=uTZaMwEACAAJ
"Oiga mire","Durán H., Rodrigo",10184,mVTRjgEACAAJ,https://books.google.com/books?id=mVTRjgEACAAJ
"Olafur Eliasson : never tired of looking at each other : only the mountain and I.","Elíasson, Ólafur",12163,rGHANAEACAAJ,https://books.google.com/books?id=rGHANAEACAAJ
"Old man and sea","Cox, Joy; Hemingway, Ernest",9278,_KKnoAEACAAJ,https://books.google.com/books?id=_KKnoAEACAAJ
"On democracy","Guntzel, Jeff Severns; Azimi, Negar; Calabrese, Nickolas; Hussein, Saddam; Chan, Paul",12159,mUVCLgEACAAJ,https://books.google.com/books?id=mUVCLgEACAAJ
Once:once,"Yepes Lozano, Stefhany",9801,0ysLnwEACAAJ,https://books.google.com/books?id=0ysLnwEACAAJ
"One family of objects = Jedna skupina předmětů","Skála, Jiří; (Organization)|, Tranzit",12156,100ETwEACAAJ,https://books.google.com/books?id=100ETwEACAAJ
"One family of objects = Jedna skupina předmětů","Skála, Jiří; (Organization)|, Tranzit",12156,I4BqKQEACAAJ,https://books.google.com/books?id=I4BqKQEACAAJ
"Only child","Bloch, Ricardo; Workshop, Visual Studies",9296,eI1JAQAAIAAJ,https://books.google.com/books?id=eI1JAQAAIAAJ
Oostamera,"Emanuel, Martin",15378,Vx9QAQAAIAAJ,https://books.google.com/books?id=Vx9QAQAAIAAJ
"Opinions of working people concerning the arts","Celender, Don; O. K. Harris Gallery (New York, N. Y. )|",12138,BOWZGQAACAAJ,https://books.google.com/books?id=BOWZGQAACAAJ
"Opus ciudad","Ríos, Marialva; Vigía, Ediciones; García Blanco, Reynaldo",9295,oAKfoAEACAAJ,https://books.google.com/books?id=oAKfoAEACAAJ
"Otherspace : martian ty/opography","Freeman, Brad; Drucker, Johanna; Press, Nexus",12132,hWRQAAAAMAAJ,https://books.google.com/books?id=hWRQAAAAMAAJ
"Otro yo","Alderete, Dr.",12131,U5PNngEACAAJ,https://books.google.com/books?id=U5PNngEACAAJ
"Otro yo","Alderete, Dr.",12131,XMRZngEACAAJ,https://books.google.com/books?id=XMRZngEACAAJ
"Ozone alert","Wood, John; Workshop, Visual Studies",12129,wG9FPQAACAAJ,https://books.google.com/books?id=wG9FPQAACAAJ
"P.H. Polk, photographs","Cleage, Pearl; Polk, P",11521,aln5QwAACAAJ,https://books.google.com/books?id=aln5QwAACAAJ
Pacing,"Alÿs, Francis",10063,1RL8oAEACAAJ,https://books.google.com/books?id=1RL8oAEACAAJ
"Paisajes históricos urbanos de la ciudad de Matanzas","Ríos, Marialva; Vigía, Ediciones; González Arestuche, Luis",12125,z_2JoAEACAAJ,https://books.google.com/books?id=z_2JoAEACAAJ
"Palpung Parkhang ; Kandze Village bodhisattva ; Dzogchen village home","Columbia College (Chicago, Ill ) Center for Book & Paper Arts |; Meador, Clifton",14488,g0VDlwEACAAJ,https://books.google.com/books?id=g0VDlwEACAAJ
"Pandora's book : poems by Charles Simic, Aleksandar Ristovic and Josh Hockensmith","Hockensmith, Josh; Ristović, Aleksandar; Simic, Charles",12397,2gYeHAAACAAJ,https://books.google.com/books?id=2gYeHAAACAAJ
Panorama,"Chen, Julie; Hillesheim, Alan",15198,Tx65OgAACAAJ,https://books.google.com/books?id=Tx65OgAACAAJ
"Para tomar medidas micropoéticas","Pérez Grobet, Ximena; Ajo.",9345,Igg0MwEACAAJ,https://books.google.com/books?id=Igg0MwEACAAJ
"Para ver antes de ir a la cama : (tædium vitæ)","Ranc, Carlos",9897,4TbEAAAACAAJ,https://books.google.com/books?id=4TbEAAAACAAJ
Parallax,"Press.|, Nexus; Chance, Karen",10243,FZmeGAAACAAJ,https://books.google.com/books?id=FZmeGAAACAAJ
Parallax,"Chance, Karen",15467,FZmeGAAACAAJ,https://books.google.com/books?id=FZmeGAAACAAJ
Partitions,"Apple, Jacki",9737,34iYGQAACAAJ,https://books.google.com/books?id=34iYGQAACAAJ
Partitura,"Devis, Ana; Arte Dos Gráfico (Firm : Bogotá, Colombia)|",9688,nsgtPQAACAAJ,https://books.google.com/books?id=nsgtPQAACAAJ
Pasaporte,"Paz, Beatriz; Camacho, Daniela; Litvinova, Natalia",9344,vSSengEACAAJ,https://books.google.com/books?id=vSSengEACAAJ
Passage,"Hagstrom, Fred; Clarkson, Thomas; Mott, Abigail",11541,FVVNnwEACAAJ,https://books.google.com/books?id=FVVNnwEACAAJ
Passport,"King, Susan; Women's Graphic Center (Los Angeles, Calif )|",11543,IDqDtgAACAAJ,https://books.google.com/books?id=IDqDtgAACAAJ
"Patterns : divided, mirrored, repeated","Richter, Gerhard",9892,lnIoLgEACAAJ,https://books.google.com/books?id=lnIoLgEACAAJ
"Paula Rae Gibson (fear I know not) I'll always walk away","Gibson, Paula",9660,LKP2MgEACAAJ,https://books.google.com/books?id=LKP2MgEACAAJ
"Paulette me había dejado una nota en el buzón","García, Graciela",9663,RSsrAQAACAAJ,https://books.google.com/books?id=RSsrAQAACAAJ
"Pedro y el lobo","Medina, Pepito",9929,06altgAACAAJ,https://books.google.com/books?id=06altgAACAAJ
"Peluquería","Rodríguez, Rafael",9886,WSyIoAEACAAJ,https://books.google.com/books?id=WSyIoAEACAAJ
"Pequeñas cosas vuelven a ser insignificantes","Jaramillo Quijano, Catalina",9642,FweLQwAACAAJ,https://books.google.com/books?id=FweLQwAACAAJ
"Per-sist-ent ster-e-o-types","Courtney, Pat; Press, Nexus",15447,oPBtAAAACAAJ,https://books.google.com/books?id=oPBtAAAACAAJ
"Performing an archive","Lake, Suzy; Dazibao (Art gallery), |issuing body",13054,pWHcsgEACAAJ,https://books.google.com/books?id=pWHcsgEACAAJ
"Performing an archive","Lake, Suzy; Dazibao (Art gallery), |issuing body",13054,x1MDswEACAAJ,https://books.google.com/books?id=x1MDswEACAAJ
"Perspectivas do livro de artista.","Freeman, Brad; Columbia College (Chicago, Ill ) Center for Book & Paper Arts",9774,7ZPXoQEACAAJ,https://books.google.com/books?id=7ZPXoQEACAAJ
"Peter Downsbrough : the book(s)","Downsbrough, Peter; Canòdrom (Barcelona, Spain)|; Kunstcentrum deSingel (Antwerp, Belgium)|; Küng, Moritz |; Wool, Ira G. |",15531,R1S4uAAACAAJ,https://books.google.com/books?id=R1S4uAAACAAJ
"Photoanalysis : a structuralist play","Kirby, Michael",13217,IFSeGQAACAAJ,https://books.google.com/books?id=IFSeGQAACAAJ
"Photoanalysis : a structuralist play","Kirby, Michael",13218,IFSeGQAACAAJ,https://books.google.com/books?id=IFSeGQAACAAJ
"Photographs taken at one-hour intervals during a walk from Galveston Island to the West Texas town of Marfa.","Edwards, Joshua",9679,4s0angEACAAJ,https://books.google.com/books?id=4s0angEACAAJ
Photogrids,"LeWitt, Sol",9568,mNhTAAAAMAAJ,https://books.google.com/books?id=mNhTAAAAMAAJ
Photogrids,"LeWitt, Sol",9568,zWx7tgAACAAJ,https://books.google.com/books?id=zWx7tgAACAAJ
Photogrids,"LeWitt, Sol",12671,mNhTAAAAMAAJ,https://books.google.com/books?id=mNhTAAAAMAAJ
Photogrids,"LeWitt, Sol",12671,zWx7tgAACAAJ,https://books.google.com/books?id=zWx7tgAACAAJ
Picture/Readings,"Kruger, Barbara",11519,3x9QAQAAIAAJ,https://books.google.com/books?id=3x9QAQAAIAAJ
"Piel de raso","Rico, Nacho",11515,js6KYgEACAAJ,https://books.google.com/books?id=js6KYgEACAAJ
"Pirozzi : un invento argentino.","Pirozzi, Jorge",9903,_B1gNQAACAAJ,https://books.google.com/books?id=_B1gNQAACAAJ
"Pistol, pistil : botanical ballistics","Kellner, Tana; Kalmbach, Ann; Workshop, Women's Studio",11509,hZGxPAAACAAJ,https://books.google.com/books?id=hZGxPAAACAAJ
"Pit's letter","Coe, Sue",9700,BlUMGwAACAAJ,https://books.google.com/books?id=BlUMGwAACAAJ
"Pizza party, 2004","Arcangel, Cory; Frumin, Michael",11508,QYT_oAEACAAJ,https://books.google.com/books?id=QYT_oAEACAAJ
"Playful subversion","Bischof, Beni; Fotohof.|, Galerie",17299,fFJjjwEACAAJ,https://books.google.com/books?id=fFJjjwEACAAJ
"Poema mexicano","Santos, Antonio",9874,QM2noAEACAAJ,https://books.google.com/books?id=QM2noAEACAAJ
"Poems by Richard C.","Craven, Richard",11110,79HzAAAACAAJ,https://books.google.com/books?id=79HzAAAACAAJ
"Poesía imagen","Romero Ruiz, Quino",9882,pi7woAEACAAJ,https://books.google.com/books?id=pi7woAEACAAJ
Poetree,"Bullón Acebes, Raquel",9712,ijDKoAEACAAJ,https://books.google.com/books?id=ijDKoAEACAAJ
"Por la mañana ; Por la noche ; Por la tarde","Lenardón, Gloria; Lenardón, Silvia",11114,06o7AAAACAAJ,https://books.google.com/books?id=06o7AAAACAAJ
"Por la mañana ; Por la noche ; Por la tarde","Lenardón, Gloria; Lenardón, Silvia",11114,PFBkAAAACAAJ,https://books.google.com/books?id=PFBkAAAACAAJ
"Por la mañana ; Por la noche ; Por la tarde","Lenardón, Gloria; Lenardón, Silvia",11114,V3WkAAAACAAJ,https://books.google.com/books?id=V3WkAAAACAAJ
Pornotapados,"Blanco, Paloma; (Publisher)|, Belleza Infinita",17246,xvMpcgAACAAJ,https://books.google.com/books?id=xvMpcgAACAAJ
"Portable document format","Dexter Sinister (Group of artists)",9687,CpJJAQAAIAAJ,https://books.google.com/books?id=CpJJAQAAIAAJ
"Portrait of Stalin on the one hundredth anniversary of his birth","Bakhchani͡an, Vagrich",11117,7LBZNQAACAAJ,https://books.google.com/books?id=7LBZNQAACAAJ
"Post colonial girl paper doll","Slavick, Elin",11122,gFRZOgAACAAJ,https://books.google.com/books?id=gFRZOgAACAAJ
"Post-partum document","Kelly, Mary",10248,l8Y9AAAAIAAJ,https://books.google.com/books?id=l8Y9AAAAIAAJ
"Post-partum document","Kelly, Mary",12669,l8Y9AAAAIAAJ,https://books.google.com/books?id=l8Y9AAAAIAAJ
Postcards,"Alÿs, Francis",9738,bM-KSQAACAAJ,https://books.google.com/books?id=bM-KSQAACAAJ
"Poética involuntaria","Jaramillo Quijano, Catalina",9641,APG_QwAACAAJ,https://books.google.com/books?id=APG_QwAACAAJ
"Prayers for Lillian","Chason, Cate; Irvine, Ned",9701,DQuOmwEACAAJ,https://books.google.com/books?id=DQuOmwEACAAJ
Prehensil,"Mandelik, Laura",9938,fbt2oAEACAAJ,https://books.google.com/books?id=fbt2oAEACAAJ
"Prima del disegno = Before the drawing = Avant le dessin = Vor der Zeichnung","Munari, Bruno",9912,e5HdAAAACAAJ,https://books.google.com/books?id=e5HdAAAACAAJ
"Primary faces","Leigh, Carolyn",9956,87nhGwAACAAJ,https://books.google.com/books?id=87nhGwAACAAJ
"Prints from The classic fairy tales","Snow, Ellie; Tatar, Maria",12667,RC3PHAAACAAJ,https://books.google.com/books?id=RC3PHAAACAAJ
Privacidad.,"Daiber, Steven; Marrero, Norberto; Press., Red Trillium",11135,FEgetwAACAAJ,https://books.google.com/books?id=FEgetwAACAAJ
Problemas,"Florián, Miguel; Sequeiros, 1971-|; Iglesias, Rafael",11136,7DgYQwAACAAJ,https://books.google.com/books?id=7DgYQwAACAAJ
"Project entitled ""The beginnings of a complex ..."" (1976-77) : notes, drawings, photographs","Aycock, Alice; Printed Matter, Inc",12664,BrxNAAAAYAAJ,https://books.google.com/books?id=BrxNAAAAYAAJ
"Promises kept","Fernstrum, Wendy; Arts, Minnesota Center for Book",12661,pW5yGwAACAAJ,https://books.google.com/books?id=pW5yGwAACAAJ
"Proyecto cartele","Silberman, Gastón; Mendieta, Machi; Seimandi, Esteban; Editora, La Marca",12659,JRyYAAAACAAJ,https://books.google.com/books?id=JRyYAAAACAAJ
"Punzocortante : a sharp object with ability to cut, generally used as a weapon","Torre, Milagros",9691,C5hPAAAAMAAJ,https://books.google.com/books?id=C5hPAAAAMAAJ
"Pío : un historia de = a story by = eine Geschichte von","Paz, Beatriz",11511,ZrSHngEACAAJ,https://books.google.com/books?id=ZrSHngEACAAJ
"Quercus psalter.","Robinson, Sue; (U.S.), National Museum of Women in the Arts; Printers, Queen Beach",16790,IwckGQAACAAJ,https://books.google.com/books?id=IwckGQAACAAJ
"Query, quest, & quasi","Rosenberg, M",12651,d0iFuQAACAAJ,https://books.google.com/books?id=d0iFuQAACAAJ
"Quincy book.","Andre, Carl",10170,wVmENQAACAAJ,https://books.google.com/books?id=wVmENQAACAAJ
"Raleigh, North Carolina hip hop","Soares, Jared",12648,AoTrngEACAAJ,https://books.google.com/books?id=AoTrngEACAAJ
"Random passions","Hanmer, Karen",13228,gkZxYgEACAAJ,https://books.google.com/books?id=gkZxYgEACAAJ
"Rape is","Lacy, Suzanne; Women's Graphic Center (Los Angeles, Calif )|",10250,Ym5MOwAACAAJ,https://books.google.com/books?id=Ym5MOwAACAAJ
"Rape is","Lacy, Suzanne",14828,Ym5MOwAACAAJ,https://books.google.com/books?id=Ym5MOwAACAAJ
"Rates of exchange","Kaprow, Allan",16570,348mOQAACAAJ,https://books.google.com/books?id=348mOQAACAAJ
"Raw notes; documents and scripts of the performances: Stars, Moveyhouse, Massage, The typewriter,","Oldenburg, Claes",12645,ZcQkAQAAMAAJ,https://books.google.com/books?id=ZcQkAQAAMAAJ
"Reacciones adversas","Hodelín Santana, Hugo; Vigía, Ediciones; Ruiz Montes, Laura; García de Zayas, Manuel Darío |",12641,boDuuAAACAAJ,https://books.google.com/books?id=boDuuAAACAAJ
"Read (past, tense)","Weston, Heather",14030,z_PRPAAACAAJ,https://books.google.com/books?id=z_PRPAAACAAJ
"Real estate opportunities","Ruscha, Edward",9989,22_GQgAACAAJ,https://books.google.com/books?id=22_GQgAACAAJ
"Real time, 1968-1974","Sonneman, Eve; Printed Matter, Inc",12093,gg0jOAAACAAJ,https://books.google.com/books?id=gg0jOAAACAAJ
"Recordar el camino","Quiroz, Marcela; Lugo, Hugo; Volpi Escalante, Jorge",10034,CsOWoAEACAAJ,https://books.google.com/books?id=CsOWoAEACAAJ
Records,"Ruscha, Edward; McMillan, Jerry",12086,4QSUMQEACAAJ,https://books.google.com/books?id=4QSUMQEACAAJ
"Redheaded Peckerwood","Patterson, Christian",9905,L08HywAACAAJ,https://books.google.com/books?id=L08HywAACAAJ
Relation,"Lovett, Ann; Workshop, Women's Studio",12077,0OwWPAAACAAJ,https://books.google.com/books?id=0OwWPAAACAAJ
Remembrance,"Workshop, Women's Studio; Mohns, J",14443,bNhxPQAACAAJ,https://books.google.com/books?id=bNhxPQAACAAJ
"Resilience of al-Mutanabbi Street","Kermaire, Christine",9964,ZEmepwAACAAJ,https://books.google.com/books?id=ZEmepwAACAAJ
"Resonance and response : artists' books from Special Collections, Wellesley College Library, June 15-18, 2005","Hatch, Marilyn; Oller, Mariana |; Rogers, R. Reinstein (Ruth Reinstein)|; Collections.|, Wellesley College Library Special",13959,IapPAAAAMAAJ,https://books.google.com/books?id=IapPAAAAMAAJ
Retrospective,"Baldessari, John; Cesarco, Alejandro",12268,Gds2AQAAIAAJ,https://books.google.com/books?id=Gds2AQAAIAAJ
"Retórica erótica","Lukin, Liliana",9944,P5YxAAAACAAJ,https://books.google.com/books?id=P5YxAAAACAAJ
"Rex reason","Patterson, Simon",9303,fhHlAAAAMAAJ,https://books.google.com/books?id=fhHlAAAAMAAJ
"Richard Long : [an exhibition held at the] Scottish National Gallery of Modern Art, Edinburgh, July-August 1974.","Long, Richard; Art, Scottish National Gallery of Modern",16796,FjPbSAAACAAJ,https://books.google.com/books?id=FjPbSAAACAAJ
"Romances, emblems, enigmas","Finlay, Ian; Press, Wild Hawthorn",12632,vFIPAQAAIAAJ,https://books.google.com/books?id=vFIPAQAAIAAJ
Romanov,"Chodzko, Adam; (Organization)|, Book Works",14302,y5NPAAAAMAAJ,https://books.google.com/books?id=y5NPAAAAMAAJ
"Rondo : an artist book","Schapiro, Miriam",9838,4iiOkQEACAAJ,https://books.google.com/books?id=4iiOkQEACAAJ
"Rondo : an artist book","Schapiro, Miriam",9838,MEt1QgAACAAJ,https://books.google.com/books?id=MEt1QgAACAAJ
"Roodborst territorium: sculptuur 1969, april-juni. Robin Redbreast's territory; sculpture 1969. Domaine d'un rouge-gorge: sculpture 1969. Rotkehlchenterritorium: Skulptur 1969.","Dibbets, Jan",9845,zcxsNQAACAAJ,https://books.google.com/books?id=zcxsNQAACAAJ
"Room : O-MI Motel","Graham, Brandon; Columbia College (Chicago, Ill; Flat Publications (Chicago, Ill )|",12627,cJLDnQEACAAJ,https://books.google.com/books?id=cJLDnQEACAAJ
"Ross Bleckner : [page three].","Bleckner, Ross",12624,_QfiLQAACAAJ,https://books.google.com/books?id=_QfiLQAACAAJ
"Ross Bleckner : [page three].","Bleckner, Ross",12624,p9SZQgAACAAJ,https://books.google.com/books?id=p9SZQgAACAAJ
"Royal road test","Ruscha, Edward |; Williams, Mason; Blackwell, Patrick |",10251,6hiKNQAACAAJ,https://books.google.com/books?id=6hiKNQAACAAJ
"Royal road test","Ruscha, Edward; Williams, Mason; Blackwell, Patrick",10335,6hiKNQAACAAJ,https://books.google.com/books?id=6hiKNQAACAAJ
"Ruta 23","Hernández, Selva; Simancas, Rodrigo",12618,1nF3oAEACAAJ,https://books.google.com/books?id=1nF3oAEACAAJ
Saborami,"Vicuña, Cecilia",12616,ELMOywAACAAJ,https://books.google.com/books?id=ELMOywAACAAJ
"Saca la cabeza y respira","Jaramillo Quijano, Catalina",9640,Wih6QwAACAAJ,https://books.google.com/books?id=Wih6QwAACAAJ
"Sanctus sonorensis","Zimmermann, Philip; Space Heater Editions, |publisher",17288,EUIBRQAACAAJ,https://books.google.com/books?id=EUIBRQAACAAJ
"Sand in der Vaseline : Künstlerbücher II, 1980-2002","Applebroog, Ida; Hessisches Landesmuseum (Darmstadt, Germany); (Germany), Krefelder Kunstmuseen; Neues Museum (Nuremberg, Germany); Röder, Sabine",9871,4aVPAAAAMAAJ,https://books.google.com/books?id=4aVPAAAAMAAJ
"Saturday afternoons","Angebranndt, Susan; Williams, Harold",14805,wbfkGwAACAAJ,https://books.google.com/books?id=wbfkGwAACAAJ
"Scott Joplin, Maple leaf rag","Banks, Ellen",9735,yn1lXwAACAAJ,https://books.google.com/books?id=yn1lXwAACAAJ
Scratch,"Bravo, Kyle",12599,13q9HAAACAAJ,https://books.google.com/books?id=13q9HAAACAAJ
"Seasonal turns : four accordion books","Nettles, Bea",14399,I1auAAAACAAJ,https://books.google.com/books?id=I1auAAAACAAJ
"Seattle subtext","Berger, Paul",10081,SlN8QgAACAAJ,https://books.google.com/books?id=SlN8QgAACAAJ
"Seattle subtext","Berger, Paul",10081,WvxTAAAAMAAJ,https://books.google.com/books?id=WvxTAAAAMAAJ
"Seattle subtext","Berger, Paul",12596,SlN8QgAACAAJ,https://books.google.com/books?id=SlN8QgAACAAJ
"Seattle subtext","Berger, Paul",12596,WvxTAAAAMAAJ,https://books.google.com/books?id=WvxTAAAAMAAJ
"Sebevražda image","Zet, Martin",10035,McdjrgEACAAJ,https://books.google.com/books?id=McdjrgEACAAJ
"Secrets : variable piece 4","Huebler, Douglas",15910,cckQAQAAMAAJ,https://books.google.com/books?id=cckQAQAAMAAJ
See,"Resnick, Marcia",9895,3A45AQAAIAAJ,https://books.google.com/books?id=3A45AQAAIAAJ
"Self hipnosis","Katz, Leandro",14912,1gBwAAAAMAAJ,https://books.google.com/books?id=1gBwAAAAMAAJ
Sensations,"Rosenthal, Barbara",15146,cZfnPQAACAAJ,https://books.google.com/books?id=cZfnPQAACAAJ
"Seres acotados","López Rotella, Javier",9948,AMXzNwAACAAJ,https://books.google.com/books?id=AMXzNwAACAAJ
"Serie anomalías","Farr, Jonathan",9676,3TjYMAAACAAJ,https://books.google.com/books?id=3TjYMAAACAAJ
"Serie anomalías","Farr, Jonathan",9676,3jjYMAAACAAJ,https://books.google.com/books?id=3jjYMAAACAAJ
"Serie anomalías","Farr, Jonathan",9676,3zjYMAAACAAJ,https://books.google.com/books?id=3zjYMAAACAAJ
"Serif im","Hastings, Pattie",11206,4RZ3AAAACAAJ,https://books.google.com/books?id=4RZ3AAAACAAJ
"Service : a trilogy on colonization","Rosler, Martha",10333,XDOKQgAACAAJ,https://books.google.com/books?id=XDOKQgAACAAJ
"Seudónimos de la muerte 1973-1983","Millán, Gonzalo",16807,cjIyGwAACAAJ,https://books.google.com/books?id=cjIyGwAACAAJ
"Shadowed memory","Grant, Susan; Hill, Randall",16808,Z8xPAQAAIAAJ,https://books.google.com/books?id=Z8xPAQAAIAAJ
"Shedding light","Weston, Heather",14359,qsj0mAEACAAJ,https://books.google.com/books?id=qsj0mAEACAAJ
"Sheherezade : a flip book","Zweig, Janet; Anderson, Holly |",10107,z75PAQAAIAAJ,https://books.google.com/books?id=z75PAQAAIAAJ
"Sheherezade : a flip book","Zweig, Janet; Anderson, Holly",12574,z75PAQAAIAAJ,https://books.google.com/books?id=z75PAQAAIAAJ
"Ship wreck : the Peter Iredale","Timm, Jill",16809,ZPs8GQAACAAJ,https://books.google.com/books?id=ZPs8GQAACAAJ
"Shirana Shahbazi : monstera","Krebs, Manuel; Shahbazi, Shirana; Bern, Kunsthalle",12970,T0i3rQEACAAJ,https://books.google.com/books?id=T0i3rQEACAAJ
"Short stories","Rauschenberg, Robert",16810,7ryWnAEACAAJ,https://books.google.com/books?id=7ryWnAEACAAJ
"Short stories","Rauschenberg, Robert",16810,vRhQAQAAIAAJ,https://books.google.com/books?id=vRhQAQAAIAAJ
"Shu : reinventing books in contemporary Chinese Art","Wu Hung, 1945-; Barrett, J. May Lee (Jung May Lee)|; Gallery.|, China Institute; Wang, Peggy |",15399,gUJJAQAAIAAJ,https://books.google.com/books?id=gUJJAQAAIAAJ
"Si fueras--","Lóbez, Ana",9951,4EhtNwAACAAJ,https://books.google.com/books?id=4EhtNwAACAAJ
"Siempre te amaré","Magallanes, Alejandro; Sheridan, Guillermo |",9936,ThHyoAEACAAJ,https://books.google.com/books?id=ThHyoAEACAAJ
"Siesta argentina","Zuviría, Facundo; Fragasso, Lucas |",9800,7f63AAAACAAJ,https://books.google.com/books?id=7f63AAAACAAJ
"Silent histories","Obara, Kazuma",17292,3U3UjgEACAAJ,https://books.google.com/books?id=3U3UjgEACAAJ
"Site readings","George, Anne; Workshop, Women's Studio",13424,rM2fGAAACAAJ,https://books.google.com/books?id=rM2fGAAACAAJ
"Six arcs","Mangold, Robert",9567,J_-tAAAACAAJ,https://books.google.com/books?id=J_-tAAAACAAJ
"Six wall drawings : arcs with straight lines, non-straight lines and broken lines","LeWitt, Sol",16814,1da3GAAACAAJ,https://books.google.com/books?id=1da3GAAACAAJ
"Skyline Ridge","Fulton, Hamish",10262,YgEgPwAACAAJ,https://books.google.com/books?id=YgEgPwAACAAJ
"So you want to be a panzer leader","Finlay, Ian",10263,JcfrAAAACAAJ,https://books.google.com/books?id=JcfrAAAACAAJ
"Sol LeWitt : artist's books","LeWitt, Sol; De Donno, Emanuele |; Maffei, Giorgio |; musica.|, Museo internazionale e biblioteca della; moderna.|, Spoleto (Italy) Galleria civica d'arte",14825,gpVJAQAAIAAJ,https://books.google.com/books?id=gpVJAQAAIAAJ
"Sol y carne","Lassmann Klee, Erich; Moreno, Fernando; Gamboa, Greta; Silva, Edgar; Ximena, Tania",12997,a8B3XwAACAAJ,https://books.google.com/books?id=a8B3XwAACAAJ
"Solo quiero que me salven las palabras : antología, 1985-2010 / Pilar González España.","Cartonera (Firm : Cuernavaca, Mexico)|; González España, Pilar",9658,zFn2oAEACAAJ,https://books.google.com/books?id=zFn2oAEACAAJ
"Sombras rojas.","Workshop.|, Visual Studies; Deschamps, F; O, Mr |",10302,UcxPAQAAIAAJ,https://books.google.com/books?id=UcxPAQAAIAAJ
"Sombras rojas.","O, Mr; Workshop, Visual Studies; Deschamps, F",12996,UcxPAQAAIAAJ,https://books.google.com/books?id=UcxPAQAAIAAJ
"Some (m)other stories, a parent(hetic)al tale","Flax, Carol; Workshop, Visual Studies; Photography, Southeast Museum of",15352,M4xJAQAAIAAJ,https://books.google.com/books?id=M4xJAQAAIAAJ
"Some Los Angeles apartments","Ruscha, Edward",10329,lslmQgAACAAJ,https://books.google.com/books?id=lslmQgAACAAJ
"Some stories of sainthood and propagation","Schwimmer, Sandra; Workshop, Women's Studio",12992,Nds4GQAACAAJ,https://books.google.com/books?id=Nds4GQAACAAJ
"Soul & psyche","Rosenthal, Barbara",12985,fZriPQAACAAJ,https://books.google.com/books?id=fZriPQAACAAJ
"Source code","Henner, Mishka; Goldsmith, Kenneth |",9751,4nQYogEACAAJ,https://books.google.com/books?id=4nQYogEACAAJ
"South America, 1972.","Long, Richard",16536,NAgQmwEACAAJ,https://books.google.com/books?id=NAgQmwEACAAJ
"Soñar tu insomnio: (Caja de costura)","Téllez Tejeda, Luis",9821,Y2ujngEACAAJ,https://books.google.com/books?id=Y2ujngEACAAJ
"Space time","Leslie, Ken",16816,ZVOBAAAACAAJ,https://books.google.com/books?id=ZVOBAAAACAAJ
Spam,"Bromo, Pablo",9715,__h6ngEACAAJ,https://books.google.com/books?id=__h6ngEACAAJ
"Speaking of book art : interviews with British and American book artists","Courtney, Cathy",14242,dqJPAAAAMAAJ,https://books.google.com/books?id=dqJPAAAAMAAJ
"Speaking of scars","Eng, Teresa",9678,P6YDngEACAAJ,https://books.google.com/books?id=P6YDngEACAAJ
"Stand & deliver : engineering sculpture into a book format.","Brookfield Craft Center.|; Hutchins, Ed |; Society.|, Movable Book; Sadler, Julie |",9825,FjqZZwEACAAJ,https://books.google.com/books?id=FjqZZwEACAAJ
Stereo,"Rath, Alan",9896,bUdTAAAAMAAJ,https://books.google.com/books?id=bUdTAAAAMAAJ
Stereobook,"Dean, Paul; (Firm), Paper Shrine",16823,knP1tgAACAAJ,https://books.google.com/books?id=knP1tgAACAAJ
"Store days: documents from the store, 1961, and Ray Gun Theater, 1962","Williams, Emmett; Oldenburg, Claes",16824,v97pAAAAMAAJ,https://books.google.com/books?id=v97pAAAAMAAJ
Stranger,"Cox, Joy; Camus, Albert",16825,eP-CrgEACAAJ,https://books.google.com/books?id=eP-CrgEACAAJ
Stripsody.,"Carmi, Eugenio; Berberian, Cathy |",10023,MWYwAQAAIAAJ,https://books.google.com/books?id=MWYwAQAAIAAJ
"Structure of the visual book","Smith, Keith",9853,ESRUAAAAMAAJ,https://books.google.com/books?id=ESRUAAAAMAAJ
"Structure of the visual book: Book Number 95","Smith, Keith",17064,ESRUAAAAMAAJ,https://books.google.com/books?id=ESRUAAAAMAAJ
"Studio Visit","Geary, Linda",9662,UW07ngEACAAJ,https://books.google.com/books?id=UW07ngEACAAJ
"Studio visit","Prince, Richard; Kaspar, Tobias",9919,8KaEQgAACAAJ,https://books.google.com/books?id=8KaEQgAACAAJ
"Stupa : construit et non construit = Stupa : built and unbuilt","Purdy, Richard; (Gallery)|, Oboro; Tougas, Colette |",9898,AaRPAAAAMAAJ,https://books.google.com/books?id=AaRPAAAAMAAJ
"Subliminal messages","Bunn, David",9711,bINrQgAACAAJ,https://books.google.com/books?id=bINrQgAACAAJ
"Sudáfrica.","Cartonerita niñabonita.|",9822,DCtIMwEACAAJ,https://books.google.com/books?id=DCtIMwEACAAJ
"Suite vénitienne","Calle, Sophie; Baudrillard, Jean",14779,V4ovAQAAIAAJ,https://books.google.com/books?id=V4ovAQAAIAAJ
"Suite vénitienne","Calle, Sophie; Penwarden, Charles; Barash, Dany; Hatfield, Danny",17337,0vy6rQEACAAJ,https://books.google.com/books?id=0vy6rQEACAAJ
"Sunrise & sunset at Praiano","LeWitt, Sol",10913,3xQ5AQAAIAAJ,https://books.google.com/books?id=3xQ5AQAAIAAJ
"Surf book #3 : a visual poem","Hockensmith, Josh",9650,SvyRoAEACAAJ,https://books.google.com/books?id=SvyRoAEACAAJ
"Sustraietatik, Desde las raices","Lamikiz, Olatz",13857,iE1qjwEACAAJ,https://books.google.com/books?id=iE1qjwEACAAJ
"Sweet junk","Rubini, Gail",9877,fXAUAgAACAAJ,https://books.google.com/books?id=fXAUAgAACAAJ
Sweethearts,"Michener, Diana",9924,464xOAAACAAJ,https://books.google.com/books?id=464xOAAACAAJ
"Síndrome de Diógenes","Lázaro, Raúl",9959,Wr-FXwAACAAJ,https://books.google.com/books?id=Wr-FXwAACAAJ
"Tabe collection. Volume one.","Taylor, Rio Aubry",17338,3m5snQEACAAJ,https://books.google.com/books?id=3m5snQEACAAJ
"Tahitian Eve","Resnick, Marcia",16683,kMVQAQAAIAAJ,https://books.google.com/books?id=kMVQAQAAIAAJ
"Take care of yourself","Calle, Sophie",9707,FkfrAAAAMAAJ,https://books.google.com/books?id=FkfrAAAAMAAJ
"Talismans and signifiers with sphere into cube","Grasby, Richard; Sloan, Nicholas; Finlay, Ian",16686,HtChOgAACAAJ,https://books.google.com/books?id=HtChOgAACAAJ
"Talking to myself : the ongoing autobiography of an art object = Entretien avec moi-meme : l'autobiographie évolutive d'un objet d'art","Piper, Adrian",16688,srFIAQAAIAAJ,https://books.google.com/books?id=srFIAQAAIAAJ
"Tap tap",Roxi,16692,8_lIygAACAAJ,https://books.google.com/books?id=8_lIygAACAAJ
"Tardes buenas tenga usted...",,14216,NuOejwEACAAJ,https://books.google.com/books?id=NuOejwEACAAJ
"Tardes buenas tenga usted...",,14217,NuOejwEACAAJ,https://books.google.com/books?id=NuOejwEACAAJ
"Tardes buenas tenga usted...",,14218,NuOejwEACAAJ,https://books.google.com/books?id=NuOejwEACAAJ
"Tarot del tiempo","Alatriste T., Janitzio",9840,m4g-YAAACAAJ,https://books.google.com/books?id=m4g-YAAACAAJ
"Tea, c, d&c : cycles interrupted","Wilson, Amy",16695,H_TbOwAACAAJ,https://books.google.com/books?id=H_TbOwAACAAJ
"Team Evil ; High Anxiety.","Faust, Dikko; Fick, Bill",16696,jgorcgAACAAJ,https://books.google.com/books?id=jgorcgAACAAJ
"Telegrafías","Bustelo, Mariana; Franzetti, Silvana",16698,sxFCAAAACAAJ,https://books.google.com/books?id=sxFCAAAACAAJ
"Ten isometric drawings for ten vertical constructions","Sandback, Fred",15907,zd7VAAAACAAJ,https://books.google.com/books?id=zd7VAAAACAAJ
"Tender tearful spaces","Horvitz, Suzanne",16701,K6YiPQAACAAJ,https://books.google.com/books?id=K6YiPQAACAAJ
"Text in the book format : book number 120","Smith, Keith; Davis, Dale |",17073,q1RoQgAACAAJ,https://books.google.com/books?id=q1RoQgAACAAJ
"The 24 hour self portrait","Bravo, Kyle",16739,5Q-oHAAACAAJ,https://books.google.com/books?id=5Q-oHAAACAAJ
"The Afronauts","De Middel, Cristina; Abril, Laia; Pez, Ramon",16745,uJynlwEACAAJ,https://books.google.com/books?id=uJynlwEACAAJ
"The Ann Scales postcards : March 14, 1973-March 14, 1975","Gabe, Joseph; Kenton, Mary Jean; Scales, Ann Chapman",16750,YMR2AAAACAAJ,https://books.google.com/books?id=YMR2AAAACAAJ
"The Art/Life Institute handbook","Montano, Linda",16755,vcO_PQAACAAJ,https://books.google.com/books?id=vcO_PQAACAAJ
"The Artist & the book, 1860-1960, in western Europe and the United States.","Harvard College Library. Department of Printing and Graphic Arts.|; Museum of Fine Arts, Boston |",9763,YHp-SwAACAAJ,https://books.google.com/books?id=YHp-SwAACAAJ
"The Book stripped bare the book stripped bare : a survey of books by 20th century artists and writers, September 17-October 21, 1973 : an exhibition of books from the Arthur Cohen and Elaine Lustig Cohen Collection, supplemented by the Howard L. and Muriel Weingrow Fine Arts Library of Hofstra University, the Emily Lowe Gallery and the Hofstra University Library, Hofstra University, Hempstead, Long Island, N.Y.","Bloch, Susi; Cohen, Arthur A. (Arthur Allen); Cohen, Elaine Lustig; Gallery, Emily Lowe",9859,oEy7AAAAIAAJ,https://books.google.com/books?id=oEy7AAAAIAAJ
"The Fae Richards photo archive","Leonard, Zoe; Dunye, Cheryl",13653,JcPKPQAACAAJ,https://books.google.com/books?id=JcPKPQAACAAJ
"The Green of this notebook","Divola, John",13369,OQetPgAACAAJ,https://books.google.com/books?id=OQetPgAACAAJ
"The Pigs : Portugal, Italy, Greece and Spain through the eyes of the economists = Portugal, Italia, Grecia y España vistas por los economistas","Spottorno, Carlos",9826,BQeGoAEACAAJ,https://books.google.com/books?id=BQeGoAEACAAJ
"The Pigs : Portugal, Italy, Greece and Spain through the eyes of the economists = Portugal, Italia, Grecia y España vistas por los economistas","Spottorno, Carlos",9826,ToZ0ngEACAAJ,https://books.google.com/books?id=ToZ0ngEACAAJ
"The Pigs : Portugal, Italy, Greece and Spain through the eyes of the economists = Portugal, Italia, Grecia y España vistas por los economistas","Spottorno, Carlos",12201,BQeGoAEACAAJ,https://books.google.com/books?id=BQeGoAEACAAJ
"The Pigs : Portugal, Italy, Greece and Spain through the eyes of the economists = Portugal, Italia, Grecia y España vistas por los economistas","Spottorno, Carlos",12201,ToZ0ngEACAAJ,https://books.google.com/books?id=ToZ0ngEACAAJ
"The Sundown Salon unfolding archive : a project","Haeg, Fritz",9655,IX6TJgAACAAJ,https://books.google.com/books?id=IX6TJgAACAAJ
"The Tower of the Winds","Gotthold, Peggy; Van Velzer, Lawrence",15096,mjZ9AAAACAAJ,https://books.google.com/books?id=mjZ9AAAACAAJ
"The Weimar file","Muniz, Vik",9910,McQSnwEACAAJ,https://books.google.com/books?id=McQSnwEACAAJ
"The address book","Calle, Sophie; Baggio, Pauline",16744,tr0nLgEACAAJ,https://books.google.com/books?id=tr0nLgEACAAJ
"The adventures of Mr. and Mrs. Jim and Ron","Dine, Jim; Padgett, Ron",9907,ueGJAQAACAAJ,https://books.google.com/books?id=ueGJAQAACAAJ
"The anatomy of business","Porter, Louis",9902,0zg2mAEACAAJ,https://books.google.com/books?id=0zg2mAEACAAJ
"The artist book","Prouvost, Laure",9899,e_BhmwEACAAJ,https://books.google.com/books?id=e_BhmwEACAAJ
"The bald soprano : anti-play, followed by an unpublished scene","Ionesco, Eugène; Allen, Donald; Cohen, Henry |; Massin.|",10157,-iOTAAAAIAAJ,https://books.google.com/books?id=-iOTAAAAIAAJ
"The big book","Knowles, Alison; Higgins, Dick; (Archive)|, Franklin Furnace; Press.|, Something Else",9759,ufOgngEACAAJ,https://books.google.com/books?id=ufOgngEACAAJ
"The blazing fireplace of guardianship","Moulton, Shana; Copeland, James",9253,FBeStgAACAAJ,https://books.google.com/books?id=FBeStgAACAAJ
"The book as art : artists' books from the National Museum of Women in the arts","Drucker, Johanna; Wasserman, Krystyna; Niffenegger, Audrey",9864,s0rKPFYabK8C,https://books.google.com/books?id=s0rKPFYabK8C
"The book made art : a selection of contemporary artists' books, exhibited in the Joseph Regenstein Library, the University of Chicago, February through April 1986","Abt, Jeffrey; Library, University of Chicago",9856,VYhJAQAAIAAJ,https://books.google.com/books?id=VYhJAQAAIAAJ
"The book of stamps","Kastner, Jeffrey; Najafi, Sina",16766,Cr78PQAACAAJ,https://books.google.com/books?id=Cr78PQAACAAJ
"The book on books on artists books","Desjardin, Arnaud",9870,YHLLnQEACAAJ,https://books.google.com/books?id=YHLLnQEACAAJ
"The books of Anselm Kiefer, 1969-1990","Kiefer, Anselm; Adriani, Götz",9963,i8iNQgAACAAJ,https://books.google.com/books?id=i8iNQgAACAAJ
"The books of Anselm Kiefer, 1969-1990","Kiefer, Anselm; Adriani, Götz",9963,zDc4AQAAIAAJ,https://books.google.com/books?id=zDc4AQAAIAAJ
"The bowl and the book","Steinsberger, Kathy",9246,34hyMwEACAAJ,https://books.google.com/books?id=34hyMwEACAAJ
"The canaries","Jensen, Thilde",9973,R1axngEACAAJ,https://books.google.com/books?id=R1axngEACAAJ
"The case for the burial of ancestors","Zelevansky, Paul",10153,C9I2AQAAIAAJ,https://books.google.com/books?id=C9I2AQAAIAAJ
"The case for the burial of ancestors","Zelevansky, Paul",10153,U7t8QgAACAAJ,https://books.google.com/books?id=U7t8QgAACAAJ
"The case for the burial of ancestors","Zelevansky, Paul",10153,V5-CQgAACAAJ,https://books.google.com/books?id=V5-CQgAACAAJ
"The case for the burial of ancestors","Zelevansky, Paul",10153,wwpwQgAACAAJ,https://books.google.com/books?id=wwpwQgAACAAJ
"The case for the burial of ancestors, Book I","Zelevansky, Paul",14470,C9I2AQAAIAAJ,https://books.google.com/books?id=C9I2AQAAIAAJ
"The case for the burial of ancestors, Book I","Zelevansky, Paul",14470,U7t8QgAACAAJ,https://books.google.com/books?id=U7t8QgAACAAJ
"The case for the burial of ancestors, Book I","Zelevansky, Paul",14470,V5-CQgAACAAJ,https://books.google.com/books?id=V5-CQgAACAAJ
"The case for the burial of ancestors, Book I","Zelevansky, Paul",14470,wwpwQgAACAAJ,https://books.google.com/books?id=wwpwQgAACAAJ
"The century of artists' books","Drucker, Johanna; Granary Books (Firm), |publisher",9857,cLQQAQAAMAAJ,https://books.google.com/books?id=cLQQAQAAMAAJ
"The chance is higher","Marcopoulos, Ari; Sigler, Jeremy",9243,ayHBtgAACAAJ,https://books.google.com/books?id=ayHBtgAACAAJ
"The circular ruins","Eisenstadt, Eve; Bonner, Anthony; Borges, Jorge",16923,S6y2OgAACAAJ,https://books.google.com/books?id=S6y2OgAACAAJ
"The complex of all of these","Uhteg, Abigail",16926,duaoQQAACAAJ,https://books.google.com/books?id=duaoQQAACAAJ
"The contemporary picturesque","Kalmár, Stefan; Norman, Nils",16927,sQCAQgAACAAJ,https://books.google.com/books?id=sQCAQgAACAAJ
"The day of the rope","Hamilton, Kevin",15275,cqe8AAAACAAJ,https://books.google.com/books?id=cqe8AAAACAAJ
"The dry salvages","Benassi, Elisabetta",9727,Xxy6nAEACAAJ,https://books.google.com/books?id=Xxy6nAEACAAJ
"The exorcism of page thirteen","Burtner, Caryl",10130,1GqlAAAACAAJ,https://books.google.com/books?id=1GqlAAAACAAJ
"The exorcism of page thirteen","Burtner, Caryl",13655,1GqlAAAACAAJ,https://books.google.com/books?id=1GqlAAAACAAJ
"The fall","Stuart, Michelle; Watkins, Carleton E.",15126,kzYSPwAACAAJ,https://books.google.com/books?id=kzYSPwAACAAJ
"The far country","Arts.|, Borowsky Center for Publication; Galbraith, Carrie; Press.|, Ketone",9664,oFRZuAAACAAJ,https://books.google.com/books?id=oFRZuAAACAAJ
"The far country","Arts, Borowsky Center for Publication; Galbraith, Carrie",16934,oFRZuAAACAAJ,https://books.google.com/books?id=oFRZuAAACAAJ
"The font project","Turk, Gavin",16944,75k0AQAAIAAJ,https://books.google.com/books?id=75k0AQAAIAAJ
"The fourth day : destruction of birds","Smith, Kiki",16945,0tlXHAAACAAJ,https://books.google.com/books?id=0tlXHAAACAAJ
"The illustrated 6 from the top, or, You cannot have your cake and eat it too","Trantor, Carol",17340,WjecGwAACAAJ,https://books.google.com/books?id=WjecGwAACAAJ
"The index","Bryant, Sarah",11731,YaFWHwAACAAJ,https://books.google.com/books?id=YaFWHwAACAAJ
"The jet age compendium : Paolozzi at Ambit : [1967-1980].","Paolozzi, Eduardo; Brittain, David",9972,tiZYPgAACAAJ,https://books.google.com/books?id=tiZYPgAACAAJ
"The jumblies","Negrin, Fabian; Amato, Silvana; Liguori, Angela; Passerini, Lucio; Lear, Edward",16360,jcMWPwAACAAJ,https://books.google.com/books?id=jcMWPwAACAAJ
"The king of things = El rey de las cosas","Rodríguez, Artemio; Rufino, Mario |; Self-Help Graphics and Art, Inc |",9887,zTbOtgAACAAJ,https://books.google.com/books?id=zTbOtgAACAAJ
"The king of things = El rey de las cosas","Rodríguez, Artemio; Rufino, Mario",17365,zTbOtgAACAAJ,https://books.google.com/books?id=zTbOtgAACAAJ
"The land, the man, the machine","Buechler, Heather",10052,WgHEoQEACAAJ,https://books.google.com/books?id=WgHEoQEACAAJ
"The location of straight, not-straight & broken lines and all their combinations.","LeWitt, Sol",16363,qmE1NAAACAAJ,https://books.google.com/books?id=qmE1NAAACAAJ
"The maker's hand : twenty books","Campbell, Ken; Reed, Marcia; Congress)|, Artists' Books Collection (Library of",15532,AZ1YNwAACAAJ,https://books.google.com/books?id=AZ1YNwAACAAJ
"The maker's hand : twenty books","Campbell, Ken; Reed, Marcia; Congress)|, Artists' Books Collection (Library of",15532,Kk-pJwAACAAJ,https://books.google.com/books?id=Kk-pJwAACAAJ
"The managerial guide to beating workers into submission","Bravo, Kyle",9716,zzsrtwAACAAJ,https://books.google.com/books?id=zzsrtwAACAAJ
"The mission","Fraser, Gray",9666,BtAeAAAACAAJ,https://books.google.com/books?id=BtAeAAAACAAJ
"The myth of the airborne warrior","MacDonald, Gordon; Griffiths, Stuart",16370,2LGWpwAACAAJ,https://books.google.com/books?id=2LGWpwAACAAJ
"The nameless dead","Meador, Clifton",9931,n5jFPwAACAAJ,https://books.google.com/books?id=n5jFPwAACAAJ
"The new society for universal harmony","Malen, Lenore",9941,MatPAAAAMAAJ,https://books.google.com/books?id=MatPAAAAMAAJ
"The other rooms","Ono, Yōko",15172,qJZJAQAAIAAJ,https://books.google.com/books?id=qJZJAQAAIAAJ
"The people's portraits of Bush.","Columbia College (Chicago, Ill ) Center for Book & Paper Arts |; Matott, Drew",16373,nLoYywAACAAJ,https://books.google.com/books?id=nLoYywAACAAJ
"The philosophy of Andy Warhol : from A to B and back again.","Warhol, Andy",9610,QhbrAAAAMAAJ,https://books.google.com/books?id=QhbrAAAAMAAJ
"The philosophy of Andy Warhol : from A to B and back again.","Warhol, Andy",9610,Rm6bwozwRaMC,https://books.google.com/books?id=Rm6bwozwRaMC
"The photobook : a history","Parr, Martin; Badger, Gerry |",9782,IZcCnwEACAAJ,https://books.google.com/books?id=IZcCnwEACAAJ
"The photobook : a history","Parr, Martin; Badger, Gerry |",9782,zX2pngEACAAJ,https://books.google.com/books?id=zX2pngEACAAJ
"The plan","Schmelling, Michael",12199,B5cCPgAACAAJ,https://books.google.com/books?id=B5cCPgAACAAJ
"The position of the author","Spector, Buzz; Gardner, Colin",12959,x5dJAQAAIAAJ,https://books.google.com/books?id=x5dJAQAAIAAJ
"The practical speller : a manual of instruction in the rudiments of the English language","Dancy, Deborah; Lyons, Joan",9317,QbpkuAAACAAJ,https://books.google.com/books?id=QbpkuAAACAAJ
"The prairies","Hachenski, Dawn; Bryant, William Cullen",13423,AjYEMwAACAAJ,https://books.google.com/books?id=AjYEMwAACAAJ
"The purification of fagus sylvatica var pendula","Lincoln, Paul; Press, Coracle; (Firm), Granary Books",13416,U5NPAAAAMAAJ,https://books.google.com/books?id=U5NPAAAAMAAJ
"The queen of wands","King, Susan",11362,bpeGSAAACAAJ,https://books.google.com/books?id=bpeGSAAACAAJ
"The secret","Moore, Claire",10049,PdEUHQAACAAJ,https://books.google.com/books?id=PdEUHQAACAAJ
"The secret","Moore, Claire",10061,PdEUHQAACAAJ,https://books.google.com/books?id=PdEUHQAACAAJ
"The silver lining.","Hollenbach, Misha",9648,JtsiygAACAAJ,https://books.google.com/books?id=JtsiygAACAAJ
"The skirted garden : 20 years of images","Nettles, Bea",12190,HN1TAAAAMAAJ,https://books.google.com/books?id=HN1TAAAAMAAJ
"The square","Aly, Islam",17291,kLcMswEACAAJ,https://books.google.com/books?id=kLcMswEACAAJ
"The stars","Weinberger, Eliot; Celmins, Vija",12187,PvH7DPR_6_EC,https://books.google.com/books?id=PvH7DPR_6_EC
"The story of o.","Spiekermann, Erik; Gupta, Malini",12184,6xzvPgAACAAJ,https://books.google.com/books?id=6xzvPgAACAAJ
"The sun shone glaringly","Lower, Seth",9945,X8mdngEACAAJ,https://books.google.com/books?id=X8mdngEACAAJ
"The terrorist's handbook","Schulz, David",12180,Mk3LygAACAAJ,https://books.google.com/books?id=Mk3LygAACAAJ
"The theater of nature, or, Curiosity filled the cabinet","Lorenz, Angela",9946,LqXVAAAACAAJ,https://books.google.com/books?id=LqXVAAAACAAJ
"The tonalities of grief : Kirov's notes for his fall 2008 lectures on stoicism","Herlocker, Annie; Neely, Betsy; Schenck, David",12178,bMgskgAACAAJ,https://books.google.com/books?id=bMgskgAACAAJ
"The tornado treaty","Geiser, Janie",9661,dlr3AAAACAAJ,https://books.google.com/books?id=dlr3AAAACAAJ
"The uncarved block : ten short walks in the Himalayas, 1975-2009","Fulton, Hamish",12176,fwnPSAAACAAJ,https://books.google.com/books?id=fwnPSAAACAAJ
"The way we live now","Sontag, Susan; Hodgkin, Howard",14830,hEOIQgAACAAJ,https://books.google.com/books?id=hEOIQgAACAAJ
"The weight of the body","Reed, Michal",12569,ixKPMgAACAAJ,https://books.google.com/books?id=ixKPMgAACAAJ
"The word made flesh","Drucker, Johanna",11078,8lgmnQEACAAJ,https://books.google.com/books?id=8lgmnQEACAAJ
"The words will have been typed simply because typing words is what I do.","Hompson, Davi",12567,tn1XXwAACAAJ,https://books.google.com/books?id=tn1XXwAACAAJ
"Then what? : photographs and folklore","Gallery, CEPA; Weems, Carrie",13422,MBRWAAAACAAJ,https://books.google.com/books?id=MBRWAAAACAAJ
"There's no place like time : a retrospective","Olsen, Andi; Olsen, Lance",17300,yYUWswEACAAJ,https://books.google.com/books?id=yYUWswEACAAJ
"Things don't always fall into place","Zweig, Janet",9624,bc-EMAEACAAJ,https://books.google.com/books?id=bc-EMAEACAAJ
"Things don't always fall into place","Zweig, Janet",12559,bc-EMAEACAAJ,https://books.google.com/books?id=bc-EMAEACAAJ
"Thirteen stories : April 1972","Rachel, Vaughan",12556,kN19NwAACAAJ,https://books.google.com/books?id=kN19NwAACAAJ
"Thirty five years/one week","Underhill, Linn",12555,h05RAAAAMAAJ,https://books.google.com/books?id=h05RAAAAMAAJ
"Thirty four parking lots in Los Angeles.","Ruscha, Edward",10323,RZV-lgEACAAJ,https://books.google.com/books?id=RZV-lgEACAAJ
"This is not America either","Czeizel, Balázs; Montage 93: International Festival of the Image (1993 : Rochester, N. Y. )",12552,Rtc2AQAAIAAJ,https://books.google.com/books?id=Rtc2AQAAIAAJ
"This tends to happen.","Maryatt, Kitty; Press, Scripps College; Söhne, Papierfabrik Zerkall Renker &",16141,pyJ4HAAACAAJ,https://books.google.com/books?id=pyJ4HAAACAAJ
"Thorn upon the rose : notes from Ireland","Lide, Elizabeth; Kayhart, Paul",12550,eMfYXwAACAAJ,https://books.google.com/books?id=eMfYXwAACAAJ
"Three sundials.","Finlay, Ian",10271,Gv6zGQAACAAJ,https://books.google.com/books?id=Gv6zGQAACAAJ
"Three valleys : the valleys of Silicon, San Joaquin, and Death, February 12-26","Zellar, Brad; Soth, Alec; (Firm), Little Brown Mushroom",12548,yTrdngEACAAJ,https://books.google.com/books?id=yTrdngEACAAJ
"Time i$","(Firm)|, Peter & Donna Thomas; Thomas, Donna (Donna Sue)|",12541,cX8qHAAACAAJ,https://books.google.com/books?id=cX8qHAAACAAJ
"Time outs","Holt, Nancy",9110,FNg2AQAAIAAJ,https://books.google.com/books?id=FNg2AQAAIAAJ
"To a fragmented world-- a poetics = a un mundo fragmentado-- una poética","Cortils, Ana; Workshop, Visual Studies",12518,k-ktAQAAIAAJ,https://books.google.com/books?id=k-ktAQAAIAAJ
"To a friend going blind","Angebranndt, Susan; Graham, Jorie",14214,KjrCGAAACAAJ,https://books.google.com/books?id=KjrCGAAACAAJ
"To place. Haraldsdóttir. Part two","Horn, Roni",9646,exOLZwEACAAJ,https://books.google.com/books?id=exOLZwEACAAJ
"Todo es aluvión","Cartonera (Firm : Cuernavaca, Mexico)|; Rosas-Ribeyro, José",9880,lsRCmAEACAAJ,https://books.google.com/books?id=lsRCmAEACAAJ
"Todo lo que en silencio es lenguaje","Vigía.|, Ediciones; Valdés, Frank David; Ivo, Lêdo; Álvarez Rodríguez, Maylan; Bofill Bahamonde, Karel",14241,--9GjwEACAAJ,https://books.google.com/books?id=--9GjwEACAAJ
"Todo lo que en silencio es lenguaje","Valdés, Frank David; Ivo, Lêdo; Álvarez Rodríguez, Maylan; Bofill Bahamonde, Karel",15107,--9GjwEACAAJ,https://books.google.com/books?id=--9GjwEACAAJ
"Tomorrow's man","Bywater, Roger; Pierson, Jack; Gallery, Presentation House",12516,9L_YoAEACAAJ,https://books.google.com/books?id=9L_YoAEACAAJ
"Tomorrow's man 2","Bywater, Roger; Pierson, Jack; Behenna, Veralyn",12515,RJDgrQEACAAJ,https://books.google.com/books?id=RJDgrQEACAAJ
"Tomorrow's man 3","Pierson, Jack",14239,IBhDjwEACAAJ,https://books.google.com/books?id=IBhDjwEACAAJ
"Top secret art : catalogue #25 tank","Bakhchani͡an, Vagrich; Foundation, Cremona",12512,5ZLRGwAACAAJ,https://books.google.com/books?id=5ZLRGwAACAAJ
"Torn photograph from the second stop (rubble) : second mountain of 6 stops on a section","Smithson, Robert",9998,aF_PtgAACAAJ,https://books.google.com/books?id=aF_PtgAACAAJ
Totems,"Koch, Lewis",13094,dv_qAAAACAAJ,https://books.google.com/books?id=dv_qAAAACAAJ
Totems,"Koch, Lewis",13094,h5XnAQAACAAJ,https://books.google.com/books?id=h5XnAQAACAAJ
Totems,"Koch, Lewis",13094,nb4-AAAACAAJ,https://books.google.com/books?id=nb4-AAAACAAJ
"Tourist / refugee.","Meador, Clifton; (U.S.)|, College Art Association",9930,oohIPwAACAAJ,https://books.google.com/books?id=oohIPwAACAAJ
"Tr3s más cu4tro","Alonso, Isabel; Giordano, Pablo; Lorente, Patricia |; Martínez Moreno, Raúl; Cartoneras.|, Meninas; Mosquera, Alba Doris; Poli, Federico; Ramírez M., Silvia; Siles, Juan Ignacio",9817,PQyhoAEACAAJ,https://books.google.com/books?id=PQyhoAEACAAJ
"Transformations I, 1973-74","Lanyon, Ellen; Printed Matter, Inc |",10110,Gx9-AAAACAAJ,https://books.google.com/books?id=Gx9-AAAACAAJ
"Transformations I, 1973-74","Lanyon, Ellen; Printed Matter, Inc",14890,Gx9-AAAACAAJ,https://books.google.com/books?id=Gx9-AAAACAAJ
Transgression,"Oates, Leah",12503,kSwKHAAACAAJ,https://books.google.com/books?id=kSwKHAAACAAJ
"Tratado del oxido : teoría de Bell y los relojes invertidos","Orozco, Francisco; Rostand, Jean",14235,NkUUjwEACAAJ,https://books.google.com/books?id=NkUUjwEACAAJ
"Trawling my North Shore mind","Owen, Sara",12501,YLzQHgAACAAJ,https://books.google.com/books?id=YLzQHgAACAAJ
"Treading the maze : an artist's book of daze","Workshop, Visual Studies; King, Susan",12500,SoX0PAAACAAJ,https://books.google.com/books?id=SoX0PAAACAAJ
"Tree of codes","Foer, Jonathan; Schulz, Bruno",9670,TARUkgAACAAJ,https://books.google.com/books?id=TARUkgAACAAJ
"Tres fotos, tres poemas","Larreta, Pablo; Cavallero, Juan",9756,AansoQEACAAJ,https://books.google.com/books?id=AansoQEACAAJ
"Tributo del mudo","La Sofía Cartonera, |publisher; Bellessi, Diana",9753,0jYNogEACAAJ,https://books.google.com/books?id=0jYNogEACAAJ
"True stories","Calle, Sophie",9706,_7VSnwEACAAJ,https://books.google.com/books?id=_7VSnwEACAAJ
"Trunk pieces : New York, 1975","Apple, Jacki",16085,gt62NwAACAAJ,https://books.google.com/books?id=gt62NwAACAAJ
"Tránsito al fin = Passage to the end","Valero, Elizabeth; Ediciones Vigía, |publisher; Anguita, Eduardo",9747,BBX1oAEACAAJ,https://books.google.com/books?id=BBX1oAEACAAJ
Tulips,"Patterson, Pat",12493,QJozAwEACAAJ,https://books.google.com/books?id=QJozAwEACAAJ
"Turbulence : a log book","Drescher, Henrik",9682,n-nRKPg-MhgC,https://books.google.com/books?id=n-nRKPg-MhgC
"Turn over darling--","King, Ronald; Press, Circle",9786,qAGcGAAACAAJ,https://books.google.com/books?id=qAGcGAAACAAJ
"Turn over darling--","King, Ron; Press.|, Circle",10095,qAGcGAAACAAJ,https://books.google.com/books?id=qAGcGAAACAAJ
"Turning fifty","Nettles, Bea",12491,x8EWAAAACAAJ,https://books.google.com/books?id=x8EWAAAACAAJ
"Turning leaves of mind","Ligorano, Nora; Reese, Marshall; Lansing, Gerrit",12490,_KFPAAAAMAAJ,https://books.google.com/books?id=_KFPAAAAMAAJ
"Twelve drawings : hand stamped","Jacks, Robert",9643,0IhotwAACAAJ,https://books.google.com/books?id=0IhotwAACAAJ
"Twenty-five years ago","Lyons, Joan",12486,X1xXPAAACAAJ,https://books.google.com/books?id=X1xXPAAACAAJ
"Twentysix gasoline stations","Pichler, Michalis; Ruscha, Edward",15526,WHEAtwAACAAJ,https://books.google.com/books?id=WHEAtwAACAAJ
"Twentysix gasoline stations","Pichler, Michalis; Ruscha, Edward",15526,_wxUygAACAAJ,https://books.google.com/books?id=_wxUygAACAAJ
"Twentysix gasoline stations.","Ruscha, Edward",10225,GaQQAQAAMAAJ,https://books.google.com/books?id=GaQQAQAAMAAJ
"Twentysix gasoline stations.","Ruscha, Edward",12484,GaQQAQAAMAAJ,https://books.google.com/books?id=GaQQAQAAMAAJ
"Two hundred books by Keith Smith : book number 200, an anecdotal bibliography","Smith, Keith",9852,topiQgAACAAJ,https://books.google.com/books?id=topiQgAACAAJ
"Two hundred books by Keith Smith : book number 200, an anecdotal bibliography","Smith, Keith",11760,topiQgAACAAJ,https://books.google.com/books?id=topiQgAACAAJ
"Two pieces.","Barry, Robert",11757,9PdmRAAACAAJ,https://books.google.com/books?id=9PdmRAAACAAJ
"Typo bilder buch : von Hand gesetzt und auf der Handabziehpress gedruckt","Hänni, Romano",9653,FOO8kQEACAAJ,https://books.google.com/books?id=FOO8kQEACAAJ
"Umbanda Jackson","Lozupone, María Delia; Cartonera, Eloísa; Ra, NaK",12475,z6pwHQAACAAJ,https://books.google.com/books?id=z6pwHQAACAAJ
"Un cuento de hadas","Marrero, Norberto",9935,l_qTMwEACAAJ,https://books.google.com/books?id=l_qTMwEACAAJ
"Un sueño del siglo pasado","Lopez, Ana",9950,tFgyHQAACAAJ,https://books.google.com/books?id=tFgyHQAACAAJ
"Underwood portátil modelo 1915","Bellatin, Mario",9729,W5-soAEACAAJ,https://books.google.com/books?id=W5-soAEACAAJ
"Une méthodologie de la nouvelle-écriture Africaine ""bété""","Bruly Bouabré, Frédéric",9713,WvIxAQAAIAAJ,https://books.google.com/books?id=WvIxAQAAIAAJ
Uniforms,"Hubby, Bettina; Cull, Dave (Writer on art)",9645,uADNngEACAAJ,https://books.google.com/books?id=uADNngEACAAJ
"Unmatched halves","Porges, M.",16067,iB81HQAACAAJ,https://books.google.com/books?id=iB81HQAACAAJ
"Unravelling the ripple","Douglas, Helen; Solnit, Rebecca",12463,sZRPAAAAMAAJ,https://books.google.com/books?id=sZRPAAAAMAAJ
Upstate,"Zellar, Brad; Soth, Alec",11323,soJSlAEACAAJ,https://books.google.com/books?id=soJSlAEACAAJ
"Ursula Schulz-Dornburg : some works","Schulz-Dornburg, Ursula; Scheppe, Wolfgang",10177,Ui0zngEACAAJ,https://books.google.com/books?id=Ui0zngEACAAJ
"Vaivén","Restrepo Rivas, Juan",9894,Q5O0YgEACAAJ,https://books.google.com/books?id=Q5O0YgEACAAJ
"Valentine for Mr. Wonderful","Frankenthaler, Helen",9667,XOp9QgAACAAJ,https://books.google.com/books?id=XOp9QgAACAAJ
"Various effects of coffee on the body","Sherman, Levi",10055,8JvnoQEACAAJ,https://books.google.com/books?id=8JvnoQEACAAJ
"Various fires : and four running boys","Ruscha, Edward; Galler, Thomas",11707,69HFZwEACAAJ,https://books.google.com/books?id=69HFZwEACAAJ
"Various small books : referencing various small books by Ed Ruscha","Ruscha, Edward |; Taylor, Phil; Rawlinson, Mark (Mark S. )|",9041,1iiLMAEACAAJ,https://books.google.com/books?id=1iiLMAEACAAJ
"Various small fires and milk","Ruscha, Edward",13682,mStKnQEACAAJ,https://books.google.com/books?id=mStKnQEACAAJ
"Various small fires and milk.","Ruscha, Edward",9784,mStKnQEACAAJ,https://books.google.com/books?id=mStKnQEACAAJ
"Various small fires and milk.","Ruscha, Edward",10228,mStKnQEACAAJ,https://books.google.com/books?id=mStKnQEACAAJ
Vele,"Zielony, Tobias; Ursula Blickle Stiftung, |host institution",10067,WPZioAEACAAJ,https://books.google.com/books?id=WPZioAEACAAJ
Velvet,"López, Ashauri",9949,8mDWoAEACAAJ,https://books.google.com/books?id=8mDWoAEACAAJ
"Verano 13","Alderete, Dr.",11705,rqlxmAEACAAJ,https://books.google.com/books?id=rqlxmAEACAAJ
"Verbal landscape/dinosaur sat down","Lyons, Nathan; Gallery.|, Albright-Knox Art; Gallery.|, CEPA",10136,XtKoAAAAIAAJ,https://books.google.com/books?id=XtKoAAAAIAAJ
"Verbal landscape/dinosaur sat down","Lyons, Nathan; Gallery, Albright-Knox Art; Gallery, CEPA",11704,XtKoAAAAIAAJ,https://books.google.com/books?id=XtKoAAAAIAAJ
"Versos sencillos, IX : (La niña de Guatemala)","Estévez Jordán, Rolando; Ponce, Agustina; Martí, José",16834,5ArcPAAACAAJ,https://books.google.com/books?id=5ArcPAAACAAJ
Versus,"Jiménez, David",17301,FWT3oQEACAAJ,https://books.google.com/books?id=FWT3oQEACAAJ
"Vida é um souvenir made in Hong Kong : livro de canções","Baleiro, Zeca; Mello, Roger; Goiás, Universidade Federal de",11700,uNq1uAAACAAJ,https://books.google.com/books?id=uNq1uAAACAAJ
"Vie impossible","Boltanski, Christian; Dessau, Anhaltische Gemäldegalerie",11699,4qxPAAAAMAAJ,https://books.google.com/books?id=4qxPAAAAMAAJ
Visitation,"Tillery, Val",11242,DuzNPAAACAAJ,https://books.google.com/books?id=DuzNPAAACAAJ
"Visual diary, 1/1/80-12/31/80","Bakhchani͡an, Vagrich; Dodge, Norton T.",17153,rb3XygAACAAJ,https://books.google.com/books?id=rb3XygAACAAJ
"Visual language","Kostelanetz, Richard",14512,t9WGAAAAIAAJ,https://books.google.com/books?id=t9WGAAAAIAAJ
"Visual language.","Kostelanetz, Richard",10097,t9WGAAAAIAAJ,https://books.google.com/books?id=t9WGAAAAIAAJ
"Visual poems","Helmes, Scott",9652,Z-OAnQEACAAJ,https://books.google.com/books?id=Z-OAnQEACAAJ
"Voir la mer","Calle, Sophie; Penwarden, Charles",11239,CijUnAEACAAJ,https://books.google.com/books?id=CijUnAEACAAJ
"Voir la mer","Calle, Sophie; Penwarden, Charles",11239,uIrOoAEACAAJ,https://books.google.com/books?id=uIrOoAEACAAJ
"Walden marginalia, or, The contents of a dozen shanties","Bird, Amelia",11235,BSpQMwEACAAJ,https://books.google.com/books?id=BSpQMwEACAAJ
Walking,"Struth, Thomas",10040,eKcNngEACAAJ,https://books.google.com/books?id=eKcNngEACAAJ
"Walking through : meditations on the ordinary","Hoyle, Ginny; Anderson, Judy",12854,H10IaAEACAAJ,https://books.google.com/books?id=H10IaAEACAAJ
"Wall drawings : seventeen squares of eight feet with sixteen lines and one arc","LeWitt, Sol",16865,shtRHAAACAAJ,https://books.google.com/books?id=shtRHAAACAAJ
"War cut","Richter, Gerhard",9891,_VyeMQEACAAJ,https://books.google.com/books?id=_VyeMQEACAAJ
"War cut","Richter, Gerhard",9891,kXUzLgEACAAJ,https://books.google.com/books?id=kXUzLgEACAAJ
"Warwick Mountain series : photographs","Perkis, Philip; Press, Nexus",9064,ht5TAAAAMAAJ,https://books.google.com/books?id=ht5TAAAAMAAJ
"Waste not/what not catalog : new paradigm products","Bowen, Gaza",11229,4A63SgAACAAJ,https://books.google.com/books?id=4A63SgAACAAJ
"We the people : proposal for Message Monument No. 1, a gift to the nation","Cutler-Shaw, Joyce",9835,uKpLHQAACAAJ,https://books.google.com/books?id=uKpLHQAACAAJ
Well-heeled,"Johanknecht, Susan; O'Callaghan, Julie",11186,pjFNOgAACAAJ,https://books.google.com/books?id=pjFNOgAACAAJ
"When I was two: Book Number 68","Smith, Keith",16900,90SKnQEACAAJ,https://books.google.com/books?id=90SKnQEACAAJ
"When we were ten : a photo/text story of a mother and her son","Gelles, Judy",11197,td3kPQAACAAJ,https://books.google.com/books?id=td3kPQAACAAJ
"When will the book be done? : Granary's books","Clay, Steven; (Firm)|, Granary Books",10059,4wZUAAAAMAAJ,https://books.google.com/books?id=4wZUAAAAMAAJ
"Wiederholung ist was ich liebe, nun also = Repeating is what I am loving, so then","Stein, Gertrude; Büssow, Anne; Green, Roger",12850,NgbUPgAACAAJ,https://books.google.com/books?id=NgbUPgAACAAJ
"Wild girls redux : an operator's manual","Knudson, Ellen",14618,wFNbQwAACAAJ,https://books.google.com/books?id=wFNbQwAACAAJ
"Wild pigeon","Drake, Carolyn; Yasin, Nurmuhemmet",17359,Sx4ZrgEACAAJ,https://books.google.com/books?id=Sx4ZrgEACAAJ
"Will happiness find me?","Fischli, Peter; Weiss, David",9672,mVB4QgAACAAJ,https://books.google.com/books?id=mVB4QgAACAAJ
"Winter elk","Timm, Jill",9072,5OQzGQAACAAJ,https://books.google.com/books?id=5OQzGQAACAAJ
"Winter white.","Timm, Jill; Press, Mystical Places",9073,J0WoHwAACAAJ,https://books.google.com/books?id=J0WoHwAACAAJ
Women,"Prince, Richard",15831,mcNPAAAAMAAJ,https://books.google.com/books?id=mcNPAAAAMAAJ
"Women of the book : Jewish artists, Jewish themes","Hoffberg, Judith; Libraries.|, Florida Atlantic University",16871,PnoVAQAAIAAJ,https://books.google.com/books?id=PnoVAQAAIAAJ
"Wonderwater (Alice Offshore)","Carson, Anne; Horn, Roni; Bourgeois, Louise; Cixous, Hélène; Waters, John",9089,-S4VoAEACAAJ,https://books.google.com/books?id=-S4VoAEACAAJ
"Wonderwater (Alice Offshore)","Carson, Anne; Horn, Roni; Bourgeois, Louise; Cixous, Hélène; Waters, John",9089,AEhTAAAAMAAJ,https://books.google.com/books?id=AEhTAAAAMAAJ
"Word rain; or, A discursive introduction to the intimate philosophical investigations of G,r,e,t,a, G,a,r,b,o, it says.","Gins, Madeline",10331,53NBAAAAIAAJ,https://books.google.com/books?id=53NBAAAAIAAJ
"Words of Chan K'in : Lacandon jungle","Chan K'in.; Taller Leñateros (San Cristóbal de Las Casas, Mexico)|",9970,B4dRHQAACAAJ,https://books.google.com/books?id=B4dRHQAACAAJ
"Workers Library","Kopystiansky, Svetlana; Biennale, Johannesburg",10368,n4xKAAAACAAJ,https://books.google.com/books?id=n4xKAAAACAAJ
"Working on my novel","Arcangel, Cory",9772,yLu6oAEACAAJ,https://books.google.com/books?id=yLu6oAEACAAJ
Worldwise,"Johnson, Linda; (U.S.)|, National Museum of Women in the Arts",13093,EViGPQAACAAJ,https://books.google.com/books?id=EViGPQAACAAJ
"Wrong size fits all : miracles and mishaps","Freeman, Brad",13112,-cHfXwAACAAJ,https://books.google.com/books?id=-cHfXwAACAAJ
"Wrongly bodied : documenting transition from female to male","Sligh, Clarissa",9833,kQGPQwAACAAJ,https://books.google.com/books?id=kQGPQwAACAAJ
"X : ""concurrent events""","Mouly, Françoise; Coe, Sue; Moore, Judith",13113,e9ewAAAAIAAJ,https://books.google.com/books?id=e9ewAAAAIAAJ
"Xochikuikatl : poesía","Cartonera, Ratona; Nezahualcóyotl, King",9079,zpG6oAEACAAJ,https://books.google.com/books?id=zpG6oAEACAAJ
"Yo, mi desconocida","Estévez Jordán, Rolando; Alonso, Digdora",10187,VokBjwEACAAJ,https://books.google.com/books?id=VokBjwEACAAJ
"Yonder woundeful bouy","Riordan, Kevin",11681,2346MwEACAAJ,https://books.google.com/books?id=2346MwEACAAJ
"You are what you see : a trilogy of books based on the library of Mary Hambidge","Lide, Elizabeth",11680,eKILAAAACAAJ,https://books.google.com/books?id=eKILAAAACAAJ
"You'll never be well no more","McCraw, Michael",12858,ncdwngEACAAJ,https://books.google.com/books?id=ncdwngEACAAJ
"Young masters and misses","Stokes, Telfer",11212,qZVPAAAAMAAJ,https://books.google.com/books?id=qZVPAAAAMAAJ
"Your land/my land : election '12","Horowitz, Jonathan",12857,y3TErQEACAAJ,https://books.google.com/books?id=y3TErQEACAAJ
"Zelda reflects.","Schaer, Miriam",9839,aURDywAACAAJ,https://books.google.com/books?id=aURDywAACAAJ
Ziggurats,"Greenhow, Henry",15285,jlmTGQAACAAJ,https://books.google.com/books?id=jlmTGQAACAAJ
"[Artist's book]","Columbia College (Chicago, Ill ) Center for Book & Paper Arts; Baraona, Isabel",9773,o8PBoQEACAAJ,https://books.google.com/books?id=o8PBoQEACAAJ
"[Di shu : cong dian dao dian].","Xu, Bing",10050,RqCaMwEACAAJ,https://books.google.com/books?id=RqCaMwEACAAJ
"[Di shu : cong dian dao dian].","Xu, Bing",10060,RqCaMwEACAAJ,https://books.google.com/books?id=RqCaMwEACAAJ
"[I love you].","Bravo, Kyle",9717,gX5zHAAACAAJ,https://books.google.com/books?id=gX5zHAAACAAJ
"[Square]²","Maryatt, Kitty; Söhne.|, Papierfabrik Zerkall Renker &",16819,Ym-DmQEACAAJ,https://books.google.com/books?id=Ym-DmQEACAAJ
"[Untitled : pink cover]","Johnson, Poppy",9971,jqfBXwAACAAJ,https://books.google.com/books?id=jqfBXwAACAAJ
"[Untitled poem]","Thomas, Blanca",9820,VMAlPwAACAAJ,https://books.google.com/books?id=VMAlPwAACAAJ
"[Untitled poem]","Machado, Silvia",9942,CHvnPgAACAAJ,https://books.google.com/books?id=CHvnPgAACAAJ
"a : a novel","Warhol, Andy",10019,LxwXAQAAMAAJ,https://books.google.com/books?id=LxwXAQAAMAAJ
"stitching speechless","Hockensmith, Josh; Addiss, Stephen",9649,Y9E8MwEACAAJ,https://books.google.com/books?id=Y9E8MwEACAAJ
"¡Ten el corazón contento!","Coronado, Bea; Crespo, Begoña; Sdun, Emilio; Libro, Centro Integral del Papel y las Artes del; Cicuta, Prensa",16702,RcOitgAACAAJ,https://books.google.com/books?id=RcOitgAACAAJ
