cluster,labels,include,conceptId,category,prefLabel,note
http://id.loc.gov/authorities/genreForms/gf2017027220.,Artists' books.,n,,,,
http://id.worldcat.org/fast/1750153.,Artists' books.,n,,,,
aat|artists-books-books,Artists' books (books) | artists' books (books),n,,,,
http://id.worldcat.org/fast/1423861.,Specimens.,n,,,,
rbmscv|artists-books,Artists' books,n,,,,
http://id.worldcat.org/fast/1423873.,Illustrated works.,n,,,,
http://id.loc.gov/authorities/genreForms/gf2014026481.,Poetry.,y,poetry,genre-form,Poetry,
lcgft|photography-artistic,"Photography, Artistic.",y,photography,process-technique,Photography,
http://id.worldcat.org/fast/1424028.,Exhibition catalogs.,y,exhibition-catalog,genre-form,Exhibition catalog,
aat|photobooks,Photobooks,y,photobook,genre-form,Photobook,
http://id.worldcat.org/fast/1423828.,Poetry.,y,poetry,,,
http://id.loc.gov/vocabulary/rbmscv/cv00024.,Accordion fold format.,y,accordion-binding,structure-format,Accordion binding,
http://id.worldcat.org/fast/1411628.,History.,n,,,,
http://id.loc.gov/authorities/genreForms/gf2014026339.,Fiction.,y,fiction,genre-form,Fiction,
abo.org|photographic-sequence,Photographic sequence.,y,photography,,,
abo.org|appropriated-text,Appropriated text.,y,found-text,genre-form,Found text,
http://id.loc.gov/authorities/genreForms/gf2014026144.,Photobooks.,y,photobook,,,
http://id.worldcat.org/fast/1919950.,Photobooks.,y,photobook,,,
http://vocab.getty.edu/aat/300138699.,Collage (technique),y,collage,process-technique,Collage,
http://id.loc.gov/vocabulary/rbmscv/cv01531.,Limitation statements.,n,,,,
http://vocab.getty.edu/aat/300123016.,Artists' books (books),n,,,,
http://id.loc.gov/vocabulary/rbmscv/cv00146.,Artists' books.,n,,,,
abo.org|visual-narrative,Visual narrative.,n,,,,
http://id.worldcat.org/fast/1423831.,Portraits.,n,,,,
http://id.worldcat.org/fast/1919896.,Biographies.,y,biography,genre-form,Biography,
http://id.loc.gov/vocabulary/rbmscv/cv00485.,Corrugated board bindings.,y,corrugated-board-bindings,binding-format,Corrugated board bindings,
http://id.worldcat.org/fast/1423843.,Personal narratives.,n,,,,
http://id.worldcat.org/fast/1411642.,Facsimiles.,y, facsimile,genre-form,Facsimile,
http://id.worldcat.org/fast/1423787.,Fiction.,y,fiction,,,
local|typographic-art,Typographic art.,n,,,,
http://id.loc.gov/authorities/genreForms/gf2014026588.,Visual poetry.,y,poetry,,,
http://id.worldcat.org/fast/1726771.,Visual poetry.,y,poetry,,,
http://id.loc.gov/vocabulary/rbmscv/cv01435.,Handmade papers.,y,handmade-paper,material,Handmade paper,
http://id.worldcat.org/fast/1423702.,Art.,n,,,,
http://vocab.getty.edu/aat/300200572.,Folded books.,y,folded,structure-format,Folded,
rbmscv|corrugated-board-bindings,Corrugated board bindings. | Corrugated board bindings,y,corrugated-board-bindings,structure-format,Corrugated board bindings,
rbmscv|painted-bindings,Painted bindings,y,paint,material,Paint,
http://id.loc.gov/authorities/genreForms/gf2014026266.,Comics (Graphic works),y,comics,genre-form,Comics,
http://id.worldcat.org/fast/1423689.,Photographs.,y,photography,,,
http://id.worldcat.org/fast/1921613.,Comics (Graphic works),y,comics,,,
rbmscv|limitation-statements,Limitation statements,n,,,,
http://id.loc.gov/authorities/genreForms/gf2014026542.,Short stories.,y,short-stories,genre-form,Short stories,
http://vocab.getty.edu/aat/300178688.,Screen prints.,y,screen-printing,process-technique,Screen printing,
http://id.loc.gov/authorities/genreForms/gf2014026170.,Sayings.,n,,,,
http://id.loc.gov/authorities/genreForms/gf2014026270.,Concrete poetry.,y,poetry,,,
http://id.worldcat.org/fast/1423792.,Quotations.,y,quotations,genre-form,Quotations,
http://id.worldcat.org/fast/1726570.,Concrete poetry.,y,poetry,,,
http://id.worldcat.org/fast/1726766.,Toy and movable books.,n,,,,
http://rdaregistry.info/termList/RDAMaterial/1025.,paper,y,paper,material,Paper,
http://vocab.getty.edu/aat/300068579.,Cut-paper work.,y,cut-paper-work,process-technique,Cut-paper work,
http://id.loc.gov/authorities/genreForms/gf2014026111.,Illustrated works.,n,,,,
http://id.worldcat.org/fast/1411641.,Periodicals.,n,,,,
http://vocab.getty.edu/aat/300041393.,Linocuts (prints),y,linoleum-block-printing,process-technique,Linoleum block printing,
rbmscv|decorated-paper-bindings,Decorated paper bindings,y,decorative-paper,material,Decorative paper,
http://id.loc.gov/authorities/genreForms/gf2014026342.,Folk literature.,n,,,,
rbmscv|zines,Zines,y,zine,genre-form,Zine,
http://id.loc.gov/authorities/genreForms/gf2014026201.,Trivia and miscellanea.,n,,,,
http://id.worldcat.org/fast/1423692.,Catalogs.,n,,,,
http://id.worldcat.org/fast/2008859.,Art and the war.,n,,,,
http://vocab.getty.edu/aat/300178926.,Letterpress printing.,y,letterpress-printing,process-technique,Letterpress printing,
http://vocab.getty.edu/aat/300201034.,Pop-up books.,y,pop-up-element,structure-format,Pop-up element,
https://homosaurus.org/v4/homoit0001102.,LGBTQ+ performance art.,n,,,,
rbmscv|accordion-fold-format,Accordion fold format,y,accordion-binding,,,
http://id.loc.gov/authorities/genreForms/gf2014026110.,Humor.,n,,,,
http://id.loc.gov/authorities/genreForms/gf2014026210.,Zines.,y,zine,,,
http://id.loc.gov/authorities/genreForms/gf2017027251.,Pictures.,n,,,,
http://id.worldcat.org/fast/1411637.,Juvenile works.,n,,,,
http://id.worldcat.org/fast/1423691.,Caricatures and cartoons.,n,,,,
http://id.worldcat.org/fast/1423784.,Folklore.,n,,,,
http://vocab.getty.edu/aat/300263000.,Spiral bindings.,y,spiral-binding,structure-format,Spiral binding,
rbmscv|fanzines,Fanzines,y,zine,,,
rbmscv|publishers-advertisements,Publishers' advertisements,n,,,,
rbmscv|slipcases,Slipcases,y,slipcase,enclosure,Slipcase,
rbmscv|typefaces-type-evidence,Typefaces (Type evidence),n,,,,
aat|comic-books,Comic books,y,comics,,,
http://id.loc.gov/authorities/genreForms/gf2014026098.,Exhibition catalogs.,y,exhibition-catalog,,,
http://id.loc.gov/authorities/genreForms/gf2014026150.,Pop-up books.,y,pop-up-element,,,
http://id.loc.gov/authorities/genreForms/gf2014026197.,Toy and movable books.,n,,,,
http://id.loc.gov/vocabulary/rbmscv/cv00737.,Slipcases.,y,slipcase,,,
http://id.worldcat.org/fast/1423696.,Humor.,n,,,,
http://id.worldcat.org/fast/1423704.,Maps.,y,map,structure-format,Map,
http://id.worldcat.org/fast/1423705.,Texts.,n,,,,
http://id.worldcat.org/fast/1919987.,Zines.,y,zine,,,
http://id.worldcat.org/fast/1921748.,Trivia and miscellanea.,n,,,,
http://vocab.getty.edu/aat/300041273.,Prints (visual works),n,,,,
lcgft|conceptual-art,Conceptual art.,n,,,,
http://id.loc.gov/authorities/genreForms/gf2014026151.,Postcards.,y,postcard,structure-format,postcard,
http://id.loc.gov/vocabulary/rbmscv/cv00514.,Dust jackets.,y,dust-jacket,enclosure,Dust jacket,
http://id.worldcat.org/fast/1423832.,Interviews.,n,,,,
http://id.worldcat.org/fast/1423876.,Anecdotes.,n,,,,
http://id.worldcat.org/fast/1726707.,Postcards.,y,postcard,,,
http://id.worldcat.org/fast/1726740.,Short stories.,y,short-stories,,,
http://id.worldcat.org/fast/1919895.,Bibliographies.,n,,,,
http://id.worldcat.org/fast/1919955.,Pop-up books.,y,pop-up-element,,,
http://id.worldcat.org/fast/2003288.,Correspondence.,n,,,,
http://vocab.getty.edu/aat/300014224.,Cardboard.,y,cardboard,material,Cardboard,
http://vocab.getty.edu/aat/300045643.,Boxes (containers),y,box,enclosure,Box,
http://vocab.getty.edu/aat/300411543.,Handmade paper.,y,handmade-paper,,,
https://homosaurus.org/v4/homoit0001321.,Social media.,n,,,,
rbmscv|miniature-books,Miniature books,y,miniature-book,structure-format,Miniature book,
aat|book-objects,Book objects,n,,,,
http://id.loc.gov/authorities/genreForms/gf2014026086.,Dictionaries.,y,dictionary,genre-form,Dictionary,
http://id.loc.gov/authorities/genreForms/gf2014026133.,Notebooks.,n,,,,
http://id.loc.gov/authorities/genreForms/gf2015026020.,Novels.,y,fiction,,,
http://id.loc.gov/authorities/genreForms/gf2017027262.,Sketchbooks.,n,,,,
http://id.loc.gov/authorities/genreForms/gf2022026082.,Accordion fold books.,y,accordion-binding,,,
http://id.loc.gov/vocabulary/rbmscv/cv00176.,Authors' autographs.,n,,,,
http://id.worldcat.org/fast/1423765.,Case studies.,n,,,,
http://id.worldcat.org/fast/1423791.,Translations.,n,,,,
http://id.worldcat.org/fast/1423820.,"Notebooks, sketchbooks, etc.",n,,,,
http://rdaregistry.info/termList/RDAMaterial/1045.,wood,y,wood,material,Wood,
http://vocab.getty.edu/aat/300014076.,Burlap.,y,burlap,material,Burlap,
http://vocab.getty.edu/aat/300028629.,Scrolls (information artifacts),y,scroll,structure-format,Scroll,
http://vocab.getty.edu/aat/300041379.,Lithographs.,y,lithography,process-technique,Lithography,
http://vocab.getty.edu/aat/300041405.,Woodcuts (prints),y,woodblock-printing,process-technique,Woodblock printing,
http://vocab.getty.edu/aat/300053281.,Screen printing.,y,screen-printing,,,
http://vocab.getty.edu/aat/300056219.,Translucency.,y,translucent-element,structure-format,Translucent element,
http://vocab.getty.edu/aat/300162391.,Cloth.,y,cloth,material,Cloth,
http://vocab.getty.edu/aat/300201033.,Flip books.,y,flip-book,structure-format,Flip book,
http://vocab.getty.edu/aat/300257411.,Cutouts.,y,cut-paper-work,technique,Cut-paper work,
http://vocab.getty.edu/aat/300438814.,Accordion books.,y,accordion-binding,,,
https://homosaurus.org/v4/homoit0001378.,Transgender people.,n,,,,
https://homosaurus.org/v4/homoit0001381.,Transsexual people.,n,,,,
lcgft|collage,Collage.,y,collage,,,
lcgft|documentary-photography,Documentary photography.,y,photography,,,
lcgft|performance-art,Performance art.,n,,,,
local|asemic-writing,Asemic writing.,y,asemic-writing,process-technique,Asemic writing,
rbmscv|handmade-papers,Handmade papers,y,handmade-paper,,,
rbmscv|private-press-books,Private press books,n,,,,
aat|documentary-photography,Documentary photography,y,photography,,,
aat|fanzines,Fanzines,y,zine,,,
fast|artists-books,Artists' books.,n,,,,
http://id.loc.gov/authorities/genreForms/gf2014026047.,Autobiographies.,y,biography,,,
http://id.loc.gov/authorities/genreForms/gf2014026084.,Derivative works.,y,found-text,,,
http://id.loc.gov/authorities/genreForms/gf2014026105.,Flip books.,y,flip-book,,,
http://id.loc.gov/authorities/genreForms/gf2014026142.,Personal narratives.,n,,,,
http://id.loc.gov/authorities/genreForms/gf2014026158.,Puzzles and games.,n,,,,
http://id.loc.gov/authorities/genreForms/gf2014026346.,Found poetry.,y,found-text,,,
http://id.loc.gov/authorities/genreForms/gf2014026543.,Flash fiction.,y,fiction,,,
http://id.loc.gov/authorities/subjects/sh85008302.,Artists' books.,n,,,,
http://id.loc.gov/vocabulary/rbmscv/cv00867.,Miniature books.,y,miniature-book,,,
http://id.loc.gov/vocabulary/rbmscv/cv01163.,Concrete poems.,y,poetry,,,
http://id.loc.gov/vocabulary/rbmscv/cv01881.,Shaped books.,y,sculptural-bookwork,structure-format,Sculptural bookwork,
http://id.worldcat.org/fast/1411635.,"Criticism, interpretation, etc.",n,,,,
http://id.worldcat.org/fast/1423821.,Obituaries.,y,obituary,genre-form,Obituary,
http://id.worldcat.org/fast/1423826.,Dictionaries.,y,dictionary,,,
http://id.worldcat.org/fast/1423840.,"Parodies, imitations, etc.",n,,,,
http://id.worldcat.org/fast/1423877.,Handbooks and manuals.,y,guide-manual,genre-format,Guide or manual,
http://id.worldcat.org/fast/1423880.,Terminology.,n,,,,
http://id.worldcat.org/fast/1919894.,Autobiographies.,y,biography,,,
http://id.worldcat.org/fast/1919958.,Puzzles and games.,n,,,,
http://id.worldcat.org/fast/1921663.,Found poetry.,y,found-text,,,
http://id.worldcat.org/fast/1922440.,Flash fiction.,y,fiction,,,
http://rdaregistry.info/termList/RDAMaterial/1006.,cardboard,y,cardboard,,,
http://rdaregistry.info/termList/RDAMaterial/1022.,metal,y,metal,material,Metal,
http://vocab.getty.edu/aat/300014145.,Tissue paper.,y,tissue-paper,material,Tissue paper,
http://vocab.getty.edu/aat/300014247.,Cord (fiber product),y,cord,material,Cord,
http://vocab.getty.edu/aat/300014252.,Yarn.,y,yarn,material,Yarn,
http://vocab.getty.edu/aat/300014341.,Sand.,y,found-object-natural,material,Found object (natural),
http://vocab.getty.edu/aat/300014668.,Ribbon (material),y,ribbon,material,Ribbon,
http://vocab.getty.edu/aat/300026819.,Picture postcards.,y,postcard,,,
http://vocab.getty.edu/aat/300028705.,Signatures (names),n,,,,
http://vocab.getty.edu/aat/300041391.,Relief prints.,y,relief-printing,process-technique,Relief printing,
http://vocab.getty.edu/aat/300041523.,Embossed prints.,y,embossing,process-technique,Embossing,
http://vocab.getty.edu/aat/300053289.,Block printing (relief printing process),y,relief-printing,,,
http://vocab.getty.edu/aat/300053436.,Pochoir (technique),y,pochoir,process-technique,Pochoir,
http://vocab.getty.edu/aat/300121295.,Limited editions.,n,,,,
http://vocab.getty.edu/aat/300178594.,Art photography.,y,photography,,,
http://vocab.getty.edu/aat/300183668.,Construction paper.,y,construction-paper,material,Construction paper,
http://vocab.getty.edu/aat/300197601.,Envelopes.,y,envelope,enclosure,Envelope,
http://vocab.getty.edu/aat/300202344.,Hand binding.,y,hand-binding,process-technique,Hand binding,
http://vocab.getty.edu/aat/300231732.,Printed textile materials.,y,textile,material,Textile,
http://vocab.getty.edu/aat/300239001.,Stamping (marking),y,stamping,process-technique,Stamping,
http://vocab.getty.edu/aat/300253366.,Dos-à-dos bindings.,y,dos-a-dos-binding,structure-format,Dos-à-dos binding,
http://vocab.getty.edu/aat/300264827.,Conceptual.,n,,,,
http://vocab.getty.edu/aat/300265728.,Photobooks.,y,photobooks,,,
http://vocab.getty.edu/aat/300375674.,Staple bindings.,y,staple-binding,structure-format,Staple binding,
https://homosaurus.org/v4/homoit0000316.,Crossdressers.,n,,,,
https://homosaurus.org/v4/homoit0000487.,Gay culture.,n,,,,
https://homosaurus.org/v4/homoit0000506.,Gay men.,n,,,,
https://homosaurus.org/v4/homoit0000556.,Lesbians.,n,,,,
https://homosaurus.org/v4/homoit0000646.,Homophobia.,n,,,,
https://homosaurus.org/v4/homoit0001128.,Pornography.,n,,,,
https://homosaurus.org/v4/homoit0001285.,Sexual assault.,n,,,,
https://homosaurus.org/v4/homoit0001322.,Social movements.,n,,,,
https://homosaurus.org/v4/homoit0002579.,LGBTQ+ erotic art.,n,,,,
lcgft|artists-books,Artists' books.,n,,,,
lcgft|landscape-photography,Landscape photography.,y,photography,,,
lcgft|miniature-books,Miniature books.,y,miniature-book,,,
local|artists-books,Artists' books,n,,,,
local|conceptual-art,Conceptual art.,n,,,,
local|graduated-fore-edges,Graduated fore-edges.,n,,,,
local|sales-catalogs,Sales catalogs,n,,,,
rbmscv|authors-autographs,Authors' autographs,n,,,,
rbmscv|endpapers,Endpapers,y,endpapers,structure-format,Endpapers,
rbmscv|poems,Poems,y,poetry,,,
rbmscv|wooden-bindings,Wooden bindings,y,wood,,,
rbtyp|typefaces-type-evidence,Typefaces (Type evidence),n,,,,
aat|card-games-game-sets,Card games (game sets),y,playing-cards,structure-format,Playing cards,
aat|die-cutting,Die cutting,y,die-cutting,process-technique,Die-cutting,
aat|digital-art-visual-works,Digital art (visual works),n,,,,
aat|papier-m-ch-sculpture,Papier-mâché sculpture,y,papier-mache,material,Papier-mâché,
aat|pop-up-books,Pop-up books,y,pop-up-element,,,
aat|posters,Posters,y,poster,structure-format,Poster,
aat|woodcuts-prints,Woodcuts (prints),y,woodblock-printing,,,
abo.org|visiual-narrative,Visiual narrative.,n,,,,
czenas|den-ky,Deníky.,n,,,,
czenas|diaries,Diaries.,y,diary,genre-form,Diary,
czenas|documents,Documents.,n,,,,
czenas|dokumenty,Dokumenty.,n,,,,
czenas|fotografick-publikace,Fotografické publikace.,y,photography,,,
czenas|p-b-hy,Příběhy.,n,,,,
czenas|photographical-works,Photographical works.,y,photography,,,
czenas|stories,Stories.,n,,,,
fast|biographies,Biographies,y,biography,,,
fast|pictorial-works,Pictorial works.,n,,,,
fast|poetry,Poetry.,y,poetry,,,
fast|specimens,Specimens.,n,,,,
gmgpc|photographs,Photographs.,y,photography,,,
gmgpc|playing-cards,Playing cards.,y,playing-cards,,,
http://homosaurus.org/v4/homoit0002579.,LGBTQ+ erotic art.,n,,,,
http://id.loc.gov/authorities/genreForms/gf2011026169.,Cookbooks.,y,cookbook,genre-form,Cookbook,
http://id.loc.gov/authorities/genreForms/gf2011026441.,Pictorial maps.,y,map,,,
http://id.loc.gov/authorities/genreForms/gf2014026053.,Braille books.,y,braille,structure-format,Braille,
http://id.loc.gov/authorities/genreForms/gf2014026057.,Catalogs.,n,,,,
http://id.loc.gov/authorities/genreForms/gf2014026082.,Death registers.,y,list,genre-form,List,
http://id.loc.gov/authorities/genreForms/gf2014026094.,Essays.,n,,,,
http://id.loc.gov/authorities/genreForms/gf2014026115.,Interviews.,n,,,,
http://id.loc.gov/authorities/genreForms/gf2014026123.,Lift-the-flap books.,y,moveable-element,structure-format,moveable-element,
http://id.loc.gov/authorities/genreForms/gf2014026134.,Obituaries.,y,obituary,genre-form,Obituary,
http://id.loc.gov/authorities/genreForms/gf2014026141.,Personal correspondence.,n,,,,
http://id.loc.gov/authorities/genreForms/gf2014026166.,Registers (Lists),y,list,genre-form,List,
http://id.loc.gov/authorities/genreForms/gf2014026179.,Split-page books.,y,split-page-book,structure-format,Split-page book,
http://id.loc.gov/authorities/genreForms/gf2014026246.,Biographical fiction.,y,fiction,,,
http://id.loc.gov/authorities/genreForms/gf2014026297.,Drama.,n,,,,
http://id.loc.gov/authorities/genreForms/gf2014026362.,Graphic novels.,y,graphic-novel,genre-form,Graphic novel,
http://id.loc.gov/authorities/genreForms/gf2014026366.,Haiku.,y,poetry,,,
http://id.loc.gov/authorities/genreForms/gf2014026513.,Road fiction.,y,fiction,,,
http://id.loc.gov/authorities/genreForms/gf2014026583.,Utopian fiction.,y,fiction,,,
http://id.loc.gov/authorities/genreForms/gf2014026594.,Western fiction.,y,fiction,,,
http://id.loc.gov/authorities/genreForms/gf2014026912.,Love songs.,y,song,genre-form,Song,
http://id.loc.gov/authorities/genreForms/gf2015026060.,Paper dolls.,y,paper-doll,structure-format,Paper doll,
http://id.loc.gov/authorities/genreForms/gf2016026017.,Erasure poetry.,y,erasure,process-technique,Erasure,
http://id.loc.gov/authorities/genreForms/gf2016026082.,Festschriften.,y,collective-work,genre-form,Collective work,
http://id.loc.gov/authorities/genreForms/gf2016026085.,Political poetry.,y,poetry,,,
http://id.loc.gov/authorities/genreForms/gf2017027227.,Collages.,y,collage,,,
http://id.loc.gov/authorities/genreForms/gf2017027230.,Documentary photographs.,y,photography,,,
http://id.loc.gov/authorities/genreForms/gf2017027241.,Lithographs.,y,lithography,,,
http://id.loc.gov/authorities/genreForms/gf2017027258.,Screen prints.,y,screen-printing,,,
http://id.loc.gov/authorities/genreForms/gf2017027269.,Woodcuts.,y,woodblock-printing,,,
http://id.loc.gov/vocabulary/rbmscv/cv00092.,Aluminum bindings.,y,metal,material,Metal,
http://id.loc.gov/vocabulary/rbmscv/cv00176,Authors' autographs.,n,,,,
http://id.loc.gov/vocabulary/rbmscv/cv00200.,Backless bindings.,y,backless-binding,structure-format,Backless binding,
http://id.loc.gov/vocabulary/rbmscv/cv00203.,Poems.,y,poetry,,,
http://id.loc.gov/vocabulary/rbmscv/cv00483.,Coptic bindings.,y,coptic-binding,structure-format,Coptic binding,
http://id.loc.gov/vocabulary/rbmscv/cv00510.,Dos-à-dos bindings.,y,dos-a-dos-binding,,,
http://id.loc.gov/vocabulary/rbmscv/cv00618.,Printed paper binding labels.,n,,,,
http://id.loc.gov/vocabulary/rbmscv/cv00762.,Unopened books.,y,unopened-book,structure-format,Unopened book,
http://id.loc.gov/vocabulary/rbmscv/cv01089.,Watermarks.,n,,,,
http://id.loc.gov/vocabulary/rbmscv/cv01187.,Cotton fiber papers.,y,papermaking-fiber-texile,material,Papermaking fiber (textile),
http://id.loc.gov/vocabulary/rbmscv/cv01503.,Kozo fiber papers.,y,papermaking-fiber-paper-mulberry,material,Papermaking fiber (paper mulberry),
http://id.nlm.nih.gov/mesh/D019494.,Catalog.,n,,,,
http://id.worldcat.org/fast/1423683.,Abstracts.,n,,,,
http://id.worldcat.org/fast/1423772.,Conference papers and proceedings.,n,,,,
http://id.worldcat.org/fast/1423783.,Problems and exercises.,n,,,,
http://id.worldcat.org/fast/1423786.,"Glossaries, vocabularies, etc.",n,,,,
http://id.worldcat.org/fast/1423794.,Diaries.,y,diary,,,
http://id.worldcat.org/fast/1423807.,Pictorial maps.,y,map,,,
http://id.worldcat.org/fast/1423846.,Popular works.,n,,,,
http://id.worldcat.org/fast/1423871.,Guidebooks.,y,guide-manual,,,
http://id.worldcat.org/fast/1423910.,Adaptations.,y,found-text,,,
http://id.worldcat.org/fast/1726537.,Biographical fiction.,y,fiction,,,
http://id.worldcat.org/fast/1726615.,Flip books.,y,flip-book,,,
http://id.worldcat.org/fast/1726630.,Graphic novels.,y,graphic-novel,,,
http://id.worldcat.org/fast/1726662.,Love songs.,y,song,,,
http://id.worldcat.org/fast/1726770.,Video games.,y,video-game,genre-form,Video game,
http://id.worldcat.org/fast/1726776.,Western fiction.,y,fiction,,,
http://id.worldcat.org/fast/1726787.,Games.,y,game,structure-format,Game,
http://id.worldcat.org/fast/1752725.,Cookbooks.,y,cookbook,,,
http://id.worldcat.org/fast/1774325.,Fotonovelas.,y,photography,,,
http://id.worldcat.org/fast/1919915.,Death registers.,y,list,,,
http://id.worldcat.org/fast/1919922.,Essays.,n,,,,
http://id.worldcat.org/fast/1919936.,Lift-the-flap books.,y,moveable-element,,,
http://id.worldcat.org/fast/1919964.,Registers (Lists),y,list,,,
http://id.worldcat.org/fast/1919971.,Split-page books.,y,split-page-book,,,
http://id.worldcat.org/fast/1920770.,Braille books.,y,braille,,,
http://id.worldcat.org/fast/1920779.,Sayings.,n,,,,
http://id.worldcat.org/fast/1921680.,Haiku.,y,poetry,,,
http://id.worldcat.org/fast/1922530.,Road fiction.,y,fiction,,,
http://id.worldcat.org/fast/1922578.,Utopian fiction.,y,fiction,,,
http://id.worldcat.org/fast/1941036.,Festschriften.,y,collective-work,,,
http://id.worldcat.org/fast/1941319.,Paper dolls.,y,paper-doll,,,
http://id.worldcat.org/fast/1941322.,Erasure poetry.,y,erasure,,,
http://id.worldcat.org/fast/1941332.,Political poetry.,y,poetry,,,
http://id.worldcat.org/fast/1985328.,Songs and music.,y,song,,,
http://id.worldcat.org/fast/1986233.,Woodcuts.,y,woodblock-printing,,,
http://id.worldcat.org/fast/1986255.,Screen prints.,y,screen-printing,,,
http://id.worldcat.org/fast/1986256.,Collages.,y,collage,,,
http://id.worldcat.org/fast/1986261.,Lithographs.,y,lithography,,,
http://id.worldcat.org/fast/1986270.,Documentary photographs.,y,photography,,,
http://rdaregistry.info/termList/RDAMaterial/1004.,Bristol board,y,bristol-board,material,Bristol board,
http://rdaregistry.info/termList/RDAMaterial/1029.,plastic,y,plastic,material,Plastic,
http://rdaregistry.info/termList/RDAMaterial/1039.,textile,y,textile,,,
http://vocab.getty.edu/aat/300011734.,Earth (soil),y,found-object-natural,,,
http://vocab.getty.edu/aat/300011914.,Wood (plant material),y,wood,,,
http://vocab.getty.edu/aat/300014078.,Canvas (textile material),y,canvas,material,Canvas,
http://vocab.getty.edu/aat/300014130.,Rag paper.,y,rag-paper,material,Rag paper,
http://vocab.getty.edu/aat/300014249.,String (fiber product),y,string,material,String,
http://vocab.getty.edu/aat/300014614.,Blocks (shaped masses),y,blocks,structure-format,Blocks (shaped masses),
http://vocab.getty.edu/aat/300014634.,Dowels.,y,dowel,material,Dowel,
http://vocab.getty.edu/aat/300014681.,Sticks (object genre),y,found-object-natural,,,
http://vocab.getty.edu/aat/300015577.,Foldouts.,y,foldout,structure-format,Foldout,
http://vocab.getty.edu/aat/300022187.,Neo-Dada.,n,,,,
http://vocab.getty.edu/aat/300024549.,Magnets.,y,magnet,material,Magnet,
http://vocab.getty.edu/aat/300026059.,Catalogs (documents),n,,,,
http://vocab.getty.edu/aat/300026096.,Exhibition catalogs.,y,exhibition-catalog,,,
http://vocab.getty.edu/aat/300028577.,Typescripts.,n,,,,
http://vocab.getty.edu/aat/300028882.,Erotica.,n,,,,
http://vocab.getty.edu/aat/300033565.,Nails (fasteners),y,found-object-manmade,material,Found object (manmade),
http://vocab.getty.edu/aat/300036363.,Fasteners.,n,,,,
http://vocab.getty.edu/aat/300041366.,Aquatints (prints),y,aquatint,process-technique,Aquatint,
http://vocab.getty.edu/aat/300045627.,Bottles.,y,found-object-manmade,,,
http://vocab.getty.edu/aat/300045657.,Cans (containers),y,found-object-manmade,,,
http://vocab.getty.edu/aat/300045659.,Cases (containers),y,case,enclosure,Case,
http://vocab.getty.edu/aat/300046300.,Photographs.,y,photography,,,
http://vocab.getty.edu/aat/300053228.,Drypoint (printing process),y,drypoint,process-technique,Drypoint,
http://vocab.getty.edu/aat/300053241.,Etching (printing process),y,etching,process-technique,Etching,
http://vocab.getty.edu/aat/300053275.,Photolithography.,y,photolithography,process-technique,Photolithography,
http://vocab.getty.edu/aat/300053324.,Overprinting.,y,overprinting,process-technique,Overprinting,
http://vocab.getty.edu/aat/300055931.,Poetry.,y,poetry,,,
http://vocab.getty.edu/aat/300055932.,Concrete poetry.,y,poetry,,,
http://vocab.getty.edu/aat/300100194.,Line drawings (drawings),n,,,,
http://vocab.getty.edu/aat/300124117.,Plant material.,y,plant-material,material,Plant material,
http://vocab.getty.edu/aat/300127269.,Manipulated photographs.,y,photography,,,
http://vocab.getty.edu/aat/300133032.,Cubes (geometric figures),n,,,,
http://vocab.getty.edu/aat/300133555.,Hand coloring.,y,hand-coloring,process-technique,Hand coloring,
http://vocab.getty.edu/aat/300134997.,Film stills.,n,,,,
http://vocab.getty.edu/aat/300152367.,Chapbooks.,y,chapbook,genre-form,Chapbook,
http://vocab.getty.edu/aat/300162056.,Black-and-white photography.,y,photography,,,
http://vocab.getty.edu/aat/300163347.,Mixed media.,y,mixed-media,material,Mixed media,
http://vocab.getty.edu/aat/300163644.,Deed books.,n,,,,
http://vocab.getty.edu/aat/300178463.,Handscrolls.,y,handscrolls,structure-format,Handscrolls,
http://vocab.getty.edu/aat/300178549.,Impressions (prints),n,,,,
http://vocab.getty.edu/aat/300183813.,Hosho.,y,papermaking-fiber-paper-mulberry,,,
http://vocab.getty.edu/aat/300185694.,Sails.,y,found-object-manmade,,,
http://vocab.getty.edu/aat/300191818.,Handmade.,y,handmade,process-technique,Handmade,
http://vocab.getty.edu/aat/300194347.,Visual poetry.,y,poetry,,,
http://vocab.getty.edu/aat/300194509.,Bags (generic containers),y,bag,enclosure,Bag,
http://vocab.getty.edu/aat/300195133.,Book jackets.,y,dust-jacket,,,
http://vocab.getty.edu/aat/300198929.,Portfolios (containers),y,portfolio,enclosure,Portfolio,
http://vocab.getty.edu/aat/300199780.,Ollas (vessels),y,pot,enclosure,Pot (vessel),
http://vocab.getty.edu/aat/300207379.,Stickers.,y,stickers,structure-format,Stickers,
http://vocab.getty.edu/aat/300211072.,Blocks (toys),y,blocks,,,
http://vocab.getty.edu/aat/300211178.,Paper dolls.,y,paper-doll,,,
http://vocab.getty.edu/aat/300211392.,Wrappers (book covers),y,wrapper,enclosure,Wrapper,
http://vocab.getty.edu/aat/300212499.,Shirts (main garments),y,textile,,,
http://vocab.getty.edu/aat/300216195.,Handkerchiefs.,y,textile,,,
http://vocab.getty.edu/aat/300216739.,Pockets (bags),y,bag,,,
http://vocab.getty.edu/aat/300217923.,Packs of cards.,y,playing-cards,,,
http://vocab.getty.edu/aat/300233399.,Die cutting.,y,die-cutting,,,
http://vocab.getty.edu/aat/300233405.,Impressing.,n,,,,
http://vocab.getty.edu/aat/300234006.,Beads (pierced objects),y,beads,material,Beads,
http://vocab.getty.edu/aat/300239307.,Ties (fasteners),n,,,,
http://vocab.getty.edu/aat/300247399.,Life preservers.,y,found-object-manmade,,,
http://vocab.getty.edu/aat/300247923.,Folding (process),y,folded,,,
http://vocab.getty.edu/aat/300249275.,Ecological art.,n,,,,
http://vocab.getty.edu/aat/300251499.,Concrete poems.,y,poetry,,,
http://vocab.getty.edu/aat/300252980.,Fanzines.,y,zine,,,
http://vocab.getty.edu/aat/300253051.,Cords (binding components),y,cord,,,
http://vocab.getty.edu/aat/300253104.,Interleaving.,y,interleaving,structure-format,Interleaving,
http://vocab.getty.edu/aat/300255863.,Acetate film.,y,acetate-film,material,Acetate,
http://vocab.getty.edu/aat/300257224.,Board books.,y,board-book,genre-form,Board book,
http://vocab.getty.edu/aat/300257370.,Double leaves.,y,double-leaf,structure-format,Double leaf,
http://vocab.getty.edu/aat/300262844.,Stamps (marks),y,stamping,,,
http://vocab.getty.edu/aat/300263587.,Coptic bindings.,y,coptic-binding,,,
http://vocab.getty.edu/aat/300263749.,Cloth books (books),y,cloth,,,
http://vocab.getty.edu/aat/300264038.,Crochet (needlework),y,crochet,process-technique,Crochet,
http://vocab.getty.edu/aat/300264218.,Pamphlet bindings.,y,pamphlet-binding,structure-format,Pamphlet binding,
http://vocab.getty.edu/aat/300264640.,Vinylcuts.,y,relief-printing,,,
http://vocab.getty.edu/aat/300265621.,Inkjet prints.,y,inkjet-printing,process-technique,Inkjet printing,
http://vocab.getty.edu/aat/300310088.,Broadsheet (format),y,broadsheet,structure-format,Broadsheet,
http://vocab.getty.edu/aat/300375519.,Kozo (paper),y,papermaking-fiber-paper-mulberry,,,
http://vocab.getty.edu/aat/300379073.,Foil stamping.,y,foil-stamping,process-technique,Foil stamping,
http://vocab.getty.edu/aat/300417532.,Accordion folding.,y,accordion-binding,,,
http://vocab.getty.edu/aat/300417761.,Cloth bindings (bookbindings),y,cloth,,,
http://vocab.getty.edu/aat/300422132.,Book slipcases.,y,slipcase,,,
http://vocab.getty.edu/aat/300429554.,Newspaper clippings.,found-object-manmade,,,,
http://vocab.getty.edu/aat/300435283.,Stencil prints.,y,stenciling,process-technique,Stenciling,
https://en.homosaurus.org/v4/homoit0000506.,Gay men.,n,,,,
https://homosaurus.org/v4/homoit0000375.,Drag queens.,n,,,,
https://homosaurus.org/v4/homoit0000387.,Ecofeminism.,n,,,,
https://homosaurus.org/v4/homoit0000442.,Kinks and fetishes.,n,,,,
https://homosaurus.org/v4/homoit0000470.,Gay artists.,n,,,,
https://homosaurus.org/v4/homoit0000571.,Gender identity.,n,,,,
https://homosaurus.org/v4/homoit0000652.,Human rights.,n,,,,
https://homosaurus.org/v4/homoit0000691.,Kissing.,n,,,,
https://homosaurus.org/v4/homoit0001052.,Nude art.,n,,,,
https://homosaurus.org/v4/homoit0001261.,Secrecy.,n,,,,
https://homosaurus.org/v4/homoit0001278.,Sexism.,n,,,,
https://homosaurus.org/v4/homoit0001293.,Sexual harassment.,n,,,,
https://homosaurus.org/v4/homoit0001299.,Sexual practices.,n,,,,
https://homosaurus.org/v4/homoit0001488.,Vagina.,n,,,,
https://homosaurus.org/v4/homoit0002398.,Black Lives Matter movement.,n,,,,
lcgft|address-books,Address books.,n,,,,
lcgft|architectural-photography,Architectural photography.,y,photography,,,
lcgft|art-calendars,Art calendars.,y,calendar,genre-form,Calendar,
lcgft|artists-book,Artists' book.,n,,,,
lcgft|artists-writings,Artists' writings.,n,,,,
lcgft|creative,Creative,n,,,,
lcgft|imaginary-biography,Imaginary biography.,n,,,,
lcgft|literature-experimental,"Literature, Experimental.",n,,,,
lcgft|poetry,Poetry.,y,poetry,,,
lcgft|telegraphs,Telegraphs.,n,,,,
lcgft|toys-and-movable-books,Toys and movable books.,n,,,,
lcgft|triptychs,Triptychs.,y,triptychs,structure-format,Triptychs,
lctgm|snapshots,Snapshots.,n,,,,
local|altered-books,Altered books,y,altered-book,structure-format,Altered book,
local|conceptual-bookworks,Conceptual bookworks.,n,,,,
local|corrugated-paperboard-bindings,Corrugated paperboard bindings.,y,cardboard,material,Cardboard,
local|offset-printing,Offset printing,y,offset-lithography,process-technique,Offset lithography,
local|stab-binding,Stab binding.,y,stab-binding,binding-format,Stab binding,
none|artists-books,Artists' books.,n,,,,
none|conceptual-art,Conceptual art.,n,,,,
rbgenr|artists-books,Artists' books,n,,,,
rbgen|artists-books,Artists' books,n,,,,
rbmscv|artists-bookszunited-states,Artists' bookszUnited States.,n,,,,
rbmscv|bookmarks,Bookmarks,y,bookmark,structure-format,Bookmark,
rbmscv|chapbooks,Chapbooks,y,chapbook,,,
rbmscv|comic-books,Comic books,y,comics,,,
rbmscv|paper-cutouts-paper,Paper cutouts (Paper),y,,,,
rbmscv|photobooks,Photobooks,y,photobook,,,
rbmscv|pop-up-books,Pop-up books,y,pop-up-element,,,
rbmscv|unbound-sheets,Unbound sheets,y,unbound-sheets,structure-format,Unbound sheets,
rbmscv|unique-books,Unique books,y,one-of-a-kind,structure-format,One-of-a-kind,
rbpap|paper-evidence-paper,Paper evidence (Paper),y,paper,,,
(CStmoGRI)aat300123016,artists' books (books),n,,,,
(CStmoGRI)aat300178842,bookworks.,n,,,,
(CStmoGRI)aatgf300014502,vinyl.,y,vinyl,material,Vinyl,
(CStmoGRI)aatgf300055931,poetry. | Poetry.,y,poetry,,,
(CStmoGRI)aatgf300121295,limited editions.,n,,,,
(CStmoGRI)aatgf300123016,artists' books (books),n,,,,
(CStmoGRI)aatgf300178688,screen prints.,y,screen-printing,,,
(CStmoGRI)aatgf300194509,bags (generic containers),y,bag,,,
(CStmoGRI)aatgf300200341,slipcases.,y,slipcase,,,
(CStmoGRI)aatgf300201735,limp bindings.,y,limp-binding,structure-format,
(CStmoGRI)aatgf300202607,short stories.,y,short-stories,,,
(CStmoGRI)aatgf300264218,pamphlet bindings.,y,pamphlet-binding,,,
(CStmoGRI)aatgf300375674,staple bindings.,y,staple-bindings,,,
(CaQQLa)RVMGF-000000187,Livres d'artistes.,n,,,,
(CaQQLa)RVMGF-000000476,Poésie.,y,poetry,,,
(DE-576)208846182,Anthologie,ny,anthology,genre-form,Anthology,
(DE-576)208859845,Umfrage,n,,,,
(DE-576)208865578,Bibliografie,n,,,,
(DE-576)208866299,Bilderbuch,n,,,,
(DE-576)208896619,Diagramm,y,chart-diagram,genre-form,Chart or diagram,
(DE-576)208909400,Englisch,n,,,,
(DE-576)208918531,Film,n,,,,
(DE-576)208934499,Gespräch,n,,,,
(DE-576)208971211,Interview,n,,,,
(DE-576)209067160,Fotografie,y,photography,,,
(DE-576)209131136,Terrorismus,n,,,,
(DE-576)209139684,Übersetzung,n,,,,
(DE-576)20917000X,Zeitschrift,n,,,,
(DE-576)209660988,Ausstellungskatalog,y,exhibition-catalog,,,
(DE-576)209665084,Quelle,n,,,,
(DE-576)209726091,Aufsatzsammlung,n,,,,
(DE-576)209741139,Bildband,n,,,,
(DE-576)209804548,Faksimile,y,facsimile,,,
(DE-576)209847085,Pressendruck,n,,,,
(DE-576)21003467X,Toter,n,,,,
(DE-576)210051078,Verzeichnis,n,,,,
(DE-576)210061456,Werkverzeichnis,n,,,,
(DE-576)210335815,Künstlerbuch,n,,,,
(DE-576)276549368,Blu-Ray-Disc,y,blu-ray-disc,structure-format,Blu-Ray-Disc,
(DE-576)433375485,Konferenzschrift,n,,,,
(DE-588)1071861417,Konferenzschrift,n,,,,
(DE-588)4002214-6,Anthologie,y,anthology,,,
(DE-588)4005227-8,Umfrage,n,,,,
(DE-588)4006432-3,Bibliografie,n,,,,
(DE-588)4006604-6,Bilderbuch,n,,,,
(DE-588)4012044-2,Diagramm,y,,,,
(DE-588)4014777-0,Englisch,n,,,,
(DE-588)4017102-4,Film,n,,,,
(DE-588)4020713-4,Gespräch,n,,,,
(DE-588)4027503-6,Interview,n,,,,
(DE-588)4045895-7,Fotografie,y,photography,,,
(DE-588)4059534-1,Terrorismus,n,,,,
(DE-588)4061418-9,Übersetzung,n,,,,
(DE-588)4067488-5,Zeitschrift,n,,,,
(DE-588)4135467-9,Ausstellungskatalog,y,exhibition-catalog,,,
(DE-588)4135952-5,Quelle,n,,,,
(DE-588)4143413-4,Aufsatzsammlung,n,,,,
(DE-588)4145395-5,Bildband,n,,,,
(DE-588)4153591-1,Faksimile,y,facsimile,,,
(DE-588)4159043-0,Pressendruck,n,,,,
(DE-588)4185770-7,Toter,n,,,
(DE-588)4188171-0,Verzeichnis,n,,,,
(DE-588)4189680-4,Werkverzeichnis,n,,,,
(DE-588)4229053-3,Künstlerbuch,n,,,,
(DE-588)7597887-8,Blu-Ray-Disc,y,blu-ray-disc,,,
(DE-627)104221534,Übersetzung,n,,,,
(DE-627)104339624,Faksimile,y,facsimile,,,
(DE-627)104434880,Fotografie,y,photography,,,
(DE-627)104449705,Toter,n,,,,
(DE-627)104450835,Bildband,n,,,,
(DE-627)104464909,Werkverzeichnis,n,,,,
(DE-627)10454466X,Zeitschrift,n,,,,
(DE-627)104559683,Film,n,,,,
(DE-627)104767812,Interview,n,,,,
(DE-627)104768029,Umfrage,n,,,,
(DE-627)104814519,Bibliografie,n,,,,
(DE-627)10495146X,Künstlerbuch,n,,,,
(DE-627)105266639,Verzeichnis,n,,,,
(DE-627)105488402,Pressendruck,n,,,,
(DE-627)105605727,Aufsatzsammlung,n,,,,
(DE-627)105661236,Quelle,n,,,,
(DE-627)10566491X,Ausstellungskatalog,y,exhibition-catalog,,,
(DE-627)106143212,Terrorismus,n,,,,
(DE-627)106317032,Gespräch,n,,,,
(DE-627)106338749,Englisch,n,,,,
(DE-627)106350188,Diagramm,y,chart-diagram,,,
(DE-627)106376934,Bilderbuch,n,,,,
(DE-627)106394134,Anthologie,y,anthology,,,
(DE-627)556092260,Blu-Ray-Disc,y,blu-ray-disc,,,
(DE-627)826484824,Konferenzschrift,n,,,,
(NL-LeOCL)077600088,21.22 history of drawing.,n,,,,
(OCoLC)fst01411628,History. | History,n,,,,
(OCoLC)fst01411635,"Criticism, interpretation, etc.",n,,,,
(OCoLC)fst01411635.,"Criticism, interpretation, etc.",n,,,,
(OCoLC)fst01411637,Juvenile works.,n,,,,
(OCoLC)fst01411641,Periodicals. | Periodicals,n,,,,
(OCoLC)fst01423687,Aerial views.,n,,,,
(OCoLC)fst01423692,Catalogs,n,,,,
(OCoLC)fst01423702,Art. | Art,n,,,,
(OCoLC)fst01423702.,Art.,n,,,,
(OCoLC)fst01423718,Drawings,y,drawing,process-technique,Drawing,
(OCoLC)fst01423760,Reviews.,n,,,
(OCoLC)fst01423787,Fiction | Fiction.,y,fiction,,,
(OCoLC)fst01423791,Translations,n,,,,
(OCoLC)fst01423792,Quotations.,y,quotations,,,
(OCoLC)fst01423828,Poetry. | Poetry,y,poetry,,,
(OCoLC)fst01423832,Interviews. | Interviews,n,,,,
(OCoLC)fst01423840,"Parodies, imitations, etc.",n,,,,
(OCoLC)fst01423861,Specimens. | Specimens,n,,,,
(OCoLC)fst01423861.,Specimens.,n,,,,
(OCoLC)fst01423873,Illustrated works.,n,,,,
(OCoLC)fst01423874,Pictorial works. | Pictorial works,n,,,,
(OCoLC)fst01423874.,Pictorial works.,n,,,,
(OCoLC)fst01423877.,Handbooks and manuals.,y,guide-manual,,,
(OCoLC)fst01423879,Drama.,n,,,,
(OCoLC)fst01423883,Discographies.,y,discography,genre-format,Discography,
(OCoLC)fst01424028,Exhibition catalogs | Exhibition catalogs.,y,exhibition-catalog,,,
(OCoLC)fst01424028.,Exhibition catalogs.,y,exhibition-catalog,,,
(OCoLC)fst01424187,"Exhibition, pictorial works",n,,,,
(OCoLC)fst01726453,Academic theses,n,,,,
(OCoLC)fst01726603,Experimental poetry,y,poetry,,,
(OCoLC)fst01726604,Fables,n,,,,
(OCoLC)fst01726630.,Graphic novels.,y,graphic-novel,,,
(OCoLC)fst01726649,Humorous fiction,y,fiction,,,
(OCoLC)fst01726740,Short stories,y,short-stories,,,
(OCoLC)fst01726766,Toy and movable books.,n,,,,
(OCoLC)fst01726767.,Underground comics.,y,comics,,,
(OCoLC)fst01726771,Visual poetry,y,poetry,,,
(OCoLC)fst01750153,Artists' books | Artists' books.,n,,,,
(OCoLC)fst01750153.,Artists' books.,n,,,,
(OCoLC)fst01752725,Cookbooks,y,cookbook,,,
(OCoLC)fst01919896,Biographies,y,biography,,,
(OCoLC)fst01919950,Photobooks,y,photobook,,,
(OCoLC)fst01919955.,Pop-up books.,y,pop-up-element,,,
(OCoLC)fst01919987.,Zines.,n,zine,,,
(OCoLC)fst01921613.,Comics (Graphic works),y,comics,,,
(OCoLC)fst01922510,Prose poems,n,,,,
(OCoLC)fst01922539,Satirical literature,n,,,,
(OCoLC)fst01985328,Songs and music,y,song,,,
(OCoLC)fst01986255,Screen prints,y,screen-printing,,,
(OCoLC)fst01986487,Autobiographical fiction,n,,,,
(uri) http://id.loc.gov/authorities/genreForms/gf2014026057,Catalogs,n,,,,
(uri) http://id.loc.gov/authorities/genreForms/gf2014026139,Periodicals,n,,,,
(uri) http://id.loc.gov/authorities/genreForms/gf2014026339,Fiction,y,fiction,,,
(uri) http://id.worldcat.org/fast/fst01411641,Periodicals,n,,,,
11F4,Madonna: i.e. Mary with the Christ-child.,n,,,,
11H(JOHN THE BAPTIST),"John the Baptist; possible attributes: book, reed cross, baptismal cup, honeycomb, lamb, staff.",n,,,,
11H(LOUIS OF TOULOUSE),"Louis of Anjou, son of the king of Naples, Franciscan friar, and bishop of Toulouse; possible attributes: fleur-de-lis on his cope, crown and sceptre.",n,,,,
61B2(JEAN DE BERRY),historical person (with NAME),n,,,,
aat|accordion-books,accordion books.,y,accordion-binding,,,
aat|acrylic-sheet,Acrylic sheet.,y,acrylic-sheet,material,Acrylic sheet,
aat|alphabet-books,Alphabet books.,y,alphabet-book,,,
aat|altered-books,Altered books.,y,altered-book,,,
aat|anaglyphs,Anaglyphs.,y,photography,,,
aat|anthologies,anthologies.,y,anthology,,,
aat|appropriation-art,Appropriation art.,n,,,,
aat|aquatints,Aquatints,y,aquatint,,,
aat|aritsts-books,Aritsts' books.,n,,,,
aat|art-photography,art photography | art photography.,y,photography,,,
aat|artificial-fur,Artificial fur.,y,artificial-fur,material,Artificial fur,
aat|artist-s-books,Artist's books.,n,,,,
aat|artist-s-books-books,Artist's books (books),n,,,,
aat|artists-books,Artists' books. | Artists' books | Artists'books.,n,,,,
aat|artists-periodicals,Artists' periodicals,n,,,,
aat|auction-catalogs,auction catalogs.,n,,,,
aat|authors-presentation-copies,Authors' presentation copies. | authors' presentation copies.,n,,,,
aat|autobiographies-literary-genre,Autobiographies (literary genre),y,biography,,,
aat|avant-garde,Avant-garde.,n,,,,
aat|axonometric-projections-images,axonometric projections (images),y,axonometric-projection,genre-form,Anxometric projection,
aat|bamboo,Bamboo,y,bamboo,material,Bamboo,
aat|bas-reliefs-sculpture,Bas-reliefs (sculpture),y,sculpture,process-technique,Sculpture,
aat|bestiaries,bestiaries | bestiaries.,y,bestiary,genre-form,Bestiary,
aat|binding,Binding,n,,,,
aat|biomorphic-abstraction,biomorphic abstraction.,n,,,,
aat|blind-embossing,Blind embossing.,y,blind-embossing,process-technique,Blind embossing,
aat|book-cloth-textile-material,Book cloth (textile material),y,book-cloth,material,Book cloth,
aat|bookworks,Bookworks. | bookworks | bookworks.,n,,,,
aat|boxes-containers,Boxes (containers) | Boxes (containers).,y,box,,,
aat|brass-alloy,Brass (alloy),y,metal,,,
aat|broadsides,Broadsides. | Broadsides,y,braodside,structure-format,Broadside,
aat|cadavres-exquis,Cadavres exquis.,y,exquisite-corpse,structure-format,Exquisite corpse,
aat|canvas-textile-material,Canvas (textile material).,y,canvas,,,
aat|cardboard,Cardboard.,y,cardboard,,,
aat|carousel-books,Carousel books.,y,carousel-book,structure-format,Carousel book,
aat|chevron-twill,Chevron twill.,y,textile,,,
aat|chine-coll-process,Chine collé (process).,y,chine-collé,process-technique,Chine collé,
aat|chine-colle,Chine collé,y,chine-colle,,,
aat|cloth,Cloth.,y,cloth,,,
aat|collaboration,Collaboration.,y,collaborative-work,,,
aat|collage,Collage.,y,collage,,,
aat|collage-technique,Collage (technique),y,collage,,,
aat|collages-visual-works,Collages (visual works),y,collage,,,
aat|collograph-printing,Collograph printing.,y,collograph-printing,process-technique,Collograph printing,
aat|collographs,Collographs.,y,collograph-printing,,,
aat|color-ink-jet-printing,Color ink jet printing,y,inkjet-printing,,,
aat|color-lithographs,Color lithographs,y,lithography,,,
aat|color-photocopies,Color photocopies.,y,photocopy,structure-format,photocopy
aat|color-prints,Color prints,n,,,,
aat|comics,Comics.,y,comics,,,
aat|comics-documents,Comics (documents),n,,,,
aat|computer-graphics,Computer graphics.,n,,,,
aat|concrete-poems,Concrete poems,y,poetry,,,
aat|concrete-poetry,Concrete poetry | concrete poetry. | Concrete poetry.,y,poetry,,,
aat|coptic-bindings,Coptic bindings.,y,coptic-binding,,,
aat|copy-art,Copy art. | Copy art,n,,,,
aat|cut-paper-work,Cut-paper work.,y,cut-paper-work,,,
aat|cutouts,Cutouts.,y,cut-paper-work,,,
aat|debossing,Debossing.,y,debossing,process-technique,Debossing,
aat|digital-prints,Digital prints.,y,digital-printing,process-technique,Digital printing,
aat|dioramas,Dioramas.,y,diorama,structure-format,Dioramas,
aat|dowels,Dowels,y,dowel,,,
aat|drawings-visual-works,Drawings (visual works),y,drawing,,,
aat|e-books,e-books.,y,e-book,genre-form,E-book
aat|embossing-technique,Embossing (technique),y,embossing,process-technique,Embossing
aat|embroidery-visual-works,Embroidery (visual works).,y,embroidery-visual-works,technique,Embroidery (visual works),auto: NEW technique concept (best-guess); REVIEW id/label/category
aat|encyclopedias,Encyclopedias.,n,,,,auto: unclassified; REVIEW
aat|engravings,Engravings,y,engravings,production-printing,Engravings,auto: NEW production-printing concept (best-guess); REVIEW id/label/category
aat|engravings-prints,Engravings (prints),y,engravings-prints,production-printing,Engravings (prints),auto: NEW production-printing concept (best-guess); REVIEW id/label/category
aat|envelopes,Envelopes.,n,,,,auto: unclassified; REVIEW
aat|ephemera-general-object-genre,Ephemera (general object genre).,n,,,,"auto: genre/subject heading, not a construction method; VERIFY"
aat|etching-printing-process,Etching (printing process).,y,etching,production-printing,Etching,"auto: reconciled to existing concept ""etching""; VERIFY"
aat|etchings,Etchings | Etchings.,y,etching,production-printing,Etching,"auto: reconciled to existing concept ""etching""; VERIFY"
aat|etchings-prints,Etchings (prints).,y,etching,production-printing,Etching,"auto: reconciled to existing concept ""etching""; VERIFY"
aat|exhibition-catalogs,Exhibition catalogs | Exhibition catalogs. | exhibition catalogs.,n,,,,"auto: genre/subject heading, not a construction method; VERIFY"
aat|fables,fables.,n,,,,"auto: genre/subject heading, not a construction method; VERIFY"
aat|facsimiles-reproductions,Facsimiles (Reproductions),n,,,,"auto: genre/subject heading, not a construction method; VERIFY"
aat|felt-textile,Felt (textile).,y,felt-textile,material,Felt (textile),auto: NEW material concept (best-guess); REVIEW id/label/category
aat|felt-work,Felt work.,y,felt-work,material,Felt work,auto: NEW material concept (best-guess); REVIEW id/label/category
aat|film-canisters,Film canisters.,n,,,,auto: unclassified; REVIEW
aat|flip-books,Flip books. | Flip books,y,flip-books,binding-format,Flip books,"auto: reconciled to existing concept ""flip-books""; VERIFY"
aat|fluxus,Fluxus.,n,,,,auto: unclassified; REVIEW
aat|foil-stamping,Foil stamping.,y,foil-stamping,production-printing,Foil stamping,"auto: reconciled to existing concept ""foil-stamping""; VERIFY"
aat|folded-books,Folded books | Folded books.,y,folded-books,binding-format,Folded books,"auto: reconciled to existing concept ""folded-books""; VERIFY"
aat|foldouts,Foldouts.,y,foldouts,binding-format,Foldouts,"auto: reconciled to existing concept ""foldouts""; VERIFY"
aat|forms-documents,Forms (documents),n,,,,auto: unclassified; REVIEW
aat|games,games.,n,,,,auto: unclassified; REVIEW
aat|gelatin-silver-prints,Gelatin silver prints,y,gelatin-silver-prints,production-printing,Gelatin silver prints,auto: NEW production-printing concept (best-guess); REVIEW id/label/category
aat|glassine,Glassine.,y,glassine,material,Glassine,auto: NEW material concept (best-guess); REVIEW id/label/category
aat|gouaches-paintings,Gouaches (paintings),n,,,,"auto: genre/subject heading, not a construction method; VERIFY"
aat|graphzines,Graphzines,n,,,,auto: unclassified; REVIEW
aat|greeting-cards,Greeting cards.,n,,,,"auto: genre/subject heading, not a construction method; VERIFY"
aat|hand-composition,Hand composition.,n,,,,auto: unclassified; REVIEW
aat|handmade-books,Handmade books,y,handmade,technique,Handmade,"auto: reconciled to existing concept ""handmade""; VERIFY"
aat|handmade-paper,Handmade paper.,y,handmade-paper,material,Handmade paper,"auto: reconciled to existing concept ""handmade-paper""; VERIFY"
aat|handmade-papers,Handmade papers.,y,handmade-paper,material,Handmade paper,"auto: reconciled to existing concept ""handmade-paper""; VERIFY"
aat|handmade-papers-fiber-product,Handmade papers (fiber product),y,handmade-paper,material,Handmade paper,"auto: reconciled to existing concept ""handmade-paper""; VERIFY"
aat|handwriting,Handwriting.,n,,,,"auto: genre/subject heading, not a construction method; VERIFY"
aat|hardcover-books,Hardcover books.,n,,,,auto: unclassified; REVIEW
aat|hinges-hardware,Hinges (hardware).,n,,,,auto: unclassified; REVIEW
aat|illuminated-manuscripts-manuscripts-document-genre,Illuminated manuscripts (manuscripts (document genre)),n,,,,auto: unclassified; REVIEW
aat|illustrated-books,illustrated books.,n,,,,auto: unclassified; REVIEW
aat|ink,Ink.,y,ink,material,Ink,auto: NEW material concept (best-guess); REVIEW id/label/category
aat|inkjet-prints,Inkjet prints. | Inkjet prints,y,inkjet-prints,production-printing,Inkjet prints,"auto: reconciled to existing concept ""inkjet-prints""; VERIFY"
aat|intaglio-prints,Intaglio prints.,y,intaglio-prints,production-printing,Intaglio prints,auto: NEW production-printing concept (best-guess); REVIEW id/label/category
aat|japanese-paper-handmade-paper,Japanese paper (handmade paper).,y,japanese-paper-handmade-paper,material,Japanese paper (handmade paper),auto: NEW material concept (best-guess); REVIEW id/label/category
aat|labels-identifying-artifacts,Labels (identifying artifacts),n,,,,auto: unclassified; REVIEW
aat|laser-beam-cutting,Laser beam cutting.,n,,,,auto: unclassified; REVIEW
aat|leterpress-printing,Leterpress printing,n,,,,auto: unclassified; REVIEW
aat|letterpress-printing,Letterpress printing. | Letterpress printing,y,letterpress-printing,production-printing,Letterpress printing,"auto: reconciled to existing concept ""letterpress-printing""; VERIFY"
aat|letters-correspondence,Letters (correspondence).,n,,,,"auto: genre/subject heading, not a construction method; VERIFY"
aat|limited-editions,limited editions. | Limited editions.,n,,,,"auto: genre/subject heading, not a construction method; VERIFY"
aat|limp-bindings,Limp bindings.,y,limp-bindings,binding-format,Limp bindings,auto: NEW binding-format concept (best-guess); REVIEW id/label/category
aat|line-drawings,Line drawings,n,,,,"auto: genre/subject heading, not a construction method; VERIFY"
aat|linocuts,Linocuts | Linocuts.,y,linocuts,production-printing,Linocuts,"auto: reconciled to existing concept ""linocuts""; VERIFY"
aat|linocuts-prints,Linocuts (prints),y,linocuts,production-printing,Linocuts,"auto: reconciled to existing concept ""linocuts""; VERIFY"
aat|literary-format,Literary format,n,,,,auto: unclassified; REVIEW
aat|lithographs,Lithographs | Lithographs.,y,lithographs,production-printing,Lithographs,"auto: reconciled to existing concept ""lithographs""; VERIFY"
aat|lithography,Lithography,n,,,,auto: unclassified; REVIEW
aat|livres-de-peintres,livres de peintres,n,,,,auto: unclassified; REVIEW
aat|mail-art,Mail art | Mail art.,n,,,,auto: unclassified; REVIEW
aat|manipulated-photographs,Manipulated photographs,n,,,,"auto: genre/subject heading, not a construction method; VERIFY"
aat|materials,Materials,n,,,,auto: unclassified; REVIEW
aat|metallic-paper,metallic paper.,y,metallic-paper,material,Metallic paper,auto: NEW material concept (best-guess); REVIEW id/label/category
aat|miniature-books,Miniature books. | Miniature books,y,miniature-books,binding-format,Miniature books,"auto: reconciled to existing concept ""miniature-books""; VERIFY"
aat|mixed-media,Mixed media.,y,mixed-media,technique,Mixed media,"auto: reconciled to existing concept ""mixed-media""; VERIFY"
aat|models-representations,Models (representations),n,,,,auto: unclassified; REVIEW
aat|monotypes,Monotypes.,n,,,,auto: unclassified; REVIEW
aat|monotypes-planographic-prints,Monotypes (Planographic prints).,n,,,,auto: unclassified; REVIEW
aat|movable-books,Movable books | Movable books.,y,movable-books,binding-format,Toy and movable books,"auto: reconciled to existing concept ""movable-books""; VERIFY"
aat|moveable-books,Moveable books.,n,,,,auto: unclassified; REVIEW
aat|multimedia-works,Multimedia works,n,,,,auto: unclassified; REVIEW
aat|multiple,Multiple.,n,,,,auto: unclassified; REVIEW
aat|multiples,multiples. | Multiples. | Multiples,n,,,,auto: unclassified; REVIEW
aat|mylar-tm,Mylar (TM),y,mylar-tm,material,Mylar (TM),auto: NEW material concept (best-guess); REVIEW id/label/category
aat|novels,novels.,n,,,,"auto: genre/subject heading, not a construction method; VERIFY"
aat|numbered-limited-editions,Numbered limited editions,n,,,,"auto: genre/subject heading, not a construction method; VERIFY"
aat|nylon,Nylon.,n,,,,auto: unclassified; REVIEW
aat|offset-halftones,Offset halftones,y,offset-halftones,production-printing,Offset halftones,auto: NEW production-printing concept (best-guess); REVIEW id/label/category
aat|offset-lithographs,Offset lithographs | offset lithographs.,y,offset-lithographs,production-printing,Offset lithographs,auto: NEW production-printing concept (best-guess); REVIEW id/label/category
aat|offset-lithography,Offset lithography. | Offset lithography,y,offset-lithography,production-printing,Offset lithography,auto: NEW production-printing concept (best-guess); REVIEW id/label/category
aat|offset-printed-halftones,Offset-printed halftones,y,offset-printed-halftones,production-printing,Offset-printed halftones,auto: NEW production-printing concept (best-guess); REVIEW id/label/category
aat|offset-printing,Offset printing. | Offset printing,y,offset-printing,production-printing,Offset printing,"auto: reconciled to existing concept ""offset-printing""; VERIFY"
aat|organic-materials,Organic materials.,n,,,,auto: unclassified; REVIEW
aat|original-color,Original color.,n,,,,auto: unclassified; REVIEW
aat|palladium-prints,Palladium prints.,n,,,,auto: unclassified; REVIEW
aat|pamphlet-bindings,Pamphlet bindings.,y,pamphlet-bindings,binding-format,Pamphlet bindings,"auto: reconciled to existing concept ""pamphlet-bindings""; VERIFY"
aat|pamphlets,Pamphlets.,y,pamphlet-bindings,binding-format,Pamphlet bindings,"auto: reconciled to existing concept ""pamphlet-bindings""; VERIFY"
aat|paper-cutouts,Paper cutouts,y,paper-cutouts,material,Paper cutouts,auto: NEW material concept (best-guess); REVIEW id/label/category
aat|paper-scupltors,Paper scupltors.,y,paper-scupltors,material,Paper scupltors,auto: NEW material concept (best-guess); REVIEW id/label/category
aat|paperwork,Paperwork.,n,,,,auto: unclassified; REVIEW
aat|papier-m-ch,Papier mâché.,y,papier-mache,technique,Papier-mâché,"auto: reconciled to existing concept ""papier-mache""; VERIFY"
aat|pdf,PDF.,n,,,,auto: unclassified; REVIEW
aat|perfect-binding-process,Perfect binding (process). | Perfect binding (process.,y,perfect-binding-process,binding-format,Perfect binding (process,auto: NEW binding-format concept (best-guess); REVIEW id/label/category
aat|performance-art-documents,Performance art documents.,n,,,,auto: unclassified; REVIEW
aat|periodicals,Periodicals | periodicals.,n,,,,auto: unclassified; REVIEW
aat|phonograph-records,phonograph records.,n,,,,auto: unclassified; REVIEW
aat|photocollages-photographic-compositions,Photocollages (photographic compositions).,n,,,,auto: unclassified; REVIEW
aat|photocopies,Photocopies. | photocopies.,n,,,,auto: unclassified; REVIEW
aat|photographic-prints,Photographic prints.,n,,,,auto: unclassified; REVIEW
aat|photographs,Photographs.,n,,,,"auto: genre/subject heading, not a construction method; VERIFY"
aat|photography,Photography.,n,,,,"auto: genre/subject heading, not a construction method; VERIFY"
aat|photogravures,Photogravures,n,,,,auto: unclassified; REVIEW
aat|photogravures-prints,Photogravures (prints),n,,,,auto: unclassified; REVIEW
aat|photomontages-visual-works,Photomontages (visual works).,n,,,,auto: unclassified; REVIEW
aat|photopolymer-plates-printing-plates,Photopolymer plates (printing plates).,n,,,,auto: unclassified; REVIEW
aat|pigment-prints,Pigment prints | Pigment prints.,y,pigment-prints,production-printing,Pigment prints,auto: NEW production-printing concept (best-guess); REVIEW id/label/category
aat|pins-fasteners,Pins (fasteners).,n,,,,auto: unclassified; REVIEW
aat|plant-material,Plant material.,y,plant-material,material,Plant material,"auto: reconciled to existing concept ""plant-material""; VERIFY"
aat|plastic-laminate,Plastic laminate,y,plastic-laminate,material,Plastic laminate,auto: NEW material concept (best-guess); REVIEW id/label/category
aat|playing-cards,Playing cards.,n,,,,"auto: genre/subject heading, not a construction method; VERIFY"
aat|plays,Plays,n,,,,auto: unclassified; REVIEW
aat|pochoir,Pochoir | Pochoir.,y,pochoir,production-printing,Pochoir,"auto: reconciled to existing concept ""pochoir""; VERIFY"
aat|poems,Poems | poems.,n,,,,"auto: genre/subject heading, not a construction method; VERIFY"
aat|poetry,poetry.,n,,,,"auto: genre/subject heading, not a construction method; VERIFY"
aat|postage-stamps,Postage stamps.,n,,,,auto: unclassified; REVIEW
aat|postcards,Postcards. | Postcards,n,,,,"auto: genre/subject heading, not a construction method; VERIFY"
aat|printed-cloth-bindings-gathered-matter-components,Printed cloth bindings (gathered matter components.,y,printed-cloth-bindings-gathered-matter-components,binding-format,Printed cloth bindings (gathered matter components,auto: NEW binding-format concept (best-guess); REVIEW id/label/category
aat|printing-production-method,Printing/production method,n,,,,auto: unclassified; REVIEW
aat|prints,Prints,n,,,,auto: unclassified; REVIEW
aat|prints-visual-works,Prints (visual works),n,,,,auto: unclassified; REVIEW
aat|production-format,Production format,n,,,,auto: unclassified; REVIEW
aat|publication-format,Publication format,n,,,,auto: unclassified; REVIEW
aat|pyrography,Pyrography,n,,,,auto: unclassified; REVIEW
aat|rabbit-hair,Rabbit hair.,n,,,,auto: unclassified; REVIEW
aat|rabbit-skin,Rabbit skin.,n,,,,auto: unclassified; REVIEW
aat|rare-books,Rare books.,n,,,,auto: unclassified; REVIEW
aat|recycled-materials,Recycled materials.,n,,,,auto: unclassified; REVIEW
aat|relief-prints,Relief prints.,y,relief-prints,production-printing,Relief prints,"auto: reconciled to existing concept ""relief-prints""; VERIFY"
aat|reproductive-prints,Reproductive prints,n,,,,auto: unclassified; REVIEW
aat|ribbon-material,Ribbon (material).,y,ribbon,material,Ribbon,"auto: reconciled to existing concept ""ribbon""; VERIFY"
aat|rubber-stamp-art,Rubber stamp art,y,rubber-stamp-art,technique,Rubber stamp art,auto: NEW technique concept (best-guess); REVIEW id/label/category
aat|rubber-stamp-printing,Rubber stamp printing.,y,rubber-stamp-printing,technique,Rubber stamp printing,auto: NEW technique concept (best-guess); REVIEW id/label/category
aat|saddle-stitching,Saddle stitching.,y,saddle-stitching,technique,Saddle stitching,auto: NEW technique concept (best-guess); REVIEW id/label/category
aat|samples,Samples.,n,,,,"auto: genre/subject heading, not a construction method; VERIFY"
aat|sand,Sand.,y,sand,material,Sand,"auto: reconciled to existing concept ""sand""; VERIFY"
aat|satin,Satin.,n,,,,auto: unclassified; REVIEW
aat|screen-printing,Screen printing,y,screen-printing,production-printing,Screen printing,"auto: reconciled to existing concept ""screen-printing""; VERIFY"
aat|screen-prints,Screen prints | Screen prints.,y,screen-printing,production-printing,Screen printing,"auto: reconciled to existing concept ""screen-printing""; VERIFY"
aat|screenprints,Screenprints,n,,,,auto: unclassified; REVIEW
aat|scrolls-information-artifacts,Scrolls (information artifacts),y,scrolls,binding-format,Scrolls,"auto: reconciled to existing concept ""scrolls""; VERIFY"
aat|shaped-books,Shaped books | Shaped books.,y,shaped-books,binding-format,Shaped books,"auto: reconciled to existing concept ""shaped-books""; VERIFY"
aat|short-stories,short stories.,n,,,,auto: unclassified; REVIEW
aat|side-stitching,Side stitching.,y,side-stitching,technique,Side stitching,auto: NEW technique concept (best-guess); REVIEW id/label/category
aat|signed-limited-editions,Signed limited editions,n,,,,"auto: genre/subject heading, not a construction method; VERIFY"
aat|slipcases,Slipcases.,y,slipcases,binding-format,Slipcases,"auto: reconciled to existing concept ""slipcases""; VERIFY"
aat|soft-ground-etchings,Soft-ground etchings,y,soft-ground-etchings,production-printing,Soft-ground etchings,auto: NEW production-printing concept (best-guess); REVIEW id/label/category
aat|sound-recordings,Sound recordings. | sound recordings.,n,,,,auto: unclassified; REVIEW
aat|stabbing-binding,Stabbing (Binding).,y,stabbing-binding,binding-format,Stabbing (Binding),auto: NEW binding-format concept (best-guess); REVIEW id/label/category
aat|stamping-marking,Stamping (marking) | Stamping (marking).,y,stamping,technique,Stamping,"auto: reconciled to existing concept ""stamping""; VERIFY"
aat|stamps-marks,Stamps (marks),n,,,,auto: unclassified; REVIEW
aat|staple-binding,Staple binding.,y,staple-bindings,binding-format,Staple bindings,"auto: reconciled to existing concept ""staple-bindings""; VERIFY"
aat|staple-bindings,Staple bindings.,y,staple-bindings,binding-format,Staple bindings,"auto: reconciled to existing concept ""staple-bindings""; VERIFY"
aat|stenciling-process,Stenciling (process) | Stenciling (process).,n,,,,auto: unclassified; REVIEW
aat|stencils-visual-works,Stencils (visual works),y,stencil-prints,production-printing,Stencil prints,"auto: reconciled to existing concept ""stencil-prints""; VERIFY"
aat|stone-worked-rock,Stone (worked rock).,y,stone-worked-rock,material,Stone (worked rock),auto: NEW material concept (best-guess); REVIEW id/label/category
aat|thread,Thread.,y,thread,material,Thread,auto: NEW material concept (best-guess); REVIEW id/label/category
aat|three-dimensional,Three-dimensional.,n,,,,auto: unclassified; REVIEW
aat|transparent-paper,Transparent paper. | transparent paper.,y,transparent-paper,material,Transparent paper,auto: NEW material concept (best-guess); REVIEW id/label/category
aat|twill,Twill.,n,,,,auto: unclassified; REVIEW
aat|twine,Twine.,n,,,,auto: unclassified; REVIEW
aat|typewriting,Typewriting.,n,,,,auto: unclassified; REVIEW
aat|urine,Urine.,n,,,,auto: unclassified; REVIEW
aat|velvet-fabric-weave,Velvet (fabric weave).,y,velvet-fabric-weave,material,Velvet (fabric weave),auto: NEW material concept (best-guess); REVIEW id/label/category
aat|vinyl,vinyl.,y,vinyl,material,Vinyl,auto: NEW material concept (best-guess); REVIEW id/label/category
aat|visual-analysis,Visual analysis,n,,,,auto: unclassified; REVIEW
aat|visual-poetry,visual poetry. | Visual poetry,n,,,,"auto: genre/subject heading, not a construction method; VERIFY"
aat|volvelles,Volvelles.,n,,,,auto: unclassified; REVIEW
aat|watercolor-paint,Watercolor (paint),n,,,,auto: unclassified; REVIEW
aat|watercolors-paintings,Watercolors (paintings),n,,,,"auto: genre/subject heading, not a construction method; VERIFY"
aat|wood-plant-material,Wood (plant material).,y,wood,material,Wood,"auto: reconciled to existing concept ""wood""; VERIFY"
aat|wood-pulp-paper,Wood pulp paper,y,wood-pulp-paper,material,Wood pulp paper,auto: NEW material concept (best-guess); REVIEW id/label/category
aat|woodcuts,Woodcuts,y,woodcuts,production-printing,Woodcuts,"auto: reconciled to existing concept ""woodcuts""; VERIFY"
bisacsh|poetry-american-general,POETRY / American / General.,n,,,,"auto: genre/subject heading, not a construction method; VERIFY"
cct|science-fiction,Science fiction.,n,,,,"auto: genre/subject heading, not a construction method; VERIFY"
cct|sea-stories,Sea stories.,n,,,,auto: unclassified; REVIEW
cct|submarines-ships,Submarines (Ships),n,,,,auto: unclassified; REVIEW
cct|toy-and-movable-books,Toy and movable books | Toy and movable books.,y,movable-books,binding-format,Toy and movable books,"auto: reconciled to existing concept ""movable-books""; VERIFY"
fast|art,Art,n,,,,auto: unclassified; REVIEW
fast|bestiaries,Bestiaries,n,,,,auto: unclassified; REVIEW
fast|commemorative-works,Commemorative works,n,,,,auto: unclassified; REVIEW
fast|criticism-interpretation-etc,"Criticism, interpretation, etc.",n,,,,"auto: genre/subject heading, not a construction method; VERIFY"
fast|exhibition-catalogs,Exhibition catalogs,n,,,,"auto: genre/subject heading, not a construction method; VERIFY"
fast|fiction,Fiction,n,,,,"auto: genre/subject heading, not a construction method; VERIFY"
fast|handbooks-and-manuals,Handbooks and manuals. | Handbooks and manuals,n,,,,"auto: genre/subject heading, not a construction method; VERIFY"
fast|hip-hop-music,Hip-hop (Music),n,,,,auto: unclassified; REVIEW
fast|history,History,n,,,,"auto: genre/subject heading, not a construction method; VERIFY"
fast|humor,Humor,n,,,,auto: unclassified; REVIEW
fast|illustrated-works,Illustrated works,n,,,,auto: unclassified; REVIEW
fast|interviews,Interviews,n,,,,"auto: genre/subject heading, not a construction method; VERIFY"
fast|juvenile-works,Juvenile works,n,,,,"auto: genre/subject heading, not a construction method; VERIFY"
fast|love-poetry,Love poetry,n,,,,"auto: genre/subject heading, not a construction method; VERIFY"
fast|periodicals,Periodicals,n,,,,auto: unclassified; REVIEW
fast|personal-narratives,Personal narratives,n,,,,auto: unclassified; REVIEW
fast|photobooks,Photobooks,n,,,,"auto: genre/subject heading, not a construction method; VERIFY"
fast|popular-music,Popular music,n,,,,auto: unclassified; REVIEW
fast|portraits,Portraits,n,,,,"auto: genre/subject heading, not a construction method; VERIFY"
fast|rap-music,Rap (Music),n,,,,auto: unclassified; REVIEW
fast|rock-music,Rock music,n,,,,auto: unclassified; REVIEW
fast|sound-recordings,Sound recordings,n,,,,auto: unclassified; REVIEW
fast|toy-and-movable-books,Toy and movable books,y,movable-books,binding-format,Toy and movable books,"auto: reconciled to existing concept ""movable-books""; VERIFY"
fast|woodcuts,Woodcuts,y,woodcuts,production-printing,Woodcuts,"auto: reconciled to existing concept ""woodcuts""; VERIFY"
gmgpc|artists-books,Artists' books,n,,,,"auto: genre/subject heading, not a construction method; VERIFY"
gmgpc|banners,Banners,n,,,,auto: unclassified; REVIEW
gmgpc|baseball-cards,Baseball cards,n,,,,"auto: genre/subject heading, not a construction method; VERIFY"
gmgpc|digital-prints,Digital prints,y,digital-prints,production-printing,Digital prints,auto: NEW production-printing concept (best-guess); REVIEW id/label/category
gmgpc|drawings,Drawings,n,,,,"auto: genre/subject heading, not a construction method; VERIFY"
gmgpc|etchings,Etchings | Etchings.,y,etching,production-printing,Etching,"auto: reconciled to existing concept ""etching""; VERIFY"
gmgpc|frontispieces,Frontispieces,n,,,,auto: unclassified; REVIEW
gmgpc|glass-negatives,Glass negatives.,y,glass-negatives,material,Glass negatives,auto: NEW material concept (best-guess); REVIEW id/label/category
gmgpc|inkjet-prints,Inkjet prints,y,inkjet-prints,production-printing,Inkjet prints,"auto: reconciled to existing concept ""inkjet-prints""; VERIFY"
gmgpc|lithographs,Lithographs.,y,lithographs,production-printing,Lithographs,"auto: reconciled to existing concept ""lithographs""; VERIFY"
gmgpc|offset-lithographs,Offset lithographs,y,offset-lithographs,production-printing,Offset lithographs,auto: NEW production-printing concept (best-guess); REVIEW id/label/category
gmgpc|palladium-prints,Palladium prints,n,,,,auto: unclassified; REVIEW
gmgpc|pochoir-prints,Pochoir prints,y,pochoir,production-printing,Pochoir,"auto: reconciled to existing concept ""pochoir""; VERIFY"
gmgpc|student-works,Student works,n,,,,auto: unclassified; REVIEW
gmgpc|transparencies,Transparencies,n,,,,auto: unclassified; REVIEW
gmgpc|woodcuts,Woodcuts.,y,woodcuts,production-printing,Woodcuts,"auto: reconciled to existing concept ""woodcuts""; VERIFY"
gnd-content|ausstellungskatalog,Ausstellungskatalog,n,,,,"auto: genre/subject heading, not a construction method; VERIFY"
gnd-content|k-nstlerbuch,Künstlerbuch,n,,,,auto: unclassified; REVIEW
gnd|bildband,Bildband,n,,,,"auto: genre/subject heading, not a construction method; VERIFY"
gnd|zeichnung,Zeichnung,n,,,,auto: unclassified; REVIEW
gsafd|mystery-fiction,Mystery fiction.,n,,,,"auto: genre/subject heading, not a construction method; VERIFY"
gsafd|tragedies,Tragedies.,n,,,,auto: unclassified; REVIEW
gtt|foto-s,Foto's.,n,,,,auto: unclassified; REVIEW
gtt|jongeren,Jongeren.,n,,,,auto: unclassified; REVIEW
gtt|tekeningen,Tekeningen.,n,,,,auto: unclassified; REVIEW
homoit|children,Children.,n,,,,"auto: genre/subject heading, not a construction method; VERIFY"
homoit|family-members,Family members.,n,,,,auto: unclassified; REVIEW
homoit|girls,Girls.,n,,,,auto: unclassified; REVIEW
http://homosaurus.org/v4/homoit0001102.,LGBTQ+ performance art.,n,,,,auto: unclassified; REVIEW
http://id.loc.gov/authorities/genreForms/gf2011026406.,Motion pictures.,n,,,,auto: unclassified; REVIEW
http://id.loc.gov/authorities/genreForms/gf2014026049.,Biographies.,n,,,,auto: unclassified; REVIEW
http://id.loc.gov/authorities/genreForms/gf2014026057,Catalogs,n,,,,"auto: genre/subject heading, not a construction method; VERIFY"
http://id.loc.gov/authorities/genreForms/gf2014026139,Periodicals,n,,,,auto: unclassified; REVIEW
http://id.loc.gov/authorities/genreForms/gf2014026150,Pop-up books.,y,pop-up-books,binding-format,Pop-up books,"auto: reconciled to existing concept ""pop-up-books""; VERIFY"
http://id.loc.gov/authorities/genreForms/gf2014026151,Postcards.,n,,,,"auto: genre/subject heading, not a construction method; VERIFY"
http://id.loc.gov/authorities/genreForms/gf2014026197,Toy and movable books.,y,movable-books,binding-format,Toy and movable books,"auto: reconciled to existing concept ""movable-books""; VERIFY"
http://id.loc.gov/authorities/genreForms/gf2014026198.,Trade catalogs.,n,,,,"auto: genre/subject heading, not a construction method; VERIFY"
http://id.loc.gov/authorities/genreForms/gf2014026210,Zines.,n,,,,"auto: genre/subject heading, not a construction method; VERIFY"
http://id.loc.gov/authorities/genreForms/gf2014026231.,Autobiographical fiction.,n,,,,"auto: genre/subject heading, not a construction method; VERIFY"
http://id.loc.gov/authorities/genreForms/gf2014026266,Comics (Graphic works),n,,,,"auto: genre/subject heading, not a construction method; VERIFY"
http://id.loc.gov/authorities/genreForms/gf2014026295.,Domestic fiction.,n,,,,"auto: genre/subject heading, not a construction method; VERIFY"
http://id.loc.gov/authorities/genreForms/gf2014026327.,Fables.,n,,,,"auto: genre/subject heading, not a construction method; VERIFY"
http://id.loc.gov/authorities/genreForms/gf2014026339,Fiction,n,,,,"auto: genre/subject heading, not a construction method; VERIFY"
http://id.loc.gov/authorities/genreForms/gf2014026362,Graphic novels.,n,,,,"auto: genre/subject heading, not a construction method; VERIFY"
http://id.loc.gov/authorities/genreForms/gf2014026373,Horror fiction,n,,,,"auto: genre/subject heading, not a construction method; VERIFY"
http://id.loc.gov/authorities/genreForms/gf2014026415.,Literature.,n,,,,"auto: genre/subject heading, not a construction method; VERIFY"
http://id.loc.gov/authorities/genreForms/gf2014026419,Love poetry,n,,,,"auto: genre/subject heading, not a construction method; VERIFY"
http://id.loc.gov/authorities/genreForms/gf2014026419.,Love poetry.,n,,,,"auto: genre/subject heading, not a construction method; VERIFY"
http://id.loc.gov/authorities/genreForms/gf2014026481,Poetry,n,,,,"auto: genre/subject heading, not a construction method; VERIFY"
http://id.loc.gov/authorities/genreForms/gf2014026529.,Science fiction.,n,,,,"auto: genre/subject heading, not a construction method; VERIFY"
http://id.loc.gov/authorities/genreForms/gf2014026552.,Spoken word poetry.,n,,,,"auto: genre/subject heading, not a construction method; VERIFY"
http://id.loc.gov/authorities/genreForms/gf2014026580,Underground comics.,n,,,,"auto: genre/subject heading, not a construction method; VERIFY"
http://id.loc.gov/authorities/genreForms/gf2014027101.,Song cycles.,n,,,,auto: unclassified; REVIEW
http://id.loc.gov/authorities/genreForms/gf2014027103.,Songs.,n,,,,auto: unclassified; REVIEW
http://id.loc.gov/authorities/genreForms/gf2014027107.,Soundscapes (Music),n,,,,auto: unclassified; REVIEW
http://id.loc.gov/authorities/genreForms/gf2015026020,Novels,n,,,,"auto: genre/subject heading, not a construction method; VERIFY"
http://id.loc.gov/authorities/genreForms/gf2017027220,Artists' books. | Artists' books,n,,,,"auto: genre/subject heading, not a construction method; VERIFY"
http://id.loc.gov/authorities/genreForms/gf2017027230,Documentary photographs.,n,,,,"auto: genre/subject heading, not a construction method; VERIFY"
http://id.loc.gov/authorities/genreForms/gf2017027240.,Linocuts.,y,linocuts,production-printing,Linocuts,"auto: reconciled to existing concept ""linocuts""; VERIFY"
http://id.loc.gov/authorities/genreForms/gf2017027252.,Playing cards.,n,,,,"auto: genre/subject heading, not a construction method; VERIFY"
http://id.loc.gov/authorities/genreForms/gf2017027256.,Relief prints.,y,relief-prints,production-printing,Relief prints,"auto: reconciled to existing concept ""relief-prints""; VERIFY"
http://id.loc.gov/authorities/genreForms/gf2018026002.,Gay poetry.,n,,,,"auto: genre/subject heading, not a construction method; VERIFY"
http://id.loc.gov/authorities/genreForms/gf2020026003.,Alphabet books.,n,,,,auto: unclassified; REVIEW
http://id.loc.gov/authorities/genreForms/gf2025026022,Translations.,n,,,,"auto: genre/subject heading, not a construction method; VERIFY"
http://id.loc.gov/authorities/subjects/gf2017027220,Artists' books. | Artists' books,n,,,,"auto: genre/subject heading, not a construction method; VERIFY"
http://id.loc.gov/authorities/subjects/sh85008302,Artists' books.,n,,,,"auto: genre/subject heading, not a construction method; VERIFY"
http://id.loc.gov/vocabulary/rbmscv/cv00063.,Marbled papers.,y,marbled-papers,material,Marbled papers,auto: NEW material concept (best-guess); REVIEW id/label/category
http://id.loc.gov/vocabulary/rbmscv/cv00179.,Authors' inscriptions.,n,,,,auto: unclassified; REVIEW
http://id.loc.gov/vocabulary/rbmscv/cv00494.,Embossed paper bindings.,y,embossed-paper-bindings,binding-format,Embossed paper bindings,auto: NEW binding-format concept (best-guess); REVIEW id/label/category
http://id.loc.gov/vocabulary/rbmscv/cv00985.,Juvenile literature.,n,,,,"auto: genre/subject heading, not a construction method; VERIFY"
http://id.loc.gov/vocabulary/rbmscv/cv01639.,Notebooks.,n,,,,auto: unclassified; REVIEW
http://id.loc.gov/vocabulary/rbmscv/cv02058.,Zines.,n,,,,"auto: genre/subject heading, not a construction method; VERIFY"
http://id.loc.gov/vocabulary/rbmscv/cv02061.,Fanzines.,n,,,,auto: unclassified; REVIEW
http://id.nlm.nih.gov/mesh/D019528.,Lecture Note.,n,,,,auto: unclassified; REVIEW
http://id.nlm.nih.gov/mesh/D020495.,Pictorial Work.,n,,,,auto: unclassified; REVIEW
http://id.nlm.nih.gov/mesh/D055821.,Poetry.,n,,,,"auto: genre/subject heading, not a construction method; VERIFY"
http://id.worldcat.org/fast/1411636.,Early works.,n,,,,auto: unclassified; REVIEW
http://id.worldcat.org/fast/1423727.,Statistics.,n,,,,auto: unclassified; REVIEW
http://id.worldcat.org/fast/1423729.,Medical statistics.,n,,,,auto: unclassified; REVIEW
http://id.worldcat.org/fast/1423787,Fiction,n,,,,"auto: genre/subject heading, not a construction method; VERIFY"
http://id.worldcat.org/fast/1423855.,Music.,n,,,,auto: unclassified; REVIEW
http://id.worldcat.org/fast/1726252.,Motion pictures.,n,,,,auto: unclassified; REVIEW
http://id.worldcat.org/fast/1726489.,Science fiction.,n,,,,"auto: genre/subject heading, not a construction method; VERIFY"
http://id.worldcat.org/fast/1726589.,Domestic fiction.,n,,,,"auto: genre/subject heading, not a construction method; VERIFY"
http://id.worldcat.org/fast/1726604.,Fables.,n,,,,"auto: genre/subject heading, not a construction method; VERIFY"
http://id.worldcat.org/fast/1726661.,Love poetry.,n,,,,"auto: genre/subject heading, not a construction method; VERIFY"
http://id.worldcat.org/fast/1726738.,Sea stories.,n,,,,auto: unclassified; REVIEW
http://id.worldcat.org/fast/1726743.,Song cycles.,n,,,,auto: unclassified; REVIEW
http://id.worldcat.org/fast/1726744.,Songs.,n,,,,auto: unclassified; REVIEW
http://id.worldcat.org/fast/1919982.,Trade catalogs.,n,,,,"auto: genre/subject heading, not a construction method; VERIFY"
http://id.worldcat.org/fast/1920771.,Catalogues raisonnés.,n,,,,"auto: genre/subject heading, not a construction method; VERIFY"
http://id.worldcat.org/fast/1921716.,Literature.,n,,,,"auto: genre/subject heading, not a construction method; VERIFY"
http://id.worldcat.org/fast/1921737.,Spoken word poetry.,n,,,,"auto: genre/subject heading, not a construction method; VERIFY"
http://id.worldcat.org/fast/1921743.,Soundscapes (Music),n,,,,auto: unclassified; REVIEW
http://id.worldcat.org/fast/1986235.,Linocuts.,y,linocuts,production-printing,Linocuts,"auto: reconciled to existing concept ""linocuts""; VERIFY"
http://id.worldcat.org/fast/1986258.,Relief prints.,y,relief-prints,production-printing,Relief prints,"auto: reconciled to existing concept ""relief-prints""; VERIFY"
http://id.worldcat.org/fast/1986271.,Playing cards.,n,,,,"auto: genre/subject heading, not a construction method; VERIFY"
http://id.worldcat.org/fast/1986487.,Autobiographical fiction.,n,,,,"auto: genre/subject heading, not a construction method; VERIFY"
http://id.worldcat.org/fast/2003305.,Wheel charts.,n,,,,auto: unclassified; REVIEW
http://id.worldcat.org/fast/2015172.,Alphabet books.,n,,,,auto: unclassified; REVIEW
http://rdaregistry.info/termList/RDAMaterial/1030.,polyester,n,,,,auto: unclassified; REVIEW
http://vocab.getty.edu/aat/300015643,Reproductions.,n,,,,auto: unclassified; REVIEW
http://vocab.getty.edu/aat/300015643.,Reproductions.,n,,,,auto: unclassified; REVIEW
http://vocab.getty.edu/aat/300033618,Paintings (visual works),n,,,,"auto: genre/subject heading, not a construction method; VERIFY"
http://vocab.getty.edu/aat/300033618.,Paintings (visual works),n,,,,"auto: genre/subject heading, not a construction method; VERIFY"
http://vocab.getty.edu/aat/300033963.,Collages (visual works),y,collage,technique,Collage,"auto: reconciled to existing concept ""collage""; VERIFY"
http://vocab.getty.edu/aat/300033973,Drawings (visual works),n,,,,"auto: genre/subject heading, not a construction method; VERIFY"
http://vocab.getty.edu/aat/300036449.,Thumbtacks.,n,,,,auto: unclassified; REVIEW
http://vocab.getty.edu/aat/300047090,Sculpture (visual works),n,,,,auto: unclassified; REVIEW
http://vocab.getty.edu/aat/300053087.,Destruction (process),n,,,,auto: unclassified; REVIEW
http://vocab.getty.edu/aat/300177433.,Frescoes (paintings),n,,,,"auto: genre/subject heading, not a construction method; VERIFY"
http://vocab.getty.edu/aat/300203177.,Comic books.,n,,,,"auto: genre/subject heading, not a construction method; VERIFY"
http://vocab.getty.edu/aat/300207697.,Movable books.,y,movable-books,binding-format,Toy and movable books,"auto: reconciled to existing concept ""movable-books""; VERIFY"
http://vocab.getty.edu/aat/300265483,Illuminated manuscripts.,n,,,,auto: unclassified; REVIEW
http://vocab.getty.edu/aat/300266022.,PDF.,n,,,,auto: unclassified; REVIEW
http://vocab.getty.edu/aat/300266304.,Rare books.,n,,,,auto: unclassified; REVIEW
http://vocab.getty.edu/aat/300311820.,Illustrated books.,n,,,,auto: unclassified; REVIEW
http://vocab.getty.edu/aat/300312364.,Sacks (generic containers),n,,,,auto: unclassified; REVIEW
https://en.homosaurus.org/v4/homoit0000316.,Crossdressers.,n,,,,auto: unclassified; REVIEW
https://en.homosaurus.org/v4/homoit0001642.,Trans women.,n,,,,auto: unclassified; REVIEW
https://homosaurus.org/v4/homoit0000436.,FtMs.,n,,,,auto: unclassified; REVIEW
https://homosaurus.org/v4/homoit0001025.,Mothers of transgender people.,n,,,,auto: unclassified; REVIEW
https://homosaurus.org/v4/homoit0001390.,Transgender artists.,n,,,,"auto: genre/subject heading, not a construction method; VERIFY"
https://homosaurus.org/v4/homoit0001415.,Transgender identity.,n,,,,auto: unclassified; REVIEW
https://homosaurus.org/v4/homoit0001465.,Transitioning (Gender),n,,,,auto: unclassified; REVIEW
https://homosaurus.org/v4/homoit0001643.,Trans men.,n,,,,auto: unclassified; REVIEW
https://id.kb.se/term/ktg/NonFictionLiterature,Ej skönlitteratur,n,,,,auto: unclassified; REVIEW
https://id.kb.se/term/sao/Anarkism,Anarkism,n,,,,auto: unclassified; REVIEW
https://id.kb.se/term/sao/Artists%27%20books,Artists' books,n,,,,"auto: genre/subject heading, not a construction method; VERIFY"
https://id.kb.se/term/sao/Handel,Handel,n,,,,auto: unclassified; REVIEW
https://id.kb.se/term/sao/Hemligheter,Hemligheter,n,,,,auto: unclassified; REVIEW
https://id.kb.se/term/sao/Kapitalism,Kapitalism,n,,,,auto: unclassified; REVIEW
https://id.kb.se/term/sao/Konst,Konst,n,,,,auto: unclassified; REVIEW
https://id.kb.se/term/sao/Konstn%C3%A4rer,Konstnärer,n,,,,auto: unclassified; REVIEW
https://id.kb.se/term/sao/Kvinnor,Kvinnor,n,,,,auto: unclassified; REVIEW
https://id.kb.se/term/sao/Modern%20konst,Modern konst,n,,,,auto: unclassified; REVIEW
https://id.kb.se/term/sao/Parodier,Parodier,n,,,,auto: unclassified; REVIEW
https://id.kb.se/term/sao/Patienter,Patienter,n,,,,auto: unclassified; REVIEW
https://id.kb.se/term/sao/Patologer,Patologer,n,,,,auto: unclassified; REVIEW
https://id.kb.se/term/sao/Politik,Politik,n,,,,auto: unclassified; REVIEW
https://id.kb.se/term/sao/Socialism,Socialism,n,,,,auto: unclassified; REVIEW
https://id.kb.se/term/saogf/Biografier,Biografier,n,,,,auto: unclassified; REVIEW
https://id.kb.se/term/saogf/Kataloger,Kataloger,n,,,,auto: unclassified; REVIEW
https://id.kb.se/term/saogf/Konferenser,Konferenser,n,,,,auto: unclassified; REVIEW
https://id.kb.se/term/saogf/Parodier,Parodier,n,,,,auto: unclassified; REVIEW
https://id.kb.se/term/saogf/Romaner,Romaner,n,,,,auto: unclassified; REVIEW
https://id.kb.se/term/saogf/Tecknade%20serier,Tecknade serier,n,,,,auto: unclassified; REVIEW
https://id.kb.se/term/saogf/Thrillers,Thrillers,n,,,,auto: unclassified; REVIEW
https://id.kb.se/term/saogf/Utst%C3%A4llningskataloger,Utställningskataloger,n,,,,auto: unclassified; REVIEW
https://id.loc.gov/authorities/genreForms/gf2014026044,Anecdotes.,n,,,,auto: unclassified; REVIEW
https://id.loc.gov/authorities/genreForms/gf2014026049,Biographies.,n,,,,auto: unclassified; REVIEW
https://id.loc.gov/authorities/genreForms/gf2014026057,Catalogs.,n,,,,"auto: genre/subject heading, not a construction method; VERIFY"
https://id.loc.gov/authorities/genreForms/gf2014026098,Exhibition catalogs.,n,,,,"auto: genre/subject heading, not a construction method; VERIFY"
https://id.loc.gov/authorities/genreForms/gf2014026099,Facsimiles.,n,,,,"auto: genre/subject heading, not a construction method; VERIFY"
https://id.loc.gov/authorities/genreForms/gf2014026110,Humor.,n,,,,auto: unclassified; REVIEW
https://id.loc.gov/authorities/genreForms/gf2014026111,Illustrated works.,n,,,,auto: unclassified; REVIEW
https://id.loc.gov/authorities/genreForms/gf2014026141,Personal correspondence.,n,,,,"auto: genre/subject heading, not a construction method; VERIFY"
https://id.loc.gov/authorities/genreForms/gf2014026142,Personal narratives.,n,,,,auto: unclassified; REVIEW
https://id.loc.gov/authorities/genreForms/gf2014026201,Trivia and miscellanea.,n,,,,auto: unclassified; REVIEW
https://id.loc.gov/authorities/genreForms/gf2014026297,Drama.,n,,,,"auto: genre/subject heading, not a construction method; VERIFY"
https://id.loc.gov/authorities/genreForms/gf2014026339,Fiction.,n,,,,"auto: genre/subject heading, not a construction method; VERIFY"
https://id.loc.gov/authorities/genreForms/gf2014026415,Literature.,n,,,,"auto: genre/subject heading, not a construction method; VERIFY"
https://id.loc.gov/authorities/genreForms/gf2014026481,Poetry.,n,,,,"auto: genre/subject heading, not a construction method; VERIFY"
https://id.loc.gov/authorities/genreForms/gf2017026140,Case studies.,n,,,,auto: unclassified; REVIEW
https://id.loc.gov/authorities/genreForms/gf2017027249,Photographs.,n,,,,"auto: genre/subject heading, not a construction method; VERIFY"
https://id.loc.gov/authorities/genreForms/gf2017027251,Pictures.,n,,,,auto: unclassified; REVIEW
kao//eng|20th-century,20th century,n,,,,auto: unclassified; REVIEW
kao//eng|artists,Artists,n,,,,"auto: genre/subject heading, not a construction method; VERIFY"
kao//eng|kruger-barbara,"Kruger, Barbara",n,,,,auto: unclassified; REVIEW
kao//eng|united-states,United States,n,,,,auto: unclassified; REVIEW
kao|1900-talet,1900-talet,n,,,,auto: unclassified; REVIEW
kao|f-renta-staterna,Förenta staterna,n,,,,auto: unclassified; REVIEW
kao|konstn-rer,Konstnärer,n,,,,auto: unclassified; REVIEW
kao|kruger-barbara,"Kruger, Barbara",n,,,,auto: unclassified; REVIEW
lcgft|academic-theses,Academic theses,n,,,,auto: unclassified; REVIEW
lcgft|accordion-fold-books,Accordion fold books.,y,accordion-fold,binding-format,Accordion fold format,"auto: reconciled to existing concept ""accordion-fold""; VERIFY"
lcgft|animated-films,Animated films,n,,,,auto: unclassified; REVIEW
lcgft|art,Art,n,,,,auto: unclassified; REVIEW
lcgft|artistamps,Artistamps.,n,,,,auto: unclassified; REVIEW
lcgft|artists-boks,Artists' boks.,n,,,,"auto: genre/subject heading, not a construction method; VERIFY"
lcgft|autobiographical-fiction,Autobiographical fiction,n,,,,"auto: genre/subject heading, not a construction method; VERIFY"
lcgft|autobiographies,Autobiographies,n,,,,auto: unclassified; REVIEW
lcgft|bestiaries,Bestiaries,n,,,,auto: unclassified; REVIEW
lcgft|biographies,Biographies,n,,,,auto: unclassified; REVIEW
lcgft|board-books,Board books.,y,board-books,binding-format,Board books,"auto: reconciled to existing concept ""board-books""; VERIFY"
lcgft|collages,Collages.,y,collage,technique,Collage,"auto: reconciled to existing concept ""collage""; VERIFY"
lcgft|comedy-films,Comedy films.,n,,,,auto: unclassified; REVIEW
lcgft|comics-graphic-works,Comics (Graphic works),n,,,,"auto: genre/subject heading, not a construction method; VERIFY"
lcgft|commemorative-works,Commemorative works,n,,,,auto: unclassified; REVIEW
lcgft|concrete-poetry,Concrete poetry. | Concrete poetry,n,,,,"auto: genre/subject heading, not a construction method; VERIFY"
lcgft|cookbooks,Cookbooks,n,,,,auto: unclassified; REVIEW
lcgft|cutout-animation-films,Cutout animation films,n,,,,auto: unclassified; REVIEW
lcgft|discographies,Discographies.,n,,,,auto: unclassified; REVIEW
lcgft|documentary-photographs,Documentary photographs.,n,,,,"auto: genre/subject heading, not a construction method; VERIFY"
lcgft|documentary-television-programs,Documentary television programs.,n,,,,auto: unclassified; REVIEW
lcgft|drawings,Drawings.,n,,,,"auto: genre/subject heading, not a construction method; VERIFY"
lcgft|encyclopedias,Encyclopedias.,n,,,,auto: unclassified; REVIEW
lcgft|exhibition-catalogs,Exhibition catalogs,n,,,,"auto: genre/subject heading, not a construction method; VERIFY"
lcgft|experimental-poetry,Experimental poetry,n,,,,"auto: genre/subject heading, not a construction method; VERIFY"
lcgft|fables,Fables,n,,,,"auto: genre/subject heading, not a construction method; VERIFY"
lcgft|feature-films,Feature films.,n,,,,auto: unclassified; REVIEW
lcgft|fiction,Fiction | Fiction.,n,,,,"auto: genre/subject heading, not a construction method; VERIFY"
lcgft|fiction-films,Fiction films.,n,,,,"auto: genre/subject heading, not a construction method; VERIFY"
lcgft|film-adaptations,Film adaptations,n,,,,auto: unclassified; REVIEW
lcgft|firecrackers,Firecrackers.,n,,,,auto: unclassified; REVIEW
lcgft|flag-books,Flag books.,n,,,,auto: unclassified; REVIEW
lcgft|flip-books,Flip books.,y,flip-books,binding-format,Flip books,"auto: reconciled to existing concept ""flip-books""; VERIFY"
lcgft|hip-hop-music,Hip-hop (Music),n,,,,auto: unclassified; REVIEW
lcgft|horror-films,Horror films.,n,,,,auto: unclassified; REVIEW
lcgft|illustrated-books,Illustrated books.,n,,,,auto: unclassified; REVIEW
lcgft|illustrated-works,Illustrated works. | Illustrated works,n,,,,auto: unclassified; REVIEW
lcgft|independent-films,Independent films,n,,,,auto: unclassified; REVIEW
lcgft|instrumental-music,Instrumental music.,n,,,,auto: unclassified; REVIEW
lcgft|linocuts,Linocuts.,y,linocuts,production-printing,Linocuts,"auto: reconciled to existing concept ""linocuts""; VERIFY"
lcgft|lithographs,Lithographs.,y,lithographs,production-printing,Lithographs,"auto: reconciled to existing concept ""lithographs""; VERIFY"
lcgft|love-poetry,Love poetry,n,,,,"auto: genre/subject heading, not a construction method; VERIFY"
lcgft|mad-scientist-films,Mad scientist films.,n,,,,auto: unclassified; REVIEW
lcgft|mail-art,Mail art.,n,,,,auto: unclassified; REVIEW
lcgft|motion-pictures,Motion pictures,n,,,,auto: unclassified; REVIEW
lcgft|nonfiction-television-programs,Nonfiction television programs.,n,,,,auto: unclassified; REVIEW
lcgft|novels,Novels. | Novels,n,,,,"auto: genre/subject heading, not a construction method; VERIFY"
lcgft|oral-interpretation-of-poetry,Oral interpretation of poetry.,n,,,,"auto: genre/subject heading, not a construction method; VERIFY"
lcgft|periodicals,Periodicals.,n,,,,auto: unclassified; REVIEW
lcgft|photobooks,Photobooks. | Photobooks,n,,,,"auto: genre/subject heading, not a construction method; VERIFY"
lcgft|pop-up-books,Pop-up books.,y,pop-up-books,binding-format,Pop-up books,"auto: reconciled to existing concept ""pop-up-books""; VERIFY"
lcgft|popular-music,Popular music.,n,,,,auto: unclassified; REVIEW
lcgft|portraits,Portraits.,n,,,,"auto: genre/subject heading, not a construction method; VERIFY"
lcgft|postcards,Postcards.,n,,,,"auto: genre/subject heading, not a construction method; VERIFY"
lcgft|prose-poems,Prose poems,n,,,,"auto: genre/subject heading, not a construction method; VERIFY"
lcgft|rap-music,Rap (Music),n,,,,auto: unclassified; REVIEW
lcgft|reviews,Reviews.,n,,,,auto: unclassified; REVIEW
lcgft|rock-music,Rock music.,n,,,,auto: unclassified; REVIEW
lcgft|satirical-literature,Satirical literature,n,,,,"auto: genre/subject heading, not a construction method; VERIFY"
lcgft|science-fiction-films,Science fiction films.,n,,,,"auto: genre/subject heading, not a construction method; VERIFY"
lcgft|screen-prints,Screen prints.,y,screen-printing,production-printing,Screen printing,"auto: reconciled to existing concept ""screen-printing""; VERIFY"
lcgft|short-films,Short films,n,,,,auto: unclassified; REVIEW
lcgft|short-stories,Short stories. | Short stories,n,,,,auto: unclassified; REVIEW
lcgft|songs,Songs,n,,,,auto: unclassified; REVIEW
lcgft|sound-recordings,Sound recordings.,n,,,,auto: unclassified; REVIEW
lcgft|specimens,Specimens.,n,,,,"auto: genre/subject heading, not a construction method; VERIFY"
lcgft|split-page-books,Split-page books.,y,split-page-books,binding-format,Split-page books,"auto: reconciled to existing concept ""split-page-books""; VERIFY"
lcgft|streaming-audio,Streaming audio.,n,,,,auto: unclassified; REVIEW
lcgft|toy-and-movable-books,Toy and movable books | Toy and movable books.,y,movable-books,binding-format,Toy and movable books,"auto: reconciled to existing concept ""movable-books""; VERIFY"
lcgft|toy-and-moveable-books,Toy and moveable books.,n,,,,auto: unclassified; REVIEW
lcgft|tunnel-books,Tunnel books.,y,tunnel-books,binding-format,Tunnel books,auto: NEW binding-format concept (best-guess); REVIEW id/label/category
lcgft|video-recordings-for-hard-of-hearing-people,Video recordings for hard of hearing people.,n,,,,auto: unclassified; REVIEW
lcgft|visual-literature,Visual literature.,n,,,,"auto: genre/subject heading, not a construction method; VERIFY"
lcgft|visual-poetry,Visual poetry,n,,,,"auto: genre/subject heading, not a construction method; VERIFY"
lcgft|watercolors,Watercolors.,n,,,,"auto: genre/subject heading, not a construction method; VERIFY"
lcgft|woodcuts,Woodcuts | Woodcuts.,y,woodcuts,production-printing,Woodcuts,"auto: reconciled to existing concept ""woodcuts""; VERIFY"
lcgft|zines,Zines | Zines.,n,,,,"auto: genre/subject heading, not a construction method; VERIFY"
lcsh|artists-books,Artists' books,n,,,,"auto: genre/subject heading, not a construction method; VERIFY"
lcsh|baked-products,Baked products,n,,,,auto: unclassified; REVIEW
lcsh|experimental-fiction,Experimental fiction.,n,,,,"auto: genre/subject heading, not a construction method; VERIFY"
lcsh|paper-handmade,"Paper, Handmade. | Paper, handmade.",y,paper-handmade,material,"Paper, Handmade",auto: NEW material concept (best-guess); REVIEW id/label/category
lcsh|political-fiction,Political fiction.,n,,,,"auto: genre/subject heading, not a construction method; VERIFY"
lcsh|puddings,Puddings.,n,,,,auto: unclassified; REVIEW
lcsh|pulp-painting,Pulp painting.,y,pulp-painting,material,Pulp painting,auto: NEW material concept (best-guess); REVIEW id/label/category
lcsh|toy-and-movable-books,Toy and movable books.,y,movable-books,binding-format,Toy and movable books,"auto: reconciled to existing concept ""movable-books""; VERIFY"
lcsh|wood,Wood.,y,wood,material,Wood,"auto: reconciled to existing concept ""wood""; VERIFY"
lctgm|photographers,Photographers,n,,,,auto: unclassified; REVIEW
local|ab-smfa,AB (SMFA).,n,,,,auto: unclassified; REVIEW
local|abstractions-surrealism-fantastic-art,"Abstractions, Surrealism, fantastic art.",n,,,,auto: unclassified; REVIEW
local|accordion-bindings,Accordion bindings.,y,accordion-fold,binding-format,Accordion fold format,"auto: reconciled to existing concept ""accordion-fold""; VERIFY"
local|african-americans,African Americans,n,,,,auto: unclassified; REVIEW
local|american,American,n,,,,auto: unclassified; REVIEW
local|animals-birds,Animals: Birds.,n,,,,auto: unclassified; REVIEW
local|argentine,Argentine,n,,,,auto: unclassified; REVIEW
local|austrian,Austrian,n,,,,auto: unclassified; REVIEW
local|books-with-movable-illustrations,Books with movable illustrations,n,,,,"auto: genre/subject heading, not a construction method; VERIFY"
local|books-with-pop-up-illustrations,Books with pop-up illustrations,n,,,,"auto: genre/subject heading, not a construction method; VERIFY"
local|box-sets,Box sets.,n,,,,auto: unclassified; REVIEW
local|boxes,Boxes.,y,boxes,binding-format,Boxes,"auto: reconciled to existing concept ""boxes""; VERIFY"
local|british,British,n,,,,auto: unclassified; REVIEW
local|carousel-books,Carousel books.,y,carousel-books,binding-format,Carousel books,auto: NEW binding-format concept (best-guess); REVIEW id/label/category
local|chicago-screw-binding,Chicago screw binding.,y,chicago-screw-binding,binding-format,Chicago screw binding,auto: NEW binding-format concept (best-guess); REVIEW id/label/category
local|drawings-animals,Drawings: Animals.,n,,,,"auto: genre/subject heading, not a construction method; VERIFY"
local|drawings-book-illustrations-dramatizations-representations-of-legends-etc,"Drawings: Book illustrations, dramatizations, representations of legends, etc.",n,,,,"auto: genre/subject heading, not a construction method; VERIFY"
local|drawings-figures-other-than-portraits-men-full-length,Drawings: Figures other than portraits: Men: Full length.,n,,,,"auto: genre/subject heading, not a construction method; VERIFY"
local|drawings-genre,Drawings: Genre.,n,,,,"auto: genre/subject heading, not a construction method; VERIFY"
local|drawings-old-testament,Drawings: Old Testament.,n,,,,"auto: genre/subject heading, not a construction method; VERIFY"
local|ethiopian-bindings,Ethiopian bindings.,y,ethiopian-bindings,binding-format,Ethiopian bindings,auto: NEW binding-format concept (best-guess); REVIEW id/label/category
local|figures-other-than-portraits-children-single-and-groups,Figures other than portraits: Children: Single and groups.,n,,,,"auto: genre/subject heading, not a construction method; VERIFY"
local|figures-other-than-portraits-women-with-hands,Figures other than portraits: Women: With hands.,n,,,,"auto: genre/subject heading, not a construction method; VERIFY"
local|flemish,Flemish,n,,,,auto: unclassified; REVIEW
local|fold-out-books,Fold-out books.,n,,,,auto: unclassified; REVIEW
local|french,French,n,,,,auto: unclassified; REVIEW
local|frescoes-and-or-murals,Frescoes and / or murals.,n,,,,auto: unclassified; REVIEW
local|genre,Genre.,n,,,,auto: unclassified; REVIEW
local|genre-ballet-scenes-single-figures,Genre: Ballet scenes: Single figures.,n,,,,auto: unclassified; REVIEW
local|genre-dances,Genre: Dances.,n,,,,auto: unclassified; REVIEW
local|genre-domestic,Genre: Domestic.,n,,,,auto: unclassified; REVIEW
local|genre-games,Genre: Games.,n,,,,auto: unclassified; REVIEW
local|genre-horse-fairs-and-horse-racing,Genre: Horse fairs and horse racing.,n,,,,auto: unclassified; REVIEW
local|genre-outdoor-scenes,Genre: Outdoor scenes.,n,,,,auto: unclassified; REVIEW
local|genre-polite,Genre: Polite.,n,,,,auto: unclassified; REVIEW
local|genre-tavern-brawls-and-other-tavern-scenes,Genre: Tavern brawls and other tavern scenes.,n,,,,auto: unclassified; REVIEW
local|gocco,Gocco.,n,,,,auto: unclassified; REVIEW
local|illuminated-manuscript,Illuminated Manuscript.,n,,,,auto: unclassified; REVIEW
local|illustrated-books,Illustrated books.,n,,,,auto: unclassified; REVIEW
local|italian,Italian,n,,,,auto: unclassified; REVIEW
local|lithographs,Lithographs.,y,lithographs,production-printing,Lithographs,"auto: reconciled to existing concept ""lithographs""; VERIFY"
local|photographs-original,"Photographs, Original. | Photographs, Original",n,,,,"auto: genre/subject heading, not a construction method; VERIFY"
local|portraits-men-portraits-name-of-subject,Portraits: Men: Portraits: Name of subject.,n,,,,"auto: genre/subject heading, not a construction method; VERIFY"
local|portraits-men-with-hands-without-hats-head-to-right,Portraits: Men: With hands (without hats): Head to right.,n,,,,"auto: genre/subject heading, not a construction method; VERIFY"
local|sculpture-mythological-and-allegorical,Sculpture: Mythological and allegorical.,n,,,,auto: unclassified; REVIEW
local|sculpture-nude-figures-single,Sculpture: Nude figures: Single.,n,,,,auto: unclassified; REVIEW
local|seascapes-and-coastal-scenes-with-land-only,Seascapes and coastal scenes: With land only.,n,,,,auto: unclassified; REVIEW
local|shaped-books,Shaped books,y,shaped-books,binding-format,Shaped books,"auto: reconciled to existing concept ""shaped-books""; VERIFY"
local|slipcases,Slipcases.,y,slipcases,binding-format,Slipcases,"auto: reconciled to existing concept ""slipcases""; VERIFY"
local|tab-closure,Tab closure.,n,,,,auto: unclassified; REVIEW
local|vehicles-etc,"Vehicles, etc.",n,,,,auto: unclassified; REVIEW
local|wordless-books,Wordless books.,n,,,,auto: unclassified; REVIEW
local|zines,Zines,n,,,,"auto: genre/subject heading, not a construction method; VERIFY"
nli|photography,Photography,n,,,,"auto: genre/subject heading, not a construction method; VERIFY"
nli|photography-artistic,"Photography, Artistic",n,,,,"auto: genre/subject heading, not a construction method; VERIFY"
none|accordion-bindings,Accordion bindings.,y,accordion-fold,binding-format,Accordion fold format,"auto: reconciled to existing concept ""accordion-fold""; VERIFY"
none|alphabet-books,Alphabet books,n,,,,auto: unclassified; REVIEW
none|altered-books,Altered books.,n,,,,auto: unclassified; REVIEW
none|american-poetry,American poetry,n,,,,"auto: genre/subject heading, not a construction method; VERIFY"
none|art,Art,n,,,,auto: unclassified; REVIEW
none|artist-s-books,Artist's books.,n,,,,auto: unclassified; REVIEW
none|bok,Bok,n,,,,auto: unclassified; REVIEW
none|children-s-periodicals,Children's periodicals.,n,,,,"auto: genre/subject heading, not a construction method; VERIFY"
none|children-s-stories,Children's stories,n,,,,"auto: genre/subject heading, not a construction method; VERIFY"
none|concertina-bindings,Concertina bindings.,y,concertina-bindings,binding-format,Concertina bindings,auto: NEW binding-format concept (best-guess); REVIEW id/label/category
none|dadaist-poetry,Dadaist poetry.,n,,,,"auto: genre/subject heading, not a construction method; VERIFY"
none|downtown-writers,Downtown writers.,n,,,,auto: unclassified; REVIEW
none|electronic-books,Electronic books.,n,,,,auto: unclassified; REVIEW
none|exhibition-catalogs,Exhibition catalogs. | Exhibition catalogs,n,,,,"auto: genre/subject heading, not a construction method; VERIFY"
none|fantasy-fiction,Fantasy fiction.,n,,,,"auto: genre/subject heading, not a construction method; VERIFY"
none|flag-books-toy-and-movable-books,Flag books (Toy and movable books),n,,,,auto: unclassified; REVIEW
none|fliers-printed-matter,Fliers (printed matter),n,,,,auto: unclassified; REVIEW
none|graphic-novels,Graphic novels.,n,,,,"auto: genre/subject heading, not a construction method; VERIFY"
none|group-work-in-art,Group work in art.,n,,,,auto: unclassified; REVIEW
none|hand-bound-books,Hand-bound books.,n,,,,auto: unclassified; REVIEW
none|interview,Interview,n,,,,auto: unclassified; REVIEW
none|letterpress-prints,Letterpress prints.,y,letterpress-printing,production-printing,Letterpress printing,"auto: reconciled to existing concept ""letterpress-printing""; VERIFY"
none|limp-bindings,Limp bindings.,y,limp-bindings,binding-format,Limp bindings,auto: NEW binding-format concept (best-guess); REVIEW id/label/category
none|love-poetry,Love poetry,n,,,,"auto: genre/subject heading, not a construction method; VERIFY"
none|miniature-books,Miniature books.,y,miniature-books,binding-format,Miniature books,"auto: reconciled to existing concept ""miniature-books""; VERIFY"
none|non-adhesive-bindings,Non-adhesive bindings.,y,non-adhesive-bindings,binding-format,Non-adhesive bindings,auto: NEW binding-format concept (best-guess); REVIEW id/label/category
none|offset-prints,Offset prints.,y,offset-printing,production-printing,Offset printing,"auto: reconciled to existing concept ""offset-printing""; VERIFY"
none|paper-bindings,Paper bindings.,y,paper,material,Paper,"auto: reconciled to existing concept ""paper""; VERIFY"
none|photography-artistic,"Photography, Artistic.",n,,,,"auto: genre/subject heading, not a construction method; VERIFY"
none|photogravures,Photogravures.,n,,,,auto: unclassified; REVIEW
none|poetry,Poetry,n,,,,"auto: genre/subject heading, not a construction method; VERIFY"
none|pop-up-books,Pop-up books.,y,pop-up-books,binding-format,Pop-up books,"auto: reconciled to existing concept ""pop-up-books""; VERIFY"
none|postcards-aat,Postcards.aat.,n,,,,"auto: genre/subject heading, not a construction method; VERIFY"
none|pulp-painting,Pulp painting.,y,pulp-painting,material,Pulp painting,auto: NEW material concept (best-guess); REVIEW id/label/category
none|textured-books,Textured books.,n,,,,auto: unclassified; REVIEW
none|theology,Theology,n,,,,auto: unclassified; REVIEW
none|toy-and-movable-books,Toy and movable books | Toy and movable books.,y,movable-books,binding-format,Toy and movable books,"auto: reconciled to existing concept ""movable-books""; VERIFY"
none|tracts-ephemera,Tracts (Ephemera),n,,,,"auto: genre/subject heading, not a construction method; VERIFY"
none|tunnel-books,Tunnel books.,y,tunnel-books,binding-format,Tunnel books,auto: NEW binding-format concept (best-guess); REVIEW id/label/category
none|underground-press-publications,Underground press publications,n,,,,auto: unclassified; REVIEW
none|visual-literature,Visual literature.,n,,,,"auto: genre/subject heading, not a construction method; VERIFY"
ram|art-et-photographie,Art et photographie.,n,,,,auto: unclassified; REVIEW
ram|edinburgh,Edinburgh,n,,,,auto: unclassified; REVIEW
ram|edinburgh-fruitmarket-gallery,"Edinburgh, Fruitmarket gallery",n,,,,auto: unclassified; REVIEW
ram|livres-d-artistes,Livres d'artistes. | Livres d'artistes,n,,,,auto: unclassified; REVIEW
ram|londres,Londres,n,,,,auto: unclassified; REVIEW
ram|londres-institute-of-contemporary-arts,"Londres, Institute of contemporary arts",n,,,,auto: unclassified; REVIEW
ram|poe-sie-concre-te,Poésie concrète.,n,,,,auto: unclassified; REVIEW
rbbind|accordion-fold-format-binding,Accordion fold format (Binding),y,accordion-fold,binding-format,Accordion fold format,"auto: reconciled to existing concept ""accordion-fold""; VERIFY"
rbbin|accordian-fold-format-binding,Accordian fold format (Binding),y,accordian-fold-format-binding,binding-format,Accordian fold format (Binding),auto: NEW binding-format concept (best-guess); REVIEW id/label/category
rbbin|accordion-fold-format,Accordion fold format | Accordion fold format.,y,accordion-fold,binding-format,Accordion fold format,"auto: reconciled to existing concept ""accordion-fold""; VERIFY"
rbbin|accordion-fold-format-binding,Accordion fold format (Binding) | Accordion fold format (Binding). | Accordion fold format (binding),y,accordion-fold,binding-format,Accordion fold format,"auto: reconciled to existing concept ""accordion-fold""; VERIFY"
rbbin|acordion-fold-format-binding,Acordion fold format (binding),y,acordion-fold-format-binding,binding-format,Acordion fold format (binding),auto: NEW binding-format concept (best-guess); REVIEW id/label/category
rbbin|bookbinding-binding,Bookbinding (Binding),y,bookbinding-binding,binding-format,Bookbinding (Binding),auto: NEW binding-format concept (best-guess); REVIEW id/label/category
rbbin|clamshell-boxes-binding,Clamshell boxes (Binding),y,clamshell-boxes-binding,binding-format,Clamshell boxes (Binding),auto: NEW binding-format concept (best-guess); REVIEW id/label/category
rbbin|corrugated-board-bindings,Corrugated board bindings.,y,corrugated-board-bindings,binding-format,Corrugated board bindings,"auto: reconciled to existing concept ""corrugated-board-bindings""; VERIFY"
rbbin|non-adhesive-bindings,Non-adhesive bindings.,y,non-adhesive-bindings,binding-format,Non-adhesive bindings,auto: NEW binding-format concept (best-guess); REVIEW id/label/category
rbbin|non-adhesive-bindings-binding,Non-adhesive bindings (Binding),y,non-adhesive-bindings-binding,binding-format,Non-adhesive bindings (Binding),auto: NEW binding-format concept (best-guess); REVIEW id/label/category
rbbin|paper-bindings-binding,Paper bindings (Binding),y,paper-bindings-binding,binding-format,Paper bindings (Binding),auto: NEW binding-format concept (best-guess); REVIEW id/label/category
rbbin|paper-onlays-binding,Paper onlays (Binding),y,paper-onlays-binding,binding-format,Paper onlays (Binding),auto: NEW binding-format concept (best-guess); REVIEW id/label/category
rbbin|paste-papers-binding,Paste papers (Binding).,y,paste-papers-binding,binding-format,Paste papers (Binding),auto: NEW binding-format concept (best-guess); REVIEW id/label/category
rbbin|stabbing-binding,Stabbing (Binding),y,stabbing-binding,binding-format,Stabbing (Binding),auto: NEW binding-format concept (best-guess); REVIEW id/label/category
rbbin|unbound-sheets,Unbound sheets.,y,unbound-sheets,binding-format,Unbound sheets,"auto: reconciled to existing concept ""unbound-sheets""; VERIFY"
rbbin|vellum-bindings-binding,Vellum bindings (Binding),y,vellum-bindings-binding,binding-format,Vellum bindings (Binding),auto: NEW binding-format concept (best-guess); REVIEW id/label/category
rbbin|wrappers-binding,Wrappers (Binding),y,wrappers,binding-format,Wrappers,"auto: reconciled to existing concept ""wrappers""; VERIFY"
rbgenr|alphabet-books,Alphabet books,n,,,,auto: unclassified; REVIEW
rbgenr|arists-books,Arists' books,n,,,,auto: unclassified; REVIEW
rbgenr|broadsides,Broadsides,n,,,,auto: unclassified; REVIEW
rbgenr|coloring-books,Coloring Books,n,,,,"auto: genre/subject heading, not a construction method; VERIFY"
rbgenr|concrete-poems,Concrete poems | Concrete poems.,n,,,,"auto: genre/subject heading, not a construction method; VERIFY"
rbgenr|exhibition-catalogs,Exhibition catalogs.,n,,,,"auto: genre/subject heading, not a construction method; VERIFY"
rbgenr|metamorphic-pictures,Metamorphic pictures.,n,,,,auto: unclassified; REVIEW
rbgenr|poems,Poems | Poems.,n,,,,"auto: genre/subject heading, not a construction method; VERIFY"
rbgenr|sample-books,Sample books.,n,,,,"auto: genre/subject heading, not a construction method; VERIFY"
rbmscv|alphabet-books,Alphabet books,n,,,,auto: unclassified; REVIEW
rbmscv|artists-books-provenance,Artists' books (Provenance),n,,,,"auto: genre/subject heading, not a construction method; VERIFY"
rbmscv|authors-inscriptions,Authors' inscriptions,n,,,,auto: unclassified; REVIEW
rbmscv|autographs,Autographs.,n,,,,auto: unclassified; REVIEW
rbmscv|clamshell-boxes,Clamshell boxes.,y,clamshell-boxes,binding-format,Clamshell boxes,auto: NEW binding-format concept (best-guess); REVIEW id/label/category
rbmscv|comb-bindings,Comb bindings.,y,comb-bindings,binding-format,Comb bindings,auto: NEW binding-format concept (best-guess); REVIEW id/label/category
rbmscv|concrete-poems,Concrete poems.,n,,,,"auto: genre/subject heading, not a construction method; VERIFY"
rbmscv|exhibition-catalogs,Exhibition catalogs,n,,,,"auto: genre/subject heading, not a construction method; VERIFY"
rbmscv|inscriptions,Inscriptions | Inscriptions.,n,,,,auto: unclassified; REVIEW
rbmscv|papier-m-ch-bindings,Papier-mâché bindings,y,papier-mache,technique,Papier-mâché,"auto: reconciled to existing concept ""papier-mache""; VERIFY"
rbmscv|private-press-books-printing,Private press books (Printing),n,,,,"auto: genre/subject heading, not a construction method; VERIFY"
rbms|miniature-books,Miniature books.,y,miniature-books,binding-format,Miniature books,"auto: reconciled to existing concept ""miniature-books""; VERIFY"
rbpap|cotton-fibers,Cotton fibers.,y,cotton-fibers,material,Cotton fibers,auto: NEW material concept (best-guess); REVIEW id/label/category
rbpap|cotton-fibers-paper,Cotton fibers (Paper),y,cotton-fibers-paper,material,Cotton fibers (Paper),auto: NEW material concept (best-guess); REVIEW id/label/category
rbpap|handmade-papers,Handmade papers.,y,handmade-paper,material,Handmade paper,"auto: reconciled to existing concept ""handmade-paper""; VERIFY"
rbpap|handmade-papers-paper,Handmade papers (Paper),y,handmade-papers-paper,material,Handmade papers (Paper),auto: NEW material concept (best-guess); REVIEW id/label/category
rbpap|straw-fibers,Straw fibers.,y,straw-fibers,material,Straw fibers,auto: NEW material concept (best-guess); REVIEW id/label/category
rbpri|facsimiles-printing,Facsimiles (Printing),n,,,,"auto: genre/subject heading, not a construction method; VERIFY"
rbpri|limitation-statements-printing,Limitation statements (Printing),n,,,,auto: unclassified; REVIEW
rbpri|minature-books-printing,Minature books (Printing),n,,,,auto: unclassified; REVIEW
rbpri|miniature-books-printing,Miniature books (Printing),y,miniature-books,binding-format,Miniature books,"auto: reconciled to existing concept ""miniature-books""; VERIFY"
rbpri|page-proofs-printing,Page proofs (Printing),n,,,,auto: unclassified; REVIEW
rbpri|shaped-books-printing,Shaped books (Printing),y,shaped-books,binding-format,Shaped books,"auto: reconciled to existing concept ""shaped-books""; VERIFY"
rbprov|association-copies-provenance,Association copies (Provenance),n,,,,auto: unclassified; REVIEW
rbprov|authors-autographs-provenance,Authors' autographs (Provenance),n,,,,auto: unclassified; REVIEW
rbprov|presentation-inscriptions-provenance,Presentation inscriptions (Provenance),n,,,,auto: unclassified; REVIEW
rbpub|limitation-statements,Limitation statements.,n,,,,auto: unclassified; REVIEW
rbpub|miniature-books,Miniature books,y,miniature-books,binding-format,Miniature books,"auto: reconciled to existing concept ""miniature-books""; VERIFY"
rbtyp|wood-types,Wood types,y,wood-types,material,Wood types,auto: NEW material concept (best-guess); REVIEW id/label/category
rdamat|metal,metal,y,metal,material,Metal,"auto: reconciled to existing concept ""metal""; VERIFY"
rdamat|paper,paper,y,paper,material,Paper,"auto: reconciled to existing concept ""paper""; VERIFY"
rdamat|plastic,plastic,y,plastic,material,Plastic,"auto: reconciled to existing concept ""plastic""; VERIFY"
rswk|photoalbum,Photoalbum,n,,,,auto: unclassified; REVIEW
rvmgf|bestiaires,Bestiaires.,n,,,,auto: unclassified; REVIEW
rvmgf|catalogues-d-exposition,Catalogues d'exposition.,n,,,,"auto: genre/subject heading, not a construction method; VERIFY"
rvmgf|encyclope-dies,Encyclopédies.,n,,,,auto: unclassified; REVIEW
rvmgf|enregistrements-sonores,Enregistrements sonores.,n,,,,auto: unclassified; REVIEW
rvmgf|fables,Fables.,n,,,,"auto: genre/subject heading, not a construction method; VERIFY"
rvmgf|hip-hop-musique,Hip-hop (Musique),n,,,,auto: unclassified; REVIEW
rvmgf|livres-d-artistes,Livres d'artistes.,n,,,,auto: unclassified; REVIEW
rvmgf|livres-de-photographies,Livres de photographies.,n,,,,auto: unclassified; REVIEW
rvmgf|musique-populaire,Musique populaire.,n,,,,auto: unclassified; REVIEW
rvmgf|nouvelles,Nouvelles.,n,,,,auto: unclassified; REVIEW
rvmgf|ouvrages-illustre-s,Ouvrages illustrés.,n,,,,auto: unclassified; REVIEW
rvmgf|p-riodiques,Périodiques.,n,,,,auto: unclassified; REVIEW
rvmgf|pe-riodiques,Périodiques.,n,,,,auto: unclassified; REVIEW
rvmgf|poe-sie,Poésie.,n,,,,auto: unclassified; REVIEW
rvmgf|poe-sie-concre-te,Poésie concrète.,n,,,,auto: unclassified; REVIEW
rvmgf|poe-sie-expe-rimentale,Poésie expérimentale.,n,,,,auto: unclassified; REVIEW
rvmgf|rap,Rap.,n,,,,auto: unclassified; REVIEW
rvmgf|rock-musique,Rock (Musique),n,,,,auto: unclassified; REVIEW
rvmgf|romans,Romans.,n,,,,auto: unclassified; REVIEW
rvmgf|uvres-comme-moratives,Œuvres commémoratives.,n,,,,auto: unclassified; REVIEW
sao|amerikansk-konst,Amerikansk konst,n,,,,auto: unclassified; REVIEW
sao|konstn-rer,Konstnärer,n,,,,auto: unclassified; REVIEW
sao|konstutst-llningar,Konstutställningar,n,,,,auto: unclassified; REVIEW
sao|tulpaner,Tulpaner,n,,,,auto: unclassified; REVIEW
swd|bildband,Bildband.,n,,,,"auto: genre/subject heading, not a construction method; VERIFY"
