canonicalKey,cluster,rawLabel,normLabel,authority
9VT9PWXB,(CStmoGRI)aat300123016,artists' books (books),artists-books-books,(CStmoGRI)aat300123016
9VT9PWXB,(CStmoGRI)aat300178842,bookworks.,bookworks,(CStmoGRI)aat300178842
YIA6FDSC,(CStmoGRI)aatgf300014502,vinyl.,vinyl,(CStmoGRI)aatgf300014502
W2WAQ6FV,(CStmoGRI)aatgf300055931,Poetry.,poetry,(CStmoGRI)aatgf300055931
SSGMAE37,(CStmoGRI)aatgf300055931,poetry.,poetry,(CStmoGRI)aatgf300055931
I9289P34,(CStmoGRI)aatgf300121295,limited editions.,limited-editions,(CStmoGRI)aatgf300121295
GTSUGCHT,(CStmoGRI)aatgf300123016,artists' books (books),artists-books-books,(CStmoGRI)aatgf300123016
HP796KCI,(CStmoGRI)aatgf300123016,artists' books (books),artists-books-books,(CStmoGRI)aatgf300123016
SSGMAE37,(CStmoGRI)aatgf300123016,artists' books (books),artists-books-books,(CStmoGRI)aatgf300123016
V5D9VYAI,(CStmoGRI)aatgf300123016,artists' books (books),artists-books-books,(CStmoGRI)aatgf300123016
I9289P34,(CStmoGRI)aatgf300178688,screen prints.,screen-prints,(CStmoGRI)aatgf300178688
YIA6FDSC,(CStmoGRI)aatgf300178688,screen prints.,screen-prints,(CStmoGRI)aatgf300178688
YIA6FDSC,(CStmoGRI)aatgf300194509,bags (generic containers),bags-generic-containers,(CStmoGRI)aatgf300194509
YIA6FDSC,(CStmoGRI)aatgf300200341,slipcases.,slipcases,(CStmoGRI)aatgf300200341
I9289P34,(CStmoGRI)aatgf300201735,limp bindings.,limp-bindings,(CStmoGRI)aatgf300201735
YIA6FDSC,(CStmoGRI)aatgf300202607,short stories.,short-stories,(CStmoGRI)aatgf300202607
I9289P34,(CStmoGRI)aatgf300264218,pamphlet bindings.,pamphlet-bindings,(CStmoGRI)aatgf300264218
YIA6FDSC,(CStmoGRI)aatgf300264218,pamphlet bindings.,pamphlet-bindings,(CStmoGRI)aatgf300264218
I9289P34,(CStmoGRI)aatgf300375674,staple bindings.,staple-bindings,(CStmoGRI)aatgf300375674
YIA6FDSC,(CStmoGRI)aatgf300375674,staple bindings.,staple-bindings,(CStmoGRI)aatgf300375674
SSGMAE37,(CaQQLa)RVMGF-000000187,Livres d'artistes.,livres-d-artistes,(CaQQLa)RVMGF-000000187
V5D9VYAI,(CaQQLa)RVMGF-000000187,Livres d'artistes.,livres-d-artistes,(CaQQLa)RVMGF-000000187
SSGMAE37,(CaQQLa)RVMGF-000000476,Poésie.,poe-sie,(CaQQLa)RVMGF-000000476
W2WAQ6FV,(CaQQLa)RVMGF-000000476,Poésie.,poe-sie,(CaQQLa)RVMGF-000000476
PI3FIY7I,(DE-576)208846182,Anthologie,anthologie,(DE-576)208846182
JC2Y6YX9,(DE-576)208859845,Umfrage,umfrage,(DE-576)208859845
UX5TY9HZ,(DE-576)208865578,Bibliografie,bibliografie,(DE-576)208865578
E8XCM6LH,(DE-576)208866299,Bilderbuch,bilderbuch,(DE-576)208866299
WFS3X66N,(DE-576)208896619,Diagramm,diagramm,(DE-576)208896619
NQGJN9BU,(DE-576)208909400,Englisch,englisch,(DE-576)208909400
VPHMSVHB,(DE-576)208918531,Film,film,(DE-576)208918531
439QPG7K,(DE-576)208934499,Gespräch,gespr-ch,(DE-576)208934499
L334P933,(DE-576)208971211,Interview,interview,(DE-576)208971211
SQ3TMN5P,(DE-576)209067160,Fotografie,fotografie,(DE-576)209067160
W6ASFQ9T,(DE-576)209131136,Terrorismus,terrorismus,(DE-576)209131136
NQGJN9BU,(DE-576)209139684,Übersetzung,bersetzung,(DE-576)209139684
XGZVKFRF,(DE-576)20917000X,Zeitschrift,zeitschrift,(DE-576)20917000X
237V68GJ,(DE-576)209660988,Ausstellungskatalog,ausstellungskatalog,(DE-576)209660988
2HWGZPS6,(DE-576)209660988,Ausstellungskatalog,ausstellungskatalog,(DE-576)209660988
2I3TQW9S,(DE-576)209660988,Ausstellungskatalog,ausstellungskatalog,(DE-576)209660988
2UDIUNQX,(DE-576)209660988,Ausstellungskatalog,ausstellungskatalog,(DE-576)209660988
2ZKW6N2T,(DE-576)209660988,Ausstellungskatalog,ausstellungskatalog,(DE-576)209660988
32EH6QAV,(DE-576)209660988,Ausstellungskatalog,ausstellungskatalog,(DE-576)209660988
36CZWL7Z,(DE-576)209660988,Ausstellungskatalog,ausstellungskatalog,(DE-576)209660988
3D3EKJVR,(DE-576)209660988,Ausstellungskatalog,ausstellungskatalog,(DE-576)209660988
3E5IVK3I,(DE-576)209660988,Ausstellungskatalog,ausstellungskatalog,(DE-576)209660988
3M58THA6,(DE-576)209660988,Ausstellungskatalog,ausstellungskatalog,(DE-576)209660988
3RQAVNT5,(DE-576)209660988,Ausstellungskatalog,ausstellungskatalog,(DE-576)209660988
3Z8IKAWV,(DE-576)209660988,Ausstellungskatalog,ausstellungskatalog,(DE-576)209660988
44MET6EK,(DE-576)209660988,Ausstellungskatalog,ausstellungskatalog,(DE-576)209660988
4839UE47,(DE-576)209660988,Ausstellungskatalog,ausstellungskatalog,(DE-576)209660988
4MRN9JTI,(DE-576)209660988,Ausstellungskatalog,ausstellungskatalog,(DE-576)209660988
4X3R3S2G,(DE-576)209660988,Ausstellungskatalog,ausstellungskatalog,(DE-576)209660988
4ZFQRTLU,(DE-576)209660988,Ausstellungskatalog,ausstellungskatalog,(DE-576)209660988
55MX75F4,(DE-576)209660988,Ausstellungskatalog,ausstellungskatalog,(DE-576)209660988
5MZS38T4,(DE-576)209660988,Ausstellungskatalog,ausstellungskatalog,(DE-576)209660988
63J235R5,(DE-576)209660988,Ausstellungskatalog,ausstellungskatalog,(DE-576)209660988
6XC2973T,(DE-576)209660988,Ausstellungskatalog,ausstellungskatalog,(DE-576)209660988
7TKF55X7,(DE-576)209660988,Ausstellungskatalog,ausstellungskatalog,(DE-576)209660988
8A6G7I6K,(DE-576)209660988,Ausstellungskatalog,ausstellungskatalog,(DE-576)209660988
8IMHQCUW,(DE-576)209660988,Ausstellungskatalog,ausstellungskatalog,(DE-576)209660988
8SIIFP8C,(DE-576)209660988,Ausstellungskatalog,ausstellungskatalog,(DE-576)209660988
9DFIJWAY,(DE-576)209660988,Ausstellungskatalog,ausstellungskatalog,(DE-576)209660988
9HYAYK3Y,(DE-576)209660988,Ausstellungskatalog,ausstellungskatalog,(DE-576)209660988
A5436UZA,(DE-576)209660988,Ausstellungskatalog,ausstellungskatalog,(DE-576)209660988
A6WJ87G6,(DE-576)209660988,Ausstellungskatalog,ausstellungskatalog,(DE-576)209660988
AVYFDNVD,(DE-576)209660988,Ausstellungskatalog,ausstellungskatalog,(DE-576)209660988
AYBDHP7H,(DE-576)209660988,Ausstellungskatalog,ausstellungskatalog,(DE-576)209660988
C3WGUVQA,(DE-576)209660988,Ausstellungskatalog,ausstellungskatalog,(DE-576)209660988
C6CZZH4J,(DE-576)209660988,Ausstellungskatalog,ausstellungskatalog,(DE-576)209660988
DYCW9SUR,(DE-576)209660988,Ausstellungskatalog,ausstellungskatalog,(DE-576)209660988
E7QQC57G,(DE-576)209660988,Ausstellungskatalog,ausstellungskatalog,(DE-576)209660988
EGXIGEUT,(DE-576)209660988,Ausstellungskatalog,ausstellungskatalog,(DE-576)209660988
EPYY3NIM,(DE-576)209660988,Ausstellungskatalog,ausstellungskatalog,(DE-576)209660988
FIC9EGX8,(DE-576)209660988,Ausstellungskatalog,ausstellungskatalog,(DE-576)209660988
FIEPFC55,(DE-576)209660988,Ausstellungskatalog,ausstellungskatalog,(DE-576)209660988
FIQBG8I3,(DE-576)209660988,Ausstellungskatalog,ausstellungskatalog,(DE-576)209660988
FLZ2CZCT,(DE-576)209660988,Ausstellungskatalog,ausstellungskatalog,(DE-576)209660988
G2DND365,(DE-576)209660988,Ausstellungskatalog,ausstellungskatalog,(DE-576)209660988
G8WUFZVR,(DE-576)209660988,Ausstellungskatalog,ausstellungskatalog,(DE-576)209660988
GVKIXEWQ,(DE-576)209660988,Ausstellungskatalog,ausstellungskatalog,(DE-576)209660988
H34CCYGI,(DE-576)209660988,Ausstellungskatalog,ausstellungskatalog,(DE-576)209660988
ICEENMJJ,(DE-576)209660988,Ausstellungskatalog,ausstellungskatalog,(DE-576)209660988
IQS6CR4M,(DE-576)209660988,Ausstellungskatalog,ausstellungskatalog,(DE-576)209660988
JD7CG4D3,(DE-576)209660988,Ausstellungskatalog,ausstellungskatalog,(DE-576)209660988
JMQHCLL8,(DE-576)209660988,Ausstellungskatalog,ausstellungskatalog,(DE-576)209660988
JRSE23NR,(DE-576)209660988,Ausstellungskatalog,ausstellungskatalog,(DE-576)209660988
JSJDYBJ7,(DE-576)209660988,Ausstellungskatalog,ausstellungskatalog,(DE-576)209660988
JW6FAZS5,(DE-576)209660988,Ausstellungskatalog,ausstellungskatalog,(DE-576)209660988
KCD85JV3,(DE-576)209660988,Ausstellungskatalog,ausstellungskatalog,(DE-576)209660988
KPGLJJTL,(DE-576)209660988,Ausstellungskatalog,ausstellungskatalog,(DE-576)209660988
KQE3KTRI,(DE-576)209660988,Ausstellungskatalog,ausstellungskatalog,(DE-576)209660988
LG2FE56M,(DE-576)209660988,Ausstellungskatalog,ausstellungskatalog,(DE-576)209660988
N2XD2KVZ,(DE-576)209660988,Ausstellungskatalog,ausstellungskatalog,(DE-576)209660988
NKRMZVCR,(DE-576)209660988,Ausstellungskatalog,ausstellungskatalog,(DE-576)209660988
P9N7EDCX,(DE-576)209660988,Ausstellungskatalog,ausstellungskatalog,(DE-576)209660988
PA42NFDX,(DE-576)209660988,Ausstellungskatalog,ausstellungskatalog,(DE-576)209660988
PUTJPUMN,(DE-576)209660988,Ausstellungskatalog,ausstellungskatalog,(DE-576)209660988
Q9RVEP85,(DE-576)209660988,Ausstellungskatalog,ausstellungskatalog,(DE-576)209660988
QSRPW69Q,(DE-576)209660988,Ausstellungskatalog,ausstellungskatalog,(DE-576)209660988
QW7UDC24,(DE-576)209660988,Ausstellungskatalog,ausstellungskatalog,(DE-576)209660988
RFPBS3QW,(DE-576)209660988,Ausstellungskatalog,ausstellungskatalog,(DE-576)209660988
RN5ETGNQ,(DE-576)209660988,Ausstellungskatalog,ausstellungskatalog,(DE-576)209660988
RXSC8U4F,(DE-576)209660988,Ausstellungskatalog,ausstellungskatalog,(DE-576)209660988
S55EHGJH,(DE-576)209660988,Ausstellungskatalog,ausstellungskatalog,(DE-576)209660988
SHCZG9JY,(DE-576)209660988,Ausstellungskatalog,ausstellungskatalog,(DE-576)209660988
SJRHIA8E,(DE-576)209660988,Ausstellungskatalog,ausstellungskatalog,(DE-576)209660988
SPFKCL6W,(DE-576)209660988,Ausstellungskatalog,ausstellungskatalog,(DE-576)209660988
T4LBNAUA,(DE-576)209660988,Ausstellungskatalog,ausstellungskatalog,(DE-576)209660988
TB6PSLQ7,(DE-576)209660988,Ausstellungskatalog,ausstellungskatalog,(DE-576)209660988
TFFRUIL2,(DE-576)209660988,Ausstellungskatalog,ausstellungskatalog,(DE-576)209660988
TQ3XXEPB,(DE-576)209660988,Ausstellungskatalog,ausstellungskatalog,(DE-576)209660988
U3F38GW8,(DE-576)209660988,Ausstellungskatalog,ausstellungskatalog,(DE-576)209660988
U8BYATKG,(DE-576)209660988,Ausstellungskatalog,ausstellungskatalog,(DE-576)209660988
UCUFQC5A,(DE-576)209660988,Ausstellungskatalog,ausstellungskatalog,(DE-576)209660988
V3ECAD22,(DE-576)209660988,Ausstellungskatalog,ausstellungskatalog,(DE-576)209660988
V5H33XUC,(DE-576)209660988,Ausstellungskatalog,ausstellungskatalog,(DE-576)209660988
VF5MHSKM,(DE-576)209660988,Ausstellungskatalog,ausstellungskatalog,(DE-576)209660988
VMH7RUQC,(DE-576)209660988,Ausstellungskatalog,ausstellungskatalog,(DE-576)209660988
W5PUHR9Y,(DE-576)209660988,Ausstellungskatalog,ausstellungskatalog,(DE-576)209660988
WF2NNLA8,(DE-576)209660988,Ausstellungskatalog,ausstellungskatalog,(DE-576)209660988
XP9RY9VH,(DE-576)209660988,Ausstellungskatalog,ausstellungskatalog,(DE-576)209660988
XT86CBGL,(DE-576)209660988,Ausstellungskatalog,ausstellungskatalog,(DE-576)209660988
XU3QQGYY,(DE-576)209660988,Ausstellungskatalog,ausstellungskatalog,(DE-576)209660988
Y8D6EEW2,(DE-576)209660988,Ausstellungskatalog,ausstellungskatalog,(DE-576)209660988
YFMC9E5C,(DE-576)209660988,Ausstellungskatalog,ausstellungskatalog,(DE-576)209660988
YJETMYG6,(DE-576)209660988,Ausstellungskatalog,ausstellungskatalog,(DE-576)209660988
YQSXEVIC,(DE-576)209660988,Ausstellungskatalog,ausstellungskatalog,(DE-576)209660988
YTA7ZKRP,(DE-576)209660988,Ausstellungskatalog,ausstellungskatalog,(DE-576)209660988
YVY7RLTA,(DE-576)209660988,Ausstellungskatalog,ausstellungskatalog,(DE-576)209660988
ZGRXHJSY,(DE-576)209660988,Ausstellungskatalog,ausstellungskatalog,(DE-576)209660988
XMD55A9R,(DE-576)209665084,Quelle,quelle,(DE-576)209665084
2PUQDV8E,(DE-576)209726091,Aufsatzsammlung,aufsatzsammlung,(DE-576)209726091
A49GGTHI,(DE-576)209726091,Aufsatzsammlung,aufsatzsammlung,(DE-576)209726091
HNJSCIJA,(DE-576)209726091,Aufsatzsammlung,aufsatzsammlung,(DE-576)209726091
26E9ZVFX,(DE-576)209741139,Bildband,bildband,(DE-576)209741139
2ISXX8P4,(DE-576)209741139,Bildband,bildband,(DE-576)209741139
3H7LRIQ3,(DE-576)209741139,Bildband,bildband,(DE-576)209741139
3KFD9CQA,(DE-576)209741139,Bildband,bildband,(DE-576)209741139
3L5H2WNV,(DE-576)209741139,Bildband,bildband,(DE-576)209741139
3UT5IE63,(DE-576)209741139,Bildband,bildband,(DE-576)209741139
3WI4U5FX,(DE-576)209741139,Bildband,bildband,(DE-576)209741139
4RG9YAQP,(DE-576)209741139,Bildband,bildband,(DE-576)209741139
55X6RUG5,(DE-576)209741139,Bildband,bildband,(DE-576)209741139
5BQGU27W,(DE-576)209741139,Bildband,bildband,(DE-576)209741139
5YQRS4MX,(DE-576)209741139,Bildband,bildband,(DE-576)209741139
6EBNU3H6,(DE-576)209741139,Bildband,bildband,(DE-576)209741139
6GDVNFUX,(DE-576)209741139,Bildband,bildband,(DE-576)209741139
6HZSGH8N,(DE-576)209741139,Bildband,bildband,(DE-576)209741139
6LRFFQAS,(DE-576)209741139,Bildband,bildband,(DE-576)209741139
6QSSXFGS,(DE-576)209741139,Bildband,bildband,(DE-576)209741139
7JDKZNH5,(DE-576)209741139,Bildband,bildband,(DE-576)209741139
7Z9B7RUI,(DE-576)209741139,Bildband,bildband,(DE-576)209741139
86WVQIL7,(DE-576)209741139,Bildband,bildband,(DE-576)209741139
89PDCMEX,(DE-576)209741139,Bildband,bildband,(DE-576)209741139
8M3BNIGS,(DE-576)209741139,Bildband,bildband,(DE-576)209741139
8PDMI6QV,(DE-576)209741139,Bildband,bildband,(DE-576)209741139
8WFNRA4D,(DE-576)209741139,Bildband,bildband,(DE-576)209741139
9I8HAZLL,(DE-576)209741139,Bildband,bildband,(DE-576)209741139
9RAWCU6P,(DE-576)209741139,Bildband,bildband,(DE-576)209741139
B4DDTKZM,(DE-576)209741139,Bildband,bildband,(DE-576)209741139
BLGKLV2Q,(DE-576)209741139,Bildband,bildband,(DE-576)209741139
BMSXFVQH,(DE-576)209741139,Bildband,bildband,(DE-576)209741139
BRIJ3KS2,(DE-576)209741139,Bildband,bildband,(DE-576)209741139
BXHCPYE3,(DE-576)209741139,Bildband,bildband,(DE-576)209741139
C8ACZNF7,(DE-576)209741139,Bildband,bildband,(DE-576)209741139
CAZKILBB,(DE-576)209741139,Bildband,bildband,(DE-576)209741139
CNNIVGVL,(DE-576)209741139,Bildband,bildband,(DE-576)209741139
CVPA3PNN,(DE-576)209741139,Bildband,bildband,(DE-576)209741139
DATIADVA,(DE-576)209741139,Bildband,bildband,(DE-576)209741139
DJKXATYJ,(DE-576)209741139,Bildband,bildband,(DE-576)209741139
DYCW9SUR,(DE-576)209741139,Bildband,bildband,(DE-576)209741139
E7EE2SQV,(DE-576)209741139,Bildband,bildband,(DE-576)209741139
EESMFJ5K,(DE-576)209741139,Bildband,bildband,(DE-576)209741139
EUX9DTMC,(DE-576)209741139,Bildband,bildband,(DE-576)209741139
F4KW4NBC,(DE-576)209741139,Bildband,bildband,(DE-576)209741139
F5JYEUIR,(DE-576)209741139,Bildband,bildband,(DE-576)209741139
FGUDYHV5,(DE-576)209741139,Bildband,bildband,(DE-576)209741139
FGZBXKLC,(DE-576)209741139,Bildband,bildband,(DE-576)209741139
FTLCCWIQ,(DE-576)209741139,Bildband,bildband,(DE-576)209741139
FUG57Z5H,(DE-576)209741139,Bildband,bildband,(DE-576)209741139
G2DND365,(DE-576)209741139,Bildband,bildband,(DE-576)209741139
G2VYIGTS,(DE-576)209741139,Bildband,bildband,(DE-576)209741139
G82QG9IS,(DE-576)209741139,Bildband,bildband,(DE-576)209741139
HGVM6UNS,(DE-576)209741139,Bildband,bildband,(DE-576)209741139
HRRBF8A7,(DE-576)209741139,Bildband,bildband,(DE-576)209741139
HSTF76YC,(DE-576)209741139,Bildband,bildband,(DE-576)209741139
I6BMCR8K,(DE-576)209741139,Bildband,bildband,(DE-576)209741139
IIW7UDSF,(DE-576)209741139,Bildband,bildband,(DE-576)209741139
IMIVMKQG,(DE-576)209741139,Bildband,bildband,(DE-576)209741139
IUR7WI2W,(DE-576)209741139,Bildband,bildband,(DE-576)209741139
KDULKFAS,(DE-576)209741139,Bildband,bildband,(DE-576)209741139
KNX7V2VW,(DE-576)209741139,Bildband,bildband,(DE-576)209741139
KPGLJJTL,(DE-576)209741139,Bildband,bildband,(DE-576)209741139
KQZ4XSDE,(DE-576)209741139,Bildband,bildband,(DE-576)209741139
KX8JIP23,(DE-576)209741139,Bildband,bildband,(DE-576)209741139
KY2RYDIT,(DE-576)209741139,Bildband,bildband,(DE-576)209741139
L3RRX3NW,(DE-576)209741139,Bildband,bildband,(DE-576)209741139
L9UWLTGH,(DE-576)209741139,Bildband,bildband,(DE-576)209741139
LCVB2X27,(DE-576)209741139,Bildband,bildband,(DE-576)209741139
LT6ZCJFU,(DE-576)209741139,Bildband,bildband,(DE-576)209741139
LY6AHIES,(DE-576)209741139,Bildband,bildband,(DE-576)209741139
MDLJXCHX,(DE-576)209741139,Bildband,bildband,(DE-576)209741139
MRNG4HLW,(DE-576)209741139,Bildband,bildband,(DE-576)209741139
MUNNGUNB,(DE-576)209741139,Bildband,bildband,(DE-576)209741139
N7YYZ6F9,(DE-576)209741139,Bildband,bildband,(DE-576)209741139
N8WCZJQ9,(DE-576)209741139,Bildband,bildband,(DE-576)209741139
NPW38MV2,(DE-576)209741139,Bildband,bildband,(DE-576)209741139
P8NH64UA,(DE-576)209741139,Bildband,bildband,(DE-576)209741139
P9C9FKUL,(DE-576)209741139,Bildband,bildband,(DE-576)209741139
P9ZU9ISS,(DE-576)209741139,Bildband,bildband,(DE-576)209741139
PEFWCAEK,(DE-576)209741139,Bildband,bildband,(DE-576)209741139
PTCLKUSM,(DE-576)209741139,Bildband,bildband,(DE-576)209741139
PUN6S72F,(DE-576)209741139,Bildband,bildband,(DE-576)209741139
PUXWGY5C,(DE-576)209741139,Bildband,bildband,(DE-576)209741139
QBDYNP7Y,(DE-576)209741139,Bildband,bildband,(DE-576)209741139
QC4DKLM2,(DE-576)209741139,Bildband,bildband,(DE-576)209741139
QEHZJ9MZ,(DE-576)209741139,Bildband,bildband,(DE-576)209741139
QIZKPV3J,(DE-576)209741139,Bildband,bildband,(DE-576)209741139
QL7ZXWPU,(DE-576)209741139,Bildband,bildband,(DE-576)209741139
RZABXRHI,(DE-576)209741139,Bildband,bildband,(DE-576)209741139
S4WVIEDE,(DE-576)209741139,Bildband,bildband,(DE-576)209741139
SHS679ZQ,(DE-576)209741139,Bildband,bildband,(DE-576)209741139
SQ34ACU7,(DE-576)209741139,Bildband,bildband,(DE-576)209741139
SS5YIHDB,(DE-576)209741139,Bildband,bildband,(DE-576)209741139
ST7J4PE8,(DE-576)209741139,Bildband,bildband,(DE-576)209741139
SXJYFE8Q,(DE-576)209741139,Bildband,bildband,(DE-576)209741139
SZRF5WZN,(DE-576)209741139,Bildband,bildband,(DE-576)209741139
T2UGG7LA,(DE-576)209741139,Bildband,bildband,(DE-576)209741139
TDJJWIUB,(DE-576)209741139,Bildband,bildband,(DE-576)209741139
TR3IFWKX,(DE-576)209741139,Bildband,bildband,(DE-576)209741139
TXAPKZVM,(DE-576)209741139,Bildband,bildband,(DE-576)209741139
UIFRYNAJ,(DE-576)209741139,Bildband,bildband,(DE-576)209741139
UU4PAVUI,(DE-576)209741139,Bildband,bildband,(DE-576)209741139
UXMR5RQV,(DE-576)209741139,Bildband,bildband,(DE-576)209741139
V52GPWHX,(DE-576)209741139,Bildband,bildband,(DE-576)209741139
VPVI6DEB,(DE-576)209741139,Bildband,bildband,(DE-576)209741139
VQT8WQUP,(DE-576)209741139,Bildband,bildband,(DE-576)209741139
VTIALDCE,(DE-576)209741139,Bildband,bildband,(DE-576)209741139
W6ASFQ9T,(DE-576)209741139,Bildband,bildband,(DE-576)209741139
WL4PVBAB,(DE-576)209741139,Bildband,bildband,(DE-576)209741139
XAFM87LG,(DE-576)209741139,Bildband,bildband,(DE-576)209741139
XEALSNUR,(DE-576)209741139,Bildband,bildband,(DE-576)209741139
YGIM7AIS,(DE-576)209741139,Bildband,bildband,(DE-576)209741139
YHRU2TK3,(DE-576)209741139,Bildband,bildband,(DE-576)209741139
Z7XE89A4,(DE-576)209741139,Bildband,bildband,(DE-576)209741139
ZH3Y4ATB,(DE-576)209741139,Bildband,bildband,(DE-576)209741139
ZK7KARLD,(DE-576)209741139,Bildband,bildband,(DE-576)209741139
ZRIZ6UZB,(DE-576)209741139,Bildband,bildband,(DE-576)209741139
ZUYRHIMK,(DE-576)209741139,Bildband,bildband,(DE-576)209741139
6XC2973T,(DE-576)209804548,Faksimile,faksimile,(DE-576)209804548
LJTHLNWF,(DE-576)209847085,Pressendruck,pressendruck,(DE-576)209847085
LWID8Z82,(DE-576)209847085,Pressendruck,pressendruck,(DE-576)209847085
NQGJN9BU,(DE-576)209847085,Pressendruck,pressendruck,(DE-576)209847085
W6ASFQ9T,(DE-576)21003467X,Toter,toter,(DE-576)21003467X
R5BMSNW2,(DE-576)210051078,Verzeichnis,verzeichnis,(DE-576)210051078
MP5E5D44,(DE-576)210061456,Werkverzeichnis,werkverzeichnis,(DE-576)210061456
2CKD59H4,(DE-576)210335815,Künstlerbuch,k-nstlerbuch,(DE-576)210335815
2F7CAM3Q,(DE-576)210335815,Künstlerbuch,k-nstlerbuch,(DE-576)210335815
2TI8WNI8,(DE-576)210335815,Künstlerbuch,k-nstlerbuch,(DE-576)210335815
2YNIX7GG,(DE-576)210335815,Künstlerbuch,k-nstlerbuch,(DE-576)210335815
32EXPVIZ,(DE-576)210335815,Künstlerbuch,k-nstlerbuch,(DE-576)210335815
3FEU6NW2,(DE-576)210335815,Künstlerbuch,k-nstlerbuch,(DE-576)210335815
3H7LRIQ3,(DE-576)210335815,Künstlerbuch,k-nstlerbuch,(DE-576)210335815
3KFD9CQA,(DE-576)210335815,Künstlerbuch,k-nstlerbuch,(DE-576)210335815
3MB5H6NK,(DE-576)210335815,Künstlerbuch,k-nstlerbuch,(DE-576)210335815
3Q72NYIK,(DE-576)210335815,Künstlerbuch,k-nstlerbuch,(DE-576)210335815
3SGW2NHD,(DE-576)210335815,Künstlerbuch,k-nstlerbuch,(DE-576)210335815
3T63WWGY,(DE-576)210335815,Künstlerbuch,k-nstlerbuch,(DE-576)210335815
3V3IY794,(DE-576)210335815,Künstlerbuch,k-nstlerbuch,(DE-576)210335815
3VMK8IQ3,(DE-576)210335815,Künstlerbuch,k-nstlerbuch,(DE-576)210335815
447NLZ87,(DE-576)210335815,Künstlerbuch,k-nstlerbuch,(DE-576)210335815
4F5YYPXF,(DE-576)210335815,Künstlerbuch,k-nstlerbuch,(DE-576)210335815
4MWZWIGW,(DE-576)210335815,Künstlerbuch,k-nstlerbuch,(DE-576)210335815
4QDIYC83,(DE-576)210335815,Künstlerbuch,k-nstlerbuch,(DE-576)210335815
4QPE9PQP,(DE-576)210335815,Künstlerbuch,k-nstlerbuch,(DE-576)210335815
4SZWEEX6,(DE-576)210335815,Künstlerbuch,k-nstlerbuch,(DE-576)210335815
4UNNCR3E,(DE-576)210335815,Künstlerbuch,k-nstlerbuch,(DE-576)210335815
4VPL6Q5R,(DE-576)210335815,Künstlerbuch,k-nstlerbuch,(DE-576)210335815
4W5TISKM,(DE-576)210335815,Künstlerbuch,k-nstlerbuch,(DE-576)210335815
4WPQVLYP,(DE-576)210335815,Künstlerbuch,k-nstlerbuch,(DE-576)210335815
55LWKDUB,(DE-576)210335815,Künstlerbuch,k-nstlerbuch,(DE-576)210335815
55X6RUG5,(DE-576)210335815,Künstlerbuch,k-nstlerbuch,(DE-576)210335815
57TIPE4A,(DE-576)210335815,Künstlerbuch,k-nstlerbuch,(DE-576)210335815
5HHXM2KS,(DE-576)210335815,Künstlerbuch,k-nstlerbuch,(DE-576)210335815
5UZ43JIZ,(DE-576)210335815,Künstlerbuch,k-nstlerbuch,(DE-576)210335815
5WPXS9QA,(DE-576)210335815,Künstlerbuch,k-nstlerbuch,(DE-576)210335815
67YU5GP7,(DE-576)210335815,Künstlerbuch,k-nstlerbuch,(DE-576)210335815
69IXJFMD,(DE-576)210335815,Künstlerbuch,k-nstlerbuch,(DE-576)210335815
6HZSGH8N,(DE-576)210335815,Künstlerbuch,k-nstlerbuch,(DE-576)210335815
6PUYS3RJ,(DE-576)210335815,Künstlerbuch,k-nstlerbuch,(DE-576)210335815
6QSSXFGS,(DE-576)210335815,Künstlerbuch,k-nstlerbuch,(DE-576)210335815
6XC2973T,(DE-576)210335815,Künstlerbuch,k-nstlerbuch,(DE-576)210335815
74T3FE5T,(DE-576)210335815,Künstlerbuch,k-nstlerbuch,(DE-576)210335815
7ADCVIVC,(DE-576)210335815,Künstlerbuch,k-nstlerbuch,(DE-576)210335815
7EIZZVM3,(DE-576)210335815,Künstlerbuch,k-nstlerbuch,(DE-576)210335815
7JDKZNH5,(DE-576)210335815,Künstlerbuch,k-nstlerbuch,(DE-576)210335815
7JIPGZ9W,(DE-576)210335815,Künstlerbuch,k-nstlerbuch,(DE-576)210335815
7JUGLSCH,(DE-576)210335815,Künstlerbuch,k-nstlerbuch,(DE-576)210335815
7QALZVZF,(DE-576)210335815,Künstlerbuch,k-nstlerbuch,(DE-576)210335815
7UE3IHZM,(DE-576)210335815,Künstlerbuch,k-nstlerbuch,(DE-576)210335815
823HPJH6,(DE-576)210335815,Künstlerbuch,k-nstlerbuch,(DE-576)210335815
832LZEVD,(DE-576)210335815,Künstlerbuch,k-nstlerbuch,(DE-576)210335815
8G2IZE8P,(DE-576)210335815,Künstlerbuch,k-nstlerbuch,(DE-576)210335815
8HFUWCM6,(DE-576)210335815,Künstlerbuch,k-nstlerbuch,(DE-576)210335815
8MSGRPKQ,(DE-576)210335815,Künstlerbuch,k-nstlerbuch,(DE-576)210335815
8SS3Q46M,(DE-576)210335815,Künstlerbuch,k-nstlerbuch,(DE-576)210335815
95MSWFU6,(DE-576)210335815,Künstlerbuch,k-nstlerbuch,(DE-576)210335815
9CYT2PBI,(DE-576)210335815,Künstlerbuch,k-nstlerbuch,(DE-576)210335815
9PFNZRFX,(DE-576)210335815,Künstlerbuch,k-nstlerbuch,(DE-576)210335815
9PIMJHVR,(DE-576)210335815,Künstlerbuch,k-nstlerbuch,(DE-576)210335815
9QQ3CR6M,(DE-576)210335815,Künstlerbuch,k-nstlerbuch,(DE-576)210335815
9XTVFKCS,(DE-576)210335815,Künstlerbuch,k-nstlerbuch,(DE-576)210335815
A55HFMB6,(DE-576)210335815,Künstlerbuch,k-nstlerbuch,(DE-576)210335815
A6QJHU76,(DE-576)210335815,Künstlerbuch,k-nstlerbuch,(DE-576)210335815
A9S5H7WB,(DE-576)210335815,Künstlerbuch,k-nstlerbuch,(DE-576)210335815
AHVM3K6C,(DE-576)210335815,Künstlerbuch,k-nstlerbuch,(DE-576)210335815
AM9SKSWC,(DE-576)210335815,Künstlerbuch,k-nstlerbuch,(DE-576)210335815
ASBCHUV7,(DE-576)210335815,Künstlerbuch,k-nstlerbuch,(DE-576)210335815
AZBVHNVZ,(DE-576)210335815,Künstlerbuch,k-nstlerbuch,(DE-576)210335815
B4DDTKZM,(DE-576)210335815,Künstlerbuch,k-nstlerbuch,(DE-576)210335815
B5TXUI2E,(DE-576)210335815,Künstlerbuch,k-nstlerbuch,(DE-576)210335815
B7H4FF88,(DE-576)210335815,Künstlerbuch,k-nstlerbuch,(DE-576)210335815
BA6VGBZN,(DE-576)210335815,Künstlerbuch,k-nstlerbuch,(DE-576)210335815
BC9HR83L,(DE-576)210335815,Künstlerbuch,k-nstlerbuch,(DE-576)210335815
C8ACZNF7,(DE-576)210335815,Künstlerbuch,k-nstlerbuch,(DE-576)210335815
CALVQZ9P,(DE-576)210335815,Künstlerbuch,k-nstlerbuch,(DE-576)210335815
CD2XN65B,(DE-576)210335815,Künstlerbuch,k-nstlerbuch,(DE-576)210335815
CFQ39V9H,(DE-576)210335815,Künstlerbuch,k-nstlerbuch,(DE-576)210335815
CNNIVGVL,(DE-576)210335815,Künstlerbuch,k-nstlerbuch,(DE-576)210335815
CQXD8NXU,(DE-576)210335815,Künstlerbuch,k-nstlerbuch,(DE-576)210335815
D4FEJIX7,(DE-576)210335815,Künstlerbuch,k-nstlerbuch,(DE-576)210335815
D73ZTXKG,(DE-576)210335815,Künstlerbuch,k-nstlerbuch,(DE-576)210335815
D76BEFZW,(DE-576)210335815,Künstlerbuch,k-nstlerbuch,(DE-576)210335815
D7J5X9G4,(DE-576)210335815,Künstlerbuch,k-nstlerbuch,(DE-576)210335815
D97VG9NM,(DE-576)210335815,Künstlerbuch,k-nstlerbuch,(DE-576)210335815
DB89L5FB,(DE-576)210335815,Künstlerbuch,k-nstlerbuch,(DE-576)210335815
DE3PV326,(DE-576)210335815,Künstlerbuch,k-nstlerbuch,(DE-576)210335815
DF8PBLPN,(DE-576)210335815,Künstlerbuch,k-nstlerbuch,(DE-576)210335815
DG3NWT5C,(DE-576)210335815,Künstlerbuch,k-nstlerbuch,(DE-576)210335815
DHLXDVLH,(DE-576)210335815,Künstlerbuch,k-nstlerbuch,(DE-576)210335815
DJKXATYJ,(DE-576)210335815,Künstlerbuch,k-nstlerbuch,(DE-576)210335815
DK2FF387,(DE-576)210335815,Künstlerbuch,k-nstlerbuch,(DE-576)210335815
E4U5KUWK,(DE-576)210335815,Künstlerbuch,k-nstlerbuch,(DE-576)210335815
E8XCM6LH,(DE-576)210335815,Künstlerbuch,k-nstlerbuch,(DE-576)210335815
E9I9HBZL,(DE-576)210335815,Künstlerbuch,k-nstlerbuch,(DE-576)210335815
EBF2F8EM,(DE-576)210335815,Künstlerbuch,k-nstlerbuch,(DE-576)210335815
EIYDVCEC,(DE-576)210335815,Künstlerbuch,k-nstlerbuch,(DE-576)210335815
EPTK9T5C,(DE-576)210335815,Künstlerbuch,k-nstlerbuch,(DE-576)210335815
ET5ZG6FT,(DE-576)210335815,Künstlerbuch,k-nstlerbuch,(DE-576)210335815
F4VN6I87,(DE-576)210335815,Künstlerbuch,k-nstlerbuch,(DE-576)210335815
F5JYEUIR,(DE-576)210335815,Künstlerbuch,k-nstlerbuch,(DE-576)210335815
F6ZX35WA,(DE-576)210335815,Künstlerbuch,k-nstlerbuch,(DE-576)210335815
FB6HXUX2,(DE-576)210335815,Künstlerbuch,k-nstlerbuch,(DE-576)210335815
FCPV9QUF,(DE-576)210335815,Künstlerbuch,k-nstlerbuch,(DE-576)210335815
FGU77T4F,(DE-576)210335815,Künstlerbuch,k-nstlerbuch,(DE-576)210335815
FGUDYHV5,(DE-576)210335815,Künstlerbuch,k-nstlerbuch,(DE-576)210335815
FI4FQEHE,(DE-576)210335815,Künstlerbuch,k-nstlerbuch,(DE-576)210335815
FITC72N8,(DE-576)210335815,Künstlerbuch,k-nstlerbuch,(DE-576)210335815
FMSKZADN,(DE-576)210335815,Künstlerbuch,k-nstlerbuch,(DE-576)210335815
FTLYVU6S,(DE-576)210335815,Künstlerbuch,k-nstlerbuch,(DE-576)210335815
FUHXLVNP,(DE-576)210335815,Künstlerbuch,k-nstlerbuch,(DE-576)210335815
FZN69G45,(DE-576)210335815,Künstlerbuch,k-nstlerbuch,(DE-576)210335815
G557YQZS,(DE-576)210335815,Künstlerbuch,k-nstlerbuch,(DE-576)210335815
G82QG9IS,(DE-576)210335815,Künstlerbuch,k-nstlerbuch,(DE-576)210335815
G89R4PQ8,(DE-576)210335815,Künstlerbuch,k-nstlerbuch,(DE-576)210335815
GG38CG5Y,(DE-576)210335815,Künstlerbuch,k-nstlerbuch,(DE-576)210335815
GH96ZBC5,(DE-576)210335815,Künstlerbuch,k-nstlerbuch,(DE-576)210335815
GSUYH49Q,(DE-576)210335815,Künstlerbuch,k-nstlerbuch,(DE-576)210335815
GUUW2QRN,(DE-576)210335815,Künstlerbuch,k-nstlerbuch,(DE-576)210335815
GVKIXEWQ,(DE-576)210335815,Künstlerbuch,k-nstlerbuch,(DE-576)210335815
H9HJ4CZU,(DE-576)210335815,Künstlerbuch,k-nstlerbuch,(DE-576)210335815
H9VIE5CT,(DE-576)210335815,Künstlerbuch,k-nstlerbuch,(DE-576)210335815
HB2JCULX,(DE-576)210335815,Künstlerbuch,k-nstlerbuch,(DE-576)210335815
HIF6CFX2,(DE-576)210335815,Künstlerbuch,k-nstlerbuch,(DE-576)210335815
HQ7GUEVX,(DE-576)210335815,Künstlerbuch,k-nstlerbuch,(DE-576)210335815
I3KEV29Q,(DE-576)210335815,Künstlerbuch,k-nstlerbuch,(DE-576)210335815
I3VTQC8S,(DE-576)210335815,Künstlerbuch,k-nstlerbuch,(DE-576)210335815
I6BMCR8K,(DE-576)210335815,Künstlerbuch,k-nstlerbuch,(DE-576)210335815
IG7TX687,(DE-576)210335815,Künstlerbuch,k-nstlerbuch,(DE-576)210335815
J6XZDP9V,(DE-576)210335815,Künstlerbuch,k-nstlerbuch,(DE-576)210335815
J7KJ42IJ,(DE-576)210335815,Künstlerbuch,k-nstlerbuch,(DE-576)210335815
JA3QBES6,(DE-576)210335815,Künstlerbuch,k-nstlerbuch,(DE-576)210335815
JBFARK37,(DE-576)210335815,Künstlerbuch,k-nstlerbuch,(DE-576)210335815
JFCJ36E4,(DE-576)210335815,Künstlerbuch,k-nstlerbuch,(DE-576)210335815
JG6XC8J4,(DE-576)210335815,Künstlerbuch,k-nstlerbuch,(DE-576)210335815
JHAWI8FN,(DE-576)210335815,Künstlerbuch,k-nstlerbuch,(DE-576)210335815
JJFZWUPQ,(DE-576)210335815,Künstlerbuch,k-nstlerbuch,(DE-576)210335815
JPWIWIB5,(DE-576)210335815,Künstlerbuch,k-nstlerbuch,(DE-576)210335815
K2D7TNGW,(DE-576)210335815,Künstlerbuch,k-nstlerbuch,(DE-576)210335815
K8J39QD7,(DE-576)210335815,Künstlerbuch,k-nstlerbuch,(DE-576)210335815
KB2AHRX5,(DE-576)210335815,Künstlerbuch,k-nstlerbuch,(DE-576)210335815
KJ9M2EDT,(DE-576)210335815,Künstlerbuch,k-nstlerbuch,(DE-576)210335815
KMANZ43N,(DE-576)210335815,Künstlerbuch,k-nstlerbuch,(DE-576)210335815
KNX7V2VW,(DE-576)210335815,Künstlerbuch,k-nstlerbuch,(DE-576)210335815
KPFBRS7Z,(DE-576)210335815,Künstlerbuch,k-nstlerbuch,(DE-576)210335815
KQZ4XSDE,(DE-576)210335815,Künstlerbuch,k-nstlerbuch,(DE-576)210335815
L43ZCWQC,(DE-576)210335815,Künstlerbuch,k-nstlerbuch,(DE-576)210335815
L4N5BE3R,(DE-576)210335815,Künstlerbuch,k-nstlerbuch,(DE-576)210335815
L858L69B,(DE-576)210335815,Künstlerbuch,k-nstlerbuch,(DE-576)210335815
L8YKD3R9,(DE-576)210335815,Künstlerbuch,k-nstlerbuch,(DE-576)210335815
L9KEY529,(DE-576)210335815,Künstlerbuch,k-nstlerbuch,(DE-576)210335815
L9UWLTGH,(DE-576)210335815,Künstlerbuch,k-nstlerbuch,(DE-576)210335815
LB2YH7HG,(DE-576)210335815,Künstlerbuch,k-nstlerbuch,(DE-576)210335815
LCACBX66,(DE-576)210335815,Künstlerbuch,k-nstlerbuch,(DE-576)210335815
LQYREUN2,(DE-576)210335815,Künstlerbuch,k-nstlerbuch,(DE-576)210335815
LRDE974U,(DE-576)210335815,Künstlerbuch,k-nstlerbuch,(DE-576)210335815
LT6ZCJFU,(DE-576)210335815,Künstlerbuch,k-nstlerbuch,(DE-576)210335815
LXWLXQ54,(DE-576)210335815,Künstlerbuch,k-nstlerbuch,(DE-576)210335815
MDUA5ZE7,(DE-576)210335815,Künstlerbuch,k-nstlerbuch,(DE-576)210335815
MGW8N423,(DE-576)210335815,Künstlerbuch,k-nstlerbuch,(DE-576)210335815
MJ6FPKE7,(DE-576)210335815,Künstlerbuch,k-nstlerbuch,(DE-576)210335815
MPXQ4UQ4,(DE-576)210335815,Künstlerbuch,k-nstlerbuch,(DE-576)210335815
MZVZYE5F,(DE-576)210335815,Künstlerbuch,k-nstlerbuch,(DE-576)210335815
N3QLEVRA,(DE-576)210335815,Künstlerbuch,k-nstlerbuch,(DE-576)210335815
NB6RHYAT,(DE-576)210335815,Künstlerbuch,k-nstlerbuch,(DE-576)210335815
NLLHA33Y,(DE-576)210335815,Künstlerbuch,k-nstlerbuch,(DE-576)210335815
NLXJDMU7,(DE-576)210335815,Künstlerbuch,k-nstlerbuch,(DE-576)210335815
P5L3EQWG,(DE-576)210335815,Künstlerbuch,k-nstlerbuch,(DE-576)210335815
P8NH64UA,(DE-576)210335815,Künstlerbuch,k-nstlerbuch,(DE-576)210335815
PAP5QAXF,(DE-576)210335815,Künstlerbuch,k-nstlerbuch,(DE-576)210335815
PCFITHTS,(DE-576)210335815,Künstlerbuch,k-nstlerbuch,(DE-576)210335815
PQIA2CKD,(DE-576)210335815,Künstlerbuch,k-nstlerbuch,(DE-576)210335815
PRIV6J7H,(DE-576)210335815,Künstlerbuch,k-nstlerbuch,(DE-576)210335815
PVQSLP9N,(DE-576)210335815,Künstlerbuch,k-nstlerbuch,(DE-576)210335815
QDDTGKNX,(DE-576)210335815,Künstlerbuch,k-nstlerbuch,(DE-576)210335815
QFYUFCRN,(DE-576)210335815,Künstlerbuch,k-nstlerbuch,(DE-576)210335815
QHWEGHIW,(DE-576)210335815,Künstlerbuch,k-nstlerbuch,(DE-576)210335815
QIZKPV3J,(DE-576)210335815,Künstlerbuch,k-nstlerbuch,(DE-576)210335815
QNVKBFKR,(DE-576)210335815,Künstlerbuch,k-nstlerbuch,(DE-576)210335815
QRM68WJD,(DE-576)210335815,Künstlerbuch,k-nstlerbuch,(DE-576)210335815
QTGBP9KC,(DE-576)210335815,Künstlerbuch,k-nstlerbuch,(DE-576)210335815
QVBTAK8B,(DE-576)210335815,Künstlerbuch,k-nstlerbuch,(DE-576)210335815
QXMWIKLM,(DE-576)210335815,Künstlerbuch,k-nstlerbuch,(DE-576)210335815
QZQADLU5,(DE-576)210335815,Künstlerbuch,k-nstlerbuch,(DE-576)210335815
R2B4T754,(DE-576)210335815,Künstlerbuch,k-nstlerbuch,(DE-576)210335815
R8ASAIKM,(DE-576)210335815,Künstlerbuch,k-nstlerbuch,(DE-576)210335815
R9KK3JBM,(DE-576)210335815,Künstlerbuch,k-nstlerbuch,(DE-576)210335815
RAB6SKMW,(DE-576)210335815,Künstlerbuch,k-nstlerbuch,(DE-576)210335815
RES7AGL4,(DE-576)210335815,Künstlerbuch,k-nstlerbuch,(DE-576)210335815
RN3RPDCR,(DE-576)210335815,Künstlerbuch,k-nstlerbuch,(DE-576)210335815
RN8L6446,(DE-576)210335815,Künstlerbuch,k-nstlerbuch,(DE-576)210335815
RNWF2NMK,(DE-576)210335815,Künstlerbuch,k-nstlerbuch,(DE-576)210335815
RPXZT682,(DE-576)210335815,Künstlerbuch,k-nstlerbuch,(DE-576)210335815
RXSC8U4F,(DE-576)210335815,Künstlerbuch,k-nstlerbuch,(DE-576)210335815
S5WTQKN5,(DE-576)210335815,Künstlerbuch,k-nstlerbuch,(DE-576)210335815
S7GKU4P8,(DE-576)210335815,Künstlerbuch,k-nstlerbuch,(DE-576)210335815
SC9KJDXY,(DE-576)210335815,Künstlerbuch,k-nstlerbuch,(DE-576)210335815
SDERJC7M,(DE-576)210335815,Künstlerbuch,k-nstlerbuch,(DE-576)210335815
SDQXQ9RN,(DE-576)210335815,Künstlerbuch,k-nstlerbuch,(DE-576)210335815
SHS679ZQ,(DE-576)210335815,Künstlerbuch,k-nstlerbuch,(DE-576)210335815
SQ34ACU7,(DE-576)210335815,Künstlerbuch,k-nstlerbuch,(DE-576)210335815
SQ5LQYVI,(DE-576)210335815,Künstlerbuch,k-nstlerbuch,(DE-576)210335815
T2F465FW,(DE-576)210335815,Künstlerbuch,k-nstlerbuch,(DE-576)210335815
T3QKSVW4,(DE-576)210335815,Künstlerbuch,k-nstlerbuch,(DE-576)210335815
T9W3AQRC,(DE-576)210335815,Künstlerbuch,k-nstlerbuch,(DE-576)210335815
TAPYY554,(DE-576)210335815,Künstlerbuch,k-nstlerbuch,(DE-576)210335815
TBYUXCN9,(DE-576)210335815,Künstlerbuch,k-nstlerbuch,(DE-576)210335815
TGN4TJ3R,(DE-576)210335815,Künstlerbuch,k-nstlerbuch,(DE-576)210335815
TLNWV74C,(DE-576)210335815,Künstlerbuch,k-nstlerbuch,(DE-576)210335815
TTPYHP62,(DE-576)210335815,Künstlerbuch,k-nstlerbuch,(DE-576)210335815
U3VHJWPF,(DE-576)210335815,Künstlerbuch,k-nstlerbuch,(DE-576)210335815
U5ML8C52,(DE-576)210335815,Künstlerbuch,k-nstlerbuch,(DE-576)210335815
U7A83SF6,(DE-576)210335815,Künstlerbuch,k-nstlerbuch,(DE-576)210335815
U9N3KCLB,(DE-576)210335815,Künstlerbuch,k-nstlerbuch,(DE-576)210335815
UEIDIUZ2,(DE-576)210335815,Künstlerbuch,k-nstlerbuch,(DE-576)210335815
UU2VZ6H3,(DE-576)210335815,Künstlerbuch,k-nstlerbuch,(DE-576)210335815
UUDCPCT6,(DE-576)210335815,Künstlerbuch,k-nstlerbuch,(DE-576)210335815
UXLUPHRZ,(DE-576)210335815,Künstlerbuch,k-nstlerbuch,(DE-576)210335815
UXMR5RQV,(DE-576)210335815,Künstlerbuch,k-nstlerbuch,(DE-576)210335815
UXY2FCAY,(DE-576)210335815,Künstlerbuch,k-nstlerbuch,(DE-576)210335815
UZ47NZNS,(DE-576)210335815,Künstlerbuch,k-nstlerbuch,(DE-576)210335815
V52GPWHX,(DE-576)210335815,Künstlerbuch,k-nstlerbuch,(DE-576)210335815
VD27FKX7,(DE-576)210335815,Künstlerbuch,k-nstlerbuch,(DE-576)210335815
VDRUZE8M,(DE-576)210335815,Künstlerbuch,k-nstlerbuch,(DE-576)210335815
VLXCF53I,(DE-576)210335815,Künstlerbuch,k-nstlerbuch,(DE-576)210335815
VQWLDLPG,(DE-576)210335815,Künstlerbuch,k-nstlerbuch,(DE-576)210335815
VSJLJPUG,(DE-576)210335815,Künstlerbuch,k-nstlerbuch,(DE-576)210335815
W4JPSXBU,(DE-576)210335815,Künstlerbuch,k-nstlerbuch,(DE-576)210335815
W8QNRFCX,(DE-576)210335815,Künstlerbuch,k-nstlerbuch,(DE-576)210335815
WFA3PK9W,(DE-576)210335815,Künstlerbuch,k-nstlerbuch,(DE-576)210335815
WIRWMGP2,(DE-576)210335815,Künstlerbuch,k-nstlerbuch,(DE-576)210335815
WJUXMT6C,(DE-576)210335815,Künstlerbuch,k-nstlerbuch,(DE-576)210335815
WJVR2UTU,(DE-576)210335815,Künstlerbuch,k-nstlerbuch,(DE-576)210335815
WKTXZHR5,(DE-576)210335815,Künstlerbuch,k-nstlerbuch,(DE-576)210335815
WTQ26GWG,(DE-576)210335815,Künstlerbuch,k-nstlerbuch,(DE-576)210335815
WUL8Q8GI,(DE-576)210335815,Künstlerbuch,k-nstlerbuch,(DE-576)210335815
X2Q82H29,(DE-576)210335815,Künstlerbuch,k-nstlerbuch,(DE-576)210335815
X3UG6BSW,(DE-576)210335815,Künstlerbuch,k-nstlerbuch,(DE-576)210335815
XCFAWNRB,(DE-576)210335815,Künstlerbuch,k-nstlerbuch,(DE-576)210335815
XDJ4JTJK,(DE-576)210335815,Künstlerbuch,k-nstlerbuch,(DE-576)210335815
XL2Y3JAW,(DE-576)210335815,Künstlerbuch,k-nstlerbuch,(DE-576)210335815
XLFDKVAA,(DE-576)210335815,Künstlerbuch,k-nstlerbuch,(DE-576)210335815
XLMBDT9X,(DE-576)210335815,Künstlerbuch,k-nstlerbuch,(DE-576)210335815
XMD55A9R,(DE-576)210335815,Künstlerbuch,k-nstlerbuch,(DE-576)210335815
XPWL8A46,(DE-576)210335815,Künstlerbuch,k-nstlerbuch,(DE-576)210335815
XQQYI8AH,(DE-576)210335815,Künstlerbuch,k-nstlerbuch,(DE-576)210335815
XUWIVHZP,(DE-576)210335815,Künstlerbuch,k-nstlerbuch,(DE-576)210335815
XVUAASG5,(DE-576)210335815,Künstlerbuch,k-nstlerbuch,(DE-576)210335815
XYDXDQTV,(DE-576)210335815,Künstlerbuch,k-nstlerbuch,(DE-576)210335815
XZHBA6FW,(DE-576)210335815,Künstlerbuch,k-nstlerbuch,(DE-576)210335815
XZU3DAM6,(DE-576)210335815,Künstlerbuch,k-nstlerbuch,(DE-576)210335815
Y2X68QRH,(DE-576)210335815,Künstlerbuch,k-nstlerbuch,(DE-576)210335815
Y9UWA2F5,(DE-576)210335815,Künstlerbuch,k-nstlerbuch,(DE-576)210335815
YDJZPYXE,(DE-576)210335815,Künstlerbuch,k-nstlerbuch,(DE-576)210335815
YEWUK4N4,(DE-576)210335815,Künstlerbuch,k-nstlerbuch,(DE-576)210335815
YFFYZDWF,(DE-576)210335815,Künstlerbuch,k-nstlerbuch,(DE-576)210335815
YGIM7AIS,(DE-576)210335815,Künstlerbuch,k-nstlerbuch,(DE-576)210335815
YHRU2TK3,(DE-576)210335815,Künstlerbuch,k-nstlerbuch,(DE-576)210335815
YHVL8J67,(DE-576)210335815,Künstlerbuch,k-nstlerbuch,(DE-576)210335815
YQSXEVIC,(DE-576)210335815,Künstlerbuch,k-nstlerbuch,(DE-576)210335815
YSB4I3ST,(DE-576)210335815,Künstlerbuch,k-nstlerbuch,(DE-576)210335815
YYEHGMAE,(DE-576)210335815,Künstlerbuch,k-nstlerbuch,(DE-576)210335815
Z2YCIU8D,(DE-576)210335815,Künstlerbuch,k-nstlerbuch,(DE-576)210335815
Z6C6TZGA,(DE-576)210335815,Künstlerbuch,k-nstlerbuch,(DE-576)210335815
ZH3Y4ATB,(DE-576)210335815,Künstlerbuch,k-nstlerbuch,(DE-576)210335815
ZKXE67IQ,(DE-576)210335815,Künstlerbuch,k-nstlerbuch,(DE-576)210335815
ZL3FG9JI,(DE-576)210335815,Künstlerbuch,k-nstlerbuch,(DE-576)210335815
ZQDY8GSM,(DE-576)210335815,Künstlerbuch,k-nstlerbuch,(DE-576)210335815
ZRIZ6UZB,(DE-576)210335815,Künstlerbuch,k-nstlerbuch,(DE-576)210335815
ZT22L8XP,(DE-576)210335815,Künstlerbuch,k-nstlerbuch,(DE-576)210335815
ZUT9XYAE,(DE-576)210335815,Künstlerbuch,k-nstlerbuch,(DE-576)210335815
ZUYRHIMK,(DE-576)210335815,Künstlerbuch,k-nstlerbuch,(DE-576)210335815
ZYIM55XE,(DE-576)210335815,Künstlerbuch,k-nstlerbuch,(DE-576)210335815
VPHMSVHB,(DE-576)276549368,Blu-Ray-Disc,blu-ray-disc,(DE-576)276549368
439QPG7K,(DE-576)433375485,Konferenzschrift,konferenzschrift,(DE-576)433375485
CXEAVPDU,(DE-576)433375485,Konferenzschrift,konferenzschrift,(DE-576)433375485
EGXIGEUT,(DE-576)433375485,Konferenzschrift,konferenzschrift,(DE-576)433375485
HNQ9RFM7,(DE-576)433375485,Konferenzschrift,konferenzschrift,(DE-576)433375485
IMBNNP86,(DE-576)433375485,Konferenzschrift,konferenzschrift,(DE-576)433375485
JHK3HSGT,(DE-576)433375485,Konferenzschrift,konferenzschrift,(DE-576)433375485
KX8JIP23,(DE-576)433375485,Konferenzschrift,konferenzschrift,(DE-576)433375485
VDX4AFFI,(DE-576)433375485,Konferenzschrift,konferenzschrift,(DE-576)433375485
439QPG7K,(DE-588)1071861417,Konferenzschrift,konferenzschrift,(DE-588)1071861417
CXEAVPDU,(DE-588)1071861417,Konferenzschrift,konferenzschrift,(DE-588)1071861417
EGXIGEUT,(DE-588)1071861417,Konferenzschrift,konferenzschrift,(DE-588)1071861417
HNQ9RFM7,(DE-588)1071861417,Konferenzschrift,konferenzschrift,(DE-588)1071861417
IMBNNP86,(DE-588)1071861417,Konferenzschrift,konferenzschrift,(DE-588)1071861417
JHK3HSGT,(DE-588)1071861417,Konferenzschrift,konferenzschrift,(DE-588)1071861417
KX8JIP23,(DE-588)1071861417,Konferenzschrift,konferenzschrift,(DE-588)1071861417
VDX4AFFI,(DE-588)1071861417,Konferenzschrift,konferenzschrift,(DE-588)1071861417
PI3FIY7I,(DE-588)4002214-6,Anthologie,anthologie,(DE-588)4002214-6
JC2Y6YX9,(DE-588)4005227-8,Umfrage,umfrage,(DE-588)4005227-8
UX5TY9HZ,(DE-588)4006432-3,Bibliografie,bibliografie,(DE-588)4006432-3
E8XCM6LH,(DE-588)4006604-6,Bilderbuch,bilderbuch,(DE-588)4006604-6
WFS3X66N,(DE-588)4012044-2,Diagramm,diagramm,(DE-588)4012044-2
NQGJN9BU,(DE-588)4014777-0,Englisch,englisch,(DE-588)4014777-0
VPHMSVHB,(DE-588)4017102-4,Film,film,(DE-588)4017102-4
439QPG7K,(DE-588)4020713-4,Gespräch,gespr-ch,(DE-588)4020713-4
L334P933,(DE-588)4027503-6,Interview,interview,(DE-588)4027503-6
SQ3TMN5P,(DE-588)4045895-7,Fotografie,fotografie,(DE-588)4045895-7
W6ASFQ9T,(DE-588)4059534-1,Terrorismus,terrorismus,(DE-588)4059534-1
NQGJN9BU,(DE-588)4061418-9,Übersetzung,bersetzung,(DE-588)4061418-9
XGZVKFRF,(DE-588)4067488-5,Zeitschrift,zeitschrift,(DE-588)4067488-5
237V68GJ,(DE-588)4135467-9,Ausstellungskatalog,ausstellungskatalog,(DE-588)4135467-9
2HWGZPS6,(DE-588)4135467-9,Ausstellungskatalog,ausstellungskatalog,(DE-588)4135467-9
2I3TQW9S,(DE-588)4135467-9,Ausstellungskatalog,ausstellungskatalog,(DE-588)4135467-9
2UDIUNQX,(DE-588)4135467-9,Ausstellungskatalog,ausstellungskatalog,(DE-588)4135467-9
2ZKW6N2T,(DE-588)4135467-9,Ausstellungskatalog,ausstellungskatalog,(DE-588)4135467-9
32EH6QAV,(DE-588)4135467-9,Ausstellungskatalog,ausstellungskatalog,(DE-588)4135467-9
36CZWL7Z,(DE-588)4135467-9,Ausstellungskatalog,ausstellungskatalog,(DE-588)4135467-9
3D3EKJVR,(DE-588)4135467-9,Ausstellungskatalog,ausstellungskatalog,(DE-588)4135467-9
3E5IVK3I,(DE-588)4135467-9,Ausstellungskatalog,ausstellungskatalog,(DE-588)4135467-9
3M58THA6,(DE-588)4135467-9,Ausstellungskatalog,ausstellungskatalog,(DE-588)4135467-9
3RQAVNT5,(DE-588)4135467-9,Ausstellungskatalog,ausstellungskatalog,(DE-588)4135467-9
3Z8IKAWV,(DE-588)4135467-9,Ausstellungskatalog,ausstellungskatalog,(DE-588)4135467-9
44MET6EK,(DE-588)4135467-9,Ausstellungskatalog,ausstellungskatalog,(DE-588)4135467-9
4839UE47,(DE-588)4135467-9,Ausstellungskatalog,ausstellungskatalog,(DE-588)4135467-9
4MRN9JTI,(DE-588)4135467-9,Ausstellungskatalog,ausstellungskatalog,(DE-588)4135467-9
4X3R3S2G,(DE-588)4135467-9,Ausstellungskatalog,ausstellungskatalog,(DE-588)4135467-9
4ZFQRTLU,(DE-588)4135467-9,Ausstellungskatalog,ausstellungskatalog,(DE-588)4135467-9
55MX75F4,(DE-588)4135467-9,Ausstellungskatalog,ausstellungskatalog,(DE-588)4135467-9
5MZS38T4,(DE-588)4135467-9,Ausstellungskatalog,ausstellungskatalog,(DE-588)4135467-9
63J235R5,(DE-588)4135467-9,Ausstellungskatalog,ausstellungskatalog,(DE-588)4135467-9
6XC2973T,(DE-588)4135467-9,Ausstellungskatalog,ausstellungskatalog,(DE-588)4135467-9
7TKF55X7,(DE-588)4135467-9,Ausstellungskatalog,ausstellungskatalog,(DE-588)4135467-9
8A6G7I6K,(DE-588)4135467-9,Ausstellungskatalog,ausstellungskatalog,(DE-588)4135467-9
8IMHQCUW,(DE-588)4135467-9,Ausstellungskatalog,ausstellungskatalog,(DE-588)4135467-9
8SIIFP8C,(DE-588)4135467-9,Ausstellungskatalog,ausstellungskatalog,(DE-588)4135467-9
9DFIJWAY,(DE-588)4135467-9,Ausstellungskatalog,ausstellungskatalog,(DE-588)4135467-9
9HYAYK3Y,(DE-588)4135467-9,Ausstellungskatalog,ausstellungskatalog,(DE-588)4135467-9
A5436UZA,(DE-588)4135467-9,Ausstellungskatalog,ausstellungskatalog,(DE-588)4135467-9
A6WJ87G6,(DE-588)4135467-9,Ausstellungskatalog,ausstellungskatalog,(DE-588)4135467-9
AVYFDNVD,(DE-588)4135467-9,Ausstellungskatalog,ausstellungskatalog,(DE-588)4135467-9
AYBDHP7H,(DE-588)4135467-9,Ausstellungskatalog,ausstellungskatalog,(DE-588)4135467-9
C3WGUVQA,(DE-588)4135467-9,Ausstellungskatalog,ausstellungskatalog,(DE-588)4135467-9
C6CZZH4J,(DE-588)4135467-9,Ausstellungskatalog,ausstellungskatalog,(DE-588)4135467-9
DYCW9SUR,(DE-588)4135467-9,Ausstellungskatalog,ausstellungskatalog,(DE-588)4135467-9
E7QQC57G,(DE-588)4135467-9,Ausstellungskatalog,ausstellungskatalog,(DE-588)4135467-9
EGXIGEUT,(DE-588)4135467-9,Ausstellungskatalog,ausstellungskatalog,(DE-588)4135467-9
EPYY3NIM,(DE-588)4135467-9,Ausstellungskatalog,ausstellungskatalog,(DE-588)4135467-9
FIC9EGX8,(DE-588)4135467-9,Ausstellungskatalog,ausstellungskatalog,(DE-588)4135467-9
FIEPFC55,(DE-588)4135467-9,Ausstellungskatalog,ausstellungskatalog,(DE-588)4135467-9
FIQBG8I3,(DE-588)4135467-9,Ausstellungskatalog,ausstellungskatalog,(DE-588)4135467-9
FLZ2CZCT,(DE-588)4135467-9,Ausstellungskatalog,ausstellungskatalog,(DE-588)4135467-9
G2DND365,(DE-588)4135467-9,Ausstellungskatalog,ausstellungskatalog,(DE-588)4135467-9
G8WUFZVR,(DE-588)4135467-9,Ausstellungskatalog,ausstellungskatalog,(DE-588)4135467-9
GVKIXEWQ,(DE-588)4135467-9,Ausstellungskatalog,ausstellungskatalog,(DE-588)4135467-9
H34CCYGI,(DE-588)4135467-9,Ausstellungskatalog,ausstellungskatalog,(DE-588)4135467-9
ICEENMJJ,(DE-588)4135467-9,Ausstellungskatalog,ausstellungskatalog,(DE-588)4135467-9
IQS6CR4M,(DE-588)4135467-9,Ausstellungskatalog,ausstellungskatalog,(DE-588)4135467-9
JD7CG4D3,(DE-588)4135467-9,Ausstellungskatalog,ausstellungskatalog,(DE-588)4135467-9
JMQHCLL8,(DE-588)4135467-9,Ausstellungskatalog,ausstellungskatalog,(DE-588)4135467-9
JRSE23NR,(DE-588)4135467-9,Ausstellungskatalog,ausstellungskatalog,(DE-588)4135467-9
JSJDYBJ7,(DE-588)4135467-9,Ausstellungskatalog,ausstellungskatalog,(DE-588)4135467-9
JW6FAZS5,(DE-588)4135467-9,Ausstellungskatalog,ausstellungskatalog,(DE-588)4135467-9
KCD85JV3,(DE-588)4135467-9,Ausstellungskatalog,ausstellungskatalog,(DE-588)4135467-9
KPGLJJTL,(DE-588)4135467-9,Ausstellungskatalog,ausstellungskatalog,(DE-588)4135467-9
KQE3KTRI,(DE-588)4135467-9,Ausstellungskatalog,ausstellungskatalog,(DE-588)4135467-9
LG2FE56M,(DE-588)4135467-9,Ausstellungskatalog,ausstellungskatalog,(DE-588)4135467-9
N2XD2KVZ,(DE-588)4135467-9,Ausstellungskatalog,ausstellungskatalog,(DE-588)4135467-9
NKRMZVCR,(DE-588)4135467-9,Ausstellungskatalog,ausstellungskatalog,(DE-588)4135467-9
P9N7EDCX,(DE-588)4135467-9,Ausstellungskatalog,ausstellungskatalog,(DE-588)4135467-9
PA42NFDX,(DE-588)4135467-9,Ausstellungskatalog,ausstellungskatalog,(DE-588)4135467-9
PUTJPUMN,(DE-588)4135467-9,Ausstellungskatalog,ausstellungskatalog,(DE-588)4135467-9
Q9RVEP85,(DE-588)4135467-9,Ausstellungskatalog,ausstellungskatalog,(DE-588)4135467-9
QSRPW69Q,(DE-588)4135467-9,Ausstellungskatalog,ausstellungskatalog,(DE-588)4135467-9
QW7UDC24,(DE-588)4135467-9,Ausstellungskatalog,ausstellungskatalog,(DE-588)4135467-9
RFPBS3QW,(DE-588)4135467-9,Ausstellungskatalog,ausstellungskatalog,(DE-588)4135467-9
RN5ETGNQ,(DE-588)4135467-9,Ausstellungskatalog,ausstellungskatalog,(DE-588)4135467-9
RXSC8U4F,(DE-588)4135467-9,Ausstellungskatalog,ausstellungskatalog,(DE-588)4135467-9
S55EHGJH,(DE-588)4135467-9,Ausstellungskatalog,ausstellungskatalog,(DE-588)4135467-9
SHCZG9JY,(DE-588)4135467-9,Ausstellungskatalog,ausstellungskatalog,(DE-588)4135467-9
SJRHIA8E,(DE-588)4135467-9,Ausstellungskatalog,ausstellungskatalog,(DE-588)4135467-9
SPFKCL6W,(DE-588)4135467-9,Ausstellungskatalog,ausstellungskatalog,(DE-588)4135467-9
T4LBNAUA,(DE-588)4135467-9,Ausstellungskatalog,ausstellungskatalog,(DE-588)4135467-9
TB6PSLQ7,(DE-588)4135467-9,Ausstellungskatalog,ausstellungskatalog,(DE-588)4135467-9
TFFRUIL2,(DE-588)4135467-9,Ausstellungskatalog,ausstellungskatalog,(DE-588)4135467-9
TQ3XXEPB,(DE-588)4135467-9,Ausstellungskatalog,ausstellungskatalog,(DE-588)4135467-9
U3F38GW8,(DE-588)4135467-9,Ausstellungskatalog,ausstellungskatalog,(DE-588)4135467-9
U8BYATKG,(DE-588)4135467-9,Ausstellungskatalog,ausstellungskatalog,(DE-588)4135467-9
UCUFQC5A,(DE-588)4135467-9,Ausstellungskatalog,ausstellungskatalog,(DE-588)4135467-9
V3ECAD22,(DE-588)4135467-9,Ausstellungskatalog,ausstellungskatalog,(DE-588)4135467-9
V5H33XUC,(DE-588)4135467-9,Ausstellungskatalog,ausstellungskatalog,(DE-588)4135467-9
VF5MHSKM,(DE-588)4135467-9,Ausstellungskatalog,ausstellungskatalog,(DE-588)4135467-9
VMH7RUQC,(DE-588)4135467-9,Ausstellungskatalog,ausstellungskatalog,(DE-588)4135467-9
W5PUHR9Y,(DE-588)4135467-9,Ausstellungskatalog,ausstellungskatalog,(DE-588)4135467-9
WF2NNLA8,(DE-588)4135467-9,Ausstellungskatalog,ausstellungskatalog,(DE-588)4135467-9
XP9RY9VH,(DE-588)4135467-9,Ausstellungskatalog,ausstellungskatalog,(DE-588)4135467-9
XT86CBGL,(DE-588)4135467-9,Ausstellungskatalog,ausstellungskatalog,(DE-588)4135467-9
XU3QQGYY,(DE-588)4135467-9,Ausstellungskatalog,ausstellungskatalog,(DE-588)4135467-9
Y8D6EEW2,(DE-588)4135467-9,Ausstellungskatalog,ausstellungskatalog,(DE-588)4135467-9
YFMC9E5C,(DE-588)4135467-9,Ausstellungskatalog,ausstellungskatalog,(DE-588)4135467-9
YJETMYG6,(DE-588)4135467-9,Ausstellungskatalog,ausstellungskatalog,(DE-588)4135467-9
YQSXEVIC,(DE-588)4135467-9,Ausstellungskatalog,ausstellungskatalog,(DE-588)4135467-9
YTA7ZKRP,(DE-588)4135467-9,Ausstellungskatalog,ausstellungskatalog,(DE-588)4135467-9
YVY7RLTA,(DE-588)4135467-9,Ausstellungskatalog,ausstellungskatalog,(DE-588)4135467-9
ZGRXHJSY,(DE-588)4135467-9,Ausstellungskatalog,ausstellungskatalog,(DE-588)4135467-9
XMD55A9R,(DE-588)4135952-5,Quelle,quelle,(DE-588)4135952-5
2PUQDV8E,(DE-588)4143413-4,Aufsatzsammlung,aufsatzsammlung,(DE-588)4143413-4
A49GGTHI,(DE-588)4143413-4,Aufsatzsammlung,aufsatzsammlung,(DE-588)4143413-4
HNJSCIJA,(DE-588)4143413-4,Aufsatzsammlung,aufsatzsammlung,(DE-588)4143413-4
26E9ZVFX,(DE-588)4145395-5,Bildband,bildband,(DE-588)4145395-5
2ISXX8P4,(DE-588)4145395-5,Bildband,bildband,(DE-588)4145395-5
3H7LRIQ3,(DE-588)4145395-5,Bildband,bildband,(DE-588)4145395-5
3KFD9CQA,(DE-588)4145395-5,Bildband,bildband,(DE-588)4145395-5
3L5H2WNV,(DE-588)4145395-5,Bildband,bildband,(DE-588)4145395-5
3UT5IE63,(DE-588)4145395-5,Bildband,bildband,(DE-588)4145395-5
3WI4U5FX,(DE-588)4145395-5,Bildband,bildband,(DE-588)4145395-5
4RG9YAQP,(DE-588)4145395-5,Bildband,bildband,(DE-588)4145395-5
55X6RUG5,(DE-588)4145395-5,Bildband,bildband,(DE-588)4145395-5
5BQGU27W,(DE-588)4145395-5,Bildband,bildband,(DE-588)4145395-5
5YQRS4MX,(DE-588)4145395-5,Bildband,bildband,(DE-588)4145395-5
6EBNU3H6,(DE-588)4145395-5,Bildband,bildband,(DE-588)4145395-5
6GDVNFUX,(DE-588)4145395-5,Bildband,bildband,(DE-588)4145395-5
6HZSGH8N,(DE-588)4145395-5,Bildband,bildband,(DE-588)4145395-5
6LRFFQAS,(DE-588)4145395-5,Bildband,bildband,(DE-588)4145395-5
6QSSXFGS,(DE-588)4145395-5,Bildband,bildband,(DE-588)4145395-5
7JDKZNH5,(DE-588)4145395-5,Bildband,bildband,(DE-588)4145395-5
7Z9B7RUI,(DE-588)4145395-5,Bildband,bildband,(DE-588)4145395-5
86WVQIL7,(DE-588)4145395-5,Bildband,bildband,(DE-588)4145395-5
89PDCMEX,(DE-588)4145395-5,Bildband,bildband,(DE-588)4145395-5
8M3BNIGS,(DE-588)4145395-5,Bildband,bildband,(DE-588)4145395-5
8PDMI6QV,(DE-588)4145395-5,Bildband,bildband,(DE-588)4145395-5
8WFNRA4D,(DE-588)4145395-5,Bildband,bildband,(DE-588)4145395-5
9I8HAZLL,(DE-588)4145395-5,Bildband,bildband,(DE-588)4145395-5
9RAWCU6P,(DE-588)4145395-5,Bildband,bildband,(DE-588)4145395-5
B4DDTKZM,(DE-588)4145395-5,Bildband,bildband,(DE-588)4145395-5
BLGKLV2Q,(DE-588)4145395-5,Bildband,bildband,(DE-588)4145395-5
BMSXFVQH,(DE-588)4145395-5,Bildband,bildband,(DE-588)4145395-5
BRIJ3KS2,(DE-588)4145395-5,Bildband,bildband,(DE-588)4145395-5
BXHCPYE3,(DE-588)4145395-5,Bildband,bildband,(DE-588)4145395-5
C8ACZNF7,(DE-588)4145395-5,Bildband,bildband,(DE-588)4145395-5
CAZKILBB,(DE-588)4145395-5,Bildband,bildband,(DE-588)4145395-5
CNNIVGVL,(DE-588)4145395-5,Bildband,bildband,(DE-588)4145395-5
CVPA3PNN,(DE-588)4145395-5,Bildband,bildband,(DE-588)4145395-5
DATIADVA,(DE-588)4145395-5,Bildband,bildband,(DE-588)4145395-5
DJKXATYJ,(DE-588)4145395-5,Bildband,bildband,(DE-588)4145395-5
DYCW9SUR,(DE-588)4145395-5,Bildband,bildband,(DE-588)4145395-5
E7EE2SQV,(DE-588)4145395-5,Bildband,bildband,(DE-588)4145395-5
EESMFJ5K,(DE-588)4145395-5,Bildband,bildband,(DE-588)4145395-5
EUX9DTMC,(DE-588)4145395-5,Bildband,bildband,(DE-588)4145395-5
F4KW4NBC,(DE-588)4145395-5,Bildband,bildband,(DE-588)4145395-5
F5JYEUIR,(DE-588)4145395-5,Bildband,bildband,(DE-588)4145395-5
FGUDYHV5,(DE-588)4145395-5,Bildband,bildband,(DE-588)4145395-5
FGZBXKLC,(DE-588)4145395-5,Bildband,bildband,(DE-588)4145395-5
FTLCCWIQ,(DE-588)4145395-5,Bildband,bildband,(DE-588)4145395-5
FUG57Z5H,(DE-588)4145395-5,Bildband,bildband,(DE-588)4145395-5
G2DND365,(DE-588)4145395-5,Bildband,bildband,(DE-588)4145395-5
G2VYIGTS,(DE-588)4145395-5,Bildband,bildband,(DE-588)4145395-5
G82QG9IS,(DE-588)4145395-5,Bildband,bildband,(DE-588)4145395-5
HGVM6UNS,(DE-588)4145395-5,Bildband,bildband,(DE-588)4145395-5
HRRBF8A7,(DE-588)4145395-5,Bildband,bildband,(DE-588)4145395-5
HSTF76YC,(DE-588)4145395-5,Bildband,bildband,(DE-588)4145395-5
I6BMCR8K,(DE-588)4145395-5,Bildband,bildband,(DE-588)4145395-5
IIW7UDSF,(DE-588)4145395-5,Bildband,bildband,(DE-588)4145395-5
IMIVMKQG,(DE-588)4145395-5,Bildband,bildband,(DE-588)4145395-5
IUR7WI2W,(DE-588)4145395-5,Bildband,bildband,(DE-588)4145395-5
KDULKFAS,(DE-588)4145395-5,Bildband,bildband,(DE-588)4145395-5
KNX7V2VW,(DE-588)4145395-5,Bildband,bildband,(DE-588)4145395-5
KPGLJJTL,(DE-588)4145395-5,Bildband,bildband,(DE-588)4145395-5
KQZ4XSDE,(DE-588)4145395-5,Bildband,bildband,(DE-588)4145395-5
KX8JIP23,(DE-588)4145395-5,Bildband,bildband,(DE-588)4145395-5
KY2RYDIT,(DE-588)4145395-5,Bildband,bildband,(DE-588)4145395-5
L3RRX3NW,(DE-588)4145395-5,Bildband,bildband,(DE-588)4145395-5
L9UWLTGH,(DE-588)4145395-5,Bildband,bildband,(DE-588)4145395-5
LCVB2X27,(DE-588)4145395-5,Bildband,bildband,(DE-588)4145395-5
LT6ZCJFU,(DE-588)4145395-5,Bildband,bildband,(DE-588)4145395-5
LY6AHIES,(DE-588)4145395-5,Bildband,bildband,(DE-588)4145395-5
MDLJXCHX,(DE-588)4145395-5,Bildband,bildband,(DE-588)4145395-5
MRNG4HLW,(DE-588)4145395-5,Bildband,bildband,(DE-588)4145395-5
MUNNGUNB,(DE-588)4145395-5,Bildband,bildband,(DE-588)4145395-5
N7YYZ6F9,(DE-588)4145395-5,Bildband,bildband,(DE-588)4145395-5
N8WCZJQ9,(DE-588)4145395-5,Bildband,bildband,(DE-588)4145395-5
NPW38MV2,(DE-588)4145395-5,Bildband,bildband,(DE-588)4145395-5
P8NH64UA,(DE-588)4145395-5,Bildband,bildband,(DE-588)4145395-5
P9C9FKUL,(DE-588)4145395-5,Bildband,bildband,(DE-588)4145395-5
P9ZU9ISS,(DE-588)4145395-5,Bildband,bildband,(DE-588)4145395-5
PEFWCAEK,(DE-588)4145395-5,Bildband,bildband,(DE-588)4145395-5
PTCLKUSM,(DE-588)4145395-5,Bildband,bildband,(DE-588)4145395-5
PUN6S72F,(DE-588)4145395-5,Bildband,bildband,(DE-588)4145395-5
PUXWGY5C,(DE-588)4145395-5,Bildband,bildband,(DE-588)4145395-5
QBDYNP7Y,(DE-588)4145395-5,Bildband,bildband,(DE-588)4145395-5
QC4DKLM2,(DE-588)4145395-5,Bildband,bildband,(DE-588)4145395-5
QEHZJ9MZ,(DE-588)4145395-5,Bildband,bildband,(DE-588)4145395-5
QIZKPV3J,(DE-588)4145395-5,Bildband,bildband,(DE-588)4145395-5
QL7ZXWPU,(DE-588)4145395-5,Bildband,bildband,(DE-588)4145395-5
RZABXRHI,(DE-588)4145395-5,Bildband,bildband,(DE-588)4145395-5
S4WVIEDE,(DE-588)4145395-5,Bildband,bildband,(DE-588)4145395-5
SHS679ZQ,(DE-588)4145395-5,Bildband,bildband,(DE-588)4145395-5
SQ34ACU7,(DE-588)4145395-5,Bildband,bildband,(DE-588)4145395-5
SS5YIHDB,(DE-588)4145395-5,Bildband,bildband,(DE-588)4145395-5
ST7J4PE8,(DE-588)4145395-5,Bildband,bildband,(DE-588)4145395-5
SXJYFE8Q,(DE-588)4145395-5,Bildband,bildband,(DE-588)4145395-5
SZRF5WZN,(DE-588)4145395-5,Bildband,bildband,(DE-588)4145395-5
T2UGG7LA,(DE-588)4145395-5,Bildband,bildband,(DE-588)4145395-5
TDJJWIUB,(DE-588)4145395-5,Bildband,bildband,(DE-588)4145395-5
TR3IFWKX,(DE-588)4145395-5,Bildband,bildband,(DE-588)4145395-5
TXAPKZVM,(DE-588)4145395-5,Bildband,bildband,(DE-588)4145395-5
UIFRYNAJ,(DE-588)4145395-5,Bildband,bildband,(DE-588)4145395-5
UU4PAVUI,(DE-588)4145395-5,Bildband,bildband,(DE-588)4145395-5
UXMR5RQV,(DE-588)4145395-5,Bildband,bildband,(DE-588)4145395-5
V52GPWHX,(DE-588)4145395-5,Bildband,bildband,(DE-588)4145395-5
VPVI6DEB,(DE-588)4145395-5,Bildband,bildband,(DE-588)4145395-5
VQT8WQUP,(DE-588)4145395-5,Bildband,bildband,(DE-588)4145395-5
VTIALDCE,(DE-588)4145395-5,Bildband,bildband,(DE-588)4145395-5
W6ASFQ9T,(DE-588)4145395-5,Bildband,bildband,(DE-588)4145395-5
WL4PVBAB,(DE-588)4145395-5,Bildband,bildband,(DE-588)4145395-5
XAFM87LG,(DE-588)4145395-5,Bildband,bildband,(DE-588)4145395-5
XEALSNUR,(DE-588)4145395-5,Bildband,bildband,(DE-588)4145395-5
YGIM7AIS,(DE-588)4145395-5,Bildband,bildband,(DE-588)4145395-5
YHRU2TK3,(DE-588)4145395-5,Bildband,bildband,(DE-588)4145395-5
Z7XE89A4,(DE-588)4145395-5,Bildband,bildband,(DE-588)4145395-5
ZH3Y4ATB,(DE-588)4145395-5,Bildband,bildband,(DE-588)4145395-5
ZK7KARLD,(DE-588)4145395-5,Bildband,bildband,(DE-588)4145395-5
ZRIZ6UZB,(DE-588)4145395-5,Bildband,bildband,(DE-588)4145395-5
ZUYRHIMK,(DE-588)4145395-5,Bildband,bildband,(DE-588)4145395-5
6XC2973T,(DE-588)4153591-1,Faksimile,faksimile,(DE-588)4153591-1
LJTHLNWF,(DE-588)4159043-0,Pressendruck,pressendruck,(DE-588)4159043-0
LWID8Z82,(DE-588)4159043-0,Pressendruck,pressendruck,(DE-588)4159043-0
NQGJN9BU,(DE-588)4159043-0,Pressendruck,pressendruck,(DE-588)4159043-0
W6ASFQ9T,(DE-588)4185770-7,Toter,toter,(DE-588)4185770-7
R5BMSNW2,(DE-588)4188171-0,Verzeichnis,verzeichnis,(DE-588)4188171-0
MP5E5D44,(DE-588)4189680-4,Werkverzeichnis,werkverzeichnis,(DE-588)4189680-4
2CKD59H4,(DE-588)4229053-3,Künstlerbuch,k-nstlerbuch,(DE-588)4229053-3
2F7CAM3Q,(DE-588)4229053-3,Künstlerbuch,k-nstlerbuch,(DE-588)4229053-3
2TI8WNI8,(DE-588)4229053-3,Künstlerbuch,k-nstlerbuch,(DE-588)4229053-3
2YNIX7GG,(DE-588)4229053-3,Künstlerbuch,k-nstlerbuch,(DE-588)4229053-3
32EXPVIZ,(DE-588)4229053-3,Künstlerbuch,k-nstlerbuch,(DE-588)4229053-3
3FEU6NW2,(DE-588)4229053-3,Künstlerbuch,k-nstlerbuch,(DE-588)4229053-3
3H7LRIQ3,(DE-588)4229053-3,Künstlerbuch,k-nstlerbuch,(DE-588)4229053-3
3KFD9CQA,(DE-588)4229053-3,Künstlerbuch,k-nstlerbuch,(DE-588)4229053-3
3MB5H6NK,(DE-588)4229053-3,Künstlerbuch,k-nstlerbuch,(DE-588)4229053-3
3Q72NYIK,(DE-588)4229053-3,Künstlerbuch,k-nstlerbuch,(DE-588)4229053-3
3SGW2NHD,(DE-588)4229053-3,Künstlerbuch,k-nstlerbuch,(DE-588)4229053-3
3T63WWGY,(DE-588)4229053-3,Künstlerbuch,k-nstlerbuch,(DE-588)4229053-3
3V3IY794,(DE-588)4229053-3,Künstlerbuch,k-nstlerbuch,(DE-588)4229053-3
3VMK8IQ3,(DE-588)4229053-3,Künstlerbuch,k-nstlerbuch,(DE-588)4229053-3
447NLZ87,(DE-588)4229053-3,Künstlerbuch,k-nstlerbuch,(DE-588)4229053-3
4F5YYPXF,(DE-588)4229053-3,Künstlerbuch,k-nstlerbuch,(DE-588)4229053-3
4MWZWIGW,(DE-588)4229053-3,Künstlerbuch,k-nstlerbuch,(DE-588)4229053-3
4QDIYC83,(DE-588)4229053-3,Künstlerbuch,k-nstlerbuch,(DE-588)4229053-3
4QPE9PQP,(DE-588)4229053-3,Künstlerbuch,k-nstlerbuch,(DE-588)4229053-3
4SZWEEX6,(DE-588)4229053-3,Künstlerbuch,k-nstlerbuch,(DE-588)4229053-3
4UNNCR3E,(DE-588)4229053-3,Künstlerbuch,k-nstlerbuch,(DE-588)4229053-3
4VPL6Q5R,(DE-588)4229053-3,Künstlerbuch,k-nstlerbuch,(DE-588)4229053-3
4W5TISKM,(DE-588)4229053-3,Künstlerbuch,k-nstlerbuch,(DE-588)4229053-3
4WPQVLYP,(DE-588)4229053-3,Künstlerbuch,k-nstlerbuch,(DE-588)4229053-3
55LWKDUB,(DE-588)4229053-3,Künstlerbuch,k-nstlerbuch,(DE-588)4229053-3
55X6RUG5,(DE-588)4229053-3,Künstlerbuch,k-nstlerbuch,(DE-588)4229053-3
57TIPE4A,(DE-588)4229053-3,Künstlerbuch,k-nstlerbuch,(DE-588)4229053-3
5HHXM2KS,(DE-588)4229053-3,Künstlerbuch,k-nstlerbuch,(DE-588)4229053-3
5UZ43JIZ,(DE-588)4229053-3,Künstlerbuch,k-nstlerbuch,(DE-588)4229053-3
5WPXS9QA,(DE-588)4229053-3,Künstlerbuch,k-nstlerbuch,(DE-588)4229053-3
67YU5GP7,(DE-588)4229053-3,Künstlerbuch,k-nstlerbuch,(DE-588)4229053-3
69IXJFMD,(DE-588)4229053-3,Künstlerbuch,k-nstlerbuch,(DE-588)4229053-3
6HZSGH8N,(DE-588)4229053-3,Künstlerbuch,k-nstlerbuch,(DE-588)4229053-3
6PUYS3RJ,(DE-588)4229053-3,Künstlerbuch,k-nstlerbuch,(DE-588)4229053-3
6QSSXFGS,(DE-588)4229053-3,Künstlerbuch,k-nstlerbuch,(DE-588)4229053-3
6XC2973T,(DE-588)4229053-3,Künstlerbuch,k-nstlerbuch,(DE-588)4229053-3
74T3FE5T,(DE-588)4229053-3,Künstlerbuch,k-nstlerbuch,(DE-588)4229053-3
7ADCVIVC,(DE-588)4229053-3,Künstlerbuch,k-nstlerbuch,(DE-588)4229053-3
7EIZZVM3,(DE-588)4229053-3,Künstlerbuch,k-nstlerbuch,(DE-588)4229053-3
7JDKZNH5,(DE-588)4229053-3,Künstlerbuch,k-nstlerbuch,(DE-588)4229053-3
7JIPGZ9W,(DE-588)4229053-3,Künstlerbuch,k-nstlerbuch,(DE-588)4229053-3
7JUGLSCH,(DE-588)4229053-3,Künstlerbuch,k-nstlerbuch,(DE-588)4229053-3
7QALZVZF,(DE-588)4229053-3,Künstlerbuch,k-nstlerbuch,(DE-588)4229053-3
7UE3IHZM,(DE-588)4229053-3,Künstlerbuch,k-nstlerbuch,(DE-588)4229053-3
823HPJH6,(DE-588)4229053-3,Künstlerbuch,k-nstlerbuch,(DE-588)4229053-3
832LZEVD,(DE-588)4229053-3,Künstlerbuch,k-nstlerbuch,(DE-588)4229053-3
8G2IZE8P,(DE-588)4229053-3,Künstlerbuch,k-nstlerbuch,(DE-588)4229053-3
8HFUWCM6,(DE-588)4229053-3,Künstlerbuch,k-nstlerbuch,(DE-588)4229053-3
8MSGRPKQ,(DE-588)4229053-3,Künstlerbuch,k-nstlerbuch,(DE-588)4229053-3
8SS3Q46M,(DE-588)4229053-3,Künstlerbuch,k-nstlerbuch,(DE-588)4229053-3
95MSWFU6,(DE-588)4229053-3,Künstlerbuch,k-nstlerbuch,(DE-588)4229053-3
9CYT2PBI,(DE-588)4229053-3,Künstlerbuch,k-nstlerbuch,(DE-588)4229053-3
9PFNZRFX,(DE-588)4229053-3,Künstlerbuch,k-nstlerbuch,(DE-588)4229053-3
9PIMJHVR,(DE-588)4229053-3,Künstlerbuch,k-nstlerbuch,(DE-588)4229053-3
9QQ3CR6M,(DE-588)4229053-3,Künstlerbuch,k-nstlerbuch,(DE-588)4229053-3
9XTVFKCS,(DE-588)4229053-3,Künstlerbuch,k-nstlerbuch,(DE-588)4229053-3
A55HFMB6,(DE-588)4229053-3,Künstlerbuch,k-nstlerbuch,(DE-588)4229053-3
A6QJHU76,(DE-588)4229053-3,Künstlerbuch,k-nstlerbuch,(DE-588)4229053-3
A9S5H7WB,(DE-588)4229053-3,Künstlerbuch,k-nstlerbuch,(DE-588)4229053-3
AHVM3K6C,(DE-588)4229053-3,Künstlerbuch,k-nstlerbuch,(DE-588)4229053-3
AM9SKSWC,(DE-588)4229053-3,Künstlerbuch,k-nstlerbuch,(DE-588)4229053-3
ASBCHUV7,(DE-588)4229053-3,Künstlerbuch,k-nstlerbuch,(DE-588)4229053-3
AZBVHNVZ,(DE-588)4229053-3,Künstlerbuch,k-nstlerbuch,(DE-588)4229053-3
B4DDTKZM,(DE-588)4229053-3,Künstlerbuch,k-nstlerbuch,(DE-588)4229053-3
B5TXUI2E,(DE-588)4229053-3,Künstlerbuch,k-nstlerbuch,(DE-588)4229053-3
B7H4FF88,(DE-588)4229053-3,Künstlerbuch,k-nstlerbuch,(DE-588)4229053-3
BA6VGBZN,(DE-588)4229053-3,Künstlerbuch,k-nstlerbuch,(DE-588)4229053-3
BC9HR83L,(DE-588)4229053-3,Künstlerbuch,k-nstlerbuch,(DE-588)4229053-3
C8ACZNF7,(DE-588)4229053-3,Künstlerbuch,k-nstlerbuch,(DE-588)4229053-3
CALVQZ9P,(DE-588)4229053-3,Künstlerbuch,k-nstlerbuch,(DE-588)4229053-3
CD2XN65B,(DE-588)4229053-3,Künstlerbuch,k-nstlerbuch,(DE-588)4229053-3
CFQ39V9H,(DE-588)4229053-3,Künstlerbuch,k-nstlerbuch,(DE-588)4229053-3
CNNIVGVL,(DE-588)4229053-3,Künstlerbuch,k-nstlerbuch,(DE-588)4229053-3
CQXD8NXU,(DE-588)4229053-3,Künstlerbuch,k-nstlerbuch,(DE-588)4229053-3
D4FEJIX7,(DE-588)4229053-3,Künstlerbuch,k-nstlerbuch,(DE-588)4229053-3
D73ZTXKG,(DE-588)4229053-3,Künstlerbuch,k-nstlerbuch,(DE-588)4229053-3
D76BEFZW,(DE-588)4229053-3,Künstlerbuch,k-nstlerbuch,(DE-588)4229053-3
D7J5X9G4,(DE-588)4229053-3,Künstlerbuch,k-nstlerbuch,(DE-588)4229053-3
D97VG9NM,(DE-588)4229053-3,Künstlerbuch,k-nstlerbuch,(DE-588)4229053-3
DB89L5FB,(DE-588)4229053-3,Künstlerbuch,k-nstlerbuch,(DE-588)4229053-3
DE3PV326,(DE-588)4229053-3,Künstlerbuch,k-nstlerbuch,(DE-588)4229053-3
DF8PBLPN,(DE-588)4229053-3,Künstlerbuch,k-nstlerbuch,(DE-588)4229053-3
DG3NWT5C,(DE-588)4229053-3,Künstlerbuch,k-nstlerbuch,(DE-588)4229053-3
DHLXDVLH,(DE-588)4229053-3,Künstlerbuch,k-nstlerbuch,(DE-588)4229053-3
DJKXATYJ,(DE-588)4229053-3,Künstlerbuch,k-nstlerbuch,(DE-588)4229053-3
DK2FF387,(DE-588)4229053-3,Künstlerbuch,k-nstlerbuch,(DE-588)4229053-3
E4U5KUWK,(DE-588)4229053-3,Künstlerbuch,k-nstlerbuch,(DE-588)4229053-3
E8XCM6LH,(DE-588)4229053-3,Künstlerbuch,k-nstlerbuch,(DE-588)4229053-3
E9I9HBZL,(DE-588)4229053-3,Künstlerbuch,k-nstlerbuch,(DE-588)4229053-3
EBF2F8EM,(DE-588)4229053-3,Künstlerbuch,k-nstlerbuch,(DE-588)4229053-3
EIYDVCEC,(DE-588)4229053-3,Künstlerbuch,k-nstlerbuch,(DE-588)4229053-3
EPTK9T5C,(DE-588)4229053-3,Künstlerbuch,k-nstlerbuch,(DE-588)4229053-3
ET5ZG6FT,(DE-588)4229053-3,Künstlerbuch,k-nstlerbuch,(DE-588)4229053-3
F4VN6I87,(DE-588)4229053-3,Künstlerbuch,k-nstlerbuch,(DE-588)4229053-3
F5JYEUIR,(DE-588)4229053-3,Künstlerbuch,k-nstlerbuch,(DE-588)4229053-3
F6ZX35WA,(DE-588)4229053-3,Künstlerbuch,k-nstlerbuch,(DE-588)4229053-3
FB6HXUX2,(DE-588)4229053-3,Künstlerbuch,k-nstlerbuch,(DE-588)4229053-3
FCPV9QUF,(DE-588)4229053-3,Künstlerbuch,k-nstlerbuch,(DE-588)4229053-3
FGU77T4F,(DE-588)4229053-3,Künstlerbuch,k-nstlerbuch,(DE-588)4229053-3
FGUDYHV5,(DE-588)4229053-3,Künstlerbuch,k-nstlerbuch,(DE-588)4229053-3
FI4FQEHE,(DE-588)4229053-3,Künstlerbuch,k-nstlerbuch,(DE-588)4229053-3
FITC72N8,(DE-588)4229053-3,Künstlerbuch,k-nstlerbuch,(DE-588)4229053-3
FMSKZADN,(DE-588)4229053-3,Künstlerbuch,k-nstlerbuch,(DE-588)4229053-3
FTLYVU6S,(DE-588)4229053-3,Künstlerbuch,k-nstlerbuch,(DE-588)4229053-3
FUHXLVNP,(DE-588)4229053-3,Künstlerbuch,k-nstlerbuch,(DE-588)4229053-3
FZN69G45,(DE-588)4229053-3,Künstlerbuch,k-nstlerbuch,(DE-588)4229053-3
G557YQZS,(DE-588)4229053-3,Künstlerbuch,k-nstlerbuch,(DE-588)4229053-3
G82QG9IS,(DE-588)4229053-3,Künstlerbuch,k-nstlerbuch,(DE-588)4229053-3
G89R4PQ8,(DE-588)4229053-3,Künstlerbuch,k-nstlerbuch,(DE-588)4229053-3
GG38CG5Y,(DE-588)4229053-3,Künstlerbuch,k-nstlerbuch,(DE-588)4229053-3
GH96ZBC5,(DE-588)4229053-3,Künstlerbuch,k-nstlerbuch,(DE-588)4229053-3
GSUYH49Q,(DE-588)4229053-3,Künstlerbuch,k-nstlerbuch,(DE-588)4229053-3
GUUW2QRN,(DE-588)4229053-3,Künstlerbuch,k-nstlerbuch,(DE-588)4229053-3
GVKIXEWQ,(DE-588)4229053-3,Künstlerbuch,k-nstlerbuch,(DE-588)4229053-3
H9HJ4CZU,(DE-588)4229053-3,Künstlerbuch,k-nstlerbuch,(DE-588)4229053-3
H9VIE5CT,(DE-588)4229053-3,Künstlerbuch,k-nstlerbuch,(DE-588)4229053-3
HB2JCULX,(DE-588)4229053-3,Künstlerbuch,k-nstlerbuch,(DE-588)4229053-3
HIF6CFX2,(DE-588)4229053-3,Künstlerbuch,k-nstlerbuch,(DE-588)4229053-3
HQ7GUEVX,(DE-588)4229053-3,Künstlerbuch,k-nstlerbuch,(DE-588)4229053-3
I3KEV29Q,(DE-588)4229053-3,Künstlerbuch,k-nstlerbuch,(DE-588)4229053-3
I3VTQC8S,(DE-588)4229053-3,Künstlerbuch,k-nstlerbuch,(DE-588)4229053-3
I6BMCR8K,(DE-588)4229053-3,Künstlerbuch,k-nstlerbuch,(DE-588)4229053-3
IG7TX687,(DE-588)4229053-3,Künstlerbuch,k-nstlerbuch,(DE-588)4229053-3
J6XZDP9V,(DE-588)4229053-3,Künstlerbuch,k-nstlerbuch,(DE-588)4229053-3
J7KJ42IJ,(DE-588)4229053-3,Künstlerbuch,k-nstlerbuch,(DE-588)4229053-3
JA3QBES6,(DE-588)4229053-3,Künstlerbuch,k-nstlerbuch,(DE-588)4229053-3
JBFARK37,(DE-588)4229053-3,Künstlerbuch,k-nstlerbuch,(DE-588)4229053-3
JFCJ36E4,(DE-588)4229053-3,Künstlerbuch,k-nstlerbuch,(DE-588)4229053-3
JG6XC8J4,(DE-588)4229053-3,Künstlerbuch,k-nstlerbuch,(DE-588)4229053-3
JHAWI8FN,(DE-588)4229053-3,Künstlerbuch,k-nstlerbuch,(DE-588)4229053-3
JJFZWUPQ,(DE-588)4229053-3,Künstlerbuch,k-nstlerbuch,(DE-588)4229053-3
JPWIWIB5,(DE-588)4229053-3,Künstlerbuch,k-nstlerbuch,(DE-588)4229053-3
K2D7TNGW,(DE-588)4229053-3,Künstlerbuch,k-nstlerbuch,(DE-588)4229053-3
K8J39QD7,(DE-588)4229053-3,Künstlerbuch,k-nstlerbuch,(DE-588)4229053-3
KB2AHRX5,(DE-588)4229053-3,Künstlerbuch,k-nstlerbuch,(DE-588)4229053-3
KJ9M2EDT,(DE-588)4229053-3,Künstlerbuch,k-nstlerbuch,(DE-588)4229053-3
KMANZ43N,(DE-588)4229053-3,Künstlerbuch,k-nstlerbuch,(DE-588)4229053-3
KNX7V2VW,(DE-588)4229053-3,Künstlerbuch,k-nstlerbuch,(DE-588)4229053-3
KPFBRS7Z,(DE-588)4229053-3,Künstlerbuch,k-nstlerbuch,(DE-588)4229053-3
KQZ4XSDE,(DE-588)4229053-3,Künstlerbuch,k-nstlerbuch,(DE-588)4229053-3
L43ZCWQC,(DE-588)4229053-3,Künstlerbuch,k-nstlerbuch,(DE-588)4229053-3
L4N5BE3R,(DE-588)4229053-3,Künstlerbuch,k-nstlerbuch,(DE-588)4229053-3
L858L69B,(DE-588)4229053-3,Künstlerbuch,k-nstlerbuch,(DE-588)4229053-3
L8YKD3R9,(DE-588)4229053-3,Künstlerbuch,k-nstlerbuch,(DE-588)4229053-3
L9KEY529,(DE-588)4229053-3,Künstlerbuch,k-nstlerbuch,(DE-588)4229053-3
L9UWLTGH,(DE-588)4229053-3,Künstlerbuch,k-nstlerbuch,(DE-588)4229053-3
LB2YH7HG,(DE-588)4229053-3,Künstlerbuch,k-nstlerbuch,(DE-588)4229053-3
LCACBX66,(DE-588)4229053-3,Künstlerbuch,k-nstlerbuch,(DE-588)4229053-3
LQYREUN2,(DE-588)4229053-3,Künstlerbuch,k-nstlerbuch,(DE-588)4229053-3
LRDE974U,(DE-588)4229053-3,Künstlerbuch,k-nstlerbuch,(DE-588)4229053-3
LT6ZCJFU,(DE-588)4229053-3,Künstlerbuch,k-nstlerbuch,(DE-588)4229053-3
LXWLXQ54,(DE-588)4229053-3,Künstlerbuch,k-nstlerbuch,(DE-588)4229053-3
MDUA5ZE7,(DE-588)4229053-3,Künstlerbuch,k-nstlerbuch,(DE-588)4229053-3
MGW8N423,(DE-588)4229053-3,Künstlerbuch,k-nstlerbuch,(DE-588)4229053-3
MJ6FPKE7,(DE-588)4229053-3,Künstlerbuch,k-nstlerbuch,(DE-588)4229053-3
MPXQ4UQ4,(DE-588)4229053-3,Künstlerbuch,k-nstlerbuch,(DE-588)4229053-3
MZVZYE5F,(DE-588)4229053-3,Künstlerbuch,k-nstlerbuch,(DE-588)4229053-3
N3QLEVRA,(DE-588)4229053-3,Künstlerbuch,k-nstlerbuch,(DE-588)4229053-3
NB6RHYAT,(DE-588)4229053-3,Künstlerbuch,k-nstlerbuch,(DE-588)4229053-3
NLLHA33Y,(DE-588)4229053-3,Künstlerbuch,k-nstlerbuch,(DE-588)4229053-3
NLXJDMU7,(DE-588)4229053-3,Künstlerbuch,k-nstlerbuch,(DE-588)4229053-3
P5L3EQWG,(DE-588)4229053-3,Künstlerbuch,k-nstlerbuch,(DE-588)4229053-3
P8NH64UA,(DE-588)4229053-3,Künstlerbuch,k-nstlerbuch,(DE-588)4229053-3
PAP5QAXF,(DE-588)4229053-3,Künstlerbuch,k-nstlerbuch,(DE-588)4229053-3
PCFITHTS,(DE-588)4229053-3,Künstlerbuch,k-nstlerbuch,(DE-588)4229053-3
PQIA2CKD,(DE-588)4229053-3,Künstlerbuch,k-nstlerbuch,(DE-588)4229053-3
PRIV6J7H,(DE-588)4229053-3,Künstlerbuch,k-nstlerbuch,(DE-588)4229053-3
PVQSLP9N,(DE-588)4229053-3,Künstlerbuch,k-nstlerbuch,(DE-588)4229053-3
QDDTGKNX,(DE-588)4229053-3,Künstlerbuch,k-nstlerbuch,(DE-588)4229053-3
QFYUFCRN,(DE-588)4229053-3,Künstlerbuch,k-nstlerbuch,(DE-588)4229053-3
QHWEGHIW,(DE-588)4229053-3,Künstlerbuch,k-nstlerbuch,(DE-588)4229053-3
QIZKPV3J,(DE-588)4229053-3,Künstlerbuch,k-nstlerbuch,(DE-588)4229053-3
QNVKBFKR,(DE-588)4229053-3,Künstlerbuch,k-nstlerbuch,(DE-588)4229053-3
QRM68WJD,(DE-588)4229053-3,Künstlerbuch,k-nstlerbuch,(DE-588)4229053-3
QTGBP9KC,(DE-588)4229053-3,Künstlerbuch,k-nstlerbuch,(DE-588)4229053-3
QVBTAK8B,(DE-588)4229053-3,Künstlerbuch,k-nstlerbuch,(DE-588)4229053-3
QXMWIKLM,(DE-588)4229053-3,Künstlerbuch,k-nstlerbuch,(DE-588)4229053-3
QZQADLU5,(DE-588)4229053-3,Künstlerbuch,k-nstlerbuch,(DE-588)4229053-3
R2B4T754,(DE-588)4229053-3,Künstlerbuch,k-nstlerbuch,(DE-588)4229053-3
R8ASAIKM,(DE-588)4229053-3,Künstlerbuch,k-nstlerbuch,(DE-588)4229053-3
R9KK3JBM,(DE-588)4229053-3,Künstlerbuch,k-nstlerbuch,(DE-588)4229053-3
RAB6SKMW,(DE-588)4229053-3,Künstlerbuch,k-nstlerbuch,(DE-588)4229053-3
RES7AGL4,(DE-588)4229053-3,Künstlerbuch,k-nstlerbuch,(DE-588)4229053-3
RN3RPDCR,(DE-588)4229053-3,Künstlerbuch,k-nstlerbuch,(DE-588)4229053-3
RN8L6446,(DE-588)4229053-3,Künstlerbuch,k-nstlerbuch,(DE-588)4229053-3
RNWF2NMK,(DE-588)4229053-3,Künstlerbuch,k-nstlerbuch,(DE-588)4229053-3
RPXZT682,(DE-588)4229053-3,Künstlerbuch,k-nstlerbuch,(DE-588)4229053-3
RXSC8U4F,(DE-588)4229053-3,Künstlerbuch,k-nstlerbuch,(DE-588)4229053-3
S5WTQKN5,(DE-588)4229053-3,Künstlerbuch,k-nstlerbuch,(DE-588)4229053-3
S7GKU4P8,(DE-588)4229053-3,Künstlerbuch,k-nstlerbuch,(DE-588)4229053-3
SC9KJDXY,(DE-588)4229053-3,Künstlerbuch,k-nstlerbuch,(DE-588)4229053-3
SDERJC7M,(DE-588)4229053-3,Künstlerbuch,k-nstlerbuch,(DE-588)4229053-3
SDQXQ9RN,(DE-588)4229053-3,Künstlerbuch,k-nstlerbuch,(DE-588)4229053-3
SHS679ZQ,(DE-588)4229053-3,Künstlerbuch,k-nstlerbuch,(DE-588)4229053-3
SQ34ACU7,(DE-588)4229053-3,Künstlerbuch,k-nstlerbuch,(DE-588)4229053-3
SQ5LQYVI,(DE-588)4229053-3,Künstlerbuch,k-nstlerbuch,(DE-588)4229053-3
T2F465FW,(DE-588)4229053-3,Künstlerbuch,k-nstlerbuch,(DE-588)4229053-3
T3QKSVW4,(DE-588)4229053-3,Künstlerbuch,k-nstlerbuch,(DE-588)4229053-3
T9W3AQRC,(DE-588)4229053-3,Künstlerbuch,k-nstlerbuch,(DE-588)4229053-3
TAPYY554,(DE-588)4229053-3,Künstlerbuch,k-nstlerbuch,(DE-588)4229053-3
TBYUXCN9,(DE-588)4229053-3,Künstlerbuch,k-nstlerbuch,(DE-588)4229053-3
TGN4TJ3R,(DE-588)4229053-3,Künstlerbuch,k-nstlerbuch,(DE-588)4229053-3
TLNWV74C,(DE-588)4229053-3,Künstlerbuch,k-nstlerbuch,(DE-588)4229053-3
TTPYHP62,(DE-588)4229053-3,Künstlerbuch,k-nstlerbuch,(DE-588)4229053-3
U3VHJWPF,(DE-588)4229053-3,Künstlerbuch,k-nstlerbuch,(DE-588)4229053-3
U5ML8C52,(DE-588)4229053-3,Künstlerbuch,k-nstlerbuch,(DE-588)4229053-3
U7A83SF6,(DE-588)4229053-3,Künstlerbuch,k-nstlerbuch,(DE-588)4229053-3
U9N3KCLB,(DE-588)4229053-3,Künstlerbuch,k-nstlerbuch,(DE-588)4229053-3
UEIDIUZ2,(DE-588)4229053-3,Künstlerbuch,k-nstlerbuch,(DE-588)4229053-3
UU2VZ6H3,(DE-588)4229053-3,Künstlerbuch,k-nstlerbuch,(DE-588)4229053-3
UUDCPCT6,(DE-588)4229053-3,Künstlerbuch,k-nstlerbuch,(DE-588)4229053-3
UXLUPHRZ,(DE-588)4229053-3,Künstlerbuch,k-nstlerbuch,(DE-588)4229053-3
UXMR5RQV,(DE-588)4229053-3,Künstlerbuch,k-nstlerbuch,(DE-588)4229053-3
UXY2FCAY,(DE-588)4229053-3,Künstlerbuch,k-nstlerbuch,(DE-588)4229053-3
UZ47NZNS,(DE-588)4229053-3,Künstlerbuch,k-nstlerbuch,(DE-588)4229053-3
V52GPWHX,(DE-588)4229053-3,Künstlerbuch,k-nstlerbuch,(DE-588)4229053-3
VD27FKX7,(DE-588)4229053-3,Künstlerbuch,k-nstlerbuch,(DE-588)4229053-3
VDRUZE8M,(DE-588)4229053-3,Künstlerbuch,k-nstlerbuch,(DE-588)4229053-3
VLXCF53I,(DE-588)4229053-3,Künstlerbuch,k-nstlerbuch,(DE-588)4229053-3
VQWLDLPG,(DE-588)4229053-3,Künstlerbuch,k-nstlerbuch,(DE-588)4229053-3
VSJLJPUG,(DE-588)4229053-3,Künstlerbuch,k-nstlerbuch,(DE-588)4229053-3
W4JPSXBU,(DE-588)4229053-3,Künstlerbuch,k-nstlerbuch,(DE-588)4229053-3
W8QNRFCX,(DE-588)4229053-3,Künstlerbuch,k-nstlerbuch,(DE-588)4229053-3
WFA3PK9W,(DE-588)4229053-3,Künstlerbuch,k-nstlerbuch,(DE-588)4229053-3
WIRWMGP2,(DE-588)4229053-3,Künstlerbuch,k-nstlerbuch,(DE-588)4229053-3
WJUXMT6C,(DE-588)4229053-3,Künstlerbuch,k-nstlerbuch,(DE-588)4229053-3
WJVR2UTU,(DE-588)4229053-3,Künstlerbuch,k-nstlerbuch,(DE-588)4229053-3
WKTXZHR5,(DE-588)4229053-3,Künstlerbuch,k-nstlerbuch,(DE-588)4229053-3
WTQ26GWG,(DE-588)4229053-3,Künstlerbuch,k-nstlerbuch,(DE-588)4229053-3
WUL8Q8GI,(DE-588)4229053-3,Künstlerbuch,k-nstlerbuch,(DE-588)4229053-3
X2Q82H29,(DE-588)4229053-3,Künstlerbuch,k-nstlerbuch,(DE-588)4229053-3
X3UG6BSW,(DE-588)4229053-3,Künstlerbuch,k-nstlerbuch,(DE-588)4229053-3
XCFAWNRB,(DE-588)4229053-3,Künstlerbuch,k-nstlerbuch,(DE-588)4229053-3
XDJ4JTJK,(DE-588)4229053-3,Künstlerbuch,k-nstlerbuch,(DE-588)4229053-3
XL2Y3JAW,(DE-588)4229053-3,Künstlerbuch,k-nstlerbuch,(DE-588)4229053-3
XLFDKVAA,(DE-588)4229053-3,Künstlerbuch,k-nstlerbuch,(DE-588)4229053-3
XLMBDT9X,(DE-588)4229053-3,Künstlerbuch,k-nstlerbuch,(DE-588)4229053-3
XMD55A9R,(DE-588)4229053-3,Künstlerbuch,k-nstlerbuch,(DE-588)4229053-3
XPWL8A46,(DE-588)4229053-3,Künstlerbuch,k-nstlerbuch,(DE-588)4229053-3
XQQYI8AH,(DE-588)4229053-3,Künstlerbuch,k-nstlerbuch,(DE-588)4229053-3
XUWIVHZP,(DE-588)4229053-3,Künstlerbuch,k-nstlerbuch,(DE-588)4229053-3
XVUAASG5,(DE-588)4229053-3,Künstlerbuch,k-nstlerbuch,(DE-588)4229053-3
XYDXDQTV,(DE-588)4229053-3,Künstlerbuch,k-nstlerbuch,(DE-588)4229053-3
XZHBA6FW,(DE-588)4229053-3,Künstlerbuch,k-nstlerbuch,(DE-588)4229053-3
XZU3DAM6,(DE-588)4229053-3,Künstlerbuch,k-nstlerbuch,(DE-588)4229053-3
Y2X68QRH,(DE-588)4229053-3,Künstlerbuch,k-nstlerbuch,(DE-588)4229053-3
Y9UWA2F5,(DE-588)4229053-3,Künstlerbuch,k-nstlerbuch,(DE-588)4229053-3
YDJZPYXE,(DE-588)4229053-3,Künstlerbuch,k-nstlerbuch,(DE-588)4229053-3
YEWUK4N4,(DE-588)4229053-3,Künstlerbuch,k-nstlerbuch,(DE-588)4229053-3
YFFYZDWF,(DE-588)4229053-3,Künstlerbuch,k-nstlerbuch,(DE-588)4229053-3
YGIM7AIS,(DE-588)4229053-3,Künstlerbuch,k-nstlerbuch,(DE-588)4229053-3
YHRU2TK3,(DE-588)4229053-3,Künstlerbuch,k-nstlerbuch,(DE-588)4229053-3
YHVL8J67,(DE-588)4229053-3,Künstlerbuch,k-nstlerbuch,(DE-588)4229053-3
YQSXEVIC,(DE-588)4229053-3,Künstlerbuch,k-nstlerbuch,(DE-588)4229053-3
YSB4I3ST,(DE-588)4229053-3,Künstlerbuch,k-nstlerbuch,(DE-588)4229053-3
YYEHGMAE,(DE-588)4229053-3,Künstlerbuch,k-nstlerbuch,(DE-588)4229053-3
Z2YCIU8D,(DE-588)4229053-3,Künstlerbuch,k-nstlerbuch,(DE-588)4229053-3
Z6C6TZGA,(DE-588)4229053-3,Künstlerbuch,k-nstlerbuch,(DE-588)4229053-3
ZH3Y4ATB,(DE-588)4229053-3,Künstlerbuch,k-nstlerbuch,(DE-588)4229053-3
ZKXE67IQ,(DE-588)4229053-3,Künstlerbuch,k-nstlerbuch,(DE-588)4229053-3
ZL3FG9JI,(DE-588)4229053-3,Künstlerbuch,k-nstlerbuch,(DE-588)4229053-3
ZQDY8GSM,(DE-588)4229053-3,Künstlerbuch,k-nstlerbuch,(DE-588)4229053-3
ZRIZ6UZB,(DE-588)4229053-3,Künstlerbuch,k-nstlerbuch,(DE-588)4229053-3
ZT22L8XP,(DE-588)4229053-3,Künstlerbuch,k-nstlerbuch,(DE-588)4229053-3
ZUT9XYAE,(DE-588)4229053-3,Künstlerbuch,k-nstlerbuch,(DE-588)4229053-3
ZUYRHIMK,(DE-588)4229053-3,Künstlerbuch,k-nstlerbuch,(DE-588)4229053-3
ZYIM55XE,(DE-588)4229053-3,Künstlerbuch,k-nstlerbuch,(DE-588)4229053-3
VPHMSVHB,(DE-588)7597887-8,Blu-Ray-Disc,blu-ray-disc,(DE-588)7597887-8
NQGJN9BU,(DE-627)104221534,Übersetzung,bersetzung,(DE-627)104221534
6XC2973T,(DE-627)104339624,Faksimile,faksimile,(DE-627)104339624
SQ3TMN5P,(DE-627)104434880,Fotografie,fotografie,(DE-627)104434880
W6ASFQ9T,(DE-627)104449705,Toter,toter,(DE-627)104449705
26E9ZVFX,(DE-627)104450835,Bildband,bildband,(DE-627)104450835
2ISXX8P4,(DE-627)104450835,Bildband,bildband,(DE-627)104450835
3H7LRIQ3,(DE-627)104450835,Bildband,bildband,(DE-627)104450835
3KFD9CQA,(DE-627)104450835,Bildband,bildband,(DE-627)104450835
3L5H2WNV,(DE-627)104450835,Bildband,bildband,(DE-627)104450835
3UT5IE63,(DE-627)104450835,Bildband,bildband,(DE-627)104450835
3WI4U5FX,(DE-627)104450835,Bildband,bildband,(DE-627)104450835
4RG9YAQP,(DE-627)104450835,Bildband,bildband,(DE-627)104450835
55X6RUG5,(DE-627)104450835,Bildband,bildband,(DE-627)104450835
5BQGU27W,(DE-627)104450835,Bildband,bildband,(DE-627)104450835
5YQRS4MX,(DE-627)104450835,Bildband,bildband,(DE-627)104450835
6EBNU3H6,(DE-627)104450835,Bildband,bildband,(DE-627)104450835
6GDVNFUX,(DE-627)104450835,Bildband,bildband,(DE-627)104450835
6HZSGH8N,(DE-627)104450835,Bildband,bildband,(DE-627)104450835
6LRFFQAS,(DE-627)104450835,Bildband,bildband,(DE-627)104450835
6QSSXFGS,(DE-627)104450835,Bildband,bildband,(DE-627)104450835
7JDKZNH5,(DE-627)104450835,Bildband,bildband,(DE-627)104450835
7Z9B7RUI,(DE-627)104450835,Bildband,bildband,(DE-627)104450835
86WVQIL7,(DE-627)104450835,Bildband,bildband,(DE-627)104450835
89PDCMEX,(DE-627)104450835,Bildband,bildband,(DE-627)104450835
8M3BNIGS,(DE-627)104450835,Bildband,bildband,(DE-627)104450835
8PDMI6QV,(DE-627)104450835,Bildband,bildband,(DE-627)104450835
8WFNRA4D,(DE-627)104450835,Bildband,bildband,(DE-627)104450835
9I8HAZLL,(DE-627)104450835,Bildband,bildband,(DE-627)104450835
9RAWCU6P,(DE-627)104450835,Bildband,bildband,(DE-627)104450835
B4DDTKZM,(DE-627)104450835,Bildband,bildband,(DE-627)104450835
BLGKLV2Q,(DE-627)104450835,Bildband,bildband,(DE-627)104450835
BMSXFVQH,(DE-627)104450835,Bildband,bildband,(DE-627)104450835
BRIJ3KS2,(DE-627)104450835,Bildband,bildband,(DE-627)104450835
BXHCPYE3,(DE-627)104450835,Bildband,bildband,(DE-627)104450835
C8ACZNF7,(DE-627)104450835,Bildband,bildband,(DE-627)104450835
CAZKILBB,(DE-627)104450835,Bildband,bildband,(DE-627)104450835
CNNIVGVL,(DE-627)104450835,Bildband,bildband,(DE-627)104450835
CVPA3PNN,(DE-627)104450835,Bildband,bildband,(DE-627)104450835
DATIADVA,(DE-627)104450835,Bildband,bildband,(DE-627)104450835
DJKXATYJ,(DE-627)104450835,Bildband,bildband,(DE-627)104450835
DYCW9SUR,(DE-627)104450835,Bildband,bildband,(DE-627)104450835
E7EE2SQV,(DE-627)104450835,Bildband,bildband,(DE-627)104450835
EESMFJ5K,(DE-627)104450835,Bildband,bildband,(DE-627)104450835
EUX9DTMC,(DE-627)104450835,Bildband,bildband,(DE-627)104450835
F4KW4NBC,(DE-627)104450835,Bildband,bildband,(DE-627)104450835
F5JYEUIR,(DE-627)104450835,Bildband,bildband,(DE-627)104450835
FGUDYHV5,(DE-627)104450835,Bildband,bildband,(DE-627)104450835
FGZBXKLC,(DE-627)104450835,Bildband,bildband,(DE-627)104450835
FTLCCWIQ,(DE-627)104450835,Bildband,bildband,(DE-627)104450835
FUG57Z5H,(DE-627)104450835,Bildband,bildband,(DE-627)104450835
G2DND365,(DE-627)104450835,Bildband,bildband,(DE-627)104450835
G2VYIGTS,(DE-627)104450835,Bildband,bildband,(DE-627)104450835
G82QG9IS,(DE-627)104450835,Bildband,bildband,(DE-627)104450835
HGVM6UNS,(DE-627)104450835,Bildband,bildband,(DE-627)104450835
HRRBF8A7,(DE-627)104450835,Bildband,bildband,(DE-627)104450835
HSTF76YC,(DE-627)104450835,Bildband,bildband,(DE-627)104450835
I6BMCR8K,(DE-627)104450835,Bildband,bildband,(DE-627)104450835
IIW7UDSF,(DE-627)104450835,Bildband,bildband,(DE-627)104450835
IMIVMKQG,(DE-627)104450835,Bildband,bildband,(DE-627)104450835
IUR7WI2W,(DE-627)104450835,Bildband,bildband,(DE-627)104450835
KDULKFAS,(DE-627)104450835,Bildband,bildband,(DE-627)104450835
KNX7V2VW,(DE-627)104450835,Bildband,bildband,(DE-627)104450835
KPGLJJTL,(DE-627)104450835,Bildband,bildband,(DE-627)104450835
KQZ4XSDE,(DE-627)104450835,Bildband,bildband,(DE-627)104450835
KX8JIP23,(DE-627)104450835,Bildband,bildband,(DE-627)104450835
KY2RYDIT,(DE-627)104450835,Bildband,bildband,(DE-627)104450835
L3RRX3NW,(DE-627)104450835,Bildband,bildband,(DE-627)104450835
L9UWLTGH,(DE-627)104450835,Bildband,bildband,(DE-627)104450835
LCVB2X27,(DE-627)104450835,Bildband,bildband,(DE-627)104450835
LT6ZCJFU,(DE-627)104450835,Bildband,bildband,(DE-627)104450835
LY6AHIES,(DE-627)104450835,Bildband,bildband,(DE-627)104450835
MDLJXCHX,(DE-627)104450835,Bildband,bildband,(DE-627)104450835
MRNG4HLW,(DE-627)104450835,Bildband,bildband,(DE-627)104450835
MUNNGUNB,(DE-627)104450835,Bildband,bildband,(DE-627)104450835
N7YYZ6F9,(DE-627)104450835,Bildband,bildband,(DE-627)104450835
N8WCZJQ9,(DE-627)104450835,Bildband,bildband,(DE-627)104450835
NPW38MV2,(DE-627)104450835,Bildband,bildband,(DE-627)104450835
P8NH64UA,(DE-627)104450835,Bildband,bildband,(DE-627)104450835
P9C9FKUL,(DE-627)104450835,Bildband,bildband,(DE-627)104450835
P9ZU9ISS,(DE-627)104450835,Bildband,bildband,(DE-627)104450835
PEFWCAEK,(DE-627)104450835,Bildband,bildband,(DE-627)104450835
PTCLKUSM,(DE-627)104450835,Bildband,bildband,(DE-627)104450835
PUN6S72F,(DE-627)104450835,Bildband,bildband,(DE-627)104450835
PUXWGY5C,(DE-627)104450835,Bildband,bildband,(DE-627)104450835
QBDYNP7Y,(DE-627)104450835,Bildband,bildband,(DE-627)104450835
QC4DKLM2,(DE-627)104450835,Bildband,bildband,(DE-627)104450835
QEHZJ9MZ,(DE-627)104450835,Bildband,bildband,(DE-627)104450835
QIZKPV3J,(DE-627)104450835,Bildband,bildband,(DE-627)104450835
QL7ZXWPU,(DE-627)104450835,Bildband,bildband,(DE-627)104450835
RZABXRHI,(DE-627)104450835,Bildband,bildband,(DE-627)104450835
S4WVIEDE,(DE-627)104450835,Bildband,bildband,(DE-627)104450835
SHS679ZQ,(DE-627)104450835,Bildband,bildband,(DE-627)104450835
SQ34ACU7,(DE-627)104450835,Bildband,bildband,(DE-627)104450835
SS5YIHDB,(DE-627)104450835,Bildband,bildband,(DE-627)104450835
ST7J4PE8,(DE-627)104450835,Bildband,bildband,(DE-627)104450835
SXJYFE8Q,(DE-627)104450835,Bildband,bildband,(DE-627)104450835
SZRF5WZN,(DE-627)104450835,Bildband,bildband,(DE-627)104450835
T2UGG7LA,(DE-627)104450835,Bildband,bildband,(DE-627)104450835
TDJJWIUB,(DE-627)104450835,Bildband,bildband,(DE-627)104450835
TR3IFWKX,(DE-627)104450835,Bildband,bildband,(DE-627)104450835
TXAPKZVM,(DE-627)104450835,Bildband,bildband,(DE-627)104450835
UIFRYNAJ,(DE-627)104450835,Bildband,bildband,(DE-627)104450835
UU4PAVUI,(DE-627)104450835,Bildband,bildband,(DE-627)104450835
UXMR5RQV,(DE-627)104450835,Bildband,bildband,(DE-627)104450835
V52GPWHX,(DE-627)104450835,Bildband,bildband,(DE-627)104450835
VPVI6DEB,(DE-627)104450835,Bildband,bildband,(DE-627)104450835
VQT8WQUP,(DE-627)104450835,Bildband,bildband,(DE-627)104450835
VTIALDCE,(DE-627)104450835,Bildband,bildband,(DE-627)104450835
W6ASFQ9T,(DE-627)104450835,Bildband,bildband,(DE-627)104450835
WL4PVBAB,(DE-627)104450835,Bildband,bildband,(DE-627)104450835
XAFM87LG,(DE-627)104450835,Bildband,bildband,(DE-627)104450835
XEALSNUR,(DE-627)104450835,Bildband,bildband,(DE-627)104450835
YGIM7AIS,(DE-627)104450835,Bildband,bildband,(DE-627)104450835
YHRU2TK3,(DE-627)104450835,Bildband,bildband,(DE-627)104450835
Z7XE89A4,(DE-627)104450835,Bildband,bildband,(DE-627)104450835
ZH3Y4ATB,(DE-627)104450835,Bildband,bildband,(DE-627)104450835
ZK7KARLD,(DE-627)104450835,Bildband,bildband,(DE-627)104450835
ZRIZ6UZB,(DE-627)104450835,Bildband,bildband,(DE-627)104450835
ZUYRHIMK,(DE-627)104450835,Bildband,bildband,(DE-627)104450835
MP5E5D44,(DE-627)104464909,Werkverzeichnis,werkverzeichnis,(DE-627)104464909
XGZVKFRF,(DE-627)10454466X,Zeitschrift,zeitschrift,(DE-627)10454466X
VPHMSVHB,(DE-627)104559683,Film,film,(DE-627)104559683
L334P933,(DE-627)104767812,Interview,interview,(DE-627)104767812
JC2Y6YX9,(DE-627)104768029,Umfrage,umfrage,(DE-627)104768029
UX5TY9HZ,(DE-627)104814519,Bibliografie,bibliografie,(DE-627)104814519
2CKD59H4,(DE-627)10495146X,Künstlerbuch,k-nstlerbuch,(DE-627)10495146X
2F7CAM3Q,(DE-627)10495146X,Künstlerbuch,k-nstlerbuch,(DE-627)10495146X
2TI8WNI8,(DE-627)10495146X,Künstlerbuch,k-nstlerbuch,(DE-627)10495146X
2YNIX7GG,(DE-627)10495146X,Künstlerbuch,k-nstlerbuch,(DE-627)10495146X
32EXPVIZ,(DE-627)10495146X,Künstlerbuch,k-nstlerbuch,(DE-627)10495146X
3FEU6NW2,(DE-627)10495146X,Künstlerbuch,k-nstlerbuch,(DE-627)10495146X
3H7LRIQ3,(DE-627)10495146X,Künstlerbuch,k-nstlerbuch,(DE-627)10495146X
3KFD9CQA,(DE-627)10495146X,Künstlerbuch,k-nstlerbuch,(DE-627)10495146X
3MB5H6NK,(DE-627)10495146X,Künstlerbuch,k-nstlerbuch,(DE-627)10495146X
3Q72NYIK,(DE-627)10495146X,Künstlerbuch,k-nstlerbuch,(DE-627)10495146X
3SGW2NHD,(DE-627)10495146X,Künstlerbuch,k-nstlerbuch,(DE-627)10495146X
3T63WWGY,(DE-627)10495146X,Künstlerbuch,k-nstlerbuch,(DE-627)10495146X
3V3IY794,(DE-627)10495146X,Künstlerbuch,k-nstlerbuch,(DE-627)10495146X
3VMK8IQ3,(DE-627)10495146X,Künstlerbuch,k-nstlerbuch,(DE-627)10495146X
447NLZ87,(DE-627)10495146X,Künstlerbuch,k-nstlerbuch,(DE-627)10495146X
4F5YYPXF,(DE-627)10495146X,Künstlerbuch,k-nstlerbuch,(DE-627)10495146X
4MWZWIGW,(DE-627)10495146X,Künstlerbuch,k-nstlerbuch,(DE-627)10495146X
4QDIYC83,(DE-627)10495146X,Künstlerbuch,k-nstlerbuch,(DE-627)10495146X
4QPE9PQP,(DE-627)10495146X,Künstlerbuch,k-nstlerbuch,(DE-627)10495146X
4SZWEEX6,(DE-627)10495146X,Künstlerbuch,k-nstlerbuch,(DE-627)10495146X
4UNNCR3E,(DE-627)10495146X,Künstlerbuch,k-nstlerbuch,(DE-627)10495146X
4VPL6Q5R,(DE-627)10495146X,Künstlerbuch,k-nstlerbuch,(DE-627)10495146X
4W5TISKM,(DE-627)10495146X,Künstlerbuch,k-nstlerbuch,(DE-627)10495146X
4WPQVLYP,(DE-627)10495146X,Künstlerbuch,k-nstlerbuch,(DE-627)10495146X
55LWKDUB,(DE-627)10495146X,Künstlerbuch,k-nstlerbuch,(DE-627)10495146X
55X6RUG5,(DE-627)10495146X,Künstlerbuch,k-nstlerbuch,(DE-627)10495146X
57TIPE4A,(DE-627)10495146X,Künstlerbuch,k-nstlerbuch,(DE-627)10495146X
5HHXM2KS,(DE-627)10495146X,Künstlerbuch,k-nstlerbuch,(DE-627)10495146X
5UZ43JIZ,(DE-627)10495146X,Künstlerbuch,k-nstlerbuch,(DE-627)10495146X
5WPXS9QA,(DE-627)10495146X,Künstlerbuch,k-nstlerbuch,(DE-627)10495146X
67YU5GP7,(DE-627)10495146X,Künstlerbuch,k-nstlerbuch,(DE-627)10495146X
69IXJFMD,(DE-627)10495146X,Künstlerbuch,k-nstlerbuch,(DE-627)10495146X
6HZSGH8N,(DE-627)10495146X,Künstlerbuch,k-nstlerbuch,(DE-627)10495146X
6PUYS3RJ,(DE-627)10495146X,Künstlerbuch,k-nstlerbuch,(DE-627)10495146X
6QSSXFGS,(DE-627)10495146X,Künstlerbuch,k-nstlerbuch,(DE-627)10495146X
6XC2973T,(DE-627)10495146X,Künstlerbuch,k-nstlerbuch,(DE-627)10495146X
74T3FE5T,(DE-627)10495146X,Künstlerbuch,k-nstlerbuch,(DE-627)10495146X
7ADCVIVC,(DE-627)10495146X,Künstlerbuch,k-nstlerbuch,(DE-627)10495146X
7EIZZVM3,(DE-627)10495146X,Künstlerbuch,k-nstlerbuch,(DE-627)10495146X
7JDKZNH5,(DE-627)10495146X,Künstlerbuch,k-nstlerbuch,(DE-627)10495146X
7JIPGZ9W,(DE-627)10495146X,Künstlerbuch,k-nstlerbuch,(DE-627)10495146X
7JUGLSCH,(DE-627)10495146X,Künstlerbuch,k-nstlerbuch,(DE-627)10495146X
7QALZVZF,(DE-627)10495146X,Künstlerbuch,k-nstlerbuch,(DE-627)10495146X
7UE3IHZM,(DE-627)10495146X,Künstlerbuch,k-nstlerbuch,(DE-627)10495146X
823HPJH6,(DE-627)10495146X,Künstlerbuch,k-nstlerbuch,(DE-627)10495146X
832LZEVD,(DE-627)10495146X,Künstlerbuch,k-nstlerbuch,(DE-627)10495146X
8G2IZE8P,(DE-627)10495146X,Künstlerbuch,k-nstlerbuch,(DE-627)10495146X
8HFUWCM6,(DE-627)10495146X,Künstlerbuch,k-nstlerbuch,(DE-627)10495146X
8MSGRPKQ,(DE-627)10495146X,Künstlerbuch,k-nstlerbuch,(DE-627)10495146X
8SS3Q46M,(DE-627)10495146X,Künstlerbuch,k-nstlerbuch,(DE-627)10495146X
95MSWFU6,(DE-627)10495146X,Künstlerbuch,k-nstlerbuch,(DE-627)10495146X
9CYT2PBI,(DE-627)10495146X,Künstlerbuch,k-nstlerbuch,(DE-627)10495146X
9PFNZRFX,(DE-627)10495146X,Künstlerbuch,k-nstlerbuch,(DE-627)10495146X
9PIMJHVR,(DE-627)10495146X,Künstlerbuch,k-nstlerbuch,(DE-627)10495146X
9QQ3CR6M,(DE-627)10495146X,Künstlerbuch,k-nstlerbuch,(DE-627)10495146X
9XTVFKCS,(DE-627)10495146X,Künstlerbuch,k-nstlerbuch,(DE-627)10495146X
A55HFMB6,(DE-627)10495146X,Künstlerbuch,k-nstlerbuch,(DE-627)10495146X
A6QJHU76,(DE-627)10495146X,Künstlerbuch,k-nstlerbuch,(DE-627)10495146X
A9S5H7WB,(DE-627)10495146X,Künstlerbuch,k-nstlerbuch,(DE-627)10495146X
AHVM3K6C,(DE-627)10495146X,Künstlerbuch,k-nstlerbuch,(DE-627)10495146X
AM9SKSWC,(DE-627)10495146X,Künstlerbuch,k-nstlerbuch,(DE-627)10495146X
ASBCHUV7,(DE-627)10495146X,Künstlerbuch,k-nstlerbuch,(DE-627)10495146X
AZBVHNVZ,(DE-627)10495146X,Künstlerbuch,k-nstlerbuch,(DE-627)10495146X
B4DDTKZM,(DE-627)10495146X,Künstlerbuch,k-nstlerbuch,(DE-627)10495146X
B5TXUI2E,(DE-627)10495146X,Künstlerbuch,k-nstlerbuch,(DE-627)10495146X
B7H4FF88,(DE-627)10495146X,Künstlerbuch,k-nstlerbuch,(DE-627)10495146X
BA6VGBZN,(DE-627)10495146X,Künstlerbuch,k-nstlerbuch,(DE-627)10495146X
BC9HR83L,(DE-627)10495146X,Künstlerbuch,k-nstlerbuch,(DE-627)10495146X
C8ACZNF7,(DE-627)10495146X,Künstlerbuch,k-nstlerbuch,(DE-627)10495146X
CALVQZ9P,(DE-627)10495146X,Künstlerbuch,k-nstlerbuch,(DE-627)10495146X
CD2XN65B,(DE-627)10495146X,Künstlerbuch,k-nstlerbuch,(DE-627)10495146X
CFQ39V9H,(DE-627)10495146X,Künstlerbuch,k-nstlerbuch,(DE-627)10495146X
CNNIVGVL,(DE-627)10495146X,Künstlerbuch,k-nstlerbuch,(DE-627)10495146X
CQXD8NXU,(DE-627)10495146X,Künstlerbuch,k-nstlerbuch,(DE-627)10495146X
D4FEJIX7,(DE-627)10495146X,Künstlerbuch,k-nstlerbuch,(DE-627)10495146X
D73ZTXKG,(DE-627)10495146X,Künstlerbuch,k-nstlerbuch,(DE-627)10495146X
D76BEFZW,(DE-627)10495146X,Künstlerbuch,k-nstlerbuch,(DE-627)10495146X
D7J5X9G4,(DE-627)10495146X,Künstlerbuch,k-nstlerbuch,(DE-627)10495146X
D97VG9NM,(DE-627)10495146X,Künstlerbuch,k-nstlerbuch,(DE-627)10495146X
DB89L5FB,(DE-627)10495146X,Künstlerbuch,k-nstlerbuch,(DE-627)10495146X
DE3PV326,(DE-627)10495146X,Künstlerbuch,k-nstlerbuch,(DE-627)10495146X
DF8PBLPN,(DE-627)10495146X,Künstlerbuch,k-nstlerbuch,(DE-627)10495146X
DG3NWT5C,(DE-627)10495146X,Künstlerbuch,k-nstlerbuch,(DE-627)10495146X
DHLXDVLH,(DE-627)10495146X,Künstlerbuch,k-nstlerbuch,(DE-627)10495146X
DJKXATYJ,(DE-627)10495146X,Künstlerbuch,k-nstlerbuch,(DE-627)10495146X
DK2FF387,(DE-627)10495146X,Künstlerbuch,k-nstlerbuch,(DE-627)10495146X
E4U5KUWK,(DE-627)10495146X,Künstlerbuch,k-nstlerbuch,(DE-627)10495146X
E8XCM6LH,(DE-627)10495146X,Künstlerbuch,k-nstlerbuch,(DE-627)10495146X
E9I9HBZL,(DE-627)10495146X,Künstlerbuch,k-nstlerbuch,(DE-627)10495146X
EBF2F8EM,(DE-627)10495146X,Künstlerbuch,k-nstlerbuch,(DE-627)10495146X
EIYDVCEC,(DE-627)10495146X,Künstlerbuch,k-nstlerbuch,(DE-627)10495146X
EPTK9T5C,(DE-627)10495146X,Künstlerbuch,k-nstlerbuch,(DE-627)10495146X
ET5ZG6FT,(DE-627)10495146X,Künstlerbuch,k-nstlerbuch,(DE-627)10495146X
F4VN6I87,(DE-627)10495146X,Künstlerbuch,k-nstlerbuch,(DE-627)10495146X
F5JYEUIR,(DE-627)10495146X,Künstlerbuch,k-nstlerbuch,(DE-627)10495146X
F6ZX35WA,(DE-627)10495146X,Künstlerbuch,k-nstlerbuch,(DE-627)10495146X
FB6HXUX2,(DE-627)10495146X,Künstlerbuch,k-nstlerbuch,(DE-627)10495146X
FCPV9QUF,(DE-627)10495146X,Künstlerbuch,k-nstlerbuch,(DE-627)10495146X
FGU77T4F,(DE-627)10495146X,Künstlerbuch,k-nstlerbuch,(DE-627)10495146X
FGUDYHV5,(DE-627)10495146X,Künstlerbuch,k-nstlerbuch,(DE-627)10495146X
FI4FQEHE,(DE-627)10495146X,Künstlerbuch,k-nstlerbuch,(DE-627)10495146X
FITC72N8,(DE-627)10495146X,Künstlerbuch,k-nstlerbuch,(DE-627)10495146X
FMSKZADN,(DE-627)10495146X,Künstlerbuch,k-nstlerbuch,(DE-627)10495146X
FTLYVU6S,(DE-627)10495146X,Künstlerbuch,k-nstlerbuch,(DE-627)10495146X
FUHXLVNP,(DE-627)10495146X,Künstlerbuch,k-nstlerbuch,(DE-627)10495146X
FZN69G45,(DE-627)10495146X,Künstlerbuch,k-nstlerbuch,(DE-627)10495146X
G557YQZS,(DE-627)10495146X,Künstlerbuch,k-nstlerbuch,(DE-627)10495146X
G82QG9IS,(DE-627)10495146X,Künstlerbuch,k-nstlerbuch,(DE-627)10495146X
G89R4PQ8,(DE-627)10495146X,Künstlerbuch,k-nstlerbuch,(DE-627)10495146X
GG38CG5Y,(DE-627)10495146X,Künstlerbuch,k-nstlerbuch,(DE-627)10495146X
GH96ZBC5,(DE-627)10495146X,Künstlerbuch,k-nstlerbuch,(DE-627)10495146X
GSUYH49Q,(DE-627)10495146X,Künstlerbuch,k-nstlerbuch,(DE-627)10495146X
GUUW2QRN,(DE-627)10495146X,Künstlerbuch,k-nstlerbuch,(DE-627)10495146X
GVKIXEWQ,(DE-627)10495146X,Künstlerbuch,k-nstlerbuch,(DE-627)10495146X
H9HJ4CZU,(DE-627)10495146X,Künstlerbuch,k-nstlerbuch,(DE-627)10495146X
H9VIE5CT,(DE-627)10495146X,Künstlerbuch,k-nstlerbuch,(DE-627)10495146X
HB2JCULX,(DE-627)10495146X,Künstlerbuch,k-nstlerbuch,(DE-627)10495146X
HIF6CFX2,(DE-627)10495146X,Künstlerbuch,k-nstlerbuch,(DE-627)10495146X
HQ7GUEVX,(DE-627)10495146X,Künstlerbuch,k-nstlerbuch,(DE-627)10495146X
I3KEV29Q,(DE-627)10495146X,Künstlerbuch,k-nstlerbuch,(DE-627)10495146X
I3VTQC8S,(DE-627)10495146X,Künstlerbuch,k-nstlerbuch,(DE-627)10495146X
I6BMCR8K,(DE-627)10495146X,Künstlerbuch,k-nstlerbuch,(DE-627)10495146X
IG7TX687,(DE-627)10495146X,Künstlerbuch,k-nstlerbuch,(DE-627)10495146X
J6XZDP9V,(DE-627)10495146X,Künstlerbuch,k-nstlerbuch,(DE-627)10495146X
J7KJ42IJ,(DE-627)10495146X,Künstlerbuch,k-nstlerbuch,(DE-627)10495146X
JA3QBES6,(DE-627)10495146X,Künstlerbuch,k-nstlerbuch,(DE-627)10495146X
JBFARK37,(DE-627)10495146X,Künstlerbuch,k-nstlerbuch,(DE-627)10495146X
JFCJ36E4,(DE-627)10495146X,Künstlerbuch,k-nstlerbuch,(DE-627)10495146X
JG6XC8J4,(DE-627)10495146X,Künstlerbuch,k-nstlerbuch,(DE-627)10495146X
JHAWI8FN,(DE-627)10495146X,Künstlerbuch,k-nstlerbuch,(DE-627)10495146X
JJFZWUPQ,(DE-627)10495146X,Künstlerbuch,k-nstlerbuch,(DE-627)10495146X
JPWIWIB5,(DE-627)10495146X,Künstlerbuch,k-nstlerbuch,(DE-627)10495146X
K2D7TNGW,(DE-627)10495146X,Künstlerbuch,k-nstlerbuch,(DE-627)10495146X
K8J39QD7,(DE-627)10495146X,Künstlerbuch,k-nstlerbuch,(DE-627)10495146X
KB2AHRX5,(DE-627)10495146X,Künstlerbuch,k-nstlerbuch,(DE-627)10495146X
KJ9M2EDT,(DE-627)10495146X,Künstlerbuch,k-nstlerbuch,(DE-627)10495146X
KMANZ43N,(DE-627)10495146X,Künstlerbuch,k-nstlerbuch,(DE-627)10495146X
KNX7V2VW,(DE-627)10495146X,Künstlerbuch,k-nstlerbuch,(DE-627)10495146X
KPFBRS7Z,(DE-627)10495146X,Künstlerbuch,k-nstlerbuch,(DE-627)10495146X
KQZ4XSDE,(DE-627)10495146X,Künstlerbuch,k-nstlerbuch,(DE-627)10495146X
L43ZCWQC,(DE-627)10495146X,Künstlerbuch,k-nstlerbuch,(DE-627)10495146X
L4N5BE3R,(DE-627)10495146X,Künstlerbuch,k-nstlerbuch,(DE-627)10495146X
L858L69B,(DE-627)10495146X,Künstlerbuch,k-nstlerbuch,(DE-627)10495146X
L8YKD3R9,(DE-627)10495146X,Künstlerbuch,k-nstlerbuch,(DE-627)10495146X
L9KEY529,(DE-627)10495146X,Künstlerbuch,k-nstlerbuch,(DE-627)10495146X
L9UWLTGH,(DE-627)10495146X,Künstlerbuch,k-nstlerbuch,(DE-627)10495146X
LB2YH7HG,(DE-627)10495146X,Künstlerbuch,k-nstlerbuch,(DE-627)10495146X
LCACBX66,(DE-627)10495146X,Künstlerbuch,k-nstlerbuch,(DE-627)10495146X
LQYREUN2,(DE-627)10495146X,Künstlerbuch,k-nstlerbuch,(DE-627)10495146X
LRDE974U,(DE-627)10495146X,Künstlerbuch,k-nstlerbuch,(DE-627)10495146X
LT6ZCJFU,(DE-627)10495146X,Künstlerbuch,k-nstlerbuch,(DE-627)10495146X
LXWLXQ54,(DE-627)10495146X,Künstlerbuch,k-nstlerbuch,(DE-627)10495146X
MDUA5ZE7,(DE-627)10495146X,Künstlerbuch,k-nstlerbuch,(DE-627)10495146X
MGW8N423,(DE-627)10495146X,Künstlerbuch,k-nstlerbuch,(DE-627)10495146X
MJ6FPKE7,(DE-627)10495146X,Künstlerbuch,k-nstlerbuch,(DE-627)10495146X
MPXQ4UQ4,(DE-627)10495146X,Künstlerbuch,k-nstlerbuch,(DE-627)10495146X
MZVZYE5F,(DE-627)10495146X,Künstlerbuch,k-nstlerbuch,(DE-627)10495146X
N3QLEVRA,(DE-627)10495146X,Künstlerbuch,k-nstlerbuch,(DE-627)10495146X
NB6RHYAT,(DE-627)10495146X,Künstlerbuch,k-nstlerbuch,(DE-627)10495146X
NLLHA33Y,(DE-627)10495146X,Künstlerbuch,k-nstlerbuch,(DE-627)10495146X
NLXJDMU7,(DE-627)10495146X,Künstlerbuch,k-nstlerbuch,(DE-627)10495146X
P5L3EQWG,(DE-627)10495146X,Künstlerbuch,k-nstlerbuch,(DE-627)10495146X
P8NH64UA,(DE-627)10495146X,Künstlerbuch,k-nstlerbuch,(DE-627)10495146X
PAP5QAXF,(DE-627)10495146X,Künstlerbuch,k-nstlerbuch,(DE-627)10495146X
PCFITHTS,(DE-627)10495146X,Künstlerbuch,k-nstlerbuch,(DE-627)10495146X
PQIA2CKD,(DE-627)10495146X,Künstlerbuch,k-nstlerbuch,(DE-627)10495146X
PRIV6J7H,(DE-627)10495146X,Künstlerbuch,k-nstlerbuch,(DE-627)10495146X
PVQSLP9N,(DE-627)10495146X,Künstlerbuch,k-nstlerbuch,(DE-627)10495146X
QDDTGKNX,(DE-627)10495146X,Künstlerbuch,k-nstlerbuch,(DE-627)10495146X
QFYUFCRN,(DE-627)10495146X,Künstlerbuch,k-nstlerbuch,(DE-627)10495146X
QHWEGHIW,(DE-627)10495146X,Künstlerbuch,k-nstlerbuch,(DE-627)10495146X
QIZKPV3J,(DE-627)10495146X,Künstlerbuch,k-nstlerbuch,(DE-627)10495146X
QNVKBFKR,(DE-627)10495146X,Künstlerbuch,k-nstlerbuch,(DE-627)10495146X
QRM68WJD,(DE-627)10495146X,Künstlerbuch,k-nstlerbuch,(DE-627)10495146X
QTGBP9KC,(DE-627)10495146X,Künstlerbuch,k-nstlerbuch,(DE-627)10495146X
QVBTAK8B,(DE-627)10495146X,Künstlerbuch,k-nstlerbuch,(DE-627)10495146X
QXMWIKLM,(DE-627)10495146X,Künstlerbuch,k-nstlerbuch,(DE-627)10495146X
QZQADLU5,(DE-627)10495146X,Künstlerbuch,k-nstlerbuch,(DE-627)10495146X
R2B4T754,(DE-627)10495146X,Künstlerbuch,k-nstlerbuch,(DE-627)10495146X
R8ASAIKM,(DE-627)10495146X,Künstlerbuch,k-nstlerbuch,(DE-627)10495146X
R9KK3JBM,(DE-627)10495146X,Künstlerbuch,k-nstlerbuch,(DE-627)10495146X
RAB6SKMW,(DE-627)10495146X,Künstlerbuch,k-nstlerbuch,(DE-627)10495146X
RES7AGL4,(DE-627)10495146X,Künstlerbuch,k-nstlerbuch,(DE-627)10495146X
RN3RPDCR,(DE-627)10495146X,Künstlerbuch,k-nstlerbuch,(DE-627)10495146X
RN8L6446,(DE-627)10495146X,Künstlerbuch,k-nstlerbuch,(DE-627)10495146X
RNWF2NMK,(DE-627)10495146X,Künstlerbuch,k-nstlerbuch,(DE-627)10495146X
RPXZT682,(DE-627)10495146X,Künstlerbuch,k-nstlerbuch,(DE-627)10495146X
RXSC8U4F,(DE-627)10495146X,Künstlerbuch,k-nstlerbuch,(DE-627)10495146X
S5WTQKN5,(DE-627)10495146X,Künstlerbuch,k-nstlerbuch,(DE-627)10495146X
S7GKU4P8,(DE-627)10495146X,Künstlerbuch,k-nstlerbuch,(DE-627)10495146X
SC9KJDXY,(DE-627)10495146X,Künstlerbuch,k-nstlerbuch,(DE-627)10495146X
SDERJC7M,(DE-627)10495146X,Künstlerbuch,k-nstlerbuch,(DE-627)10495146X
SDQXQ9RN,(DE-627)10495146X,Künstlerbuch,k-nstlerbuch,(DE-627)10495146X
SHS679ZQ,(DE-627)10495146X,Künstlerbuch,k-nstlerbuch,(DE-627)10495146X
SQ34ACU7,(DE-627)10495146X,Künstlerbuch,k-nstlerbuch,(DE-627)10495146X
SQ5LQYVI,(DE-627)10495146X,Künstlerbuch,k-nstlerbuch,(DE-627)10495146X
T2F465FW,(DE-627)10495146X,Künstlerbuch,k-nstlerbuch,(DE-627)10495146X
T3QKSVW4,(DE-627)10495146X,Künstlerbuch,k-nstlerbuch,(DE-627)10495146X
T9W3AQRC,(DE-627)10495146X,Künstlerbuch,k-nstlerbuch,(DE-627)10495146X
TAPYY554,(DE-627)10495146X,Künstlerbuch,k-nstlerbuch,(DE-627)10495146X
TBYUXCN9,(DE-627)10495146X,Künstlerbuch,k-nstlerbuch,(DE-627)10495146X
TGN4TJ3R,(DE-627)10495146X,Künstlerbuch,k-nstlerbuch,(DE-627)10495146X
TLNWV74C,(DE-627)10495146X,Künstlerbuch,k-nstlerbuch,(DE-627)10495146X
TTPYHP62,(DE-627)10495146X,Künstlerbuch,k-nstlerbuch,(DE-627)10495146X
U3VHJWPF,(DE-627)10495146X,Künstlerbuch,k-nstlerbuch,(DE-627)10495146X
U5ML8C52,(DE-627)10495146X,Künstlerbuch,k-nstlerbuch,(DE-627)10495146X
U7A83SF6,(DE-627)10495146X,Künstlerbuch,k-nstlerbuch,(DE-627)10495146X
U9N3KCLB,(DE-627)10495146X,Künstlerbuch,k-nstlerbuch,(DE-627)10495146X
UEIDIUZ2,(DE-627)10495146X,Künstlerbuch,k-nstlerbuch,(DE-627)10495146X
UU2VZ6H3,(DE-627)10495146X,Künstlerbuch,k-nstlerbuch,(DE-627)10495146X
UUDCPCT6,(DE-627)10495146X,Künstlerbuch,k-nstlerbuch,(DE-627)10495146X
UXLUPHRZ,(DE-627)10495146X,Künstlerbuch,k-nstlerbuch,(DE-627)10495146X
UXMR5RQV,(DE-627)10495146X,Künstlerbuch,k-nstlerbuch,(DE-627)10495146X
UXY2FCAY,(DE-627)10495146X,Künstlerbuch,k-nstlerbuch,(DE-627)10495146X
UZ47NZNS,(DE-627)10495146X,Künstlerbuch,k-nstlerbuch,(DE-627)10495146X
V52GPWHX,(DE-627)10495146X,Künstlerbuch,k-nstlerbuch,(DE-627)10495146X
VD27FKX7,(DE-627)10495146X,Künstlerbuch,k-nstlerbuch,(DE-627)10495146X
VDRUZE8M,(DE-627)10495146X,Künstlerbuch,k-nstlerbuch,(DE-627)10495146X
VLXCF53I,(DE-627)10495146X,Künstlerbuch,k-nstlerbuch,(DE-627)10495146X
VQWLDLPG,(DE-627)10495146X,Künstlerbuch,k-nstlerbuch,(DE-627)10495146X
VSJLJPUG,(DE-627)10495146X,Künstlerbuch,k-nstlerbuch,(DE-627)10495146X
W4JPSXBU,(DE-627)10495146X,Künstlerbuch,k-nstlerbuch,(DE-627)10495146X
W8QNRFCX,(DE-627)10495146X,Künstlerbuch,k-nstlerbuch,(DE-627)10495146X
WFA3PK9W,(DE-627)10495146X,Künstlerbuch,k-nstlerbuch,(DE-627)10495146X
WIRWMGP2,(DE-627)10495146X,Künstlerbuch,k-nstlerbuch,(DE-627)10495146X
WJUXMT6C,(DE-627)10495146X,Künstlerbuch,k-nstlerbuch,(DE-627)10495146X
WJVR2UTU,(DE-627)10495146X,Künstlerbuch,k-nstlerbuch,(DE-627)10495146X
WKTXZHR5,(DE-627)10495146X,Künstlerbuch,k-nstlerbuch,(DE-627)10495146X
WTQ26GWG,(DE-627)10495146X,Künstlerbuch,k-nstlerbuch,(DE-627)10495146X
WUL8Q8GI,(DE-627)10495146X,Künstlerbuch,k-nstlerbuch,(DE-627)10495146X
X2Q82H29,(DE-627)10495146X,Künstlerbuch,k-nstlerbuch,(DE-627)10495146X
X3UG6BSW,(DE-627)10495146X,Künstlerbuch,k-nstlerbuch,(DE-627)10495146X
XCFAWNRB,(DE-627)10495146X,Künstlerbuch,k-nstlerbuch,(DE-627)10495146X
XDJ4JTJK,(DE-627)10495146X,Künstlerbuch,k-nstlerbuch,(DE-627)10495146X
XL2Y3JAW,(DE-627)10495146X,Künstlerbuch,k-nstlerbuch,(DE-627)10495146X
XLFDKVAA,(DE-627)10495146X,Künstlerbuch,k-nstlerbuch,(DE-627)10495146X
XLMBDT9X,(DE-627)10495146X,Künstlerbuch,k-nstlerbuch,(DE-627)10495146X
XMD55A9R,(DE-627)10495146X,Künstlerbuch,k-nstlerbuch,(DE-627)10495146X
XPWL8A46,(DE-627)10495146X,Künstlerbuch,k-nstlerbuch,(DE-627)10495146X
XQQYI8AH,(DE-627)10495146X,Künstlerbuch,k-nstlerbuch,(DE-627)10495146X
XUWIVHZP,(DE-627)10495146X,Künstlerbuch,k-nstlerbuch,(DE-627)10495146X
XVUAASG5,(DE-627)10495146X,Künstlerbuch,k-nstlerbuch,(DE-627)10495146X
XYDXDQTV,(DE-627)10495146X,Künstlerbuch,k-nstlerbuch,(DE-627)10495146X
XZHBA6FW,(DE-627)10495146X,Künstlerbuch,k-nstlerbuch,(DE-627)10495146X
XZU3DAM6,(DE-627)10495146X,Künstlerbuch,k-nstlerbuch,(DE-627)10495146X
Y2X68QRH,(DE-627)10495146X,Künstlerbuch,k-nstlerbuch,(DE-627)10495146X
Y9UWA2F5,(DE-627)10495146X,Künstlerbuch,k-nstlerbuch,(DE-627)10495146X
YDJZPYXE,(DE-627)10495146X,Künstlerbuch,k-nstlerbuch,(DE-627)10495146X
YEWUK4N4,(DE-627)10495146X,Künstlerbuch,k-nstlerbuch,(DE-627)10495146X
YFFYZDWF,(DE-627)10495146X,Künstlerbuch,k-nstlerbuch,(DE-627)10495146X
YGIM7AIS,(DE-627)10495146X,Künstlerbuch,k-nstlerbuch,(DE-627)10495146X
YHRU2TK3,(DE-627)10495146X,Künstlerbuch,k-nstlerbuch,(DE-627)10495146X
YHVL8J67,(DE-627)10495146X,Künstlerbuch,k-nstlerbuch,(DE-627)10495146X
YQSXEVIC,(DE-627)10495146X,Künstlerbuch,k-nstlerbuch,(DE-627)10495146X
YSB4I3ST,(DE-627)10495146X,Künstlerbuch,k-nstlerbuch,(DE-627)10495146X
YYEHGMAE,(DE-627)10495146X,Künstlerbuch,k-nstlerbuch,(DE-627)10495146X
Z2YCIU8D,(DE-627)10495146X,Künstlerbuch,k-nstlerbuch,(DE-627)10495146X
Z6C6TZGA,(DE-627)10495146X,Künstlerbuch,k-nstlerbuch,(DE-627)10495146X
ZH3Y4ATB,(DE-627)10495146X,Künstlerbuch,k-nstlerbuch,(DE-627)10495146X
ZKXE67IQ,(DE-627)10495146X,Künstlerbuch,k-nstlerbuch,(DE-627)10495146X
ZL3FG9JI,(DE-627)10495146X,Künstlerbuch,k-nstlerbuch,(DE-627)10495146X
ZQDY8GSM,(DE-627)10495146X,Künstlerbuch,k-nstlerbuch,(DE-627)10495146X
ZRIZ6UZB,(DE-627)10495146X,Künstlerbuch,k-nstlerbuch,(DE-627)10495146X
ZT22L8XP,(DE-627)10495146X,Künstlerbuch,k-nstlerbuch,(DE-627)10495146X
ZUT9XYAE,(DE-627)10495146X,Künstlerbuch,k-nstlerbuch,(DE-627)10495146X
ZUYRHIMK,(DE-627)10495146X,Künstlerbuch,k-nstlerbuch,(DE-627)10495146X
ZYIM55XE,(DE-627)10495146X,Künstlerbuch,k-nstlerbuch,(DE-627)10495146X
R5BMSNW2,(DE-627)105266639,Verzeichnis,verzeichnis,(DE-627)105266639
LJTHLNWF,(DE-627)105488402,Pressendruck,pressendruck,(DE-627)105488402
LWID8Z82,(DE-627)105488402,Pressendruck,pressendruck,(DE-627)105488402
NQGJN9BU,(DE-627)105488402,Pressendruck,pressendruck,(DE-627)105488402
2PUQDV8E,(DE-627)105605727,Aufsatzsammlung,aufsatzsammlung,(DE-627)105605727
A49GGTHI,(DE-627)105605727,Aufsatzsammlung,aufsatzsammlung,(DE-627)105605727
HNJSCIJA,(DE-627)105605727,Aufsatzsammlung,aufsatzsammlung,(DE-627)105605727
XMD55A9R,(DE-627)105661236,Quelle,quelle,(DE-627)105661236
237V68GJ,(DE-627)10566491X,Ausstellungskatalog,ausstellungskatalog,(DE-627)10566491X
2HWGZPS6,(DE-627)10566491X,Ausstellungskatalog,ausstellungskatalog,(DE-627)10566491X
2I3TQW9S,(DE-627)10566491X,Ausstellungskatalog,ausstellungskatalog,(DE-627)10566491X
2UDIUNQX,(DE-627)10566491X,Ausstellungskatalog,ausstellungskatalog,(DE-627)10566491X
2ZKW6N2T,(DE-627)10566491X,Ausstellungskatalog,ausstellungskatalog,(DE-627)10566491X
32EH6QAV,(DE-627)10566491X,Ausstellungskatalog,ausstellungskatalog,(DE-627)10566491X
36CZWL7Z,(DE-627)10566491X,Ausstellungskatalog,ausstellungskatalog,(DE-627)10566491X
3D3EKJVR,(DE-627)10566491X,Ausstellungskatalog,ausstellungskatalog,(DE-627)10566491X
3E5IVK3I,(DE-627)10566491X,Ausstellungskatalog,ausstellungskatalog,(DE-627)10566491X
3M58THA6,(DE-627)10566491X,Ausstellungskatalog,ausstellungskatalog,(DE-627)10566491X
3RQAVNT5,(DE-627)10566491X,Ausstellungskatalog,ausstellungskatalog,(DE-627)10566491X
3Z8IKAWV,(DE-627)10566491X,Ausstellungskatalog,ausstellungskatalog,(DE-627)10566491X
44MET6EK,(DE-627)10566491X,Ausstellungskatalog,ausstellungskatalog,(DE-627)10566491X
4839UE47,(DE-627)10566491X,Ausstellungskatalog,ausstellungskatalog,(DE-627)10566491X
4MRN9JTI,(DE-627)10566491X,Ausstellungskatalog,ausstellungskatalog,(DE-627)10566491X
4X3R3S2G,(DE-627)10566491X,Ausstellungskatalog,ausstellungskatalog,(DE-627)10566491X
4ZFQRTLU,(DE-627)10566491X,Ausstellungskatalog,ausstellungskatalog,(DE-627)10566491X
55MX75F4,(DE-627)10566491X,Ausstellungskatalog,ausstellungskatalog,(DE-627)10566491X
5MZS38T4,(DE-627)10566491X,Ausstellungskatalog,ausstellungskatalog,(DE-627)10566491X
63J235R5,(DE-627)10566491X,Ausstellungskatalog,ausstellungskatalog,(DE-627)10566491X
6XC2973T,(DE-627)10566491X,Ausstellungskatalog,ausstellungskatalog,(DE-627)10566491X
7TKF55X7,(DE-627)10566491X,Ausstellungskatalog,ausstellungskatalog,(DE-627)10566491X
8A6G7I6K,(DE-627)10566491X,Ausstellungskatalog,ausstellungskatalog,(DE-627)10566491X
8IMHQCUW,(DE-627)10566491X,Ausstellungskatalog,ausstellungskatalog,(DE-627)10566491X
8SIIFP8C,(DE-627)10566491X,Ausstellungskatalog,ausstellungskatalog,(DE-627)10566491X
9DFIJWAY,(DE-627)10566491X,Ausstellungskatalog,ausstellungskatalog,(DE-627)10566491X
9HYAYK3Y,(DE-627)10566491X,Ausstellungskatalog,ausstellungskatalog,(DE-627)10566491X
A5436UZA,(DE-627)10566491X,Ausstellungskatalog,ausstellungskatalog,(DE-627)10566491X
A6WJ87G6,(DE-627)10566491X,Ausstellungskatalog,ausstellungskatalog,(DE-627)10566491X
AVYFDNVD,(DE-627)10566491X,Ausstellungskatalog,ausstellungskatalog,(DE-627)10566491X
AYBDHP7H,(DE-627)10566491X,Ausstellungskatalog,ausstellungskatalog,(DE-627)10566491X
C3WGUVQA,(DE-627)10566491X,Ausstellungskatalog,ausstellungskatalog,(DE-627)10566491X
C6CZZH4J,(DE-627)10566491X,Ausstellungskatalog,ausstellungskatalog,(DE-627)10566491X
DYCW9SUR,(DE-627)10566491X,Ausstellungskatalog,ausstellungskatalog,(DE-627)10566491X
E7QQC57G,(DE-627)10566491X,Ausstellungskatalog,ausstellungskatalog,(DE-627)10566491X
EGXIGEUT,(DE-627)10566491X,Ausstellungskatalog,ausstellungskatalog,(DE-627)10566491X
EPYY3NIM,(DE-627)10566491X,Ausstellungskatalog,ausstellungskatalog,(DE-627)10566491X
FIC9EGX8,(DE-627)10566491X,Ausstellungskatalog,ausstellungskatalog,(DE-627)10566491X
FIEPFC55,(DE-627)10566491X,Ausstellungskatalog,ausstellungskatalog,(DE-627)10566491X
FIQBG8I3,(DE-627)10566491X,Ausstellungskatalog,ausstellungskatalog,(DE-627)10566491X
FLZ2CZCT,(DE-627)10566491X,Ausstellungskatalog,ausstellungskatalog,(DE-627)10566491X
G2DND365,(DE-627)10566491X,Ausstellungskatalog,ausstellungskatalog,(DE-627)10566491X
G8WUFZVR,(DE-627)10566491X,Ausstellungskatalog,ausstellungskatalog,(DE-627)10566491X
GVKIXEWQ,(DE-627)10566491X,Ausstellungskatalog,ausstellungskatalog,(DE-627)10566491X
H34CCYGI,(DE-627)10566491X,Ausstellungskatalog,ausstellungskatalog,(DE-627)10566491X
ICEENMJJ,(DE-627)10566491X,Ausstellungskatalog,ausstellungskatalog,(DE-627)10566491X
IQS6CR4M,(DE-627)10566491X,Ausstellungskatalog,ausstellungskatalog,(DE-627)10566491X
JD7CG4D3,(DE-627)10566491X,Ausstellungskatalog,ausstellungskatalog,(DE-627)10566491X
JMQHCLL8,(DE-627)10566491X,Ausstellungskatalog,ausstellungskatalog,(DE-627)10566491X
JRSE23NR,(DE-627)10566491X,Ausstellungskatalog,ausstellungskatalog,(DE-627)10566491X
JSJDYBJ7,(DE-627)10566491X,Ausstellungskatalog,ausstellungskatalog,(DE-627)10566491X
JW6FAZS5,(DE-627)10566491X,Ausstellungskatalog,ausstellungskatalog,(DE-627)10566491X
KCD85JV3,(DE-627)10566491X,Ausstellungskatalog,ausstellungskatalog,(DE-627)10566491X
KPGLJJTL,(DE-627)10566491X,Ausstellungskatalog,ausstellungskatalog,(DE-627)10566491X
KQE3KTRI,(DE-627)10566491X,Ausstellungskatalog,ausstellungskatalog,(DE-627)10566491X
LG2FE56M,(DE-627)10566491X,Ausstellungskatalog,ausstellungskatalog,(DE-627)10566491X
N2XD2KVZ,(DE-627)10566491X,Ausstellungskatalog,ausstellungskatalog,(DE-627)10566491X
NKRMZVCR,(DE-627)10566491X,Ausstellungskatalog,ausstellungskatalog,(DE-627)10566491X
P9N7EDCX,(DE-627)10566491X,Ausstellungskatalog,ausstellungskatalog,(DE-627)10566491X
PA42NFDX,(DE-627)10566491X,Ausstellungskatalog,ausstellungskatalog,(DE-627)10566491X
PUTJPUMN,(DE-627)10566491X,Ausstellungskatalog,ausstellungskatalog,(DE-627)10566491X
Q9RVEP85,(DE-627)10566491X,Ausstellungskatalog,ausstellungskatalog,(DE-627)10566491X
QSRPW69Q,(DE-627)10566491X,Ausstellungskatalog,ausstellungskatalog,(DE-627)10566491X
QW7UDC24,(DE-627)10566491X,Ausstellungskatalog,ausstellungskatalog,(DE-627)10566491X
RFPBS3QW,(DE-627)10566491X,Ausstellungskatalog,ausstellungskatalog,(DE-627)10566491X
RN5ETGNQ,(DE-627)10566491X,Ausstellungskatalog,ausstellungskatalog,(DE-627)10566491X
RXSC8U4F,(DE-627)10566491X,Ausstellungskatalog,ausstellungskatalog,(DE-627)10566491X
S55EHGJH,(DE-627)10566491X,Ausstellungskatalog,ausstellungskatalog,(DE-627)10566491X
SHCZG9JY,(DE-627)10566491X,Ausstellungskatalog,ausstellungskatalog,(DE-627)10566491X
SJRHIA8E,(DE-627)10566491X,Ausstellungskatalog,ausstellungskatalog,(DE-627)10566491X
SPFKCL6W,(DE-627)10566491X,Ausstellungskatalog,ausstellungskatalog,(DE-627)10566491X
T4LBNAUA,(DE-627)10566491X,Ausstellungskatalog,ausstellungskatalog,(DE-627)10566491X
TB6PSLQ7,(DE-627)10566491X,Ausstellungskatalog,ausstellungskatalog,(DE-627)10566491X
TFFRUIL2,(DE-627)10566491X,Ausstellungskatalog,ausstellungskatalog,(DE-627)10566491X
TQ3XXEPB,(DE-627)10566491X,Ausstellungskatalog,ausstellungskatalog,(DE-627)10566491X
U3F38GW8,(DE-627)10566491X,Ausstellungskatalog,ausstellungskatalog,(DE-627)10566491X
U8BYATKG,(DE-627)10566491X,Ausstellungskatalog,ausstellungskatalog,(DE-627)10566491X
UCUFQC5A,(DE-627)10566491X,Ausstellungskatalog,ausstellungskatalog,(DE-627)10566491X
V3ECAD22,(DE-627)10566491X,Ausstellungskatalog,ausstellungskatalog,(DE-627)10566491X
V5H33XUC,(DE-627)10566491X,Ausstellungskatalog,ausstellungskatalog,(DE-627)10566491X
VF5MHSKM,(DE-627)10566491X,Ausstellungskatalog,ausstellungskatalog,(DE-627)10566491X
VMH7RUQC,(DE-627)10566491X,Ausstellungskatalog,ausstellungskatalog,(DE-627)10566491X
W5PUHR9Y,(DE-627)10566491X,Ausstellungskatalog,ausstellungskatalog,(DE-627)10566491X
WF2NNLA8,(DE-627)10566491X,Ausstellungskatalog,ausstellungskatalog,(DE-627)10566491X
XP9RY9VH,(DE-627)10566491X,Ausstellungskatalog,ausstellungskatalog,(DE-627)10566491X
XT86CBGL,(DE-627)10566491X,Ausstellungskatalog,ausstellungskatalog,(DE-627)10566491X
XU3QQGYY,(DE-627)10566491X,Ausstellungskatalog,ausstellungskatalog,(DE-627)10566491X
Y8D6EEW2,(DE-627)10566491X,Ausstellungskatalog,ausstellungskatalog,(DE-627)10566491X
YFMC9E5C,(DE-627)10566491X,Ausstellungskatalog,ausstellungskatalog,(DE-627)10566491X
YJETMYG6,(DE-627)10566491X,Ausstellungskatalog,ausstellungskatalog,(DE-627)10566491X
YQSXEVIC,(DE-627)10566491X,Ausstellungskatalog,ausstellungskatalog,(DE-627)10566491X
YTA7ZKRP,(DE-627)10566491X,Ausstellungskatalog,ausstellungskatalog,(DE-627)10566491X
YVY7RLTA,(DE-627)10566491X,Ausstellungskatalog,ausstellungskatalog,(DE-627)10566491X
ZGRXHJSY,(DE-627)10566491X,Ausstellungskatalog,ausstellungskatalog,(DE-627)10566491X
W6ASFQ9T,(DE-627)106143212,Terrorismus,terrorismus,(DE-627)106143212
439QPG7K,(DE-627)106317032,Gespräch,gespr-ch,(DE-627)106317032
NQGJN9BU,(DE-627)106338749,Englisch,englisch,(DE-627)106338749
WFS3X66N,(DE-627)106350188,Diagramm,diagramm,(DE-627)106350188
E8XCM6LH,(DE-627)106376934,Bilderbuch,bilderbuch,(DE-627)106376934
PI3FIY7I,(DE-627)106394134,Anthologie,anthologie,(DE-627)106394134
VPHMSVHB,(DE-627)556092260,Blu-Ray-Disc,blu-ray-disc,(DE-627)556092260
439QPG7K,(DE-627)826484824,Konferenzschrift,konferenzschrift,(DE-627)826484824
CXEAVPDU,(DE-627)826484824,Konferenzschrift,konferenzschrift,(DE-627)826484824
EGXIGEUT,(DE-627)826484824,Konferenzschrift,konferenzschrift,(DE-627)826484824
HNQ9RFM7,(DE-627)826484824,Konferenzschrift,konferenzschrift,(DE-627)826484824
IMBNNP86,(DE-627)826484824,Konferenzschrift,konferenzschrift,(DE-627)826484824
JHK3HSGT,(DE-627)826484824,Konferenzschrift,konferenzschrift,(DE-627)826484824
KX8JIP23,(DE-627)826484824,Konferenzschrift,konferenzschrift,(DE-627)826484824
VDX4AFFI,(DE-627)826484824,Konferenzschrift,konferenzschrift,(DE-627)826484824
83MS2XUC,(NL-LeOCL)077600088,21.22 history of drawing.,21-22-history-of-drawing,(NL-LeOCL)077600088
CVPUUBR5,(OCoLC)fst01411628,History,history,(OCoLC)fst01411628
MDA4XCB6,(OCoLC)fst01411628,History,history,(OCoLC)fst01411628
YF9ZRTZ6,(OCoLC)fst01411628,History,history,(OCoLC)fst01411628
4QN3KGAP,(OCoLC)fst01411628,History.,history,(OCoLC)fst01411628
4UC86HDV,(OCoLC)fst01411628,History.,history,(OCoLC)fst01411628
GTSUGCHT,(OCoLC)fst01411628,History.,history,(OCoLC)fst01411628
PIN8B4T4,(OCoLC)fst01411628,History.,history,(OCoLC)fst01411628
VBBTJ22F,(OCoLC)fst01411635,"Criticism, interpretation, etc.",criticism-interpretation-etc,(OCoLC)fst01411635
VHUB68YK,(OCoLC)fst01411635,"Criticism, interpretation, etc.",criticism-interpretation-etc,(OCoLC)fst01411635
QE7YNW2G,(OCoLC)fst01411635.,"Criticism, interpretation, etc.",criticism-interpretation-etc,(OCoLC)fst01411635
IA7CCWVI,(OCoLC)fst01411637,Juvenile works.,juvenile-works,(OCoLC)fst01411637
K6JKIVRE,(OCoLC)fst01411641,Periodicals,periodicals,(OCoLC)fst01411641
4694824U,(OCoLC)fst01411641,Periodicals.,periodicals,(OCoLC)fst01411641
FITK5XUS,(OCoLC)fst01411641,Periodicals.,periodicals,(OCoLC)fst01411641
GSU7RIAH,(OCoLC)fst01411641,Periodicals.,periodicals,(OCoLC)fst01411641
IA7CCWVI,(OCoLC)fst01411641,Periodicals.,periodicals,(OCoLC)fst01411641
VBBTJ22F,(OCoLC)fst01411641,Periodicals.,periodicals,(OCoLC)fst01411641
Z78UMVQG,(OCoLC)fst01411641,Periodicals.,periodicals,(OCoLC)fst01411641
TI27USIG,(OCoLC)fst01423687,Aerial views.,aerial-views,(OCoLC)fst01423687
IJA22YYU,(OCoLC)fst01423692,Catalogs,catalogs,(OCoLC)fst01423692
IRAM95ZX,(OCoLC)fst01423692,Catalogs,catalogs,(OCoLC)fst01423692
U4CZS9IW,(OCoLC)fst01423702,Art,art,(OCoLC)fst01423702
Y945I4GQ,(OCoLC)fst01423702,Art,art,(OCoLC)fst01423702
TDKZILXZ,(OCoLC)fst01423702,Art.,art,(OCoLC)fst01423702
SAMPYAPL,(OCoLC)fst01423702.,Art.,art,(OCoLC)fst01423702
RR3BH6NA,(OCoLC)fst01423718,Drawings,drawings,(OCoLC)fst01423718
YPGMRYB8,(OCoLC)fst01423718,Drawings,drawings,(OCoLC)fst01423718
VBBTJ22F,(OCoLC)fst01423760,Reviews.,reviews,(OCoLC)fst01423760
2XLDUC9Q,(OCoLC)fst01423787,Fiction,fiction,(OCoLC)fst01423787
7L2ZCPD5,(OCoLC)fst01423787,Fiction,fiction,(OCoLC)fst01423787
EDWF59NX,(OCoLC)fst01423787,Fiction,fiction,(OCoLC)fst01423787
MNSJFSJA,(OCoLC)fst01423787,Fiction,fiction,(OCoLC)fst01423787
YIA6FDSC,(OCoLC)fst01423787,Fiction,fiction,(OCoLC)fst01423787
964S7JHP,(OCoLC)fst01423787,Fiction.,fiction,(OCoLC)fst01423787
PIN8B4T4,(OCoLC)fst01423787,Fiction.,fiction,(OCoLC)fst01423787
7NVIZK57,(OCoLC)fst01423791,Translations,translations,(OCoLC)fst01423791
UX3A7CS5,(OCoLC)fst01423791,Translations,translations,(OCoLC)fst01423791
Q5WFUHJV,(OCoLC)fst01423792,Quotations.,quotations,(OCoLC)fst01423792
7NVIZK57,(OCoLC)fst01423828,Poetry,poetry,(OCoLC)fst01423828
9G4P2E3L,(OCoLC)fst01423828,Poetry,poetry,(OCoLC)fst01423828
CDP2SGUM,(OCoLC)fst01423828,Poetry,poetry,(OCoLC)fst01423828
HJAHBXBA,(OCoLC)fst01423828,Poetry,poetry,(OCoLC)fst01423828
W2WAQ6FV,(OCoLC)fst01423828,Poetry,poetry,(OCoLC)fst01423828
WJ28HA8H,(OCoLC)fst01423828,Poetry,poetry,(OCoLC)fst01423828
4UC86HDV,(OCoLC)fst01423828,Poetry.,poetry,(OCoLC)fst01423828
DS9CH8N2,(OCoLC)fst01423828,Poetry.,poetry,(OCoLC)fst01423828
HP796KCI,(OCoLC)fst01423828,Poetry.,poetry,(OCoLC)fst01423828
P388DLSD,(OCoLC)fst01423832,Interviews,interviews,(OCoLC)fst01423832
6GR836E3,(OCoLC)fst01423832,Interviews.,interviews,(OCoLC)fst01423832
RK4ZBWCA,(OCoLC)fst01423840,"Parodies, imitations, etc.",parodies-imitations-etc,(OCoLC)fst01423840
55RKWFGD,(OCoLC)fst01423861,Specimens,specimens,(OCoLC)fst01423861
7PPW232W,(OCoLC)fst01423861,Specimens,specimens,(OCoLC)fst01423861
9G4P2E3L,(OCoLC)fst01423861,Specimens,specimens,(OCoLC)fst01423861
D279AQ4J,(OCoLC)fst01423861,Specimens,specimens,(OCoLC)fst01423861
H4IIET5C,(OCoLC)fst01423861,Specimens,specimens,(OCoLC)fst01423861
I7UXXXA8,(OCoLC)fst01423861,Specimens,specimens,(OCoLC)fst01423861
I9289P34,(OCoLC)fst01423861,Specimens,specimens,(OCoLC)fst01423861
P7TD2598,(OCoLC)fst01423861,Specimens,specimens,(OCoLC)fst01423861
RK4ZBWCA,(OCoLC)fst01423861,Specimens,specimens,(OCoLC)fst01423861
TD5PIJUA,(OCoLC)fst01423861,Specimens,specimens,(OCoLC)fst01423861
V4PBZN95,(OCoLC)fst01423861,Specimens,specimens,(OCoLC)fst01423861
YIA6FDSC,(OCoLC)fst01423861,Specimens,specimens,(OCoLC)fst01423861
ZZEDBRCD,(OCoLC)fst01423861,Specimens,specimens,(OCoLC)fst01423861
4QTNST29,(OCoLC)fst01423861,Specimens.,specimens,(OCoLC)fst01423861
5JDTTTXZ,(OCoLC)fst01423861,Specimens.,specimens,(OCoLC)fst01423861
6YWZ5K35,(OCoLC)fst01423861,Specimens.,specimens,(OCoLC)fst01423861
7BPKEUWY,(OCoLC)fst01423861,Specimens.,specimens,(OCoLC)fst01423861
964S7JHP,(OCoLC)fst01423861,Specimens.,specimens,(OCoLC)fst01423861
DS9CH8N2,(OCoLC)fst01423861,Specimens.,specimens,(OCoLC)fst01423861
HP796KCI,(OCoLC)fst01423861,Specimens.,specimens,(OCoLC)fst01423861
KCW4R76F,(OCoLC)fst01423861,Specimens.,specimens,(OCoLC)fst01423861
QEM42WV8,(OCoLC)fst01423861,Specimens.,specimens,(OCoLC)fst01423861
TDKZILXZ,(OCoLC)fst01423861,Specimens.,specimens,(OCoLC)fst01423861
VAWYME5V,(OCoLC)fst01423861,Specimens.,specimens,(OCoLC)fst01423861
FAEMIDYN,(OCoLC)fst01423861.,Specimens.,specimens,(OCoLC)fst01423861
H8WE9R2A,(OCoLC)fst01423861.,Specimens.,specimens,(OCoLC)fst01423861
J494U7ER,(OCoLC)fst01423861.,Specimens.,specimens,(OCoLC)fst01423861
JNHF2FUQ,(OCoLC)fst01423861.,Specimens.,specimens,(OCoLC)fst01423861
SAMPYAPL,(OCoLC)fst01423861.,Specimens.,specimens,(OCoLC)fst01423861
SCPR5FJZ,(OCoLC)fst01423861.,Specimens.,specimens,(OCoLC)fst01423861
WB2KSM29,(OCoLC)fst01423861.,Specimens.,specimens,(OCoLC)fst01423861
ILTZ5LAC,(OCoLC)fst01423873,Illustrated works.,illustrated-works,(OCoLC)fst01423873
QEM42WV8,(OCoLC)fst01423873,Illustrated works.,illustrated-works,(OCoLC)fst01423873
I9289P34,(OCoLC)fst01423874,Pictorial works,pictorial-works,(OCoLC)fst01423874
IRAM95ZX,(OCoLC)fst01423874,Pictorial works,pictorial-works,(OCoLC)fst01423874
J2JWSU8F,(OCoLC)fst01423874,Pictorial works,pictorial-works,(OCoLC)fst01423874
L54QZW33,(OCoLC)fst01423874,Pictorial works,pictorial-works,(OCoLC)fst01423874
NZPXJA96,(OCoLC)fst01423874,Pictorial works,pictorial-works,(OCoLC)fst01423874
RK4ZBWCA,(OCoLC)fst01423874,Pictorial works,pictorial-works,(OCoLC)fst01423874
YKJ2BJCE,(OCoLC)fst01423874,Pictorial works,pictorial-works,(OCoLC)fst01423874
ZI6PLQRW,(OCoLC)fst01423874,Pictorial works,pictorial-works,(OCoLC)fst01423874
ZZEDBRCD,(OCoLC)fst01423874,Pictorial works,pictorial-works,(OCoLC)fst01423874
4QN3KGAP,(OCoLC)fst01423874,Pictorial works.,pictorial-works,(OCoLC)fst01423874
CA88YV6V,(OCoLC)fst01423874,Pictorial works.,pictorial-works,(OCoLC)fst01423874
IKJRRBV3,(OCoLC)fst01423874,Pictorial works.,pictorial-works,(OCoLC)fst01423874
J2385L6U,(OCoLC)fst01423874,Pictorial works.,pictorial-works,(OCoLC)fst01423874
TI27USIG,(OCoLC)fst01423874,Pictorial works.,pictorial-works,(OCoLC)fst01423874
FAEMIDYN,(OCoLC)fst01423874.,Pictorial works.,pictorial-works,(OCoLC)fst01423874
H8WE9R2A,(OCoLC)fst01423874.,Pictorial works.,pictorial-works,(OCoLC)fst01423874
LUDSTNHP,(OCoLC)fst01423874.,Pictorial works.,pictorial-works,(OCoLC)fst01423874
WB2KSM29,(OCoLC)fst01423874.,Pictorial works.,pictorial-works,(OCoLC)fst01423874
DFTN5CQT,(OCoLC)fst01423877.,Handbooks and manuals.,handbooks-and-manuals,(OCoLC)fst01423877
2MG4MLAQ,(OCoLC)fst01423879,Drama.,drama,(OCoLC)fst01423879
VBBTJ22F,(OCoLC)fst01423883,Discographies.,discographies,(OCoLC)fst01423883
3QFQ3WIP,(OCoLC)fst01424028,Exhibition catalogs,exhibition-catalogs,(OCoLC)fst01424028
8LAEJUZ5,(OCoLC)fst01424028,Exhibition catalogs,exhibition-catalogs,(OCoLC)fst01424028
D8SURXEM,(OCoLC)fst01424028,Exhibition catalogs,exhibition-catalogs,(OCoLC)fst01424028
FIEAJR4U,(OCoLC)fst01424028,Exhibition catalogs,exhibition-catalogs,(OCoLC)fst01424028
GFTE9N6Q,(OCoLC)fst01424028,Exhibition catalogs,exhibition-catalogs,(OCoLC)fst01424028
K9U7ERH6,(OCoLC)fst01424028,Exhibition catalogs,exhibition-catalogs,(OCoLC)fst01424028
KBNBWDEQ,(OCoLC)fst01424028,Exhibition catalogs,exhibition-catalogs,(OCoLC)fst01424028
P388DLSD,(OCoLC)fst01424028,Exhibition catalogs,exhibition-catalogs,(OCoLC)fst01424028
W92XNSBL,(OCoLC)fst01424028,Exhibition catalogs,exhibition-catalogs,(OCoLC)fst01424028
YF9ZRTZ6,(OCoLC)fst01424028,Exhibition catalogs,exhibition-catalogs,(OCoLC)fst01424028
ZEJN6D5R,(OCoLC)fst01424028,Exhibition catalogs,exhibition-catalogs,(OCoLC)fst01424028
6GR836E3,(OCoLC)fst01424028,Exhibition catalogs.,exhibition-catalogs,(OCoLC)fst01424028
M695DQSQ,(OCoLC)fst01424028,Exhibition catalogs.,exhibition-catalogs,(OCoLC)fst01424028
W3966GFV,(OCoLC)fst01424028,Exhibition catalogs.,exhibition-catalogs,(OCoLC)fst01424028
X4UAGICF,(OCoLC)fst01424028,Exhibition catalogs.,exhibition-catalogs,(OCoLC)fst01424028
ZFRQULY9,(OCoLC)fst01424028,Exhibition catalogs.,exhibition-catalogs,(OCoLC)fst01424028
5RFGSEZN,(OCoLC)fst01424028.,Exhibition catalogs.,exhibition-catalogs,(OCoLC)fst01424028
QE7YNW2G,(OCoLC)fst01424028.,Exhibition catalogs.,exhibition-catalogs,(OCoLC)fst01424028
8LAEJUZ5,(OCoLC)fst01424187,"Exhibition, pictorial works",exhibition-pictorial-works,(OCoLC)fst01424187
SWGQ2MJA,(OCoLC)fst01726453,Academic theses,academic-theses,(OCoLC)fst01726453
JQDU3U4S,(OCoLC)fst01726603,Experimental poetry,experimental-poetry,(OCoLC)fst01726603
JW2TTDI3,(OCoLC)fst01726604,Fables,fables,(OCoLC)fst01726604
TU4SKP2B,(OCoLC)fst01726630.,Graphic novels.,graphic-novels,(OCoLC)fst01726630
7L2ZCPD5,(OCoLC)fst01726649,Humorous fiction,humorous-fiction,(OCoLC)fst01726649
JW2TTDI3,(OCoLC)fst01726740,Short stories,short-stories,(OCoLC)fst01726740
YIA6FDSC,(OCoLC)fst01726740,Short stories,short-stories,(OCoLC)fst01726740
KCW4R76F,(OCoLC)fst01726766,Toy and movable books.,toy-and-movable-books,(OCoLC)fst01726766
TU4SKP2B,(OCoLC)fst01726767.,Underground comics.,underground-comics,(OCoLC)fst01726767
D279AQ4J,(OCoLC)fst01726771,Visual poetry,visual-poetry,(OCoLC)fst01726771
262QQCQM,(OCoLC)fst01750153,Artists' books,artists-books,(OCoLC)fst01750153
2V393RKM,(OCoLC)fst01750153,Artists' books,artists-books,(OCoLC)fst01750153
3Z5G7U57,(OCoLC)fst01750153,Artists' books,artists-books,(OCoLC)fst01750153
97U2MSIV,(OCoLC)fst01750153,Artists' books,artists-books,(OCoLC)fst01750153
9G4P2E3L,(OCoLC)fst01750153,Artists' books,artists-books,(OCoLC)fst01750153
9S4I4TDR,(OCoLC)fst01750153,Artists' books,artists-books,(OCoLC)fst01750153
H682PFC7,(OCoLC)fst01750153,Artists' books,artists-books,(OCoLC)fst01750153
H7WBH66E,(OCoLC)fst01750153,Artists' books,artists-books,(OCoLC)fst01750153
I7UXXXA8,(OCoLC)fst01750153,Artists' books,artists-books,(OCoLC)fst01750153
J2JWSU8F,(OCoLC)fst01750153,Artists' books,artists-books,(OCoLC)fst01750153
KL4S8PQK,(OCoLC)fst01750153,Artists' books,artists-books,(OCoLC)fst01750153
LPSIJU9A,(OCoLC)fst01750153,Artists' books,artists-books,(OCoLC)fst01750153
NZPXJA96,(OCoLC)fst01750153,Artists' books,artists-books,(OCoLC)fst01750153
P7TD2598,(OCoLC)fst01750153,Artists' books,artists-books,(OCoLC)fst01750153
QHRECDDW,(OCoLC)fst01750153,Artists' books,artists-books,(OCoLC)fst01750153
RK4ZBWCA,(OCoLC)fst01750153,Artists' books,artists-books,(OCoLC)fst01750153
SEL3ZY9W,(OCoLC)fst01750153,Artists' books,artists-books,(OCoLC)fst01750153
SPY7J7XK,(OCoLC)fst01750153,Artists' books,artists-books,(OCoLC)fst01750153
ST3XA9HK,(OCoLC)fst01750153,Artists' books,artists-books,(OCoLC)fst01750153
V4PBZN95,(OCoLC)fst01750153,Artists' books,artists-books,(OCoLC)fst01750153
V5D9VYAI,(OCoLC)fst01750153,Artists' books,artists-books,(OCoLC)fst01750153
YJZ82DYV,(OCoLC)fst01750153,Artists' books,artists-books,(OCoLC)fst01750153
ZEJN6D5R,(OCoLC)fst01750153,Artists' books,artists-books,(OCoLC)fst01750153
43FXNU5W,(OCoLC)fst01750153,Artists' books.,artists-books,(OCoLC)fst01750153
4UC86HDV,(OCoLC)fst01750153,Artists' books.,artists-books,(OCoLC)fst01750153
GTSUGCHT,(OCoLC)fst01750153,Artists' books.,artists-books,(OCoLC)fst01750153
HP796KCI,(OCoLC)fst01750153,Artists' books.,artists-books,(OCoLC)fst01750153
KCW4R76F,(OCoLC)fst01750153,Artists' books.,artists-books,(OCoLC)fst01750153
LUZ62SRM,(OCoLC)fst01750153,Artists' books.,artists-books,(OCoLC)fst01750153
MYLGWFRL,(OCoLC)fst01750153,Artists' books.,artists-books,(OCoLC)fst01750153
TLUFIFMA,(OCoLC)fst01750153,Artists' books.,artists-books,(OCoLC)fst01750153
VAWYME5V,(OCoLC)fst01750153,Artists' books.,artists-books,(OCoLC)fst01750153
XTTYDTKS,(OCoLC)fst01750153,Artists' books.,artists-books,(OCoLC)fst01750153
ZRC7CN65,(OCoLC)fst01750153,Artists' books.,artists-books,(OCoLC)fst01750153
TU4SKP2B,(OCoLC)fst01750153.,Artists' books.,artists-books,(OCoLC)fst01750153
9S4I4TDR,(OCoLC)fst01752725,Cookbooks,cookbooks,(OCoLC)fst01752725
I7UXXXA8,(OCoLC)fst01919896,Biographies,biographies,(OCoLC)fst01919896
P7TD2598,(OCoLC)fst01919896,Biographies,biographies,(OCoLC)fst01919896
VTXEKYPM,(OCoLC)fst01919896,Biographies,biographies,(OCoLC)fst01919896
J2JWSU8F,(OCoLC)fst01919950,Photobooks,photobooks,(OCoLC)fst01919950
SAMPYAPL,(OCoLC)fst01919955.,Pop-up books.,pop-up-books,(OCoLC)fst01919955
WFEA263X,(OCoLC)fst01919987.,Zines.,zines,(OCoLC)fst01919987
GQ2H7769,(OCoLC)fst01921613.,Comics (Graphic works),comics-graphic-works,(OCoLC)fst01921613
TU4SKP2B,(OCoLC)fst01921613.,Comics (Graphic works),comics-graphic-works,(OCoLC)fst01921613
UX3A7CS5,(OCoLC)fst01922510,Prose poems,prose-poems,(OCoLC)fst01922510
7L2ZCPD5,(OCoLC)fst01922539,Satirical literature,satirical-literature,(OCoLC)fst01922539
IYLRZMUE,(OCoLC)fst01985328,Songs and music,songs-and-music,(OCoLC)fst01985328
I9289P34,(OCoLC)fst01986255,Screen prints,screen-prints,(OCoLC)fst01986255
YIA6FDSC,(OCoLC)fst01986255,Screen prints,screen-prints,(OCoLC)fst01986255
MNSJFSJA,(OCoLC)fst01986487,Autobiographical fiction,autobiographical-fiction,(OCoLC)fst01986487
IJA22YYU,(uri) http://id.loc.gov/authorities/genreForms/gf2014026057,Catalogs,catalogs,(uri) http://id.loc.gov/authorities/genreForms/gf2014026057
K6JKIVRE,(uri) http://id.loc.gov/authorities/genreForms/gf2014026139,Periodicals,periodicals,(uri) http://id.loc.gov/authorities/genreForms/gf2014026139
VTXEKYPM,(uri) http://id.loc.gov/authorities/genreForms/gf2014026339,Fiction,fiction,(uri) http://id.loc.gov/authorities/genreForms/gf2014026339
K6JKIVRE,(uri) http://id.worldcat.org/fast/fst01411641,Periodicals,periodicals,(uri) http://id.worldcat.org/fast/fst01411641
RBWHALLR,11F4,Madonna: i.e. Mary with the Christ-child.,madonna-i-e-mary-with-the-christ-child,11F4
RBWHALLR,11H(JOHN THE BAPTIST),"John the Baptist; possible attributes: book, reed cross, baptismal cup, honeycomb, lamb, staff.",john-the-baptist-possible-attributes-book-reed-cross-baptismal-cup-honeycomb-lamb-staff,11H(JOHN THE BAPTIST)
J9YJ78QT,11H(LOUIS OF TOULOUSE),"Louis of Anjou, son of the king of Naples, Franciscan friar, and bishop of Toulouse; possible attributes: fleur-de-lis on his cope, crown and sceptre.",louis-of-anjou-son-of-the-king-of-naples-franciscan-friar-and-bishop-of-toulouse-possible-attributes-fleur-de-lis-on-his-cope-crown-and-sceptre,11H(LOUIS OF TOULOUSE)
RBWHALLR,61B2(JEAN DE BERRY),historical person (with NAME),historical-person-with-name,61B2(JEAN DE BERRY)
V5D9VYAI,aat|accordion-books,accordion books.,accordion-books,""
EAUFLCRR,aat|acrylic-sheet,Acrylic sheet.,acrylic-sheet,""
FVQBG6U3,aat|alphabet-books,Alphabet books.,alphabet-books,""
K7GHAUBW,aat|alphabet-books,Alphabet books.,alphabet-books,""
J9YBYUXJ,aat|altered-books,Altered books.,altered-books,""
SBKMT5VL,aat|anaglyphs,Anaglyphs.,anaglyphs,""
6FI2H34X,aat|anthologies,anthologies.,anthologies,""
GRLL2CQH,aat|anthologies,anthologies.,anthologies,""
XVR7S8LF,aat|appropriation-art,Appropriation art.,appropriation-art,""
YYJGGDBK,aat|aquatints,Aquatints,aquatints,""
44PFSGMD,aat|aritsts-books,Aritsts' books.,aritsts-books,""
7QFPK6SR,aat|art-photography,art photography,art-photography,""
HFLPMJ4J,aat|art-photography,art photography,art-photography,""
JMR6BK7A,aat|art-photography,art photography.,art-photography,""
NZPXJA96,aat|artificial-fur,Artificial fur.,artificial-fur,""
W68E2MQ6,aat|artist-s-books,Artist's books.,artist-s-books,""
SDZACH49,aat|artist-s-books-books,Artist's books (books),artist-s-books-books,""
22U46YLK,aat|artists-books,Artists' books,artists-books,""
26PVTKVK,aat|artists-books,Artists' books,artists-books,""
28P5WPMT,aat|artists-books,Artists' books,artists-books,""
29KG6MMT,aat|artists-books,Artists' books,artists-books,""
29ZVAC84,aat|artists-books,Artists' books,artists-books,""
2BLLNIMT,aat|artists-books,Artists' books,artists-books,""
2BP356WM,aat|artists-books,Artists' books,artists-books,""
2ENWA6EJ,aat|artists-books,Artists' books,artists-books,""
2H2URYJ6,aat|artists-books,Artists' books,artists-books,""
2NNXIKGM,aat|artists-books,Artists' books,artists-books,""
2NQRHNJX,aat|artists-books,Artists' books,artists-books,""
2P2UMVUV,aat|artists-books,Artists' books,artists-books,""
2QJKZMCQ,aat|artists-books,Artists' books,artists-books,""
2VBTBMQC,aat|artists-books,Artists' books,artists-books,""
2VXGS3UR,aat|artists-books,Artists' books,artists-books,""
2Y35KSLA,aat|artists-books,Artists' books,artists-books,""
2YA3G5YL,aat|artists-books,Artists' books,artists-books,""
33I2B5ZV,aat|artists-books,Artists' books,artists-books,""
34H7IGLC,aat|artists-books,Artists' books,artists-books,""
362SGIWS,aat|artists-books,Artists' books,artists-books,""
36L9U8FD,aat|artists-books,Artists' books,artists-books,""
39TIRNQS,aat|artists-books,Artists' books,artists-books,""
3EUDLITW,aat|artists-books,Artists' books,artists-books,""
3FISXHB4,aat|artists-books,Artists' books,artists-books,""
3GILYV58,aat|artists-books,Artists' books,artists-books,""
3H7BAK5Z,aat|artists-books,Artists' books,artists-books,""
3IUWW6TC,aat|artists-books,Artists' books,artists-books,""
3JFV2IWW,aat|artists-books,Artists' books,artists-books,""
3L6WBFBS,aat|artists-books,Artists' books,artists-books,""
3M4UQQAR,aat|artists-books,Artists' books,artists-books,""
3NS9CRRF,aat|artists-books,Artists' books,artists-books,""
3TT2EUN8,aat|artists-books,Artists' books,artists-books,""
3UCYIETK,aat|artists-books,Artists' books,artists-books,""
3UV4W5LW,aat|artists-books,Artists' books,artists-books,""
3VAD4XAI,aat|artists-books,Artists' books,artists-books,""
3W4Q5CKA,aat|artists-books,Artists' books,artists-books,""
3YUM6XP4,aat|artists-books,Artists' books,artists-books,""
3YWSDBDC,aat|artists-books,Artists' books,artists-books,""
3Z5G7U57,aat|artists-books,Artists' books,artists-books,""
3ZTSKZSF,aat|artists-books,Artists' books,artists-books,""
45TJ7NMV,aat|artists-books,Artists' books,artists-books,""
49E8HU9G,aat|artists-books,Artists' books,artists-books,""
4G6EZZHL,aat|artists-books,Artists' books,artists-books,""
4K293S9R,aat|artists-books,Artists' books,artists-books,""
4KDT2ELJ,aat|artists-books,Artists' books,artists-books,""
4L2HJ4W6,aat|artists-books,Artists' books,artists-books,""
4N6C5WXA,aat|artists-books,Artists' books,artists-books,""
4P47UQ6F,aat|artists-books,Artists' books,artists-books,""
4Q53JPKL,aat|artists-books,Artists' books,artists-books,""
4QV9GGQE,aat|artists-books,Artists' books,artists-books,""
4W3IT9A6,aat|artists-books,Artists' books,artists-books,""
4YZ6WGNZ,aat|artists-books,Artists' books,artists-books,""
5423QTSX,aat|artists-books,Artists' books,artists-books,""
55QYBT5J,aat|artists-books,Artists' books,artists-books,""
58JI643F,aat|artists-books,Artists' books,artists-books,""
59J5L9NE,aat|artists-books,Artists' books,artists-books,""
5ABYI5ZW,aat|artists-books,Artists' books,artists-books,""
5BZQC5GD,aat|artists-books,Artists' books,artists-books,""
5DYZ3ITJ,aat|artists-books,Artists' books,artists-books,""
5E9LEQ3X,aat|artists-books,Artists' books,artists-books,""
5EFHI9IS,aat|artists-books,Artists' books,artists-books,""
5FVEWQMI,aat|artists-books,Artists' books,artists-books,""
5HFDXU7X,aat|artists-books,Artists' books,artists-books,""
5I5W6S2K,aat|artists-books,Artists' books,artists-books,""
5I97II59,aat|artists-books,Artists' books,artists-books,""
5IK8NUM7,aat|artists-books,Artists' books,artists-books,""
5NZA8QB3,aat|artists-books,Artists' books,artists-books,""
5QIPTAZI,aat|artists-books,Artists' books,artists-books,""
5VX6YG5S,aat|artists-books,Artists' books,artists-books,""
5WR8MAW3,aat|artists-books,Artists' books,artists-books,""
5XF3JJTV,aat|artists-books,Artists' books,artists-books,""
5YQD6GFR,aat|artists-books,Artists' books,artists-books,""
63H56EGP,aat|artists-books,Artists' books,artists-books,""
65JR4FEY,aat|artists-books,Artists' books,artists-books,""
6623PGCF,aat|artists-books,Artists' books,artists-books,""
67BP24D5,aat|artists-books,Artists' books,artists-books,""
67VQLNGA,aat|artists-books,Artists' books,artists-books,""
6AK5GUMA,aat|artists-books,Artists' books,artists-books,""
6C8MQ32A,aat|artists-books,Artists' books,artists-books,""
6D84YD2R,aat|artists-books,Artists' books,artists-books,""
6E5YK4L7,aat|artists-books,Artists' books,artists-books,""
6ERLW4N9,aat|artists-books,Artists' books,artists-books,""
6FI2H34X,aat|artists-books,Artists' books,artists-books,""
6FVECHH3,aat|artists-books,Artists' books,artists-books,""
6GIU7ZCN,aat|artists-books,Artists' books,artists-books,""
6JZF9ZJT,aat|artists-books,Artists' books,artists-books,""
6NE9VNG2,aat|artists-books,Artists' books,artists-books,""
6RUBH3EK,aat|artists-books,Artists' books,artists-books,""
6URSCUMC,aat|artists-books,Artists' books,artists-books,""
6ZCUXGRX,aat|artists-books,Artists' books,artists-books,""
6ZXT7ZYT,aat|artists-books,Artists' books,artists-books,""
72HQSI8H,aat|artists-books,Artists' books,artists-books,""
75ZHBWKS,aat|artists-books,Artists' books,artists-books,""
764HWXKE,aat|artists-books,Artists' books,artists-books,""
76AZIVZK,aat|artists-books,Artists' books,artists-books,""
76WYVIK4,aat|artists-books,Artists' books,artists-books,""
77Z6FFWK,aat|artists-books,Artists' books,artists-books,""
78T7R45E,aat|artists-books,Artists' books,artists-books,""
79Q78MH2,aat|artists-books,Artists' books,artists-books,""
7AQSL8XR,aat|artists-books,Artists' books,artists-books,""
7D3NS4DM,aat|artists-books,Artists' books,artists-books,""
7HN7LS2X,aat|artists-books,Artists' books,artists-books,""
7JAIH2G9,aat|artists-books,Artists' books,artists-books,""
7KA43XWJ,aat|artists-books,Artists' books,artists-books,""
7KM6SGYW,aat|artists-books,Artists' books,artists-books,""
7KYR8PG3,aat|artists-books,Artists' books,artists-books,""
7M6J2ZLN,aat|artists-books,Artists' books,artists-books,""
7MYPX4LT,aat|artists-books,Artists' books,artists-books,""
7TMNFZSC,aat|artists-books,Artists' books,artists-books,""
82UPX3LL,aat|artists-books,Artists' books,artists-books,""
85WYHSNW,aat|artists-books,Artists' books,artists-books,""
899EJGA7,aat|artists-books,Artists' books,artists-books,""
8BJEAXFW,aat|artists-books,Artists' books,artists-books,""
8CT2FKEJ,aat|artists-books,Artists' books,artists-books,""
8DVC5A6Q,aat|artists-books,Artists' books,artists-books,""
8FDAYLCA,aat|artists-books,Artists' books,artists-books,""
8FGBUBMZ,aat|artists-books,Artists' books,artists-books,""
8GLWIV42,aat|artists-books,Artists' books,artists-books,""
8J8TMSWE,aat|artists-books,Artists' books,artists-books,""
8LTS47VX,aat|artists-books,Artists' books,artists-books,""
8MJ58KV3,aat|artists-books,Artists' books,artists-books,""
8ML27UFT,aat|artists-books,Artists' books,artists-books,""
8Q998LGN,aat|artists-books,Artists' books,artists-books,""
8S35MRGV,aat|artists-books,Artists' books,artists-books,""
8XUGVCE4,aat|artists-books,Artists' books,artists-books,""
97Z5C746,aat|artists-books,Artists' books,artists-books,""
98NFNKRF,aat|artists-books,Artists' books,artists-books,""
99UE4SYR,aat|artists-books,Artists' books,artists-books,""
9AX74Q5J,aat|artists-books,Artists' books,artists-books,""
9CCJAJ79,aat|artists-books,Artists' books,artists-books,""
9D7W9RWT,aat|artists-books,Artists' books,artists-books,""
9EIWNSQD,aat|artists-books,Artists' books,artists-books,""
9LVVE3M5,aat|artists-books,Artists' books,artists-books,""
9MIGMLSA,aat|artists-books,Artists' books,artists-books,""
9P8X23CG,aat|artists-books,Artists' books,artists-books,""
9PNMS3SC,aat|artists-books,Artists' books,artists-books,""
9T2KVEBT,aat|artists-books,Artists' books,artists-books,""
9T86X8ZK,aat|artists-books,Artists' books,artists-books,""
9U7CYKTK,aat|artists-books,Artists' books,artists-books,""
9W3W6D9X,aat|artists-books,Artists' books,artists-books,""
A2874UHI,aat|artists-books,Artists' books,artists-books,""
A47C4CFB,aat|artists-books,Artists' books,artists-books,""
A4PS9HGE,aat|artists-books,Artists' books,artists-books,""
A5MSTQL2,aat|artists-books,Artists' books,artists-books,""
A8NXS3JP,aat|artists-books,Artists' books,artists-books,""
AA8LRMZR,aat|artists-books,Artists' books,artists-books,""
AASGMYPQ,aat|artists-books,Artists' books,artists-books,""
ABQIU49A,aat|artists-books,Artists' books,artists-books,""
ACJ9FWN5,aat|artists-books,Artists' books,artists-books,""
ADV6C6SD,aat|artists-books,Artists' books,artists-books,""
AEE6D88I,aat|artists-books,Artists' books,artists-books,""
AEXFBRM8,aat|artists-books,Artists' books,artists-books,""
AFJWP6VB,aat|artists-books,Artists' books,artists-books,""
AIB5DB6I,aat|artists-books,Artists' books,artists-books,""
AJKWNAID,aat|artists-books,Artists' books,artists-books,""
AJX27WRK,aat|artists-books,Artists' books,artists-books,""
ALPVVS5L,aat|artists-books,Artists' books,artists-books,""
AQHNKS5N,aat|artists-books,Artists' books,artists-books,""
ATI5YFJE,aat|artists-books,Artists' books,artists-books,""
ATJYGDZU,aat|artists-books,Artists' books,artists-books,""
AUEAX8QA,aat|artists-books,Artists' books,artists-books,""
AXIHLZ45,aat|artists-books,Artists' books,artists-books,""
AYMAGKH9,aat|artists-books,Artists' books,artists-books,""
B6X7LRNI,aat|artists-books,Artists' books,artists-books,""
B7PF2NX4,aat|artists-books,Artists' books,artists-books,""
B8IGHQEX,aat|artists-books,Artists' books,artists-books,""
BDISHKFN,aat|artists-books,Artists' books,artists-books,""
BE3AVZWS,aat|artists-books,Artists' books,artists-books,""
BFE3VQ2A,aat|artists-books,Artists' books,artists-books,""
BKNKAM6P,aat|artists-books,Artists' books,artists-books,""
BP5NT994,aat|artists-books,Artists' books,artists-books,""
BUJYI6D3,aat|artists-books,Artists' books,artists-books,""
BVGTS6XH,aat|artists-books,Artists' books,artists-books,""
BVL87H7M,aat|artists-books,Artists' books,artists-books,""
BXA5D55E,aat|artists-books,Artists' books,artists-books,""
BYB9L9A9,aat|artists-books,Artists' books,artists-books,""
BZ9H6GVH,aat|artists-books,Artists' books,artists-books,""
C245HHFB,aat|artists-books,Artists' books,artists-books,""
C3FCXY6P,aat|artists-books,Artists' books,artists-books,""
CA68JWRX,aat|artists-books,Artists' books,artists-books,""
CDK8XBJN,aat|artists-books,Artists' books,artists-books,""
CHWHHT3P,aat|artists-books,Artists' books,artists-books,""
CJ9PKNZL,aat|artists-books,Artists' books,artists-books,""
CJRPPDU4,aat|artists-books,Artists' books,artists-books,""
CKKJNPM2,aat|artists-books,Artists' books,artists-books,""
CKMLV7IR,aat|artists-books,Artists' books,artists-books,""
CLH4MRT7,aat|artists-books,Artists' books,artists-books,""
CLM8FGM9,aat|artists-books,Artists' books,artists-books,""
CVYEXKC5,aat|artists-books,Artists' books,artists-books,""
CXR8LHZQ,aat|artists-books,Artists' books,artists-books,""
CYG9NRGU,aat|artists-books,Artists' books,artists-books,""
D8E5IGFK,aat|artists-books,Artists' books,artists-books,""
D94AQJRQ,aat|artists-books,Artists' books,artists-books,""
DADVGPJY,aat|artists-books,Artists' books,artists-books,""
DAZFVJT8,aat|artists-books,Artists' books,artists-books,""
DDR8I9X5,aat|artists-books,Artists' books,artists-books,""
DFTN5CQT,aat|artists-books,Artists' books,artists-books,""
DM9H7S47,aat|artists-books,Artists' books,artists-books,""
DPFKVZRZ,aat|artists-books,Artists' books,artists-books,""
DUJ3Z6SX,aat|artists-books,Artists' books,artists-books,""
DWWFP7I9,aat|artists-books,Artists' books,artists-books,""
E2SULDLS,aat|artists-books,Artists' books,artists-books,""
E44G4CNS,aat|artists-books,Artists' books,artists-books,""
EF4HVTT7,aat|artists-books,Artists' books,artists-books,""
EMTAQHCN,aat|artists-books,Artists' books,artists-books,""
EMXMJ4D6,aat|artists-books,Artists' books,artists-books,""
ENBFWT6P,aat|artists-books,Artists' books,artists-books,""
EPJIZL8T,aat|artists-books,Artists' books,artists-books,""
EPKK4XTP,aat|artists-books,Artists' books,artists-books,""
ERPK2NVX,aat|artists-books,Artists' books,artists-books,""
ETLZNVHH,aat|artists-books,Artists' books,artists-books,""
EUIGSQU8,aat|artists-books,Artists' books,artists-books,""
EUTF7P9M,aat|artists-books,Artists' books,artists-books,""
EV2L8RWJ,aat|artists-books,Artists' books,artists-books,""
EVX2HHQS,aat|artists-books,Artists' books,artists-books,""
EWQYELH9,aat|artists-books,Artists' books,artists-books,""
F2NAP4VF,aat|artists-books,Artists' books,artists-books,""
F2SBQM49,aat|artists-books,Artists' books,artists-books,""
F35VD4FQ,aat|artists-books,Artists' books,artists-books,""
F75JSX4W,aat|artists-books,Artists' books,artists-books,""
F7LVSB4F,aat|artists-books,Artists' books,artists-books,""
FAEMIDYN,aat|artists-books,Artists' books,artists-books,""
FATNK2L9,aat|artists-books,Artists' books,artists-books,""
FBIIFUYX,aat|artists-books,Artists' books,artists-books,""
FCQ6HFZP,aat|artists-books,Artists' books,artists-books,""
FGGUZXQN,aat|artists-books,Artists' books,artists-books,""
FHSNTJ6G,aat|artists-books,Artists' books,artists-books,""
FI39J8BX,aat|artists-books,Artists' books,artists-books,""
FIKW97LF,aat|artists-books,Artists' books,artists-books,""
FP3HI986,aat|artists-books,Artists' books,artists-books,""
FPPH4M2T,aat|artists-books,Artists' books,artists-books,""
FPYDYWT4,aat|artists-books,Artists' books,artists-books,""
FTXHVP8P,aat|artists-books,Artists' books,artists-books,""
FVQBG6U3,aat|artists-books,Artists' books,artists-books,""
FVY24QBQ,aat|artists-books,Artists' books,artists-books,""
FX6TL2JZ,aat|artists-books,Artists' books,artists-books,""
G6WZP5IX,aat|artists-books,Artists' books,artists-books,""
G7CL4456,aat|artists-books,Artists' books,artists-books,""
GCA3QJ2N,aat|artists-books,Artists' books,artists-books,""
GDDQJNXG,aat|artists-books,Artists' books,artists-books,""
GESNL9BM,aat|artists-books,Artists' books,artists-books,""
GHU5P99G,aat|artists-books,Artists' books,artists-books,""
GNGHJP5M,aat|artists-books,Artists' books,artists-books,""
GQ8AUDTE,aat|artists-books,Artists' books,artists-books,""
GRLL2CQH,aat|artists-books,Artists' books,artists-books,""
GTSUGCHT,aat|artists-books,Artists' books,artists-books,""
GX7TE7QR,aat|artists-books,Artists' books,artists-books,""
H2MWWJD4,aat|artists-books,Artists' books,artists-books,""
H5CHKYJ5,aat|artists-books,Artists' books,artists-books,""
H6T9P6DT,aat|artists-books,Artists' books,artists-books,""
H798BFEN,aat|artists-books,Artists' books,artists-books,""
H8WE9R2A,aat|artists-books,Artists' books,artists-books,""
HBEYU7U4,aat|artists-books,Artists' books,artists-books,""
HCXXUQZ4,aat|artists-books,Artists' books,artists-books,""
HDIEHQ4U,aat|artists-books,Artists' books,artists-books,""
HHXPLS4X,aat|artists-books,Artists' books,artists-books,""
HJQ3F4WZ,aat|artists-books,Artists' books,artists-books,""
HLPJLC8P,aat|artists-books,Artists' books,artists-books,""
HLVPAIPF,aat|artists-books,Artists' books,artists-books,""
HNT93X23,aat|artists-books,Artists' books,artists-books,""
HPLVGBHW,aat|artists-books,Artists' books,artists-books,""
HT5CHBGB,aat|artists-books,Artists' books,artists-books,""
HTC6HH4D,aat|artists-books,Artists' books,artists-books,""
HV43XQPV,aat|artists-books,Artists' books,artists-books,""
HXWN6YG4,aat|artists-books,Artists' books,artists-books,""
HY7RZF6P,aat|artists-books,Artists' books,artists-books,""
HYLUVTGK,aat|artists-books,Artists' books,artists-books,""
I8334GH8,aat|artists-books,Artists' books,artists-books,""
I8TPMZS8,aat|artists-books,Artists' books,artists-books,""
I8YNPZ8K,aat|artists-books,Artists' books,artists-books,""
I9289P34,aat|artists-books,Artists' books,artists-books,""
IBESPZ3V,aat|artists-books,Artists' books,artists-books,""
ID9Q4CAI,aat|artists-books,Artists' books,artists-books,""
IIHEMH44,aat|artists-books,Artists' books,artists-books,""
IIKATLCQ,aat|artists-books,Artists' books,artists-books,""
IJ4CVMDZ,aat|artists-books,Artists' books,artists-books,""
IKJRRBV3,aat|artists-books,Artists' books,artists-books,""
ILZYFMLT,aat|artists-books,Artists' books,artists-books,""
IMFUJCFS,aat|artists-books,Artists' books,artists-books,""
INC4AREQ,aat|artists-books,Artists' books,artists-books,""
INCC7P5Y,aat|artists-books,Artists' books,artists-books,""
IQX38QPN,aat|artists-books,Artists' books,artists-books,""
IW8X82ML,aat|artists-books,Artists' books,artists-books,""
IZ7AHHIU,aat|artists-books,Artists' books,artists-books,""
J494U7ER,aat|artists-books,Artists' books,artists-books,""
J4BS2NGP,aat|artists-books,Artists' books,artists-books,""
J79GJD6N,aat|artists-books,Artists' books,artists-books,""
J7TWGZ79,aat|artists-books,Artists' books,artists-books,""
J9YBYUXJ,aat|artists-books,Artists' books,artists-books,""
JAX7836V,aat|artists-books,Artists' books,artists-books,""
JIPN9TJY,aat|artists-books,Artists' books,artists-books,""
JMHWMTX9,aat|artists-books,Artists' books,artists-books,""
JNW2B4VT,aat|artists-books,Artists' books,artists-books,""
JQQMEHLQ,aat|artists-books,Artists' books,artists-books,""
JS37H7WP,aat|artists-books,Artists' books,artists-books,""
JUJWGGXF,aat|artists-books,Artists' books,artists-books,""
JVWQQTFL,aat|artists-books,Artists' books,artists-books,""
JYU83EKE,aat|artists-books,Artists' books,artists-books,""
K3VCW8ZS,aat|artists-books,Artists' books,artists-books,""
K6R2SZ3N,aat|artists-books,Artists' books,artists-books,""
K7GHAUBW,aat|artists-books,Artists' books,artists-books,""
K9SNIQQI,aat|artists-books,Artists' books,artists-books,""
KB2L9QMS,aat|artists-books,Artists' books,artists-books,""
KCII6H5B,aat|artists-books,Artists' books,artists-books,""
KCRVWQIN,aat|artists-books,Artists' books,artists-books,""
KD8YZCZ4,aat|artists-books,Artists' books,artists-books,""
KENLP8J9,aat|artists-books,Artists' books,artists-books,""
KHN2GUMR,aat|artists-books,Artists' books,artists-books,""
KKWNDI4R,aat|artists-books,Artists' books,artists-books,""
KRC6KPJK,aat|artists-books,Artists' books,artists-books,""
KTF2ERFV,aat|artists-books,Artists' books,artists-books,""
KV24YD4C,aat|artists-books,Artists' books,artists-books,""
KV48BUE6,aat|artists-books,Artists' books,artists-books,""
KVR4J5DQ,aat|artists-books,Artists' books,artists-books,""
KXUXPWAM,aat|artists-books,Artists' books,artists-books,""
KY38G7MD,aat|artists-books,Artists' books,artists-books,""
KZ8SIE8W,aat|artists-books,Artists' books,artists-books,""
L27RMSKV,aat|artists-books,Artists' books,artists-books,""
L5E9I4UG,aat|artists-books,Artists' books,artists-books,""
L5F9FTKM,aat|artists-books,Artists' books,artists-books,""
L6JD2FTD,aat|artists-books,Artists' books,artists-books,""
L7Q8GSWS,aat|artists-books,Artists' books,artists-books,""
L8S2ARHQ,aat|artists-books,Artists' books,artists-books,""
LBNCAX3F,aat|artists-books,Artists' books,artists-books,""
LDF2F4QN,aat|artists-books,Artists' books,artists-books,""
LLL5IU6C,aat|artists-books,Artists' books,artists-books,""
LLSYAXRN,aat|artists-books,Artists' books,artists-books,""
LUDSTNHP,aat|artists-books,Artists' books,artists-books,""
LW4MLJLZ,aat|artists-books,Artists' books,artists-books,""
LW6HIHS8,aat|artists-books,Artists' books,artists-books,""
LWLLF8IU,aat|artists-books,Artists' books,artists-books,""
LYGLEVC7,aat|artists-books,Artists' books,artists-books,""
M8KZS6UA,aat|artists-books,Artists' books,artists-books,""
M9Q65HGA,aat|artists-books,Artists' books,artists-books,""
M9Y37IVH,aat|artists-books,Artists' books,artists-books,""
MEZNU9F9,aat|artists-books,Artists' books,artists-books,""
MIHP4NE4,aat|artists-books,Artists' books,artists-books,""
MIS8VZ7H,aat|artists-books,Artists' books,artists-books,""
MIS9QPFF,aat|artists-books,Artists' books,artists-books,""
MK9Y8LXF,aat|artists-books,Artists' books,artists-books,""
MPUHE59H,aat|artists-books,Artists' books,artists-books,""
MPURLHEX,aat|artists-books,Artists' books,artists-books,""
MSEWSUHI,aat|artists-books,Artists' books,artists-books,""
MSXH42EF,aat|artists-books,Artists' books,artists-books,""
MUY36VJ4,aat|artists-books,Artists' books,artists-books,""
MZ7WHRK2,aat|artists-books,Artists' books,artists-books,""
N2WYEHHC,aat|artists-books,Artists' books,artists-books,""
N55VXDA9,aat|artists-books,Artists' books,artists-books,""
N6GXBQRX,aat|artists-books,Artists' books,artists-books,""
N8W599FY,aat|artists-books,Artists' books,artists-books,""
N8YKNEXG,aat|artists-books,Artists' books,artists-books,""
NCXQK5MU,aat|artists-books,Artists' books,artists-books,""
NJRV3VWI,aat|artists-books,Artists' books,artists-books,""
NKALKM6J,aat|artists-books,Artists' books,artists-books,""
NLTARX7L,aat|artists-books,Artists' books,artists-books,""
NQJK49ZD,aat|artists-books,Artists' books,artists-books,""
NRRIEYUP,aat|artists-books,Artists' books,artists-books,""
NSN2I3AP,aat|artists-books,Artists' books,artists-books,""
NTHJPU5I,aat|artists-books,Artists' books,artists-books,""
NTQAC5RS,aat|artists-books,Artists' books,artists-books,""
NVMPUXVJ,aat|artists-books,Artists' books,artists-books,""
NXSP7TFV,aat|artists-books,Artists' books,artists-books,""
NXTMARRB,aat|artists-books,Artists' books,artists-books,""
NYGAJIVD,aat|artists-books,Artists' books,artists-books,""
P2JLV8BP,aat|artists-books,Artists' books,artists-books,""
P2SRWWKB,aat|artists-books,Artists' books,artists-books,""
P3PSZ4QG,aat|artists-books,Artists' books,artists-books,""
P4JV7LGI,aat|artists-books,Artists' books,artists-books,""
P6962YCI,aat|artists-books,Artists' books,artists-books,""
PAP8AXUC,aat|artists-books,Artists' books,artists-books,""
PDMEBM4E,aat|artists-books,Artists' books,artists-books,""
PDZJHFWG,aat|artists-books,Artists' books,artists-books,""
PEHZH8IQ,aat|artists-books,Artists' books,artists-books,""
PEJQEZYH,aat|artists-books,Artists' books,artists-books,""
PHDRZZGQ,aat|artists-books,Artists' books,artists-books,""
PHSHQ5B9,aat|artists-books,Artists' books,artists-books,""
PR53U4VL,aat|artists-books,Artists' books,artists-books,""
PU97S6RI,aat|artists-books,Artists' books,artists-books,""
PUY4MAHQ,aat|artists-books,Artists' books,artists-books,""
Q4DTJNC4,aat|artists-books,Artists' books,artists-books,""
Q4YMTZMR,aat|artists-books,Artists' books,artists-books,""
Q5WRTD4G,aat|artists-books,Artists' books,artists-books,""
Q7N669PU,aat|artists-books,Artists' books,artists-books,""
Q7R86D9Y,aat|artists-books,Artists' books,artists-books,""
Q9NU7DFY,aat|artists-books,Artists' books,artists-books,""
QCAVS6IH,aat|artists-books,Artists' books,artists-books,""
QEMBYT6G,aat|artists-books,Artists' books,artists-books,""
QHDTNUI2,aat|artists-books,Artists' books,artists-books,""
QIVMDASD,aat|artists-books,Artists' books,artists-books,""
QJWKBPHK,aat|artists-books,Artists' books,artists-books,""
QRNFT6A6,aat|artists-books,Artists' books,artists-books,""
QS8S6MFC,aat|artists-books,Artists' books,artists-books,""
QU97Y6MJ,aat|artists-books,Artists' books,artists-books,""
QVJVG4QD,aat|artists-books,Artists' books,artists-books,""
QWY3K85M,aat|artists-books,Artists' books,artists-books,""
QX7CAXPP,aat|artists-books,Artists' books,artists-books,""
QZQ47FQ8,aat|artists-books,Artists' books,artists-books,""
R2WQLN92,aat|artists-books,Artists' books,artists-books,""
R3MU733M,aat|artists-books,Artists' books,artists-books,""
RATDCYUJ,aat|artists-books,Artists' books,artists-books,""
RCBAIUEP,aat|artists-books,Artists' books,artists-books,""
RGEICMUV,aat|artists-books,Artists' books,artists-books,""
RKTTFVT5,aat|artists-books,Artists' books,artists-books,""
RM5DW4YC,aat|artists-books,Artists' books,artists-books,""
RR4H3537,aat|artists-books,Artists' books,artists-books,""
RRG8EEGI,aat|artists-books,Artists' books,artists-books,""
RT48TZ9P,aat|artists-books,Artists' books,artists-books,""
RX92U4ZX,aat|artists-books,Artists' books,artists-books,""
RZ7KK7G5,aat|artists-books,Artists' books,artists-books,""
S3NXTI4K,aat|artists-books,Artists' books,artists-books,""
S8SMIKI2,aat|artists-books,Artists' books,artists-books,""
S9PH4YFI,aat|artists-books,Artists' books,artists-books,""
SAMPYAPL,aat|artists-books,Artists' books,artists-books,""
SAW274AQ,aat|artists-books,Artists' books,artists-books,""
SBP6PHZY,aat|artists-books,Artists' books,artists-books,""
SCL9IX7N,aat|artists-books,Artists' books,artists-books,""
SCPR5FJZ,aat|artists-books,Artists' books,artists-books,""
SENJQS68,aat|artists-books,Artists' books,artists-books,""
SF9U8DZF,aat|artists-books,Artists' books,artists-books,""
SLZC2JH4,aat|artists-books,Artists' books,artists-books,""
SN9KUP3M,aat|artists-books,Artists' books,artists-books,""
SRJKQGDM,aat|artists-books,Artists' books,artists-books,""
SWLQXFBS,aat|artists-books,Artists' books,artists-books,""
SXPXEUSZ,aat|artists-books,Artists' books,artists-books,""
SZ4EXQ3T,aat|artists-books,Artists' books,artists-books,""
SZVBBD93,aat|artists-books,Artists' books,artists-books,""
T6G4I8SQ,aat|artists-books,Artists' books,artists-books,""
T77RRJNU,aat|artists-books,Artists' books,artists-books,""
T89ZTM5T,aat|artists-books,Artists' books,artists-books,""
T9D679FI,aat|artists-books,Artists' books,artists-books,""
T9U7H4BM,aat|artists-books,Artists' books,artists-books,""
TBRVECDP,aat|artists-books,Artists' books,artists-books,""
TCAGCTP4,aat|artists-books,Artists' books,artists-books,""
TCDGVLKK,aat|artists-books,Artists' books,artists-books,""
TCJTY2DI,aat|artists-books,Artists' books,artists-books,""
TCSBHFNT,aat|artists-books,Artists' books,artists-books,""
TCW9K8YZ,aat|artists-books,Artists' books,artists-books,""
TH3YPZMM,aat|artists-books,Artists' books,artists-books,""
TI73AC87,aat|artists-books,Artists' books,artists-books,""
TP3UDRTQ,aat|artists-books,Artists' books,artists-books,""
TS8JTBYB,aat|artists-books,Artists' books,artists-books,""
TSFSKLHK,aat|artists-books,Artists' books,artists-books,""
TSJWUH8T,aat|artists-books,Artists' books,artists-books,""
TU4SKP2B,aat|artists-books,Artists' books,artists-books,""
TUKEILEN,aat|artists-books,Artists' books,artists-books,""
TXFACQVC,aat|artists-books,Artists' books,artists-books,""
U62AQLRT,aat|artists-books,Artists' books,artists-books,""
U8H5KHSQ,aat|artists-books,Artists' books,artists-books,""
U9JV6946,aat|artists-books,Artists' books,artists-books,""
UBTRU2EB,aat|artists-books,Artists' books,artists-books,""
UBUK5JD3,aat|artists-books,Artists' books,artists-books,""
UJ9A4TC4,aat|artists-books,Artists' books,artists-books,""
UK6SS6B5,aat|artists-books,Artists' books,artists-books,""
UMF5PZDK,aat|artists-books,Artists' books,artists-books,""
UMWZAH7W,aat|artists-books,Artists' books,artists-books,""
UUEKJMFZ,aat|artists-books,Artists' books,artists-books,""
UXYP78PP,aat|artists-books,Artists' books,artists-books,""
UYNMMAWR,aat|artists-books,Artists' books,artists-books,""
UZ82U74S,aat|artists-books,Artists' books,artists-books,""
V2VLDIKN,aat|artists-books,Artists' books,artists-books,""
V5YC2HJJ,aat|artists-books,Artists' books,artists-books,""
V6NWH3N8,aat|artists-books,Artists' books,artists-books,""
V75RSMAP,aat|artists-books,Artists' books,artists-books,""
V9VZBIKY,aat|artists-books,Artists' books,artists-books,""
VGI87Z3X,aat|artists-books,Artists' books,artists-books,""
VHLMSW6E,aat|artists-books,Artists' books,artists-books,""
VLHQY6G7,aat|artists-books,Artists' books,artists-books,""
VQ8V529S,aat|artists-books,Artists' books,artists-books,""
VQD6VIF2,aat|artists-books,Artists' books,artists-books,""
VQJZ8ESR,aat|artists-books,Artists' books,artists-books,""
VX2ZKSDD,aat|artists-books,Artists' books,artists-books,""
VZM5HJBU,aat|artists-books,Artists' books,artists-books,""
W37WKD4Q,aat|artists-books,Artists' books,artists-books,""
W9VY5GWF,aat|artists-books,Artists' books,artists-books,""
WB2KSM29,aat|artists-books,Artists' books,artists-books,""
WEU83JT8,aat|artists-books,Artists' books,artists-books,""
WF6M9Q5I,aat|artists-books,Artists' books,artists-books,""
WFKF9VNS,aat|artists-books,Artists' books,artists-books,""
WGXCFWP6,aat|artists-books,Artists' books,artists-books,""
WLYAPZYC,aat|artists-books,Artists' books,artists-books,""
WMEZJFI7,aat|artists-books,Artists' books,artists-books,""
WMM9ND5Q,aat|artists-books,Artists' books,artists-books,""
WSFMD8E6,aat|artists-books,Artists' books,artists-books,""
WSRXHGL8,aat|artists-books,Artists' books,artists-books,""
WV2NPRJ9,aat|artists-books,Artists' books,artists-books,""
WZ5PZXTA,aat|artists-books,Artists' books,artists-books,""
X235VHKL,aat|artists-books,Artists' books,artists-books,""
X492IQGW,aat|artists-books,Artists' books,artists-books,""
X4UAGICF,aat|artists-books,Artists' books,artists-books,""
X76998PU,aat|artists-books,Artists' books,artists-books,""
X79Y6CEN,aat|artists-books,Artists' books,artists-books,""
X8SJ48HW,aat|artists-books,Artists' books,artists-books,""
XCGF7LKL,aat|artists-books,Artists' books,artists-books,""
XENNDQJE,aat|artists-books,Artists' books,artists-books,""
XHRHYYPM,aat|artists-books,Artists' books,artists-books,""
XHXX6CGR,aat|artists-books,Artists' books,artists-books,""
XJSFRU53,aat|artists-books,Artists' books,artists-books,""
XMYMVX9Q,aat|artists-books,Artists' books,artists-books,""
XSD9YGVS,aat|artists-books,Artists' books,artists-books,""
XUUTZVAB,aat|artists-books,Artists' books,artists-books,""
XV84PIPL,aat|artists-books,Artists' books,artists-books,""
XXZ26LDQ,aat|artists-books,Artists' books,artists-books,""
XYFKF42P,aat|artists-books,Artists' books,artists-books,""
Y59M2W5N,aat|artists-books,Artists' books,artists-books,""
Y77Y4X2H,aat|artists-books,Artists' books,artists-books,""
Y85ESYZD,aat|artists-books,Artists' books,artists-books,""
YAMKURNF,aat|artists-books,Artists' books,artists-books,""
YIA6FDSC,aat|artists-books,Artists' books,artists-books,""
YRK6S4NA,aat|artists-books,Artists' books,artists-books,""
YS8Y5ZTG,aat|artists-books,Artists' books,artists-books,""
YT33AE4T,aat|artists-books,Artists' books,artists-books,""
YUJAHMGD,aat|artists-books,Artists' books,artists-books,""
YWPGD3JK,aat|artists-books,Artists' books,artists-books,""
YXEQG82F,aat|artists-books,Artists' books,artists-books,""
YZT3WK8S,aat|artists-books,Artists' books,artists-books,""
Z3MJ45EU,aat|artists-books,Artists' books,artists-books,""
Z6A9KSAS,aat|artists-books,Artists' books,artists-books,""
Z8D2MLVJ,aat|artists-books,Artists' books,artists-books,""
Z8P5SQQB,aat|artists-books,Artists' books,artists-books,""
Z92YBPAT,aat|artists-books,Artists' books,artists-books,""
Z9K2T2M9,aat|artists-books,Artists' books,artists-books,""
ZDWKDQ4J,aat|artists-books,Artists' books,artists-books,""
ZEHZJ85N,aat|artists-books,Artists' books,artists-books,""
ZETRF7US,aat|artists-books,Artists' books,artists-books,""
ZEUFV2QK,aat|artists-books,Artists' books,artists-books,""
ZEWN7VNN,aat|artists-books,Artists' books,artists-books,""
ZK4LKK9L,aat|artists-books,Artists' books,artists-books,""
ZM6FVBLM,aat|artists-books,Artists' books,artists-books,""
ZN9SRJ7H,aat|artists-books,Artists' books,artists-books,""
ZNBT6DW6,aat|artists-books,Artists' books,artists-books,""
ZRY3IRZJ,aat|artists-books,Artists' books,artists-books,""
ZSMXHJPF,aat|artists-books,Artists' books,artists-books,""
ZSZ9V569,aat|artists-books,Artists' books,artists-books,""
ZT2JWCCQ,aat|artists-books,Artists' books,artists-books,""
ZVXYDTW4,aat|artists-books,Artists' books,artists-books,""
ZWLDVTZJ,aat|artists-books,Artists' books,artists-books,""
ZWYZQMFU,aat|artists-books,Artists' books,artists-books,""
ZZG9JDTF,aat|artists-books,Artists' books,artists-books,""
23FTCUNQ,aat|artists-books,Artists' books.,artists-books,""
29NNINTL,aat|artists-books,Artists' books.,artists-books,""
2TIS3LAW,aat|artists-books,Artists' books.,artists-books,""
2XAQ6GZ6,aat|artists-books,Artists' books.,artists-books,""
3A5PUR7L,aat|artists-books,Artists' books.,artists-books,""
3G9J4SNS,aat|artists-books,Artists' books.,artists-books,""
3H5Q8M9X,aat|artists-books,Artists' books.,artists-books,""
3K9HCJJS,aat|artists-books,Artists' books.,artists-books,""
3RQZEM8M,aat|artists-books,Artists' books.,artists-books,""
48GVQEIE,aat|artists-books,Artists' books.,artists-books,""
4DNAN3MB,aat|artists-books,Artists' books.,artists-books,""
4WBKDDEG,aat|artists-books,Artists' books.,artists-books,""
58LVM8RA,aat|artists-books,Artists' books.,artists-books,""
59P7VCAY,aat|artists-books,Artists' books.,artists-books,""
5JDQK4IZ,aat|artists-books,Artists' books.,artists-books,""
5N8HYFKD,aat|artists-books,Artists' books.,artists-books,""
5QEK925H,aat|artists-books,Artists' books.,artists-books,""
5SLCKF46,aat|artists-books,Artists' books.,artists-books,""
5Y6WUCHA,aat|artists-books,Artists' books.,artists-books,""
6CDZZCCF,aat|artists-books,Artists' books.,artists-books,""
7FKAM6BI,aat|artists-books,Artists' books.,artists-books,""
7LM3EFK9,aat|artists-books,Artists' books.,artists-books,""
8DJKBAYK,aat|artists-books,Artists' books.,artists-books,""
8H5SFKC2,aat|artists-books,Artists' books.,artists-books,""
8K8K6MXX,aat|artists-books,Artists' books.,artists-books,""
8UL6PJXM,aat|artists-books,Artists' books.,artists-books,""
8USCYGYM,aat|artists-books,Artists' books.,artists-books,""
8ZG4GMFH,aat|artists-books,Artists' books.,artists-books,""
94HTPAHD,aat|artists-books,Artists' books.,artists-books,""
9E6KW3DX,aat|artists-books,Artists' books.,artists-books,""
9P3N6FU3,aat|artists-books,Artists' books.,artists-books,""
9TZ9LNGU,aat|artists-books,Artists' books.,artists-books,""
A5MS7HWF,aat|artists-books,Artists' books.,artists-books,""
AHDZFDTC,aat|artists-books,Artists' books.,artists-books,""
AMFHQCWJ,aat|artists-books,Artists' books.,artists-books,""
AY7TEAHQ,aat|artists-books,Artists' books.,artists-books,""
B5FJWNVM,aat|artists-books,Artists' books.,artists-books,""
B6MDMU3D,aat|artists-books,Artists' books.,artists-books,""
C7DQK4YI,aat|artists-books,Artists' books.,artists-books,""
C9IIAKDV,aat|artists-books,Artists' books.,artists-books,""
CBMTVMRR,aat|artists-books,Artists' books.,artists-books,""
CCA4RAQ5,aat|artists-books,Artists' books.,artists-books,""
CE3B44RX,aat|artists-books,Artists' books.,artists-books,""
CFC3K2RS,aat|artists-books,Artists' books.,artists-books,""
CHGUNCRG,aat|artists-books,Artists' books.,artists-books,""
CWYL28M2,aat|artists-books,Artists' books.,artists-books,""
CY7DAFR8,aat|artists-books,Artists' books.,artists-books,""
CZNMNCXQ,aat|artists-books,Artists' books.,artists-books,""
DALDMQ2G,aat|artists-books,Artists' books.,artists-books,""
DJV7C4T2,aat|artists-books,Artists' books.,artists-books,""
DLIGTZ97,aat|artists-books,Artists' books.,artists-books,""
DM6K743I,aat|artists-books,Artists' books.,artists-books,""
DWKSZMUN,aat|artists-books,Artists' books.,artists-books,""
DWSXU43U,aat|artists-books,Artists' books.,artists-books,""
E4GV59HB,aat|artists-books,Artists' books.,artists-books,""
E644TPWH,aat|artists-books,Artists' books.,artists-books,""
EK927PPW,aat|artists-books,Artists' books.,artists-books,""
EXGQI7QY,aat|artists-books,Artists' books.,artists-books,""
FBC4R7G2,aat|artists-books,Artists' books.,artists-books,""
FQCFBJB4,aat|artists-books,Artists' books.,artists-books,""
FQEAKIAB,aat|artists-books,Artists' books.,artists-books,""
FXS94FKF,aat|artists-books,Artists' books.,artists-books,""
FY9BSQDZ,aat|artists-books,Artists' books.,artists-books,""
G2A73TXU,aat|artists-books,Artists' books.,artists-books,""
G4J6P8AH,aat|artists-books,Artists' books.,artists-books,""
G7XNCXQT,aat|artists-books,Artists' books.,artists-books,""
GJHUCSAB,aat|artists-books,Artists' books.,artists-books,""
GNT6LD9R,aat|artists-books,Artists' books.,artists-books,""
HFIW8Q4F,aat|artists-books,Artists' books.,artists-books,""
I72RBA6P,aat|artists-books,Artists' books.,artists-books,""
I8ZT27K5,aat|artists-books,Artists' books.,artists-books,""
IEJQJ5JC,aat|artists-books,Artists' books.,artists-books,""
ILT2NCNA,aat|artists-books,Artists' books.,artists-books,""
J7SXFW7F,aat|artists-books,Artists' books.,artists-books,""
JFNJ6GHC,aat|artists-books,Artists' books.,artists-books,""
JSVM8MPI,aat|artists-books,Artists' books.,artists-books,""
JXA2PR6S,aat|artists-books,Artists' books.,artists-books,""
KCYFDXLI,aat|artists-books,Artists' books.,artists-books,""
KEACTTMD,aat|artists-books,Artists' books.,artists-books,""
KJ4YIYDY,aat|artists-books,Artists' books.,artists-books,""
KLVV9LRL,aat|artists-books,Artists' books.,artists-books,""
KZSBDEB8,aat|artists-books,Artists' books.,artists-books,""
LERMWK9T,aat|artists-books,Artists' books.,artists-books,""
LJVENVZW,aat|artists-books,Artists' books.,artists-books,""
LVWL8ENP,aat|artists-books,Artists' books.,artists-books,""
M4D5U4TM,aat|artists-books,Artists' books.,artists-books,""
M695DQSQ,aat|artists-books,Artists' books.,artists-books,""
MATQJN7E,aat|artists-books,Artists' books.,artists-books,""
MGEPQWLM,aat|artists-books,Artists' books.,artists-books,""
N46SKSEF,aat|artists-books,Artists' books.,artists-books,""
NNE5PI89,aat|artists-books,Artists' books.,artists-books,""
NVTSXWBD,aat|artists-books,Artists' books.,artists-books,""
NZPXJA96,aat|artists-books,Artists' books.,artists-books,""
P3R7DJXY,aat|artists-books,Artists' books.,artists-books,""
PAW5DBDC,aat|artists-books,Artists' books.,artists-books,""
PDGGTXFW,aat|artists-books,Artists' books.,artists-books,""
PFX9B2FJ,aat|artists-books,Artists' books.,artists-books,""
PHP2IRYL,aat|artists-books,Artists' books.,artists-books,""
PND8ZSPG,aat|artists-books,Artists' books.,artists-books,""
PXF6TFTQ,aat|artists-books,Artists' books.,artists-books,""
PXLQJ8XF,aat|artists-books,Artists' books.,artists-books,""
QE5V8BTH,aat|artists-books,Artists' books.,artists-books,""
QZ9ENETY,aat|artists-books,Artists' books.,artists-books,""
RFCBWBMH,aat|artists-books,Artists' books.,artists-books,""
RHKDD8FV,aat|artists-books,Artists' books.,artists-books,""
RTRTDEQJ,aat|artists-books,Artists' books.,artists-books,""
T9V8HQRJ,aat|artists-books,Artists' books.,artists-books,""
TDKZILXZ,aat|artists-books,Artists' books.,artists-books,""
TLUADQN3,aat|artists-books,Artists' books.,artists-books,""
TU4SKP2B,aat|artists-books,Artists' books.,artists-books,""
U3D5R5I4,aat|artists-books,Artists' books.,artists-books,""
UF9SQG4G,aat|artists-books,Artists' books.,artists-books,""
UNTV9EDZ,aat|artists-books,Artists' books.,artists-books,""
UR4J8M6A,aat|artists-books,Artists' books.,artists-books,""
UUBKPZ6H,aat|artists-books,Artists' books.,artists-books,""
UWJ2VT65,aat|artists-books,Artists' books.,artists-books,""
VAWYME5V,aat|artists-books,Artists' books.,artists-books,""
VDVPR7B5,aat|artists-books,Artists' books.,artists-books,""
VR6ZH5PH,aat|artists-books,Artists' books.,artists-books,""
VW6SL2R8,aat|artists-books,Artists' books.,artists-books,""
VXQEWDC7,aat|artists-books,Artists' books.,artists-books,""
WFKNSUXI,aat|artists-books,Artists' books.,artists-books,""
WLFKP88V,aat|artists-books,Artists' books.,artists-books,""
WPZCIPVD,aat|artists-books,Artists' books.,artists-books,""
WQEJTLVL,aat|artists-books,Artists' books.,artists-books,""
WXDWZ35T,aat|artists-books,Artists' books.,artists-books,""
X49WNY5G,aat|artists-books,Artists' books.,artists-books,""
X5WC5DXH,aat|artists-books,Artists' books.,artists-books,""
XGSIGXF5,aat|artists-books,Artists' books.,artists-books,""
XVVFPFPB,aat|artists-books,Artists' books.,artists-books,""
Y2DI2DR6,aat|artists-books,Artists' books.,artists-books,""
Y945I4GQ,aat|artists-books,Artists' books.,artists-books,""
YJF2IVT4,aat|artists-books,Artists' books.,artists-books,""
YSQANURT,aat|artists-books,Artists' books.,artists-books,""
Z2ND5U9P,aat|artists-books,Artists' books.,artists-books,""
ZI6PLQRW,aat|artists-books,Artists' books.,artists-books,""
ZIY94EFB,aat|artists-books,Artists' books.,artists-books,""
ZPTIMWPD,aat|artists-books,Artists' books.,artists-books,""
ZW9UB6H9,aat|artists-books,Artists' books.,artists-books,""
39EY5IB4,aat|artists-books,Artists'books.,artists-books,""
FCZVPRIE,aat|artists-books,Artists'books.,artists-books,""
226R6HJK,aat|artists-books-books,Artists' books (books),artists-books-books,""
24HSZQI4,aat|artists-books-books,Artists' books (books),artists-books-books,""
24YJ4MQA,aat|artists-books-books,Artists' books (books),artists-books-books,""
29KNQX5X,aat|artists-books-books,Artists' books (books),artists-books-books,""
2D9X89XX,aat|artists-books-books,Artists' books (books),artists-books-books,""
2FMAJ6SK,aat|artists-books-books,Artists' books (books),artists-books-books,""
2KM7HSNE,aat|artists-books-books,Artists' books (books),artists-books-books,""
2LGSRZH3,aat|artists-books-books,Artists' books (books),artists-books-books,""
2LXQB54Q,aat|artists-books-books,Artists' books (books),artists-books-books,""
2PSMHYVM,aat|artists-books-books,Artists' books (books),artists-books-books,""
2TR675BK,aat|artists-books-books,Artists' books (books),artists-books-books,""
2VCP48MT,aat|artists-books-books,Artists' books (books),artists-books-books,""
2XJTKRCU,aat|artists-books-books,Artists' books (books),artists-books-books,""
2XTG4RQU,aat|artists-books-books,Artists' books (books),artists-books-books,""
2Y3CWMAR,aat|artists-books-books,Artists' books (books),artists-books-books,""
2YERIMK2,aat|artists-books-books,Artists' books (books),artists-books-books,""
2YMWW5GN,aat|artists-books-books,Artists' books (books),artists-books-books,""
336ZZN7S,aat|artists-books-books,Artists' books (books),artists-books-books,""
352ML323,aat|artists-books-books,Artists' books (books),artists-books-books,""
35PYDJJX,aat|artists-books-books,Artists' books (books),artists-books-books,""
36F7YFQ7,aat|artists-books-books,Artists' books (books),artists-books-books,""
3848I3UM,aat|artists-books-books,Artists' books (books),artists-books-books,""
39HJAM45,aat|artists-books-books,Artists' books (books),artists-books-books,""
3EL2W3SF,aat|artists-books-books,Artists' books (books),artists-books-books,""
3HFE75EE,aat|artists-books-books,Artists' books (books),artists-books-books,""
3KUNMIBP,aat|artists-books-books,Artists' books (books),artists-books-books,""
3MJU4XL3,aat|artists-books-books,Artists' books (books),artists-books-books,""
3MWNMK26,aat|artists-books-books,Artists' books (books),artists-books-books,""
3QXCAUBS,aat|artists-books-books,Artists' books (books),artists-books-books,""
3QXLXM2L,aat|artists-books-books,Artists' books (books),artists-books-books,""
3RK6L8N4,aat|artists-books-books,Artists' books (books),artists-books-books,""
3S6VEBTX,aat|artists-books-books,Artists' books (books),artists-books-books,""
3SE26G2E,aat|artists-books-books,Artists' books (books),artists-books-books,""
3T953P55,aat|artists-books-books,Artists' books (books),artists-books-books,""
3TWQ5NBE,aat|artists-books-books,Artists' books (books),artists-books-books,""
3VINCA44,aat|artists-books-books,Artists' books (books),artists-books-books,""
3WGWKXU9,aat|artists-books-books,Artists' books (books),artists-books-books,""
3ZP4QHUA,aat|artists-books-books,Artists' books (books),artists-books-books,""
3ZUC8TKN,aat|artists-books-books,Artists' books (books),artists-books-books,""
43VQN65D,aat|artists-books-books,Artists' books (books),artists-books-books,""
469JLCRM,aat|artists-books-books,Artists' books (books),artists-books-books,""
4BFIH68I,aat|artists-books-books,Artists' books (books),artists-books-books,""
4BHIMHKH,aat|artists-books-books,Artists' books (books),artists-books-books,""
4BPI6G2J,aat|artists-books-books,Artists' books (books),artists-books-books,""
4DNVSWWD,aat|artists-books-books,Artists' books (books),artists-books-books,""
4EZIC3WX,aat|artists-books-books,Artists' books (books),artists-books-books,""
4GYWKCV7,aat|artists-books-books,Artists' books (books),artists-books-books,""
4JUAYINW,aat|artists-books-books,Artists' books (books),artists-books-books,""
4KTMAPB9,aat|artists-books-books,Artists' books (books),artists-books-books,""
4L3ATHTH,aat|artists-books-books,Artists' books (books),artists-books-books,""
4MNV6M2D,aat|artists-books-books,Artists' books (books),artists-books-books,""
4RPSYI95,aat|artists-books-books,Artists' books (books),artists-books-books,""
4S9B5FHR,aat|artists-books-books,Artists' books (books),artists-books-books,""
4SER4VHI,aat|artists-books-books,Artists' books (books),artists-books-books,""
4TNQ9JZT,aat|artists-books-books,Artists' books (books),artists-books-books,""
4UFKDA3P,aat|artists-books-books,Artists' books (books),artists-books-books,""
4WYHWZPR,aat|artists-books-books,Artists' books (books),artists-books-books,""
544GIHMN,aat|artists-books-books,Artists' books (books),artists-books-books,""
55BBBJAY,aat|artists-books-books,Artists' books (books),artists-books-books,""
56FFTVRF,aat|artists-books-books,Artists' books (books),artists-books-books,""
5BTUNLK2,aat|artists-books-books,Artists' books (books),artists-books-books,""
5C87SEQG,aat|artists-books-books,Artists' books (books),artists-books-books,""
5CAZWUF3,aat|artists-books-books,Artists' books (books),artists-books-books,""
5D6BM8BR,aat|artists-books-books,Artists' books (books),artists-books-books,""
5DKQPFEP,aat|artists-books-books,Artists' books (books),artists-books-books,""
5DW235NM,aat|artists-books-books,Artists' books (books),artists-books-books,""
5F73RJFR,aat|artists-books-books,Artists' books (books),artists-books-books,""
5FNX4ZEU,aat|artists-books-books,Artists' books (books),artists-books-books,""
5I6WDA32,aat|artists-books-books,Artists' books (books),artists-books-books,""
5IABCDQ2,aat|artists-books-books,Artists' books (books),artists-books-books,""
5IYYDIM8,aat|artists-books-books,Artists' books (books),artists-books-books,""
5JSI8CZJ,aat|artists-books-books,Artists' books (books),artists-books-books,""
5PP67AWQ,aat|artists-books-books,Artists' books (books),artists-books-books,""
5VAZBZDA,aat|artists-books-books,Artists' books (books),artists-books-books,""
5VMVZ3JB,aat|artists-books-books,Artists' books (books),artists-books-books,""
5VWS7Q8P,aat|artists-books-books,Artists' books (books),artists-books-books,""
5ZL3VFEB,aat|artists-books-books,Artists' books (books),artists-books-books,""
632X6CII,aat|artists-books-books,Artists' books (books),artists-books-books,""
63G4CRVN,aat|artists-books-books,Artists' books (books),artists-books-books,""
63PL2Y3P,aat|artists-books-books,Artists' books (books),artists-books-books,""
654GPFBP,aat|artists-books-books,Artists' books (books),artists-books-books,""
658XBXEA,aat|artists-books-books,Artists' books (books),artists-books-books,""
65JGRC8Z,aat|artists-books-books,Artists' books (books),artists-books-books,""
6CFQVVMX,aat|artists-books-books,Artists' books (books),artists-books-books,""
6CYZIZV8,aat|artists-books-books,Artists' books (books),artists-books-books,""
6D565KJB,aat|artists-books-books,Artists' books (books),artists-books-books,""
6DWYUYKH,aat|artists-books-books,Artists' books (books),artists-books-books,""
6F62ICYE,aat|artists-books-books,Artists' books (books),artists-books-books,""
6FQNGN3S,aat|artists-books-books,Artists' books (books),artists-books-books,""
6J7JCJ8Q,aat|artists-books-books,Artists' books (books),artists-books-books,""
6QEXTM4R,aat|artists-books-books,Artists' books (books),artists-books-books,""
6SAEFZ2Z,aat|artists-books-books,Artists' books (books),artists-books-books,""
6SEV2CAV,aat|artists-books-books,Artists' books (books),artists-books-books,""
6TTGAVHR,aat|artists-books-books,Artists' books (books),artists-books-books,""
6WDPQKAH,aat|artists-books-books,Artists' books (books),artists-books-books,""
6WP92GL3,aat|artists-books-books,Artists' books (books),artists-books-books,""
7484IUMH,aat|artists-books-books,Artists' books (books),artists-books-books,""
76WLZ4BK,aat|artists-books-books,Artists' books (books),artists-books-books,""
7BPKEUWY,aat|artists-books-books,Artists' books (books),artists-books-books,""
7EFU4YFQ,aat|artists-books-books,Artists' books (books),artists-books-books,""
7HEG7EAS,aat|artists-books-books,Artists' books (books),artists-books-books,""
7P6ZWQRP,aat|artists-books-books,Artists' books (books),artists-books-books,""
7Q6XJGWQ,aat|artists-books-books,Artists' books (books),artists-books-books,""
7WIH889K,aat|artists-books-books,Artists' books (books),artists-books-books,""
7XD6IHK6,aat|artists-books-books,Artists' books (books),artists-books-books,""
7YILJFPS,aat|artists-books-books,Artists' books (books),artists-books-books,""
86XH2LCF,aat|artists-books-books,Artists' books (books),artists-books-books,""
87H2AQ6Q,aat|artists-books-books,Artists' books (books),artists-books-books,""
892IYWX3,aat|artists-books-books,Artists' books (books),artists-books-books,""
897RL5ME,aat|artists-books-books,Artists' books (books),artists-books-books,""
8ABY94EI,aat|artists-books-books,Artists' books (books),artists-books-books,""
8GUDL63U,aat|artists-books-books,Artists' books (books),artists-books-books,""
8IKXDTVT,aat|artists-books-books,Artists' books (books),artists-books-books,""
8ILC5ENQ,aat|artists-books-books,Artists' books (books),artists-books-books,""
8MNVVUDS,aat|artists-books-books,Artists' books (books),artists-books-books,""
8MZPM5NM,aat|artists-books-books,Artists' books (books),artists-books-books,""
8NEXA3HR,aat|artists-books-books,Artists' books (books),artists-books-books,""
8NYK2SIM,aat|artists-books-books,Artists' books (books),artists-books-books,""
8SUCHAWK,aat|artists-books-books,Artists' books (books),artists-books-books,""
8TK3B6UX,aat|artists-books-books,Artists' books (books),artists-books-books,""
8XFT77DQ,aat|artists-books-books,Artists' books (books),artists-books-books,""
8XT6HJSL,aat|artists-books-books,Artists' books (books),artists-books-books,""
96Z3DBYG,aat|artists-books-books,Artists' books (books),artists-books-books,""
99HFQJQH,aat|artists-books-books,Artists' books (books),artists-books-books,""
9D7CD9RC,aat|artists-books-books,Artists' books (books),artists-books-books,""
9DAJEMHJ,aat|artists-books-books,Artists' books (books),artists-books-books,""
9EE9MMHS,aat|artists-books-books,Artists' books (books),artists-books-books,""
9EYQ75JU,aat|artists-books-books,Artists' books (books),artists-books-books,""
9FU9RMRX,aat|artists-books-books,Artists' books (books),artists-books-books,""
9FX8NRGF,aat|artists-books-books,Artists' books (books),artists-books-books,""
9HXSD7R3,aat|artists-books-books,Artists' books (books),artists-books-books,""
9KAK6YDA,aat|artists-books-books,Artists' books (books),artists-books-books,""
9KP25F8C,aat|artists-books-books,Artists' books (books),artists-books-books,""
9LXMIWCK,aat|artists-books-books,Artists' books (books),artists-books-books,""
9M4MSDAN,aat|artists-books-books,Artists' books (books),artists-books-books,""
9MKFI3DK,aat|artists-books-books,Artists' books (books),artists-books-books,""
9NSUBLQS,aat|artists-books-books,Artists' books (books),artists-books-books,""
9SMP5TFE,aat|artists-books-books,Artists' books (books),artists-books-books,""
9T72BMX6,aat|artists-books-books,Artists' books (books),artists-books-books,""
9T8UFUH5,aat|artists-books-books,Artists' books (books),artists-books-books,""
9WA2CDN3,aat|artists-books-books,Artists' books (books),artists-books-books,""
9YH44I6G,aat|artists-books-books,Artists' books (books),artists-books-books,""
AB3XJFKU,aat|artists-books-books,Artists' books (books),artists-books-books,""
ACM94FM8,aat|artists-books-books,Artists' books (books),artists-books-books,""
AE6RVMZC,aat|artists-books-books,Artists' books (books),artists-books-books,""
AEUCKZF3,aat|artists-books-books,Artists' books (books),artists-books-books,""
AGDCNHXH,aat|artists-books-books,Artists' books (books),artists-books-books,""
AGU78B2Q,aat|artists-books-books,Artists' books (books),artists-books-books,""
AQWUCUIE,aat|artists-books-books,Artists' books (books),artists-books-books,""
AS5ABQGL,aat|artists-books-books,Artists' books (books),artists-books-books,""
AWCWNRD2,aat|artists-books-books,Artists' books (books),artists-books-books,""
AXZ3NT64,aat|artists-books-books,Artists' books (books),artists-books-books,""
AY9W9WMM,aat|artists-books-books,Artists' books (books),artists-books-books,""
AZ3HXDCF,aat|artists-books-books,Artists' books (books),artists-books-books,""
B3FLIYWS,aat|artists-books-books,Artists' books (books),artists-books-books,""
B3VN2FLE,aat|artists-books-books,Artists' books (books),artists-books-books,""
B5S4K6IA,aat|artists-books-books,Artists' books (books),artists-books-books,""
B68GWBNJ,aat|artists-books-books,Artists' books (books),artists-books-books,""
B8V3DBT6,aat|artists-books-books,Artists' books (books),artists-books-books,""
B9LMTRA2,aat|artists-books-books,Artists' books (books),artists-books-books,""
BDH4KP5P,aat|artists-books-books,Artists' books (books),artists-books-books,""
BEAIU85U,aat|artists-books-books,Artists' books (books),artists-books-books,""
BFCDMBHN,aat|artists-books-books,Artists' books (books),artists-books-books,""
BH7EHBJA,aat|artists-books-books,Artists' books (books),artists-books-books,""
BHEUTQLS,aat|artists-books-books,Artists' books (books),artists-books-books,""
BJZBUA9G,aat|artists-books-books,Artists' books (books),artists-books-books,""
BKNRPZRY,aat|artists-books-books,Artists' books (books),artists-books-books,""
BM8GGVK3,aat|artists-books-books,Artists' books (books),artists-books-books,""
BPQ5N37H,aat|artists-books-books,Artists' books (books),artists-books-books,""
BQ3JGWKQ,aat|artists-books-books,Artists' books (books),artists-books-books,""
BUXAEBNU,aat|artists-books-books,Artists' books (books),artists-books-books,""
BVHWID7U,aat|artists-books-books,Artists' books (books),artists-books-books,""
BVRQK4KR,aat|artists-books-books,Artists' books (books),artists-books-books,""
BW9C7KI7,aat|artists-books-books,Artists' books (books),artists-books-books,""
BXRF7M3U,aat|artists-books-books,Artists' books (books),artists-books-books,""
BYV9IJBH,aat|artists-books-books,Artists' books (books),artists-books-books,""
BZXS5WXX,aat|artists-books-books,Artists' books (books),artists-books-books,""
C2VCJWMR,aat|artists-books-books,Artists' books (books),artists-books-books,""
C35V4GE9,aat|artists-books-books,Artists' books (books),artists-books-books,""
C7C2WC28,aat|artists-books-books,Artists' books (books),artists-books-books,""
CAI2PFZC,aat|artists-books-books,Artists' books (books),artists-books-books,""
CAV69CKH,aat|artists-books-books,Artists' books (books),artists-books-books,""
CE8YTMRT,aat|artists-books-books,Artists' books (books),artists-books-books,""
CFIF9DHE,aat|artists-books-books,Artists' books (books),artists-books-books,""
CGFXKRSP,aat|artists-books-books,Artists' books (books),artists-books-books,""
CI4LU5JN,aat|artists-books-books,Artists' books (books),artists-books-books,""
CRKSZH7J,aat|artists-books-books,Artists' books (books),artists-books-books,""
CURJF8T3,aat|artists-books-books,Artists' books (books),artists-books-books,""
CVXVUB6S,aat|artists-books-books,Artists' books (books),artists-books-books,""
CWABV6X4,aat|artists-books-books,Artists' books (books),artists-books-books,""
D4EUWCYK,aat|artists-books-books,Artists' books (books),artists-books-books,""
D4TCQSJE,aat|artists-books-books,Artists' books (books),artists-books-books,""
D5FZLMPX,aat|artists-books-books,Artists' books (books),artists-books-books,""
D6BGRR32,aat|artists-books-books,Artists' books (books),artists-books-books,""
D6JVHVEU,aat|artists-books-books,Artists' books (books),artists-books-books,""
D75GLLMG,aat|artists-books-books,Artists' books (books),artists-books-books,""
D97WNGWB,aat|artists-books-books,Artists' books (books),artists-books-books,""
DARNTYD5,aat|artists-books-books,Artists' books (books),artists-books-books,""
DBAK2BJY,aat|artists-books-books,Artists' books (books),artists-books-books,""
DCR5P4LE,aat|artists-books-books,Artists' books (books),artists-books-books,""
DD9CP69Q,aat|artists-books-books,Artists' books (books),artists-books-books,""
DF9LFBDT,aat|artists-books-books,Artists' books (books),artists-books-books,""
DGB3SEXI,aat|artists-books-books,Artists' books (books),artists-books-books,""
DHXWIRL9,aat|artists-books-books,Artists' books (books),artists-books-books,""
DICUCMKJ,aat|artists-books-books,Artists' books (books),artists-books-books,""
DKK3M6ZY,aat|artists-books-books,Artists' books (books),artists-books-books,""
DKWCVTTB,aat|artists-books-books,Artists' books (books),artists-books-books,""
DL7V27NJ,aat|artists-books-books,Artists' books (books),artists-books-books,""
DMCECA45,aat|artists-books-books,Artists' books (books),artists-books-books,""
DR8985RQ,aat|artists-books-books,Artists' books (books),artists-books-books,""
DRXZALEB,aat|artists-books-books,Artists' books (books),artists-books-books,""
DRZWMBK8,aat|artists-books-books,Artists' books (books),artists-books-books,""
DUEQTCLV,aat|artists-books-books,Artists' books (books),artists-books-books,""
DX43HTQQ,aat|artists-books-books,Artists' books (books),artists-books-books,""
E2IBZB3J,aat|artists-books-books,Artists' books (books),artists-books-books,""
E48HZ6TE,aat|artists-books-books,Artists' books (books),artists-books-books,""
E5CM7GH2,aat|artists-books-books,Artists' books (books),artists-books-books,""
E62R9QS4,aat|artists-books-books,Artists' books (books),artists-books-books,""
EB5CKXSA,aat|artists-books-books,Artists' books (books),artists-books-books,""
EBFUUIGM,aat|artists-books-books,Artists' books (books),artists-books-books,""
EF3Q282K,aat|artists-books-books,Artists' books (books),artists-books-books,""
EFAMDCD6,aat|artists-books-books,Artists' books (books),artists-books-books,""
EJK8HBT2,aat|artists-books-books,Artists' books (books),artists-books-books,""
EQTXEJXW,aat|artists-books-books,Artists' books (books),artists-books-books,""
ERHIWMLT,aat|artists-books-books,Artists' books (books),artists-books-books,""
ESM5ERZT,aat|artists-books-books,Artists' books (books),artists-books-books,""
ESSDX4JS,aat|artists-books-books,Artists' books (books),artists-books-books,""
EVQIJIVY,aat|artists-books-books,Artists' books (books),artists-books-books,""
F35K6KP8,aat|artists-books-books,Artists' books (books),artists-books-books,""
F5G3HRLF,aat|artists-books-books,Artists' books (books),artists-books-books,""
FB4UVKKM,aat|artists-books-books,Artists' books (books),artists-books-books,""
FB5FGV7V,aat|artists-books-books,Artists' books (books),artists-books-books,""
FGI58BRN,aat|artists-books-books,Artists' books (books),artists-books-books,""
FH34XFCA,aat|artists-books-books,Artists' books (books),artists-books-books,""
FI2GTQ6N,aat|artists-books-books,Artists' books (books),artists-books-books,""
FJFSZBAP,aat|artists-books-books,Artists' books (books),artists-books-books,""
FL9B73CP,aat|artists-books-books,Artists' books (books),artists-books-books,""
FRNR5VR2,aat|artists-books-books,Artists' books (books),artists-books-books,""
FSCM3PV2,aat|artists-books-books,Artists' books (books),artists-books-books,""
FSEW2GM5,aat|artists-books-books,Artists' books (books),artists-books-books,""
FSGBHJDV,aat|artists-books-books,Artists' books (books),artists-books-books,""
FU68VLT9,aat|artists-books-books,Artists' books (books),artists-books-books,""
FVASQX8M,aat|artists-books-books,Artists' books (books),artists-books-books,""
FVI6G4QP,aat|artists-books-books,Artists' books (books),artists-books-books,""
FWENDANN,aat|artists-books-books,Artists' books (books),artists-books-books,""
G2SRVX4C,aat|artists-books-books,Artists' books (books),artists-books-books,""
G2YKJ5V6,aat|artists-books-books,Artists' books (books),artists-books-books,""
G4XRMULE,aat|artists-books-books,Artists' books (books),artists-books-books,""
G6P88MY2,aat|artists-books-books,Artists' books (books),artists-books-books,""
G6XSHFBY,aat|artists-books-books,Artists' books (books),artists-books-books,""
G9JVYCRU,aat|artists-books-books,Artists' books (books),artists-books-books,""
GDTEJGHY,aat|artists-books-books,Artists' books (books),artists-books-books,""
GH3AU7JV,aat|artists-books-books,Artists' books (books),artists-books-books,""
GHPSVHUJ,aat|artists-books-books,Artists' books (books),artists-books-books,""
GIHENZE2,aat|artists-books-books,Artists' books (books),artists-books-books,""
GK4VMW5N,aat|artists-books-books,Artists' books (books),artists-books-books,""
GLRT8PAR,aat|artists-books-books,Artists' books (books),artists-books-books,""
GMM35RYA,aat|artists-books-books,Artists' books (books),artists-books-books,""
GPRZ5W7B,aat|artists-books-books,Artists' books (books),artists-books-books,""
GU98BE9K,aat|artists-books-books,Artists' books (books),artists-books-books,""
GURAG9JG,aat|artists-books-books,Artists' books (books),artists-books-books,""
GVKJ9X3R,aat|artists-books-books,Artists' books (books),artists-books-books,""
GVUDZDE9,aat|artists-books-books,Artists' books (books),artists-books-books,""
GXZ27VCP,aat|artists-books-books,Artists' books (books),artists-books-books,""
GY8A47DP,aat|artists-books-books,Artists' books (books),artists-books-books,""
GYXELWPK,aat|artists-books-books,Artists' books (books),artists-books-books,""
H7PA7HLA,aat|artists-books-books,Artists' books (books),artists-books-books,""
H7X35XED,aat|artists-books-books,Artists' books (books),artists-books-books,""
H96M6V45,aat|artists-books-books,Artists' books (books),artists-books-books,""
HA6VMW7H,aat|artists-books-books,Artists' books (books),artists-books-books,""
HADBWIV7,aat|artists-books-books,Artists' books (books),artists-books-books,""
HC38HRN9,aat|artists-books-books,Artists' books (books),artists-books-books,""
HFL33QJH,aat|artists-books-books,Artists' books (books),artists-books-books,""
HH5BZYEB,aat|artists-books-books,Artists' books (books),artists-books-books,""
HH5GIC3E,aat|artists-books-books,Artists' books (books),artists-books-books,""
HMKRHYHJ,aat|artists-books-books,Artists' books (books),artists-books-books,""
HMNNFR3Q,aat|artists-books-books,Artists' books (books),artists-books-books,""
HPFMFF5Q,aat|artists-books-books,Artists' books (books),artists-books-books,""
HQVR749A,aat|artists-books-books,Artists' books (books),artists-books-books,""
HSKD9QAD,aat|artists-books-books,Artists' books (books),artists-books-books,""
HT8PJRIS,aat|artists-books-books,Artists' books (books),artists-books-books,""
HUZ42HQK,aat|artists-books-books,Artists' books (books),artists-books-books,""
HZ5KXPZC,aat|artists-books-books,Artists' books (books),artists-books-books,""
HZYPBN6W,aat|artists-books-books,Artists' books (books),artists-books-books,""
IBAVPUCE,aat|artists-books-books,Artists' books (books),artists-books-books,""
IBDLZ3YI,aat|artists-books-books,Artists' books (books),artists-books-books,""
IBRQM6MM,aat|artists-books-books,Artists' books (books),artists-books-books,""
ID6CVTS7,aat|artists-books-books,Artists' books (books),artists-books-books,""
IFKV5B9H,aat|artists-books-books,Artists' books (books),artists-books-books,""
IHBXHKV7,aat|artists-books-books,Artists' books (books),artists-books-books,""
IHG8DC77,aat|artists-books-books,Artists' books (books),artists-books-books,""
IKCYZUGN,aat|artists-books-books,Artists' books (books),artists-books-books,""
IKJRRBV3,aat|artists-books-books,Artists' books (books),artists-books-books,""
ILMYEGPY,aat|artists-books-books,Artists' books (books),artists-books-books,""
IRKSE87E,aat|artists-books-books,Artists' books (books),artists-books-books,""
IRXHE5KW,aat|artists-books-books,Artists' books (books),artists-books-books,""
ISAUE7M6,aat|artists-books-books,Artists' books (books),artists-books-books,""
ISBJ56W6,aat|artists-books-books,Artists' books (books),artists-books-books,""
ISTV64ZP,aat|artists-books-books,Artists' books (books),artists-books-books,""
IT4RYKPH,aat|artists-books-books,Artists' books (books),artists-books-books,""
IU8B4XC2,aat|artists-books-books,Artists' books (books),artists-books-books,""
IV6X7XZM,aat|artists-books-books,Artists' books (books),artists-books-books,""
IW67FN74,aat|artists-books-books,Artists' books (books),artists-books-books,""
IW67WSIE,aat|artists-books-books,Artists' books (books),artists-books-books,""
IWBUX8N7,aat|artists-books-books,Artists' books (books),artists-books-books,""
IY6GYNGC,aat|artists-books-books,Artists' books (books),artists-books-books,""
J2385L6U,aat|artists-books-books,Artists' books (books),artists-books-books,""
J32J4BL7,aat|artists-books-books,Artists' books (books),artists-books-books,""
J3PGLNEL,aat|artists-books-books,Artists' books (books),artists-books-books,""
J3RXS2WM,aat|artists-books-books,Artists' books (books),artists-books-books,""
J7JBWCHI,aat|artists-books-books,Artists' books (books),artists-books-books,""
J7X3CPIP,aat|artists-books-books,Artists' books (books),artists-books-books,""
J7ZSVLN9,aat|artists-books-books,Artists' books (books),artists-books-books,""
JAVVTKIE,aat|artists-books-books,Artists' books (books),artists-books-books,""
JCU4IW4E,aat|artists-books-books,Artists' books (books),artists-books-books,""
JFBP43DK,aat|artists-books-books,Artists' books (books),artists-books-books,""
JFW3649R,aat|artists-books-books,Artists' books (books),artists-books-books,""
JIGAU8LG,aat|artists-books-books,Artists' books (books),artists-books-books,""
JIHH9N33,aat|artists-books-books,Artists' books (books),artists-books-books,""
JKVNPLEY,aat|artists-books-books,Artists' books (books),artists-books-books,""
JNRL9L42,aat|artists-books-books,Artists' books (books),artists-books-books,""
JV5BMFBH,aat|artists-books-books,Artists' books (books),artists-books-books,""
JW55N4BY,aat|artists-books-books,Artists' books (books),artists-books-books,""
JY2G3WI2,aat|artists-books-books,Artists' books (books),artists-books-books,""
JZXJGZD8,aat|artists-books-books,Artists' books (books),artists-books-books,""
K2BL86XN,aat|artists-books-books,Artists' books (books),artists-books-books,""
K63M3S3M,aat|artists-books-books,Artists' books (books),artists-books-books,""
K7X9FUZV,aat|artists-books-books,Artists' books (books),artists-books-books,""
KA3J2PE6,aat|artists-books-books,Artists' books (books),artists-books-books,""
KBHG9EJS,aat|artists-books-books,Artists' books (books),artists-books-books,""
KCQ745ET,aat|artists-books-books,Artists' books (books),artists-books-books,""
KCW4R76F,aat|artists-books-books,Artists' books (books),artists-books-books,""
KDBNS6DT,aat|artists-books-books,Artists' books (books),artists-books-books,""
KELDNJCP,aat|artists-books-books,Artists' books (books),artists-books-books,""
KJS25GIV,aat|artists-books-books,Artists' books (books),artists-books-books,""
KKTGFJYC,aat|artists-books-books,Artists' books (books),artists-books-books,""
KL4S8PQK,aat|artists-books-books,Artists' books (books),artists-books-books,""
KLTAPU6U,aat|artists-books-books,Artists' books (books),artists-books-books,""
KQVDTPRR,aat|artists-books-books,Artists' books (books),artists-books-books,""
KSBWLSC2,aat|artists-books-books,Artists' books (books),artists-books-books,""
KSKE32W9,aat|artists-books-books,Artists' books (books),artists-books-books,""
KSYMBE3Z,aat|artists-books-books,Artists' books (books),artists-books-books,""
KXS7DSD7,aat|artists-books-books,Artists' books (books),artists-books-books,""
KYMHM2MX,aat|artists-books-books,Artists' books (books),artists-books-books,""
L6IL4VQY,aat|artists-books-books,Artists' books (books),artists-books-books,""
LAZ7IRLG,aat|artists-books-books,Artists' books (books),artists-books-books,""
LBKWXD7P,aat|artists-books-books,Artists' books (books),artists-books-books,""
LD8ZNBS9,aat|artists-books-books,Artists' books (books),artists-books-books,""
LEMVSIBN,aat|artists-books-books,Artists' books (books),artists-books-books,""
LG79KISU,aat|artists-books-books,Artists' books (books),artists-books-books,""
LJIBMXWG,aat|artists-books-books,Artists' books (books),artists-books-books,""
LNFAZY2F,aat|artists-books-books,Artists' books (books),artists-books-books,""
LSYIEX34,aat|artists-books-books,Artists' books (books),artists-books-books,""
LT5DVQNH,aat|artists-books-books,Artists' books (books),artists-books-books,""
LTM6TMDZ,aat|artists-books-books,Artists' books (books),artists-books-books,""
LTZ95FTJ,aat|artists-books-books,Artists' books (books),artists-books-books,""
LUBVV6BW,aat|artists-books-books,Artists' books (books),artists-books-books,""
LUU798XB,aat|artists-books-books,Artists' books (books),artists-books-books,""
LUZ62SRM,aat|artists-books-books,Artists' books (books),artists-books-books,""
LYJSML5E,aat|artists-books-books,Artists' books (books),artists-books-books,""
M5Y2U9BX,aat|artists-books-books,Artists' books (books),artists-books-books,""
M63K56HX,aat|artists-books-books,Artists' books (books),artists-books-books,""
M695DQSQ,aat|artists-books-books,Artists' books (books),artists-books-books,""
M6FCLS85,aat|artists-books-books,Artists' books (books),artists-books-books,""
MBFFTLGU,aat|artists-books-books,Artists' books (books),artists-books-books,""
MBL4XA5B,aat|artists-books-books,Artists' books (books),artists-books-books,""
MCTUGCK3,aat|artists-books-books,Artists' books (books),artists-books-books,""
MD98HHRC,aat|artists-books-books,Artists' books (books),artists-books-books,""
MK94HI98,aat|artists-books-books,Artists' books (books),artists-books-books,""
ML555VRY,aat|artists-books-books,Artists' books (books),artists-books-books,""
MVTLPZ9Q,aat|artists-books-books,Artists' books (books),artists-books-books,""
N49LT8RV,aat|artists-books-books,Artists' books (books),artists-books-books,""
N4NSY4HE,aat|artists-books-books,Artists' books (books),artists-books-books,""
N5UUKHRJ,aat|artists-books-books,Artists' books (books),artists-books-books,""
N65DQ7B9,aat|artists-books-books,Artists' books (books),artists-books-books,""
N6LTWH6U,aat|artists-books-books,Artists' books (books),artists-books-books,""
N7DPVS3X,aat|artists-books-books,Artists' books (books),artists-books-books,""
NANX673H,aat|artists-books-books,Artists' books (books),artists-books-books,""
NCLSBIGU,aat|artists-books-books,Artists' books (books),artists-books-books,""
NDHM9PHH,aat|artists-books-books,Artists' books (books),artists-books-books,""
NEWYUCJW,aat|artists-books-books,Artists' books (books),artists-books-books,""
NF3JZVRJ,aat|artists-books-books,Artists' books (books),artists-books-books,""
NFKKDDRZ,aat|artists-books-books,Artists' books (books),artists-books-books,""
NIDJQHCY,aat|artists-books-books,Artists' books (books),artists-books-books,""
NLPBJZYM,aat|artists-books-books,Artists' books (books),artists-books-books,""
NPQLF2L3,aat|artists-books-books,Artists' books (books),artists-books-books,""
NQEINM55,aat|artists-books-books,Artists' books (books),artists-books-books,""
NT97YK5X,aat|artists-books-books,Artists' books (books),artists-books-books,""
NY8EIZPN,aat|artists-books-books,Artists' books (books),artists-books-books,""
P2H3NZ5C,aat|artists-books-books,Artists' books (books),artists-books-books,""
P3T4YANB,aat|artists-books-books,Artists' books (books),artists-books-books,""
P3WHKGX9,aat|artists-books-books,Artists' books (books),artists-books-books,""
P4SWWF7M,aat|artists-books-books,Artists' books (books),artists-books-books,""
P75KQSUN,aat|artists-books-books,Artists' books (books),artists-books-books,""
P7E2WGTN,aat|artists-books-books,Artists' books (books),artists-books-books,""
P858BHRC,aat|artists-books-books,Artists' books (books),artists-books-books,""
PBDUAC8I,aat|artists-books-books,Artists' books (books),artists-books-books,""
PEAVVEJD,aat|artists-books-books,Artists' books (books),artists-books-books,""
PEEGHK2R,aat|artists-books-books,Artists' books (books),artists-books-books,""
PEQS5CUB,aat|artists-books-books,Artists' books (books),artists-books-books,""
PG3WIT3M,aat|artists-books-books,Artists' books (books),artists-books-books,""
PIHIDCII,aat|artists-books-books,Artists' books (books),artists-books-books,""
PMT5S7EP,aat|artists-books-books,Artists' books (books),artists-books-books,""
PP5LPWPN,aat|artists-books-books,Artists' books (books),artists-books-books,""
PPXCS73L,aat|artists-books-books,Artists' books (books),artists-books-books,""
PQM8PQVD,aat|artists-books-books,Artists' books (books),artists-books-books,""
PR44QH2M,aat|artists-books-books,Artists' books (books),artists-books-books,""
PVS63R9V,aat|artists-books-books,Artists' books (books),artists-books-books,""
PW4DUPHY,aat|artists-books-books,Artists' books (books),artists-books-books,""
PYUJ2RBM,aat|artists-books-books,Artists' books (books),artists-books-books,""
PZ4SHSWT,aat|artists-books-books,Artists' books (books),artists-books-books,""
PZPPQ3IY,aat|artists-books-books,Artists' books (books),artists-books-books,""
Q4EFXZFV,aat|artists-books-books,Artists' books (books),artists-books-books,""
Q52RE5P9,aat|artists-books-books,Artists' books (books),artists-books-books,""
Q5V5EJLN,aat|artists-books-books,Artists' books (books),artists-books-books,""
Q7ZK3Y73,aat|artists-books-books,Artists' books (books),artists-books-books,""
Q95FDWBA,aat|artists-books-books,Artists' books (books),artists-books-books,""
Q9LNSU9G,aat|artists-books-books,Artists' books (books),artists-books-books,""
QCDNWKJD,aat|artists-books-books,Artists' books (books),artists-books-books,""
QFQUAAM5,aat|artists-books-books,Artists' books (books),artists-books-books,""
QFYGZM3A,aat|artists-books-books,Artists' books (books),artists-books-books,""
QG6C4UVE,aat|artists-books-books,Artists' books (books),artists-books-books,""
QGLARYH6,aat|artists-books-books,Artists' books (books),artists-books-books,""
QJW8HWQH,aat|artists-books-books,Artists' books (books),artists-books-books,""
QKKF6IWK,aat|artists-books-books,Artists' books (books),artists-books-books,""
QMKSPNK3,aat|artists-books-books,Artists' books (books),artists-books-books,""
QQ25JWKC,aat|artists-books-books,Artists' books (books),artists-books-books,""
QQ26PJLJ,aat|artists-books-books,Artists' books (books),artists-books-books,""
QRGVGYBQ,aat|artists-books-books,Artists' books (books),artists-books-books,""
QUFD4DMC,aat|artists-books-books,Artists' books (books),artists-books-books,""
QWBVCNWR,aat|artists-books-books,Artists' books (books),artists-books-books,""
R3HHWFNG,aat|artists-books-books,Artists' books (books),artists-books-books,""
RBPCSQQR,aat|artists-books-books,Artists' books (books),artists-books-books,""
RC6MKG3H,aat|artists-books-books,Artists' books (books),artists-books-books,""
RCBDHACT,aat|artists-books-books,Artists' books (books),artists-books-books,""
RCSBNLUB,aat|artists-books-books,Artists' books (books),artists-books-books,""
RCUYF69I,aat|artists-books-books,Artists' books (books),artists-books-books,""
RD5E288S,aat|artists-books-books,Artists' books (books),artists-books-books,""
REBBMGEZ,aat|artists-books-books,Artists' books (books),artists-books-books,""
RJYFLVRT,aat|artists-books-books,Artists' books (books),artists-books-books,""
RKNA398D,aat|artists-books-books,Artists' books (books),artists-books-books,""
RN5DUW7Z,aat|artists-books-books,Artists' books (books),artists-books-books,""
RPZT3YPU,aat|artists-books-books,Artists' books (books),artists-books-books,""
RTI72K87,aat|artists-books-books,Artists' books (books),artists-books-books,""
RWP2WAWB,aat|artists-books-books,Artists' books (books),artists-books-books,""
RXUG5WSA,aat|artists-books-books,Artists' books (books),artists-books-books,""
RZ8UDGTW,aat|artists-books-books,Artists' books (books),artists-books-books,""
RZJCU349,aat|artists-books-books,Artists' books (books),artists-books-books,""
S4QU9XAW,aat|artists-books-books,Artists' books (books),artists-books-books,""
S6JDHBSV,aat|artists-books-books,Artists' books (books),artists-books-books,""
S6WWFPS3,aat|artists-books-books,Artists' books (books),artists-books-books,""
S8HMSY7F,aat|artists-books-books,Artists' books (books),artists-books-books,""
SFSKTEUG,aat|artists-books-books,Artists' books (books),artists-books-books,""
SG4ZEWS8,aat|artists-books-books,Artists' books (books),artists-books-books,""
SGCKIGXG,aat|artists-books-books,Artists' books (books),artists-books-books,""
SIPGLSUF,aat|artists-books-books,Artists' books (books),artists-books-books,""
SJVYJYP4,aat|artists-books-books,Artists' books (books),artists-books-books,""
SLWSPHJH,aat|artists-books-books,Artists' books (books),artists-books-books,""
SPMZW8LH,aat|artists-books-books,Artists' books (books),artists-books-books,""
SRZ84ZT2,aat|artists-books-books,Artists' books (books),artists-books-books,""
SSXVVYVE,aat|artists-books-books,Artists' books (books),artists-books-books,""
STNWYDB9,aat|artists-books-books,Artists' books (books),artists-books-books,""
SWDJUVUJ,aat|artists-books-books,Artists' books (books),artists-books-books,""
SWP5DNW2,aat|artists-books-books,Artists' books (books),artists-books-books,""
SYX7T4RL,aat|artists-books-books,Artists' books (books),artists-books-books,""
SZTB2WSU,aat|artists-books-books,Artists' books (books),artists-books-books,""
T5NFCYQV,aat|artists-books-books,Artists' books (books),artists-books-books,""
T6TNKG3X,aat|artists-books-books,Artists' books (books),artists-books-books,""
T9Z3HK8B,aat|artists-books-books,Artists' books (books),artists-books-books,""
TCHNBR6R,aat|artists-books-books,Artists' books (books),artists-books-books,""
TCMIFMVB,aat|artists-books-books,Artists' books (books),artists-books-books,""
THA5852Y,aat|artists-books-books,Artists' books (books),artists-books-books,""
TJCR6CHC,aat|artists-books-books,Artists' books (books),artists-books-books,""
TLXYM3L5,aat|artists-books-books,Artists' books (books),artists-books-books,""
TRVPV4CJ,aat|artists-books-books,Artists' books (books),artists-books-books,""
TS8GCN76,aat|artists-books-books,Artists' books (books),artists-books-books,""
TWILX53Y,aat|artists-books-books,Artists' books (books),artists-books-books,""
TXCAX8PB,aat|artists-books-books,Artists' books (books),artists-books-books,""
TXW6Z4G4,aat|artists-books-books,Artists' books (books),artists-books-books,""
U2QU4SM9,aat|artists-books-books,Artists' books (books),artists-books-books,""
U3MTCI8Z,aat|artists-books-books,Artists' books (books),artists-books-books,""
U3ZW84RN,aat|artists-books-books,Artists' books (books),artists-books-books,""
U4N43V3J,aat|artists-books-books,Artists' books (books),artists-books-books,""
U5ALJUNN,aat|artists-books-books,Artists' books (books),artists-books-books,""
U68APE44,aat|artists-books-books,Artists' books (books),artists-books-books,""
U8SKBF8I,aat|artists-books-books,Artists' books (books),artists-books-books,""
UAG6U4BG,aat|artists-books-books,Artists' books (books),artists-books-books,""
UAJB56LT,aat|artists-books-books,Artists' books (books),artists-books-books,""
UCTSXTP3,aat|artists-books-books,Artists' books (books),artists-books-books,""
UD55X7BH,aat|artists-books-books,Artists' books (books),artists-books-books,""
UEZJUNBZ,aat|artists-books-books,Artists' books (books),artists-books-books,""
UGEJZ5HG,aat|artists-books-books,Artists' books (books),artists-books-books,""
UHGUWGUZ,aat|artists-books-books,Artists' books (books),artists-books-books,""
UHM6IPEL,aat|artists-books-books,Artists' books (books),artists-books-books,""
UIGDYJFL,aat|artists-books-books,Artists' books (books),artists-books-books,""
UJ4MWNSR,aat|artists-books-books,Artists' books (books),artists-books-books,""
UKY9ZGFI,aat|artists-books-books,Artists' books (books),artists-books-books,""
URAFUIAI,aat|artists-books-books,Artists' books (books),artists-books-books,""
URPYB2MG,aat|artists-books-books,Artists' books (books),artists-books-books,""
URSCBSMC,aat|artists-books-books,Artists' books (books),artists-books-books,""
USFF56BD,aat|artists-books-books,Artists' books (books),artists-books-books,""
UTGYZH5Q,aat|artists-books-books,Artists' books (books),artists-books-books,""
UZ8WXUCG,aat|artists-books-books,Artists' books (books),artists-books-books,""
V2JCB6GV,aat|artists-books-books,Artists' books (books),artists-books-books,""
V5XVCRM6,aat|artists-books-books,Artists' books (books),artists-books-books,""
V6G2QZ22,aat|artists-books-books,Artists' books (books),artists-books-books,""
V8GA3YS9,aat|artists-books-books,Artists' books (books),artists-books-books,""
V8GI9NAU,aat|artists-books-books,Artists' books (books),artists-books-books,""
VDHBMPPD,aat|artists-books-books,Artists' books (books),artists-books-books,""
VDUDK9C2,aat|artists-books-books,Artists' books (books),artists-books-books,""
VFX55SSB,aat|artists-books-books,Artists' books (books),artists-books-books,""
VGV4HPC5,aat|artists-books-books,Artists' books (books),artists-books-books,""
VH5MGEBA,aat|artists-books-books,Artists' books (books),artists-books-books,""
VIH8XP3C,aat|artists-books-books,Artists' books (books),artists-books-books,""
VL6TMD6F,aat|artists-books-books,Artists' books (books),artists-books-books,""
VN89TZBV,aat|artists-books-books,Artists' books (books),artists-books-books,""
VQPJFJEY,aat|artists-books-books,Artists' books (books),artists-books-books,""
VUJ7DGS2,aat|artists-books-books,Artists' books (books),artists-books-books,""
VVKM5K5N,aat|artists-books-books,Artists' books (books),artists-books-books,""
VVTUGTLE,aat|artists-books-books,Artists' books (books),artists-books-books,""
VVVDQ639,aat|artists-books-books,Artists' books (books),artists-books-books,""
VZXP6GCM,aat|artists-books-books,Artists' books (books),artists-books-books,""
W48KLTKW,aat|artists-books-books,Artists' books (books),artists-books-books,""
W4A4UHJH,aat|artists-books-books,Artists' books (books),artists-books-books,""
W53AH9P7,aat|artists-books-books,Artists' books (books),artists-books-books,""
W69SB9YB,aat|artists-books-books,Artists' books (books),artists-books-books,""
W7Z7GYMG,aat|artists-books-books,Artists' books (books),artists-books-books,""
W8CEVX5V,aat|artists-books-books,Artists' books (books),artists-books-books,""
WALLULYV,aat|artists-books-books,Artists' books (books),artists-books-books,""
WBM7HLVH,aat|artists-books-books,Artists' books (books),artists-books-books,""
WDBVDSH6,aat|artists-books-books,Artists' books (books),artists-books-books,""
WDD87XPC,aat|artists-books-books,Artists' books (books),artists-books-books,""
WDITEMDJ,aat|artists-books-books,Artists' books (books),artists-books-books,""
WEBBPJRM,aat|artists-books-books,Artists' books (books),artists-books-books,""
WIJ39J8T,aat|artists-books-books,Artists' books (books),artists-books-books,""
WJKYKWV9,aat|artists-books-books,Artists' books (books),artists-books-books,""
WJUEUMAZ,aat|artists-books-books,Artists' books (books),artists-books-books,""
WPVXPFFT,aat|artists-books-books,Artists' books (books),artists-books-books,""
WQ458CVM,aat|artists-books-books,Artists' books (books),artists-books-books,""
WQP4CTAY,aat|artists-books-books,Artists' books (books),artists-books-books,""
WSZILAFT,aat|artists-books-books,Artists' books (books),artists-books-books,""
WUFJ74UX,aat|artists-books-books,Artists' books (books),artists-books-books,""
WXHZR4P5,aat|artists-books-books,Artists' books (books),artists-books-books,""
WYK398PF,aat|artists-books-books,Artists' books (books),artists-books-books,""
X6SRYS58,aat|artists-books-books,Artists' books (books),artists-books-books,""
X79CB8BP,aat|artists-books-books,Artists' books (books),artists-books-books,""
X8LKY6MI,aat|artists-books-books,Artists' books (books),artists-books-books,""
XASJZ7ER,aat|artists-books-books,Artists' books (books),artists-books-books,""
XCX65JQA,aat|artists-books-books,Artists' books (books),artists-books-books,""
XD3C3XZT,aat|artists-books-books,Artists' books (books),artists-books-books,""
XEUXGW7D,aat|artists-books-books,Artists' books (books),artists-books-books,""
XGSQQADE,aat|artists-books-books,Artists' books (books),artists-books-books,""
XKGNRICF,aat|artists-books-books,Artists' books (books),artists-books-books,""
XL5ECVPF,aat|artists-books-books,Artists' books (books),artists-books-books,""
XL6Z9KSL,aat|artists-books-books,Artists' books (books),artists-books-books,""
XMG7YAZW,aat|artists-books-books,Artists' books (books),artists-books-books,""
XNH2F8EB,aat|artists-books-books,Artists' books (books),artists-books-books,""
XP8YFKPR,aat|artists-books-books,Artists' books (books),artists-books-books,""
XP9M2U3Q,aat|artists-books-books,Artists' books (books),artists-books-books,""
XS8JUKLN,aat|artists-books-books,Artists' books (books),artists-books-books,""
XUXNQB4J,aat|artists-books-books,Artists' books (books),artists-books-books,""
XYG4SPBI,aat|artists-books-books,Artists' books (books),artists-books-books,""
XYWFSLL2,aat|artists-books-books,Artists' books (books),artists-books-books,""
Y6WQSNVH,aat|artists-books-books,Artists' books (books),artists-books-books,""
Y7SJHXS2,aat|artists-books-books,Artists' books (books),artists-books-books,""
YE293VPP,aat|artists-books-books,Artists' books (books),artists-books-books,""
YEQEKP79,aat|artists-books-books,Artists' books (books),artists-books-books,""
YHJSU6FI,aat|artists-books-books,Artists' books (books),artists-books-books,""
YJX3D7TH,aat|artists-books-books,Artists' books (books),artists-books-books,""
YK7UXBCP,aat|artists-books-books,Artists' books (books),artists-books-books,""
YQI24LZV,aat|artists-books-books,Artists' books (books),artists-books-books,""
YRUBL7EW,aat|artists-books-books,Artists' books (books),artists-books-books,""
YS5ULT2U,aat|artists-books-books,Artists' books (books),artists-books-books,""
YVIWJFCF,aat|artists-books-books,Artists' books (books),artists-books-books,""
YWB3954W,aat|artists-books-books,Artists' books (books),artists-books-books,""
YX3HQ4UN,aat|artists-books-books,Artists' books (books),artists-books-books,""
YXLZZIW6,aat|artists-books-books,Artists' books (books),artists-books-books,""
Z2EKDXCQ,aat|artists-books-books,Artists' books (books),artists-books-books,""
Z3TC8IEP,aat|artists-books-books,Artists' books (books),artists-books-books,""
ZB3WVS8X,aat|artists-books-books,Artists' books (books),artists-books-books,""
ZBY9BGV2,aat|artists-books-books,Artists' books (books),artists-books-books,""
ZC6PGQMG,aat|artists-books-books,Artists' books (books),artists-books-books,""
ZDSR96LN,aat|artists-books-books,Artists' books (books),artists-books-books,""
ZEIL2M3R,aat|artists-books-books,Artists' books (books),artists-books-books,""
ZFXFXB83,aat|artists-books-books,Artists' books (books),artists-books-books,""
ZH3R9PQF,aat|artists-books-books,Artists' books (books),artists-books-books,""
ZIKLIUXS,aat|artists-books-books,Artists' books (books),artists-books-books,""
ZLF4BX44,aat|artists-books-books,Artists' books (books),artists-books-books,""
ZNVXCQJ8,aat|artists-books-books,Artists' books (books),artists-books-books,""
ZNYNAY55,aat|artists-books-books,Artists' books (books),artists-books-books,""
ZRUCQW6Z,aat|artists-books-books,Artists' books (books),artists-books-books,""
ZSIHGLFW,aat|artists-books-books,Artists' books (books),artists-books-books,""
ZTWYAIES,aat|artists-books-books,Artists' books (books),artists-books-books,""
ZU4KHA9D,aat|artists-books-books,Artists' books (books),artists-books-books,""
ZV2B9FCC,aat|artists-books-books,Artists' books (books),artists-books-books,""
ZW723DS9,aat|artists-books-books,Artists' books (books),artists-books-books,""
ZXYGRPTZ,aat|artists-books-books,Artists' books (books),artists-books-books,""
ZZ3NUSXD,aat|artists-books-books,Artists' books (books),artists-books-books,""
262QQCQM,aat|artists-books-books,artists' books (books),artists-books-books,""
2V393RKM,aat|artists-books-books,artists' books (books),artists-books-books,""
48Z5GEA5,aat|artists-books-books,artists' books (books),artists-books-books,""
5GHN94A7,aat|artists-books-books,artists' books (books),artists-books-books,""
83MS2XUC,aat|artists-books-books,artists' books (books),artists-books-books,""
8LAEJUZ5,aat|artists-books-books,artists' books (books),artists-books-books,""
97U2MSIV,aat|artists-books-books,artists' books (books),artists-books-books,""
C7MEVSQD,aat|artists-books-books,artists' books (books),artists-books-books,""
ETFHJ7GV,aat|artists-books-books,artists' books (books),artists-books-books,""
FRWVGU5B,aat|artists-books-books,artists' books (books),artists-books-books,""
G9VEB5UB,aat|artists-books-books,artists' books (books),artists-books-books,""
H7WBH66E,aat|artists-books-books,artists' books (books),artists-books-books,""
H9D9A9S8,aat|artists-books-books,artists' books (books),artists-books-books,""
HSRT9GT3,aat|artists-books-books,artists' books (books),artists-books-books,""
HWYII88K,aat|artists-books-books,artists' books (books),artists-books-books,""
I7UXXXA8,aat|artists-books-books,artists' books (books),artists-books-books,""
IRAM95ZX,aat|artists-books-books,artists' books (books),artists-books-books,""
IYLRZMUE,aat|artists-books-books,artists' books (books),artists-books-books,""
J7TYWSKI,aat|artists-books-books,artists' books (books),artists-books-books,""
JETBVKXZ,aat|artists-books-books,artists' books (books),artists-books-books,""
JMR6BK7A,aat|artists-books-books,artists' books (books),artists-books-books,""
JTM9G58T,aat|artists-books-books,artists' books (books),artists-books-books,""
LPSIJU9A,aat|artists-books-books,artists' books (books),artists-books-books,""
M2N44DBC,aat|artists-books-books,artists' books (books),artists-books-books,""
P7TD2598,aat|artists-books-books,artists' books (books),artists-books-books,""
PS2HQPPP,aat|artists-books-books,artists' books (books),artists-books-books,""
QHRECDDW,aat|artists-books-books,artists' books (books),artists-books-books,""
RK4ZBWCA,aat|artists-books-books,artists' books (books),artists-books-books,""
SPY7J7XK,aat|artists-books-books,artists' books (books),artists-books-books,""
SSWZKPLC,aat|artists-books-books,artists' books (books),artists-books-books,""
ST3XA9HK,aat|artists-books-books,artists' books (books),artists-books-books,""
TD5PIJUA,aat|artists-books-books,artists' books (books),artists-books-books,""
TI27USIG,aat|artists-books-books,artists' books (books),artists-books-books,""
V4PBZN95,aat|artists-books-books,artists' books (books),artists-books-books,""
W9TP8QRR,aat|artists-books-books,artists' books (books),artists-books-books,""
X54PGBWJ,aat|artists-books-books,artists' books (books),artists-books-books,""
YQWUNBSQ,aat|artists-books-books,artists' books (books),artists-books-books,""
ZEJN6D5R,aat|artists-books-books,artists' books (books),artists-books-books,""
M6QBF69D,aat|artists-periodicals,Artists' periodicals,artists-periodicals,""
SBKMT5VL,aat|artists-periodicals,Artists' periodicals,artists-periodicals,""
ZGEX6692,aat|artists-periodicals,Artists' periodicals,artists-periodicals,""
ZR6NFF5H,aat|artists-periodicals,Artists' periodicals,artists-periodicals,""
UHN6DPNG,aat|auction-catalogs,auction catalogs.,auction-catalogs,""
3Z5G7U57,aat|authors-presentation-copies,Authors' presentation copies.,authors-presentation-copies,""
L8N5DMJI,aat|authors-presentation-copies,authors' presentation copies.,authors-presentation-copies,""
SF9U8DZF,aat|authors-presentation-copies,authors' presentation copies.,authors-presentation-copies,""
TU4SKP2B,aat|authors-presentation-copies,authors' presentation copies.,authors-presentation-copies,""
WV5K8459,aat|authors-presentation-copies,authors' presentation copies.,authors-presentation-copies,""
FL9B73CP,aat|autobiographies-literary-genre,Autobiographies (literary genre),autobiographies-literary-genre,""
E2DMJFIT,aat|avant-garde,Avant-garde.,avant-garde,""
FWBI4549,aat|axonometric-projections-images,axonometric projections (images),axonometric-projections-images,""
EWZA4BP3,aat|bamboo,Bamboo,bamboo,""
43FXNU5W,aat|bas-reliefs-sculpture,Bas-reliefs (sculpture),bas-reliefs-sculpture,""
HWYII88K,aat|bestiaries,bestiaries,bestiaries,""
HWYII88K,aat|bestiaries,bestiaries.,bestiaries,""
5DYZ3ITJ,aat|binding,Binding,binding,""
A2VZ3LHX,aat|binding,Binding,binding,""
X54PGBWJ,aat|biomorphic-abstraction,biomorphic abstraction.,biomorphic-abstraction,""
4UB2P2GF,aat|blind-embossing,Blind embossing.,blind-embossing,""
U59K33M4,aat|blind-embossing,Blind embossing.,blind-embossing,""
WR8BCBZL,aat|blind-embossing,Blind embossing.,blind-embossing,""
YJ32UTD8,aat|book-cloth-textile-material,Book cloth (textile material),book-cloth-textile-material,""
2P2UMVUV,aat|book-objects,Book objects,book-objects,""
7674ZGWX,aat|book-objects,Book objects,book-objects,""
E39HWSLV,aat|book-objects,Book objects,book-objects,""
UJ5VW779,aat|book-objects,Book objects,book-objects,""
J9YBYUXJ,aat|book-objects,Book objects.,book-objects,""
362SGIWS,aat|bookworks,Bookworks.,bookworks,""
3GILYV58,aat|bookworks,Bookworks.,bookworks,""
4YZ6WGNZ,aat|bookworks,Bookworks.,bookworks,""
HCXXUQZ4,aat|bookworks,Bookworks.,bookworks,""
HNT93X23,aat|bookworks,Bookworks.,bookworks,""
KCW4R76F,aat|bookworks,Bookworks.,bookworks,""
LDF2F4QN,aat|bookworks,Bookworks.,bookworks,""
MSXH42EF,aat|bookworks,Bookworks.,bookworks,""
N55VXDA9,aat|bookworks,Bookworks.,bookworks,""
R2WQLN92,aat|bookworks,Bookworks.,bookworks,""
RFCBWBMH,aat|bookworks,Bookworks.,bookworks,""
SRJKQGDM,aat|bookworks,Bookworks.,bookworks,""
X8SJ48HW,aat|bookworks,Bookworks.,bookworks,""
XMYMVX9Q,aat|bookworks,Bookworks.,bookworks,""
XYFKF42P,aat|bookworks,Bookworks.,bookworks,""
C7MEVSQD,aat|bookworks,bookworks,bookworks,""
HWYII88K,aat|bookworks,bookworks,bookworks,""
JMR6BK7A,aat|bookworks,bookworks.,bookworks,""
7AQSL8XR,aat|boxes-containers,Boxes (containers),boxes-containers,""
9MIGMLSA,aat|boxes-containers,Boxes (containers),boxes-containers,""
FX6TL2JZ,aat|boxes-containers,Boxes (containers),boxes-containers,""
FVM5TFYF,aat|boxes-containers,Boxes (containers).,boxes-containers,""
U59K33M4,aat|boxes-containers,Boxes (containers).,boxes-containers,""
WR8BCBZL,aat|boxes-containers,Boxes (containers).,boxes-containers,""
54LKVBKN,aat|brass-alloy,Brass (alloy),brass-alloy,""
M5Z3AJ8X,aat|broadsides,Broadsides,broadsides,""
5ZAFWV5P,aat|broadsides,Broadsides.,broadsides,""
XYAWCZ6I,aat|cadavres-exquis,Cadavres exquis.,cadavres-exquis,""
SQ4LA58T,aat|canvas-textile-material,Canvas (textile material).,canvas-textile-material,""
U3F9CDHM,aat|canvas-textile-material,Canvas (textile material).,canvas-textile-material,""
WUFJ74UX,aat|card-games-game-sets,Card games (game sets),card-games-game-sets,""
SAMPYAPL,aat|cardboard,Cardboard.,cardboard,""
YM29MELK,aat|carousel-books,Carousel books.,carousel-books,""
SAMPYAPL,aat|chevron-twill,Chevron twill.,chevron-twill,""
ZLZZ3U5V,aat|chine-coll-process,Chine collé (process).,chine-coll-process,""
4L2HJ4W6,aat|chine-colle,Chine collé,chine-colle,""
ABQIU49A,aat|chine-colle,Chine collé,chine-colle,""
MDA4XCB6,aat|cloth,Cloth.,cloth,""
ZFRQULY9,aat|collaboration,Collaboration.,collaboration,""
E2DMJFIT,aat|collage,Collage.,collage,""
5VAZBZDA,aat|collage-technique,Collage (technique),collage-technique,""
8GUDL63U,aat|collages-visual-works,Collages (visual works),collages-visual-works,""
QFQUAAM5,aat|collages-visual-works,Collages (visual works),collages-visual-works,""
ZDWKDQ4J,aat|collages-visual-works,Collages (visual works),collages-visual-works,""
HSS4ZK43,aat|collograph-printing,Collograph printing.,collograph-printing,""
QS8S6MFC,aat|collographs,Collographs.,collographs,""
L6JD2FTD,aat|color-ink-jet-printing,Color ink jet printing,color-ink-jet-printing,""
SFVPRD2C,aat|color-lithographs,Color lithographs,color-lithographs,""
4N6C5WXA,aat|color-photocopies,Color photocopies.,color-photocopies,""
7D3NS4DM,aat|color-photocopies,Color photocopies.,color-photocopies,""
YYJGGDBK,aat|color-prints,Color prints,color-prints,""
2RANA3EA,aat|comic-books,Comic books,comic-books,""
3HWTCL2E,aat|comic-books,Comic books,comic-books,""
4NPLYM58,aat|comic-books,Comic books,comic-books,""
5NVY5CM5,aat|comic-books,Comic books,comic-books,""
84KWQXLU,aat|comic-books,Comic books,comic-books,""
8Z4XUUNF,aat|comic-books,Comic books,comic-books,""
IVBYCH69,aat|comic-books,Comic books,comic-books,""
IZVNER4D,aat|comic-books,Comic books,comic-books,""
J4S6SM5C,aat|comic-books,Comic books,comic-books,""
JYBIACKW,aat|comic-books,Comic books,comic-books,""
K9EY59KS,aat|comic-books,Comic books,comic-books,""
LTM6TMDZ,aat|comic-books,Comic books,comic-books,""
NT3T64UG,aat|comic-books,Comic books,comic-books,""
NVUWPALB,aat|comic-books,Comic books,comic-books,""
TEBZ5V8S,aat|comic-books,Comic books,comic-books,""
ULSN236N,aat|comic-books,Comic books,comic-books,""
UQQDXMAY,aat|comic-books,Comic books,comic-books,""
VTUB34MK,aat|comic-books,Comic books,comic-books,""
WJTQLUB8,aat|comic-books,Comic books,comic-books,""
Z8JS82W4,aat|comic-books,Comic books,comic-books,""
4N6C5WXA,aat|comics,Comics.,comics,""
67BP24D5,aat|comics,Comics.,comics,""
7D3NS4DM,aat|comics,Comics.,comics,""
5F73RJFR,aat|comics-documents,Comics (documents),comics-documents,""
T9NJCTIW,aat|computer-graphics,Computer graphics.,computer-graphics,""
XENNDQJE,aat|concrete-poems,Concrete poems,concrete-poems,""
5ABYI5ZW,aat|concrete-poetry,Concrete poetry,concrete-poetry,""
XXUPUJWZ,aat|concrete-poetry,Concrete poetry.,concrete-poetry,""
D279AQ4J,aat|concrete-poetry,concrete poetry.,concrete-poetry,""
X54PGBWJ,aat|concrete-poetry,concrete poetry.,concrete-poetry,""
FL9B73CP,aat|coptic-bindings,Coptic bindings.,coptic-bindings,""
TYH9RIFG,aat|coptic-bindings,Coptic bindings.,coptic-bindings,""
Q3GAFQ6P,aat|copy-art,Copy art,copy-art,""
DIZS9JF4,aat|copy-art,Copy art.,copy-art,""
HHXPLS4X,aat|copy-art,Copy art.,copy-art,""
TCJTY2DI,aat|copy-art,Copy art.,copy-art,""
AJTRLUI5,aat|cut-paper-work,Cut-paper work.,cut-paper-work,""
GJHUCSAB,aat|cut-paper-work,Cut-paper work.,cut-paper-work,""
RFCBWBMH,aat|cut-paper-work,Cut-paper work.,cut-paper-work,""
Y4KSEC3Q,aat|cut-paper-work,Cut-paper work.,cut-paper-work,""
YJ32UTD8,aat|cutouts,Cutouts.,cutouts,""
YJ32UTD8,aat|debossing,Debossing.,debossing,""
32FH4LTM,aat|die-cutting,Die cutting,die-cutting,""
ZEHZJ85N,aat|die-cutting,Die cutting,die-cutting,""
ETFHJ7GV,aat|die-cutting,Die-cutting.,die-cutting,""
SPMZW8LH,aat|digital-art-visual-works,Digital art (visual works),digital-art-visual-works,""
AJTRLUI5,aat|digital-prints,Digital prints.,digital-prints,""
LNHQ8Z4Y,aat|digital-prints,Digital prints.,digital-prints,""
U59K33M4,aat|digital-prints,Digital prints.,digital-prints,""
WR8BCBZL,aat|digital-prints,Digital prints.,digital-prints,""
YJ32UTD8,aat|digital-prints,Digital prints.,digital-prints,""
54LKVBKN,aat|dioramas,Dioramas.,dioramas,""
I8VXEVTA,aat|documentary-photography,Documentary photography,documentary-photography,""
K8G47JKD,aat|documentary-photography,Documentary photography,documentary-photography,""
7BPKEUWY,aat|dowels,Dowels,dowels,""
C2VCJWMR,aat|drawings-visual-works,Drawings (visual works),drawings-visual-works,""
IYY5X3TR,aat|drawings-visual-works,Drawings (visual works),drawings-visual-works,""
ZDWKDQ4J,aat|drawings-visual-works,Drawings (visual works),drawings-visual-works,""
UHN6DPNG,aat|e-books,e-books.,e-books,""
TYH9RIFG,aat|embossing-technique,Embossing (technique),embossing-technique,""
SQ4LA58T,aat|embroidery-visual-works,Embroidery (visual works).,embroidery-visual-works,""
U3F9CDHM,aat|embroidery-visual-works,Embroidery (visual works).,embroidery-visual-works,""
8LN6N77T,aat|encyclopedias,Encyclopedias.,encyclopedias,""
TQXTQ9Z8,aat|engravings,Engravings,engravings,""
9AXYH6VQ,aat|engravings-prints,Engravings (prints),engravings-prints,""
7GN9QTF8,aat|envelopes,Envelopes.,envelopes,""
7TWRJVIY,aat|envelopes,Envelopes.,envelopes,""
RSS8536S,aat|ephemera-general-object-genre,Ephemera (general object genre).,ephemera-general-object-genre,""
LNHQ8Z4Y,aat|etching-printing-process,Etching (printing process).,etching-printing-process,""
4L2HJ4W6,aat|etchings,Etchings,etchings,""
ABQIU49A,aat|etchings,Etchings,etchings,""
XENNDQJE,aat|etchings,Etchings,etchings,""
PDGGTXFW,aat|etchings,Etchings.,etchings,""
AMJTHDXX,aat|etchings-prints,Etchings (prints).,etchings-prints,""
IYY5X3TR,aat|exhibition-catalogs,Exhibition catalogs,exhibition-catalogs,""
M695DQSQ,aat|exhibition-catalogs,Exhibition catalogs.,exhibition-catalogs,""
P388DLSD,aat|exhibition-catalogs,exhibition catalogs.,exhibition-catalogs,""
JW2TTDI3,aat|fables,fables.,fables,""
2E6PKI2P,aat|facsimiles-reproductions,Facsimiles (Reproductions),facsimiles-reproductions,""
DFD3C67V,aat|facsimiles-reproductions,Facsimiles (Reproductions),facsimiles-reproductions,""
3HWTCL2E,aat|fanzines,Fanzines,fanzines,""
4NPLYM58,aat|fanzines,Fanzines,fanzines,""
5NVY5CM5,aat|fanzines,Fanzines,fanzines,""
64ZHIQT3,aat|fanzines,Fanzines,fanzines,""
84KWQXLU,aat|fanzines,Fanzines,fanzines,""
8Z4XUUNF,aat|fanzines,Fanzines,fanzines,""
A9P4WPHR,aat|fanzines,Fanzines,fanzines,""
DNIUYM7C,aat|fanzines,Fanzines,fanzines,""
I3ADNL87,aat|fanzines,Fanzines,fanzines,""
IVBYCH69,aat|fanzines,Fanzines,fanzines,""
J4S6SM5C,aat|fanzines,Fanzines,fanzines,""
JYBIACKW,aat|fanzines,Fanzines,fanzines,""
KSFJJ4F4,aat|fanzines,Fanzines,fanzines,""
KXZAUJZ5,aat|fanzines,Fanzines,fanzines,""
LTM6TMDZ,aat|fanzines,Fanzines,fanzines,""
UQQDXMAY,aat|fanzines,Fanzines,fanzines,""
V5SFZKAC,aat|fanzines,Fanzines,fanzines,""
WJTQLUB8,aat|fanzines,Fanzines,fanzines,""
FVM5TFYF,aat|felt-textile,Felt (textile).,felt-textile,""
KCW4R76F,aat|felt-work,Felt work.,felt-work,""
I6BWJR6F,aat|film-canisters,Film canisters.,film-canisters,""
CLH4MRT7,aat|flip-books,Flip books,flip-books,""
6ERLW4N9,aat|flip-books,Flip books.,flip-books,""
6NE9VNG2,aat|flip-books,Flip books.,flip-books,""
AASGMYPQ,aat|flip-books,Flip books.,flip-books,""
KY38G7MD,aat|flip-books,Flip books.,flip-books,""
NXSP7TFV,aat|flip-books,Flip books.,flip-books,""
PXLQJ8XF,aat|flip-books,Flip books.,flip-books,""
RKTTFVT5,aat|flip-books,Flip books.,flip-books,""
T77RRJNU,aat|flip-books,Flip books.,flip-books,""
ZEUFV2QK,aat|flip-books,Flip books.,flip-books,""
ZT2JWCCQ,aat|flip-books,Flip books.,flip-books,""
HG4H7GZZ,aat|fluxus,Fluxus.,fluxus,""
LTR8T7N6,aat|fluxus,Fluxus.,fluxus,""
DX9UPWPC,aat|foil-stamping,Foil stamping.,foil-stamping,""
5EFHI9IS,aat|folded-books,Folded books,folded-books,""
WMM9ND5Q,aat|folded-books,Folded books,folded-books,""
9V5V3IJV,aat|folded-books,Folded books.,folded-books,""
EMKZHECC,aat|folded-books,Folded books.,folded-books,""
GANL3NMK,aat|folded-books,Folded books.,folded-books,""
JXA2PR6S,aat|folded-books,Folded books.,folded-books,""
L27RMSKV,aat|folded-books,Folded books.,folded-books,""
QM43W9SG,aat|folded-books,Folded books.,folded-books,""
ZLZZ3U5V,aat|foldouts,Foldouts.,foldouts,""
YAMKURNF,aat|forms-documents,Forms (documents),forms-documents,""
JE693FFV,aat|games,games.,games,""
EF4HVTT7,aat|gelatin-silver-prints,Gelatin silver prints,gelatin-silver-prints,""
I8334GH8,aat|gelatin-silver-prints,Gelatin silver prints,gelatin-silver-prints,""
V3A5MBA9,aat|glassine,Glassine.,glassine,""
IYY5X3TR,aat|gouaches-paintings,Gouaches (paintings),gouaches-paintings,""
3SE26G2E,aat|graphzines,Graphzines,graphzines,""
R6PSNG3T,aat|greeting-cards,Greeting cards.,greeting-cards,""
DX9UPWPC,aat|hand-composition,Hand composition.,hand-composition,""
XYAWCZ6I,aat|hand-composition,Hand composition.,hand-composition,""
I8TPMZS8,aat|handmade-books,Handmade books,handmade-books,""
I6BWJR6F,aat|handmade-paper,Handmade paper.,handmade-paper,""
Q5DL49J3,aat|handmade-paper,Handmade paper.,handmade-paper,""
RSS8536S,aat|handmade-paper,Handmade paper.,handmade-paper,""
V3A5MBA9,aat|handmade-paper,Handmade paper.,handmade-paper,""
FL9B73CP,aat|handmade-papers,Handmade papers.,handmade-papers,""
PEHZH8IQ,aat|handmade-papers-fiber-product,Handmade papers (fiber product),handmade-papers-fiber-product,""
2I695H7Z,aat|handwriting,Handwriting.,handwriting,""
AJTRLUI5,aat|handwriting,Handwriting.,handwriting,""
ZLZZ3U5V,aat|handwriting,Handwriting.,handwriting,""
LNHQ8Z4Y,aat|hardcover-books,Hardcover books.,hardcover-books,""
LVQAWHJI,aat|hardcover-books,Hardcover books.,hardcover-books,""
U59K33M4,aat|hinges-hardware,Hinges (hardware).,hinges-hardware,""
WR8BCBZL,aat|hinges-hardware,Hinges (hardware).,hinges-hardware,""
RBWHALLR,aat|illuminated-manuscripts-manuscripts-document-genre,Illuminated manuscripts (manuscripts (document genre)),illuminated-manuscripts-manuscripts-document-genre,""
ZR7HF4MW,aat|illustrated-books,illustrated books.,illustrated-books,""
EMKZHECC,aat|ink,Ink.,ink,""
8CT2FKEJ,aat|inkjet-prints,Inkjet prints,inkjet-prints,""
2I695H7Z,aat|inkjet-prints,Inkjet prints.,inkjet-prints,""
N78WD9EN,aat|inkjet-prints,Inkjet prints.,inkjet-prints,""
54LKVBKN,aat|intaglio-prints,Intaglio prints.,intaglio-prints,""
LNHQ8Z4Y,aat|japanese-paper-handmade-paper,Japanese paper (handmade paper).,japanese-paper-handmade-paper,""
L5F9FTKM,aat|labels-identifying-artifacts,Labels (identifying artifacts),labels-identifying-artifacts,""
FVM5TFYF,aat|laser-beam-cutting,Laser beam cutting.,laser-beam-cutting,""
TYH9RIFG,aat|laser-beam-cutting,Laser beam cutting.,laser-beam-cutting,""
ZEHZJ85N,aat|leterpress-printing,Leterpress printing,leterpress-printing,""
DX9UPWPC,aat|letterpress-printing,Letterpress printing,letterpress-printing,""
HFXELM4H,aat|letterpress-printing,Letterpress printing,letterpress-printing,""
KYCWYCP6,aat|letterpress-printing,Letterpress printing,letterpress-printing,""
TX77ZJ5I,aat|letterpress-printing,Letterpress printing,letterpress-printing,""
UBUK5JD3,aat|letterpress-printing,Letterpress printing,letterpress-printing,""
4EGJHL37,aat|letterpress-printing,Letterpress printing.,letterpress-printing,""
54LKVBKN,aat|letterpress-printing,Letterpress printing.,letterpress-printing,""
6WUU8JTB,aat|letterpress-printing,Letterpress printing.,letterpress-printing,""
DS9CH8N2,aat|letterpress-printing,Letterpress printing.,letterpress-printing,""
FL9B73CP,aat|letterpress-printing,Letterpress printing.,letterpress-printing,""
FVM5TFYF,aat|letterpress-printing,Letterpress printing.,letterpress-printing,""
HFB8E94B,aat|letterpress-printing,Letterpress printing.,letterpress-printing,""
LNHQ8Z4Y,aat|letterpress-printing,Letterpress printing.,letterpress-printing,""
LVQAWHJI,aat|letterpress-printing,Letterpress printing.,letterpress-printing,""
RSS8536S,aat|letterpress-printing,Letterpress printing.,letterpress-printing,""
XF4H3MTQ,aat|letterpress-printing,Letterpress printing.,letterpress-printing,""
ZLZZ3U5V,aat|letterpress-printing,Letterpress printing.,letterpress-printing,""
VGV4HPC5,aat|letters-correspondence,Letters (correspondence).,letters-correspondence,""
FL9B73CP,aat|limited-editions,Limited editions.,limited-editions,""
M9L7LX64,aat|limited-editions,Limited editions.,limited-editions,""
MDA4XCB6,aat|limited-editions,Limited editions.,limited-editions,""
U4FSZ6LI,aat|limited-editions,Limited editions.,limited-editions,""
5GHN94A7,aat|limited-editions,limited editions.,limited-editions,""
FL9B73CP,aat|limp-bindings,Limp bindings.,limp-bindings,""
ZSMXHJPF,aat|line-drawings,Line drawings,line-drawings,""
595FEIBQ,aat|linocuts,Linocuts,linocuts,""
AEXFBRM8,aat|linocuts,Linocuts,linocuts,""
C3B4P4Y3,aat|linocuts,Linocuts,linocuts,""
T8FCGJ43,aat|linocuts,Linocuts,linocuts,""
BBAB2CHC,aat|linocuts,Linocuts.,linocuts,""
IYY5X3TR,aat|linocuts-prints,Linocuts (prints),linocuts-prints,""
5DYZ3ITJ,aat|literary-format,Literary format,literary-format,""
8CT2FKEJ,aat|lithographs,Lithographs,lithographs,""
KZ8SIE8W,aat|lithographs,Lithographs,lithographs,""
TTVHGPT8,aat|lithographs,Lithographs,lithographs,""
FVY24QBQ,aat|lithographs,Lithographs.,lithographs,""
KYCWYCP6,aat|lithography,Lithography,lithography,""
SFTHTSBR,aat|livres-de-peintres,livres de peintres,livres-de-peintres,""
2BLLNIMT,aat|mail-art,Mail art,mail-art,""
59J5L9NE,aat|mail-art,Mail art,mail-art,""
8A8LBYWM,aat|mail-art,Mail art,mail-art,""
UMF5PZDK,aat|mail-art,Mail art,mail-art,""
6FI2H34X,aat|mail-art,Mail art.,mail-art,""
E2DMJFIT,aat|mail-art,Mail art.,mail-art,""
PZ72MJUC,aat|mail-art,Mail art.,mail-art,""
R6PSNG3T,aat|mail-art,Mail art.,mail-art,""
X235VHKL,aat|mail-art,Mail art.,mail-art,""
XYJTFHX4,aat|mail-art,Mail art.,mail-art,""
EF4HVTT7,aat|manipulated-photographs,Manipulated photographs,manipulated-photographs,""
A2VZ3LHX,aat|materials,Materials,materials,""
X54PGBWJ,aat|metallic-paper,metallic paper.,metallic-paper,""
5I97II59,aat|miniature-books,Miniature books,miniature-books,""
L6JD2FTD,aat|miniature-books,Miniature books,miniature-books,""
Q4YMTZMR,aat|miniature-books,Miniature books,miniature-books,""
5E9LEQ3X,aat|miniature-books,Miniature books.,miniature-books,""
5XF3JJTV,aat|miniature-books,Miniature books.,miniature-books,""
6NE9VNG2,aat|miniature-books,Miniature books.,miniature-books,""
6RUBH3EK,aat|miniature-books,Miniature books.,miniature-books,""
8DVC5A6Q,aat|miniature-books,Miniature books.,miniature-books,""
AASGMYPQ,aat|miniature-books,Miniature books.,miniature-books,""
BV8W6ML6,aat|miniature-books,Miniature books.,miniature-books,""
D6AQDYNP,aat|miniature-books,Miniature books.,miniature-books,""
D94AQJRQ,aat|miniature-books,Miniature books.,miniature-books,""
DUJ3Z6SX,aat|miniature-books,Miniature books.,miniature-books,""
GFPH6LDI,aat|miniature-books,Miniature books.,miniature-books,""
HRAUXDQA,aat|miniature-books,Miniature books.,miniature-books,""
N8W599FY,aat|miniature-books,Miniature books.,miniature-books,""
QIVMDASD,aat|miniature-books,Miniature books.,miniature-books,""
QTH2NTPK,aat|miniature-books,Miniature books.,miniature-books,""
R3MU733M,aat|miniature-books,Miniature books.,miniature-books,""
SSRKNMU9,aat|miniature-books,Miniature books.,miniature-books,""
U3KHVTKI,aat|miniature-books,Miniature books.,miniature-books,""
VTPDE3Y8,aat|miniature-books,Miniature books.,miniature-books,""
WJCQL3TM,aat|miniature-books,Miniature books.,miniature-books,""
YT4MNCEE,aat|miniature-books,Miniature books.,miniature-books,""
LNHQ8Z4Y,aat|mixed-media,Mixed media.,mixed-media,""
QUJ6S7Q6,aat|mixed-media,Mixed media.,mixed-media,""
SAMPYAPL,aat|models-representations,Models (representations),models-representations,""
3L6WBFBS,aat|monotypes,Monotypes.,monotypes,""
BEDUHETT,aat|monotypes-planographic-prints,Monotypes (Planographic prints).,monotypes-planographic-prints,""
76AZIVZK,aat|movable-books,Movable books,movable-books,""
HBEYU7U4,aat|movable-books,Movable books,movable-books,""
HCXXUQZ4,aat|movable-books,Movable books.,movable-books,""
9V5V3IJV,aat|moveable-books,Moveable books.,moveable-books,""
Q63JTAT9,aat|multimedia-works,Multimedia works,multimedia-works,""
XVR7S8LF,aat|multiple,Multiple.,multiple,""
HG4H7GZZ,aat|multiples,Multiples,multiples,""
FVYL4JHV,aat|multiples,Multiples.,multiples,""
GXGEJXLV,aat|multiples,Multiples.,multiples,""
P2V6QM8C,aat|multiples,Multiples.,multiples,""
PYENYJKV,aat|multiples,Multiples.,multiples,""
T2DIBRFS,aat|multiples,Multiples.,multiples,""
C7MEVSQD,aat|multiples,multiples.,multiples,""
YIA6FDSC,aat|mylar-tm,Mylar (TM),mylar-tm,""
EDWF59NX,aat|novels,novels.,novels,""
P3PSZ4QG,aat|numbered-limited-editions,Numbered limited editions,numbered-limited-editions,""
FVM5TFYF,aat|nylon,Nylon.,nylon,""
ADV6C6SD,aat|offset-halftones,Offset halftones,offset-halftones,""
AYMAGKH9,aat|offset-lithographs,Offset lithographs,offset-lithographs,""
KRC6KPJK,aat|offset-lithographs,Offset lithographs,offset-lithographs,""
I7UXXXA8,aat|offset-lithographs,offset lithographs.,offset-lithographs,""
P7TD2598,aat|offset-lithographs,offset lithographs.,offset-lithographs,""
LTR8T7N6,aat|offset-lithography,Offset lithography,offset-lithography,""
5FMAYRE8,aat|offset-lithography,Offset lithography.,offset-lithography,""
QM43W9SG,aat|offset-lithography,Offset lithography.,offset-lithography,""
ZLZZ3U5V,aat|offset-lithography,Offset lithography.,offset-lithography,""
KD8YZCZ4,aat|offset-printed-halftones,Offset-printed halftones,offset-printed-halftones,""
K6R2SZ3N,aat|offset-printing,Offset printing,offset-printing,""
KV48BUE6,aat|offset-printing,Offset printing,offset-printing,""
JXA2PR6S,aat|offset-printing,Offset printing.,offset-printing,""
FI39J8BX,aat|organic-materials,Organic materials.,organic-materials,""
PYENYJKV,aat|organic-materials,Organic materials.,organic-materials,""
5VAZBZDA,aat|original-color,Original color.,original-color,""
E2DMJFIT,aat|original-color,Original color.,original-color,""
25YEIQ2T,aat|palladium-prints,Palladium prints.,palladium-prints,""
M9L7LX64,aat|pamphlet-bindings,Pamphlet bindings.,pamphlet-bindings,""
WXB3PQTU,aat|pamphlet-bindings,Pamphlet bindings.,pamphlet-bindings,""
5FMAYRE8,aat|pamphlets,Pamphlets.,pamphlets,""
XENNDQJE,aat|paper-cutouts,Paper cutouts,paper-cutouts,""
ETFHJ7GV,aat|paper-scupltors,Paper scupltors.,paper-scupltors,""
GNT6LD9R,aat|paperwork,Paperwork.,paperwork,""
RFBPWS4H,aat|papier-m-ch,Papier mâché.,papier-m-ch,""
UJ5VW779,aat|papier-m-ch-sculpture,Papier-mâché sculpture,papier-m-ch-sculpture,""
UHN6DPNG,aat|pdf,PDF.,pdf,""
2SCMIX88,aat|perfect-binding-process,Perfect binding (process).,perfect-binding-process,""
8GYHKFAW,aat|perfect-binding-process,Perfect binding (process).,perfect-binding-process,""
PAX3JCQA,aat|perfect-binding-process,Perfect binding (process).,perfect-binding-process,""
QWSNT84W,aat|perfect-binding-process,Perfect binding (process).,perfect-binding-process,""
ZL8QNZNF,aat|perfect-binding-process,Perfect binding (process).,perfect-binding-process,""
6SMWZEDC,aat|perfect-binding-process,Perfect binding (process.,perfect-binding-process,""
BXA5D55E,aat|performance-art-documents,Performance art documents.,performance-art-documents,""
TS8JTBYB,aat|performance-art-documents,Performance art documents.,performance-art-documents,""
X235VHKL,aat|performance-art-documents,Performance art documents.,performance-art-documents,""
GSU7RIAH,aat|periodicals,Periodicals,periodicals,""
IA7CCWVI,aat|periodicals,periodicals.,periodicals,""
Z78UMVQG,aat|periodicals,periodicals.,periodicals,""
M2N44DBC,aat|phonograph-records,phonograph records.,phonograph-records,""
3A3YZS7V,aat|photobooks,Photobooks,photobooks,""
3Y8U8ZF9,aat|photobooks,Photobooks,photobooks,""
44H3J4PE,aat|photobooks,Photobooks,photobooks,""
4A4KYCYY,aat|photobooks,Photobooks,photobooks,""
4N9N5ITB,aat|photobooks,Photobooks,photobooks,""
4UFKDA3P,aat|photobooks,Photobooks,photobooks,""
4YRHPUNT,aat|photobooks,Photobooks,photobooks,""
52GSDNZF,aat|photobooks,Photobooks,photobooks,""
5C9IGFYL,aat|photobooks,Photobooks,photobooks,""
5EXRESMM,aat|photobooks,Photobooks,photobooks,""
5JVKZS58,aat|photobooks,Photobooks,photobooks,""
5VWS7Q8P,aat|photobooks,Photobooks,photobooks,""
5XN9NXJN,aat|photobooks,Photobooks,photobooks,""
7I6788FS,aat|photobooks,Photobooks,photobooks,""
8AGMUSAL,aat|photobooks,Photobooks,photobooks,""
8CGK2V3V,aat|photobooks,Photobooks,photobooks,""
8UTZ7SEQ,aat|photobooks,Photobooks,photobooks,""
8UUAJ5AY,aat|photobooks,Photobooks,photobooks,""
8VL4VZIP,aat|photobooks,Photobooks,photobooks,""
ADDZLJJL,aat|photobooks,Photobooks,photobooks,""
AHZZP9XL,aat|photobooks,Photobooks,photobooks,""
B7X5M485,aat|photobooks,Photobooks,photobooks,""
BXPYLPQA,aat|photobooks,Photobooks,photobooks,""
DBAK2BJY,aat|photobooks,Photobooks,photobooks,""
DR8985RQ,aat|photobooks,Photobooks,photobooks,""
E98Z7IRM,aat|photobooks,Photobooks,photobooks,""
EQJWQ4AD,aat|photobooks,Photobooks,photobooks,""
F3KU7F6S,aat|photobooks,Photobooks,photobooks,""
FDWUTM65,aat|photobooks,Photobooks,photobooks,""
GDEAWFHF,aat|photobooks,Photobooks,photobooks,""
GHPSVHUJ,aat|photobooks,Photobooks,photobooks,""
GKVALR3V,aat|photobooks,Photobooks,photobooks,""
GYXELWPK,aat|photobooks,Photobooks,photobooks,""
HNJ6CKQB,aat|photobooks,Photobooks,photobooks,""
HUK5SEEK,aat|photobooks,Photobooks,photobooks,""
I8VXEVTA,aat|photobooks,Photobooks,photobooks,""
IKJRRBV3,aat|photobooks,Photobooks,photobooks,""
J6YJWAQZ,aat|photobooks,Photobooks,photobooks,""
J7H35T2K,aat|photobooks,Photobooks,photobooks,""
JKGBHB48,aat|photobooks,Photobooks,photobooks,""
K66MFIKJ,aat|photobooks,Photobooks,photobooks,""
K8G47JKD,aat|photobooks,Photobooks,photobooks,""
K9ZWJMAC,aat|photobooks,Photobooks,photobooks,""
KSKE32W9,aat|photobooks,Photobooks,photobooks,""
NKUVZWQU,aat|photobooks,Photobooks,photobooks,""
P2VY7UA7,aat|photobooks,Photobooks,photobooks,""
P3MLSDWI,aat|photobooks,Photobooks,photobooks,""
PZRTTE6E,aat|photobooks,Photobooks,photobooks,""
Q3XELTDC,aat|photobooks,Photobooks,photobooks,""
QWQ4CJD5,aat|photobooks,Photobooks,photobooks,""
RPXA9884,aat|photobooks,Photobooks,photobooks,""
SIQU7G2G,aat|photobooks,Photobooks,photobooks,""
SYX7T4RL,aat|photobooks,Photobooks,photobooks,""
T9Z3HK8B,aat|photobooks,Photobooks,photobooks,""
TGHPTK4F,aat|photobooks,Photobooks,photobooks,""
TXW6Z4G4,aat|photobooks,Photobooks,photobooks,""
TZ4ZBB3Z,aat|photobooks,Photobooks,photobooks,""
U892DIRP,aat|photobooks,Photobooks,photobooks,""
UD55X7BH,aat|photobooks,Photobooks,photobooks,""
VRZWGZVX,aat|photobooks,Photobooks,photobooks,""
VWFQ3345,aat|photobooks,Photobooks,photobooks,""
WNYTGTH7,aat|photobooks,Photobooks,photobooks,""
X6BXZXIF,aat|photobooks,Photobooks,photobooks,""
XMMENB8R,aat|photobooks,Photobooks,photobooks,""
XMWXAQ8G,aat|photobooks,Photobooks,photobooks,""
XPV8EM77,aat|photobooks,Photobooks,photobooks,""
YKLIS4G8,aat|photobooks,Photobooks,photobooks,""
YYMMGL4D,aat|photobooks,Photobooks,photobooks,""
Z5T5ZRXG,aat|photobooks,Photobooks,photobooks,""
EWYBMZ79,aat|photobooks,photobooks,photobooks,""
H9D9A9S8,aat|photobooks,photobooks.,photobooks,""
ZR7HF4MW,aat|photobooks,photobooks.,photobooks,""
VGV4HPC5,aat|photocollages-photographic-compositions,Photocollages (photographic compositions).,photocollages-photographic-compositions,""
67BP24D5,aat|photocopies,Photocopies.,photocopies,""
AASGMYPQ,aat|photocopies,Photocopies.,photocopies,""
BKNKAM6P,aat|photocopies,Photocopies.,photocopies,""
C245HHFB,aat|photocopies,Photocopies.,photocopies,""
CDK8XBJN,aat|photocopies,Photocopies.,photocopies,""
CEUGKLCF,aat|photocopies,Photocopies.,photocopies,""
CXR8LHZQ,aat|photocopies,Photocopies.,photocopies,""
X54PGBWJ,aat|photocopies,photocopies.,photocopies,""
DLIGTZ97,aat|photographic-prints,Photographic prints.,photographic-prints,""
CEVP7VFI,aat|photographs,Photographs.,photographs,""
RFCBWBMH,aat|photography,Photography.,photography,""
QBCX8XZD,aat|photogravures,Photogravures,photogravures,""
WMM9ND5Q,aat|photogravures-prints,Photogravures (prints),photogravures-prints,""
U59K33M4,aat|photomontages-visual-works,Photomontages (visual works).,photomontages-visual-works,""
WR8BCBZL,aat|photomontages-visual-works,Photomontages (visual works).,photomontages-visual-works,""
AJTRLUI5,aat|photopolymer-plates-printing-plates,Photopolymer plates (printing plates).,photopolymer-plates-printing-plates,""
EPJIZL8T,aat|pigment-prints,Pigment prints,pigment-prints,""
JUXX4H6G,aat|pigment-prints,Pigment prints.,pigment-prints,""
VGV4HPC5,aat|pigment-prints,Pigment prints.,pigment-prints,""
MDA4XCB6,aat|pins-fasteners,Pins (fasteners).,pins-fasteners,""
V3A5MBA9,aat|plant-material,Plant material.,plant-material,""
P3PSZ4QG,aat|plastic-laminate,Plastic laminate,plastic-laminate,""
JE693FFV,aat|playing-cards,Playing cards.,playing-cards,""
IQX38QPN,aat|plays,Plays,plays,""
595FEIBQ,aat|pochoir,Pochoir,pochoir,""
GJHUCSAB,aat|pochoir,Pochoir.,pochoir,""
2QJKZMCQ,aat|poems,Poems,poems,""
TTVHGPT8,aat|poems,Poems,poems,""
SFTHTSBR,aat|poems,poems.,poems,""
C7MEVSQD,aat|poetry,poetry.,poetry,""
CDP2SGUM,aat|poetry,poetry.,poetry,""
HJAHBXBA,aat|poetry,poetry.,poetry,""
WJ28HA8H,aat|poetry,poetry.,poetry,""
4L2HJ4W6,aat|pop-up-books,Pop-up books,pop-up-books,""
63H56EGP,aat|pop-up-books,Pop-up books,pop-up-books,""
KKG96W62,aat|pop-up-books,Pop-up books,pop-up-books,""
W99EI378,aat|pop-up-books,Pop-up books,pop-up-books,""
AJX27WRK,aat|pop-up-books,Pop-up books.,pop-up-books,""
78DDWASY,aat|postage-stamps,Postage stamps.,postage-stamps,""
D4EUWCYK,aat|postcards,Postcards,postcards,""
HJ5V9836,aat|postcards,Postcards,postcards,""
AJMTYKN9,aat|postcards,Postcards.,postcards,""
KKWNDI4R,aat|postcards,Postcards.,postcards,""
PYENYJKV,aat|postcards,Postcards.,postcards,""
T2DIBRFS,aat|postcards,Postcards.,postcards,""
VGV4HPC5,aat|postcards,Postcards.,postcards,""
XYJTFHX4,aat|postcards,Postcards.,postcards,""
73IIC6LD,aat|posters,Posters,posters,""
RSAKT92N,aat|posters,Posters,posters,""
NZPXJA96,aat|printed-cloth-bindings-gathered-matter-components,Printed cloth bindings (gathered matter components.,printed-cloth-bindings-gathered-matter-components,""
5DYZ3ITJ,aat|printing-production-method,Printing/production method,printing-production-method,""
A2VZ3LHX,aat|printing-production-method,Printing/production method,printing-production-method,""
T9D679FI,aat|prints,Prints,prints,""
YYJGGDBK,aat|prints,Prints,prints,""
9AXYH6VQ,aat|prints-visual-works,Prints (visual works),prints-visual-works,""
5DYZ3ITJ,aat|production-format,Production format,production-format,""
5DYZ3ITJ,aat|publication-format,Publication format,publication-format,""
A2VZ3LHX,aat|publication-format,Publication format,publication-format,""
EWZA4BP3,aat|pyrography,Pyrography,pyrography,""
FVM5TFYF,aat|rabbit-hair,Rabbit hair.,rabbit-hair,""
FVM5TFYF,aat|rabbit-skin,Rabbit skin.,rabbit-skin,""
7LVM6MUV,aat|rare-books,Rare books.,rare-books,""
V3A5MBA9,aat|recycled-materials,Recycled materials.,recycled-materials,""
HFB8E94B,aat|relief-prints,Relief prints.,relief-prints,""
9AXYH6VQ,aat|reproductive-prints,Reproductive prints,reproductive-prints,""
YYJGGDBK,aat|reproductive-prints,Reproductive prints,reproductive-prints,""
LVQAWHJI,aat|ribbon-material,Ribbon (material).,ribbon-material,""
WCSY5FPG,aat|rubber-stamp-art,Rubber stamp art,rubber-stamp-art,""
5I5W6S2K,aat|rubber-stamp-printing,Rubber stamp printing.,rubber-stamp-printing,""
7KM6SGYW,aat|rubber-stamp-printing,Rubber stamp printing.,rubber-stamp-printing,""
V3A5MBA9,aat|saddle-stitching,Saddle stitching.,saddle-stitching,""
MDA4XCB6,aat|samples,Samples.,samples,""
U59K33M4,aat|sand,Sand.,sand,""
WR8BCBZL,aat|sand,Sand.,sand,""
FVM5TFYF,aat|satin,Satin.,satin,""
HFXELM4H,aat|screen-printing,Screen printing,screen-printing,""
KYCWYCP6,aat|screen-printing,Screen printing,screen-printing,""
4BFIH68I,aat|screen-prints,Screen prints,screen-prints,""
76AZIVZK,aat|screen-prints,Screen prints,screen-prints,""
AA8LRMZR,aat|screen-prints,Screen prints,screen-prints,""
B6X7LRNI,aat|screen-prints,Screen prints,screen-prints,""
I8334GH8,aat|screen-prints,Screen prints,screen-prints,""
I8TPMZS8,aat|screen-prints,Screen prints,screen-prints,""
9G4P2E3L,aat|screen-prints,Screen prints.,screen-prints,""
JUXX4H6G,aat|screen-prints,Screen prints.,screen-prints,""
PEHZH8IQ,aat|screenprints,Screenprints,screenprints,""
7BPKEUWY,aat|scrolls-information-artifacts,Scrolls (information artifacts),scrolls-information-artifacts,""
76AZIVZK,aat|shaped-books,Shaped books,shaped-books,""
N78WD9EN,aat|shaped-books,Shaped books.,shaped-books,""
RFBPWS4H,aat|shaped-books,Shaped books.,shaped-books,""
V3A5MBA9,aat|shaped-books,Shaped books.,shaped-books,""
JW2TTDI3,aat|short-stories,short stories.,short-stories,""
I6BWJR6F,aat|side-stitching,Side stitching.,side-stitching,""
Q5DL49J3,aat|side-stitching,Side stitching.,side-stitching,""
WXB3PQTU,aat|side-stitching,Side stitching.,side-stitching,""
ZLZZ3U5V,aat|side-stitching,Side stitching.,side-stitching,""
P3PSZ4QG,aat|signed-limited-editions,Signed limited editions,signed-limited-editions,""
2I695H7Z,aat|slipcases,Slipcases.,slipcases,""
AJTRLUI5,aat|slipcases,Slipcases.,slipcases,""
RFBPWS4H,aat|slipcases,Slipcases.,slipcases,""
WXB3PQTU,aat|slipcases,Slipcases.,slipcases,""
XYAWCZ6I,aat|slipcases,Slipcases.,slipcases,""
ABQIU49A,aat|soft-ground-etchings,Soft-ground etchings,soft-ground-etchings,""
JS37H7WP,aat|sound-recordings,Sound recordings.,sound-recordings,""
XZ4SWT4V,aat|sound-recordings,sound recordings.,sound-recordings,""
AMJTHDXX,aat|stabbing-binding,Stabbing (Binding).,stabbing-binding,""
76AZIVZK,aat|stamping-marking,Stamping (marking),stamping-marking,""
RFBPWS4H,aat|stamping-marking,Stamping (marking),stamping-marking,""
WXB3PQTU,aat|stamping-marking,Stamping (marking).,stamping-marking,""
ZLZZ3U5V,aat|stamping-marking,Stamping (marking).,stamping-marking,""
SAMPYAPL,aat|stamps-marks,Stamps (marks),stamps-marks,""
FV2IXQJS,aat|staple-binding,Staple binding.,staple-binding,""
5FMAYRE8,aat|staple-bindings,Staple bindings.,staple-bindings,""
65F3Q4AT,aat|staple-bindings,Staple bindings.,staple-bindings,""
M9L7LX64,aat|staple-bindings,Staple bindings.,staple-bindings,""
QM43W9SG,aat|staple-bindings,Staple bindings.,staple-bindings,""
RFBPWS4H,aat|stenciling-process,Stenciling (process),stenciling-process,""
RSS8536S,aat|stenciling-process,Stenciling (process).,stenciling-process,""
7BPKEUWY,aat|stencils-visual-works,Stencils (visual works),stencils-visual-works,""
U59K33M4,aat|stone-worked-rock,Stone (worked rock).,stone-worked-rock,""
WR8BCBZL,aat|stone-worked-rock,Stone (worked rock).,stone-worked-rock,""
EAUFLCRR,aat|thread,Thread.,thread,""
Q5DL49J3,aat|thread,Thread.,thread,""
SQ4LA58T,aat|thread,Thread.,thread,""
U3F9CDHM,aat|thread,Thread.,thread,""
YM29MELK,aat|three-dimensional,Three-dimensional.,three-dimensional,""
RSS8536S,aat|transparent-paper,Transparent paper.,transparent-paper,""
ZLZZ3U5V,aat|transparent-paper,Transparent paper.,transparent-paper,""
X54PGBWJ,aat|transparent-paper,transparent paper.,transparent-paper,""
SAMPYAPL,aat|twill,Twill.,twill,""
FL9B73CP,aat|twine,Twine.,twine,""
QUJ6S7Q6,aat|twine,Twine.,twine,""
RSS8536S,aat|typewriting,Typewriting.,typewriting,""
UMF5PZDK,aat|urine,Urine.,urine,""
DX9UPWPC,aat|velvet-fabric-weave,Velvet (fabric weave).,velvet-fabric-weave,""
X54PGBWJ,aat|vinyl,vinyl.,vinyl,""
5DYZ3ITJ,aat|visual-analysis,Visual analysis,visual-analysis,""
XSD9YGVS,aat|visual-poetry,Visual poetry,visual-poetry,""
D279AQ4J,aat|visual-poetry,visual poetry.,visual-poetry,""
RFBPWS4H,aat|volvelles,Volvelles.,volvelles,""
FL9B73CP,aat|watercolor-paint,Watercolor (paint),watercolor-paint,""
5F73RJFR,aat|watercolors-paintings,Watercolors (paintings),watercolors-paintings,""
C2VCJWMR,aat|watercolors-paintings,Watercolors (paintings),watercolors-paintings,""
U59K33M4,aat|wood-plant-material,Wood (plant material).,wood-plant-material,""
WR8BCBZL,aat|wood-plant-material,Wood (plant material).,wood-plant-material,""
7BPKEUWY,aat|wood-pulp-paper,Wood pulp paper,wood-pulp-paper,""
HG4H7GZZ,aat|woodcuts,Woodcuts,woodcuts,""
B68GWBNJ,aat|woodcuts-prints,Woodcuts (prints),woodcuts-prints,""
FL9B73CP,aat|woodcuts-prints,Woodcuts (prints),woodcuts-prints,""
HWYII88K,aat|woodcuts-prints,woodcuts (prints),woodcuts-prints,""
2LGSRZH3,abo.org|appropriated-text,Appropriated text.,appropriated-text,""
2PSMHYVM,abo.org|appropriated-text,Appropriated text.,appropriated-text,""
2Y3CWMAR,abo.org|appropriated-text,Appropriated text.,appropriated-text,""
32FH4LTM,abo.org|appropriated-text,Appropriated text.,appropriated-text,""
336ZZN7S,abo.org|appropriated-text,Appropriated text.,appropriated-text,""
4KTMAPB9,abo.org|appropriated-text,Appropriated text.,appropriated-text,""
5QFI8UXT,abo.org|appropriated-text,Appropriated text.,appropriated-text,""
76WLZ4BK,abo.org|appropriated-text,Appropriated text.,appropriated-text,""
7N9JFIBY,abo.org|appropriated-text,Appropriated text.,appropriated-text,""
839TV2UJ,abo.org|appropriated-text,Appropriated text.,appropriated-text,""
8MZPM5NM,abo.org|appropriated-text,Appropriated text.,appropriated-text,""
9DAJEMHJ,abo.org|appropriated-text,Appropriated text.,appropriated-text,""
9HXSD7R3,abo.org|appropriated-text,Appropriated text.,appropriated-text,""
9WA2CDN3,abo.org|appropriated-text,Appropriated text.,appropriated-text,""
A38WLAAU,abo.org|appropriated-text,Appropriated text.,appropriated-text,""
A5FNJQB6,abo.org|appropriated-text,Appropriated text.,appropriated-text,""
AB36I6CE,abo.org|appropriated-text,Appropriated text.,appropriated-text,""
AGU78B2Q,abo.org|appropriated-text,Appropriated text.,appropriated-text,""
BW2X9HAW,abo.org|appropriated-text,Appropriated text.,appropriated-text,""
E62R9QS4,abo.org|appropriated-text,Appropriated text.,appropriated-text,""
G6XSHFBY,abo.org|appropriated-text,Appropriated text.,appropriated-text,""
GPHLTR7V,abo.org|appropriated-text,Appropriated text.,appropriated-text,""
HG2YAHLK,abo.org|appropriated-text,Appropriated text.,appropriated-text,""
HUZ42HQK,abo.org|appropriated-text,Appropriated text.,appropriated-text,""
I6EBR9D8,abo.org|appropriated-text,Appropriated text.,appropriated-text,""
ID6CVTS7,abo.org|appropriated-text,Appropriated text.,appropriated-text,""
IU8B4XC2,abo.org|appropriated-text,Appropriated text.,appropriated-text,""
K3476D8R,abo.org|appropriated-text,Appropriated text.,appropriated-text,""
LJIBMXWG,abo.org|appropriated-text,Appropriated text.,appropriated-text,""
ML555VRY,abo.org|appropriated-text,Appropriated text.,appropriated-text,""
N5UUKHRJ,abo.org|appropriated-text,Appropriated text.,appropriated-text,""
NCLSBIGU,abo.org|appropriated-text,Appropriated text.,appropriated-text,""
NLS4GDCR,abo.org|appropriated-text,Appropriated text.,appropriated-text,""
NQEINM55,abo.org|appropriated-text,Appropriated text.,appropriated-text,""
PBDUAC8I,abo.org|appropriated-text,Appropriated text.,appropriated-text,""
Q536V483,abo.org|appropriated-text,Appropriated text.,appropriated-text,""
T28EI6NT,abo.org|appropriated-text,Appropriated text.,appropriated-text,""
U68APE44,abo.org|appropriated-text,Appropriated text.,appropriated-text,""
UCTSXTP3,abo.org|appropriated-text,Appropriated text.,appropriated-text,""
WBM7HLVH,abo.org|appropriated-text,Appropriated text.,appropriated-text,""
XDL8DE2V,abo.org|appropriated-text,Appropriated text.,appropriated-text,""
XEUXGW7D,abo.org|appropriated-text,Appropriated text.,appropriated-text,""
XMWXAQ8G,abo.org|appropriated-text,Appropriated text.,appropriated-text,""
Y8V82NEI,abo.org|appropriated-text,Appropriated text.,appropriated-text,""
YV3XHZFQ,abo.org|appropriated-text,Appropriated text.,appropriated-text,""
24YJ4MQA,abo.org|photographic-sequence,Photographic sequence.,photographic-sequence,""
2PSMHYVM,abo.org|photographic-sequence,Photographic sequence.,photographic-sequence,""
2QLSKEIY,abo.org|photographic-sequence,Photographic sequence.,photographic-sequence,""
38AVYUMK,abo.org|photographic-sequence,Photographic sequence.,photographic-sequence,""
3KUNMIBP,abo.org|photographic-sequence,Photographic sequence.,photographic-sequence,""
3TWQ5NBE,abo.org|photographic-sequence,Photographic sequence.,photographic-sequence,""
469JLCRM,abo.org|photographic-sequence,Photographic sequence.,photographic-sequence,""
5C9IGFYL,abo.org|photographic-sequence,Photographic sequence.,photographic-sequence,""
5JVKZS58,abo.org|photographic-sequence,Photographic sequence.,photographic-sequence,""
5RMHY3GN,abo.org|photographic-sequence,Photographic sequence.,photographic-sequence,""
6DWYUYKH,abo.org|photographic-sequence,Photographic sequence.,photographic-sequence,""
7HEG7EAS,abo.org|photographic-sequence,Photographic sequence.,photographic-sequence,""
7YILJFPS,abo.org|photographic-sequence,Photographic sequence.,photographic-sequence,""
8CGK2V3V,abo.org|photographic-sequence,Photographic sequence.,photographic-sequence,""
8FRBLQQU,abo.org|photographic-sequence,Photographic sequence.,photographic-sequence,""
8UTZ7SEQ,abo.org|photographic-sequence,Photographic sequence.,photographic-sequence,""
BH7EHBJA,abo.org|photographic-sequence,Photographic sequence.,photographic-sequence,""
BRXLRBPA,abo.org|photographic-sequence,Photographic sequence.,photographic-sequence,""
BZXS5WXX,abo.org|photographic-sequence,Photographic sequence.,photographic-sequence,""
DF9LFBDT,abo.org|photographic-sequence,Photographic sequence.,photographic-sequence,""
GDEAWFHF,abo.org|photographic-sequence,Photographic sequence.,photographic-sequence,""
GVUDZDE9,abo.org|photographic-sequence,Photographic sequence.,photographic-sequence,""
GYXELWPK,abo.org|photographic-sequence,Photographic sequence.,photographic-sequence,""
HMKRHYHJ,abo.org|photographic-sequence,Photographic sequence.,photographic-sequence,""
HPFMFF5Q,abo.org|photographic-sequence,Photographic sequence.,photographic-sequence,""
IFKV5B9H,abo.org|photographic-sequence,Photographic sequence.,photographic-sequence,""
IVEFE799,abo.org|photographic-sequence,Photographic sequence.,photographic-sequence,""
J3PGLNEL,abo.org|photographic-sequence,Photographic sequence.,photographic-sequence,""
K66MFIKJ,abo.org|photographic-sequence,Photographic sequence.,photographic-sequence,""
MIFTF8L3,abo.org|photographic-sequence,Photographic sequence.,photographic-sequence,""
N5VQWN98,abo.org|photographic-sequence,Photographic sequence.,photographic-sequence,""
NQGTZDTA,abo.org|photographic-sequence,Photographic sequence.,photographic-sequence,""
NT97YK5X,abo.org|photographic-sequence,Photographic sequence.,photographic-sequence,""
P2VY7UA7,abo.org|photographic-sequence,Photographic sequence.,photographic-sequence,""
Q4FCFTHP,abo.org|photographic-sequence,Photographic sequence.,photographic-sequence,""
QMKSPNK3,abo.org|photographic-sequence,Photographic sequence.,photographic-sequence,""
R3HHWFNG,abo.org|photographic-sequence,Photographic sequence.,photographic-sequence,""
RJYFLVRT,abo.org|photographic-sequence,Photographic sequence.,photographic-sequence,""
RPXA9884,abo.org|photographic-sequence,Photographic sequence.,photographic-sequence,""
RTI72K87,abo.org|photographic-sequence,Photographic sequence.,photographic-sequence,""
S76VFE9W,abo.org|photographic-sequence,Photographic sequence.,photographic-sequence,""
U2QU4SM9,abo.org|photographic-sequence,Photographic sequence.,photographic-sequence,""
VE6TCWY6,abo.org|photographic-sequence,Photographic sequence.,photographic-sequence,""
VH5MGEBA,abo.org|photographic-sequence,Photographic sequence.,photographic-sequence,""
VWFQ3345,abo.org|photographic-sequence,Photographic sequence.,photographic-sequence,""
W3LDEBSB,abo.org|photographic-sequence,Photographic sequence.,photographic-sequence,""
W7IJRR82,abo.org|photographic-sequence,Photographic sequence.,photographic-sequence,""
XCFZA4Z7,abo.org|photographic-sequence,Photographic sequence.,photographic-sequence,""
ZBY9BGV2,abo.org|photographic-sequence,Photographic sequence.,photographic-sequence,""
ZIKLIUXS,abo.org|photographic-sequence,Photographic sequence.,photographic-sequence,""
M9D8QYK7,abo.org|visiual-narrative,Visiual narrative.,visiual-narrative,""
2QLSKEIY,abo.org|visual-narrative,Visual narrative.,visual-narrative,""
3A3YZS7V,abo.org|visual-narrative,Visual narrative.,visual-narrative,""
3TWQ5NBE,abo.org|visual-narrative,Visual narrative.,visual-narrative,""
469JLCRM,abo.org|visual-narrative,Visual narrative.,visual-narrative,""
5C9IGFYL,abo.org|visual-narrative,Visual narrative.,visual-narrative,""
5K8HTT8V,abo.org|visual-narrative,Visual narrative.,visual-narrative,""
9LXMIWCK,abo.org|visual-narrative,Visual narrative.,visual-narrative,""
B3VN2FLE,abo.org|visual-narrative,Visual narrative.,visual-narrative,""
BYV9IJBH,abo.org|visual-narrative,Visual narrative.,visual-narrative,""
DF9LFBDT,abo.org|visual-narrative,Visual narrative.,visual-narrative,""
EFAMDCD6,abo.org|visual-narrative,Visual narrative.,visual-narrative,""
GDEAWFHF,abo.org|visual-narrative,Visual narrative.,visual-narrative,""
HPFMFF5Q,abo.org|visual-narrative,Visual narrative.,visual-narrative,""
JFBP43DK,abo.org|visual-narrative,Visual narrative.,visual-narrative,""
KKTGFJYC,abo.org|visual-narrative,Visual narrative.,visual-narrative,""
KLTAPU6U,abo.org|visual-narrative,Visual narrative.,visual-narrative,""
NVUWPALB,abo.org|visual-narrative,Visual narrative.,visual-narrative,""
P2VY7UA7,abo.org|visual-narrative,Visual narrative.,visual-narrative,""
P7A32W3Q,abo.org|visual-narrative,Visual narrative.,visual-narrative,""
R3HHWFNG,abo.org|visual-narrative,Visual narrative.,visual-narrative,""
RZ8UDGTW,abo.org|visual-narrative,Visual narrative.,visual-narrative,""
U5ALJUNN,abo.org|visual-narrative,Visual narrative.,visual-narrative,""
V5GBKC3Z,abo.org|visual-narrative,Visual narrative.,visual-narrative,""
VE6TCWY6,abo.org|visual-narrative,Visual narrative.,visual-narrative,""
XCFZA4Z7,abo.org|visual-narrative,Visual narrative.,visual-narrative,""
ZBY9BGV2,abo.org|visual-narrative,Visual narrative.,visual-narrative,""
C937F2EJ,bisacsh|poetry-american-general,POETRY / American / General.,poetry-american-general,""
USF4PINC,cct|science-fiction,Science fiction.,science-fiction,""
USF4PINC,cct|sea-stories,Sea stories.,sea-stories,""
USF4PINC,cct|submarines-ships,Submarines (Ships),submarines-ships,""
USF4PINC,cct|toy-and-movable-books,Toy and movable books,toy-and-movable-books,""
USF4PINC,cct|toy-and-movable-books,Toy and movable books.,toy-and-movable-books,""
Q3XELTDC,czenas|den-ky,Deníky.,den-ky,""
Q3XELTDC,czenas|diaries,Diaries.,diaries,""
Q3XELTDC,czenas|documents,Documents.,documents,""
Q3XELTDC,czenas|dokumenty,Dokumenty.,dokumenty,""
Q3XELTDC,czenas|fotografick-publikace,Fotografické publikace.,fotografick-publikace,""
Q3XELTDC,czenas|p-b-hy,Příběhy.,p-b-hy,""
Q3XELTDC,czenas|photographical-works,Photographical works.,photographical-works,""
Q3XELTDC,czenas|stories,Stories.,stories,""
UYXP7GSE,fast|art,Art,art,""
3U236832,fast|artists-books,Artists' books,artists-books,""
83MS2XUC,fast|artists-books,Artists' books,artists-books,""
C3B4P4Y3,fast|artists-books,Artists' books,artists-books,""
ETFHJ7GV,fast|artists-books,Artists' books,artists-books,""
FRWVGU5B,fast|artists-books,Artists' books,artists-books,""
H9D9A9S8,fast|artists-books,Artists' books,artists-books,""
HWYII88K,fast|artists-books,Artists' books,artists-books,""
JETBVKXZ,fast|artists-books,Artists' books,artists-books,""
JTM9G58T,fast|artists-books,Artists' books,artists-books,""
QUJ6S7Q6,fast|artists-books,Artists' books,artists-books,""
QUM9264J,fast|artists-books,Artists' books,artists-books,""
F23C6QZJ,fast|artists-books,Artists' books.,artists-books,""
G9VEB5UB,fast|artists-books,Artists' books.,artists-books,""
HWYII88K,fast|bestiaries,Bestiaries,bestiaries,""
FCVVSAWF,fast|biographies,Biographies,biographies,""
HWYII88K,fast|commemorative-works,Commemorative works,commemorative-works,""
WZYU7TX9,fast|criticism-interpretation-etc,"Criticism, interpretation, etc.",criticism-interpretation-etc,""
6GR836E3,fast|exhibition-catalogs,Exhibition catalogs,exhibition-catalogs,""
7QFPK6SR,fast|exhibition-catalogs,Exhibition catalogs,exhibition-catalogs,""
JT4D7CVG,fast|exhibition-catalogs,Exhibition catalogs,exhibition-catalogs,""
SGQDU4QT,fast|exhibition-catalogs,Exhibition catalogs,exhibition-catalogs,""
ZN9SRJ7H,fast|fiction,Fiction,fiction,""
TBXB95DV,fast|handbooks-and-manuals,Handbooks and manuals,handbooks-and-manuals,""
TBXB95DV,fast|handbooks-and-manuals,Handbooks and manuals.,handbooks-and-manuals,""
XZ4SWT4V,fast|hip-hop-music,Hip-hop (Music),hip-hop-music,""
47W6SU36,fast|history,History,history,""
8V96BJSQ,fast|history,History,history,""
9XPX9YVK,fast|history,History,history,""
H9D9A9S8,fast|history,History,history,""
ZR7HF4MW,fast|history,History,history,""
M2N44DBC,fast|humor,Humor,humor,""
YWC9SU2Q,fast|humor,Humor,humor,""
JTM9G58T,fast|illustrated-works,Illustrated works,illustrated-works,""
ZR7HF4MW,fast|illustrated-works,Illustrated works,illustrated-works,""
6GR836E3,fast|interviews,Interviews,interviews,""
QTTVFKWK,fast|juvenile-works,Juvenile works,juvenile-works,""
QUM9264J,fast|love-poetry,Love poetry,love-poetry,""
KPULHSHT,fast|periodicals,Periodicals,periodicals,""
ETFHJ7GV,fast|personal-narratives,Personal narratives,personal-narratives,""
H9D9A9S8,fast|photobooks,Photobooks,photobooks,""
ZR7HF4MW,fast|photobooks,Photobooks,photobooks,""
5DYZ3ITJ,fast|pictorial-works,Pictorial works,pictorial-works,""
GANL3NMK,fast|pictorial-works,Pictorial works,pictorial-works,""
H9D9A9S8,fast|pictorial-works,Pictorial works,pictorial-works,""
HFLPMJ4J,fast|pictorial-works,Pictorial works,pictorial-works,""
MUMHD9HL,fast|pictorial-works,Pictorial works,pictorial-works,""
FCVVSAWF,fast|pictorial-works,Pictorial works.,pictorial-works,""
C7MEVSQD,fast|poetry,Poetry,poetry,""
C937F2EJ,fast|poetry,Poetry,poetry,""
QTTVFKWK,fast|poetry,Poetry,poetry,""
XF4H3MTQ,fast|poetry,Poetry,poetry,""
G9VEB5UB,fast|poetry,Poetry.,poetry,""
XZ4SWT4V,fast|popular-music,Popular music,popular-music,""
U6MW5BWV,fast|portraits,Portraits,portraits,""
XZ4SWT4V,fast|rap-music,Rap (Music),rap-music,""
XZ4SWT4V,fast|rock-music,Rock music,rock-music,""
XZ4SWT4V,fast|sound-recordings,Sound recordings,sound-recordings,""
3U236832,fast|specimens,Specimens,specimens,""
ETFHJ7GV,fast|specimens,Specimens,specimens,""
JTM9G58T,fast|specimens,Specimens,specimens,""
Q2YF7SWH,fast|specimens,Specimens,specimens,""
TBXB95DV,fast|specimens,Specimens,specimens,""
XF4H3MTQ,fast|specimens,Specimens,specimens,""
8WVNGZ5X,fast|specimens,Specimens.,specimens,""
G9VEB5UB,fast|specimens,Specimens.,specimens,""
3U236832,fast|toy-and-movable-books,Toy and movable books,toy-and-movable-books,""
HWYII88K,fast|woodcuts,Woodcuts,woodcuts,""
2V77RQ4Q,gmgpc|artists-books,Artists' books,artists-books,""
PLJLN4J9,gmgpc|banners,Banners,banners,""
WLYCS6G5,gmgpc|baseball-cards,Baseball cards,baseball-cards,""
ZN9SRJ7H,gmgpc|digital-prints,Digital prints,digital-prints,""
SZZMHMAG,gmgpc|drawings,Drawings,drawings,""
2TZ99B5D,gmgpc|etchings,Etchings,etchings,""
ZVXYW3EH,gmgpc|etchings,Etchings.,etchings,""
SZZMHMAG,gmgpc|frontispieces,Frontispieces,frontispieces,""
KIIVBEWQ,gmgpc|glass-negatives,Glass negatives.,glass-negatives,""
USUHIUXE,gmgpc|inkjet-prints,Inkjet prints,inkjet-prints,""
ZVXYW3EH,gmgpc|lithographs,Lithographs.,lithographs,""
Y4KSEC3Q,gmgpc|offset-lithographs,Offset lithographs,offset-lithographs,""
25YEIQ2T,gmgpc|palladium-prints,Palladium prints,palladium-prints,""
X7HNDNYC,gmgpc|photographs,Photographs,photographs,""
4MNV6M2D,gmgpc|photographs,Photographs.,photographs,""
W9YUT4CF,gmgpc|playing-cards,Playing cards.,playing-cards,""
595FEIBQ,gmgpc|pochoir-prints,Pochoir prints,pochoir-prints,""
595FEIBQ,gmgpc|student-works,Student works,student-works,""
2TZ99B5D,gmgpc|transparencies,Transparencies,transparencies,""
NYPLITNZ,gmgpc|woodcuts,Woodcuts.,woodcuts,""
PHC6BAIP,gnd-content|ausstellungskatalog,Ausstellungskatalog,ausstellungskatalog,""
VLCM2YLG,gnd-content|ausstellungskatalog,Ausstellungskatalog,ausstellungskatalog,""
BYSDY5G8,gnd-content|k-nstlerbuch,Künstlerbuch,k-nstlerbuch,""
83MS2XUC,gnd|bildband,Bildband,bildband,""
83MS2XUC,gnd|zeichnung,Zeichnung,zeichnung,""
IH2625JI,gsafd|mystery-fiction,Mystery fiction.,mystery-fiction,""
UUKMADPV,gsafd|tragedies,Tragedies.,tragedies,""
7QFPK6SR,gtt|foto-s,Foto's.,foto-s,""
GQV5VGLP,gtt|jongeren,Jongeren.,jongeren,""
83MS2XUC,gtt|tekeningen,Tekeningen.,tekeningen,""
CZBQ7WSF,homoit|children,Children.,children,""
383FWS27,homoit|family-members,Family members.,family-members,""
CZBQ7WSF,homoit|family-members,Family members.,family-members,""
CZBQ7WSF,homoit|girls,Girls.,girls,""
Q63JTAT9,http://homosaurus.org/v4/homoit0001102.,LGBTQ+ performance art.,lgbtq-performance-art,http://homosaurus.org/v4/homoit0001102
GMT66HSU,http://homosaurus.org/v4/homoit0002579.,LGBTQ+ erotic art.,lgbtq-erotic-art,http://homosaurus.org/v4/homoit0002579
PPXCS73L,http://id.loc.gov/authorities/genreForms/gf2011026169.,Cookbooks.,cookbooks,http://id.loc.gov/authorities/genreForms/gf2011026169
TJF4E6DX,http://id.loc.gov/authorities/genreForms/gf2011026406.,Motion pictures.,motion-pictures,http://id.loc.gov/authorities/genreForms/gf2011026406
4R2N4PWW,http://id.loc.gov/authorities/genreForms/gf2011026441.,Pictorial maps.,pictorial-maps,http://id.loc.gov/authorities/genreForms/gf2011026441
6QQIZA6F,http://id.loc.gov/authorities/genreForms/gf2014026047.,Autobiographies.,autobiographies,http://id.loc.gov/authorities/genreForms/gf2014026047
7NNFWE7D,http://id.loc.gov/authorities/genreForms/gf2014026047.,Autobiographies.,autobiographies,http://id.loc.gov/authorities/genreForms/gf2014026047
SKTYVR7F,http://id.loc.gov/authorities/genreForms/gf2014026047.,Autobiographies.,autobiographies,http://id.loc.gov/authorities/genreForms/gf2014026047
SWMMFLZY,http://id.loc.gov/authorities/genreForms/gf2014026047.,Autobiographies.,autobiographies,http://id.loc.gov/authorities/genreForms/gf2014026047
SWMMFLZY,http://id.loc.gov/authorities/genreForms/gf2014026049.,Biographies.,biographies,http://id.loc.gov/authorities/genreForms/gf2014026049
7YZUTAK9,http://id.loc.gov/authorities/genreForms/gf2014026053.,Braille books.,braille-books,http://id.loc.gov/authorities/genreForms/gf2014026053
LYJSML5E,http://id.loc.gov/authorities/genreForms/gf2014026053.,Braille books.,braille-books,http://id.loc.gov/authorities/genreForms/gf2014026053
5BKDZFRU,http://id.loc.gov/authorities/genreForms/gf2014026057,Catalogs,catalogs,http://id.loc.gov/authorities/genreForms/gf2014026057
IJA22YYU,http://id.loc.gov/authorities/genreForms/gf2014026057,Catalogs,catalogs,http://id.loc.gov/authorities/genreForms/gf2014026057
LMQQPHN9,http://id.loc.gov/authorities/genreForms/gf2014026057.,Catalogs.,catalogs,http://id.loc.gov/authorities/genreForms/gf2014026057
DPUHYZE5,http://id.loc.gov/authorities/genreForms/gf2014026082.,Death registers.,death-registers,http://id.loc.gov/authorities/genreForms/gf2014026082
7NWCC8KI,http://id.loc.gov/authorities/genreForms/gf2014026084.,Derivative works.,derivative-works,http://id.loc.gov/authorities/genreForms/gf2014026084
EP6DUKZA,http://id.loc.gov/authorities/genreForms/gf2014026084.,Derivative works.,derivative-works,http://id.loc.gov/authorities/genreForms/gf2014026084
LKQLU3H2,http://id.loc.gov/authorities/genreForms/gf2014026084.,Derivative works.,derivative-works,http://id.loc.gov/authorities/genreForms/gf2014026084
T5NFCYQV,http://id.loc.gov/authorities/genreForms/gf2014026084.,Derivative works.,derivative-works,http://id.loc.gov/authorities/genreForms/gf2014026084
8IKXDTVT,http://id.loc.gov/authorities/genreForms/gf2014026086.,Dictionaries.,dictionaries,http://id.loc.gov/authorities/genreForms/gf2014026086
EXLW2JAI,http://id.loc.gov/authorities/genreForms/gf2014026086.,Dictionaries.,dictionaries,http://id.loc.gov/authorities/genreForms/gf2014026086
KJJ35ILT,http://id.loc.gov/authorities/genreForms/gf2014026094.,Essays.,essays,http://id.loc.gov/authorities/genreForms/gf2014026094
EKFFHIX6,http://id.loc.gov/authorities/genreForms/gf2014026098.,Exhibition catalogs.,exhibition-catalogs,http://id.loc.gov/authorities/genreForms/gf2014026098
FFWYIRFV,http://id.loc.gov/authorities/genreForms/gf2014026098.,Exhibition catalogs.,exhibition-catalogs,http://id.loc.gov/authorities/genreForms/gf2014026098
KA6I2J5Q,http://id.loc.gov/authorities/genreForms/gf2014026098.,Exhibition catalogs.,exhibition-catalogs,http://id.loc.gov/authorities/genreForms/gf2014026098
LMQQPHN9,http://id.loc.gov/authorities/genreForms/gf2014026098.,Exhibition catalogs.,exhibition-catalogs,http://id.loc.gov/authorities/genreForms/gf2014026098
YFL65QCK,http://id.loc.gov/authorities/genreForms/gf2014026098.,Exhibition catalogs.,exhibition-catalogs,http://id.loc.gov/authorities/genreForms/gf2014026098
2NYJAKLA,http://id.loc.gov/authorities/genreForms/gf2014026105.,Flip books.,flip-books,http://id.loc.gov/authorities/genreForms/gf2014026105
CRKSZH7J,http://id.loc.gov/authorities/genreForms/gf2014026105.,Flip books.,flip-books,http://id.loc.gov/authorities/genreForms/gf2014026105
3VSHA9S5,http://id.loc.gov/authorities/genreForms/gf2014026110.,Humor.,humor,http://id.loc.gov/authorities/genreForms/gf2014026110
7NHCK9MP,http://id.loc.gov/authorities/genreForms/gf2014026110.,Humor.,humor,http://id.loc.gov/authorities/genreForms/gf2014026110
D4TCQSJE,http://id.loc.gov/authorities/genreForms/gf2014026110.,Humor.,humor,http://id.loc.gov/authorities/genreForms/gf2014026110
U5ALJUNN,http://id.loc.gov/authorities/genreForms/gf2014026110.,Humor.,humor,http://id.loc.gov/authorities/genreForms/gf2014026110
YAVC2X7V,http://id.loc.gov/authorities/genreForms/gf2014026110.,Humor.,humor,http://id.loc.gov/authorities/genreForms/gf2014026110
ZTWYAIES,http://id.loc.gov/authorities/genreForms/gf2014026110.,Humor.,humor,http://id.loc.gov/authorities/genreForms/gf2014026110
8KQHRYNE,http://id.loc.gov/authorities/genreForms/gf2014026111.,Illustrated works.,illustrated-works,http://id.loc.gov/authorities/genreForms/gf2014026111
B4MRJUTU,http://id.loc.gov/authorities/genreForms/gf2014026111.,Illustrated works.,illustrated-works,http://id.loc.gov/authorities/genreForms/gf2014026111
EAQWQBAP,http://id.loc.gov/authorities/genreForms/gf2014026111.,Illustrated works.,illustrated-works,http://id.loc.gov/authorities/genreForms/gf2014026111
F32V7ZFG,http://id.loc.gov/authorities/genreForms/gf2014026111.,Illustrated works.,illustrated-works,http://id.loc.gov/authorities/genreForms/gf2014026111
FCVVSAWF,http://id.loc.gov/authorities/genreForms/gf2014026111.,Illustrated works.,illustrated-works,http://id.loc.gov/authorities/genreForms/gf2014026111
KAENUH8A,http://id.loc.gov/authorities/genreForms/gf2014026111.,Illustrated works.,illustrated-works,http://id.loc.gov/authorities/genreForms/gf2014026111
Q5WDSUDE,http://id.loc.gov/authorities/genreForms/gf2014026111.,Illustrated works.,illustrated-works,http://id.loc.gov/authorities/genreForms/gf2014026111
T5K32G4A,http://id.loc.gov/authorities/genreForms/gf2014026111.,Illustrated works.,illustrated-works,http://id.loc.gov/authorities/genreForms/gf2014026111
TJDANC88,http://id.loc.gov/authorities/genreForms/gf2014026111.,Illustrated works.,illustrated-works,http://id.loc.gov/authorities/genreForms/gf2014026111
XTJAJ37U,http://id.loc.gov/authorities/genreForms/gf2014026111.,Illustrated works.,illustrated-works,http://id.loc.gov/authorities/genreForms/gf2014026111
YZ2PU6X5,http://id.loc.gov/authorities/genreForms/gf2014026111.,Illustrated works.,illustrated-works,http://id.loc.gov/authorities/genreForms/gf2014026111
G347E7IL,http://id.loc.gov/authorities/genreForms/gf2014026115.,Interviews.,interviews,http://id.loc.gov/authorities/genreForms/gf2014026115
BEAIU85U,http://id.loc.gov/authorities/genreForms/gf2014026123.,Lift-the-flap books.,lift-the-flap-books,http://id.loc.gov/authorities/genreForms/gf2014026123
6QEXTM4R,http://id.loc.gov/authorities/genreForms/gf2014026133.,Notebooks.,notebooks,http://id.loc.gov/authorities/genreForms/gf2014026133
AGU78B2Q,http://id.loc.gov/authorities/genreForms/gf2014026133.,Notebooks.,notebooks,http://id.loc.gov/authorities/genreForms/gf2014026133
E2VYXNX7,http://id.loc.gov/authorities/genreForms/gf2014026133.,Notebooks.,notebooks,http://id.loc.gov/authorities/genreForms/gf2014026133
E62R9QS4,http://id.loc.gov/authorities/genreForms/gf2014026134.,Obituaries.,obituaries,http://id.loc.gov/authorities/genreForms/gf2014026134
K6JKIVRE,http://id.loc.gov/authorities/genreForms/gf2014026139,Periodicals,periodicals,http://id.loc.gov/authorities/genreForms/gf2014026139
EAUQA75X,http://id.loc.gov/authorities/genreForms/gf2014026141.,Personal correspondence.,personal-correspondence,http://id.loc.gov/authorities/genreForms/gf2014026141
5C87SEQG,http://id.loc.gov/authorities/genreForms/gf2014026142.,Personal narratives.,personal-narratives,http://id.loc.gov/authorities/genreForms/gf2014026142
2MZUGSET,http://id.loc.gov/authorities/genreForms/gf2014026144.,Photobooks.,photobooks,http://id.loc.gov/authorities/genreForms/gf2014026144
37P86AJJ,http://id.loc.gov/authorities/genreForms/gf2014026144.,Photobooks.,photobooks,http://id.loc.gov/authorities/genreForms/gf2014026144
3MWNMK26,http://id.loc.gov/authorities/genreForms/gf2014026144.,Photobooks.,photobooks,http://id.loc.gov/authorities/genreForms/gf2014026144
3P75FBKY,http://id.loc.gov/authorities/genreForms/gf2014026144.,Photobooks.,photobooks,http://id.loc.gov/authorities/genreForms/gf2014026144
3RK6L8N4,http://id.loc.gov/authorities/genreForms/gf2014026144.,Photobooks.,photobooks,http://id.loc.gov/authorities/genreForms/gf2014026144
4YQIWAKC,http://id.loc.gov/authorities/genreForms/gf2014026144.,Photobooks.,photobooks,http://id.loc.gov/authorities/genreForms/gf2014026144
6PH8HALJ,http://id.loc.gov/authorities/genreForms/gf2014026144.,Photobooks.,photobooks,http://id.loc.gov/authorities/genreForms/gf2014026144
77TUFTYU,http://id.loc.gov/authorities/genreForms/gf2014026144.,Photobooks.,photobooks,http://id.loc.gov/authorities/genreForms/gf2014026144
9ZHBNXBJ,http://id.loc.gov/authorities/genreForms/gf2014026144.,Photobooks.,photobooks,http://id.loc.gov/authorities/genreForms/gf2014026144
AHZZP9XL,http://id.loc.gov/authorities/genreForms/gf2014026144.,Photobooks.,photobooks,http://id.loc.gov/authorities/genreForms/gf2014026144
B88EWXUT,http://id.loc.gov/authorities/genreForms/gf2014026144.,Photobooks.,photobooks,http://id.loc.gov/authorities/genreForms/gf2014026144
B8VL75MF,http://id.loc.gov/authorities/genreForms/gf2014026144.,Photobooks.,photobooks,http://id.loc.gov/authorities/genreForms/gf2014026144
BQ3JGWKQ,http://id.loc.gov/authorities/genreForms/gf2014026144.,Photobooks.,photobooks,http://id.loc.gov/authorities/genreForms/gf2014026144
BVYXGP2J,http://id.loc.gov/authorities/genreForms/gf2014026144.,Photobooks.,photobooks,http://id.loc.gov/authorities/genreForms/gf2014026144
CBTCWZ2D,http://id.loc.gov/authorities/genreForms/gf2014026144.,Photobooks.,photobooks,http://id.loc.gov/authorities/genreForms/gf2014026144
CTPCXCHC,http://id.loc.gov/authorities/genreForms/gf2014026144.,Photobooks.,photobooks,http://id.loc.gov/authorities/genreForms/gf2014026144
DJVUT7UH,http://id.loc.gov/authorities/genreForms/gf2014026144.,Photobooks.,photobooks,http://id.loc.gov/authorities/genreForms/gf2014026144
DNTS73TK,http://id.loc.gov/authorities/genreForms/gf2014026144.,Photobooks.,photobooks,http://id.loc.gov/authorities/genreForms/gf2014026144
EI2PEII7,http://id.loc.gov/authorities/genreForms/gf2014026144.,Photobooks.,photobooks,http://id.loc.gov/authorities/genreForms/gf2014026144
F2RUIBW4,http://id.loc.gov/authorities/genreForms/gf2014026144.,Photobooks.,photobooks,http://id.loc.gov/authorities/genreForms/gf2014026144
GUBA5JU7,http://id.loc.gov/authorities/genreForms/gf2014026144.,Photobooks.,photobooks,http://id.loc.gov/authorities/genreForms/gf2014026144
HQKRI38G,http://id.loc.gov/authorities/genreForms/gf2014026144.,Photobooks.,photobooks,http://id.loc.gov/authorities/genreForms/gf2014026144
IR6IZWSQ,http://id.loc.gov/authorities/genreForms/gf2014026144.,Photobooks.,photobooks,http://id.loc.gov/authorities/genreForms/gf2014026144
KILJAJ2D,http://id.loc.gov/authorities/genreForms/gf2014026144.,Photobooks.,photobooks,http://id.loc.gov/authorities/genreForms/gf2014026144
KQ6DNBBQ,http://id.loc.gov/authorities/genreForms/gf2014026144.,Photobooks.,photobooks,http://id.loc.gov/authorities/genreForms/gf2014026144
LRD6FCIV,http://id.loc.gov/authorities/genreForms/gf2014026144.,Photobooks.,photobooks,http://id.loc.gov/authorities/genreForms/gf2014026144
MIFTF8L3,http://id.loc.gov/authorities/genreForms/gf2014026144.,Photobooks.,photobooks,http://id.loc.gov/authorities/genreForms/gf2014026144
MPU5CXQ8,http://id.loc.gov/authorities/genreForms/gf2014026144.,Photobooks.,photobooks,http://id.loc.gov/authorities/genreForms/gf2014026144
N7842N3N,http://id.loc.gov/authorities/genreForms/gf2014026144.,Photobooks.,photobooks,http://id.loc.gov/authorities/genreForms/gf2014026144
NPRJMNHQ,http://id.loc.gov/authorities/genreForms/gf2014026144.,Photobooks.,photobooks,http://id.loc.gov/authorities/genreForms/gf2014026144
S2S73BHB,http://id.loc.gov/authorities/genreForms/gf2014026144.,Photobooks.,photobooks,http://id.loc.gov/authorities/genreForms/gf2014026144
SEIS97FS,http://id.loc.gov/authorities/genreForms/gf2014026144.,Photobooks.,photobooks,http://id.loc.gov/authorities/genreForms/gf2014026144
SHTFI2F4,http://id.loc.gov/authorities/genreForms/gf2014026144.,Photobooks.,photobooks,http://id.loc.gov/authorities/genreForms/gf2014026144
W2ADDKDT,http://id.loc.gov/authorities/genreForms/gf2014026144.,Photobooks.,photobooks,http://id.loc.gov/authorities/genreForms/gf2014026144
W3LDEBSB,http://id.loc.gov/authorities/genreForms/gf2014026144.,Photobooks.,photobooks,http://id.loc.gov/authorities/genreForms/gf2014026144
WL9HTHU6,http://id.loc.gov/authorities/genreForms/gf2014026144.,Photobooks.,photobooks,http://id.loc.gov/authorities/genreForms/gf2014026144
WXYMV79K,http://id.loc.gov/authorities/genreForms/gf2014026144.,Photobooks.,photobooks,http://id.loc.gov/authorities/genreForms/gf2014026144
XN5IQDI6,http://id.loc.gov/authorities/genreForms/gf2014026144.,Photobooks.,photobooks,http://id.loc.gov/authorities/genreForms/gf2014026144
XPV8EM77,http://id.loc.gov/authorities/genreForms/gf2014026144.,Photobooks.,photobooks,http://id.loc.gov/authorities/genreForms/gf2014026144
Y5RUXGXN,http://id.loc.gov/authorities/genreForms/gf2014026144.,Photobooks.,photobooks,http://id.loc.gov/authorities/genreForms/gf2014026144
YITEDFE2,http://id.loc.gov/authorities/genreForms/gf2014026144.,Photobooks.,photobooks,http://id.loc.gov/authorities/genreForms/gf2014026144
SAMPYAPL,http://id.loc.gov/authorities/genreForms/gf2014026150,Pop-up books.,pop-up-books,http://id.loc.gov/authorities/genreForms/gf2014026150
6WDPQKAH,http://id.loc.gov/authorities/genreForms/gf2014026150.,Pop-up books.,pop-up-books,http://id.loc.gov/authorities/genreForms/gf2014026150
87H2AQ6Q,http://id.loc.gov/authorities/genreForms/gf2014026150.,Pop-up books.,pop-up-books,http://id.loc.gov/authorities/genreForms/gf2014026150
99HFQJQH,http://id.loc.gov/authorities/genreForms/gf2014026150.,Pop-up books.,pop-up-books,http://id.loc.gov/authorities/genreForms/gf2014026150
9C4IMR8B,http://id.loc.gov/authorities/genreForms/gf2014026150.,Pop-up books.,pop-up-books,http://id.loc.gov/authorities/genreForms/gf2014026150
CW8JB3W2,http://id.loc.gov/authorities/genreForms/gf2014026150.,Pop-up books.,pop-up-books,http://id.loc.gov/authorities/genreForms/gf2014026150
ENEIDVWJ,http://id.loc.gov/authorities/genreForms/gf2014026150.,Pop-up books.,pop-up-books,http://id.loc.gov/authorities/genreForms/gf2014026150
QTA2F867,http://id.loc.gov/authorities/genreForms/gf2014026150.,Pop-up books.,pop-up-books,http://id.loc.gov/authorities/genreForms/gf2014026150
SY3STLBI,http://id.loc.gov/authorities/genreForms/gf2014026150.,Pop-up books.,pop-up-books,http://id.loc.gov/authorities/genreForms/gf2014026150
TKQEIPS5,http://id.loc.gov/authorities/genreForms/gf2014026150.,Pop-up books.,pop-up-books,http://id.loc.gov/authorities/genreForms/gf2014026150
USF4PINC,http://id.loc.gov/authorities/genreForms/gf2014026150.,Pop-up books.,pop-up-books,http://id.loc.gov/authorities/genreForms/gf2014026150
VDHBMPPD,http://id.loc.gov/authorities/genreForms/gf2014026150.,Pop-up books.,pop-up-books,http://id.loc.gov/authorities/genreForms/gf2014026150
YE293VPP,http://id.loc.gov/authorities/genreForms/gf2014026150.,Pop-up books.,pop-up-books,http://id.loc.gov/authorities/genreForms/gf2014026150
5JIDCTSU,http://id.loc.gov/authorities/genreForms/gf2014026151,Postcards.,postcards,http://id.loc.gov/authorities/genreForms/gf2014026151
8UEP33C8,http://id.loc.gov/authorities/genreForms/gf2014026151.,Postcards.,postcards,http://id.loc.gov/authorities/genreForms/gf2014026151
BXPYLPQA,http://id.loc.gov/authorities/genreForms/gf2014026151.,Postcards.,postcards,http://id.loc.gov/authorities/genreForms/gf2014026151
DLRQLDD5,http://id.loc.gov/authorities/genreForms/gf2014026151.,Postcards.,postcards,http://id.loc.gov/authorities/genreForms/gf2014026151
H5TYFUIU,http://id.loc.gov/authorities/genreForms/gf2014026151.,Postcards.,postcards,http://id.loc.gov/authorities/genreForms/gf2014026151
N2GVS8TH,http://id.loc.gov/authorities/genreForms/gf2014026151.,Postcards.,postcards,http://id.loc.gov/authorities/genreForms/gf2014026151
UV3QGUM3,http://id.loc.gov/authorities/genreForms/gf2014026158.,Puzzles and games.,puzzles-and-games,http://id.loc.gov/authorities/genreForms/gf2014026158
WUFJ74UX,http://id.loc.gov/authorities/genreForms/gf2014026158.,Puzzles and games.,puzzles-and-games,http://id.loc.gov/authorities/genreForms/gf2014026158
DPUHYZE5,http://id.loc.gov/authorities/genreForms/gf2014026166.,Registers (Lists),registers-lists,http://id.loc.gov/authorities/genreForms/gf2014026166
9YH44I6G,http://id.loc.gov/authorities/genreForms/gf2014026170.,Sayings.,sayings,http://id.loc.gov/authorities/genreForms/gf2014026170
H96M6V45,http://id.loc.gov/authorities/genreForms/gf2014026170.,Sayings.,sayings,http://id.loc.gov/authorities/genreForms/gf2014026170
HPI8LMMP,http://id.loc.gov/authorities/genreForms/gf2014026170.,Sayings.,sayings,http://id.loc.gov/authorities/genreForms/gf2014026170
LUU798XB,http://id.loc.gov/authorities/genreForms/gf2014026170.,Sayings.,sayings,http://id.loc.gov/authorities/genreForms/gf2014026170
MLG6XYC2,http://id.loc.gov/authorities/genreForms/gf2014026170.,Sayings.,sayings,http://id.loc.gov/authorities/genreForms/gf2014026170
N5UUKHRJ,http://id.loc.gov/authorities/genreForms/gf2014026170.,Sayings.,sayings,http://id.loc.gov/authorities/genreForms/gf2014026170
N6LTWH6U,http://id.loc.gov/authorities/genreForms/gf2014026170.,Sayings.,sayings,http://id.loc.gov/authorities/genreForms/gf2014026170
PCRFENN3,http://id.loc.gov/authorities/genreForms/gf2014026170.,Sayings.,sayings,http://id.loc.gov/authorities/genreForms/gf2014026170
PQM8PQVD,http://id.loc.gov/authorities/genreForms/gf2014026170.,Sayings.,sayings,http://id.loc.gov/authorities/genreForms/gf2014026170
UZ8WXUCG,http://id.loc.gov/authorities/genreForms/gf2014026170.,Sayings.,sayings,http://id.loc.gov/authorities/genreForms/gf2014026170
YEQEKP79,http://id.loc.gov/authorities/genreForms/gf2014026170.,Sayings.,sayings,http://id.loc.gov/authorities/genreForms/gf2014026170
Y5RUXGXN,http://id.loc.gov/authorities/genreForms/gf2014026179.,Split-page books.,split-page-books,http://id.loc.gov/authorities/genreForms/gf2014026179
KCW4R76F,http://id.loc.gov/authorities/genreForms/gf2014026197,Toy and movable books.,toy-and-movable-books,http://id.loc.gov/authorities/genreForms/gf2014026197
4TNQ9JZT,http://id.loc.gov/authorities/genreForms/gf2014026197.,Toy and movable books.,toy-and-movable-books,http://id.loc.gov/authorities/genreForms/gf2014026197
7DW84IIA,http://id.loc.gov/authorities/genreForms/gf2014026197.,Toy and movable books.,toy-and-movable-books,http://id.loc.gov/authorities/genreForms/gf2014026197
9C4IMR8B,http://id.loc.gov/authorities/genreForms/gf2014026197.,Toy and movable books.,toy-and-movable-books,http://id.loc.gov/authorities/genreForms/gf2014026197
BDJ9KE8F,http://id.loc.gov/authorities/genreForms/gf2014026197.,Toy and movable books.,toy-and-movable-books,http://id.loc.gov/authorities/genreForms/gf2014026197
CW8JB3W2,http://id.loc.gov/authorities/genreForms/gf2014026197.,Toy and movable books.,toy-and-movable-books,http://id.loc.gov/authorities/genreForms/gf2014026197
ENEIDVWJ,http://id.loc.gov/authorities/genreForms/gf2014026197.,Toy and movable books.,toy-and-movable-books,http://id.loc.gov/authorities/genreForms/gf2014026197
FSGBHJDV,http://id.loc.gov/authorities/genreForms/gf2014026197.,Toy and movable books.,toy-and-movable-books,http://id.loc.gov/authorities/genreForms/gf2014026197
HSKD9QAD,http://id.loc.gov/authorities/genreForms/gf2014026197.,Toy and movable books.,toy-and-movable-books,http://id.loc.gov/authorities/genreForms/gf2014026197
NL4RKNDV,http://id.loc.gov/authorities/genreForms/gf2014026197.,Toy and movable books.,toy-and-movable-books,http://id.loc.gov/authorities/genreForms/gf2014026197
QVB63PH7,http://id.loc.gov/authorities/genreForms/gf2014026197.,Toy and movable books.,toy-and-movable-books,http://id.loc.gov/authorities/genreForms/gf2014026197
TKQEIPS5,http://id.loc.gov/authorities/genreForms/gf2014026197.,Toy and movable books.,toy-and-movable-books,http://id.loc.gov/authorities/genreForms/gf2014026197
USF4PINC,http://id.loc.gov/authorities/genreForms/gf2014026197.,Toy and movable books.,toy-and-movable-books,http://id.loc.gov/authorities/genreForms/gf2014026197
UV3QGUM3,http://id.loc.gov/authorities/genreForms/gf2014026197.,Toy and movable books.,toy-and-movable-books,http://id.loc.gov/authorities/genreForms/gf2014026197
XJ3X468K,http://id.loc.gov/authorities/genreForms/gf2014026197.,Toy and movable books.,toy-and-movable-books,http://id.loc.gov/authorities/genreForms/gf2014026197
BFCDMBHN,http://id.loc.gov/authorities/genreForms/gf2014026198.,Trade catalogs.,trade-catalogs,http://id.loc.gov/authorities/genreForms/gf2014026198
C7C2WC28,http://id.loc.gov/authorities/genreForms/gf2014026201.,Trivia and miscellanea.,trivia-and-miscellanea,http://id.loc.gov/authorities/genreForms/gf2014026201
ISAUE7M6,http://id.loc.gov/authorities/genreForms/gf2014026201.,Trivia and miscellanea.,trivia-and-miscellanea,http://id.loc.gov/authorities/genreForms/gf2014026201
J2QKVNZI,http://id.loc.gov/authorities/genreForms/gf2014026201.,Trivia and miscellanea.,trivia-and-miscellanea,http://id.loc.gov/authorities/genreForms/gf2014026201
KRLBW93Q,http://id.loc.gov/authorities/genreForms/gf2014026201.,Trivia and miscellanea.,trivia-and-miscellanea,http://id.loc.gov/authorities/genreForms/gf2014026201
L52JULIS,http://id.loc.gov/authorities/genreForms/gf2014026201.,Trivia and miscellanea.,trivia-and-miscellanea,http://id.loc.gov/authorities/genreForms/gf2014026201
N8IU9CD8,http://id.loc.gov/authorities/genreForms/gf2014026201.,Trivia and miscellanea.,trivia-and-miscellanea,http://id.loc.gov/authorities/genreForms/gf2014026201
TS8GCN76,http://id.loc.gov/authorities/genreForms/gf2014026201.,Trivia and miscellanea.,trivia-and-miscellanea,http://id.loc.gov/authorities/genreForms/gf2014026201
ZFXFXB83,http://id.loc.gov/authorities/genreForms/gf2014026201.,Trivia and miscellanea.,trivia-and-miscellanea,http://id.loc.gov/authorities/genreForms/gf2014026201
ZW723DS9,http://id.loc.gov/authorities/genreForms/gf2014026201.,Trivia and miscellanea.,trivia-and-miscellanea,http://id.loc.gov/authorities/genreForms/gf2014026201
ZXYGRPTZ,http://id.loc.gov/authorities/genreForms/gf2014026201.,Trivia and miscellanea.,trivia-and-miscellanea,http://id.loc.gov/authorities/genreForms/gf2014026201
WFEA263X,http://id.loc.gov/authorities/genreForms/gf2014026210,Zines.,zines,http://id.loc.gov/authorities/genreForms/gf2014026210
3HWTCL2E,http://id.loc.gov/authorities/genreForms/gf2014026210.,Zines.,zines,http://id.loc.gov/authorities/genreForms/gf2014026210
44IPMI22,http://id.loc.gov/authorities/genreForms/gf2014026210.,Zines.,zines,http://id.loc.gov/authorities/genreForms/gf2014026210
4NPLYM58,http://id.loc.gov/authorities/genreForms/gf2014026210.,Zines.,zines,http://id.loc.gov/authorities/genreForms/gf2014026210
59RPZX8Y,http://id.loc.gov/authorities/genreForms/gf2014026210.,Zines.,zines,http://id.loc.gov/authorities/genreForms/gf2014026210
5NVY5CM5,http://id.loc.gov/authorities/genreForms/gf2014026210.,Zines.,zines,http://id.loc.gov/authorities/genreForms/gf2014026210
5ZYYXJT6,http://id.loc.gov/authorities/genreForms/gf2014026210.,Zines.,zines,http://id.loc.gov/authorities/genreForms/gf2014026210
64ZHIQT3,http://id.loc.gov/authorities/genreForms/gf2014026210.,Zines.,zines,http://id.loc.gov/authorities/genreForms/gf2014026210
8KQHRYNE,http://id.loc.gov/authorities/genreForms/gf2014026210.,Zines.,zines,http://id.loc.gov/authorities/genreForms/gf2014026210
949AFC3M,http://id.loc.gov/authorities/genreForms/gf2014026210.,Zines.,zines,http://id.loc.gov/authorities/genreForms/gf2014026210
9SGQ7BJP,http://id.loc.gov/authorities/genreForms/gf2014026210.,Zines.,zines,http://id.loc.gov/authorities/genreForms/gf2014026210
CUBLTFRN,http://id.loc.gov/authorities/genreForms/gf2014026210.,Zines.,zines,http://id.loc.gov/authorities/genreForms/gf2014026210
DSGC78FH,http://id.loc.gov/authorities/genreForms/gf2014026210.,Zines.,zines,http://id.loc.gov/authorities/genreForms/gf2014026210
EKZAZ8Q5,http://id.loc.gov/authorities/genreForms/gf2014026210.,Zines.,zines,http://id.loc.gov/authorities/genreForms/gf2014026210
I3ADNL87,http://id.loc.gov/authorities/genreForms/gf2014026210.,Zines.,zines,http://id.loc.gov/authorities/genreForms/gf2014026210
ILNMN9IC,http://id.loc.gov/authorities/genreForms/gf2014026210.,Zines.,zines,http://id.loc.gov/authorities/genreForms/gf2014026210
IVBYCH69,http://id.loc.gov/authorities/genreForms/gf2014026210.,Zines.,zines,http://id.loc.gov/authorities/genreForms/gf2014026210
IZVNER4D,http://id.loc.gov/authorities/genreForms/gf2014026210.,Zines.,zines,http://id.loc.gov/authorities/genreForms/gf2014026210
J4S6SM5C,http://id.loc.gov/authorities/genreForms/gf2014026210.,Zines.,zines,http://id.loc.gov/authorities/genreForms/gf2014026210
JAKM68P6,http://id.loc.gov/authorities/genreForms/gf2014026210.,Zines.,zines,http://id.loc.gov/authorities/genreForms/gf2014026210
JQ85ZIMM,http://id.loc.gov/authorities/genreForms/gf2014026210.,Zines.,zines,http://id.loc.gov/authorities/genreForms/gf2014026210
M66M8MMA,http://id.loc.gov/authorities/genreForms/gf2014026210.,Zines.,zines,http://id.loc.gov/authorities/genreForms/gf2014026210
N66DJ5MB,http://id.loc.gov/authorities/genreForms/gf2014026210.,Zines.,zines,http://id.loc.gov/authorities/genreForms/gf2014026210
NT3T64UG,http://id.loc.gov/authorities/genreForms/gf2014026210.,Zines.,zines,http://id.loc.gov/authorities/genreForms/gf2014026210
NVUWPALB,http://id.loc.gov/authorities/genreForms/gf2014026210.,Zines.,zines,http://id.loc.gov/authorities/genreForms/gf2014026210
QYKHRIMS,http://id.loc.gov/authorities/genreForms/gf2014026210.,Zines.,zines,http://id.loc.gov/authorities/genreForms/gf2014026210
TEBZ5V8S,http://id.loc.gov/authorities/genreForms/gf2014026210.,Zines.,zines,http://id.loc.gov/authorities/genreForms/gf2014026210
W2ADDKDT,http://id.loc.gov/authorities/genreForms/gf2014026210.,Zines.,zines,http://id.loc.gov/authorities/genreForms/gf2014026210
WYSDPMHP,http://id.loc.gov/authorities/genreForms/gf2014026210.,Zines.,zines,http://id.loc.gov/authorities/genreForms/gf2014026210
Z8JS82W4,http://id.loc.gov/authorities/genreForms/gf2014026210.,Zines.,zines,http://id.loc.gov/authorities/genreForms/gf2014026210
ZMV6ZMWC,http://id.loc.gov/authorities/genreForms/gf2014026210.,Zines.,zines,http://id.loc.gov/authorities/genreForms/gf2014026210
N77JIG8Z,http://id.loc.gov/authorities/genreForms/gf2014026231.,Autobiographical fiction.,autobiographical-fiction,http://id.loc.gov/authorities/genreForms/gf2014026231
DJVUT7UH,http://id.loc.gov/authorities/genreForms/gf2014026246.,Biographical fiction.,biographical-fiction,http://id.loc.gov/authorities/genreForms/gf2014026246
TU4SKP2B,http://id.loc.gov/authorities/genreForms/gf2014026266,Comics (Graphic works),comics-graphic-works,http://id.loc.gov/authorities/genreForms/gf2014026266
2RANA3EA,http://id.loc.gov/authorities/genreForms/gf2014026266.,Comics (Graphic works),comics-graphic-works,http://id.loc.gov/authorities/genreForms/gf2014026266
3HWTCL2E,http://id.loc.gov/authorities/genreForms/gf2014026266.,Comics (Graphic works),comics-graphic-works,http://id.loc.gov/authorities/genreForms/gf2014026266
4NPLYM58,http://id.loc.gov/authorities/genreForms/gf2014026266.,Comics (Graphic works),comics-graphic-works,http://id.loc.gov/authorities/genreForms/gf2014026266
59RPZX8Y,http://id.loc.gov/authorities/genreForms/gf2014026266.,Comics (Graphic works),comics-graphic-works,http://id.loc.gov/authorities/genreForms/gf2014026266
5NVY5CM5,http://id.loc.gov/authorities/genreForms/gf2014026266.,Comics (Graphic works),comics-graphic-works,http://id.loc.gov/authorities/genreForms/gf2014026266
6AJL6PMA,http://id.loc.gov/authorities/genreForms/gf2014026266.,Comics (Graphic works),comics-graphic-works,http://id.loc.gov/authorities/genreForms/gf2014026266
84KWQXLU,http://id.loc.gov/authorities/genreForms/gf2014026266.,Comics (Graphic works),comics-graphic-works,http://id.loc.gov/authorities/genreForms/gf2014026266
8Z4XUUNF,http://id.loc.gov/authorities/genreForms/gf2014026266.,Comics (Graphic works),comics-graphic-works,http://id.loc.gov/authorities/genreForms/gf2014026266
AQWUCUIE,http://id.loc.gov/authorities/genreForms/gf2014026266.,Comics (Graphic works),comics-graphic-works,http://id.loc.gov/authorities/genreForms/gf2014026266
CAIVDWQL,http://id.loc.gov/authorities/genreForms/gf2014026266.,Comics (Graphic works),comics-graphic-works,http://id.loc.gov/authorities/genreForms/gf2014026266
CUBLTFRN,http://id.loc.gov/authorities/genreForms/gf2014026266.,Comics (Graphic works),comics-graphic-works,http://id.loc.gov/authorities/genreForms/gf2014026266
DNIUYM7C,http://id.loc.gov/authorities/genreForms/gf2014026266.,Comics (Graphic works),comics-graphic-works,http://id.loc.gov/authorities/genreForms/gf2014026266
EKZAZ8Q5,http://id.loc.gov/authorities/genreForms/gf2014026266.,Comics (Graphic works),comics-graphic-works,http://id.loc.gov/authorities/genreForms/gf2014026266
GPPPVWM9,http://id.loc.gov/authorities/genreForms/gf2014026266.,Comics (Graphic works),comics-graphic-works,http://id.loc.gov/authorities/genreForms/gf2014026266
H4DT26QW,http://id.loc.gov/authorities/genreForms/gf2014026266.,Comics (Graphic works),comics-graphic-works,http://id.loc.gov/authorities/genreForms/gf2014026266
HG2YAHLK,http://id.loc.gov/authorities/genreForms/gf2014026266.,Comics (Graphic works),comics-graphic-works,http://id.loc.gov/authorities/genreForms/gf2014026266
IVBYCH69,http://id.loc.gov/authorities/genreForms/gf2014026266.,Comics (Graphic works),comics-graphic-works,http://id.loc.gov/authorities/genreForms/gf2014026266
IZVNER4D,http://id.loc.gov/authorities/genreForms/gf2014026266.,Comics (Graphic works),comics-graphic-works,http://id.loc.gov/authorities/genreForms/gf2014026266
J4S6SM5C,http://id.loc.gov/authorities/genreForms/gf2014026266.,Comics (Graphic works),comics-graphic-works,http://id.loc.gov/authorities/genreForms/gf2014026266
JYBIACKW,http://id.loc.gov/authorities/genreForms/gf2014026266.,Comics (Graphic works),comics-graphic-works,http://id.loc.gov/authorities/genreForms/gf2014026266
K9EY59KS,http://id.loc.gov/authorities/genreForms/gf2014026266.,Comics (Graphic works),comics-graphic-works,http://id.loc.gov/authorities/genreForms/gf2014026266
LTM6TMDZ,http://id.loc.gov/authorities/genreForms/gf2014026266.,Comics (Graphic works),comics-graphic-works,http://id.loc.gov/authorities/genreForms/gf2014026266
M9D8QYK7,http://id.loc.gov/authorities/genreForms/gf2014026266.,Comics (Graphic works),comics-graphic-works,http://id.loc.gov/authorities/genreForms/gf2014026266
NT3T64UG,http://id.loc.gov/authorities/genreForms/gf2014026266.,Comics (Graphic works),comics-graphic-works,http://id.loc.gov/authorities/genreForms/gf2014026266
NTYYZ474,http://id.loc.gov/authorities/genreForms/gf2014026266.,Comics (Graphic works),comics-graphic-works,http://id.loc.gov/authorities/genreForms/gf2014026266
NVUWPALB,http://id.loc.gov/authorities/genreForms/gf2014026266.,Comics (Graphic works),comics-graphic-works,http://id.loc.gov/authorities/genreForms/gf2014026266
QYKHRIMS,http://id.loc.gov/authorities/genreForms/gf2014026266.,Comics (Graphic works),comics-graphic-works,http://id.loc.gov/authorities/genreForms/gf2014026266
TEBZ5V8S,http://id.loc.gov/authorities/genreForms/gf2014026266.,Comics (Graphic works),comics-graphic-works,http://id.loc.gov/authorities/genreForms/gf2014026266
ULSN236N,http://id.loc.gov/authorities/genreForms/gf2014026266.,Comics (Graphic works),comics-graphic-works,http://id.loc.gov/authorities/genreForms/gf2014026266
UQQDXMAY,http://id.loc.gov/authorities/genreForms/gf2014026266.,Comics (Graphic works),comics-graphic-works,http://id.loc.gov/authorities/genreForms/gf2014026266
V2IGD5GP,http://id.loc.gov/authorities/genreForms/gf2014026266.,Comics (Graphic works),comics-graphic-works,http://id.loc.gov/authorities/genreForms/gf2014026266
VTUB34MK,http://id.loc.gov/authorities/genreForms/gf2014026266.,Comics (Graphic works),comics-graphic-works,http://id.loc.gov/authorities/genreForms/gf2014026266
WJTQLUB8,http://id.loc.gov/authorities/genreForms/gf2014026266.,Comics (Graphic works),comics-graphic-works,http://id.loc.gov/authorities/genreForms/gf2014026266
XJ6TNJSP,http://id.loc.gov/authorities/genreForms/gf2014026266.,Comics (Graphic works),comics-graphic-works,http://id.loc.gov/authorities/genreForms/gf2014026266
XMG7YAZW,http://id.loc.gov/authorities/genreForms/gf2014026266.,Comics (Graphic works),comics-graphic-works,http://id.loc.gov/authorities/genreForms/gf2014026266
Z3YDWGS3,http://id.loc.gov/authorities/genreForms/gf2014026266.,Comics (Graphic works),comics-graphic-works,http://id.loc.gov/authorities/genreForms/gf2014026266
Z8JS82W4,http://id.loc.gov/authorities/genreForms/gf2014026266.,Comics (Graphic works),comics-graphic-works,http://id.loc.gov/authorities/genreForms/gf2014026266
7J86PE5Z,http://id.loc.gov/authorities/genreForms/gf2014026270.,Concrete poetry.,concrete-poetry,http://id.loc.gov/authorities/genreForms/gf2014026270
8ILC5ENQ,http://id.loc.gov/authorities/genreForms/gf2014026270.,Concrete poetry.,concrete-poetry,http://id.loc.gov/authorities/genreForms/gf2014026270
CDHHAFU6,http://id.loc.gov/authorities/genreForms/gf2014026270.,Concrete poetry.,concrete-poetry,http://id.loc.gov/authorities/genreForms/gf2014026270
E62R9QS4,http://id.loc.gov/authorities/genreForms/gf2014026270.,Concrete poetry.,concrete-poetry,http://id.loc.gov/authorities/genreForms/gf2014026270
GURAG9JG,http://id.loc.gov/authorities/genreForms/gf2014026270.,Concrete poetry.,concrete-poetry,http://id.loc.gov/authorities/genreForms/gf2014026270
L6IL4VQY,http://id.loc.gov/authorities/genreForms/gf2014026270.,Concrete poetry.,concrete-poetry,http://id.loc.gov/authorities/genreForms/gf2014026270
QF5F3QIZ,http://id.loc.gov/authorities/genreForms/gf2014026270.,Concrete poetry.,concrete-poetry,http://id.loc.gov/authorities/genreForms/gf2014026270
RTJ9WZI5,http://id.loc.gov/authorities/genreForms/gf2014026270.,Concrete poetry.,concrete-poetry,http://id.loc.gov/authorities/genreForms/gf2014026270
SIPGLSUF,http://id.loc.gov/authorities/genreForms/gf2014026270.,Concrete poetry.,concrete-poetry,http://id.loc.gov/authorities/genreForms/gf2014026270
UCTSXTP3,http://id.loc.gov/authorities/genreForms/gf2014026270.,Concrete poetry.,concrete-poetry,http://id.loc.gov/authorities/genreForms/gf2014026270
UMK6A4YQ,http://id.loc.gov/authorities/genreForms/gf2014026270.,Concrete poetry.,concrete-poetry,http://id.loc.gov/authorities/genreForms/gf2014026270
VVKM5K5N,http://id.loc.gov/authorities/genreForms/gf2014026270.,Concrete poetry.,concrete-poetry,http://id.loc.gov/authorities/genreForms/gf2014026270
ZF3UJ73X,http://id.loc.gov/authorities/genreForms/gf2014026270.,Concrete poetry.,concrete-poetry,http://id.loc.gov/authorities/genreForms/gf2014026270
8M6U573R,http://id.loc.gov/authorities/genreForms/gf2014026295.,Domestic fiction.,domestic-fiction,http://id.loc.gov/authorities/genreForms/gf2014026295
L4G5UQCN,http://id.loc.gov/authorities/genreForms/gf2014026297.,Drama.,drama,http://id.loc.gov/authorities/genreForms/gf2014026297
CW8JB3W2,http://id.loc.gov/authorities/genreForms/gf2014026327.,Fables.,fables,http://id.loc.gov/authorities/genreForms/gf2014026327
IHA96SJC,http://id.loc.gov/authorities/genreForms/gf2014026339,Fiction,fiction,http://id.loc.gov/authorities/genreForms/gf2014026339
VTXEKYPM,http://id.loc.gov/authorities/genreForms/gf2014026339,Fiction,fiction,http://id.loc.gov/authorities/genreForms/gf2014026339
YSGXWN3E,http://id.loc.gov/authorities/genreForms/gf2014026339,Fiction,fiction,http://id.loc.gov/authorities/genreForms/gf2014026339
2LGSRZH3,http://id.loc.gov/authorities/genreForms/gf2014026339.,Fiction.,fiction,http://id.loc.gov/authorities/genreForms/gf2014026339
32FH4LTM,http://id.loc.gov/authorities/genreForms/gf2014026339.,Fiction.,fiction,http://id.loc.gov/authorities/genreForms/gf2014026339
3VINCA44,http://id.loc.gov/authorities/genreForms/gf2014026339.,Fiction.,fiction,http://id.loc.gov/authorities/genreForms/gf2014026339
4KEMFYE5,http://id.loc.gov/authorities/genreForms/gf2014026339.,Fiction.,fiction,http://id.loc.gov/authorities/genreForms/gf2014026339
5HHE3PGA,http://id.loc.gov/authorities/genreForms/gf2014026339.,Fiction.,fiction,http://id.loc.gov/authorities/genreForms/gf2014026339
6BE8RLEX,http://id.loc.gov/authorities/genreForms/gf2014026339.,Fiction.,fiction,http://id.loc.gov/authorities/genreForms/gf2014026339
6C2P9MX4,http://id.loc.gov/authorities/genreForms/gf2014026339.,Fiction.,fiction,http://id.loc.gov/authorities/genreForms/gf2014026339
6WUDSMPF,http://id.loc.gov/authorities/genreForms/gf2014026339.,Fiction.,fiction,http://id.loc.gov/authorities/genreForms/gf2014026339
7XD6IHK6,http://id.loc.gov/authorities/genreForms/gf2014026339.,Fiction.,fiction,http://id.loc.gov/authorities/genreForms/gf2014026339
84KWQXLU,http://id.loc.gov/authorities/genreForms/gf2014026339.,Fiction.,fiction,http://id.loc.gov/authorities/genreForms/gf2014026339
892IYWX3,http://id.loc.gov/authorities/genreForms/gf2014026339.,Fiction.,fiction,http://id.loc.gov/authorities/genreForms/gf2014026339
8M6U573R,http://id.loc.gov/authorities/genreForms/gf2014026339.,Fiction.,fiction,http://id.loc.gov/authorities/genreForms/gf2014026339
8TK3B6UX,http://id.loc.gov/authorities/genreForms/gf2014026339.,Fiction.,fiction,http://id.loc.gov/authorities/genreForms/gf2014026339
8VVL4XQ7,http://id.loc.gov/authorities/genreForms/gf2014026339.,Fiction.,fiction,http://id.loc.gov/authorities/genreForms/gf2014026339
8Z4XUUNF,http://id.loc.gov/authorities/genreForms/gf2014026339.,Fiction.,fiction,http://id.loc.gov/authorities/genreForms/gf2014026339
8Z5XF7GC,http://id.loc.gov/authorities/genreForms/gf2014026339.,Fiction.,fiction,http://id.loc.gov/authorities/genreForms/gf2014026339
AK44SM5P,http://id.loc.gov/authorities/genreForms/gf2014026339.,Fiction.,fiction,http://id.loc.gov/authorities/genreForms/gf2014026339
AVVG3G7B,http://id.loc.gov/authorities/genreForms/gf2014026339.,Fiction.,fiction,http://id.loc.gov/authorities/genreForms/gf2014026339
BW9C7KI7,http://id.loc.gov/authorities/genreForms/gf2014026339.,Fiction.,fiction,http://id.loc.gov/authorities/genreForms/gf2014026339
CZE89VUA,http://id.loc.gov/authorities/genreForms/gf2014026339.,Fiction.,fiction,http://id.loc.gov/authorities/genreForms/gf2014026339
D6JVHVEU,http://id.loc.gov/authorities/genreForms/gf2014026339.,Fiction.,fiction,http://id.loc.gov/authorities/genreForms/gf2014026339
DFMDL54I,http://id.loc.gov/authorities/genreForms/gf2014026339.,Fiction.,fiction,http://id.loc.gov/authorities/genreForms/gf2014026339
DJVUT7UH,http://id.loc.gov/authorities/genreForms/gf2014026339.,Fiction.,fiction,http://id.loc.gov/authorities/genreForms/gf2014026339
E4NC7U8P,http://id.loc.gov/authorities/genreForms/gf2014026339.,Fiction.,fiction,http://id.loc.gov/authorities/genreForms/gf2014026339
FPE5EJ9G,http://id.loc.gov/authorities/genreForms/gf2014026339.,Fiction.,fiction,http://id.loc.gov/authorities/genreForms/gf2014026339
FSM3KNIN,http://id.loc.gov/authorities/genreForms/gf2014026339.,Fiction.,fiction,http://id.loc.gov/authorities/genreForms/gf2014026339
G2SRVX4C,http://id.loc.gov/authorities/genreForms/gf2014026339.,Fiction.,fiction,http://id.loc.gov/authorities/genreForms/gf2014026339
G2XVGWPW,http://id.loc.gov/authorities/genreForms/gf2014026339.,Fiction.,fiction,http://id.loc.gov/authorities/genreForms/gf2014026339
GE653HAU,http://id.loc.gov/authorities/genreForms/gf2014026339.,Fiction.,fiction,http://id.loc.gov/authorities/genreForms/gf2014026339
IBNSLUJE,http://id.loc.gov/authorities/genreForms/gf2014026339.,Fiction.,fiction,http://id.loc.gov/authorities/genreForms/gf2014026339
ISTV64ZP,http://id.loc.gov/authorities/genreForms/gf2014026339.,Fiction.,fiction,http://id.loc.gov/authorities/genreForms/gf2014026339
JYBIACKW,http://id.loc.gov/authorities/genreForms/gf2014026339.,Fiction.,fiction,http://id.loc.gov/authorities/genreForms/gf2014026339
KA7WQS5Q,http://id.loc.gov/authorities/genreForms/gf2014026339.,Fiction.,fiction,http://id.loc.gov/authorities/genreForms/gf2014026339
KVE8M4XD,http://id.loc.gov/authorities/genreForms/gf2014026339.,Fiction.,fiction,http://id.loc.gov/authorities/genreForms/gf2014026339
L6IMUZ75,http://id.loc.gov/authorities/genreForms/gf2014026339.,Fiction.,fiction,http://id.loc.gov/authorities/genreForms/gf2014026339
L9858XFC,http://id.loc.gov/authorities/genreForms/gf2014026339.,Fiction.,fiction,http://id.loc.gov/authorities/genreForms/gf2014026339
LCVLCX9S,http://id.loc.gov/authorities/genreForms/gf2014026339.,Fiction.,fiction,http://id.loc.gov/authorities/genreForms/gf2014026339
LNFAZY2F,http://id.loc.gov/authorities/genreForms/gf2014026339.,Fiction.,fiction,http://id.loc.gov/authorities/genreForms/gf2014026339
M83X67YA,http://id.loc.gov/authorities/genreForms/gf2014026339.,Fiction.,fiction,http://id.loc.gov/authorities/genreForms/gf2014026339
MQKDMMI9,http://id.loc.gov/authorities/genreForms/gf2014026339.,Fiction.,fiction,http://id.loc.gov/authorities/genreForms/gf2014026339
MZDH5LJI,http://id.loc.gov/authorities/genreForms/gf2014026339.,Fiction.,fiction,http://id.loc.gov/authorities/genreForms/gf2014026339
N49LT8RV,http://id.loc.gov/authorities/genreForms/gf2014026339.,Fiction.,fiction,http://id.loc.gov/authorities/genreForms/gf2014026339
N77JIG8Z,http://id.loc.gov/authorities/genreForms/gf2014026339.,Fiction.,fiction,http://id.loc.gov/authorities/genreForms/gf2014026339
P7A32W3Q,http://id.loc.gov/authorities/genreForms/gf2014026339.,Fiction.,fiction,http://id.loc.gov/authorities/genreForms/gf2014026339
PVABAGAH,http://id.loc.gov/authorities/genreForms/gf2014026339.,Fiction.,fiction,http://id.loc.gov/authorities/genreForms/gf2014026339
QP7Q8ZNM,http://id.loc.gov/authorities/genreForms/gf2014026339.,Fiction.,fiction,http://id.loc.gov/authorities/genreForms/gf2014026339
QPXEI2VV,http://id.loc.gov/authorities/genreForms/gf2014026339.,Fiction.,fiction,http://id.loc.gov/authorities/genreForms/gf2014026339
QVB63PH7,http://id.loc.gov/authorities/genreForms/gf2014026339.,Fiction.,fiction,http://id.loc.gov/authorities/genreForms/gf2014026339
R63KV8DQ,http://id.loc.gov/authorities/genreForms/gf2014026339.,Fiction.,fiction,http://id.loc.gov/authorities/genreForms/gf2014026339
RCSBNLUB,http://id.loc.gov/authorities/genreForms/gf2014026339.,Fiction.,fiction,http://id.loc.gov/authorities/genreForms/gf2014026339
SINBPBSF,http://id.loc.gov/authorities/genreForms/gf2014026339.,Fiction.,fiction,http://id.loc.gov/authorities/genreForms/gf2014026339
U2NFY6MI,http://id.loc.gov/authorities/genreForms/gf2014026339.,Fiction.,fiction,http://id.loc.gov/authorities/genreForms/gf2014026339
UHGUWGUZ,http://id.loc.gov/authorities/genreForms/gf2014026339.,Fiction.,fiction,http://id.loc.gov/authorities/genreForms/gf2014026339
UQQDXMAY,http://id.loc.gov/authorities/genreForms/gf2014026339.,Fiction.,fiction,http://id.loc.gov/authorities/genreForms/gf2014026339
USF4PINC,http://id.loc.gov/authorities/genreForms/gf2014026339.,Fiction.,fiction,http://id.loc.gov/authorities/genreForms/gf2014026339
V5PCG5EP,http://id.loc.gov/authorities/genreForms/gf2014026339.,Fiction.,fiction,http://id.loc.gov/authorities/genreForms/gf2014026339
VDZ3BPCC,http://id.loc.gov/authorities/genreForms/gf2014026339.,Fiction.,fiction,http://id.loc.gov/authorities/genreForms/gf2014026339
VGUG34G9,http://id.loc.gov/authorities/genreForms/gf2014026339.,Fiction.,fiction,http://id.loc.gov/authorities/genreForms/gf2014026339
W47PAUNM,http://id.loc.gov/authorities/genreForms/gf2014026339.,Fiction.,fiction,http://id.loc.gov/authorities/genreForms/gf2014026339
WJKYKWV9,http://id.loc.gov/authorities/genreForms/gf2014026339.,Fiction.,fiction,http://id.loc.gov/authorities/genreForms/gf2014026339
XVFFMZT2,http://id.loc.gov/authorities/genreForms/gf2014026339.,Fiction.,fiction,http://id.loc.gov/authorities/genreForms/gf2014026339
YAVC2X7V,http://id.loc.gov/authorities/genreForms/gf2014026339.,Fiction.,fiction,http://id.loc.gov/authorities/genreForms/gf2014026339
Z2TT2U83,http://id.loc.gov/authorities/genreForms/gf2014026339.,Fiction.,fiction,http://id.loc.gov/authorities/genreForms/gf2014026339
ZJMUWHNM,http://id.loc.gov/authorities/genreForms/gf2014026339.,Fiction.,fiction,http://id.loc.gov/authorities/genreForms/gf2014026339
ZQ65SDKJ,http://id.loc.gov/authorities/genreForms/gf2014026339.,Fiction.,fiction,http://id.loc.gov/authorities/genreForms/gf2014026339
ZU4KHA9D,http://id.loc.gov/authorities/genreForms/gf2014026339.,Fiction.,fiction,http://id.loc.gov/authorities/genreForms/gf2014026339
4KEMFYE5,http://id.loc.gov/authorities/genreForms/gf2014026342.,Folk literature.,folk-literature,http://id.loc.gov/authorities/genreForms/gf2014026342
HQ822BU9,http://id.loc.gov/authorities/genreForms/gf2014026342.,Folk literature.,folk-literature,http://id.loc.gov/authorities/genreForms/gf2014026342
JAVVTKIE,http://id.loc.gov/authorities/genreForms/gf2014026342.,Folk literature.,folk-literature,http://id.loc.gov/authorities/genreForms/gf2014026342
NEWYUCJW,http://id.loc.gov/authorities/genreForms/gf2014026342.,Folk literature.,folk-literature,http://id.loc.gov/authorities/genreForms/gf2014026342
NYPLITNZ,http://id.loc.gov/authorities/genreForms/gf2014026342.,Folk literature.,folk-literature,http://id.loc.gov/authorities/genreForms/gf2014026342
QJW8HWQH,http://id.loc.gov/authorities/genreForms/gf2014026342.,Folk literature.,folk-literature,http://id.loc.gov/authorities/genreForms/gf2014026342
SINBPBSF,http://id.loc.gov/authorities/genreForms/gf2014026342.,Folk literature.,folk-literature,http://id.loc.gov/authorities/genreForms/gf2014026342
ZQ65SDKJ,http://id.loc.gov/authorities/genreForms/gf2014026342.,Folk literature.,folk-literature,http://id.loc.gov/authorities/genreForms/gf2014026342
ZV2B9FCC,http://id.loc.gov/authorities/genreForms/gf2014026342.,Folk literature.,folk-literature,http://id.loc.gov/authorities/genreForms/gf2014026342
YV3XHZFQ,http://id.loc.gov/authorities/genreForms/gf2014026346.,Found poetry.,found-poetry,http://id.loc.gov/authorities/genreForms/gf2014026346
YVIWJFCF,http://id.loc.gov/authorities/genreForms/gf2014026346.,Found poetry.,found-poetry,http://id.loc.gov/authorities/genreForms/gf2014026346
TU4SKP2B,http://id.loc.gov/authorities/genreForms/gf2014026362,Graphic novels.,graphic-novels,http://id.loc.gov/authorities/genreForms/gf2014026362
USF4PINC,http://id.loc.gov/authorities/genreForms/gf2014026362.,Graphic novels.,graphic-novels,http://id.loc.gov/authorities/genreForms/gf2014026362
XJ6TNJSP,http://id.loc.gov/authorities/genreForms/gf2014026362.,Graphic novels.,graphic-novels,http://id.loc.gov/authorities/genreForms/gf2014026362
CDHHAFU6,http://id.loc.gov/authorities/genreForms/gf2014026366.,Haiku.,haiku,http://id.loc.gov/authorities/genreForms/gf2014026366
IHA96SJC,http://id.loc.gov/authorities/genreForms/gf2014026373,Horror fiction,horror-fiction,http://id.loc.gov/authorities/genreForms/gf2014026373
M7UNWI63,http://id.loc.gov/authorities/genreForms/gf2014026415.,Literature.,literature,http://id.loc.gov/authorities/genreForms/gf2014026415
AZXJZ9V5,http://id.loc.gov/authorities/genreForms/gf2014026419,Love poetry,love-poetry,http://id.loc.gov/authorities/genreForms/gf2014026419
AH7FFDF2,http://id.loc.gov/authorities/genreForms/gf2014026419.,Love poetry.,love-poetry,http://id.loc.gov/authorities/genreForms/gf2014026419
AZXJZ9V5,http://id.loc.gov/authorities/genreForms/gf2014026481,Poetry,poetry,http://id.loc.gov/authorities/genreForms/gf2014026481
BCIJ8482,http://id.loc.gov/authorities/genreForms/gf2014026481,Poetry,poetry,http://id.loc.gov/authorities/genreForms/gf2014026481
263JJYU2,http://id.loc.gov/authorities/genreForms/gf2014026481.,Poetry.,poetry,http://id.loc.gov/authorities/genreForms/gf2014026481
28NL4NPW,http://id.loc.gov/authorities/genreForms/gf2014026481.,Poetry.,poetry,http://id.loc.gov/authorities/genreForms/gf2014026481
2B2582MX,http://id.loc.gov/authorities/genreForms/gf2014026481.,Poetry.,poetry,http://id.loc.gov/authorities/genreForms/gf2014026481
2GVG6DPZ,http://id.loc.gov/authorities/genreForms/gf2014026481.,Poetry.,poetry,http://id.loc.gov/authorities/genreForms/gf2014026481
2W368KM7,http://id.loc.gov/authorities/genreForms/gf2014026481.,Poetry.,poetry,http://id.loc.gov/authorities/genreForms/gf2014026481
3C827A4Q,http://id.loc.gov/authorities/genreForms/gf2014026481.,Poetry.,poetry,http://id.loc.gov/authorities/genreForms/gf2014026481
3CLJJJUE,http://id.loc.gov/authorities/genreForms/gf2014026481.,Poetry.,poetry,http://id.loc.gov/authorities/genreForms/gf2014026481
3QNPUMQK,http://id.loc.gov/authorities/genreForms/gf2014026481.,Poetry.,poetry,http://id.loc.gov/authorities/genreForms/gf2014026481
3WGWKXU9,http://id.loc.gov/authorities/genreForms/gf2014026481.,Poetry.,poetry,http://id.loc.gov/authorities/genreForms/gf2014026481
45STR3NR,http://id.loc.gov/authorities/genreForms/gf2014026481.,Poetry.,poetry,http://id.loc.gov/authorities/genreForms/gf2014026481
48AHMBTH,http://id.loc.gov/authorities/genreForms/gf2014026481.,Poetry.,poetry,http://id.loc.gov/authorities/genreForms/gf2014026481
4F96YEAW,http://id.loc.gov/authorities/genreForms/gf2014026481.,Poetry.,poetry,http://id.loc.gov/authorities/genreForms/gf2014026481
4QFAMBK2,http://id.loc.gov/authorities/genreForms/gf2014026481.,Poetry.,poetry,http://id.loc.gov/authorities/genreForms/gf2014026481
4ZPTZSCC,http://id.loc.gov/authorities/genreForms/gf2014026481.,Poetry.,poetry,http://id.loc.gov/authorities/genreForms/gf2014026481
557V974R,http://id.loc.gov/authorities/genreForms/gf2014026481.,Poetry.,poetry,http://id.loc.gov/authorities/genreForms/gf2014026481
566FGEFI,http://id.loc.gov/authorities/genreForms/gf2014026481.,Poetry.,poetry,http://id.loc.gov/authorities/genreForms/gf2014026481
599Q83FU,http://id.loc.gov/authorities/genreForms/gf2014026481.,Poetry.,poetry,http://id.loc.gov/authorities/genreForms/gf2014026481
5BTUNLK2,http://id.loc.gov/authorities/genreForms/gf2014026481.,Poetry.,poetry,http://id.loc.gov/authorities/genreForms/gf2014026481
5IABCDQ2,http://id.loc.gov/authorities/genreForms/gf2014026481.,Poetry.,poetry,http://id.loc.gov/authorities/genreForms/gf2014026481
5IAMT5AG,http://id.loc.gov/authorities/genreForms/gf2014026481.,Poetry.,poetry,http://id.loc.gov/authorities/genreForms/gf2014026481
5RB6ICNW,http://id.loc.gov/authorities/genreForms/gf2014026481.,Poetry.,poetry,http://id.loc.gov/authorities/genreForms/gf2014026481
62G6B7V7,http://id.loc.gov/authorities/genreForms/gf2014026481.,Poetry.,poetry,http://id.loc.gov/authorities/genreForms/gf2014026481
655Q5W29,http://id.loc.gov/authorities/genreForms/gf2014026481.,Poetry.,poetry,http://id.loc.gov/authorities/genreForms/gf2014026481
692S584Y,http://id.loc.gov/authorities/genreForms/gf2014026481.,Poetry.,poetry,http://id.loc.gov/authorities/genreForms/gf2014026481
7J86PE5Z,http://id.loc.gov/authorities/genreForms/gf2014026481.,Poetry.,poetry,http://id.loc.gov/authorities/genreForms/gf2014026481
7P6ZWQRP,http://id.loc.gov/authorities/genreForms/gf2014026481.,Poetry.,poetry,http://id.loc.gov/authorities/genreForms/gf2014026481
83JLLNSN,http://id.loc.gov/authorities/genreForms/gf2014026481.,Poetry.,poetry,http://id.loc.gov/authorities/genreForms/gf2014026481
8ABPWW6Z,http://id.loc.gov/authorities/genreForms/gf2014026481.,Poetry.,poetry,http://id.loc.gov/authorities/genreForms/gf2014026481
8ILC5ENQ,http://id.loc.gov/authorities/genreForms/gf2014026481.,Poetry.,poetry,http://id.loc.gov/authorities/genreForms/gf2014026481
8NYK2SIM,http://id.loc.gov/authorities/genreForms/gf2014026481.,Poetry.,poetry,http://id.loc.gov/authorities/genreForms/gf2014026481
9D7CD9RC,http://id.loc.gov/authorities/genreForms/gf2014026481.,Poetry.,poetry,http://id.loc.gov/authorities/genreForms/gf2014026481
9FX8NRGF,http://id.loc.gov/authorities/genreForms/gf2014026481.,Poetry.,poetry,http://id.loc.gov/authorities/genreForms/gf2014026481
AAEXGG89,http://id.loc.gov/authorities/genreForms/gf2014026481.,Poetry.,poetry,http://id.loc.gov/authorities/genreForms/gf2014026481
ACZ5VEVR,http://id.loc.gov/authorities/genreForms/gf2014026481.,Poetry.,poetry,http://id.loc.gov/authorities/genreForms/gf2014026481
ADP7A5HH,http://id.loc.gov/authorities/genreForms/gf2014026481.,Poetry.,poetry,http://id.loc.gov/authorities/genreForms/gf2014026481
AH7FFDF2,http://id.loc.gov/authorities/genreForms/gf2014026481.,Poetry.,poetry,http://id.loc.gov/authorities/genreForms/gf2014026481
AJXHZLKV,http://id.loc.gov/authorities/genreForms/gf2014026481.,Poetry.,poetry,http://id.loc.gov/authorities/genreForms/gf2014026481
ATXQXDCM,http://id.loc.gov/authorities/genreForms/gf2014026481.,Poetry.,poetry,http://id.loc.gov/authorities/genreForms/gf2014026481
BRAK439D,http://id.loc.gov/authorities/genreForms/gf2014026481.,Poetry.,poetry,http://id.loc.gov/authorities/genreForms/gf2014026481
BUXAEBNU,http://id.loc.gov/authorities/genreForms/gf2014026481.,Poetry.,poetry,http://id.loc.gov/authorities/genreForms/gf2014026481
BVRQK4KR,http://id.loc.gov/authorities/genreForms/gf2014026481.,Poetry.,poetry,http://id.loc.gov/authorities/genreForms/gf2014026481
CAV69CKH,http://id.loc.gov/authorities/genreForms/gf2014026481.,Poetry.,poetry,http://id.loc.gov/authorities/genreForms/gf2014026481
CCS3Z546,http://id.loc.gov/authorities/genreForms/gf2014026481.,Poetry.,poetry,http://id.loc.gov/authorities/genreForms/gf2014026481
CDHHAFU6,http://id.loc.gov/authorities/genreForms/gf2014026481.,Poetry.,poetry,http://id.loc.gov/authorities/genreForms/gf2014026481
CGFXKRSP,http://id.loc.gov/authorities/genreForms/gf2014026481.,Poetry.,poetry,http://id.loc.gov/authorities/genreForms/gf2014026481
CHCWV92Y,http://id.loc.gov/authorities/genreForms/gf2014026481.,Poetry.,poetry,http://id.loc.gov/authorities/genreForms/gf2014026481
CI5BSLVI,http://id.loc.gov/authorities/genreForms/gf2014026481.,Poetry.,poetry,http://id.loc.gov/authorities/genreForms/gf2014026481
DDIDAEFG,http://id.loc.gov/authorities/genreForms/gf2014026481.,Poetry.,poetry,http://id.loc.gov/authorities/genreForms/gf2014026481
DG3FHB3X,http://id.loc.gov/authorities/genreForms/gf2014026481.,Poetry.,poetry,http://id.loc.gov/authorities/genreForms/gf2014026481
DVBP2ZX8,http://id.loc.gov/authorities/genreForms/gf2014026481.,Poetry.,poetry,http://id.loc.gov/authorities/genreForms/gf2014026481
E29YMLF5,http://id.loc.gov/authorities/genreForms/gf2014026481.,Poetry.,poetry,http://id.loc.gov/authorities/genreForms/gf2014026481
E39HWSLV,http://id.loc.gov/authorities/genreForms/gf2014026481.,Poetry.,poetry,http://id.loc.gov/authorities/genreForms/gf2014026481
E62R9QS4,http://id.loc.gov/authorities/genreForms/gf2014026481.,Poetry.,poetry,http://id.loc.gov/authorities/genreForms/gf2014026481
EC55TB6L,http://id.loc.gov/authorities/genreForms/gf2014026481.,Poetry.,poetry,http://id.loc.gov/authorities/genreForms/gf2014026481
FB75FLIE,http://id.loc.gov/authorities/genreForms/gf2014026481.,Poetry.,poetry,http://id.loc.gov/authorities/genreForms/gf2014026481
FI2GTQ6N,http://id.loc.gov/authorities/genreForms/gf2014026481.,Poetry.,poetry,http://id.loc.gov/authorities/genreForms/gf2014026481
FJFSZBAP,http://id.loc.gov/authorities/genreForms/gf2014026481.,Poetry.,poetry,http://id.loc.gov/authorities/genreForms/gf2014026481
FNNC4NDH,http://id.loc.gov/authorities/genreForms/gf2014026481.,Poetry.,poetry,http://id.loc.gov/authorities/genreForms/gf2014026481
FSJCJQ4W,http://id.loc.gov/authorities/genreForms/gf2014026481.,Poetry.,poetry,http://id.loc.gov/authorities/genreForms/gf2014026481
GDRJJECP,http://id.loc.gov/authorities/genreForms/gf2014026481.,Poetry.,poetry,http://id.loc.gov/authorities/genreForms/gf2014026481
GHT2A78E,http://id.loc.gov/authorities/genreForms/gf2014026481.,Poetry.,poetry,http://id.loc.gov/authorities/genreForms/gf2014026481
GK4VMW5N,http://id.loc.gov/authorities/genreForms/gf2014026481.,Poetry.,poetry,http://id.loc.gov/authorities/genreForms/gf2014026481
GRN6KZ4M,http://id.loc.gov/authorities/genreForms/gf2014026481.,Poetry.,poetry,http://id.loc.gov/authorities/genreForms/gf2014026481
GUFAHLE5,http://id.loc.gov/authorities/genreForms/gf2014026481.,Poetry.,poetry,http://id.loc.gov/authorities/genreForms/gf2014026481
GURAG9JG,http://id.loc.gov/authorities/genreForms/gf2014026481.,Poetry.,poetry,http://id.loc.gov/authorities/genreForms/gf2014026481
GZC5J3E5,http://id.loc.gov/authorities/genreForms/gf2014026481.,Poetry.,poetry,http://id.loc.gov/authorities/genreForms/gf2014026481
IBRQM6MM,http://id.loc.gov/authorities/genreForms/gf2014026481.,Poetry.,poetry,http://id.loc.gov/authorities/genreForms/gf2014026481
IBSA43AE,http://id.loc.gov/authorities/genreForms/gf2014026481.,Poetry.,poetry,http://id.loc.gov/authorities/genreForms/gf2014026481
IHNJFWFT,http://id.loc.gov/authorities/genreForms/gf2014026481.,Poetry.,poetry,http://id.loc.gov/authorities/genreForms/gf2014026481
IJZRUWSY,http://id.loc.gov/authorities/genreForms/gf2014026481.,Poetry.,poetry,http://id.loc.gov/authorities/genreForms/gf2014026481
IX35PGRG,http://id.loc.gov/authorities/genreForms/gf2014026481.,Poetry.,poetry,http://id.loc.gov/authorities/genreForms/gf2014026481
J2Y8TU6U,http://id.loc.gov/authorities/genreForms/gf2014026481.,Poetry.,poetry,http://id.loc.gov/authorities/genreForms/gf2014026481
J7MTRLGR,http://id.loc.gov/authorities/genreForms/gf2014026481.,Poetry.,poetry,http://id.loc.gov/authorities/genreForms/gf2014026481
J7QUNJH2,http://id.loc.gov/authorities/genreForms/gf2014026481.,Poetry.,poetry,http://id.loc.gov/authorities/genreForms/gf2014026481
JRTF8H42,http://id.loc.gov/authorities/genreForms/gf2014026481.,Poetry.,poetry,http://id.loc.gov/authorities/genreForms/gf2014026481
K7X9FUZV,http://id.loc.gov/authorities/genreForms/gf2014026481.,Poetry.,poetry,http://id.loc.gov/authorities/genreForms/gf2014026481
K9Q5XIGB,http://id.loc.gov/authorities/genreForms/gf2014026481.,Poetry.,poetry,http://id.loc.gov/authorities/genreForms/gf2014026481
KIW88E9A,http://id.loc.gov/authorities/genreForms/gf2014026481.,Poetry.,poetry,http://id.loc.gov/authorities/genreForms/gf2014026481
KXZAUJZ5,http://id.loc.gov/authorities/genreForms/gf2014026481.,Poetry.,poetry,http://id.loc.gov/authorities/genreForms/gf2014026481
L524DZTF,http://id.loc.gov/authorities/genreForms/gf2014026481.,Poetry.,poetry,http://id.loc.gov/authorities/genreForms/gf2014026481
L6IL4VQY,http://id.loc.gov/authorities/genreForms/gf2014026481.,Poetry.,poetry,http://id.loc.gov/authorities/genreForms/gf2014026481
LAZ7IRLG,http://id.loc.gov/authorities/genreForms/gf2014026481.,Poetry.,poetry,http://id.loc.gov/authorities/genreForms/gf2014026481
LGMZNHFR,http://id.loc.gov/authorities/genreForms/gf2014026481.,Poetry.,poetry,http://id.loc.gov/authorities/genreForms/gf2014026481
LKQLU3H2,http://id.loc.gov/authorities/genreForms/gf2014026481.,Poetry.,poetry,http://id.loc.gov/authorities/genreForms/gf2014026481
LMMBZ2D6,http://id.loc.gov/authorities/genreForms/gf2014026481.,Poetry.,poetry,http://id.loc.gov/authorities/genreForms/gf2014026481
LTZ95FTJ,http://id.loc.gov/authorities/genreForms/gf2014026481.,Poetry.,poetry,http://id.loc.gov/authorities/genreForms/gf2014026481
LYJSML5E,http://id.loc.gov/authorities/genreForms/gf2014026481.,Poetry.,poetry,http://id.loc.gov/authorities/genreForms/gf2014026481
NA5ZH4WY,http://id.loc.gov/authorities/genreForms/gf2014026481.,Poetry.,poetry,http://id.loc.gov/authorities/genreForms/gf2014026481
NDPFINYQ,http://id.loc.gov/authorities/genreForms/gf2014026481.,Poetry.,poetry,http://id.loc.gov/authorities/genreForms/gf2014026481
P3SXCUWI,http://id.loc.gov/authorities/genreForms/gf2014026481.,Poetry.,poetry,http://id.loc.gov/authorities/genreForms/gf2014026481
PEEGHK2R,http://id.loc.gov/authorities/genreForms/gf2014026481.,Poetry.,poetry,http://id.loc.gov/authorities/genreForms/gf2014026481
PR7GRMT9,http://id.loc.gov/authorities/genreForms/gf2014026481.,Poetry.,poetry,http://id.loc.gov/authorities/genreForms/gf2014026481
PSPHWMIM,http://id.loc.gov/authorities/genreForms/gf2014026481.,Poetry.,poetry,http://id.loc.gov/authorities/genreForms/gf2014026481
PUXWPPDT,http://id.loc.gov/authorities/genreForms/gf2014026481.,Poetry.,poetry,http://id.loc.gov/authorities/genreForms/gf2014026481
Q63JTAT9,http://id.loc.gov/authorities/genreForms/gf2014026481.,Poetry.,poetry,http://id.loc.gov/authorities/genreForms/gf2014026481
QF5F3QIZ,http://id.loc.gov/authorities/genreForms/gf2014026481.,Poetry.,poetry,http://id.loc.gov/authorities/genreForms/gf2014026481
QG6C4UVE,http://id.loc.gov/authorities/genreForms/gf2014026481.,Poetry.,poetry,http://id.loc.gov/authorities/genreForms/gf2014026481
QK7TTBWC,http://id.loc.gov/authorities/genreForms/gf2014026481.,Poetry.,poetry,http://id.loc.gov/authorities/genreForms/gf2014026481
QRPI3QZV,http://id.loc.gov/authorities/genreForms/gf2014026481.,Poetry.,poetry,http://id.loc.gov/authorities/genreForms/gf2014026481
RKL992ZG,http://id.loc.gov/authorities/genreForms/gf2014026481.,Poetry.,poetry,http://id.loc.gov/authorities/genreForms/gf2014026481
RNWDT5TP,http://id.loc.gov/authorities/genreForms/gf2014026481.,Poetry.,poetry,http://id.loc.gov/authorities/genreForms/gf2014026481
RSAKT92N,http://id.loc.gov/authorities/genreForms/gf2014026481.,Poetry.,poetry,http://id.loc.gov/authorities/genreForms/gf2014026481
RTJ9WZI5,http://id.loc.gov/authorities/genreForms/gf2014026481.,Poetry.,poetry,http://id.loc.gov/authorities/genreForms/gf2014026481
S7KC6XW2,http://id.loc.gov/authorities/genreForms/gf2014026481.,Poetry.,poetry,http://id.loc.gov/authorities/genreForms/gf2014026481
SEYVIISL,http://id.loc.gov/authorities/genreForms/gf2014026481.,Poetry.,poetry,http://id.loc.gov/authorities/genreForms/gf2014026481
SIGA9FCB,http://id.loc.gov/authorities/genreForms/gf2014026481.,Poetry.,poetry,http://id.loc.gov/authorities/genreForms/gf2014026481
SIPGLSUF,http://id.loc.gov/authorities/genreForms/gf2014026481.,Poetry.,poetry,http://id.loc.gov/authorities/genreForms/gf2014026481
SN5C56PQ,http://id.loc.gov/authorities/genreForms/gf2014026481.,Poetry.,poetry,http://id.loc.gov/authorities/genreForms/gf2014026481
SSXVVYVE,http://id.loc.gov/authorities/genreForms/gf2014026481.,Poetry.,poetry,http://id.loc.gov/authorities/genreForms/gf2014026481
SZBXI3ZB,http://id.loc.gov/authorities/genreForms/gf2014026481.,Poetry.,poetry,http://id.loc.gov/authorities/genreForms/gf2014026481
T5D4IG4R,http://id.loc.gov/authorities/genreForms/gf2014026481.,Poetry.,poetry,http://id.loc.gov/authorities/genreForms/gf2014026481
TBJA73PF,http://id.loc.gov/authorities/genreForms/gf2014026481.,Poetry.,poetry,http://id.loc.gov/authorities/genreForms/gf2014026481
TDN53QNW,http://id.loc.gov/authorities/genreForms/gf2014026481.,Poetry.,poetry,http://id.loc.gov/authorities/genreForms/gf2014026481
TKH4J8QA,http://id.loc.gov/authorities/genreForms/gf2014026481.,Poetry.,poetry,http://id.loc.gov/authorities/genreForms/gf2014026481
TMUTSH2R,http://id.loc.gov/authorities/genreForms/gf2014026481.,Poetry.,poetry,http://id.loc.gov/authorities/genreForms/gf2014026481
TRHP5M6A,http://id.loc.gov/authorities/genreForms/gf2014026481.,Poetry.,poetry,http://id.loc.gov/authorities/genreForms/gf2014026481
UCTSXTP3,http://id.loc.gov/authorities/genreForms/gf2014026481.,Poetry.,poetry,http://id.loc.gov/authorities/genreForms/gf2014026481
UIXK9R42,http://id.loc.gov/authorities/genreForms/gf2014026481.,Poetry.,poetry,http://id.loc.gov/authorities/genreForms/gf2014026481
VQ6QBBXM,http://id.loc.gov/authorities/genreForms/gf2014026481.,Poetry.,poetry,http://id.loc.gov/authorities/genreForms/gf2014026481
VRSBV8YK,http://id.loc.gov/authorities/genreForms/gf2014026481.,Poetry.,poetry,http://id.loc.gov/authorities/genreForms/gf2014026481
VT833RRH,http://id.loc.gov/authorities/genreForms/gf2014026481.,Poetry.,poetry,http://id.loc.gov/authorities/genreForms/gf2014026481
VVKM5K5N,http://id.loc.gov/authorities/genreForms/gf2014026481.,Poetry.,poetry,http://id.loc.gov/authorities/genreForms/gf2014026481
VXZ5F8G5,http://id.loc.gov/authorities/genreForms/gf2014026481.,Poetry.,poetry,http://id.loc.gov/authorities/genreForms/gf2014026481
W82MUC33,http://id.loc.gov/authorities/genreForms/gf2014026481.,Poetry.,poetry,http://id.loc.gov/authorities/genreForms/gf2014026481
WHM7URD8,http://id.loc.gov/authorities/genreForms/gf2014026481.,Poetry.,poetry,http://id.loc.gov/authorities/genreForms/gf2014026481
WRNYAPQQ,http://id.loc.gov/authorities/genreForms/gf2014026481.,Poetry.,poetry,http://id.loc.gov/authorities/genreForms/gf2014026481
WYI4627M,http://id.loc.gov/authorities/genreForms/gf2014026481.,Poetry.,poetry,http://id.loc.gov/authorities/genreForms/gf2014026481
WYUUF35G,http://id.loc.gov/authorities/genreForms/gf2014026481.,Poetry.,poetry,http://id.loc.gov/authorities/genreForms/gf2014026481
X82KVB85,http://id.loc.gov/authorities/genreForms/gf2014026481.,Poetry.,poetry,http://id.loc.gov/authorities/genreForms/gf2014026481
X8LKY6MI,http://id.loc.gov/authorities/genreForms/gf2014026481.,Poetry.,poetry,http://id.loc.gov/authorities/genreForms/gf2014026481
XHTD5GCK,http://id.loc.gov/authorities/genreForms/gf2014026481.,Poetry.,poetry,http://id.loc.gov/authorities/genreForms/gf2014026481
XLU2WEKP,http://id.loc.gov/authorities/genreForms/gf2014026481.,Poetry.,poetry,http://id.loc.gov/authorities/genreForms/gf2014026481
Y2WM7XPK,http://id.loc.gov/authorities/genreForms/gf2014026481.,Poetry.,poetry,http://id.loc.gov/authorities/genreForms/gf2014026481
YCJVW6Y6,http://id.loc.gov/authorities/genreForms/gf2014026481.,Poetry.,poetry,http://id.loc.gov/authorities/genreForms/gf2014026481
YJZNQ94S,http://id.loc.gov/authorities/genreForms/gf2014026481.,Poetry.,poetry,http://id.loc.gov/authorities/genreForms/gf2014026481
YVIWJFCF,http://id.loc.gov/authorities/genreForms/gf2014026481.,Poetry.,poetry,http://id.loc.gov/authorities/genreForms/gf2014026481
YX7BXEWX,http://id.loc.gov/authorities/genreForms/gf2014026481.,Poetry.,poetry,http://id.loc.gov/authorities/genreForms/gf2014026481
YZ2PU6X5,http://id.loc.gov/authorities/genreForms/gf2014026481.,Poetry.,poetry,http://id.loc.gov/authorities/genreForms/gf2014026481
ZC99JFZS,http://id.loc.gov/authorities/genreForms/gf2014026481.,Poetry.,poetry,http://id.loc.gov/authorities/genreForms/gf2014026481
ZF3UJ73X,http://id.loc.gov/authorities/genreForms/gf2014026481.,Poetry.,poetry,http://id.loc.gov/authorities/genreForms/gf2014026481
ZFVLHJ4P,http://id.loc.gov/authorities/genreForms/gf2014026481.,Poetry.,poetry,http://id.loc.gov/authorities/genreForms/gf2014026481
ZKXXG9FB,http://id.loc.gov/authorities/genreForms/gf2014026481.,Poetry.,poetry,http://id.loc.gov/authorities/genreForms/gf2014026481
ZLY2F2LB,http://id.loc.gov/authorities/genreForms/gf2014026481.,Poetry.,poetry,http://id.loc.gov/authorities/genreForms/gf2014026481
ZNYNAY55,http://id.loc.gov/authorities/genreForms/gf2014026481.,Poetry.,poetry,http://id.loc.gov/authorities/genreForms/gf2014026481
ZQIZ7LG4,http://id.loc.gov/authorities/genreForms/gf2014026481.,Poetry.,poetry,http://id.loc.gov/authorities/genreForms/gf2014026481
ZYN7DVSI,http://id.loc.gov/authorities/genreForms/gf2014026481.,Poetry.,poetry,http://id.loc.gov/authorities/genreForms/gf2014026481
DJVUT7UH,http://id.loc.gov/authorities/genreForms/gf2014026513.,Road fiction.,road-fiction,http://id.loc.gov/authorities/genreForms/gf2014026513
USF4PINC,http://id.loc.gov/authorities/genreForms/gf2014026529.,Science fiction.,science-fiction,http://id.loc.gov/authorities/genreForms/gf2014026529
8YJUR4SY,http://id.loc.gov/authorities/genreForms/gf2014026542.,Short stories.,short-stories,http://id.loc.gov/authorities/genreForms/gf2014026542
CJ6QJUF7,http://id.loc.gov/authorities/genreForms/gf2014026542.,Short stories.,short-stories,http://id.loc.gov/authorities/genreForms/gf2014026542
DJVUT7UH,http://id.loc.gov/authorities/genreForms/gf2014026542.,Short stories.,short-stories,http://id.loc.gov/authorities/genreForms/gf2014026542
DNTS73TK,http://id.loc.gov/authorities/genreForms/gf2014026542.,Short stories.,short-stories,http://id.loc.gov/authorities/genreForms/gf2014026542
EVQIJIVY,http://id.loc.gov/authorities/genreForms/gf2014026542.,Short stories.,short-stories,http://id.loc.gov/authorities/genreForms/gf2014026542
FCMN5SI3,http://id.loc.gov/authorities/genreForms/gf2014026542.,Short stories.,short-stories,http://id.loc.gov/authorities/genreForms/gf2014026542
FVASQX8M,http://id.loc.gov/authorities/genreForms/gf2014026542.,Short stories.,short-stories,http://id.loc.gov/authorities/genreForms/gf2014026542
ITG942QS,http://id.loc.gov/authorities/genreForms/gf2014026542.,Short stories.,short-stories,http://id.loc.gov/authorities/genreForms/gf2014026542
N49LT8RV,http://id.loc.gov/authorities/genreForms/gf2014026542.,Short stories.,short-stories,http://id.loc.gov/authorities/genreForms/gf2014026542
NKAVGZNL,http://id.loc.gov/authorities/genreForms/gf2014026542.,Short stories.,short-stories,http://id.loc.gov/authorities/genreForms/gf2014026542
PLXEZ6SH,http://id.loc.gov/authorities/genreForms/gf2014026542.,Short stories.,short-stories,http://id.loc.gov/authorities/genreForms/gf2014026542
Q5WDSUDE,http://id.loc.gov/authorities/genreForms/gf2014026542.,Short stories.,short-stories,http://id.loc.gov/authorities/genreForms/gf2014026542
VVJYRH58,http://id.loc.gov/authorities/genreForms/gf2014026542.,Short stories.,short-stories,http://id.loc.gov/authorities/genreForms/gf2014026542
CJ6QJUF7,http://id.loc.gov/authorities/genreForms/gf2014026543.,Flash fiction.,flash-fiction,http://id.loc.gov/authorities/genreForms/gf2014026543
PLXEZ6SH,http://id.loc.gov/authorities/genreForms/gf2014026543.,Flash fiction.,flash-fiction,http://id.loc.gov/authorities/genreForms/gf2014026543
Q63JTAT9,http://id.loc.gov/authorities/genreForms/gf2014026552.,Spoken word poetry.,spoken-word-poetry,http://id.loc.gov/authorities/genreForms/gf2014026552
TU4SKP2B,http://id.loc.gov/authorities/genreForms/gf2014026580,Underground comics.,underground-comics,http://id.loc.gov/authorities/genreForms/gf2014026580
UHGUWGUZ,http://id.loc.gov/authorities/genreForms/gf2014026583.,Utopian fiction.,utopian-fiction,http://id.loc.gov/authorities/genreForms/gf2014026583
6L3JZ96S,http://id.loc.gov/authorities/genreForms/gf2014026588.,Visual poetry.,visual-poetry,http://id.loc.gov/authorities/genreForms/gf2014026588
7J86PE5Z,http://id.loc.gov/authorities/genreForms/gf2014026588.,Visual poetry.,visual-poetry,http://id.loc.gov/authorities/genreForms/gf2014026588
8ILC5ENQ,http://id.loc.gov/authorities/genreForms/gf2014026588.,Visual poetry.,visual-poetry,http://id.loc.gov/authorities/genreForms/gf2014026588
ACZ5VEVR,http://id.loc.gov/authorities/genreForms/gf2014026588.,Visual poetry.,visual-poetry,http://id.loc.gov/authorities/genreForms/gf2014026588
AJXHZLKV,http://id.loc.gov/authorities/genreForms/gf2014026588.,Visual poetry.,visual-poetry,http://id.loc.gov/authorities/genreForms/gf2014026588
CAV69CKH,http://id.loc.gov/authorities/genreForms/gf2014026588.,Visual poetry.,visual-poetry,http://id.loc.gov/authorities/genreForms/gf2014026588
CDHHAFU6,http://id.loc.gov/authorities/genreForms/gf2014026588.,Visual poetry.,visual-poetry,http://id.loc.gov/authorities/genreForms/gf2014026588
E62R9QS4,http://id.loc.gov/authorities/genreForms/gf2014026588.,Visual poetry.,visual-poetry,http://id.loc.gov/authorities/genreForms/gf2014026588
GURAG9JG,http://id.loc.gov/authorities/genreForms/gf2014026588.,Visual poetry.,visual-poetry,http://id.loc.gov/authorities/genreForms/gf2014026588
L6IL4VQY,http://id.loc.gov/authorities/genreForms/gf2014026588.,Visual poetry.,visual-poetry,http://id.loc.gov/authorities/genreForms/gf2014026588
RKL992ZG,http://id.loc.gov/authorities/genreForms/gf2014026588.,Visual poetry.,visual-poetry,http://id.loc.gov/authorities/genreForms/gf2014026588
SIPGLSUF,http://id.loc.gov/authorities/genreForms/gf2014026588.,Visual poetry.,visual-poetry,http://id.loc.gov/authorities/genreForms/gf2014026588
TRHP5M6A,http://id.loc.gov/authorities/genreForms/gf2014026588.,Visual poetry.,visual-poetry,http://id.loc.gov/authorities/genreForms/gf2014026588
UCTSXTP3,http://id.loc.gov/authorities/genreForms/gf2014026588.,Visual poetry.,visual-poetry,http://id.loc.gov/authorities/genreForms/gf2014026588
UMK6A4YQ,http://id.loc.gov/authorities/genreForms/gf2014026588.,Visual poetry.,visual-poetry,http://id.loc.gov/authorities/genreForms/gf2014026588
VVKM5K5N,http://id.loc.gov/authorities/genreForms/gf2014026588.,Visual poetry.,visual-poetry,http://id.loc.gov/authorities/genreForms/gf2014026588
YJZNQ94S,http://id.loc.gov/authorities/genreForms/gf2014026588.,Visual poetry.,visual-poetry,http://id.loc.gov/authorities/genreForms/gf2014026588
2LGSRZH3,http://id.loc.gov/authorities/genreForms/gf2014026594.,Western fiction.,western-fiction,http://id.loc.gov/authorities/genreForms/gf2014026594
L524DZTF,http://id.loc.gov/authorities/genreForms/gf2014026912.,Love songs.,love-songs,http://id.loc.gov/authorities/genreForms/gf2014026912
G9QRMM3T,http://id.loc.gov/authorities/genreForms/gf2014027101.,Song cycles.,song-cycles,http://id.loc.gov/authorities/genreForms/gf2014027101
G9QRMM3T,http://id.loc.gov/authorities/genreForms/gf2014027103.,Songs.,songs,http://id.loc.gov/authorities/genreForms/gf2014027103
Q63JTAT9,http://id.loc.gov/authorities/genreForms/gf2014027107.,Soundscapes (Music),soundscapes-music,http://id.loc.gov/authorities/genreForms/gf2014027107
IHA96SJC,http://id.loc.gov/authorities/genreForms/gf2015026020,Novels,novels,http://id.loc.gov/authorities/genreForms/gf2015026020
6WVPBSU4,http://id.loc.gov/authorities/genreForms/gf2015026020.,Novels.,novels,http://id.loc.gov/authorities/genreForms/gf2015026020
GF9CWKTV,http://id.loc.gov/authorities/genreForms/gf2015026020.,Novels.,novels,http://id.loc.gov/authorities/genreForms/gf2015026020
H7X35XED,http://id.loc.gov/authorities/genreForms/gf2015026020.,Novels.,novels,http://id.loc.gov/authorities/genreForms/gf2015026020
KMR745Z7,http://id.loc.gov/authorities/genreForms/gf2015026020.,Novels.,novels,http://id.loc.gov/authorities/genreForms/gf2015026020
QQ26PJLJ,http://id.loc.gov/authorities/genreForms/gf2015026020.,Novels.,novels,http://id.loc.gov/authorities/genreForms/gf2015026020
3W95A2M6,http://id.loc.gov/authorities/genreForms/gf2015026060.,Paper dolls.,paper-dolls,http://id.loc.gov/authorities/genreForms/gf2015026060
XTJAJ37U,http://id.loc.gov/authorities/genreForms/gf2016026017.,Erasure poetry.,erasure-poetry,http://id.loc.gov/authorities/genreForms/gf2016026017
ZYS8GMX2,http://id.loc.gov/authorities/genreForms/gf2016026082.,Festschriften.,festschriften,http://id.loc.gov/authorities/genreForms/gf2016026082
RKL992ZG,http://id.loc.gov/authorities/genreForms/gf2016026085.,Political poetry.,political-poetry,http://id.loc.gov/authorities/genreForms/gf2016026085
AZXJZ9V5,http://id.loc.gov/authorities/genreForms/gf2017027220,Artists' books,artists-books,http://id.loc.gov/authorities/genreForms/gf2017027220
B5DENL35,http://id.loc.gov/authorities/genreForms/gf2017027220,Artists' books,artists-books,http://id.loc.gov/authorities/genreForms/gf2017027220
N5JBMIHY,http://id.loc.gov/authorities/genreForms/gf2017027220,Artists' books,artists-books,http://id.loc.gov/authorities/genreForms/gf2017027220
43FXNU5W,http://id.loc.gov/authorities/genreForms/gf2017027220,Artists' books.,artists-books,http://id.loc.gov/authorities/genreForms/gf2017027220
86S5LEZ5,http://id.loc.gov/authorities/genreForms/gf2017027220,Artists' books.,artists-books,http://id.loc.gov/authorities/genreForms/gf2017027220
FL9B73CP,http://id.loc.gov/authorities/genreForms/gf2017027220,Artists' books.,artists-books,http://id.loc.gov/authorities/genreForms/gf2017027220
GTSUGCHT,http://id.loc.gov/authorities/genreForms/gf2017027220,Artists' books.,artists-books,http://id.loc.gov/authorities/genreForms/gf2017027220
KCW4R76F,http://id.loc.gov/authorities/genreForms/gf2017027220,Artists' books.,artists-books,http://id.loc.gov/authorities/genreForms/gf2017027220
226R6HJK,http://id.loc.gov/authorities/genreForms/gf2017027220.,Artists' books.,artists-books,http://id.loc.gov/authorities/genreForms/gf2017027220
22A8PINZ,http://id.loc.gov/authorities/genreForms/gf2017027220.,Artists' books.,artists-books,http://id.loc.gov/authorities/genreForms/gf2017027220
22TSL3K2,http://id.loc.gov/authorities/genreForms/gf2017027220.,Artists' books.,artists-books,http://id.loc.gov/authorities/genreForms/gf2017027220
22WD8W35,http://id.loc.gov/authorities/genreForms/gf2017027220.,Artists' books.,artists-books,http://id.loc.gov/authorities/genreForms/gf2017027220
23EMIBFV,http://id.loc.gov/authorities/genreForms/gf2017027220.,Artists' books.,artists-books,http://id.loc.gov/authorities/genreForms/gf2017027220
23ZX86U5,http://id.loc.gov/authorities/genreForms/gf2017027220.,Artists' books.,artists-books,http://id.loc.gov/authorities/genreForms/gf2017027220
24HSZQI4,http://id.loc.gov/authorities/genreForms/gf2017027220.,Artists' books.,artists-books,http://id.loc.gov/authorities/genreForms/gf2017027220
24YJ4MQA,http://id.loc.gov/authorities/genreForms/gf2017027220.,Artists' books.,artists-books,http://id.loc.gov/authorities/genreForms/gf2017027220
26B9TB5J,http://id.loc.gov/authorities/genreForms/gf2017027220.,Artists' books.,artists-books,http://id.loc.gov/authorities/genreForms/gf2017027220
28QX2N42,http://id.loc.gov/authorities/genreForms/gf2017027220.,Artists' books.,artists-books,http://id.loc.gov/authorities/genreForms/gf2017027220
2B2582MX,http://id.loc.gov/authorities/genreForms/gf2017027220.,Artists' books.,artists-books,http://id.loc.gov/authorities/genreForms/gf2017027220
2D9X89XX,http://id.loc.gov/authorities/genreForms/gf2017027220.,Artists' books.,artists-books,http://id.loc.gov/authorities/genreForms/gf2017027220
2FMAJ6SK,http://id.loc.gov/authorities/genreForms/gf2017027220.,Artists' books.,artists-books,http://id.loc.gov/authorities/genreForms/gf2017027220
2J3IRJKT,http://id.loc.gov/authorities/genreForms/gf2017027220.,Artists' books.,artists-books,http://id.loc.gov/authorities/genreForms/gf2017027220
2JCX84TY,http://id.loc.gov/authorities/genreForms/gf2017027220.,Artists' books.,artists-books,http://id.loc.gov/authorities/genreForms/gf2017027220
2KM7HSNE,http://id.loc.gov/authorities/genreForms/gf2017027220.,Artists' books.,artists-books,http://id.loc.gov/authorities/genreForms/gf2017027220
2LGSRZH3,http://id.loc.gov/authorities/genreForms/gf2017027220.,Artists' books.,artists-books,http://id.loc.gov/authorities/genreForms/gf2017027220
2MZUGSET,http://id.loc.gov/authorities/genreForms/gf2017027220.,Artists' books.,artists-books,http://id.loc.gov/authorities/genreForms/gf2017027220
2NGLAAYW,http://id.loc.gov/authorities/genreForms/gf2017027220.,Artists' books.,artists-books,http://id.loc.gov/authorities/genreForms/gf2017027220
2NYJAKLA,http://id.loc.gov/authorities/genreForms/gf2017027220.,Artists' books.,artists-books,http://id.loc.gov/authorities/genreForms/gf2017027220
2PSMHYVM,http://id.loc.gov/authorities/genreForms/gf2017027220.,Artists' books.,artists-books,http://id.loc.gov/authorities/genreForms/gf2017027220
2QLSKEIY,http://id.loc.gov/authorities/genreForms/gf2017027220.,Artists' books.,artists-books,http://id.loc.gov/authorities/genreForms/gf2017027220
2TR675BK,http://id.loc.gov/authorities/genreForms/gf2017027220.,Artists' books.,artists-books,http://id.loc.gov/authorities/genreForms/gf2017027220
2UNTGYB4,http://id.loc.gov/authorities/genreForms/gf2017027220.,Artists' books.,artists-books,http://id.loc.gov/authorities/genreForms/gf2017027220
2VCP48MT,http://id.loc.gov/authorities/genreForms/gf2017027220.,Artists' books.,artists-books,http://id.loc.gov/authorities/genreForms/gf2017027220
2X8EKNSF,http://id.loc.gov/authorities/genreForms/gf2017027220.,Artists' books.,artists-books,http://id.loc.gov/authorities/genreForms/gf2017027220
2XB9ZKKA,http://id.loc.gov/authorities/genreForms/gf2017027220.,Artists' books.,artists-books,http://id.loc.gov/authorities/genreForms/gf2017027220
2XTG4RQU,http://id.loc.gov/authorities/genreForms/gf2017027220.,Artists' books.,artists-books,http://id.loc.gov/authorities/genreForms/gf2017027220
2Y3CWMAR,http://id.loc.gov/authorities/genreForms/gf2017027220.,Artists' books.,artists-books,http://id.loc.gov/authorities/genreForms/gf2017027220
2Y74UZ69,http://id.loc.gov/authorities/genreForms/gf2017027220.,Artists' books.,artists-books,http://id.loc.gov/authorities/genreForms/gf2017027220
2YERIMK2,http://id.loc.gov/authorities/genreForms/gf2017027220.,Artists' books.,artists-books,http://id.loc.gov/authorities/genreForms/gf2017027220
2YMWW5GN,http://id.loc.gov/authorities/genreForms/gf2017027220.,Artists' books.,artists-books,http://id.loc.gov/authorities/genreForms/gf2017027220
2YN8QKAX,http://id.loc.gov/authorities/genreForms/gf2017027220.,Artists' books.,artists-books,http://id.loc.gov/authorities/genreForms/gf2017027220
2ZV8TG6K,http://id.loc.gov/authorities/genreForms/gf2017027220.,Artists' books.,artists-books,http://id.loc.gov/authorities/genreForms/gf2017027220
336ZZN7S,http://id.loc.gov/authorities/genreForms/gf2017027220.,Artists' books.,artists-books,http://id.loc.gov/authorities/genreForms/gf2017027220
344DUV4F,http://id.loc.gov/authorities/genreForms/gf2017027220.,Artists' books.,artists-books,http://id.loc.gov/authorities/genreForms/gf2017027220
352ML323,http://id.loc.gov/authorities/genreForms/gf2017027220.,Artists' books.,artists-books,http://id.loc.gov/authorities/genreForms/gf2017027220
367HVISM,http://id.loc.gov/authorities/genreForms/gf2017027220.,Artists' books.,artists-books,http://id.loc.gov/authorities/genreForms/gf2017027220
37P86AJJ,http://id.loc.gov/authorities/genreForms/gf2017027220.,Artists' books.,artists-books,http://id.loc.gov/authorities/genreForms/gf2017027220
37PNYTWT,http://id.loc.gov/authorities/genreForms/gf2017027220.,Artists' books.,artists-books,http://id.loc.gov/authorities/genreForms/gf2017027220
38AVYUMK,http://id.loc.gov/authorities/genreForms/gf2017027220.,Artists' books.,artists-books,http://id.loc.gov/authorities/genreForms/gf2017027220
39BHSX9B,http://id.loc.gov/authorities/genreForms/gf2017027220.,Artists' books.,artists-books,http://id.loc.gov/authorities/genreForms/gf2017027220
39HJAM45,http://id.loc.gov/authorities/genreForms/gf2017027220.,Artists' books.,artists-books,http://id.loc.gov/authorities/genreForms/gf2017027220
3A3YZS7V,http://id.loc.gov/authorities/genreForms/gf2017027220.,Artists' books.,artists-books,http://id.loc.gov/authorities/genreForms/gf2017027220
3B52UMXI,http://id.loc.gov/authorities/genreForms/gf2017027220.,Artists' books.,artists-books,http://id.loc.gov/authorities/genreForms/gf2017027220
3C827A4Q,http://id.loc.gov/authorities/genreForms/gf2017027220.,Artists' books.,artists-books,http://id.loc.gov/authorities/genreForms/gf2017027220
3CLJJJUE,http://id.loc.gov/authorities/genreForms/gf2017027220.,Artists' books.,artists-books,http://id.loc.gov/authorities/genreForms/gf2017027220
3GXJDW6J,http://id.loc.gov/authorities/genreForms/gf2017027220.,Artists' books.,artists-books,http://id.loc.gov/authorities/genreForms/gf2017027220
3KR6GEM2,http://id.loc.gov/authorities/genreForms/gf2017027220.,Artists' books.,artists-books,http://id.loc.gov/authorities/genreForms/gf2017027220
3KUNMIBP,http://id.loc.gov/authorities/genreForms/gf2017027220.,Artists' books.,artists-books,http://id.loc.gov/authorities/genreForms/gf2017027220
3LSS2JHE,http://id.loc.gov/authorities/genreForms/gf2017027220.,Artists' books.,artists-books,http://id.loc.gov/authorities/genreForms/gf2017027220
3MJU4XL3,http://id.loc.gov/authorities/genreForms/gf2017027220.,Artists' books.,artists-books,http://id.loc.gov/authorities/genreForms/gf2017027220
3QXCAUBS,http://id.loc.gov/authorities/genreForms/gf2017027220.,Artists' books.,artists-books,http://id.loc.gov/authorities/genreForms/gf2017027220
3QXLXM2L,http://id.loc.gov/authorities/genreForms/gf2017027220.,Artists' books.,artists-books,http://id.loc.gov/authorities/genreForms/gf2017027220
3QYQTL86,http://id.loc.gov/authorities/genreForms/gf2017027220.,Artists' books.,artists-books,http://id.loc.gov/authorities/genreForms/gf2017027220
3RZ2C63A,http://id.loc.gov/authorities/genreForms/gf2017027220.,Artists' books.,artists-books,http://id.loc.gov/authorities/genreForms/gf2017027220
3S6VEBTX,http://id.loc.gov/authorities/genreForms/gf2017027220.,Artists' books.,artists-books,http://id.loc.gov/authorities/genreForms/gf2017027220
3TWQ5NBE,http://id.loc.gov/authorities/genreForms/gf2017027220.,Artists' books.,artists-books,http://id.loc.gov/authorities/genreForms/gf2017027220
3VINCA44,http://id.loc.gov/authorities/genreForms/gf2017027220.,Artists' books.,artists-books,http://id.loc.gov/authorities/genreForms/gf2017027220
3VSHA9S5,http://id.loc.gov/authorities/genreForms/gf2017027220.,Artists' books.,artists-books,http://id.loc.gov/authorities/genreForms/gf2017027220
3W95A2M6,http://id.loc.gov/authorities/genreForms/gf2017027220.,Artists' books.,artists-books,http://id.loc.gov/authorities/genreForms/gf2017027220
3XZCC9CU,http://id.loc.gov/authorities/genreForms/gf2017027220.,Artists' books.,artists-books,http://id.loc.gov/authorities/genreForms/gf2017027220
3YFZ6WAQ,http://id.loc.gov/authorities/genreForms/gf2017027220.,Artists' books.,artists-books,http://id.loc.gov/authorities/genreForms/gf2017027220
3YW88G5W,http://id.loc.gov/authorities/genreForms/gf2017027220.,Artists' books.,artists-books,http://id.loc.gov/authorities/genreForms/gf2017027220
3ZUC8TKN,http://id.loc.gov/authorities/genreForms/gf2017027220.,Artists' books.,artists-books,http://id.loc.gov/authorities/genreForms/gf2017027220
43CVMICH,http://id.loc.gov/authorities/genreForms/gf2017027220.,Artists' books.,artists-books,http://id.loc.gov/authorities/genreForms/gf2017027220
43VQN65D,http://id.loc.gov/authorities/genreForms/gf2017027220.,Artists' books.,artists-books,http://id.loc.gov/authorities/genreForms/gf2017027220
44H3J4PE,http://id.loc.gov/authorities/genreForms/gf2017027220.,Artists' books.,artists-books,http://id.loc.gov/authorities/genreForms/gf2017027220
469JLCRM,http://id.loc.gov/authorities/genreForms/gf2017027220.,Artists' books.,artists-books,http://id.loc.gov/authorities/genreForms/gf2017027220
46NR5MDM,http://id.loc.gov/authorities/genreForms/gf2017027220.,Artists' books.,artists-books,http://id.loc.gov/authorities/genreForms/gf2017027220
48AHMBTH,http://id.loc.gov/authorities/genreForms/gf2017027220.,Artists' books.,artists-books,http://id.loc.gov/authorities/genreForms/gf2017027220
4929RG22,http://id.loc.gov/authorities/genreForms/gf2017027220.,Artists' books.,artists-books,http://id.loc.gov/authorities/genreForms/gf2017027220
4A4KYCYY,http://id.loc.gov/authorities/genreForms/gf2017027220.,Artists' books.,artists-books,http://id.loc.gov/authorities/genreForms/gf2017027220
4BPI6G2J,http://id.loc.gov/authorities/genreForms/gf2017027220.,Artists' books.,artists-books,http://id.loc.gov/authorities/genreForms/gf2017027220
4DNVSWWD,http://id.loc.gov/authorities/genreForms/gf2017027220.,Artists' books.,artists-books,http://id.loc.gov/authorities/genreForms/gf2017027220
4EZIC3WX,http://id.loc.gov/authorities/genreForms/gf2017027220.,Artists' books.,artists-books,http://id.loc.gov/authorities/genreForms/gf2017027220
4GYWKCV7,http://id.loc.gov/authorities/genreForms/gf2017027220.,Artists' books.,artists-books,http://id.loc.gov/authorities/genreForms/gf2017027220
4IF8QJ72,http://id.loc.gov/authorities/genreForms/gf2017027220.,Artists' books.,artists-books,http://id.loc.gov/authorities/genreForms/gf2017027220
4IYRE6P6,http://id.loc.gov/authorities/genreForms/gf2017027220.,Artists' books.,artists-books,http://id.loc.gov/authorities/genreForms/gf2017027220
4JUAYINW,http://id.loc.gov/authorities/genreForms/gf2017027220.,Artists' books.,artists-books,http://id.loc.gov/authorities/genreForms/gf2017027220
4KTMAPB9,http://id.loc.gov/authorities/genreForms/gf2017027220.,Artists' books.,artists-books,http://id.loc.gov/authorities/genreForms/gf2017027220
4L3ATHTH,http://id.loc.gov/authorities/genreForms/gf2017027220.,Artists' books.,artists-books,http://id.loc.gov/authorities/genreForms/gf2017027220
4MB2YUMV,http://id.loc.gov/authorities/genreForms/gf2017027220.,Artists' books.,artists-books,http://id.loc.gov/authorities/genreForms/gf2017027220
4N9N5ITB,http://id.loc.gov/authorities/genreForms/gf2017027220.,Artists' books.,artists-books,http://id.loc.gov/authorities/genreForms/gf2017027220
4PHX8LAE,http://id.loc.gov/authorities/genreForms/gf2017027220.,Artists' books.,artists-books,http://id.loc.gov/authorities/genreForms/gf2017027220
4QFAMBK2,http://id.loc.gov/authorities/genreForms/gf2017027220.,Artists' books.,artists-books,http://id.loc.gov/authorities/genreForms/gf2017027220
4QPZT3QC,http://id.loc.gov/authorities/genreForms/gf2017027220.,Artists' books.,artists-books,http://id.loc.gov/authorities/genreForms/gf2017027220
4R2N4PWW,http://id.loc.gov/authorities/genreForms/gf2017027220.,Artists' books.,artists-books,http://id.loc.gov/authorities/genreForms/gf2017027220
4RPSYI95,http://id.loc.gov/authorities/genreForms/gf2017027220.,Artists' books.,artists-books,http://id.loc.gov/authorities/genreForms/gf2017027220
4S9B5FHR,http://id.loc.gov/authorities/genreForms/gf2017027220.,Artists' books.,artists-books,http://id.loc.gov/authorities/genreForms/gf2017027220
4SER4VHI,http://id.loc.gov/authorities/genreForms/gf2017027220.,Artists' books.,artists-books,http://id.loc.gov/authorities/genreForms/gf2017027220
4TA5SKXR,http://id.loc.gov/authorities/genreForms/gf2017027220.,Artists' books.,artists-books,http://id.loc.gov/authorities/genreForms/gf2017027220
4TNQ9JZT,http://id.loc.gov/authorities/genreForms/gf2017027220.,Artists' books.,artists-books,http://id.loc.gov/authorities/genreForms/gf2017027220
4WYHWZPR,http://id.loc.gov/authorities/genreForms/gf2017027220.,Artists' books.,artists-books,http://id.loc.gov/authorities/genreForms/gf2017027220
4Y83US9K,http://id.loc.gov/authorities/genreForms/gf2017027220.,Artists' books.,artists-books,http://id.loc.gov/authorities/genreForms/gf2017027220
4YJTPJJ2,http://id.loc.gov/authorities/genreForms/gf2017027220.,Artists' books.,artists-books,http://id.loc.gov/authorities/genreForms/gf2017027220
4YQIWAKC,http://id.loc.gov/authorities/genreForms/gf2017027220.,Artists' books.,artists-books,http://id.loc.gov/authorities/genreForms/gf2017027220
4YRHPUNT,http://id.loc.gov/authorities/genreForms/gf2017027220.,Artists' books.,artists-books,http://id.loc.gov/authorities/genreForms/gf2017027220
4ZJG7DPJ,http://id.loc.gov/authorities/genreForms/gf2017027220.,Artists' books.,artists-books,http://id.loc.gov/authorities/genreForms/gf2017027220
52GSDNZF,http://id.loc.gov/authorities/genreForms/gf2017027220.,Artists' books.,artists-books,http://id.loc.gov/authorities/genreForms/gf2017027220
53Y9ZK7P,http://id.loc.gov/authorities/genreForms/gf2017027220.,Artists' books.,artists-books,http://id.loc.gov/authorities/genreForms/gf2017027220
544GIHMN,http://id.loc.gov/authorities/genreForms/gf2017027220.,Artists' books.,artists-books,http://id.loc.gov/authorities/genreForms/gf2017027220
566FGEFI,http://id.loc.gov/authorities/genreForms/gf2017027220.,Artists' books.,artists-books,http://id.loc.gov/authorities/genreForms/gf2017027220
56FFTVRF,http://id.loc.gov/authorities/genreForms/gf2017027220.,Artists' books.,artists-books,http://id.loc.gov/authorities/genreForms/gf2017027220
599Q83FU,http://id.loc.gov/authorities/genreForms/gf2017027220.,Artists' books.,artists-books,http://id.loc.gov/authorities/genreForms/gf2017027220
5BTUNLK2,http://id.loc.gov/authorities/genreForms/gf2017027220.,Artists' books.,artists-books,http://id.loc.gov/authorities/genreForms/gf2017027220
5C87SEQG,http://id.loc.gov/authorities/genreForms/gf2017027220.,Artists' books.,artists-books,http://id.loc.gov/authorities/genreForms/gf2017027220
5C9IGFYL,http://id.loc.gov/authorities/genreForms/gf2017027220.,Artists' books.,artists-books,http://id.loc.gov/authorities/genreForms/gf2017027220
5CAZWUF3,http://id.loc.gov/authorities/genreForms/gf2017027220.,Artists' books.,artists-books,http://id.loc.gov/authorities/genreForms/gf2017027220
5D6BM8BR,http://id.loc.gov/authorities/genreForms/gf2017027220.,Artists' books.,artists-books,http://id.loc.gov/authorities/genreForms/gf2017027220
5DKQPFEP,http://id.loc.gov/authorities/genreForms/gf2017027220.,Artists' books.,artists-books,http://id.loc.gov/authorities/genreForms/gf2017027220
5DW235NM,http://id.loc.gov/authorities/genreForms/gf2017027220.,Artists' books.,artists-books,http://id.loc.gov/authorities/genreForms/gf2017027220
5F2VZ9LU,http://id.loc.gov/authorities/genreForms/gf2017027220.,Artists' books.,artists-books,http://id.loc.gov/authorities/genreForms/gf2017027220
5FNX4ZEU,http://id.loc.gov/authorities/genreForms/gf2017027220.,Artists' books.,artists-books,http://id.loc.gov/authorities/genreForms/gf2017027220
5HHE3PGA,http://id.loc.gov/authorities/genreForms/gf2017027220.,Artists' books.,artists-books,http://id.loc.gov/authorities/genreForms/gf2017027220
5I6WDA32,http://id.loc.gov/authorities/genreForms/gf2017027220.,Artists' books.,artists-books,http://id.loc.gov/authorities/genreForms/gf2017027220
5IABCDQ2,http://id.loc.gov/authorities/genreForms/gf2017027220.,Artists' books.,artists-books,http://id.loc.gov/authorities/genreForms/gf2017027220
5IAMT5AG,http://id.loc.gov/authorities/genreForms/gf2017027220.,Artists' books.,artists-books,http://id.loc.gov/authorities/genreForms/gf2017027220
5IUXTVVX,http://id.loc.gov/authorities/genreForms/gf2017027220.,Artists' books.,artists-books,http://id.loc.gov/authorities/genreForms/gf2017027220
5J3V6NGK,http://id.loc.gov/authorities/genreForms/gf2017027220.,Artists' books.,artists-books,http://id.loc.gov/authorities/genreForms/gf2017027220
5JVKZS58,http://id.loc.gov/authorities/genreForms/gf2017027220.,Artists' books.,artists-books,http://id.loc.gov/authorities/genreForms/gf2017027220
5K8HTT8V,http://id.loc.gov/authorities/genreForms/gf2017027220.,Artists' books.,artists-books,http://id.loc.gov/authorities/genreForms/gf2017027220
5MAEV7QD,http://id.loc.gov/authorities/genreForms/gf2017027220.,Artists' books.,artists-books,http://id.loc.gov/authorities/genreForms/gf2017027220
5NVY5CM5,http://id.loc.gov/authorities/genreForms/gf2017027220.,Artists' books.,artists-books,http://id.loc.gov/authorities/genreForms/gf2017027220
5PP67AWQ,http://id.loc.gov/authorities/genreForms/gf2017027220.,Artists' books.,artists-books,http://id.loc.gov/authorities/genreForms/gf2017027220
5PZKVJJW,http://id.loc.gov/authorities/genreForms/gf2017027220.,Artists' books.,artists-books,http://id.loc.gov/authorities/genreForms/gf2017027220
5QFI8UXT,http://id.loc.gov/authorities/genreForms/gf2017027220.,Artists' books.,artists-books,http://id.loc.gov/authorities/genreForms/gf2017027220
5RHV39EB,http://id.loc.gov/authorities/genreForms/gf2017027220.,Artists' books.,artists-books,http://id.loc.gov/authorities/genreForms/gf2017027220
5RMHY3GN,http://id.loc.gov/authorities/genreForms/gf2017027220.,Artists' books.,artists-books,http://id.loc.gov/authorities/genreForms/gf2017027220
5TESBLU2,http://id.loc.gov/authorities/genreForms/gf2017027220.,Artists' books.,artists-books,http://id.loc.gov/authorities/genreForms/gf2017027220
5VMVZ3JB,http://id.loc.gov/authorities/genreForms/gf2017027220.,Artists' books.,artists-books,http://id.loc.gov/authorities/genreForms/gf2017027220
5VPEAK3V,http://id.loc.gov/authorities/genreForms/gf2017027220.,Artists' books.,artists-books,http://id.loc.gov/authorities/genreForms/gf2017027220
5VWS7Q8P,http://id.loc.gov/authorities/genreForms/gf2017027220.,Artists' books.,artists-books,http://id.loc.gov/authorities/genreForms/gf2017027220
5ZL3VFEB,http://id.loc.gov/authorities/genreForms/gf2017027220.,Artists' books.,artists-books,http://id.loc.gov/authorities/genreForms/gf2017027220
632X6CII,http://id.loc.gov/authorities/genreForms/gf2017027220.,Artists' books.,artists-books,http://id.loc.gov/authorities/genreForms/gf2017027220
63G4CRVN,http://id.loc.gov/authorities/genreForms/gf2017027220.,Artists' books.,artists-books,http://id.loc.gov/authorities/genreForms/gf2017027220
63PL2Y3P,http://id.loc.gov/authorities/genreForms/gf2017027220.,Artists' books.,artists-books,http://id.loc.gov/authorities/genreForms/gf2017027220
654GPFBP,http://id.loc.gov/authorities/genreForms/gf2017027220.,Artists' books.,artists-books,http://id.loc.gov/authorities/genreForms/gf2017027220
655Q5W29,http://id.loc.gov/authorities/genreForms/gf2017027220.,Artists' books.,artists-books,http://id.loc.gov/authorities/genreForms/gf2017027220
658UZLFI,http://id.loc.gov/authorities/genreForms/gf2017027220.,Artists' books.,artists-books,http://id.loc.gov/authorities/genreForms/gf2017027220
658XBXEA,http://id.loc.gov/authorities/genreForms/gf2017027220.,Artists' books.,artists-books,http://id.loc.gov/authorities/genreForms/gf2017027220
65JGRC8Z,http://id.loc.gov/authorities/genreForms/gf2017027220.,Artists' books.,artists-books,http://id.loc.gov/authorities/genreForms/gf2017027220
67CQ4NGZ,http://id.loc.gov/authorities/genreForms/gf2017027220.,Artists' books.,artists-books,http://id.loc.gov/authorities/genreForms/gf2017027220
693Y359F,http://id.loc.gov/authorities/genreForms/gf2017027220.,Artists' books.,artists-books,http://id.loc.gov/authorities/genreForms/gf2017027220
6AS73ERV,http://id.loc.gov/authorities/genreForms/gf2017027220.,Artists' books.,artists-books,http://id.loc.gov/authorities/genreForms/gf2017027220
6AXLYZ3E,http://id.loc.gov/authorities/genreForms/gf2017027220.,Artists' books.,artists-books,http://id.loc.gov/authorities/genreForms/gf2017027220
6BE8RLEX,http://id.loc.gov/authorities/genreForms/gf2017027220.,Artists' books.,artists-books,http://id.loc.gov/authorities/genreForms/gf2017027220
6CFQVVMX,http://id.loc.gov/authorities/genreForms/gf2017027220.,Artists' books.,artists-books,http://id.loc.gov/authorities/genreForms/gf2017027220
6D2HLT6A,http://id.loc.gov/authorities/genreForms/gf2017027220.,Artists' books.,artists-books,http://id.loc.gov/authorities/genreForms/gf2017027220
6D565KJB,http://id.loc.gov/authorities/genreForms/gf2017027220.,Artists' books.,artists-books,http://id.loc.gov/authorities/genreForms/gf2017027220
6DWYUYKH,http://id.loc.gov/authorities/genreForms/gf2017027220.,Artists' books.,artists-books,http://id.loc.gov/authorities/genreForms/gf2017027220
6FQNGN3S,http://id.loc.gov/authorities/genreForms/gf2017027220.,Artists' books.,artists-books,http://id.loc.gov/authorities/genreForms/gf2017027220
6GHX8ICJ,http://id.loc.gov/authorities/genreForms/gf2017027220.,Artists' books.,artists-books,http://id.loc.gov/authorities/genreForms/gf2017027220
6IHX7NMK,http://id.loc.gov/authorities/genreForms/gf2017027220.,Artists' books.,artists-books,http://id.loc.gov/authorities/genreForms/gf2017027220
6J7JCJ8Q,http://id.loc.gov/authorities/genreForms/gf2017027220.,Artists' books.,artists-books,http://id.loc.gov/authorities/genreForms/gf2017027220
6L3JZ96S,http://id.loc.gov/authorities/genreForms/gf2017027220.,Artists' books.,artists-books,http://id.loc.gov/authorities/genreForms/gf2017027220
6LZ6SUZY,http://id.loc.gov/authorities/genreForms/gf2017027220.,Artists' books.,artists-books,http://id.loc.gov/authorities/genreForms/gf2017027220
6NIBFM43,http://id.loc.gov/authorities/genreForms/gf2017027220.,Artists' books.,artists-books,http://id.loc.gov/authorities/genreForms/gf2017027220
6PH8HALJ,http://id.loc.gov/authorities/genreForms/gf2017027220.,Artists' books.,artists-books,http://id.loc.gov/authorities/genreForms/gf2017027220
6QQIZA6F,http://id.loc.gov/authorities/genreForms/gf2017027220.,Artists' books.,artists-books,http://id.loc.gov/authorities/genreForms/gf2017027220
6SAEFZ2Z,http://id.loc.gov/authorities/genreForms/gf2017027220.,Artists' books.,artists-books,http://id.loc.gov/authorities/genreForms/gf2017027220
6SZ3CCV4,http://id.loc.gov/authorities/genreForms/gf2017027220.,Artists' books.,artists-books,http://id.loc.gov/authorities/genreForms/gf2017027220
6TTGAVHR,http://id.loc.gov/authorities/genreForms/gf2017027220.,Artists' books.,artists-books,http://id.loc.gov/authorities/genreForms/gf2017027220
6WGTDZ7D,http://id.loc.gov/authorities/genreForms/gf2017027220.,Artists' books.,artists-books,http://id.loc.gov/authorities/genreForms/gf2017027220
6WP92GL3,http://id.loc.gov/authorities/genreForms/gf2017027220.,Artists' books.,artists-books,http://id.loc.gov/authorities/genreForms/gf2017027220
6WVPBSU4,http://id.loc.gov/authorities/genreForms/gf2017027220.,Artists' books.,artists-books,http://id.loc.gov/authorities/genreForms/gf2017027220
7484IUMH,http://id.loc.gov/authorities/genreForms/gf2017027220.,Artists' books.,artists-books,http://id.loc.gov/authorities/genreForms/gf2017027220
76WLZ4BK,http://id.loc.gov/authorities/genreForms/gf2017027220.,Artists' books.,artists-books,http://id.loc.gov/authorities/genreForms/gf2017027220
77TUFTYU,http://id.loc.gov/authorities/genreForms/gf2017027220.,Artists' books.,artists-books,http://id.loc.gov/authorities/genreForms/gf2017027220
7AB3HMG7,http://id.loc.gov/authorities/genreForms/gf2017027220.,Artists' books.,artists-books,http://id.loc.gov/authorities/genreForms/gf2017027220
7B2F97TD,http://id.loc.gov/authorities/genreForms/gf2017027220.,Artists' books.,artists-books,http://id.loc.gov/authorities/genreForms/gf2017027220
7DQDXGMM,http://id.loc.gov/authorities/genreForms/gf2017027220.,Artists' books.,artists-books,http://id.loc.gov/authorities/genreForms/gf2017027220
7DU84Q8C,http://id.loc.gov/authorities/genreForms/gf2017027220.,Artists' books.,artists-books,http://id.loc.gov/authorities/genreForms/gf2017027220
7DW84IIA,http://id.loc.gov/authorities/genreForms/gf2017027220.,Artists' books.,artists-books,http://id.loc.gov/authorities/genreForms/gf2017027220
7FR428K6,http://id.loc.gov/authorities/genreForms/gf2017027220.,Artists' books.,artists-books,http://id.loc.gov/authorities/genreForms/gf2017027220
7GUI3IJP,http://id.loc.gov/authorities/genreForms/gf2017027220.,Artists' books.,artists-books,http://id.loc.gov/authorities/genreForms/gf2017027220
7HEG7EAS,http://id.loc.gov/authorities/genreForms/gf2017027220.,Artists' books.,artists-books,http://id.loc.gov/authorities/genreForms/gf2017027220
7J86PE5Z,http://id.loc.gov/authorities/genreForms/gf2017027220.,Artists' books.,artists-books,http://id.loc.gov/authorities/genreForms/gf2017027220
7N2AGNCE,http://id.loc.gov/authorities/genreForms/gf2017027220.,Artists' books.,artists-books,http://id.loc.gov/authorities/genreForms/gf2017027220
7NNFWE7D,http://id.loc.gov/authorities/genreForms/gf2017027220.,Artists' books.,artists-books,http://id.loc.gov/authorities/genreForms/gf2017027220
7Q6XJGWQ,http://id.loc.gov/authorities/genreForms/gf2017027220.,Artists' books.,artists-books,http://id.loc.gov/authorities/genreForms/gf2017027220
7UHC8UPQ,http://id.loc.gov/authorities/genreForms/gf2017027220.,Artists' books.,artists-books,http://id.loc.gov/authorities/genreForms/gf2017027220
7UUDPUCN,http://id.loc.gov/authorities/genreForms/gf2017027220.,Artists' books.,artists-books,http://id.loc.gov/authorities/genreForms/gf2017027220
7VSBEYA5,http://id.loc.gov/authorities/genreForms/gf2017027220.,Artists' books.,artists-books,http://id.loc.gov/authorities/genreForms/gf2017027220
7WIH889K,http://id.loc.gov/authorities/genreForms/gf2017027220.,Artists' books.,artists-books,http://id.loc.gov/authorities/genreForms/gf2017027220
7XD6IHK6,http://id.loc.gov/authorities/genreForms/gf2017027220.,Artists' books.,artists-books,http://id.loc.gov/authorities/genreForms/gf2017027220
7YILJFPS,http://id.loc.gov/authorities/genreForms/gf2017027220.,Artists' books.,artists-books,http://id.loc.gov/authorities/genreForms/gf2017027220
839TV2UJ,http://id.loc.gov/authorities/genreForms/gf2017027220.,Artists' books.,artists-books,http://id.loc.gov/authorities/genreForms/gf2017027220
83JLLNSN,http://id.loc.gov/authorities/genreForms/gf2017027220.,Artists' books.,artists-books,http://id.loc.gov/authorities/genreForms/gf2017027220
845Z9G55,http://id.loc.gov/authorities/genreForms/gf2017027220.,Artists' books.,artists-books,http://id.loc.gov/authorities/genreForms/gf2017027220
86S5LEZ5,http://id.loc.gov/authorities/genreForms/gf2017027220.,Artists' books.,artists-books,http://id.loc.gov/authorities/genreForms/gf2017027220
86XH2LCF,http://id.loc.gov/authorities/genreForms/gf2017027220.,Artists' books.,artists-books,http://id.loc.gov/authorities/genreForms/gf2017027220
87H2AQ6Q,http://id.loc.gov/authorities/genreForms/gf2017027220.,Artists' books.,artists-books,http://id.loc.gov/authorities/genreForms/gf2017027220
892IYWX3,http://id.loc.gov/authorities/genreForms/gf2017027220.,Artists' books.,artists-books,http://id.loc.gov/authorities/genreForms/gf2017027220
897RL5ME,http://id.loc.gov/authorities/genreForms/gf2017027220.,Artists' books.,artists-books,http://id.loc.gov/authorities/genreForms/gf2017027220
8AGMUSAL,http://id.loc.gov/authorities/genreForms/gf2017027220.,Artists' books.,artists-books,http://id.loc.gov/authorities/genreForms/gf2017027220
8CGK2V3V,http://id.loc.gov/authorities/genreForms/gf2017027220.,Artists' books.,artists-books,http://id.loc.gov/authorities/genreForms/gf2017027220
8E6MELJY,http://id.loc.gov/authorities/genreForms/gf2017027220.,Artists' books.,artists-books,http://id.loc.gov/authorities/genreForms/gf2017027220
8FRBLQQU,http://id.loc.gov/authorities/genreForms/gf2017027220.,Artists' books.,artists-books,http://id.loc.gov/authorities/genreForms/gf2017027220
8IKXDTVT,http://id.loc.gov/authorities/genreForms/gf2017027220.,Artists' books.,artists-books,http://id.loc.gov/authorities/genreForms/gf2017027220
8KQHRYNE,http://id.loc.gov/authorities/genreForms/gf2017027220.,Artists' books.,artists-books,http://id.loc.gov/authorities/genreForms/gf2017027220
8MNVVUDS,http://id.loc.gov/authorities/genreForms/gf2017027220.,Artists' books.,artists-books,http://id.loc.gov/authorities/genreForms/gf2017027220
8MZPM5NM,http://id.loc.gov/authorities/genreForms/gf2017027220.,Artists' books.,artists-books,http://id.loc.gov/authorities/genreForms/gf2017027220
8NNMXWTU,http://id.loc.gov/authorities/genreForms/gf2017027220.,Artists' books.,artists-books,http://id.loc.gov/authorities/genreForms/gf2017027220
8NUHR3R2,http://id.loc.gov/authorities/genreForms/gf2017027220.,Artists' books.,artists-books,http://id.loc.gov/authorities/genreForms/gf2017027220
8PUSBIXM,http://id.loc.gov/authorities/genreForms/gf2017027220.,Artists' books.,artists-books,http://id.loc.gov/authorities/genreForms/gf2017027220
8RDBSS42,http://id.loc.gov/authorities/genreForms/gf2017027220.,Artists' books.,artists-books,http://id.loc.gov/authorities/genreForms/gf2017027220
8TK3B6UX,http://id.loc.gov/authorities/genreForms/gf2017027220.,Artists' books.,artists-books,http://id.loc.gov/authorities/genreForms/gf2017027220
8UEP33C8,http://id.loc.gov/authorities/genreForms/gf2017027220.,Artists' books.,artists-books,http://id.loc.gov/authorities/genreForms/gf2017027220
8UEXGY2S,http://id.loc.gov/authorities/genreForms/gf2017027220.,Artists' books.,artists-books,http://id.loc.gov/authorities/genreForms/gf2017027220
8UUAJ5AY,http://id.loc.gov/authorities/genreForms/gf2017027220.,Artists' books.,artists-books,http://id.loc.gov/authorities/genreForms/gf2017027220
8VVL4XQ7,http://id.loc.gov/authorities/genreForms/gf2017027220.,Artists' books.,artists-books,http://id.loc.gov/authorities/genreForms/gf2017027220
8XFT77DQ,http://id.loc.gov/authorities/genreForms/gf2017027220.,Artists' books.,artists-books,http://id.loc.gov/authorities/genreForms/gf2017027220
8Z5XF7GC,http://id.loc.gov/authorities/genreForms/gf2017027220.,Artists' books.,artists-books,http://id.loc.gov/authorities/genreForms/gf2017027220
939UBEML,http://id.loc.gov/authorities/genreForms/gf2017027220.,Artists' books.,artists-books,http://id.loc.gov/authorities/genreForms/gf2017027220
93YZ6YWY,http://id.loc.gov/authorities/genreForms/gf2017027220.,Artists' books.,artists-books,http://id.loc.gov/authorities/genreForms/gf2017027220
95H4A6JA,http://id.loc.gov/authorities/genreForms/gf2017027220.,Artists' books.,artists-books,http://id.loc.gov/authorities/genreForms/gf2017027220
96Z3DBYG,http://id.loc.gov/authorities/genreForms/gf2017027220.,Artists' books.,artists-books,http://id.loc.gov/authorities/genreForms/gf2017027220
9CEDU8RT,http://id.loc.gov/authorities/genreForms/gf2017027220.,Artists' books.,artists-books,http://id.loc.gov/authorities/genreForms/gf2017027220
9D7CD9RC,http://id.loc.gov/authorities/genreForms/gf2017027220.,Artists' books.,artists-books,http://id.loc.gov/authorities/genreForms/gf2017027220
9DAJEMHJ,http://id.loc.gov/authorities/genreForms/gf2017027220.,Artists' books.,artists-books,http://id.loc.gov/authorities/genreForms/gf2017027220
9EE9MMHS,http://id.loc.gov/authorities/genreForms/gf2017027220.,Artists' books.,artists-books,http://id.loc.gov/authorities/genreForms/gf2017027220
9EYQ75JU,http://id.loc.gov/authorities/genreForms/gf2017027220.,Artists' books.,artists-books,http://id.loc.gov/authorities/genreForms/gf2017027220
9F6Y5QBP,http://id.loc.gov/authorities/genreForms/gf2017027220.,Artists' books.,artists-books,http://id.loc.gov/authorities/genreForms/gf2017027220
9FMJ3YJ5,http://id.loc.gov/authorities/genreForms/gf2017027220.,Artists' books.,artists-books,http://id.loc.gov/authorities/genreForms/gf2017027220
9FX8NRGF,http://id.loc.gov/authorities/genreForms/gf2017027220.,Artists' books.,artists-books,http://id.loc.gov/authorities/genreForms/gf2017027220
9HXSD7R3,http://id.loc.gov/authorities/genreForms/gf2017027220.,Artists' books.,artists-books,http://id.loc.gov/authorities/genreForms/gf2017027220
9INHX9JM,http://id.loc.gov/authorities/genreForms/gf2017027220.,Artists' books.,artists-books,http://id.loc.gov/authorities/genreForms/gf2017027220
9KP25F8C,http://id.loc.gov/authorities/genreForms/gf2017027220.,Artists' books.,artists-books,http://id.loc.gov/authorities/genreForms/gf2017027220
9KXW6GPB,http://id.loc.gov/authorities/genreForms/gf2017027220.,Artists' books.,artists-books,http://id.loc.gov/authorities/genreForms/gf2017027220
9L36958V,http://id.loc.gov/authorities/genreForms/gf2017027220.,Artists' books.,artists-books,http://id.loc.gov/authorities/genreForms/gf2017027220
9LXMIWCK,http://id.loc.gov/authorities/genreForms/gf2017027220.,Artists' books.,artists-books,http://id.loc.gov/authorities/genreForms/gf2017027220
9M4MSDAN,http://id.loc.gov/authorities/genreForms/gf2017027220.,Artists' books.,artists-books,http://id.loc.gov/authorities/genreForms/gf2017027220
9N4B4C7A,http://id.loc.gov/authorities/genreForms/gf2017027220.,Artists' books.,artists-books,http://id.loc.gov/authorities/genreForms/gf2017027220
9NSUBLQS,http://id.loc.gov/authorities/genreForms/gf2017027220.,Artists' books.,artists-books,http://id.loc.gov/authorities/genreForms/gf2017027220
9PXADZ3T,http://id.loc.gov/authorities/genreForms/gf2017027220.,Artists' books.,artists-books,http://id.loc.gov/authorities/genreForms/gf2017027220
9SMP5TFE,http://id.loc.gov/authorities/genreForms/gf2017027220.,Artists' books.,artists-books,http://id.loc.gov/authorities/genreForms/gf2017027220
9T72BMX6,http://id.loc.gov/authorities/genreForms/gf2017027220.,Artists' books.,artists-books,http://id.loc.gov/authorities/genreForms/gf2017027220
9T8UFUH5,http://id.loc.gov/authorities/genreForms/gf2017027220.,Artists' books.,artists-books,http://id.loc.gov/authorities/genreForms/gf2017027220
9WA2CDN3,http://id.loc.gov/authorities/genreForms/gf2017027220.,Artists' books.,artists-books,http://id.loc.gov/authorities/genreForms/gf2017027220
9YH44I6G,http://id.loc.gov/authorities/genreForms/gf2017027220.,Artists' books.,artists-books,http://id.loc.gov/authorities/genreForms/gf2017027220
9ZHBNXBJ,http://id.loc.gov/authorities/genreForms/gf2017027220.,Artists' books.,artists-books,http://id.loc.gov/authorities/genreForms/gf2017027220
A38WLAAU,http://id.loc.gov/authorities/genreForms/gf2017027220.,Artists' books.,artists-books,http://id.loc.gov/authorities/genreForms/gf2017027220
A3FJ5EQR,http://id.loc.gov/authorities/genreForms/gf2017027220.,Artists' books.,artists-books,http://id.loc.gov/authorities/genreForms/gf2017027220
A5FNJQB6,http://id.loc.gov/authorities/genreForms/gf2017027220.,Artists' books.,artists-books,http://id.loc.gov/authorities/genreForms/gf2017027220
A9A6SCSQ,http://id.loc.gov/authorities/genreForms/gf2017027220.,Artists' books.,artists-books,http://id.loc.gov/authorities/genreForms/gf2017027220
A9DSLD86,http://id.loc.gov/authorities/genreForms/gf2017027220.,Artists' books.,artists-books,http://id.loc.gov/authorities/genreForms/gf2017027220
AA4X6M4H,http://id.loc.gov/authorities/genreForms/gf2017027220.,Artists' books.,artists-books,http://id.loc.gov/authorities/genreForms/gf2017027220
AAEXGG89,http://id.loc.gov/authorities/genreForms/gf2017027220.,Artists' books.,artists-books,http://id.loc.gov/authorities/genreForms/gf2017027220
AB36I6CE,http://id.loc.gov/authorities/genreForms/gf2017027220.,Artists' books.,artists-books,http://id.loc.gov/authorities/genreForms/gf2017027220
AB3XJFKU,http://id.loc.gov/authorities/genreForms/gf2017027220.,Artists' books.,artists-books,http://id.loc.gov/authorities/genreForms/gf2017027220
ACM94FM8,http://id.loc.gov/authorities/genreForms/gf2017027220.,Artists' books.,artists-books,http://id.loc.gov/authorities/genreForms/gf2017027220
ACZ5VEVR,http://id.loc.gov/authorities/genreForms/gf2017027220.,Artists' books.,artists-books,http://id.loc.gov/authorities/genreForms/gf2017027220
ADDZLJJL,http://id.loc.gov/authorities/genreForms/gf2017027220.,Artists' books.,artists-books,http://id.loc.gov/authorities/genreForms/gf2017027220
ADNLTPIJ,http://id.loc.gov/authorities/genreForms/gf2017027220.,Artists' books.,artists-books,http://id.loc.gov/authorities/genreForms/gf2017027220
AEUCKZF3,http://id.loc.gov/authorities/genreForms/gf2017027220.,Artists' books.,artists-books,http://id.loc.gov/authorities/genreForms/gf2017027220
AF7HGVGQ,http://id.loc.gov/authorities/genreForms/gf2017027220.,Artists' books.,artists-books,http://id.loc.gov/authorities/genreForms/gf2017027220
AFM9EU3A,http://id.loc.gov/authorities/genreForms/gf2017027220.,Artists' books.,artists-books,http://id.loc.gov/authorities/genreForms/gf2017027220
AGAIEC4G,http://id.loc.gov/authorities/genreForms/gf2017027220.,Artists' books.,artists-books,http://id.loc.gov/authorities/genreForms/gf2017027220
AGDCNHXH,http://id.loc.gov/authorities/genreForms/gf2017027220.,Artists' books.,artists-books,http://id.loc.gov/authorities/genreForms/gf2017027220
AGU78B2Q,http://id.loc.gov/authorities/genreForms/gf2017027220.,Artists' books.,artists-books,http://id.loc.gov/authorities/genreForms/gf2017027220
AHZZP9XL,http://id.loc.gov/authorities/genreForms/gf2017027220.,Artists' books.,artists-books,http://id.loc.gov/authorities/genreForms/gf2017027220
AJCPM2LJ,http://id.loc.gov/authorities/genreForms/gf2017027220.,Artists' books.,artists-books,http://id.loc.gov/authorities/genreForms/gf2017027220
AJXHZLKV,http://id.loc.gov/authorities/genreForms/gf2017027220.,Artists' books.,artists-books,http://id.loc.gov/authorities/genreForms/gf2017027220
ANUB59VK,http://id.loc.gov/authorities/genreForms/gf2017027220.,Artists' books.,artists-books,http://id.loc.gov/authorities/genreForms/gf2017027220
AQWUCUIE,http://id.loc.gov/authorities/genreForms/gf2017027220.,Artists' books.,artists-books,http://id.loc.gov/authorities/genreForms/gf2017027220
AS5ABQGL,http://id.loc.gov/authorities/genreForms/gf2017027220.,Artists' books.,artists-books,http://id.loc.gov/authorities/genreForms/gf2017027220
ATXQXDCM,http://id.loc.gov/authorities/genreForms/gf2017027220.,Artists' books.,artists-books,http://id.loc.gov/authorities/genreForms/gf2017027220
AWWV23WS,http://id.loc.gov/authorities/genreForms/gf2017027220.,Artists' books.,artists-books,http://id.loc.gov/authorities/genreForms/gf2017027220
AXZ3NT64,http://id.loc.gov/authorities/genreForms/gf2017027220.,Artists' books.,artists-books,http://id.loc.gov/authorities/genreForms/gf2017027220
AY9W9WMM,http://id.loc.gov/authorities/genreForms/gf2017027220.,Artists' books.,artists-books,http://id.loc.gov/authorities/genreForms/gf2017027220
AZ3HXDCF,http://id.loc.gov/authorities/genreForms/gf2017027220.,Artists' books.,artists-books,http://id.loc.gov/authorities/genreForms/gf2017027220
B2KZWKED,http://id.loc.gov/authorities/genreForms/gf2017027220.,Artists' books.,artists-books,http://id.loc.gov/authorities/genreForms/gf2017027220
B3FLIYWS,http://id.loc.gov/authorities/genreForms/gf2017027220.,Artists' books.,artists-books,http://id.loc.gov/authorities/genreForms/gf2017027220
B3KJK38A,http://id.loc.gov/authorities/genreForms/gf2017027220.,Artists' books.,artists-books,http://id.loc.gov/authorities/genreForms/gf2017027220
B3N2KKNV,http://id.loc.gov/authorities/genreForms/gf2017027220.,Artists' books.,artists-books,http://id.loc.gov/authorities/genreForms/gf2017027220
B45HIUYD,http://id.loc.gov/authorities/genreForms/gf2017027220.,Artists' books.,artists-books,http://id.loc.gov/authorities/genreForms/gf2017027220
B4MRJUTU,http://id.loc.gov/authorities/genreForms/gf2017027220.,Artists' books.,artists-books,http://id.loc.gov/authorities/genreForms/gf2017027220
B53AT5IS,http://id.loc.gov/authorities/genreForms/gf2017027220.,Artists' books.,artists-books,http://id.loc.gov/authorities/genreForms/gf2017027220
B5S4K6IA,http://id.loc.gov/authorities/genreForms/gf2017027220.,Artists' books.,artists-books,http://id.loc.gov/authorities/genreForms/gf2017027220
B7X5M485,http://id.loc.gov/authorities/genreForms/gf2017027220.,Artists' books.,artists-books,http://id.loc.gov/authorities/genreForms/gf2017027220
B82NPRHA,http://id.loc.gov/authorities/genreForms/gf2017027220.,Artists' books.,artists-books,http://id.loc.gov/authorities/genreForms/gf2017027220
B8V3DBT6,http://id.loc.gov/authorities/genreForms/gf2017027220.,Artists' books.,artists-books,http://id.loc.gov/authorities/genreForms/gf2017027220
B8VL75MF,http://id.loc.gov/authorities/genreForms/gf2017027220.,Artists' books.,artists-books,http://id.loc.gov/authorities/genreForms/gf2017027220
B9LMTRA2,http://id.loc.gov/authorities/genreForms/gf2017027220.,Artists' books.,artists-books,http://id.loc.gov/authorities/genreForms/gf2017027220
BDH4KP5P,http://id.loc.gov/authorities/genreForms/gf2017027220.,Artists' books.,artists-books,http://id.loc.gov/authorities/genreForms/gf2017027220
BEAIU85U,http://id.loc.gov/authorities/genreForms/gf2017027220.,Artists' books.,artists-books,http://id.loc.gov/authorities/genreForms/gf2017027220
BFA9URPI,http://id.loc.gov/authorities/genreForms/gf2017027220.,Artists' books.,artists-books,http://id.loc.gov/authorities/genreForms/gf2017027220
BFCDMBHN,http://id.loc.gov/authorities/genreForms/gf2017027220.,Artists' books.,artists-books,http://id.loc.gov/authorities/genreForms/gf2017027220
BH7EHBJA,http://id.loc.gov/authorities/genreForms/gf2017027220.,Artists' books.,artists-books,http://id.loc.gov/authorities/genreForms/gf2017027220
BHEUTQLS,http://id.loc.gov/authorities/genreForms/gf2017027220.,Artists' books.,artists-books,http://id.loc.gov/authorities/genreForms/gf2017027220
BHY5PY4X,http://id.loc.gov/authorities/genreForms/gf2017027220.,Artists' books.,artists-books,http://id.loc.gov/authorities/genreForms/gf2017027220
BINBCVI8,http://id.loc.gov/authorities/genreForms/gf2017027220.,Artists' books.,artists-books,http://id.loc.gov/authorities/genreForms/gf2017027220
BJ76PM5H,http://id.loc.gov/authorities/genreForms/gf2017027220.,Artists' books.,artists-books,http://id.loc.gov/authorities/genreForms/gf2017027220
BJZBUA9G,http://id.loc.gov/authorities/genreForms/gf2017027220.,Artists' books.,artists-books,http://id.loc.gov/authorities/genreForms/gf2017027220
BM8GGVK3,http://id.loc.gov/authorities/genreForms/gf2017027220.,Artists' books.,artists-books,http://id.loc.gov/authorities/genreForms/gf2017027220
BPQ5N37H,http://id.loc.gov/authorities/genreForms/gf2017027220.,Artists' books.,artists-books,http://id.loc.gov/authorities/genreForms/gf2017027220
BQZRQGM2,http://id.loc.gov/authorities/genreForms/gf2017027220.,Artists' books.,artists-books,http://id.loc.gov/authorities/genreForms/gf2017027220
BRL4VTNW,http://id.loc.gov/authorities/genreForms/gf2017027220.,Artists' books.,artists-books,http://id.loc.gov/authorities/genreForms/gf2017027220
BRXLRBPA,http://id.loc.gov/authorities/genreForms/gf2017027220.,Artists' books.,artists-books,http://id.loc.gov/authorities/genreForms/gf2017027220
BSBQ5LZA,http://id.loc.gov/authorities/genreForms/gf2017027220.,Artists' books.,artists-books,http://id.loc.gov/authorities/genreForms/gf2017027220
BVYXGP2J,http://id.loc.gov/authorities/genreForms/gf2017027220.,Artists' books.,artists-books,http://id.loc.gov/authorities/genreForms/gf2017027220
BW2X9HAW,http://id.loc.gov/authorities/genreForms/gf2017027220.,Artists' books.,artists-books,http://id.loc.gov/authorities/genreForms/gf2017027220
BW9C7KI7,http://id.loc.gov/authorities/genreForms/gf2017027220.,Artists' books.,artists-books,http://id.loc.gov/authorities/genreForms/gf2017027220
BXPYLPQA,http://id.loc.gov/authorities/genreForms/gf2017027220.,Artists' books.,artists-books,http://id.loc.gov/authorities/genreForms/gf2017027220
BXRF7M3U,http://id.loc.gov/authorities/genreForms/gf2017027220.,Artists' books.,artists-books,http://id.loc.gov/authorities/genreForms/gf2017027220
BY6GNS2K,http://id.loc.gov/authorities/genreForms/gf2017027220.,Artists' books.,artists-books,http://id.loc.gov/authorities/genreForms/gf2017027220
BYV9IJBH,http://id.loc.gov/authorities/genreForms/gf2017027220.,Artists' books.,artists-books,http://id.loc.gov/authorities/genreForms/gf2017027220
BZXS5WXX,http://id.loc.gov/authorities/genreForms/gf2017027220.,Artists' books.,artists-books,http://id.loc.gov/authorities/genreForms/gf2017027220
C35V4GE9,http://id.loc.gov/authorities/genreForms/gf2017027220.,Artists' books.,artists-books,http://id.loc.gov/authorities/genreForms/gf2017027220
C4A66D77,http://id.loc.gov/authorities/genreForms/gf2017027220.,Artists' books.,artists-books,http://id.loc.gov/authorities/genreForms/gf2017027220
C4NIKENC,http://id.loc.gov/authorities/genreForms/gf2017027220.,Artists' books.,artists-books,http://id.loc.gov/authorities/genreForms/gf2017027220
C7C2WC28,http://id.loc.gov/authorities/genreForms/gf2017027220.,Artists' books.,artists-books,http://id.loc.gov/authorities/genreForms/gf2017027220
C8TR84N6,http://id.loc.gov/authorities/genreForms/gf2017027220.,Artists' books.,artists-books,http://id.loc.gov/authorities/genreForms/gf2017027220
CAI2PFZC,http://id.loc.gov/authorities/genreForms/gf2017027220.,Artists' books.,artists-books,http://id.loc.gov/authorities/genreForms/gf2017027220
CAV69CKH,http://id.loc.gov/authorities/genreForms/gf2017027220.,Artists' books.,artists-books,http://id.loc.gov/authorities/genreForms/gf2017027220
CBTCWZ2D,http://id.loc.gov/authorities/genreForms/gf2017027220.,Artists' books.,artists-books,http://id.loc.gov/authorities/genreForms/gf2017027220
CCS3Z546,http://id.loc.gov/authorities/genreForms/gf2017027220.,Artists' books.,artists-books,http://id.loc.gov/authorities/genreForms/gf2017027220
CDHHAFU6,http://id.loc.gov/authorities/genreForms/gf2017027220.,Artists' books.,artists-books,http://id.loc.gov/authorities/genreForms/gf2017027220
CFIF9DHE,http://id.loc.gov/authorities/genreForms/gf2017027220.,Artists' books.,artists-books,http://id.loc.gov/authorities/genreForms/gf2017027220
CGFXKRSP,http://id.loc.gov/authorities/genreForms/gf2017027220.,Artists' books.,artists-books,http://id.loc.gov/authorities/genreForms/gf2017027220
CITV8AEX,http://id.loc.gov/authorities/genreForms/gf2017027220.,Artists' books.,artists-books,http://id.loc.gov/authorities/genreForms/gf2017027220
CJ6QJUF7,http://id.loc.gov/authorities/genreForms/gf2017027220.,Artists' books.,artists-books,http://id.loc.gov/authorities/genreForms/gf2017027220
CJLMERMV,http://id.loc.gov/authorities/genreForms/gf2017027220.,Artists' books.,artists-books,http://id.loc.gov/authorities/genreForms/gf2017027220
CQ6WMXZ3,http://id.loc.gov/authorities/genreForms/gf2017027220.,Artists' books.,artists-books,http://id.loc.gov/authorities/genreForms/gf2017027220
CRKSZH7J,http://id.loc.gov/authorities/genreForms/gf2017027220.,Artists' books.,artists-books,http://id.loc.gov/authorities/genreForms/gf2017027220
CTPCXCHC,http://id.loc.gov/authorities/genreForms/gf2017027220.,Artists' books.,artists-books,http://id.loc.gov/authorities/genreForms/gf2017027220
CUBLTFRN,http://id.loc.gov/authorities/genreForms/gf2017027220.,Artists' books.,artists-books,http://id.loc.gov/authorities/genreForms/gf2017027220
CVXVUB6S,http://id.loc.gov/authorities/genreForms/gf2017027220.,Artists' books.,artists-books,http://id.loc.gov/authorities/genreForms/gf2017027220
CWABV6X4,http://id.loc.gov/authorities/genreForms/gf2017027220.,Artists' books.,artists-books,http://id.loc.gov/authorities/genreForms/gf2017027220
CX7E563Q,http://id.loc.gov/authorities/genreForms/gf2017027220.,Artists' books.,artists-books,http://id.loc.gov/authorities/genreForms/gf2017027220
CZE89VUA,http://id.loc.gov/authorities/genreForms/gf2017027220.,Artists' books.,artists-books,http://id.loc.gov/authorities/genreForms/gf2017027220
D3WA8UBT,http://id.loc.gov/authorities/genreForms/gf2017027220.,Artists' books.,artists-books,http://id.loc.gov/authorities/genreForms/gf2017027220
D4Q7IQKJ,http://id.loc.gov/authorities/genreForms/gf2017027220.,Artists' books.,artists-books,http://id.loc.gov/authorities/genreForms/gf2017027220
D4QAMZXB,http://id.loc.gov/authorities/genreForms/gf2017027220.,Artists' books.,artists-books,http://id.loc.gov/authorities/genreForms/gf2017027220
D5FZLMPX,http://id.loc.gov/authorities/genreForms/gf2017027220.,Artists' books.,artists-books,http://id.loc.gov/authorities/genreForms/gf2017027220
D69XVRD2,http://id.loc.gov/authorities/genreForms/gf2017027220.,Artists' books.,artists-books,http://id.loc.gov/authorities/genreForms/gf2017027220
D6BGRR32,http://id.loc.gov/authorities/genreForms/gf2017027220.,Artists' books.,artists-books,http://id.loc.gov/authorities/genreForms/gf2017027220
D6SIT9CG,http://id.loc.gov/authorities/genreForms/gf2017027220.,Artists' books.,artists-books,http://id.loc.gov/authorities/genreForms/gf2017027220
D6WZYP9X,http://id.loc.gov/authorities/genreForms/gf2017027220.,Artists' books.,artists-books,http://id.loc.gov/authorities/genreForms/gf2017027220
D75GLLMG,http://id.loc.gov/authorities/genreForms/gf2017027220.,Artists' books.,artists-books,http://id.loc.gov/authorities/genreForms/gf2017027220
D97WNGWB,http://id.loc.gov/authorities/genreForms/gf2017027220.,Artists' books.,artists-books,http://id.loc.gov/authorities/genreForms/gf2017027220
DCR5P4LE,http://id.loc.gov/authorities/genreForms/gf2017027220.,Artists' books.,artists-books,http://id.loc.gov/authorities/genreForms/gf2017027220
DD4C6A5D,http://id.loc.gov/authorities/genreForms/gf2017027220.,Artists' books.,artists-books,http://id.loc.gov/authorities/genreForms/gf2017027220
DD9CP69Q,http://id.loc.gov/authorities/genreForms/gf2017027220.,Artists' books.,artists-books,http://id.loc.gov/authorities/genreForms/gf2017027220
DDNJVGUE,http://id.loc.gov/authorities/genreForms/gf2017027220.,Artists' books.,artists-books,http://id.loc.gov/authorities/genreForms/gf2017027220
DF9LFBDT,http://id.loc.gov/authorities/genreForms/gf2017027220.,Artists' books.,artists-books,http://id.loc.gov/authorities/genreForms/gf2017027220
DGB3SEXI,http://id.loc.gov/authorities/genreForms/gf2017027220.,Artists' books.,artists-books,http://id.loc.gov/authorities/genreForms/gf2017027220
DGMKF555,http://id.loc.gov/authorities/genreForms/gf2017027220.,Artists' books.,artists-books,http://id.loc.gov/authorities/genreForms/gf2017027220
DGQAHVPP,http://id.loc.gov/authorities/genreForms/gf2017027220.,Artists' books.,artists-books,http://id.loc.gov/authorities/genreForms/gf2017027220
DHXWIRL9,http://id.loc.gov/authorities/genreForms/gf2017027220.,Artists' books.,artists-books,http://id.loc.gov/authorities/genreForms/gf2017027220
DICUCMKJ,http://id.loc.gov/authorities/genreForms/gf2017027220.,Artists' books.,artists-books,http://id.loc.gov/authorities/genreForms/gf2017027220
DJ65PKFX,http://id.loc.gov/authorities/genreForms/gf2017027220.,Artists' books.,artists-books,http://id.loc.gov/authorities/genreForms/gf2017027220
DJVN4D8K,http://id.loc.gov/authorities/genreForms/gf2017027220.,Artists' books.,artists-books,http://id.loc.gov/authorities/genreForms/gf2017027220
DJVUT7UH,http://id.loc.gov/authorities/genreForms/gf2017027220.,Artists' books.,artists-books,http://id.loc.gov/authorities/genreForms/gf2017027220
DKYULI6R,http://id.loc.gov/authorities/genreForms/gf2017027220.,Artists' books.,artists-books,http://id.loc.gov/authorities/genreForms/gf2017027220
DLRQLDD5,http://id.loc.gov/authorities/genreForms/gf2017027220.,Artists' books.,artists-books,http://id.loc.gov/authorities/genreForms/gf2017027220
DMCECA45,http://id.loc.gov/authorities/genreForms/gf2017027220.,Artists' books.,artists-books,http://id.loc.gov/authorities/genreForms/gf2017027220
DMJGW4DV,http://id.loc.gov/authorities/genreForms/gf2017027220.,Artists' books.,artists-books,http://id.loc.gov/authorities/genreForms/gf2017027220
DNTS73TK,http://id.loc.gov/authorities/genreForms/gf2017027220.,Artists' books.,artists-books,http://id.loc.gov/authorities/genreForms/gf2017027220
DPUHYZE5,http://id.loc.gov/authorities/genreForms/gf2017027220.,Artists' books.,artists-books,http://id.loc.gov/authorities/genreForms/gf2017027220
DRXZALEB,http://id.loc.gov/authorities/genreForms/gf2017027220.,Artists' books.,artists-books,http://id.loc.gov/authorities/genreForms/gf2017027220
DRZWMBK8,http://id.loc.gov/authorities/genreForms/gf2017027220.,Artists' books.,artists-books,http://id.loc.gov/authorities/genreForms/gf2017027220
DSGC78FH,http://id.loc.gov/authorities/genreForms/gf2017027220.,Artists' books.,artists-books,http://id.loc.gov/authorities/genreForms/gf2017027220
DUZ8YXV3,http://id.loc.gov/authorities/genreForms/gf2017027220.,Artists' books.,artists-books,http://id.loc.gov/authorities/genreForms/gf2017027220
DWTPIG26,http://id.loc.gov/authorities/genreForms/gf2017027220.,Artists' books.,artists-books,http://id.loc.gov/authorities/genreForms/gf2017027220
DX43HTQQ,http://id.loc.gov/authorities/genreForms/gf2017027220.,Artists' books.,artists-books,http://id.loc.gov/authorities/genreForms/gf2017027220
E2VYXNX7,http://id.loc.gov/authorities/genreForms/gf2017027220.,Artists' books.,artists-books,http://id.loc.gov/authorities/genreForms/gf2017027220
E3LVUP6J,http://id.loc.gov/authorities/genreForms/gf2017027220.,Artists' books.,artists-books,http://id.loc.gov/authorities/genreForms/gf2017027220
E48HZ6TE,http://id.loc.gov/authorities/genreForms/gf2017027220.,Artists' books.,artists-books,http://id.loc.gov/authorities/genreForms/gf2017027220
E5CM7GH2,http://id.loc.gov/authorities/genreForms/gf2017027220.,Artists' books.,artists-books,http://id.loc.gov/authorities/genreForms/gf2017027220
E5XFN328,http://id.loc.gov/authorities/genreForms/gf2017027220.,Artists' books.,artists-books,http://id.loc.gov/authorities/genreForms/gf2017027220
E62R9QS4,http://id.loc.gov/authorities/genreForms/gf2017027220.,Artists' books.,artists-books,http://id.loc.gov/authorities/genreForms/gf2017027220
E696HLCC,http://id.loc.gov/authorities/genreForms/gf2017027220.,Artists' books.,artists-books,http://id.loc.gov/authorities/genreForms/gf2017027220
EAN8I9PW,http://id.loc.gov/authorities/genreForms/gf2017027220.,Artists' books.,artists-books,http://id.loc.gov/authorities/genreForms/gf2017027220
EAQWQBAP,http://id.loc.gov/authorities/genreForms/gf2017027220.,Artists' books.,artists-books,http://id.loc.gov/authorities/genreForms/gf2017027220
EAUQA75X,http://id.loc.gov/authorities/genreForms/gf2017027220.,Artists' books.,artists-books,http://id.loc.gov/authorities/genreForms/gf2017027220
EB5CKXSA,http://id.loc.gov/authorities/genreForms/gf2017027220.,Artists' books.,artists-books,http://id.loc.gov/authorities/genreForms/gf2017027220
EBFUUIGM,http://id.loc.gov/authorities/genreForms/gf2017027220.,Artists' books.,artists-books,http://id.loc.gov/authorities/genreForms/gf2017027220
EF3Q282K,http://id.loc.gov/authorities/genreForms/gf2017027220.,Artists' books.,artists-books,http://id.loc.gov/authorities/genreForms/gf2017027220
EFAMDCD6,http://id.loc.gov/authorities/genreForms/gf2017027220.,Artists' books.,artists-books,http://id.loc.gov/authorities/genreForms/gf2017027220
EFWZ8N45,http://id.loc.gov/authorities/genreForms/gf2017027220.,Artists' books.,artists-books,http://id.loc.gov/authorities/genreForms/gf2017027220
EI2PEII7,http://id.loc.gov/authorities/genreForms/gf2017027220.,Artists' books.,artists-books,http://id.loc.gov/authorities/genreForms/gf2017027220
EJK8HBT2,http://id.loc.gov/authorities/genreForms/gf2017027220.,Artists' books.,artists-books,http://id.loc.gov/authorities/genreForms/gf2017027220
EP6DUKZA,http://id.loc.gov/authorities/genreForms/gf2017027220.,Artists' books.,artists-books,http://id.loc.gov/authorities/genreForms/gf2017027220
EQ5SUU2I,http://id.loc.gov/authorities/genreForms/gf2017027220.,Artists' books.,artists-books,http://id.loc.gov/authorities/genreForms/gf2017027220
EQMBIS7A,http://id.loc.gov/authorities/genreForms/gf2017027220.,Artists' books.,artists-books,http://id.loc.gov/authorities/genreForms/gf2017027220
ESSDX4JS,http://id.loc.gov/authorities/genreForms/gf2017027220.,Artists' books.,artists-books,http://id.loc.gov/authorities/genreForms/gf2017027220
ETIITUFL,http://id.loc.gov/authorities/genreForms/gf2017027220.,Artists' books.,artists-books,http://id.loc.gov/authorities/genreForms/gf2017027220
EVQIJIVY,http://id.loc.gov/authorities/genreForms/gf2017027220.,Artists' books.,artists-books,http://id.loc.gov/authorities/genreForms/gf2017027220
F3KU7F6S,http://id.loc.gov/authorities/genreForms/gf2017027220.,Artists' books.,artists-books,http://id.loc.gov/authorities/genreForms/gf2017027220
FCMN5SI3,http://id.loc.gov/authorities/genreForms/gf2017027220.,Artists' books.,artists-books,http://id.loc.gov/authorities/genreForms/gf2017027220
FCVVSAWF,http://id.loc.gov/authorities/genreForms/gf2017027220.,Artists' books.,artists-books,http://id.loc.gov/authorities/genreForms/gf2017027220
FDWUTM65,http://id.loc.gov/authorities/genreForms/gf2017027220.,Artists' books.,artists-books,http://id.loc.gov/authorities/genreForms/gf2017027220
FEASMSSC,http://id.loc.gov/authorities/genreForms/gf2017027220.,Artists' books.,artists-books,http://id.loc.gov/authorities/genreForms/gf2017027220
FGI58BRN,http://id.loc.gov/authorities/genreForms/gf2017027220.,Artists' books.,artists-books,http://id.loc.gov/authorities/genreForms/gf2017027220
FH34XFCA,http://id.loc.gov/authorities/genreForms/gf2017027220.,Artists' books.,artists-books,http://id.loc.gov/authorities/genreForms/gf2017027220
FI2GTQ6N,http://id.loc.gov/authorities/genreForms/gf2017027220.,Artists' books.,artists-books,http://id.loc.gov/authorities/genreForms/gf2017027220
FJFSZBAP,http://id.loc.gov/authorities/genreForms/gf2017027220.,Artists' books.,artists-books,http://id.loc.gov/authorities/genreForms/gf2017027220
FLGFS2LP,http://id.loc.gov/authorities/genreForms/gf2017027220.,Artists' books.,artists-books,http://id.loc.gov/authorities/genreForms/gf2017027220
FMV6HBVV,http://id.loc.gov/authorities/genreForms/gf2017027220.,Artists' books.,artists-books,http://id.loc.gov/authorities/genreForms/gf2017027220
FNLRHYA6,http://id.loc.gov/authorities/genreForms/gf2017027220.,Artists' books.,artists-books,http://id.loc.gov/authorities/genreForms/gf2017027220
FNZCZ4B6,http://id.loc.gov/authorities/genreForms/gf2017027220.,Artists' books.,artists-books,http://id.loc.gov/authorities/genreForms/gf2017027220
FPE5EJ9G,http://id.loc.gov/authorities/genreForms/gf2017027220.,Artists' books.,artists-books,http://id.loc.gov/authorities/genreForms/gf2017027220
FSCM3PV2,http://id.loc.gov/authorities/genreForms/gf2017027220.,Artists' books.,artists-books,http://id.loc.gov/authorities/genreForms/gf2017027220
FSEW2GM5,http://id.loc.gov/authorities/genreForms/gf2017027220.,Artists' books.,artists-books,http://id.loc.gov/authorities/genreForms/gf2017027220
FSGBHJDV,http://id.loc.gov/authorities/genreForms/gf2017027220.,Artists' books.,artists-books,http://id.loc.gov/authorities/genreForms/gf2017027220
FSM3KNIN,http://id.loc.gov/authorities/genreForms/gf2017027220.,Artists' books.,artists-books,http://id.loc.gov/authorities/genreForms/gf2017027220
FU68VLT9,http://id.loc.gov/authorities/genreForms/gf2017027220.,Artists' books.,artists-books,http://id.loc.gov/authorities/genreForms/gf2017027220
FVJIGVVJ,http://id.loc.gov/authorities/genreForms/gf2017027220.,Artists' books.,artists-books,http://id.loc.gov/authorities/genreForms/gf2017027220
FVPCDLCH,http://id.loc.gov/authorities/genreForms/gf2017027220.,Artists' books.,artists-books,http://id.loc.gov/authorities/genreForms/gf2017027220
FVWFHLNT,http://id.loc.gov/authorities/genreForms/gf2017027220.,Artists' books.,artists-books,http://id.loc.gov/authorities/genreForms/gf2017027220
FWENDANN,http://id.loc.gov/authorities/genreForms/gf2017027220.,Artists' books.,artists-books,http://id.loc.gov/authorities/genreForms/gf2017027220
FYJB55Y7,http://id.loc.gov/authorities/genreForms/gf2017027220.,Artists' books.,artists-books,http://id.loc.gov/authorities/genreForms/gf2017027220
G2SRVX4C,http://id.loc.gov/authorities/genreForms/gf2017027220.,Artists' books.,artists-books,http://id.loc.gov/authorities/genreForms/gf2017027220
G2YKJ5V6,http://id.loc.gov/authorities/genreForms/gf2017027220.,Artists' books.,artists-books,http://id.loc.gov/authorities/genreForms/gf2017027220
G347E7IL,http://id.loc.gov/authorities/genreForms/gf2017027220.,Artists' books.,artists-books,http://id.loc.gov/authorities/genreForms/gf2017027220
G3VEIL5L,http://id.loc.gov/authorities/genreForms/gf2017027220.,Artists' books.,artists-books,http://id.loc.gov/authorities/genreForms/gf2017027220
G4XRMULE,http://id.loc.gov/authorities/genreForms/gf2017027220.,Artists' books.,artists-books,http://id.loc.gov/authorities/genreForms/gf2017027220
G6P88MY2,http://id.loc.gov/authorities/genreForms/gf2017027220.,Artists' books.,artists-books,http://id.loc.gov/authorities/genreForms/gf2017027220
G6XSHFBY,http://id.loc.gov/authorities/genreForms/gf2017027220.,Artists' books.,artists-books,http://id.loc.gov/authorities/genreForms/gf2017027220
G9JVYCRU,http://id.loc.gov/authorities/genreForms/gf2017027220.,Artists' books.,artists-books,http://id.loc.gov/authorities/genreForms/gf2017027220
GDEAWFHF,http://id.loc.gov/authorities/genreForms/gf2017027220.,Artists' books.,artists-books,http://id.loc.gov/authorities/genreForms/gf2017027220
GDTEJGHY,http://id.loc.gov/authorities/genreForms/gf2017027220.,Artists' books.,artists-books,http://id.loc.gov/authorities/genreForms/gf2017027220
GGXTG7D7,http://id.loc.gov/authorities/genreForms/gf2017027220.,Artists' books.,artists-books,http://id.loc.gov/authorities/genreForms/gf2017027220
GICVNA55,http://id.loc.gov/authorities/genreForms/gf2017027220.,Artists' books.,artists-books,http://id.loc.gov/authorities/genreForms/gf2017027220
GIHENZE2,http://id.loc.gov/authorities/genreForms/gf2017027220.,Artists' books.,artists-books,http://id.loc.gov/authorities/genreForms/gf2017027220
GJNKPL29,http://id.loc.gov/authorities/genreForms/gf2017027220.,Artists' books.,artists-books,http://id.loc.gov/authorities/genreForms/gf2017027220
GKTF4EQT,http://id.loc.gov/authorities/genreForms/gf2017027220.,Artists' books.,artists-books,http://id.loc.gov/authorities/genreForms/gf2017027220
GKVALR3V,http://id.loc.gov/authorities/genreForms/gf2017027220.,Artists' books.,artists-books,http://id.loc.gov/authorities/genreForms/gf2017027220
GL7Q839A,http://id.loc.gov/authorities/genreForms/gf2017027220.,Artists' books.,artists-books,http://id.loc.gov/authorities/genreForms/gf2017027220
GMM35RYA,http://id.loc.gov/authorities/genreForms/gf2017027220.,Artists' books.,artists-books,http://id.loc.gov/authorities/genreForms/gf2017027220
GMT66HSU,http://id.loc.gov/authorities/genreForms/gf2017027220.,Artists' books.,artists-books,http://id.loc.gov/authorities/genreForms/gf2017027220
GNV8Z2DV,http://id.loc.gov/authorities/genreForms/gf2017027220.,Artists' books.,artists-books,http://id.loc.gov/authorities/genreForms/gf2017027220
GPHLTR7V,http://id.loc.gov/authorities/genreForms/gf2017027220.,Artists' books.,artists-books,http://id.loc.gov/authorities/genreForms/gf2017027220
GPPPVWM9,http://id.loc.gov/authorities/genreForms/gf2017027220.,Artists' books.,artists-books,http://id.loc.gov/authorities/genreForms/gf2017027220
GU98BE9K,http://id.loc.gov/authorities/genreForms/gf2017027220.,Artists' books.,artists-books,http://id.loc.gov/authorities/genreForms/gf2017027220
GUBA5JU7,http://id.loc.gov/authorities/genreForms/gf2017027220.,Artists' books.,artists-books,http://id.loc.gov/authorities/genreForms/gf2017027220
GUFAHLE5,http://id.loc.gov/authorities/genreForms/gf2017027220.,Artists' books.,artists-books,http://id.loc.gov/authorities/genreForms/gf2017027220
GVKJ9X3R,http://id.loc.gov/authorities/genreForms/gf2017027220.,Artists' books.,artists-books,http://id.loc.gov/authorities/genreForms/gf2017027220
GVUDZDE9,http://id.loc.gov/authorities/genreForms/gf2017027220.,Artists' books.,artists-books,http://id.loc.gov/authorities/genreForms/gf2017027220
GYXELWPK,http://id.loc.gov/authorities/genreForms/gf2017027220.,Artists' books.,artists-books,http://id.loc.gov/authorities/genreForms/gf2017027220
H2RAMU8E,http://id.loc.gov/authorities/genreForms/gf2017027220.,Artists' books.,artists-books,http://id.loc.gov/authorities/genreForms/gf2017027220
H3PKBBDY,http://id.loc.gov/authorities/genreForms/gf2017027220.,Artists' books.,artists-books,http://id.loc.gov/authorities/genreForms/gf2017027220
H4DT26QW,http://id.loc.gov/authorities/genreForms/gf2017027220.,Artists' books.,artists-books,http://id.loc.gov/authorities/genreForms/gf2017027220
H4UKFQEN,http://id.loc.gov/authorities/genreForms/gf2017027220.,Artists' books.,artists-books,http://id.loc.gov/authorities/genreForms/gf2017027220
H644T8GP,http://id.loc.gov/authorities/genreForms/gf2017027220.,Artists' books.,artists-books,http://id.loc.gov/authorities/genreForms/gf2017027220
H7CYGGXF,http://id.loc.gov/authorities/genreForms/gf2017027220.,Artists' books.,artists-books,http://id.loc.gov/authorities/genreForms/gf2017027220
H7PA7HLA,http://id.loc.gov/authorities/genreForms/gf2017027220.,Artists' books.,artists-books,http://id.loc.gov/authorities/genreForms/gf2017027220
H7X35XED,http://id.loc.gov/authorities/genreForms/gf2017027220.,Artists' books.,artists-books,http://id.loc.gov/authorities/genreForms/gf2017027220
H96M6V45,http://id.loc.gov/authorities/genreForms/gf2017027220.,Artists' books.,artists-books,http://id.loc.gov/authorities/genreForms/gf2017027220
H9WMRFHW,http://id.loc.gov/authorities/genreForms/gf2017027220.,Artists' books.,artists-books,http://id.loc.gov/authorities/genreForms/gf2017027220
HA7KCJ8L,http://id.loc.gov/authorities/genreForms/gf2017027220.,Artists' books.,artists-books,http://id.loc.gov/authorities/genreForms/gf2017027220
HADBWIV7,http://id.loc.gov/authorities/genreForms/gf2017027220.,Artists' books.,artists-books,http://id.loc.gov/authorities/genreForms/gf2017027220
HBU7WVBB,http://id.loc.gov/authorities/genreForms/gf2017027220.,Artists' books.,artists-books,http://id.loc.gov/authorities/genreForms/gf2017027220
HC38HRN9,http://id.loc.gov/authorities/genreForms/gf2017027220.,Artists' books.,artists-books,http://id.loc.gov/authorities/genreForms/gf2017027220
HD7GS484,http://id.loc.gov/authorities/genreForms/gf2017027220.,Artists' books.,artists-books,http://id.loc.gov/authorities/genreForms/gf2017027220
HF8DCWSM,http://id.loc.gov/authorities/genreForms/gf2017027220.,Artists' books.,artists-books,http://id.loc.gov/authorities/genreForms/gf2017027220
HFL33QJH,http://id.loc.gov/authorities/genreForms/gf2017027220.,Artists' books.,artists-books,http://id.loc.gov/authorities/genreForms/gf2017027220
HG2YAHLK,http://id.loc.gov/authorities/genreForms/gf2017027220.,Artists' books.,artists-books,http://id.loc.gov/authorities/genreForms/gf2017027220
HH67JM7N,http://id.loc.gov/authorities/genreForms/gf2017027220.,Artists' books.,artists-books,http://id.loc.gov/authorities/genreForms/gf2017027220
HI6RR8SF,http://id.loc.gov/authorities/genreForms/gf2017027220.,Artists' books.,artists-books,http://id.loc.gov/authorities/genreForms/gf2017027220
HLRKLYN3,http://id.loc.gov/authorities/genreForms/gf2017027220.,Artists' books.,artists-books,http://id.loc.gov/authorities/genreForms/gf2017027220
HMKRHYHJ,http://id.loc.gov/authorities/genreForms/gf2017027220.,Artists' books.,artists-books,http://id.loc.gov/authorities/genreForms/gf2017027220
HNELRMZJ,http://id.loc.gov/authorities/genreForms/gf2017027220.,Artists' books.,artists-books,http://id.loc.gov/authorities/genreForms/gf2017027220
HNJ6CKQB,http://id.loc.gov/authorities/genreForms/gf2017027220.,Artists' books.,artists-books,http://id.loc.gov/authorities/genreForms/gf2017027220
HPFMFF5Q,http://id.loc.gov/authorities/genreForms/gf2017027220.,Artists' books.,artists-books,http://id.loc.gov/authorities/genreForms/gf2017027220
HPI8LMMP,http://id.loc.gov/authorities/genreForms/gf2017027220.,Artists' books.,artists-books,http://id.loc.gov/authorities/genreForms/gf2017027220
HQ822BU9,http://id.loc.gov/authorities/genreForms/gf2017027220.,Artists' books.,artists-books,http://id.loc.gov/authorities/genreForms/gf2017027220
HQKRI38G,http://id.loc.gov/authorities/genreForms/gf2017027220.,Artists' books.,artists-books,http://id.loc.gov/authorities/genreForms/gf2017027220
HQLVVHFU,http://id.loc.gov/authorities/genreForms/gf2017027220.,Artists' books.,artists-books,http://id.loc.gov/authorities/genreForms/gf2017027220
HSKD9QAD,http://id.loc.gov/authorities/genreForms/gf2017027220.,Artists' books.,artists-books,http://id.loc.gov/authorities/genreForms/gf2017027220
HT8PJRIS,http://id.loc.gov/authorities/genreForms/gf2017027220.,Artists' books.,artists-books,http://id.loc.gov/authorities/genreForms/gf2017027220
HTHD8A9A,http://id.loc.gov/authorities/genreForms/gf2017027220.,Artists' books.,artists-books,http://id.loc.gov/authorities/genreForms/gf2017027220
HUK5SEEK,http://id.loc.gov/authorities/genreForms/gf2017027220.,Artists' books.,artists-books,http://id.loc.gov/authorities/genreForms/gf2017027220
HUZ42HQK,http://id.loc.gov/authorities/genreForms/gf2017027220.,Artists' books.,artists-books,http://id.loc.gov/authorities/genreForms/gf2017027220
HVMVJRVC,http://id.loc.gov/authorities/genreForms/gf2017027220.,Artists' books.,artists-books,http://id.loc.gov/authorities/genreForms/gf2017027220
HYDME9QA,http://id.loc.gov/authorities/genreForms/gf2017027220.,Artists' books.,artists-books,http://id.loc.gov/authorities/genreForms/gf2017027220
HZCY87KY,http://id.loc.gov/authorities/genreForms/gf2017027220.,Artists' books.,artists-books,http://id.loc.gov/authorities/genreForms/gf2017027220
HZYPBN6W,http://id.loc.gov/authorities/genreForms/gf2017027220.,Artists' books.,artists-books,http://id.loc.gov/authorities/genreForms/gf2017027220
I6EBR9D8,http://id.loc.gov/authorities/genreForms/gf2017027220.,Artists' books.,artists-books,http://id.loc.gov/authorities/genreForms/gf2017027220
I8VXEVTA,http://id.loc.gov/authorities/genreForms/gf2017027220.,Artists' books.,artists-books,http://id.loc.gov/authorities/genreForms/gf2017027220
IA54GVQX,http://id.loc.gov/authorities/genreForms/gf2017027220.,Artists' books.,artists-books,http://id.loc.gov/authorities/genreForms/gf2017027220
IBAVPUCE,http://id.loc.gov/authorities/genreForms/gf2017027220.,Artists' books.,artists-books,http://id.loc.gov/authorities/genreForms/gf2017027220
IBNSLUJE,http://id.loc.gov/authorities/genreForms/gf2017027220.,Artists' books.,artists-books,http://id.loc.gov/authorities/genreForms/gf2017027220
IBRQM6MM,http://id.loc.gov/authorities/genreForms/gf2017027220.,Artists' books.,artists-books,http://id.loc.gov/authorities/genreForms/gf2017027220
ID6CVTS7,http://id.loc.gov/authorities/genreForms/gf2017027220.,Artists' books.,artists-books,http://id.loc.gov/authorities/genreForms/gf2017027220
IFKV5B9H,http://id.loc.gov/authorities/genreForms/gf2017027220.,Artists' books.,artists-books,http://id.loc.gov/authorities/genreForms/gf2017027220
IFM99WUS,http://id.loc.gov/authorities/genreForms/gf2017027220.,Artists' books.,artists-books,http://id.loc.gov/authorities/genreForms/gf2017027220
IGQAAHAS,http://id.loc.gov/authorities/genreForms/gf2017027220.,Artists' books.,artists-books,http://id.loc.gov/authorities/genreForms/gf2017027220
IHBXHKV7,http://id.loc.gov/authorities/genreForms/gf2017027220.,Artists' books.,artists-books,http://id.loc.gov/authorities/genreForms/gf2017027220
IJZRUWSY,http://id.loc.gov/authorities/genreForms/gf2017027220.,Artists' books.,artists-books,http://id.loc.gov/authorities/genreForms/gf2017027220
IKCYZUGN,http://id.loc.gov/authorities/genreForms/gf2017027220.,Artists' books.,artists-books,http://id.loc.gov/authorities/genreForms/gf2017027220
IKKTHDBG,http://id.loc.gov/authorities/genreForms/gf2017027220.,Artists' books.,artists-books,http://id.loc.gov/authorities/genreForms/gf2017027220
ILIBVN2K,http://id.loc.gov/authorities/genreForms/gf2017027220.,Artists' books.,artists-books,http://id.loc.gov/authorities/genreForms/gf2017027220
ILMYEGPY,http://id.loc.gov/authorities/genreForms/gf2017027220.,Artists' books.,artists-books,http://id.loc.gov/authorities/genreForms/gf2017027220
IMBHLCKN,http://id.loc.gov/authorities/genreForms/gf2017027220.,Artists' books.,artists-books,http://id.loc.gov/authorities/genreForms/gf2017027220
IQ4IBNZI,http://id.loc.gov/authorities/genreForms/gf2017027220.,Artists' books.,artists-books,http://id.loc.gov/authorities/genreForms/gf2017027220
IQ94FDGZ,http://id.loc.gov/authorities/genreForms/gf2017027220.,Artists' books.,artists-books,http://id.loc.gov/authorities/genreForms/gf2017027220
IQSS9I8E,http://id.loc.gov/authorities/genreForms/gf2017027220.,Artists' books.,artists-books,http://id.loc.gov/authorities/genreForms/gf2017027220
IR6IZWSQ,http://id.loc.gov/authorities/genreForms/gf2017027220.,Artists' books.,artists-books,http://id.loc.gov/authorities/genreForms/gf2017027220
IRXHE5KW,http://id.loc.gov/authorities/genreForms/gf2017027220.,Artists' books.,artists-books,http://id.loc.gov/authorities/genreForms/gf2017027220
ISAUE7M6,http://id.loc.gov/authorities/genreForms/gf2017027220.,Artists' books.,artists-books,http://id.loc.gov/authorities/genreForms/gf2017027220
ISBJ56W6,http://id.loc.gov/authorities/genreForms/gf2017027220.,Artists' books.,artists-books,http://id.loc.gov/authorities/genreForms/gf2017027220
ISTV64ZP,http://id.loc.gov/authorities/genreForms/gf2017027220.,Artists' books.,artists-books,http://id.loc.gov/authorities/genreForms/gf2017027220
IT4RYKPH,http://id.loc.gov/authorities/genreForms/gf2017027220.,Artists' books.,artists-books,http://id.loc.gov/authorities/genreForms/gf2017027220
IT9YAY5Z,http://id.loc.gov/authorities/genreForms/gf2017027220.,Artists' books.,artists-books,http://id.loc.gov/authorities/genreForms/gf2017027220
ITG942QS,http://id.loc.gov/authorities/genreForms/gf2017027220.,Artists' books.,artists-books,http://id.loc.gov/authorities/genreForms/gf2017027220
IU8B4XC2,http://id.loc.gov/authorities/genreForms/gf2017027220.,Artists' books.,artists-books,http://id.loc.gov/authorities/genreForms/gf2017027220
IV6X7XZM,http://id.loc.gov/authorities/genreForms/gf2017027220.,Artists' books.,artists-books,http://id.loc.gov/authorities/genreForms/gf2017027220
IVEFE799,http://id.loc.gov/authorities/genreForms/gf2017027220.,Artists' books.,artists-books,http://id.loc.gov/authorities/genreForms/gf2017027220
IW67FN74,http://id.loc.gov/authorities/genreForms/gf2017027220.,Artists' books.,artists-books,http://id.loc.gov/authorities/genreForms/gf2017027220
IW67WSIE,http://id.loc.gov/authorities/genreForms/gf2017027220.,Artists' books.,artists-books,http://id.loc.gov/authorities/genreForms/gf2017027220
IWBUX8N7,http://id.loc.gov/authorities/genreForms/gf2017027220.,Artists' books.,artists-books,http://id.loc.gov/authorities/genreForms/gf2017027220
IX22R2VB,http://id.loc.gov/authorities/genreForms/gf2017027220.,Artists' books.,artists-books,http://id.loc.gov/authorities/genreForms/gf2017027220
IXR4AFDV,http://id.loc.gov/authorities/genreForms/gf2017027220.,Artists' books.,artists-books,http://id.loc.gov/authorities/genreForms/gf2017027220
IY6GYNGC,http://id.loc.gov/authorities/genreForms/gf2017027220.,Artists' books.,artists-books,http://id.loc.gov/authorities/genreForms/gf2017027220
J3PGLNEL,http://id.loc.gov/authorities/genreForms/gf2017027220.,Artists' books.,artists-books,http://id.loc.gov/authorities/genreForms/gf2017027220
J458BVLL,http://id.loc.gov/authorities/genreForms/gf2017027220.,Artists' books.,artists-books,http://id.loc.gov/authorities/genreForms/gf2017027220
J495JUND,http://id.loc.gov/authorities/genreForms/gf2017027220.,Artists' books.,artists-books,http://id.loc.gov/authorities/genreForms/gf2017027220
J6YJWAQZ,http://id.loc.gov/authorities/genreForms/gf2017027220.,Artists' books.,artists-books,http://id.loc.gov/authorities/genreForms/gf2017027220
J7H35T2K,http://id.loc.gov/authorities/genreForms/gf2017027220.,Artists' books.,artists-books,http://id.loc.gov/authorities/genreForms/gf2017027220
J7H45MHN,http://id.loc.gov/authorities/genreForms/gf2017027220.,Artists' books.,artists-books,http://id.loc.gov/authorities/genreForms/gf2017027220
J7JBWCHI,http://id.loc.gov/authorities/genreForms/gf2017027220.,Artists' books.,artists-books,http://id.loc.gov/authorities/genreForms/gf2017027220
J7MTRLGR,http://id.loc.gov/authorities/genreForms/gf2017027220.,Artists' books.,artists-books,http://id.loc.gov/authorities/genreForms/gf2017027220
J7QUNJH2,http://id.loc.gov/authorities/genreForms/gf2017027220.,Artists' books.,artists-books,http://id.loc.gov/authorities/genreForms/gf2017027220
J7X3CPIP,http://id.loc.gov/authorities/genreForms/gf2017027220.,Artists' books.,artists-books,http://id.loc.gov/authorities/genreForms/gf2017027220
J7ZRZ6DC,http://id.loc.gov/authorities/genreForms/gf2017027220.,Artists' books.,artists-books,http://id.loc.gov/authorities/genreForms/gf2017027220
J7ZSVLN9,http://id.loc.gov/authorities/genreForms/gf2017027220.,Artists' books.,artists-books,http://id.loc.gov/authorities/genreForms/gf2017027220
JAVVTKIE,http://id.loc.gov/authorities/genreForms/gf2017027220.,Artists' books.,artists-books,http://id.loc.gov/authorities/genreForms/gf2017027220
JCU4IW4E,http://id.loc.gov/authorities/genreForms/gf2017027220.,Artists' books.,artists-books,http://id.loc.gov/authorities/genreForms/gf2017027220
JEMJ588G,http://id.loc.gov/authorities/genreForms/gf2017027220.,Artists' books.,artists-books,http://id.loc.gov/authorities/genreForms/gf2017027220
JFBP43DK,http://id.loc.gov/authorities/genreForms/gf2017027220.,Artists' books.,artists-books,http://id.loc.gov/authorities/genreForms/gf2017027220
JFW3649R,http://id.loc.gov/authorities/genreForms/gf2017027220.,Artists' books.,artists-books,http://id.loc.gov/authorities/genreForms/gf2017027220
JIFQWBJI,http://id.loc.gov/authorities/genreForms/gf2017027220.,Artists' books.,artists-books,http://id.loc.gov/authorities/genreForms/gf2017027220
JIGAU8LG,http://id.loc.gov/authorities/genreForms/gf2017027220.,Artists' books.,artists-books,http://id.loc.gov/authorities/genreForms/gf2017027220
JKGBHB48,http://id.loc.gov/authorities/genreForms/gf2017027220.,Artists' books.,artists-books,http://id.loc.gov/authorities/genreForms/gf2017027220
JM7KXHNI,http://id.loc.gov/authorities/genreForms/gf2017027220.,Artists' books.,artists-books,http://id.loc.gov/authorities/genreForms/gf2017027220
JNX9GBSP,http://id.loc.gov/authorities/genreForms/gf2017027220.,Artists' books.,artists-books,http://id.loc.gov/authorities/genreForms/gf2017027220
JTCHS99L,http://id.loc.gov/authorities/genreForms/gf2017027220.,Artists' books.,artists-books,http://id.loc.gov/authorities/genreForms/gf2017027220
JW55N4BY,http://id.loc.gov/authorities/genreForms/gf2017027220.,Artists' books.,artists-books,http://id.loc.gov/authorities/genreForms/gf2017027220
JY2G3WI2,http://id.loc.gov/authorities/genreForms/gf2017027220.,Artists' books.,artists-books,http://id.loc.gov/authorities/genreForms/gf2017027220
JZH7NAVM,http://id.loc.gov/authorities/genreForms/gf2017027220.,Artists' books.,artists-books,http://id.loc.gov/authorities/genreForms/gf2017027220
JZXJGZD8,http://id.loc.gov/authorities/genreForms/gf2017027220.,Artists' books.,artists-books,http://id.loc.gov/authorities/genreForms/gf2017027220
K3476D8R,http://id.loc.gov/authorities/genreForms/gf2017027220.,Artists' books.,artists-books,http://id.loc.gov/authorities/genreForms/gf2017027220
K63M3S3M,http://id.loc.gov/authorities/genreForms/gf2017027220.,Artists' books.,artists-books,http://id.loc.gov/authorities/genreForms/gf2017027220
K66MFIKJ,http://id.loc.gov/authorities/genreForms/gf2017027220.,Artists' books.,artists-books,http://id.loc.gov/authorities/genreForms/gf2017027220
K6ZQF6HB,http://id.loc.gov/authorities/genreForms/gf2017027220.,Artists' books.,artists-books,http://id.loc.gov/authorities/genreForms/gf2017027220
K78KC6CD,http://id.loc.gov/authorities/genreForms/gf2017027220.,Artists' books.,artists-books,http://id.loc.gov/authorities/genreForms/gf2017027220
K7X9FUZV,http://id.loc.gov/authorities/genreForms/gf2017027220.,Artists' books.,artists-books,http://id.loc.gov/authorities/genreForms/gf2017027220
K8G47JKD,http://id.loc.gov/authorities/genreForms/gf2017027220.,Artists' books.,artists-books,http://id.loc.gov/authorities/genreForms/gf2017027220
K9Q5XIGB,http://id.loc.gov/authorities/genreForms/gf2017027220.,Artists' books.,artists-books,http://id.loc.gov/authorities/genreForms/gf2017027220
K9WR277H,http://id.loc.gov/authorities/genreForms/gf2017027220.,Artists' books.,artists-books,http://id.loc.gov/authorities/genreForms/gf2017027220
K9ZWJMAC,http://id.loc.gov/authorities/genreForms/gf2017027220.,Artists' books.,artists-books,http://id.loc.gov/authorities/genreForms/gf2017027220
KA3J2PE6,http://id.loc.gov/authorities/genreForms/gf2017027220.,Artists' books.,artists-books,http://id.loc.gov/authorities/genreForms/gf2017027220
KA6I2J5Q,http://id.loc.gov/authorities/genreForms/gf2017027220.,Artists' books.,artists-books,http://id.loc.gov/authorities/genreForms/gf2017027220
KA7WQS5Q,http://id.loc.gov/authorities/genreForms/gf2017027220.,Artists' books.,artists-books,http://id.loc.gov/authorities/genreForms/gf2017027220
KAENUH8A,http://id.loc.gov/authorities/genreForms/gf2017027220.,Artists' books.,artists-books,http://id.loc.gov/authorities/genreForms/gf2017027220
KBHG9EJS,http://id.loc.gov/authorities/genreForms/gf2017027220.,Artists' books.,artists-books,http://id.loc.gov/authorities/genreForms/gf2017027220
KBXCMHGF,http://id.loc.gov/authorities/genreForms/gf2017027220.,Artists' books.,artists-books,http://id.loc.gov/authorities/genreForms/gf2017027220
KCQ745ET,http://id.loc.gov/authorities/genreForms/gf2017027220.,Artists' books.,artists-books,http://id.loc.gov/authorities/genreForms/gf2017027220
KFC8WH6X,http://id.loc.gov/authorities/genreForms/gf2017027220.,Artists' books.,artists-books,http://id.loc.gov/authorities/genreForms/gf2017027220
KHVSQCUG,http://id.loc.gov/authorities/genreForms/gf2017027220.,Artists' books.,artists-books,http://id.loc.gov/authorities/genreForms/gf2017027220
KILJAJ2D,http://id.loc.gov/authorities/genreForms/gf2017027220.,Artists' books.,artists-books,http://id.loc.gov/authorities/genreForms/gf2017027220
KIW88E9A,http://id.loc.gov/authorities/genreForms/gf2017027220.,Artists' books.,artists-books,http://id.loc.gov/authorities/genreForms/gf2017027220
KJJ35ILT,http://id.loc.gov/authorities/genreForms/gf2017027220.,Artists' books.,artists-books,http://id.loc.gov/authorities/genreForms/gf2017027220
KJS25GIV,http://id.loc.gov/authorities/genreForms/gf2017027220.,Artists' books.,artists-books,http://id.loc.gov/authorities/genreForms/gf2017027220
KKTGFJYC,http://id.loc.gov/authorities/genreForms/gf2017027220.,Artists' books.,artists-books,http://id.loc.gov/authorities/genreForms/gf2017027220
KLTAPU6U,http://id.loc.gov/authorities/genreForms/gf2017027220.,Artists' books.,artists-books,http://id.loc.gov/authorities/genreForms/gf2017027220
KQ6DNBBQ,http://id.loc.gov/authorities/genreForms/gf2017027220.,Artists' books.,artists-books,http://id.loc.gov/authorities/genreForms/gf2017027220
KRLBW93Q,http://id.loc.gov/authorities/genreForms/gf2017027220.,Artists' books.,artists-books,http://id.loc.gov/authorities/genreForms/gf2017027220
KRQWR5FB,http://id.loc.gov/authorities/genreForms/gf2017027220.,Artists' books.,artists-books,http://id.loc.gov/authorities/genreForms/gf2017027220
KSBWLSC2,http://id.loc.gov/authorities/genreForms/gf2017027220.,Artists' books.,artists-books,http://id.loc.gov/authorities/genreForms/gf2017027220
KSYMBE3Z,http://id.loc.gov/authorities/genreForms/gf2017027220.,Artists' books.,artists-books,http://id.loc.gov/authorities/genreForms/gf2017027220
KUV6NXNS,http://id.loc.gov/authorities/genreForms/gf2017027220.,Artists' books.,artists-books,http://id.loc.gov/authorities/genreForms/gf2017027220
KVE8M4XD,http://id.loc.gov/authorities/genreForms/gf2017027220.,Artists' books.,artists-books,http://id.loc.gov/authorities/genreForms/gf2017027220
KWVCNB66,http://id.loc.gov/authorities/genreForms/gf2017027220.,Artists' books.,artists-books,http://id.loc.gov/authorities/genreForms/gf2017027220
KX46RJBD,http://id.loc.gov/authorities/genreForms/gf2017027220.,Artists' books.,artists-books,http://id.loc.gov/authorities/genreForms/gf2017027220
KXS7DSD7,http://id.loc.gov/authorities/genreForms/gf2017027220.,Artists' books.,artists-books,http://id.loc.gov/authorities/genreForms/gf2017027220
KYMHM2MX,http://id.loc.gov/authorities/genreForms/gf2017027220.,Artists' books.,artists-books,http://id.loc.gov/authorities/genreForms/gf2017027220
L2KQMS9M,http://id.loc.gov/authorities/genreForms/gf2017027220.,Artists' books.,artists-books,http://id.loc.gov/authorities/genreForms/gf2017027220
L365N744,http://id.loc.gov/authorities/genreForms/gf2017027220.,Artists' books.,artists-books,http://id.loc.gov/authorities/genreForms/gf2017027220
L52JULIS,http://id.loc.gov/authorities/genreForms/gf2017027220.,Artists' books.,artists-books,http://id.loc.gov/authorities/genreForms/gf2017027220
L6IL4VQY,http://id.loc.gov/authorities/genreForms/gf2017027220.,Artists' books.,artists-books,http://id.loc.gov/authorities/genreForms/gf2017027220
L8RU7JQF,http://id.loc.gov/authorities/genreForms/gf2017027220.,Artists' books.,artists-books,http://id.loc.gov/authorities/genreForms/gf2017027220
L9858XFC,http://id.loc.gov/authorities/genreForms/gf2017027220.,Artists' books.,artists-books,http://id.loc.gov/authorities/genreForms/gf2017027220
LAIFRBQW,http://id.loc.gov/authorities/genreForms/gf2017027220.,Artists' books.,artists-books,http://id.loc.gov/authorities/genreForms/gf2017027220
LBDKEQ9M,http://id.loc.gov/authorities/genreForms/gf2017027220.,Artists' books.,artists-books,http://id.loc.gov/authorities/genreForms/gf2017027220
LCVLCX9S,http://id.loc.gov/authorities/genreForms/gf2017027220.,Artists' books.,artists-books,http://id.loc.gov/authorities/genreForms/gf2017027220
LD8ZNBS9,http://id.loc.gov/authorities/genreForms/gf2017027220.,Artists' books.,artists-books,http://id.loc.gov/authorities/genreForms/gf2017027220
LDRCMRSX,http://id.loc.gov/authorities/genreForms/gf2017027220.,Artists' books.,artists-books,http://id.loc.gov/authorities/genreForms/gf2017027220
LEMVSIBN,http://id.loc.gov/authorities/genreForms/gf2017027220.,Artists' books.,artists-books,http://id.loc.gov/authorities/genreForms/gf2017027220
LFKIHCVA,http://id.loc.gov/authorities/genreForms/gf2017027220.,Artists' books.,artists-books,http://id.loc.gov/authorities/genreForms/gf2017027220
LG79KISU,http://id.loc.gov/authorities/genreForms/gf2017027220.,Artists' books.,artists-books,http://id.loc.gov/authorities/genreForms/gf2017027220
LGKU4IUP,http://id.loc.gov/authorities/genreForms/gf2017027220.,Artists' books.,artists-books,http://id.loc.gov/authorities/genreForms/gf2017027220
LIPHNB6Z,http://id.loc.gov/authorities/genreForms/gf2017027220.,Artists' books.,artists-books,http://id.loc.gov/authorities/genreForms/gf2017027220
LJIBMXWG,http://id.loc.gov/authorities/genreForms/gf2017027220.,Artists' books.,artists-books,http://id.loc.gov/authorities/genreForms/gf2017027220
LKGIJNJ7,http://id.loc.gov/authorities/genreForms/gf2017027220.,Artists' books.,artists-books,http://id.loc.gov/authorities/genreForms/gf2017027220
LMMBZ2D6,http://id.loc.gov/authorities/genreForms/gf2017027220.,Artists' books.,artists-books,http://id.loc.gov/authorities/genreForms/gf2017027220
LNFAZY2F,http://id.loc.gov/authorities/genreForms/gf2017027220.,Artists' books.,artists-books,http://id.loc.gov/authorities/genreForms/gf2017027220
LNSUSQ9K,http://id.loc.gov/authorities/genreForms/gf2017027220.,Artists' books.,artists-books,http://id.loc.gov/authorities/genreForms/gf2017027220
LR9UQRII,http://id.loc.gov/authorities/genreForms/gf2017027220.,Artists' books.,artists-books,http://id.loc.gov/authorities/genreForms/gf2017027220
LRD6FCIV,http://id.loc.gov/authorities/genreForms/gf2017027220.,Artists' books.,artists-books,http://id.loc.gov/authorities/genreForms/gf2017027220
LS3KBVE6,http://id.loc.gov/authorities/genreForms/gf2017027220.,Artists' books.,artists-books,http://id.loc.gov/authorities/genreForms/gf2017027220
LTZ95FTJ,http://id.loc.gov/authorities/genreForms/gf2017027220.,Artists' books.,artists-books,http://id.loc.gov/authorities/genreForms/gf2017027220
LUBVV6BW,http://id.loc.gov/authorities/genreForms/gf2017027220.,Artists' books.,artists-books,http://id.loc.gov/authorities/genreForms/gf2017027220
LUU798XB,http://id.loc.gov/authorities/genreForms/gf2017027220.,Artists' books.,artists-books,http://id.loc.gov/authorities/genreForms/gf2017027220
LUWTTTG4,http://id.loc.gov/authorities/genreForms/gf2017027220.,Artists' books.,artists-books,http://id.loc.gov/authorities/genreForms/gf2017027220
LYJSML5E,http://id.loc.gov/authorities/genreForms/gf2017027220.,Artists' books.,artists-books,http://id.loc.gov/authorities/genreForms/gf2017027220
M348LXMU,http://id.loc.gov/authorities/genreForms/gf2017027220.,Artists' books.,artists-books,http://id.loc.gov/authorities/genreForms/gf2017027220
M5Y2U9BX,http://id.loc.gov/authorities/genreForms/gf2017027220.,Artists' books.,artists-books,http://id.loc.gov/authorities/genreForms/gf2017027220
M63K56HX,http://id.loc.gov/authorities/genreForms/gf2017027220.,Artists' books.,artists-books,http://id.loc.gov/authorities/genreForms/gf2017027220
M6FCLS85,http://id.loc.gov/authorities/genreForms/gf2017027220.,Artists' books.,artists-books,http://id.loc.gov/authorities/genreForms/gf2017027220
M7UNWI63,http://id.loc.gov/authorities/genreForms/gf2017027220.,Artists' books.,artists-books,http://id.loc.gov/authorities/genreForms/gf2017027220
M8PTAAMS,http://id.loc.gov/authorities/genreForms/gf2017027220.,Artists' books.,artists-books,http://id.loc.gov/authorities/genreForms/gf2017027220
M9D8QYK7,http://id.loc.gov/authorities/genreForms/gf2017027220.,Artists' books.,artists-books,http://id.loc.gov/authorities/genreForms/gf2017027220
M9R9WXM4,http://id.loc.gov/authorities/genreForms/gf2017027220.,Artists' books.,artists-books,http://id.loc.gov/authorities/genreForms/gf2017027220
MBL4XA5B,http://id.loc.gov/authorities/genreForms/gf2017027220.,Artists' books.,artists-books,http://id.loc.gov/authorities/genreForms/gf2017027220
MBQLR6E8,http://id.loc.gov/authorities/genreForms/gf2017027220.,Artists' books.,artists-books,http://id.loc.gov/authorities/genreForms/gf2017027220
MBTW8NEJ,http://id.loc.gov/authorities/genreForms/gf2017027220.,Artists' books.,artists-books,http://id.loc.gov/authorities/genreForms/gf2017027220
MCTUGCK3,http://id.loc.gov/authorities/genreForms/gf2017027220.,Artists' books.,artists-books,http://id.loc.gov/authorities/genreForms/gf2017027220
MD98HHRC,http://id.loc.gov/authorities/genreForms/gf2017027220.,Artists' books.,artists-books,http://id.loc.gov/authorities/genreForms/gf2017027220
MES4DFIT,http://id.loc.gov/authorities/genreForms/gf2017027220.,Artists' books.,artists-books,http://id.loc.gov/authorities/genreForms/gf2017027220
MH2GLXMN,http://id.loc.gov/authorities/genreForms/gf2017027220.,Artists' books.,artists-books,http://id.loc.gov/authorities/genreForms/gf2017027220
MIAE5V4B,http://id.loc.gov/authorities/genreForms/gf2017027220.,Artists' books.,artists-books,http://id.loc.gov/authorities/genreForms/gf2017027220
MIFTF8L3,http://id.loc.gov/authorities/genreForms/gf2017027220.,Artists' books.,artists-books,http://id.loc.gov/authorities/genreForms/gf2017027220
MJY3ATXT,http://id.loc.gov/authorities/genreForms/gf2017027220.,Artists' books.,artists-books,http://id.loc.gov/authorities/genreForms/gf2017027220
MK94HI98,http://id.loc.gov/authorities/genreForms/gf2017027220.,Artists' books.,artists-books,http://id.loc.gov/authorities/genreForms/gf2017027220
MKWP8BG9,http://id.loc.gov/authorities/genreForms/gf2017027220.,Artists' books.,artists-books,http://id.loc.gov/authorities/genreForms/gf2017027220
ML555VRY,http://id.loc.gov/authorities/genreForms/gf2017027220.,Artists' books.,artists-books,http://id.loc.gov/authorities/genreForms/gf2017027220
MMFXWFDT,http://id.loc.gov/authorities/genreForms/gf2017027220.,Artists' books.,artists-books,http://id.loc.gov/authorities/genreForms/gf2017027220
MMUB7EQL,http://id.loc.gov/authorities/genreForms/gf2017027220.,Artists' books.,artists-books,http://id.loc.gov/authorities/genreForms/gf2017027220
MNNDUVP6,http://id.loc.gov/authorities/genreForms/gf2017027220.,Artists' books.,artists-books,http://id.loc.gov/authorities/genreForms/gf2017027220
MPN5DK2U,http://id.loc.gov/authorities/genreForms/gf2017027220.,Artists' books.,artists-books,http://id.loc.gov/authorities/genreForms/gf2017027220
MPU5CXQ8,http://id.loc.gov/authorities/genreForms/gf2017027220.,Artists' books.,artists-books,http://id.loc.gov/authorities/genreForms/gf2017027220
MQ2WLD23,http://id.loc.gov/authorities/genreForms/gf2017027220.,Artists' books.,artists-books,http://id.loc.gov/authorities/genreForms/gf2017027220
MQKDMMI9,http://id.loc.gov/authorities/genreForms/gf2017027220.,Artists' books.,artists-books,http://id.loc.gov/authorities/genreForms/gf2017027220
MVTLPZ9Q,http://id.loc.gov/authorities/genreForms/gf2017027220.,Artists' books.,artists-books,http://id.loc.gov/authorities/genreForms/gf2017027220
MZ89DRM5,http://id.loc.gov/authorities/genreForms/gf2017027220.,Artists' books.,artists-books,http://id.loc.gov/authorities/genreForms/gf2017027220
MZST6UEM,http://id.loc.gov/authorities/genreForms/gf2017027220.,Artists' books.,artists-books,http://id.loc.gov/authorities/genreForms/gf2017027220
N2GVS8TH,http://id.loc.gov/authorities/genreForms/gf2017027220.,Artists' books.,artists-books,http://id.loc.gov/authorities/genreForms/gf2017027220
N49LT8RV,http://id.loc.gov/authorities/genreForms/gf2017027220.,Artists' books.,artists-books,http://id.loc.gov/authorities/genreForms/gf2017027220
N4NSY4HE,http://id.loc.gov/authorities/genreForms/gf2017027220.,Artists' books.,artists-books,http://id.loc.gov/authorities/genreForms/gf2017027220
N5VQWN98,http://id.loc.gov/authorities/genreForms/gf2017027220.,Artists' books.,artists-books,http://id.loc.gov/authorities/genreForms/gf2017027220
N65DQ7B9,http://id.loc.gov/authorities/genreForms/gf2017027220.,Artists' books.,artists-books,http://id.loc.gov/authorities/genreForms/gf2017027220
N6LTWH6U,http://id.loc.gov/authorities/genreForms/gf2017027220.,Artists' books.,artists-books,http://id.loc.gov/authorities/genreForms/gf2017027220
N74TA45B,http://id.loc.gov/authorities/genreForms/gf2017027220.,Artists' books.,artists-books,http://id.loc.gov/authorities/genreForms/gf2017027220
N7842N3N,http://id.loc.gov/authorities/genreForms/gf2017027220.,Artists' books.,artists-books,http://id.loc.gov/authorities/genreForms/gf2017027220
N8CS4TN6,http://id.loc.gov/authorities/genreForms/gf2017027220.,Artists' books.,artists-books,http://id.loc.gov/authorities/genreForms/gf2017027220
N9ZCBAQI,http://id.loc.gov/authorities/genreForms/gf2017027220.,Artists' books.,artists-books,http://id.loc.gov/authorities/genreForms/gf2017027220
NANX673H,http://id.loc.gov/authorities/genreForms/gf2017027220.,Artists' books.,artists-books,http://id.loc.gov/authorities/genreForms/gf2017027220
NBAKPB78,http://id.loc.gov/authorities/genreForms/gf2017027220.,Artists' books.,artists-books,http://id.loc.gov/authorities/genreForms/gf2017027220
NCLSBIGU,http://id.loc.gov/authorities/genreForms/gf2017027220.,Artists' books.,artists-books,http://id.loc.gov/authorities/genreForms/gf2017027220
NDHM9PHH,http://id.loc.gov/authorities/genreForms/gf2017027220.,Artists' books.,artists-books,http://id.loc.gov/authorities/genreForms/gf2017027220
NEEQQDQQ,http://id.loc.gov/authorities/genreForms/gf2017027220.,Artists' books.,artists-books,http://id.loc.gov/authorities/genreForms/gf2017027220
NEWYUCJW,http://id.loc.gov/authorities/genreForms/gf2017027220.,Artists' books.,artists-books,http://id.loc.gov/authorities/genreForms/gf2017027220
NF3JZVRJ,http://id.loc.gov/authorities/genreForms/gf2017027220.,Artists' books.,artists-books,http://id.loc.gov/authorities/genreForms/gf2017027220
NIDJQHCY,http://id.loc.gov/authorities/genreForms/gf2017027220.,Artists' books.,artists-books,http://id.loc.gov/authorities/genreForms/gf2017027220
NIXQTNRI,http://id.loc.gov/authorities/genreForms/gf2017027220.,Artists' books.,artists-books,http://id.loc.gov/authorities/genreForms/gf2017027220
NKAVGZNL,http://id.loc.gov/authorities/genreForms/gf2017027220.,Artists' books.,artists-books,http://id.loc.gov/authorities/genreForms/gf2017027220
NKUVZWQU,http://id.loc.gov/authorities/genreForms/gf2017027220.,Artists' books.,artists-books,http://id.loc.gov/authorities/genreForms/gf2017027220
NLS4GDCR,http://id.loc.gov/authorities/genreForms/gf2017027220.,Artists' books.,artists-books,http://id.loc.gov/authorities/genreForms/gf2017027220
NM8P6AT8,http://id.loc.gov/authorities/genreForms/gf2017027220.,Artists' books.,artists-books,http://id.loc.gov/authorities/genreForms/gf2017027220
NNRIFTUE,http://id.loc.gov/authorities/genreForms/gf2017027220.,Artists' books.,artists-books,http://id.loc.gov/authorities/genreForms/gf2017027220
NP4CPLNF,http://id.loc.gov/authorities/genreForms/gf2017027220.,Artists' books.,artists-books,http://id.loc.gov/authorities/genreForms/gf2017027220
NPRJMNHQ,http://id.loc.gov/authorities/genreForms/gf2017027220.,Artists' books.,artists-books,http://id.loc.gov/authorities/genreForms/gf2017027220
NQEINM55,http://id.loc.gov/authorities/genreForms/gf2017027220.,Artists' books.,artists-books,http://id.loc.gov/authorities/genreForms/gf2017027220
NQGTZDTA,http://id.loc.gov/authorities/genreForms/gf2017027220.,Artists' books.,artists-books,http://id.loc.gov/authorities/genreForms/gf2017027220
NT97YK5X,http://id.loc.gov/authorities/genreForms/gf2017027220.,Artists' books.,artists-books,http://id.loc.gov/authorities/genreForms/gf2017027220
NVCMP85X,http://id.loc.gov/authorities/genreForms/gf2017027220.,Artists' books.,artists-books,http://id.loc.gov/authorities/genreForms/gf2017027220
NX5ZWM4B,http://id.loc.gov/authorities/genreForms/gf2017027220.,Artists' books.,artists-books,http://id.loc.gov/authorities/genreForms/gf2017027220
NY8EIZPN,http://id.loc.gov/authorities/genreForms/gf2017027220.,Artists' books.,artists-books,http://id.loc.gov/authorities/genreForms/gf2017027220
NZ5NM3WY,http://id.loc.gov/authorities/genreForms/gf2017027220.,Artists' books.,artists-books,http://id.loc.gov/authorities/genreForms/gf2017027220
NZ7SXX8E,http://id.loc.gov/authorities/genreForms/gf2017027220.,Artists' books.,artists-books,http://id.loc.gov/authorities/genreForms/gf2017027220
P279W5YK,http://id.loc.gov/authorities/genreForms/gf2017027220.,Artists' books.,artists-books,http://id.loc.gov/authorities/genreForms/gf2017027220
P2VY7UA7,http://id.loc.gov/authorities/genreForms/gf2017027220.,Artists' books.,artists-books,http://id.loc.gov/authorities/genreForms/gf2017027220
P3MC8LVE,http://id.loc.gov/authorities/genreForms/gf2017027220.,Artists' books.,artists-books,http://id.loc.gov/authorities/genreForms/gf2017027220
P3MLSDWI,http://id.loc.gov/authorities/genreForms/gf2017027220.,Artists' books.,artists-books,http://id.loc.gov/authorities/genreForms/gf2017027220
P3SXCUWI,http://id.loc.gov/authorities/genreForms/gf2017027220.,Artists' books.,artists-books,http://id.loc.gov/authorities/genreForms/gf2017027220
P3T4YANB,http://id.loc.gov/authorities/genreForms/gf2017027220.,Artists' books.,artists-books,http://id.loc.gov/authorities/genreForms/gf2017027220
P3WHKGX9,http://id.loc.gov/authorities/genreForms/gf2017027220.,Artists' books.,artists-books,http://id.loc.gov/authorities/genreForms/gf2017027220
P75KQSUN,http://id.loc.gov/authorities/genreForms/gf2017027220.,Artists' books.,artists-books,http://id.loc.gov/authorities/genreForms/gf2017027220
P7A32W3Q,http://id.loc.gov/authorities/genreForms/gf2017027220.,Artists' books.,artists-books,http://id.loc.gov/authorities/genreForms/gf2017027220
P7E2WGTN,http://id.loc.gov/authorities/genreForms/gf2017027220.,Artists' books.,artists-books,http://id.loc.gov/authorities/genreForms/gf2017027220
P858BHRC,http://id.loc.gov/authorities/genreForms/gf2017027220.,Artists' books.,artists-books,http://id.loc.gov/authorities/genreForms/gf2017027220
PAAY4MZ2,http://id.loc.gov/authorities/genreForms/gf2017027220.,Artists' books.,artists-books,http://id.loc.gov/authorities/genreForms/gf2017027220
PBDUAC8I,http://id.loc.gov/authorities/genreForms/gf2017027220.,Artists' books.,artists-books,http://id.loc.gov/authorities/genreForms/gf2017027220
PCRFENN3,http://id.loc.gov/authorities/genreForms/gf2017027220.,Artists' books.,artists-books,http://id.loc.gov/authorities/genreForms/gf2017027220
PCTAHWMM,http://id.loc.gov/authorities/genreForms/gf2017027220.,Artists' books.,artists-books,http://id.loc.gov/authorities/genreForms/gf2017027220
PEAVVEJD,http://id.loc.gov/authorities/genreForms/gf2017027220.,Artists' books.,artists-books,http://id.loc.gov/authorities/genreForms/gf2017027220
PEEGHK2R,http://id.loc.gov/authorities/genreForms/gf2017027220.,Artists' books.,artists-books,http://id.loc.gov/authorities/genreForms/gf2017027220
PEKWNQI7,http://id.loc.gov/authorities/genreForms/gf2017027220.,Artists' books.,artists-books,http://id.loc.gov/authorities/genreForms/gf2017027220
PEQS5CUB,http://id.loc.gov/authorities/genreForms/gf2017027220.,Artists' books.,artists-books,http://id.loc.gov/authorities/genreForms/gf2017027220
PFUBE9GZ,http://id.loc.gov/authorities/genreForms/gf2017027220.,Artists' books.,artists-books,http://id.loc.gov/authorities/genreForms/gf2017027220
PG3WIT3M,http://id.loc.gov/authorities/genreForms/gf2017027220.,Artists' books.,artists-books,http://id.loc.gov/authorities/genreForms/gf2017027220
PGTZE33H,http://id.loc.gov/authorities/genreForms/gf2017027220.,Artists' books.,artists-books,http://id.loc.gov/authorities/genreForms/gf2017027220
PIN9WQ2M,http://id.loc.gov/authorities/genreForms/gf2017027220.,Artists' books.,artists-books,http://id.loc.gov/authorities/genreForms/gf2017027220
PJ6HW6XE,http://id.loc.gov/authorities/genreForms/gf2017027220.,Artists' books.,artists-books,http://id.loc.gov/authorities/genreForms/gf2017027220
PLXEZ6SH,http://id.loc.gov/authorities/genreForms/gf2017027220.,Artists' books.,artists-books,http://id.loc.gov/authorities/genreForms/gf2017027220
PMI9MHQ7,http://id.loc.gov/authorities/genreForms/gf2017027220.,Artists' books.,artists-books,http://id.loc.gov/authorities/genreForms/gf2017027220
PMT5S7EP,http://id.loc.gov/authorities/genreForms/gf2017027220.,Artists' books.,artists-books,http://id.loc.gov/authorities/genreForms/gf2017027220
PP5LPWPN,http://id.loc.gov/authorities/genreForms/gf2017027220.,Artists' books.,artists-books,http://id.loc.gov/authorities/genreForms/gf2017027220
PPXCS73L,http://id.loc.gov/authorities/genreForms/gf2017027220.,Artists' books.,artists-books,http://id.loc.gov/authorities/genreForms/gf2017027220
PQM8PQVD,http://id.loc.gov/authorities/genreForms/gf2017027220.,Artists' books.,artists-books,http://id.loc.gov/authorities/genreForms/gf2017027220
PR44QH2M,http://id.loc.gov/authorities/genreForms/gf2017027220.,Artists' books.,artists-books,http://id.loc.gov/authorities/genreForms/gf2017027220
PSPHWMIM,http://id.loc.gov/authorities/genreForms/gf2017027220.,Artists' books.,artists-books,http://id.loc.gov/authorities/genreForms/gf2017027220
PVABAGAH,http://id.loc.gov/authorities/genreForms/gf2017027220.,Artists' books.,artists-books,http://id.loc.gov/authorities/genreForms/gf2017027220
PVS63R9V,http://id.loc.gov/authorities/genreForms/gf2017027220.,Artists' books.,artists-books,http://id.loc.gov/authorities/genreForms/gf2017027220
PW4DUPHY,http://id.loc.gov/authorities/genreForms/gf2017027220.,Artists' books.,artists-books,http://id.loc.gov/authorities/genreForms/gf2017027220
PYUJ2RBM,http://id.loc.gov/authorities/genreForms/gf2017027220.,Artists' books.,artists-books,http://id.loc.gov/authorities/genreForms/gf2017027220
PZ4SHSWT,http://id.loc.gov/authorities/genreForms/gf2017027220.,Artists' books.,artists-books,http://id.loc.gov/authorities/genreForms/gf2017027220
PZDLNAI7,http://id.loc.gov/authorities/genreForms/gf2017027220.,Artists' books.,artists-books,http://id.loc.gov/authorities/genreForms/gf2017027220
PZRTTE6E,http://id.loc.gov/authorities/genreForms/gf2017027220.,Artists' books.,artists-books,http://id.loc.gov/authorities/genreForms/gf2017027220
Q3XELTDC,http://id.loc.gov/authorities/genreForms/gf2017027220.,Artists' books.,artists-books,http://id.loc.gov/authorities/genreForms/gf2017027220
Q4EFXZFV,http://id.loc.gov/authorities/genreForms/gf2017027220.,Artists' books.,artists-books,http://id.loc.gov/authorities/genreForms/gf2017027220
Q4FCFTHP,http://id.loc.gov/authorities/genreForms/gf2017027220.,Artists' books.,artists-books,http://id.loc.gov/authorities/genreForms/gf2017027220
Q5V5EJLN,http://id.loc.gov/authorities/genreForms/gf2017027220.,Artists' books.,artists-books,http://id.loc.gov/authorities/genreForms/gf2017027220
Q5WDSUDE,http://id.loc.gov/authorities/genreForms/gf2017027220.,Artists' books.,artists-books,http://id.loc.gov/authorities/genreForms/gf2017027220
Q677HNGB,http://id.loc.gov/authorities/genreForms/gf2017027220.,Artists' books.,artists-books,http://id.loc.gov/authorities/genreForms/gf2017027220
Q7ZK3Y73,http://id.loc.gov/authorities/genreForms/gf2017027220.,Artists' books.,artists-books,http://id.loc.gov/authorities/genreForms/gf2017027220
Q95FDWBA,http://id.loc.gov/authorities/genreForms/gf2017027220.,Artists' books.,artists-books,http://id.loc.gov/authorities/genreForms/gf2017027220
Q9LNSU9G,http://id.loc.gov/authorities/genreForms/gf2017027220.,Artists' books.,artists-books,http://id.loc.gov/authorities/genreForms/gf2017027220
QBKUI8GG,http://id.loc.gov/authorities/genreForms/gf2017027220.,Artists' books.,artists-books,http://id.loc.gov/authorities/genreForms/gf2017027220
QE2YXZVQ,http://id.loc.gov/authorities/genreForms/gf2017027220.,Artists' books.,artists-books,http://id.loc.gov/authorities/genreForms/gf2017027220
QF5F3QIZ,http://id.loc.gov/authorities/genreForms/gf2017027220.,Artists' books.,artists-books,http://id.loc.gov/authorities/genreForms/gf2017027220
QFYGZM3A,http://id.loc.gov/authorities/genreForms/gf2017027220.,Artists' books.,artists-books,http://id.loc.gov/authorities/genreForms/gf2017027220
QG42FL3V,http://id.loc.gov/authorities/genreForms/gf2017027220.,Artists' books.,artists-books,http://id.loc.gov/authorities/genreForms/gf2017027220
QG6C4UVE,http://id.loc.gov/authorities/genreForms/gf2017027220.,Artists' books.,artists-books,http://id.loc.gov/authorities/genreForms/gf2017027220
QGGDKXSZ,http://id.loc.gov/authorities/genreForms/gf2017027220.,Artists' books.,artists-books,http://id.loc.gov/authorities/genreForms/gf2017027220
QGLARYH6,http://id.loc.gov/authorities/genreForms/gf2017027220.,Artists' books.,artists-books,http://id.loc.gov/authorities/genreForms/gf2017027220
QIGK743D,http://id.loc.gov/authorities/genreForms/gf2017027220.,Artists' books.,artists-books,http://id.loc.gov/authorities/genreForms/gf2017027220
QJ4TC2ID,http://id.loc.gov/authorities/genreForms/gf2017027220.,Artists' books.,artists-books,http://id.loc.gov/authorities/genreForms/gf2017027220
QJW8HWQH,http://id.loc.gov/authorities/genreForms/gf2017027220.,Artists' books.,artists-books,http://id.loc.gov/authorities/genreForms/gf2017027220
QKXVZ4DQ,http://id.loc.gov/authorities/genreForms/gf2017027220.,Artists' books.,artists-books,http://id.loc.gov/authorities/genreForms/gf2017027220
QMKSPNK3,http://id.loc.gov/authorities/genreForms/gf2017027220.,Artists' books.,artists-books,http://id.loc.gov/authorities/genreForms/gf2017027220
QN9DCR8N,http://id.loc.gov/authorities/genreForms/gf2017027220.,Artists' books.,artists-books,http://id.loc.gov/authorities/genreForms/gf2017027220
QPXEI2VV,http://id.loc.gov/authorities/genreForms/gf2017027220.,Artists' books.,artists-books,http://id.loc.gov/authorities/genreForms/gf2017027220
QQ26PJLJ,http://id.loc.gov/authorities/genreForms/gf2017027220.,Artists' books.,artists-books,http://id.loc.gov/authorities/genreForms/gf2017027220
QQRPZNYY,http://id.loc.gov/authorities/genreForms/gf2017027220.,Artists' books.,artists-books,http://id.loc.gov/authorities/genreForms/gf2017027220
QRGVGYBQ,http://id.loc.gov/authorities/genreForms/gf2017027220.,Artists' books.,artists-books,http://id.loc.gov/authorities/genreForms/gf2017027220
QSX9EBUN,http://id.loc.gov/authorities/genreForms/gf2017027220.,Artists' books.,artists-books,http://id.loc.gov/authorities/genreForms/gf2017027220
QTA2F867,http://id.loc.gov/authorities/genreForms/gf2017027220.,Artists' books.,artists-books,http://id.loc.gov/authorities/genreForms/gf2017027220
QTPVI59N,http://id.loc.gov/authorities/genreForms/gf2017027220.,Artists' books.,artists-books,http://id.loc.gov/authorities/genreForms/gf2017027220
QTQAU3DB,http://id.loc.gov/authorities/genreForms/gf2017027220.,Artists' books.,artists-books,http://id.loc.gov/authorities/genreForms/gf2017027220
QVTGSMIV,http://id.loc.gov/authorities/genreForms/gf2017027220.,Artists' books.,artists-books,http://id.loc.gov/authorities/genreForms/gf2017027220
QWBVCNWR,http://id.loc.gov/authorities/genreForms/gf2017027220.,Artists' books.,artists-books,http://id.loc.gov/authorities/genreForms/gf2017027220
QWN46XKR,http://id.loc.gov/authorities/genreForms/gf2017027220.,Artists' books.,artists-books,http://id.loc.gov/authorities/genreForms/gf2017027220
QWQ4CJD5,http://id.loc.gov/authorities/genreForms/gf2017027220.,Artists' books.,artists-books,http://id.loc.gov/authorities/genreForms/gf2017027220
QY9BJZNA,http://id.loc.gov/authorities/genreForms/gf2017027220.,Artists' books.,artists-books,http://id.loc.gov/authorities/genreForms/gf2017027220
R36SU4QS,http://id.loc.gov/authorities/genreForms/gf2017027220.,Artists' books.,artists-books,http://id.loc.gov/authorities/genreForms/gf2017027220
R3HHWFNG,http://id.loc.gov/authorities/genreForms/gf2017027220.,Artists' books.,artists-books,http://id.loc.gov/authorities/genreForms/gf2017027220
R6XXXWZD,http://id.loc.gov/authorities/genreForms/gf2017027220.,Artists' books.,artists-books,http://id.loc.gov/authorities/genreForms/gf2017027220
RC6MKG3H,http://id.loc.gov/authorities/genreForms/gf2017027220.,Artists' books.,artists-books,http://id.loc.gov/authorities/genreForms/gf2017027220
RCSBNLUB,http://id.loc.gov/authorities/genreForms/gf2017027220.,Artists' books.,artists-books,http://id.loc.gov/authorities/genreForms/gf2017027220
RCUYF69I,http://id.loc.gov/authorities/genreForms/gf2017027220.,Artists' books.,artists-books,http://id.loc.gov/authorities/genreForms/gf2017027220
RD5E288S,http://id.loc.gov/authorities/genreForms/gf2017027220.,Artists' books.,artists-books,http://id.loc.gov/authorities/genreForms/gf2017027220
RDPQWSUU,http://id.loc.gov/authorities/genreForms/gf2017027220.,Artists' books.,artists-books,http://id.loc.gov/authorities/genreForms/gf2017027220
REBBMGEZ,http://id.loc.gov/authorities/genreForms/gf2017027220.,Artists' books.,artists-books,http://id.loc.gov/authorities/genreForms/gf2017027220
RGC4SFT4,http://id.loc.gov/authorities/genreForms/gf2017027220.,Artists' books.,artists-books,http://id.loc.gov/authorities/genreForms/gf2017027220
RJYFLVRT,http://id.loc.gov/authorities/genreForms/gf2017027220.,Artists' books.,artists-books,http://id.loc.gov/authorities/genreForms/gf2017027220
RKL992ZG,http://id.loc.gov/authorities/genreForms/gf2017027220.,Artists' books.,artists-books,http://id.loc.gov/authorities/genreForms/gf2017027220
RKXCM4H5,http://id.loc.gov/authorities/genreForms/gf2017027220.,Artists' books.,artists-books,http://id.loc.gov/authorities/genreForms/gf2017027220
RN5DUW7Z,http://id.loc.gov/authorities/genreForms/gf2017027220.,Artists' books.,artists-books,http://id.loc.gov/authorities/genreForms/gf2017027220
RNWDT5TP,http://id.loc.gov/authorities/genreForms/gf2017027220.,Artists' books.,artists-books,http://id.loc.gov/authorities/genreForms/gf2017027220
RPXA9884,http://id.loc.gov/authorities/genreForms/gf2017027220.,Artists' books.,artists-books,http://id.loc.gov/authorities/genreForms/gf2017027220
RPZT3YPU,http://id.loc.gov/authorities/genreForms/gf2017027220.,Artists' books.,artists-books,http://id.loc.gov/authorities/genreForms/gf2017027220
RRAI2QGW,http://id.loc.gov/authorities/genreForms/gf2017027220.,Artists' books.,artists-books,http://id.loc.gov/authorities/genreForms/gf2017027220
RTI72K87,http://id.loc.gov/authorities/genreForms/gf2017027220.,Artists' books.,artists-books,http://id.loc.gov/authorities/genreForms/gf2017027220
RVXU6YUA,http://id.loc.gov/authorities/genreForms/gf2017027220.,Artists' books.,artists-books,http://id.loc.gov/authorities/genreForms/gf2017027220
RWP2WAWB,http://id.loc.gov/authorities/genreForms/gf2017027220.,Artists' books.,artists-books,http://id.loc.gov/authorities/genreForms/gf2017027220
RXUG5WSA,http://id.loc.gov/authorities/genreForms/gf2017027220.,Artists' books.,artists-books,http://id.loc.gov/authorities/genreForms/gf2017027220
RZ8UDGTW,http://id.loc.gov/authorities/genreForms/gf2017027220.,Artists' books.,artists-books,http://id.loc.gov/authorities/genreForms/gf2017027220
RZJCU349,http://id.loc.gov/authorities/genreForms/gf2017027220.,Artists' books.,artists-books,http://id.loc.gov/authorities/genreForms/gf2017027220
S2JZXXAA,http://id.loc.gov/authorities/genreForms/gf2017027220.,Artists' books.,artists-books,http://id.loc.gov/authorities/genreForms/gf2017027220
S2L9U7LF,http://id.loc.gov/authorities/genreForms/gf2017027220.,Artists' books.,artists-books,http://id.loc.gov/authorities/genreForms/gf2017027220
S2S73BHB,http://id.loc.gov/authorities/genreForms/gf2017027220.,Artists' books.,artists-books,http://id.loc.gov/authorities/genreForms/gf2017027220
S4QU9XAW,http://id.loc.gov/authorities/genreForms/gf2017027220.,Artists' books.,artists-books,http://id.loc.gov/authorities/genreForms/gf2017027220
S6JDHBSV,http://id.loc.gov/authorities/genreForms/gf2017027220.,Artists' books.,artists-books,http://id.loc.gov/authorities/genreForms/gf2017027220
S6WWFPS3,http://id.loc.gov/authorities/genreForms/gf2017027220.,Artists' books.,artists-books,http://id.loc.gov/authorities/genreForms/gf2017027220
S76VFE9W,http://id.loc.gov/authorities/genreForms/gf2017027220.,Artists' books.,artists-books,http://id.loc.gov/authorities/genreForms/gf2017027220
S9DHVFUU,http://id.loc.gov/authorities/genreForms/gf2017027220.,Artists' books.,artists-books,http://id.loc.gov/authorities/genreForms/gf2017027220
S9PVTQ8E,http://id.loc.gov/authorities/genreForms/gf2017027220.,Artists' books.,artists-books,http://id.loc.gov/authorities/genreForms/gf2017027220
SAUX797P,http://id.loc.gov/authorities/genreForms/gf2017027220.,Artists' books.,artists-books,http://id.loc.gov/authorities/genreForms/gf2017027220
SBRG6JV3,http://id.loc.gov/authorities/genreForms/gf2017027220.,Artists' books.,artists-books,http://id.loc.gov/authorities/genreForms/gf2017027220
SEIS97FS,http://id.loc.gov/authorities/genreForms/gf2017027220.,Artists' books.,artists-books,http://id.loc.gov/authorities/genreForms/gf2017027220
SERETVAK,http://id.loc.gov/authorities/genreForms/gf2017027220.,Artists' books.,artists-books,http://id.loc.gov/authorities/genreForms/gf2017027220
SEYVIISL,http://id.loc.gov/authorities/genreForms/gf2017027220.,Artists' books.,artists-books,http://id.loc.gov/authorities/genreForms/gf2017027220
SFSKTEUG,http://id.loc.gov/authorities/genreForms/gf2017027220.,Artists' books.,artists-books,http://id.loc.gov/authorities/genreForms/gf2017027220
SG4ZEWS8,http://id.loc.gov/authorities/genreForms/gf2017027220.,Artists' books.,artists-books,http://id.loc.gov/authorities/genreForms/gf2017027220
SGCKIGXG,http://id.loc.gov/authorities/genreForms/gf2017027220.,Artists' books.,artists-books,http://id.loc.gov/authorities/genreForms/gf2017027220
SHRS7HZI,http://id.loc.gov/authorities/genreForms/gf2017027220.,Artists' books.,artists-books,http://id.loc.gov/authorities/genreForms/gf2017027220
SHTFI2F4,http://id.loc.gov/authorities/genreForms/gf2017027220.,Artists' books.,artists-books,http://id.loc.gov/authorities/genreForms/gf2017027220
SIGA9FCB,http://id.loc.gov/authorities/genreForms/gf2017027220.,Artists' books.,artists-books,http://id.loc.gov/authorities/genreForms/gf2017027220
SIQU7G2G,http://id.loc.gov/authorities/genreForms/gf2017027220.,Artists' books.,artists-books,http://id.loc.gov/authorities/genreForms/gf2017027220
SJVYJYP4,http://id.loc.gov/authorities/genreForms/gf2017027220.,Artists' books.,artists-books,http://id.loc.gov/authorities/genreForms/gf2017027220
SLWSPHJH,http://id.loc.gov/authorities/genreForms/gf2017027220.,Artists' books.,artists-books,http://id.loc.gov/authorities/genreForms/gf2017027220
SN5C56PQ,http://id.loc.gov/authorities/genreForms/gf2017027220.,Artists' books.,artists-books,http://id.loc.gov/authorities/genreForms/gf2017027220
SS7XET8D,http://id.loc.gov/authorities/genreForms/gf2017027220.,Artists' books.,artists-books,http://id.loc.gov/authorities/genreForms/gf2017027220
STVQ9LNX,http://id.loc.gov/authorities/genreForms/gf2017027220.,Artists' books.,artists-books,http://id.loc.gov/authorities/genreForms/gf2017027220
SV2LB93R,http://id.loc.gov/authorities/genreForms/gf2017027220.,Artists' books.,artists-books,http://id.loc.gov/authorities/genreForms/gf2017027220
SWDJUVUJ,http://id.loc.gov/authorities/genreForms/gf2017027220.,Artists' books.,artists-books,http://id.loc.gov/authorities/genreForms/gf2017027220
SY5RIFMP,http://id.loc.gov/authorities/genreForms/gf2017027220.,Artists' books.,artists-books,http://id.loc.gov/authorities/genreForms/gf2017027220
SYJVWWUP,http://id.loc.gov/authorities/genreForms/gf2017027220.,Artists' books.,artists-books,http://id.loc.gov/authorities/genreForms/gf2017027220
T28EI6NT,http://id.loc.gov/authorities/genreForms/gf2017027220.,Artists' books.,artists-books,http://id.loc.gov/authorities/genreForms/gf2017027220
T3PHDMT2,http://id.loc.gov/authorities/genreForms/gf2017027220.,Artists' books.,artists-books,http://id.loc.gov/authorities/genreForms/gf2017027220
T57IJ64X,http://id.loc.gov/authorities/genreForms/gf2017027220.,Artists' books.,artists-books,http://id.loc.gov/authorities/genreForms/gf2017027220
T5K32G4A,http://id.loc.gov/authorities/genreForms/gf2017027220.,Artists' books.,artists-books,http://id.loc.gov/authorities/genreForms/gf2017027220
T5NFCYQV,http://id.loc.gov/authorities/genreForms/gf2017027220.,Artists' books.,artists-books,http://id.loc.gov/authorities/genreForms/gf2017027220
T6TNKG3X,http://id.loc.gov/authorities/genreForms/gf2017027220.,Artists' books.,artists-books,http://id.loc.gov/authorities/genreForms/gf2017027220
TB7MEV86,http://id.loc.gov/authorities/genreForms/gf2017027220.,Artists' books.,artists-books,http://id.loc.gov/authorities/genreForms/gf2017027220
TDCUTL4Y,http://id.loc.gov/authorities/genreForms/gf2017027220.,Artists' books.,artists-books,http://id.loc.gov/authorities/genreForms/gf2017027220
TFZNUIC7,http://id.loc.gov/authorities/genreForms/gf2017027220.,Artists' books.,artists-books,http://id.loc.gov/authorities/genreForms/gf2017027220
TGHPTK4F,http://id.loc.gov/authorities/genreForms/gf2017027220.,Artists' books.,artists-books,http://id.loc.gov/authorities/genreForms/gf2017027220
THA5852Y,http://id.loc.gov/authorities/genreForms/gf2017027220.,Artists' books.,artists-books,http://id.loc.gov/authorities/genreForms/gf2017027220
TJCR6CHC,http://id.loc.gov/authorities/genreForms/gf2017027220.,Artists' books.,artists-books,http://id.loc.gov/authorities/genreForms/gf2017027220
TJDANC88,http://id.loc.gov/authorities/genreForms/gf2017027220.,Artists' books.,artists-books,http://id.loc.gov/authorities/genreForms/gf2017027220
TLXYM3L5,http://id.loc.gov/authorities/genreForms/gf2017027220.,Artists' books.,artists-books,http://id.loc.gov/authorities/genreForms/gf2017027220
TRHP5M6A,http://id.loc.gov/authorities/genreForms/gf2017027220.,Artists' books.,artists-books,http://id.loc.gov/authorities/genreForms/gf2017027220
TRVPV4CJ,http://id.loc.gov/authorities/genreForms/gf2017027220.,Artists' books.,artists-books,http://id.loc.gov/authorities/genreForms/gf2017027220
TWKFNYE2,http://id.loc.gov/authorities/genreForms/gf2017027220.,Artists' books.,artists-books,http://id.loc.gov/authorities/genreForms/gf2017027220
TXCAX8PB,http://id.loc.gov/authorities/genreForms/gf2017027220.,Artists' books.,artists-books,http://id.loc.gov/authorities/genreForms/gf2017027220
U2QU4SM9,http://id.loc.gov/authorities/genreForms/gf2017027220.,Artists' books.,artists-books,http://id.loc.gov/authorities/genreForms/gf2017027220
U3MTCI8Z,http://id.loc.gov/authorities/genreForms/gf2017027220.,Artists' books.,artists-books,http://id.loc.gov/authorities/genreForms/gf2017027220
U5ALJUNN,http://id.loc.gov/authorities/genreForms/gf2017027220.,Artists' books.,artists-books,http://id.loc.gov/authorities/genreForms/gf2017027220
U6KMRMDG,http://id.loc.gov/authorities/genreForms/gf2017027220.,Artists' books.,artists-books,http://id.loc.gov/authorities/genreForms/gf2017027220
U6VVGN47,http://id.loc.gov/authorities/genreForms/gf2017027220.,Artists' books.,artists-books,http://id.loc.gov/authorities/genreForms/gf2017027220
U7JTK2GZ,http://id.loc.gov/authorities/genreForms/gf2017027220.,Artists' books.,artists-books,http://id.loc.gov/authorities/genreForms/gf2017027220
U892DIRP,http://id.loc.gov/authorities/genreForms/gf2017027220.,Artists' books.,artists-books,http://id.loc.gov/authorities/genreForms/gf2017027220
UAF28AG5,http://id.loc.gov/authorities/genreForms/gf2017027220.,Artists' books.,artists-books,http://id.loc.gov/authorities/genreForms/gf2017027220
UCTSXTP3,http://id.loc.gov/authorities/genreForms/gf2017027220.,Artists' books.,artists-books,http://id.loc.gov/authorities/genreForms/gf2017027220
UEZJUNBZ,http://id.loc.gov/authorities/genreForms/gf2017027220.,Artists' books.,artists-books,http://id.loc.gov/authorities/genreForms/gf2017027220
UG92TM6X,http://id.loc.gov/authorities/genreForms/gf2017027220.,Artists' books.,artists-books,http://id.loc.gov/authorities/genreForms/gf2017027220
UHGUWGUZ,http://id.loc.gov/authorities/genreForms/gf2017027220.,Artists' books.,artists-books,http://id.loc.gov/authorities/genreForms/gf2017027220
UHM6IPEL,http://id.loc.gov/authorities/genreForms/gf2017027220.,Artists' books.,artists-books,http://id.loc.gov/authorities/genreForms/gf2017027220
UI8JLRTB,http://id.loc.gov/authorities/genreForms/gf2017027220.,Artists' books.,artists-books,http://id.loc.gov/authorities/genreForms/gf2017027220
UIGDYJFL,http://id.loc.gov/authorities/genreForms/gf2017027220.,Artists' books.,artists-books,http://id.loc.gov/authorities/genreForms/gf2017027220
UIXK9R42,http://id.loc.gov/authorities/genreForms/gf2017027220.,Artists' books.,artists-books,http://id.loc.gov/authorities/genreForms/gf2017027220
UMK6A4YQ,http://id.loc.gov/authorities/genreForms/gf2017027220.,Artists' books.,artists-books,http://id.loc.gov/authorities/genreForms/gf2017027220
URGF5WQN,http://id.loc.gov/authorities/genreForms/gf2017027220.,Artists' books.,artists-books,http://id.loc.gov/authorities/genreForms/gf2017027220
URPYB2MG,http://id.loc.gov/authorities/genreForms/gf2017027220.,Artists' books.,artists-books,http://id.loc.gov/authorities/genreForms/gf2017027220
USFF56BD,http://id.loc.gov/authorities/genreForms/gf2017027220.,Artists' books.,artists-books,http://id.loc.gov/authorities/genreForms/gf2017027220
UVYHYECG,http://id.loc.gov/authorities/genreForms/gf2017027220.,Artists' books.,artists-books,http://id.loc.gov/authorities/genreForms/gf2017027220
UWRH5RMK,http://id.loc.gov/authorities/genreForms/gf2017027220.,Artists' books.,artists-books,http://id.loc.gov/authorities/genreForms/gf2017027220
UZ8WXUCG,http://id.loc.gov/authorities/genreForms/gf2017027220.,Artists' books.,artists-books,http://id.loc.gov/authorities/genreForms/gf2017027220
V2JCB6GV,http://id.loc.gov/authorities/genreForms/gf2017027220.,Artists' books.,artists-books,http://id.loc.gov/authorities/genreForms/gf2017027220
V5GBKC3Z,http://id.loc.gov/authorities/genreForms/gf2017027220.,Artists' books.,artists-books,http://id.loc.gov/authorities/genreForms/gf2017027220
V5XVCRM6,http://id.loc.gov/authorities/genreForms/gf2017027220.,Artists' books.,artists-books,http://id.loc.gov/authorities/genreForms/gf2017027220
V6G2QZ22,http://id.loc.gov/authorities/genreForms/gf2017027220.,Artists' books.,artists-books,http://id.loc.gov/authorities/genreForms/gf2017027220
V8GA3YS9,http://id.loc.gov/authorities/genreForms/gf2017027220.,Artists' books.,artists-books,http://id.loc.gov/authorities/genreForms/gf2017027220
V8GI9NAU,http://id.loc.gov/authorities/genreForms/gf2017027220.,Artists' books.,artists-books,http://id.loc.gov/authorities/genreForms/gf2017027220
VDUDK9C2,http://id.loc.gov/authorities/genreForms/gf2017027220.,Artists' books.,artists-books,http://id.loc.gov/authorities/genreForms/gf2017027220
VDZ3BPCC,http://id.loc.gov/authorities/genreForms/gf2017027220.,Artists' books.,artists-books,http://id.loc.gov/authorities/genreForms/gf2017027220
VGUG34G9,http://id.loc.gov/authorities/genreForms/gf2017027220.,Artists' books.,artists-books,http://id.loc.gov/authorities/genreForms/gf2017027220
VGY3674K,http://id.loc.gov/authorities/genreForms/gf2017027220.,Artists' books.,artists-books,http://id.loc.gov/authorities/genreForms/gf2017027220
VH5MGEBA,http://id.loc.gov/authorities/genreForms/gf2017027220.,Artists' books.,artists-books,http://id.loc.gov/authorities/genreForms/gf2017027220
VIH8XP3C,http://id.loc.gov/authorities/genreForms/gf2017027220.,Artists' books.,artists-books,http://id.loc.gov/authorities/genreForms/gf2017027220
VKRNHAGI,http://id.loc.gov/authorities/genreForms/gf2017027220.,Artists' books.,artists-books,http://id.loc.gov/authorities/genreForms/gf2017027220
VKWNTXMD,http://id.loc.gov/authorities/genreForms/gf2017027220.,Artists' books.,artists-books,http://id.loc.gov/authorities/genreForms/gf2017027220
VL6TMD6F,http://id.loc.gov/authorities/genreForms/gf2017027220.,Artists' books.,artists-books,http://id.loc.gov/authorities/genreForms/gf2017027220
VLPQMQ8S,http://id.loc.gov/authorities/genreForms/gf2017027220.,Artists' books.,artists-books,http://id.loc.gov/authorities/genreForms/gf2017027220
VN89TZBV,http://id.loc.gov/authorities/genreForms/gf2017027220.,Artists' books.,artists-books,http://id.loc.gov/authorities/genreForms/gf2017027220
VRZWGZVX,http://id.loc.gov/authorities/genreForms/gf2017027220.,Artists' books.,artists-books,http://id.loc.gov/authorities/genreForms/gf2017027220
VT833RRH,http://id.loc.gov/authorities/genreForms/gf2017027220.,Artists' books.,artists-books,http://id.loc.gov/authorities/genreForms/gf2017027220
VVJYRH58,http://id.loc.gov/authorities/genreForms/gf2017027220.,Artists' books.,artists-books,http://id.loc.gov/authorities/genreForms/gf2017027220
VVKM5K5N,http://id.loc.gov/authorities/genreForms/gf2017027220.,Artists' books.,artists-books,http://id.loc.gov/authorities/genreForms/gf2017027220
VVTUGTLE,http://id.loc.gov/authorities/genreForms/gf2017027220.,Artists' books.,artists-books,http://id.loc.gov/authorities/genreForms/gf2017027220
VVVDQ639,http://id.loc.gov/authorities/genreForms/gf2017027220.,Artists' books.,artists-books,http://id.loc.gov/authorities/genreForms/gf2017027220
VVVUWM84,http://id.loc.gov/authorities/genreForms/gf2017027220.,Artists' books.,artists-books,http://id.loc.gov/authorities/genreForms/gf2017027220
VVY2VVZ4,http://id.loc.gov/authorities/genreForms/gf2017027220.,Artists' books.,artists-books,http://id.loc.gov/authorities/genreForms/gf2017027220
VWFQ3345,http://id.loc.gov/authorities/genreForms/gf2017027220.,Artists' books.,artists-books,http://id.loc.gov/authorities/genreForms/gf2017027220
VWUVP8J2,http://id.loc.gov/authorities/genreForms/gf2017027220.,Artists' books.,artists-books,http://id.loc.gov/authorities/genreForms/gf2017027220
VXKNIGB6,http://id.loc.gov/authorities/genreForms/gf2017027220.,Artists' books.,artists-books,http://id.loc.gov/authorities/genreForms/gf2017027220
W3LDEBSB,http://id.loc.gov/authorities/genreForms/gf2017027220.,Artists' books.,artists-books,http://id.loc.gov/authorities/genreForms/gf2017027220
W48KLTKW,http://id.loc.gov/authorities/genreForms/gf2017027220.,Artists' books.,artists-books,http://id.loc.gov/authorities/genreForms/gf2017027220
W4A4UHJH,http://id.loc.gov/authorities/genreForms/gf2017027220.,Artists' books.,artists-books,http://id.loc.gov/authorities/genreForms/gf2017027220
W53AH9P7,http://id.loc.gov/authorities/genreForms/gf2017027220.,Artists' books.,artists-books,http://id.loc.gov/authorities/genreForms/gf2017027220
W6FUD4ZB,http://id.loc.gov/authorities/genreForms/gf2017027220.,Artists' books.,artists-books,http://id.loc.gov/authorities/genreForms/gf2017027220
W7IJRR82,http://id.loc.gov/authorities/genreForms/gf2017027220.,Artists' books.,artists-books,http://id.loc.gov/authorities/genreForms/gf2017027220
W7Z7GYMG,http://id.loc.gov/authorities/genreForms/gf2017027220.,Artists' books.,artists-books,http://id.loc.gov/authorities/genreForms/gf2017027220
W8CEVX5V,http://id.loc.gov/authorities/genreForms/gf2017027220.,Artists' books.,artists-books,http://id.loc.gov/authorities/genreForms/gf2017027220
W9YUT4CF,http://id.loc.gov/authorities/genreForms/gf2017027220.,Artists' books.,artists-books,http://id.loc.gov/authorities/genreForms/gf2017027220
WALLULYV,http://id.loc.gov/authorities/genreForms/gf2017027220.,Artists' books.,artists-books,http://id.loc.gov/authorities/genreForms/gf2017027220
WBH8EX4S,http://id.loc.gov/authorities/genreForms/gf2017027220.,Artists' books.,artists-books,http://id.loc.gov/authorities/genreForms/gf2017027220
WBM7HLVH,http://id.loc.gov/authorities/genreForms/gf2017027220.,Artists' books.,artists-books,http://id.loc.gov/authorities/genreForms/gf2017027220
WDBVDSH6,http://id.loc.gov/authorities/genreForms/gf2017027220.,Artists' books.,artists-books,http://id.loc.gov/authorities/genreForms/gf2017027220
WDD87XPC,http://id.loc.gov/authorities/genreForms/gf2017027220.,Artists' books.,artists-books,http://id.loc.gov/authorities/genreForms/gf2017027220
WDITEMDJ,http://id.loc.gov/authorities/genreForms/gf2017027220.,Artists' books.,artists-books,http://id.loc.gov/authorities/genreForms/gf2017027220
WEBBPJRM,http://id.loc.gov/authorities/genreForms/gf2017027220.,Artists' books.,artists-books,http://id.loc.gov/authorities/genreForms/gf2017027220
WJKYKWV9,http://id.loc.gov/authorities/genreForms/gf2017027220.,Artists' books.,artists-books,http://id.loc.gov/authorities/genreForms/gf2017027220
WKPH2VG8,http://id.loc.gov/authorities/genreForms/gf2017027220.,Artists' books.,artists-books,http://id.loc.gov/authorities/genreForms/gf2017027220
WL9HTHU6,http://id.loc.gov/authorities/genreForms/gf2017027220.,Artists' books.,artists-books,http://id.loc.gov/authorities/genreForms/gf2017027220
WNYTGTH7,http://id.loc.gov/authorities/genreForms/gf2017027220.,Artists' books.,artists-books,http://id.loc.gov/authorities/genreForms/gf2017027220
WQ458CVM,http://id.loc.gov/authorities/genreForms/gf2017027220.,Artists' books.,artists-books,http://id.loc.gov/authorities/genreForms/gf2017027220
WRNYAPQQ,http://id.loc.gov/authorities/genreForms/gf2017027220.,Artists' books.,artists-books,http://id.loc.gov/authorities/genreForms/gf2017027220
WSZILAFT,http://id.loc.gov/authorities/genreForms/gf2017027220.,Artists' books.,artists-books,http://id.loc.gov/authorities/genreForms/gf2017027220
WT67GABW,http://id.loc.gov/authorities/genreForms/gf2017027220.,Artists' books.,artists-books,http://id.loc.gov/authorities/genreForms/gf2017027220
WU9LKNLW,http://id.loc.gov/authorities/genreForms/gf2017027220.,Artists' books.,artists-books,http://id.loc.gov/authorities/genreForms/gf2017027220
WUC8KKIX,http://id.loc.gov/authorities/genreForms/gf2017027220.,Artists' books.,artists-books,http://id.loc.gov/authorities/genreForms/gf2017027220
WV3JFTJ3,http://id.loc.gov/authorities/genreForms/gf2017027220.,Artists' books.,artists-books,http://id.loc.gov/authorities/genreForms/gf2017027220
WXHZR4P5,http://id.loc.gov/authorities/genreForms/gf2017027220.,Artists' books.,artists-books,http://id.loc.gov/authorities/genreForms/gf2017027220
WXYMV79K,http://id.loc.gov/authorities/genreForms/gf2017027220.,Artists' books.,artists-books,http://id.loc.gov/authorities/genreForms/gf2017027220
WYK398PF,http://id.loc.gov/authorities/genreForms/gf2017027220.,Artists' books.,artists-books,http://id.loc.gov/authorities/genreForms/gf2017027220
WYSDPMHP,http://id.loc.gov/authorities/genreForms/gf2017027220.,Artists' books.,artists-books,http://id.loc.gov/authorities/genreForms/gf2017027220
X52EXFBT,http://id.loc.gov/authorities/genreForms/gf2017027220.,Artists' books.,artists-books,http://id.loc.gov/authorities/genreForms/gf2017027220
X6BXZXIF,http://id.loc.gov/authorities/genreForms/gf2017027220.,Artists' books.,artists-books,http://id.loc.gov/authorities/genreForms/gf2017027220
X79CB8BP,http://id.loc.gov/authorities/genreForms/gf2017027220.,Artists' books.,artists-books,http://id.loc.gov/authorities/genreForms/gf2017027220
X8LKY6MI,http://id.loc.gov/authorities/genreForms/gf2017027220.,Artists' books.,artists-books,http://id.loc.gov/authorities/genreForms/gf2017027220
X9FJLQ27,http://id.loc.gov/authorities/genreForms/gf2017027220.,Artists' books.,artists-books,http://id.loc.gov/authorities/genreForms/gf2017027220
XCFZA4Z7,http://id.loc.gov/authorities/genreForms/gf2017027220.,Artists' books.,artists-books,http://id.loc.gov/authorities/genreForms/gf2017027220
XCSC2N87,http://id.loc.gov/authorities/genreForms/gf2017027220.,Artists' books.,artists-books,http://id.loc.gov/authorities/genreForms/gf2017027220
XDL8DE2V,http://id.loc.gov/authorities/genreForms/gf2017027220.,Artists' books.,artists-books,http://id.loc.gov/authorities/genreForms/gf2017027220
XFQMFX5K,http://id.loc.gov/authorities/genreForms/gf2017027220.,Artists' books.,artists-books,http://id.loc.gov/authorities/genreForms/gf2017027220
XG34DC37,http://id.loc.gov/authorities/genreForms/gf2017027220.,Artists' books.,artists-books,http://id.loc.gov/authorities/genreForms/gf2017027220
XGPQU7KI,http://id.loc.gov/authorities/genreForms/gf2017027220.,Artists' books.,artists-books,http://id.loc.gov/authorities/genreForms/gf2017027220
XGSQQADE,http://id.loc.gov/authorities/genreForms/gf2017027220.,Artists' books.,artists-books,http://id.loc.gov/authorities/genreForms/gf2017027220
XJ3X468K,http://id.loc.gov/authorities/genreForms/gf2017027220.,Artists' books.,artists-books,http://id.loc.gov/authorities/genreForms/gf2017027220
XJ6TNJSP,http://id.loc.gov/authorities/genreForms/gf2017027220.,Artists' books.,artists-books,http://id.loc.gov/authorities/genreForms/gf2017027220
XKE4K3W7,http://id.loc.gov/authorities/genreForms/gf2017027220.,Artists' books.,artists-books,http://id.loc.gov/authorities/genreForms/gf2017027220
XKGNRICF,http://id.loc.gov/authorities/genreForms/gf2017027220.,Artists' books.,artists-books,http://id.loc.gov/authorities/genreForms/gf2017027220
XL5ECVPF,http://id.loc.gov/authorities/genreForms/gf2017027220.,Artists' books.,artists-books,http://id.loc.gov/authorities/genreForms/gf2017027220
XL6Z9KSL,http://id.loc.gov/authorities/genreForms/gf2017027220.,Artists' books.,artists-books,http://id.loc.gov/authorities/genreForms/gf2017027220
XLU2WEKP,http://id.loc.gov/authorities/genreForms/gf2017027220.,Artists' books.,artists-books,http://id.loc.gov/authorities/genreForms/gf2017027220
XMMENB8R,http://id.loc.gov/authorities/genreForms/gf2017027220.,Artists' books.,artists-books,http://id.loc.gov/authorities/genreForms/gf2017027220
XMWXAQ8G,http://id.loc.gov/authorities/genreForms/gf2017027220.,Artists' books.,artists-books,http://id.loc.gov/authorities/genreForms/gf2017027220
XN5IQDI6,http://id.loc.gov/authorities/genreForms/gf2017027220.,Artists' books.,artists-books,http://id.loc.gov/authorities/genreForms/gf2017027220
XNH2F8EB,http://id.loc.gov/authorities/genreForms/gf2017027220.,Artists' books.,artists-books,http://id.loc.gov/authorities/genreForms/gf2017027220
XP8YFKPR,http://id.loc.gov/authorities/genreForms/gf2017027220.,Artists' books.,artists-books,http://id.loc.gov/authorities/genreForms/gf2017027220
XP9M2U3Q,http://id.loc.gov/authorities/genreForms/gf2017027220.,Artists' books.,artists-books,http://id.loc.gov/authorities/genreForms/gf2017027220
XPV8EM77,http://id.loc.gov/authorities/genreForms/gf2017027220.,Artists' books.,artists-books,http://id.loc.gov/authorities/genreForms/gf2017027220
XS8JUKLN,http://id.loc.gov/authorities/genreForms/gf2017027220.,Artists' books.,artists-books,http://id.loc.gov/authorities/genreForms/gf2017027220
XTJAJ37U,http://id.loc.gov/authorities/genreForms/gf2017027220.,Artists' books.,artists-books,http://id.loc.gov/authorities/genreForms/gf2017027220
XUXNQB4J,http://id.loc.gov/authorities/genreForms/gf2017027220.,Artists' books.,artists-books,http://id.loc.gov/authorities/genreForms/gf2017027220
XVFFMZT2,http://id.loc.gov/authorities/genreForms/gf2017027220.,Artists' books.,artists-books,http://id.loc.gov/authorities/genreForms/gf2017027220
XYG4SPBI,http://id.loc.gov/authorities/genreForms/gf2017027220.,Artists' books.,artists-books,http://id.loc.gov/authorities/genreForms/gf2017027220
XYWFSLL2,http://id.loc.gov/authorities/genreForms/gf2017027220.,Artists' books.,artists-books,http://id.loc.gov/authorities/genreForms/gf2017027220
Y2MQKHFR,http://id.loc.gov/authorities/genreForms/gf2017027220.,Artists' books.,artists-books,http://id.loc.gov/authorities/genreForms/gf2017027220
Y5RUXGXN,http://id.loc.gov/authorities/genreForms/gf2017027220.,Artists' books.,artists-books,http://id.loc.gov/authorities/genreForms/gf2017027220
Y6EVGAKE,http://id.loc.gov/authorities/genreForms/gf2017027220.,Artists' books.,artists-books,http://id.loc.gov/authorities/genreForms/gf2017027220
Y6WQSNVH,http://id.loc.gov/authorities/genreForms/gf2017027220.,Artists' books.,artists-books,http://id.loc.gov/authorities/genreForms/gf2017027220
Y8V82NEI,http://id.loc.gov/authorities/genreForms/gf2017027220.,Artists' books.,artists-books,http://id.loc.gov/authorities/genreForms/gf2017027220
YAVC2X7V,http://id.loc.gov/authorities/genreForms/gf2017027220.,Artists' books.,artists-books,http://id.loc.gov/authorities/genreForms/gf2017027220
YCBUFLK2,http://id.loc.gov/authorities/genreForms/gf2017027220.,Artists' books.,artists-books,http://id.loc.gov/authorities/genreForms/gf2017027220
YEQEKP79,http://id.loc.gov/authorities/genreForms/gf2017027220.,Artists' books.,artists-books,http://id.loc.gov/authorities/genreForms/gf2017027220
YFL65QCK,http://id.loc.gov/authorities/genreForms/gf2017027220.,Artists' books.,artists-books,http://id.loc.gov/authorities/genreForms/gf2017027220
YHJSU6FI,http://id.loc.gov/authorities/genreForms/gf2017027220.,Artists' books.,artists-books,http://id.loc.gov/authorities/genreForms/gf2017027220
YITEDFE2,http://id.loc.gov/authorities/genreForms/gf2017027220.,Artists' books.,artists-books,http://id.loc.gov/authorities/genreForms/gf2017027220
YJX3D7TH,http://id.loc.gov/authorities/genreForms/gf2017027220.,Artists' books.,artists-books,http://id.loc.gov/authorities/genreForms/gf2017027220
YJYX5S6P,http://id.loc.gov/authorities/genreForms/gf2017027220.,Artists' books.,artists-books,http://id.loc.gov/authorities/genreForms/gf2017027220
YJZNQ94S,http://id.loc.gov/authorities/genreForms/gf2017027220.,Artists' books.,artists-books,http://id.loc.gov/authorities/genreForms/gf2017027220
YKLIS4G8,http://id.loc.gov/authorities/genreForms/gf2017027220.,Artists' books.,artists-books,http://id.loc.gov/authorities/genreForms/gf2017027220
YM7KRFGQ,http://id.loc.gov/authorities/genreForms/gf2017027220.,Artists' books.,artists-books,http://id.loc.gov/authorities/genreForms/gf2017027220
YNQJLSJE,http://id.loc.gov/authorities/genreForms/gf2017027220.,Artists' books.,artists-books,http://id.loc.gov/authorities/genreForms/gf2017027220
YQI24LZV,http://id.loc.gov/authorities/genreForms/gf2017027220.,Artists' books.,artists-books,http://id.loc.gov/authorities/genreForms/gf2017027220
YS5ULT2U,http://id.loc.gov/authorities/genreForms/gf2017027220.,Artists' books.,artists-books,http://id.loc.gov/authorities/genreForms/gf2017027220
YU2H7YY5,http://id.loc.gov/authorities/genreForms/gf2017027220.,Artists' books.,artists-books,http://id.loc.gov/authorities/genreForms/gf2017027220
YV3XHZFQ,http://id.loc.gov/authorities/genreForms/gf2017027220.,Artists' books.,artists-books,http://id.loc.gov/authorities/genreForms/gf2017027220
YW4DQEJ3,http://id.loc.gov/authorities/genreForms/gf2017027220.,Artists' books.,artists-books,http://id.loc.gov/authorities/genreForms/gf2017027220
YWB3954W,http://id.loc.gov/authorities/genreForms/gf2017027220.,Artists' books.,artists-books,http://id.loc.gov/authorities/genreForms/gf2017027220
YX3HQ4UN,http://id.loc.gov/authorities/genreForms/gf2017027220.,Artists' books.,artists-books,http://id.loc.gov/authorities/genreForms/gf2017027220
YX7BXEWX,http://id.loc.gov/authorities/genreForms/gf2017027220.,Artists' books.,artists-books,http://id.loc.gov/authorities/genreForms/gf2017027220
YXEKQRRM,http://id.loc.gov/authorities/genreForms/gf2017027220.,Artists' books.,artists-books,http://id.loc.gov/authorities/genreForms/gf2017027220
YXLZZIW6,http://id.loc.gov/authorities/genreForms/gf2017027220.,Artists' books.,artists-books,http://id.loc.gov/authorities/genreForms/gf2017027220
YZ2PU6X5,http://id.loc.gov/authorities/genreForms/gf2017027220.,Artists' books.,artists-books,http://id.loc.gov/authorities/genreForms/gf2017027220
Z3TC8IEP,http://id.loc.gov/authorities/genreForms/gf2017027220.,Artists' books.,artists-books,http://id.loc.gov/authorities/genreForms/gf2017027220
Z4XKV44W,http://id.loc.gov/authorities/genreForms/gf2017027220.,Artists' books.,artists-books,http://id.loc.gov/authorities/genreForms/gf2017027220
ZB5QETPU,http://id.loc.gov/authorities/genreForms/gf2017027220.,Artists' books.,artists-books,http://id.loc.gov/authorities/genreForms/gf2017027220
ZBY9BGV2,http://id.loc.gov/authorities/genreForms/gf2017027220.,Artists' books.,artists-books,http://id.loc.gov/authorities/genreForms/gf2017027220
ZC6PGQMG,http://id.loc.gov/authorities/genreForms/gf2017027220.,Artists' books.,artists-books,http://id.loc.gov/authorities/genreForms/gf2017027220
ZCRKMD8B,http://id.loc.gov/authorities/genreForms/gf2017027220.,Artists' books.,artists-books,http://id.loc.gov/authorities/genreForms/gf2017027220
ZDSR96LN,http://id.loc.gov/authorities/genreForms/gf2017027220.,Artists' books.,artists-books,http://id.loc.gov/authorities/genreForms/gf2017027220
ZEIL2M3R,http://id.loc.gov/authorities/genreForms/gf2017027220.,Artists' books.,artists-books,http://id.loc.gov/authorities/genreForms/gf2017027220
ZF3UJ73X,http://id.loc.gov/authorities/genreForms/gf2017027220.,Artists' books.,artists-books,http://id.loc.gov/authorities/genreForms/gf2017027220
ZF6MS5B8,http://id.loc.gov/authorities/genreForms/gf2017027220.,Artists' books.,artists-books,http://id.loc.gov/authorities/genreForms/gf2017027220
ZFXFXB83,http://id.loc.gov/authorities/genreForms/gf2017027220.,Artists' books.,artists-books,http://id.loc.gov/authorities/genreForms/gf2017027220
ZGM5YC4Y,http://id.loc.gov/authorities/genreForms/gf2017027220.,Artists' books.,artists-books,http://id.loc.gov/authorities/genreForms/gf2017027220
ZH3R9PQF,http://id.loc.gov/authorities/genreForms/gf2017027220.,Artists' books.,artists-books,http://id.loc.gov/authorities/genreForms/gf2017027220
ZIKLIUXS,http://id.loc.gov/authorities/genreForms/gf2017027220.,Artists' books.,artists-books,http://id.loc.gov/authorities/genreForms/gf2017027220
ZJMUWHNM,http://id.loc.gov/authorities/genreForms/gf2017027220.,Artists' books.,artists-books,http://id.loc.gov/authorities/genreForms/gf2017027220
ZKXXG9FB,http://id.loc.gov/authorities/genreForms/gf2017027220.,Artists' books.,artists-books,http://id.loc.gov/authorities/genreForms/gf2017027220
ZLF4BX44,http://id.loc.gov/authorities/genreForms/gf2017027220.,Artists' books.,artists-books,http://id.loc.gov/authorities/genreForms/gf2017027220
ZLY2F2LB,http://id.loc.gov/authorities/genreForms/gf2017027220.,Artists' books.,artists-books,http://id.loc.gov/authorities/genreForms/gf2017027220
ZMV6ZMWC,http://id.loc.gov/authorities/genreForms/gf2017027220.,Artists' books.,artists-books,http://id.loc.gov/authorities/genreForms/gf2017027220
ZNYNAY55,http://id.loc.gov/authorities/genreForms/gf2017027220.,Artists' books.,artists-books,http://id.loc.gov/authorities/genreForms/gf2017027220
ZNZHIV6Q,http://id.loc.gov/authorities/genreForms/gf2017027220.,Artists' books.,artists-books,http://id.loc.gov/authorities/genreForms/gf2017027220
ZQ65SDKJ,http://id.loc.gov/authorities/genreForms/gf2017027220.,Artists' books.,artists-books,http://id.loc.gov/authorities/genreForms/gf2017027220
ZRUCQW6Z,http://id.loc.gov/authorities/genreForms/gf2017027220.,Artists' books.,artists-books,http://id.loc.gov/authorities/genreForms/gf2017027220
ZSFLC9BC,http://id.loc.gov/authorities/genreForms/gf2017027220.,Artists' books.,artists-books,http://id.loc.gov/authorities/genreForms/gf2017027220
ZSIHGLFW,http://id.loc.gov/authorities/genreForms/gf2017027220.,Artists' books.,artists-books,http://id.loc.gov/authorities/genreForms/gf2017027220
ZTWYAIES,http://id.loc.gov/authorities/genreForms/gf2017027220.,Artists' books.,artists-books,http://id.loc.gov/authorities/genreForms/gf2017027220
ZU4KHA9D,http://id.loc.gov/authorities/genreForms/gf2017027220.,Artists' books.,artists-books,http://id.loc.gov/authorities/genreForms/gf2017027220
ZV2B9FCC,http://id.loc.gov/authorities/genreForms/gf2017027220.,Artists' books.,artists-books,http://id.loc.gov/authorities/genreForms/gf2017027220
ZVZEXSPQ,http://id.loc.gov/authorities/genreForms/gf2017027220.,Artists' books.,artists-books,http://id.loc.gov/authorities/genreForms/gf2017027220
ZW723DS9,http://id.loc.gov/authorities/genreForms/gf2017027220.,Artists' books.,artists-books,http://id.loc.gov/authorities/genreForms/gf2017027220
ZWZ8TWIM,http://id.loc.gov/authorities/genreForms/gf2017027220.,Artists' books.,artists-books,http://id.loc.gov/authorities/genreForms/gf2017027220
ZXYGRPTZ,http://id.loc.gov/authorities/genreForms/gf2017027220.,Artists' books.,artists-books,http://id.loc.gov/authorities/genreForms/gf2017027220
ZYS8GMX2,http://id.loc.gov/authorities/genreForms/gf2017027220.,Artists' books.,artists-books,http://id.loc.gov/authorities/genreForms/gf2017027220
ZZ3NUSXD,http://id.loc.gov/authorities/genreForms/gf2017027220.,Artists' books.,artists-books,http://id.loc.gov/authorities/genreForms/gf2017027220
QJ4TC2ID,http://id.loc.gov/authorities/genreForms/gf2017027227.,Collages.,collages,http://id.loc.gov/authorities/genreForms/gf2017027227
923BKGSE,http://id.loc.gov/authorities/genreForms/gf2017027230,Documentary photographs.,documentary-photographs,http://id.loc.gov/authorities/genreForms/gf2017027230
QJ4TC2ID,http://id.loc.gov/authorities/genreForms/gf2017027230.,Documentary photographs.,documentary-photographs,http://id.loc.gov/authorities/genreForms/gf2017027230
YZ2PU6X5,http://id.loc.gov/authorities/genreForms/gf2017027240.,Linocuts.,linocuts,http://id.loc.gov/authorities/genreForms/gf2017027240
7DW84IIA,http://id.loc.gov/authorities/genreForms/gf2017027241.,Lithographs.,lithographs,http://id.loc.gov/authorities/genreForms/gf2017027241
3VSHA9S5,http://id.loc.gov/authorities/genreForms/gf2017027251.,Pictures.,pictures,http://id.loc.gov/authorities/genreForms/gf2017027251
7NHCK9MP,http://id.loc.gov/authorities/genreForms/gf2017027251.,Pictures.,pictures,http://id.loc.gov/authorities/genreForms/gf2017027251
D4TCQSJE,http://id.loc.gov/authorities/genreForms/gf2017027251.,Pictures.,pictures,http://id.loc.gov/authorities/genreForms/gf2017027251
U5ALJUNN,http://id.loc.gov/authorities/genreForms/gf2017027251.,Pictures.,pictures,http://id.loc.gov/authorities/genreForms/gf2017027251
YAVC2X7V,http://id.loc.gov/authorities/genreForms/gf2017027251.,Pictures.,pictures,http://id.loc.gov/authorities/genreForms/gf2017027251
ZTWYAIES,http://id.loc.gov/authorities/genreForms/gf2017027251.,Pictures.,pictures,http://id.loc.gov/authorities/genreForms/gf2017027251
XJ3X468K,http://id.loc.gov/authorities/genreForms/gf2017027252.,Playing cards.,playing-cards,http://id.loc.gov/authorities/genreForms/gf2017027252
Q63JTAT9,http://id.loc.gov/authorities/genreForms/gf2017027256.,Relief prints.,relief-prints,http://id.loc.gov/authorities/genreForms/gf2017027256
7DW84IIA,http://id.loc.gov/authorities/genreForms/gf2017027258.,Screen prints.,screen-prints,http://id.loc.gov/authorities/genreForms/gf2017027258
6QEXTM4R,http://id.loc.gov/authorities/genreForms/gf2017027262.,Sketchbooks.,sketchbooks,http://id.loc.gov/authorities/genreForms/gf2017027262
AGU78B2Q,http://id.loc.gov/authorities/genreForms/gf2017027262.,Sketchbooks.,sketchbooks,http://id.loc.gov/authorities/genreForms/gf2017027262
E2VYXNX7,http://id.loc.gov/authorities/genreForms/gf2017027262.,Sketchbooks.,sketchbooks,http://id.loc.gov/authorities/genreForms/gf2017027262
XJ6TNJSP,http://id.loc.gov/authorities/genreForms/gf2017027269.,Woodcuts.,woodcuts,http://id.loc.gov/authorities/genreForms/gf2017027269
LPBXAJKC,http://id.loc.gov/authorities/genreForms/gf2018026002.,Gay poetry.,gay-poetry,http://id.loc.gov/authorities/genreForms/gf2018026002
3T953P55,http://id.loc.gov/authorities/genreForms/gf2020026003.,Alphabet books.,alphabet-books,http://id.loc.gov/authorities/genreForms/gf2020026003
H3PKBBDY,http://id.loc.gov/authorities/genreForms/gf2022026082.,Accordion fold books.,accordion-fold-books,http://id.loc.gov/authorities/genreForms/gf2022026082
KJS25GIV,http://id.loc.gov/authorities/genreForms/gf2022026082.,Accordion fold books.,accordion-fold-books,http://id.loc.gov/authorities/genreForms/gf2022026082
S2S73BHB,http://id.loc.gov/authorities/genreForms/gf2022026082.,Accordion fold books.,accordion-fold-books,http://id.loc.gov/authorities/genreForms/gf2022026082
X492IQGW,http://id.loc.gov/authorities/genreForms/gf2025026022,Translations.,translations,http://id.loc.gov/authorities/genreForms/gf2025026022
KL4S8PQK,http://id.loc.gov/authorities/subjects/gf2017027220,Artists' books,artists-books,http://id.loc.gov/authorities/subjects/gf2017027220
3Z5G7U57,http://id.loc.gov/authorities/subjects/gf2017027220,Artists' books.,artists-books,http://id.loc.gov/authorities/subjects/gf2017027220
WPK6I4RN,http://id.loc.gov/authorities/subjects/sh85008302,Artists' books.,artists-books,http://id.loc.gov/authorities/subjects/sh85008302
7N9JFIBY,http://id.loc.gov/authorities/subjects/sh85008302.,Artists' books.,artists-books,http://id.loc.gov/authorities/subjects/sh85008302
98RICN3S,http://id.loc.gov/authorities/subjects/sh85008302.,Artists' books.,artists-books,http://id.loc.gov/authorities/subjects/sh85008302
2DZL4S9B,http://id.loc.gov/vocabulary/rbmscv/cv00024.,Accordion fold format.,accordion-fold-format,http://id.loc.gov/vocabulary/rbmscv/cv00024
2NGLAAYW,http://id.loc.gov/vocabulary/rbmscv/cv00024.,Accordion fold format.,accordion-fold-format,http://id.loc.gov/vocabulary/rbmscv/cv00024
367HVISM,http://id.loc.gov/vocabulary/rbmscv/cv00024.,Accordion fold format.,accordion-fold-format,http://id.loc.gov/vocabulary/rbmscv/cv00024
3MWNMK26,http://id.loc.gov/vocabulary/rbmscv/cv00024.,Accordion fold format.,accordion-fold-format,http://id.loc.gov/vocabulary/rbmscv/cv00024
3WR42HL9,http://id.loc.gov/vocabulary/rbmscv/cv00024.,Accordion fold format.,accordion-fold-format,http://id.loc.gov/vocabulary/rbmscv/cv00024
3ZP4QHUA,http://id.loc.gov/vocabulary/rbmscv/cv00024.,Accordion fold format.,accordion-fold-format,http://id.loc.gov/vocabulary/rbmscv/cv00024
48AHMBTH,http://id.loc.gov/vocabulary/rbmscv/cv00024.,Accordion fold format.,accordion-fold-format,http://id.loc.gov/vocabulary/rbmscv/cv00024
4VQMM7CD,http://id.loc.gov/vocabulary/rbmscv/cv00024.,Accordion fold format.,accordion-fold-format,http://id.loc.gov/vocabulary/rbmscv/cv00024
658XBXEA,http://id.loc.gov/vocabulary/rbmscv/cv00024.,Accordion fold format.,accordion-fold-format,http://id.loc.gov/vocabulary/rbmscv/cv00024
6D565KJB,http://id.loc.gov/vocabulary/rbmscv/cv00024.,Accordion fold format.,accordion-fold-format,http://id.loc.gov/vocabulary/rbmscv/cv00024
6FQNGN3S,http://id.loc.gov/vocabulary/rbmscv/cv00024.,Accordion fold format.,accordion-fold-format,http://id.loc.gov/vocabulary/rbmscv/cv00024
892IYWX3,http://id.loc.gov/vocabulary/rbmscv/cv00024.,Accordion fold format.,accordion-fold-format,http://id.loc.gov/vocabulary/rbmscv/cv00024
8ILC5ENQ,http://id.loc.gov/vocabulary/rbmscv/cv00024.,Accordion fold format.,accordion-fold-format,http://id.loc.gov/vocabulary/rbmscv/cv00024
9HXSD7R3,http://id.loc.gov/vocabulary/rbmscv/cv00024.,Accordion fold format.,accordion-fold-format,http://id.loc.gov/vocabulary/rbmscv/cv00024
9LXMIWCK,http://id.loc.gov/vocabulary/rbmscv/cv00024.,Accordion fold format.,accordion-fold-format,http://id.loc.gov/vocabulary/rbmscv/cv00024
9M4MSDAN,http://id.loc.gov/vocabulary/rbmscv/cv00024.,Accordion fold format.,accordion-fold-format,http://id.loc.gov/vocabulary/rbmscv/cv00024
A38WLAAU,http://id.loc.gov/vocabulary/rbmscv/cv00024.,Accordion fold format.,accordion-fold-format,http://id.loc.gov/vocabulary/rbmscv/cv00024
CCS3Z546,http://id.loc.gov/vocabulary/rbmscv/cv00024.,Accordion fold format.,accordion-fold-format,http://id.loc.gov/vocabulary/rbmscv/cv00024
D6JVHVEU,http://id.loc.gov/vocabulary/rbmscv/cv00024.,Accordion fold format.,accordion-fold-format,http://id.loc.gov/vocabulary/rbmscv/cv00024
DARNTYD5,http://id.loc.gov/vocabulary/rbmscv/cv00024.,Accordion fold format.,accordion-fold-format,http://id.loc.gov/vocabulary/rbmscv/cv00024
DKK3M6ZY,http://id.loc.gov/vocabulary/rbmscv/cv00024.,Accordion fold format.,accordion-fold-format,http://id.loc.gov/vocabulary/rbmscv/cv00024
DRZWMBK8,http://id.loc.gov/vocabulary/rbmscv/cv00024.,Accordion fold format.,accordion-fold-format,http://id.loc.gov/vocabulary/rbmscv/cv00024
ESSDX4JS,http://id.loc.gov/vocabulary/rbmscv/cv00024.,Accordion fold format.,accordion-fold-format,http://id.loc.gov/vocabulary/rbmscv/cv00024
FYJB55Y7,http://id.loc.gov/vocabulary/rbmscv/cv00024.,Accordion fold format.,accordion-fold-format,http://id.loc.gov/vocabulary/rbmscv/cv00024
GMT66HSU,http://id.loc.gov/vocabulary/rbmscv/cv00024.,Accordion fold format.,accordion-fold-format,http://id.loc.gov/vocabulary/rbmscv/cv00024
H2RAMU8E,http://id.loc.gov/vocabulary/rbmscv/cv00024.,Accordion fold format.,accordion-fold-format,http://id.loc.gov/vocabulary/rbmscv/cv00024
ID6CVTS7,http://id.loc.gov/vocabulary/rbmscv/cv00024.,Accordion fold format.,accordion-fold-format,http://id.loc.gov/vocabulary/rbmscv/cv00024
IW67FN74,http://id.loc.gov/vocabulary/rbmscv/cv00024.,Accordion fold format.,accordion-fold-format,http://id.loc.gov/vocabulary/rbmscv/cv00024
JAVVTKIE,http://id.loc.gov/vocabulary/rbmscv/cv00024.,Accordion fold format.,accordion-fold-format,http://id.loc.gov/vocabulary/rbmscv/cv00024
JY2G3WI2,http://id.loc.gov/vocabulary/rbmscv/cv00024.,Accordion fold format.,accordion-fold-format,http://id.loc.gov/vocabulary/rbmscv/cv00024
KHVSQCUG,http://id.loc.gov/vocabulary/rbmscv/cv00024.,Accordion fold format.,accordion-fold-format,http://id.loc.gov/vocabulary/rbmscv/cv00024
KKTGFJYC,http://id.loc.gov/vocabulary/rbmscv/cv00024.,Accordion fold format.,accordion-fold-format,http://id.loc.gov/vocabulary/rbmscv/cv00024
LNFAZY2F,http://id.loc.gov/vocabulary/rbmscv/cv00024.,Accordion fold format.,accordion-fold-format,http://id.loc.gov/vocabulary/rbmscv/cv00024
LSYIEX34,http://id.loc.gov/vocabulary/rbmscv/cv00024.,Accordion fold format.,accordion-fold-format,http://id.loc.gov/vocabulary/rbmscv/cv00024
M9D8QYK7,http://id.loc.gov/vocabulary/rbmscv/cv00024.,Accordion fold format.,accordion-fold-format,http://id.loc.gov/vocabulary/rbmscv/cv00024
MIAE5V4B,http://id.loc.gov/vocabulary/rbmscv/cv00024.,Accordion fold format.,accordion-fold-format,http://id.loc.gov/vocabulary/rbmscv/cv00024
MZDH5LJI,http://id.loc.gov/vocabulary/rbmscv/cv00024.,Accordion fold format.,accordion-fold-format,http://id.loc.gov/vocabulary/rbmscv/cv00024
NANX673H,http://id.loc.gov/vocabulary/rbmscv/cv00024.,Accordion fold format.,accordion-fold-format,http://id.loc.gov/vocabulary/rbmscv/cv00024
NPQLF2L3,http://id.loc.gov/vocabulary/rbmscv/cv00024.,Accordion fold format.,accordion-fold-format,http://id.loc.gov/vocabulary/rbmscv/cv00024
NQEINM55,http://id.loc.gov/vocabulary/rbmscv/cv00024.,Accordion fold format.,accordion-fold-format,http://id.loc.gov/vocabulary/rbmscv/cv00024
P7A32W3Q,http://id.loc.gov/vocabulary/rbmscv/cv00024.,Accordion fold format.,accordion-fold-format,http://id.loc.gov/vocabulary/rbmscv/cv00024
PBDUAC8I,http://id.loc.gov/vocabulary/rbmscv/cv00024.,Accordion fold format.,accordion-fold-format,http://id.loc.gov/vocabulary/rbmscv/cv00024
RD5E288S,http://id.loc.gov/vocabulary/rbmscv/cv00024.,Accordion fold format.,accordion-fold-format,http://id.loc.gov/vocabulary/rbmscv/cv00024
SAR278EV,http://id.loc.gov/vocabulary/rbmscv/cv00024.,Accordion fold format.,accordion-fold-format,http://id.loc.gov/vocabulary/rbmscv/cv00024
SIPGLSUF,http://id.loc.gov/vocabulary/rbmscv/cv00024.,Accordion fold format.,accordion-fold-format,http://id.loc.gov/vocabulary/rbmscv/cv00024
SWP5DNW2,http://id.loc.gov/vocabulary/rbmscv/cv00024.,Accordion fold format.,accordion-fold-format,http://id.loc.gov/vocabulary/rbmscv/cv00024
T6TNKG3X,http://id.loc.gov/vocabulary/rbmscv/cv00024.,Accordion fold format.,accordion-fold-format,http://id.loc.gov/vocabulary/rbmscv/cv00024
UAG6U4BG,http://id.loc.gov/vocabulary/rbmscv/cv00024.,Accordion fold format.,accordion-fold-format,http://id.loc.gov/vocabulary/rbmscv/cv00024
V2JCB6GV,http://id.loc.gov/vocabulary/rbmscv/cv00024.,Accordion fold format.,accordion-fold-format,http://id.loc.gov/vocabulary/rbmscv/cv00024
WDBVDSH6,http://id.loc.gov/vocabulary/rbmscv/cv00024.,Accordion fold format.,accordion-fold-format,http://id.loc.gov/vocabulary/rbmscv/cv00024
YPJNUVSE,http://id.loc.gov/vocabulary/rbmscv/cv00024.,Accordion fold format.,accordion-fold-format,http://id.loc.gov/vocabulary/rbmscv/cv00024
Z2EKDXCQ,http://id.loc.gov/vocabulary/rbmscv/cv00024.,Accordion fold format.,accordion-fold-format,http://id.loc.gov/vocabulary/rbmscv/cv00024
Z2TT2U83,http://id.loc.gov/vocabulary/rbmscv/cv00024.,Accordion fold format.,accordion-fold-format,http://id.loc.gov/vocabulary/rbmscv/cv00024
Z67GHMME,http://id.loc.gov/vocabulary/rbmscv/cv00024.,Accordion fold format.,accordion-fold-format,http://id.loc.gov/vocabulary/rbmscv/cv00024
ZU4KHA9D,http://id.loc.gov/vocabulary/rbmscv/cv00024.,Accordion fold format.,accordion-fold-format,http://id.loc.gov/vocabulary/rbmscv/cv00024
SZBXI3ZB,http://id.loc.gov/vocabulary/rbmscv/cv00063.,Marbled papers.,marbled-papers,http://id.loc.gov/vocabulary/rbmscv/cv00063
CWABV6X4,http://id.loc.gov/vocabulary/rbmscv/cv00092.,Aluminum bindings.,aluminum-bindings,http://id.loc.gov/vocabulary/rbmscv/cv00092
2H3NPASA,http://id.loc.gov/vocabulary/rbmscv/cv00146.,Artists' books.,artists-books,http://id.loc.gov/vocabulary/rbmscv/cv00146
2N5AY2W9,http://id.loc.gov/vocabulary/rbmscv/cv00146.,Artists' books.,artists-books,http://id.loc.gov/vocabulary/rbmscv/cv00146
3WR42HL9,http://id.loc.gov/vocabulary/rbmscv/cv00146.,Artists' books.,artists-books,http://id.loc.gov/vocabulary/rbmscv/cv00146
6I66X6N4,http://id.loc.gov/vocabulary/rbmscv/cv00146.,Artists' books.,artists-books,http://id.loc.gov/vocabulary/rbmscv/cv00146
7MDWUFBW,http://id.loc.gov/vocabulary/rbmscv/cv00146.,Artists' books.,artists-books,http://id.loc.gov/vocabulary/rbmscv/cv00146
99EMTLY4,http://id.loc.gov/vocabulary/rbmscv/cv00146.,Artists' books.,artists-books,http://id.loc.gov/vocabulary/rbmscv/cv00146
APSCM9LS,http://id.loc.gov/vocabulary/rbmscv/cv00146.,Artists' books.,artists-books,http://id.loc.gov/vocabulary/rbmscv/cv00146
B3PLYIRQ,http://id.loc.gov/vocabulary/rbmscv/cv00146.,Artists' books.,artists-books,http://id.loc.gov/vocabulary/rbmscv/cv00146
B7LKSJ3Z,http://id.loc.gov/vocabulary/rbmscv/cv00146.,Artists' books.,artists-books,http://id.loc.gov/vocabulary/rbmscv/cv00146
BY9M6ZB3,http://id.loc.gov/vocabulary/rbmscv/cv00146.,Artists' books.,artists-books,http://id.loc.gov/vocabulary/rbmscv/cv00146
C74SU4FM,http://id.loc.gov/vocabulary/rbmscv/cv00146.,Artists' books.,artists-books,http://id.loc.gov/vocabulary/rbmscv/cv00146
DJXTYJV5,http://id.loc.gov/vocabulary/rbmscv/cv00146.,Artists' books.,artists-books,http://id.loc.gov/vocabulary/rbmscv/cv00146
DP8P7RWF,http://id.loc.gov/vocabulary/rbmscv/cv00146.,Artists' books.,artists-books,http://id.loc.gov/vocabulary/rbmscv/cv00146
E9FFUKQC,http://id.loc.gov/vocabulary/rbmscv/cv00146.,Artists' books.,artists-books,http://id.loc.gov/vocabulary/rbmscv/cv00146
EQCBWBSF,http://id.loc.gov/vocabulary/rbmscv/cv00146.,Artists' books.,artists-books,http://id.loc.gov/vocabulary/rbmscv/cv00146
EQJWQ4AD,http://id.loc.gov/vocabulary/rbmscv/cv00146.,Artists' books.,artists-books,http://id.loc.gov/vocabulary/rbmscv/cv00146
FCEUMWPE,http://id.loc.gov/vocabulary/rbmscv/cv00146.,Artists' books.,artists-books,http://id.loc.gov/vocabulary/rbmscv/cv00146
H37K7Q65,http://id.loc.gov/vocabulary/rbmscv/cv00146.,Artists' books.,artists-books,http://id.loc.gov/vocabulary/rbmscv/cv00146
HVWRQIFF,http://id.loc.gov/vocabulary/rbmscv/cv00146.,Artists' books.,artists-books,http://id.loc.gov/vocabulary/rbmscv/cv00146
J7MTRLGR,http://id.loc.gov/vocabulary/rbmscv/cv00146.,Artists' books.,artists-books,http://id.loc.gov/vocabulary/rbmscv/cv00146
LINXJTFL,http://id.loc.gov/vocabulary/rbmscv/cv00146.,Artists' books.,artists-books,http://id.loc.gov/vocabulary/rbmscv/cv00146
NIIJDTR3,http://id.loc.gov/vocabulary/rbmscv/cv00146.,Artists' books.,artists-books,http://id.loc.gov/vocabulary/rbmscv/cv00146
NUNV4RS6,http://id.loc.gov/vocabulary/rbmscv/cv00146.,Artists' books.,artists-books,http://id.loc.gov/vocabulary/rbmscv/cv00146
PLGTECYR,http://id.loc.gov/vocabulary/rbmscv/cv00146.,Artists' books.,artists-books,http://id.loc.gov/vocabulary/rbmscv/cv00146
PN2NTJWR,http://id.loc.gov/vocabulary/rbmscv/cv00146.,Artists' books.,artists-books,http://id.loc.gov/vocabulary/rbmscv/cv00146
QU5QT2S4,http://id.loc.gov/vocabulary/rbmscv/cv00146.,Artists' books.,artists-books,http://id.loc.gov/vocabulary/rbmscv/cv00146
RZTJE3CI,http://id.loc.gov/vocabulary/rbmscv/cv00146.,Artists' books.,artists-books,http://id.loc.gov/vocabulary/rbmscv/cv00146
SAR278EV,http://id.loc.gov/vocabulary/rbmscv/cv00146.,Artists' books.,artists-books,http://id.loc.gov/vocabulary/rbmscv/cv00146
XZQKJTEQ,http://id.loc.gov/vocabulary/rbmscv/cv00146.,Artists' books.,artists-books,http://id.loc.gov/vocabulary/rbmscv/cv00146
Z54M7J78,http://id.loc.gov/vocabulary/rbmscv/cv00146.,Artists' books.,artists-books,http://id.loc.gov/vocabulary/rbmscv/cv00146
Z8TZAPIY,http://id.loc.gov/vocabulary/rbmscv/cv00146.,Artists' books.,artists-books,http://id.loc.gov/vocabulary/rbmscv/cv00146
ZF3UJ73X,http://id.loc.gov/vocabulary/rbmscv/cv00146.,Artists' books.,artists-books,http://id.loc.gov/vocabulary/rbmscv/cv00146
ZKYFF7DD,http://id.loc.gov/vocabulary/rbmscv/cv00146.,Artists' books.,artists-books,http://id.loc.gov/vocabulary/rbmscv/cv00146
ZT48PPZ2,http://id.loc.gov/vocabulary/rbmscv/cv00146.,Artists' books.,artists-books,http://id.loc.gov/vocabulary/rbmscv/cv00146
8JFSGGTG,http://id.loc.gov/vocabulary/rbmscv/cv00176,Authors' autographs.,authors-autographs,http://id.loc.gov/vocabulary/rbmscv/cv00176
22TSL3K2,http://id.loc.gov/vocabulary/rbmscv/cv00176.,Authors' autographs.,authors-autographs,http://id.loc.gov/vocabulary/rbmscv/cv00176
C8TR84N6,http://id.loc.gov/vocabulary/rbmscv/cv00176.,Authors' autographs.,authors-autographs,http://id.loc.gov/vocabulary/rbmscv/cv00176
H4UKFQEN,http://id.loc.gov/vocabulary/rbmscv/cv00176.,Authors' autographs.,authors-autographs,http://id.loc.gov/vocabulary/rbmscv/cv00176
UJ4MWNSR,http://id.loc.gov/vocabulary/rbmscv/cv00179.,Authors' inscriptions.,authors-inscriptions,http://id.loc.gov/vocabulary/rbmscv/cv00179
RRAI2QGW,http://id.loc.gov/vocabulary/rbmscv/cv00200.,Backless bindings.,backless-bindings,http://id.loc.gov/vocabulary/rbmscv/cv00200
2GVG6DPZ,http://id.loc.gov/vocabulary/rbmscv/cv00203.,Poems.,poems,http://id.loc.gov/vocabulary/rbmscv/cv00203
KQVDTPRR,http://id.loc.gov/vocabulary/rbmscv/cv00483.,Coptic bindings.,coptic-bindings,http://id.loc.gov/vocabulary/rbmscv/cv00483
35PYDJJX,http://id.loc.gov/vocabulary/rbmscv/cv00485.,Corrugated board bindings.,corrugated-board-bindings,http://id.loc.gov/vocabulary/rbmscv/cv00485
4ZPTZSCC,http://id.loc.gov/vocabulary/rbmscv/cv00485.,Corrugated board bindings.,corrugated-board-bindings,http://id.loc.gov/vocabulary/rbmscv/cv00485
5IABCDQ2,http://id.loc.gov/vocabulary/rbmscv/cv00485.,Corrugated board bindings.,corrugated-board-bindings,http://id.loc.gov/vocabulary/rbmscv/cv00485
5IAMT5AG,http://id.loc.gov/vocabulary/rbmscv/cv00485.,Corrugated board bindings.,corrugated-board-bindings,http://id.loc.gov/vocabulary/rbmscv/cv00485
8TK3B6UX,http://id.loc.gov/vocabulary/rbmscv/cv00485.,Corrugated board bindings.,corrugated-board-bindings,http://id.loc.gov/vocabulary/rbmscv/cv00485
9FX8NRGF,http://id.loc.gov/vocabulary/rbmscv/cv00485.,Corrugated board bindings.,corrugated-board-bindings,http://id.loc.gov/vocabulary/rbmscv/cv00485
9HXSD7R3,http://id.loc.gov/vocabulary/rbmscv/cv00485.,Corrugated board bindings.,corrugated-board-bindings,http://id.loc.gov/vocabulary/rbmscv/cv00485
A3FJ5EQR,http://id.loc.gov/vocabulary/rbmscv/cv00485.,Corrugated board bindings.,corrugated-board-bindings,http://id.loc.gov/vocabulary/rbmscv/cv00485
D6JVHVEU,http://id.loc.gov/vocabulary/rbmscv/cv00485.,Corrugated board bindings.,corrugated-board-bindings,http://id.loc.gov/vocabulary/rbmscv/cv00485
E29YMLF5,http://id.loc.gov/vocabulary/rbmscv/cv00485.,Corrugated board bindings.,corrugated-board-bindings,http://id.loc.gov/vocabulary/rbmscv/cv00485
EVQIJIVY,http://id.loc.gov/vocabulary/rbmscv/cv00485.,Corrugated board bindings.,corrugated-board-bindings,http://id.loc.gov/vocabulary/rbmscv/cv00485
FMV6HBVV,http://id.loc.gov/vocabulary/rbmscv/cv00485.,Corrugated board bindings.,corrugated-board-bindings,http://id.loc.gov/vocabulary/rbmscv/cv00485
GRN6KZ4M,http://id.loc.gov/vocabulary/rbmscv/cv00485.,Corrugated board bindings.,corrugated-board-bindings,http://id.loc.gov/vocabulary/rbmscv/cv00485
H7X35XED,http://id.loc.gov/vocabulary/rbmscv/cv00485.,Corrugated board bindings.,corrugated-board-bindings,http://id.loc.gov/vocabulary/rbmscv/cv00485
IBNSLUJE,http://id.loc.gov/vocabulary/rbmscv/cv00485.,Corrugated board bindings.,corrugated-board-bindings,http://id.loc.gov/vocabulary/rbmscv/cv00485
K7X9FUZV,http://id.loc.gov/vocabulary/rbmscv/cv00485.,Corrugated board bindings.,corrugated-board-bindings,http://id.loc.gov/vocabulary/rbmscv/cv00485
KIW88E9A,http://id.loc.gov/vocabulary/rbmscv/cv00485.,Corrugated board bindings.,corrugated-board-bindings,http://id.loc.gov/vocabulary/rbmscv/cv00485
LMMBZ2D6,http://id.loc.gov/vocabulary/rbmscv/cv00485.,Corrugated board bindings.,corrugated-board-bindings,http://id.loc.gov/vocabulary/rbmscv/cv00485
MMUB7EQL,http://id.loc.gov/vocabulary/rbmscv/cv00485.,Corrugated board bindings.,corrugated-board-bindings,http://id.loc.gov/vocabulary/rbmscv/cv00485
QG6C4UVE,http://id.loc.gov/vocabulary/rbmscv/cv00485.,Corrugated board bindings.,corrugated-board-bindings,http://id.loc.gov/vocabulary/rbmscv/cv00485
QQ26PJLJ,http://id.loc.gov/vocabulary/rbmscv/cv00485.,Corrugated board bindings.,corrugated-board-bindings,http://id.loc.gov/vocabulary/rbmscv/cv00485
RNWDT5TP,http://id.loc.gov/vocabulary/rbmscv/cv00485.,Corrugated board bindings.,corrugated-board-bindings,http://id.loc.gov/vocabulary/rbmscv/cv00485
UIXK9R42,http://id.loc.gov/vocabulary/rbmscv/cv00485.,Corrugated board bindings.,corrugated-board-bindings,http://id.loc.gov/vocabulary/rbmscv/cv00485
VAI6IIYY,http://id.loc.gov/vocabulary/rbmscv/cv00485.,Corrugated board bindings.,corrugated-board-bindings,http://id.loc.gov/vocabulary/rbmscv/cv00485
WHM7URD8,http://id.loc.gov/vocabulary/rbmscv/cv00485.,Corrugated board bindings.,corrugated-board-bindings,http://id.loc.gov/vocabulary/rbmscv/cv00485
XXKJHHKM,http://id.loc.gov/vocabulary/rbmscv/cv00485.,Corrugated board bindings.,corrugated-board-bindings,http://id.loc.gov/vocabulary/rbmscv/cv00485
YX7BXEWX,http://id.loc.gov/vocabulary/rbmscv/cv00485.,Corrugated board bindings.,corrugated-board-bindings,http://id.loc.gov/vocabulary/rbmscv/cv00485
LAZ7IRLG,http://id.loc.gov/vocabulary/rbmscv/cv00494.,Embossed paper bindings.,embossed-paper-bindings,http://id.loc.gov/vocabulary/rbmscv/cv00494
QTA2F867,http://id.loc.gov/vocabulary/rbmscv/cv00510.,Dos-à-dos bindings.,dos-dos-bindings,http://id.loc.gov/vocabulary/rbmscv/cv00510
FMV6HBVV,http://id.loc.gov/vocabulary/rbmscv/cv00514.,Dust jackets.,dust-jackets,http://id.loc.gov/vocabulary/rbmscv/cv00514
FSM3KNIN,http://id.loc.gov/vocabulary/rbmscv/cv00514.,Dust jackets.,dust-jackets,http://id.loc.gov/vocabulary/rbmscv/cv00514
NKAVGZNL,http://id.loc.gov/vocabulary/rbmscv/cv00514.,Dust jackets.,dust-jackets,http://id.loc.gov/vocabulary/rbmscv/cv00514
YNQJLSJE,http://id.loc.gov/vocabulary/rbmscv/cv00514.,Dust jackets.,dust-jackets,http://id.loc.gov/vocabulary/rbmscv/cv00514
7DW84IIA,http://id.loc.gov/vocabulary/rbmscv/cv00618.,Printed paper binding labels.,printed-paper-binding-labels,http://id.loc.gov/vocabulary/rbmscv/cv00618
7NHCK9MP,http://id.loc.gov/vocabulary/rbmscv/cv00737.,Slipcases.,slipcases,http://id.loc.gov/vocabulary/rbmscv/cv00737
ITG942QS,http://id.loc.gov/vocabulary/rbmscv/cv00737.,Slipcases.,slipcases,http://id.loc.gov/vocabulary/rbmscv/cv00737
KJS25GIV,http://id.loc.gov/vocabulary/rbmscv/cv00737.,Slipcases.,slipcases,http://id.loc.gov/vocabulary/rbmscv/cv00737
T5K32G4A,http://id.loc.gov/vocabulary/rbmscv/cv00737.,Slipcases.,slipcases,http://id.loc.gov/vocabulary/rbmscv/cv00737
YNQJLSJE,http://id.loc.gov/vocabulary/rbmscv/cv00737.,Slipcases.,slipcases,http://id.loc.gov/vocabulary/rbmscv/cv00737
M5Y2U9BX,http://id.loc.gov/vocabulary/rbmscv/cv00762.,Unopened books.,unopened-books,http://id.loc.gov/vocabulary/rbmscv/cv00762
DWTPIG26,http://id.loc.gov/vocabulary/rbmscv/cv00867.,Miniature books.,miniature-books,http://id.loc.gov/vocabulary/rbmscv/cv00867
YAVC2X7V,http://id.loc.gov/vocabulary/rbmscv/cv00867.,Miniature books.,miniature-books,http://id.loc.gov/vocabulary/rbmscv/cv00867
USF4PINC,http://id.loc.gov/vocabulary/rbmscv/cv00985.,Juvenile literature.,juvenile-literature,http://id.loc.gov/vocabulary/rbmscv/cv00985
2NGLAAYW,http://id.loc.gov/vocabulary/rbmscv/cv01089.,Watermarks.,watermarks,http://id.loc.gov/vocabulary/rbmscv/cv01089
62G6B7V7,http://id.loc.gov/vocabulary/rbmscv/cv01163.,Concrete poems.,concrete-poems,http://id.loc.gov/vocabulary/rbmscv/cv01163
J7MTRLGR,http://id.loc.gov/vocabulary/rbmscv/cv01163.,Concrete poems.,concrete-poems,http://id.loc.gov/vocabulary/rbmscv/cv01163
ZF3UJ73X,http://id.loc.gov/vocabulary/rbmscv/cv01163.,Concrete poems.,concrete-poems,http://id.loc.gov/vocabulary/rbmscv/cv01163
QTA2F867,http://id.loc.gov/vocabulary/rbmscv/cv01187.,Cotton fiber papers.,cotton-fiber-papers,http://id.loc.gov/vocabulary/rbmscv/cv01187
2NGLAAYW,http://id.loc.gov/vocabulary/rbmscv/cv01435.,Handmade papers.,handmade-papers,http://id.loc.gov/vocabulary/rbmscv/cv01435
367HVISM,http://id.loc.gov/vocabulary/rbmscv/cv01435.,Handmade papers.,handmade-papers,http://id.loc.gov/vocabulary/rbmscv/cv01435
4AZIUYEF,http://id.loc.gov/vocabulary/rbmscv/cv01435.,Handmade papers.,handmade-papers,http://id.loc.gov/vocabulary/rbmscv/cv01435
C8TR84N6,http://id.loc.gov/vocabulary/rbmscv/cv01435.,Handmade papers.,handmade-papers,http://id.loc.gov/vocabulary/rbmscv/cv01435
CFIF9DHE,http://id.loc.gov/vocabulary/rbmscv/cv01435.,Handmade papers.,handmade-papers,http://id.loc.gov/vocabulary/rbmscv/cv01435
DGB3SEXI,http://id.loc.gov/vocabulary/rbmscv/cv01435.,Handmade papers.,handmade-papers,http://id.loc.gov/vocabulary/rbmscv/cv01435
DRXZALEB,http://id.loc.gov/vocabulary/rbmscv/cv01435.,Handmade papers.,handmade-papers,http://id.loc.gov/vocabulary/rbmscv/cv01435
FPE5EJ9G,http://id.loc.gov/vocabulary/rbmscv/cv01435.,Handmade papers.,handmade-papers,http://id.loc.gov/vocabulary/rbmscv/cv01435
GLRT8PAR,http://id.loc.gov/vocabulary/rbmscv/cv01435.,Handmade papers.,handmade-papers,http://id.loc.gov/vocabulary/rbmscv/cv01435
H2RAMU8E,http://id.loc.gov/vocabulary/rbmscv/cv01435.,Handmade papers.,handmade-papers,http://id.loc.gov/vocabulary/rbmscv/cv01435
IT4RYKPH,http://id.loc.gov/vocabulary/rbmscv/cv01435.,Handmade papers.,handmade-papers,http://id.loc.gov/vocabulary/rbmscv/cv01435
M63K56HX,http://id.loc.gov/vocabulary/rbmscv/cv01435.,Handmade papers.,handmade-papers,http://id.loc.gov/vocabulary/rbmscv/cv01435
PG3WIT3M,http://id.loc.gov/vocabulary/rbmscv/cv01435.,Handmade papers.,handmade-papers,http://id.loc.gov/vocabulary/rbmscv/cv01435
QQ25JWKC,http://id.loc.gov/vocabulary/rbmscv/cv01435.,Handmade papers.,handmade-papers,http://id.loc.gov/vocabulary/rbmscv/cv01435
QTA2F867,http://id.loc.gov/vocabulary/rbmscv/cv01435.,Handmade papers.,handmade-papers,http://id.loc.gov/vocabulary/rbmscv/cv01435
UAG6U4BG,http://id.loc.gov/vocabulary/rbmscv/cv01435.,Handmade papers.,handmade-papers,http://id.loc.gov/vocabulary/rbmscv/cv01435
QTA2F867,http://id.loc.gov/vocabulary/rbmscv/cv01503.,Kozo fiber papers.,kozo-fiber-papers,http://id.loc.gov/vocabulary/rbmscv/cv01503
263JJYU2,http://id.loc.gov/vocabulary/rbmscv/cv01531.,Limitation statements.,limitation-statements,http://id.loc.gov/vocabulary/rbmscv/cv01531
2GVG6DPZ,http://id.loc.gov/vocabulary/rbmscv/cv01531.,Limitation statements.,limitation-statements,http://id.loc.gov/vocabulary/rbmscv/cv01531
3XZCC9CU,http://id.loc.gov/vocabulary/rbmscv/cv01531.,Limitation statements.,limitation-statements,http://id.loc.gov/vocabulary/rbmscv/cv01531
48AHMBTH,http://id.loc.gov/vocabulary/rbmscv/cv01531.,Limitation statements.,limitation-statements,http://id.loc.gov/vocabulary/rbmscv/cv01531
4AZIUYEF,http://id.loc.gov/vocabulary/rbmscv/cv01531.,Limitation statements.,limitation-statements,http://id.loc.gov/vocabulary/rbmscv/cv01531
6C2P9MX4,http://id.loc.gov/vocabulary/rbmscv/cv01531.,Limitation statements.,limitation-statements,http://id.loc.gov/vocabulary/rbmscv/cv01531
6L3JZ96S,http://id.loc.gov/vocabulary/rbmscv/cv01531.,Limitation statements.,limitation-statements,http://id.loc.gov/vocabulary/rbmscv/cv01531
7DU84Q8C,http://id.loc.gov/vocabulary/rbmscv/cv01531.,Limitation statements.,limitation-statements,http://id.loc.gov/vocabulary/rbmscv/cv01531
7NHCK9MP,http://id.loc.gov/vocabulary/rbmscv/cv01531.,Limitation statements.,limitation-statements,http://id.loc.gov/vocabulary/rbmscv/cv01531
8NUHR3R2,http://id.loc.gov/vocabulary/rbmscv/cv01531.,Limitation statements.,limitation-statements,http://id.loc.gov/vocabulary/rbmscv/cv01531
BINBCVI8,http://id.loc.gov/vocabulary/rbmscv/cv01531.,Limitation statements.,limitation-statements,http://id.loc.gov/vocabulary/rbmscv/cv01531
C8TR84N6,http://id.loc.gov/vocabulary/rbmscv/cv01531.,Limitation statements.,limitation-statements,http://id.loc.gov/vocabulary/rbmscv/cv01531
CZE89VUA,http://id.loc.gov/vocabulary/rbmscv/cv01531.,Limitation statements.,limitation-statements,http://id.loc.gov/vocabulary/rbmscv/cv01531
DFMDL54I,http://id.loc.gov/vocabulary/rbmscv/cv01531.,Limitation statements.,limitation-statements,http://id.loc.gov/vocabulary/rbmscv/cv01531
FSM3KNIN,http://id.loc.gov/vocabulary/rbmscv/cv01531.,Limitation statements.,limitation-statements,http://id.loc.gov/vocabulary/rbmscv/cv01531
GLRT8PAR,http://id.loc.gov/vocabulary/rbmscv/cv01531.,Limitation statements.,limitation-statements,http://id.loc.gov/vocabulary/rbmscv/cv01531
H4UKFQEN,http://id.loc.gov/vocabulary/rbmscv/cv01531.,Limitation statements.,limitation-statements,http://id.loc.gov/vocabulary/rbmscv/cv01531
ILIBVN2K,http://id.loc.gov/vocabulary/rbmscv/cv01531.,Limitation statements.,limitation-statements,http://id.loc.gov/vocabulary/rbmscv/cv01531
ITG942QS,http://id.loc.gov/vocabulary/rbmscv/cv01531.,Limitation statements.,limitation-statements,http://id.loc.gov/vocabulary/rbmscv/cv01531
KHVSQCUG,http://id.loc.gov/vocabulary/rbmscv/cv01531.,Limitation statements.,limitation-statements,http://id.loc.gov/vocabulary/rbmscv/cv01531
KJS25GIV,http://id.loc.gov/vocabulary/rbmscv/cv01531.,Limitation statements.,limitation-statements,http://id.loc.gov/vocabulary/rbmscv/cv01531
KM8AVRRW,http://id.loc.gov/vocabulary/rbmscv/cv01531.,Limitation statements.,limitation-statements,http://id.loc.gov/vocabulary/rbmscv/cv01531
LCVLCX9S,http://id.loc.gov/vocabulary/rbmscv/cv01531.,Limitation statements.,limitation-statements,http://id.loc.gov/vocabulary/rbmscv/cv01531
LNSUSQ9K,http://id.loc.gov/vocabulary/rbmscv/cv01531.,Limitation statements.,limitation-statements,http://id.loc.gov/vocabulary/rbmscv/cv01531
QIGK743D,http://id.loc.gov/vocabulary/rbmscv/cv01531.,Limitation statements.,limitation-statements,http://id.loc.gov/vocabulary/rbmscv/cv01531
VVJYRH58,http://id.loc.gov/vocabulary/rbmscv/cv01531.,Limitation statements.,limitation-statements,http://id.loc.gov/vocabulary/rbmscv/cv01531
ZF9J7VYT,http://id.loc.gov/vocabulary/rbmscv/cv01531.,Limitation statements.,limitation-statements,http://id.loc.gov/vocabulary/rbmscv/cv01531
ZT48PPZ2,http://id.loc.gov/vocabulary/rbmscv/cv01531.,Limitation statements.,limitation-statements,http://id.loc.gov/vocabulary/rbmscv/cv01531
ZWZ8TWIM,http://id.loc.gov/vocabulary/rbmscv/cv01531.,Limitation statements.,limitation-statements,http://id.loc.gov/vocabulary/rbmscv/cv01531
KTYGFT5K,http://id.loc.gov/vocabulary/rbmscv/cv01639.,Notebooks.,notebooks,http://id.loc.gov/vocabulary/rbmscv/cv01639
22TSL3K2,http://id.loc.gov/vocabulary/rbmscv/cv01881.,Shaped books.,shaped-books,http://id.loc.gov/vocabulary/rbmscv/cv01881
MZDH5LJI,http://id.loc.gov/vocabulary/rbmscv/cv01881.,Shaped books.,shaped-books,http://id.loc.gov/vocabulary/rbmscv/cv01881
H336C8I5,http://id.loc.gov/vocabulary/rbmscv/cv02058.,Zines.,zines,http://id.loc.gov/vocabulary/rbmscv/cv02058
XQCAGBFA,http://id.loc.gov/vocabulary/rbmscv/cv02058.,Zines.,zines,http://id.loc.gov/vocabulary/rbmscv/cv02058
H336C8I5,http://id.loc.gov/vocabulary/rbmscv/cv02061.,Fanzines.,fanzines,http://id.loc.gov/vocabulary/rbmscv/cv02061
XQCAGBFA,http://id.loc.gov/vocabulary/rbmscv/cv02061.,Fanzines.,fanzines,http://id.loc.gov/vocabulary/rbmscv/cv02061
LMQQPHN9,http://id.nlm.nih.gov/mesh/D019494.,Catalog.,catalog,http://id.nlm.nih.gov/mesh/D019494
KTYGFT5K,http://id.nlm.nih.gov/mesh/D019528.,Lecture Note.,lecture-note,http://id.nlm.nih.gov/mesh/D019528
WTPS3FT4,http://id.nlm.nih.gov/mesh/D020495.,Pictorial Work.,pictorial-work,http://id.nlm.nih.gov/mesh/D020495
YZ2PU6X5,http://id.nlm.nih.gov/mesh/D020495.,Pictorial Work.,pictorial-work,http://id.nlm.nih.gov/mesh/D020495
YZ2PU6X5,http://id.nlm.nih.gov/mesh/D055821.,Poetry.,poetry,http://id.nlm.nih.gov/mesh/D055821
22TSL3K2,http://id.worldcat.org/fast/1411628.,History.,history,http://id.worldcat.org/fast/1411628
24HSZQI4,http://id.worldcat.org/fast/1411628.,History.,history,http://id.worldcat.org/fast/1411628
2H3NPASA,http://id.worldcat.org/fast/1411628.,History.,history,http://id.worldcat.org/fast/1411628
39BHSX9B,http://id.worldcat.org/fast/1411628.,History.,history,http://id.worldcat.org/fast/1411628
3MJU4XL3,http://id.worldcat.org/fast/1411628.,History.,history,http://id.worldcat.org/fast/1411628
3TWQ5NBE,http://id.worldcat.org/fast/1411628.,History.,history,http://id.worldcat.org/fast/1411628
3W95A2M6,http://id.worldcat.org/fast/1411628.,History.,history,http://id.worldcat.org/fast/1411628
3XZCC9CU,http://id.worldcat.org/fast/1411628.,History.,history,http://id.worldcat.org/fast/1411628
43CVMICH,http://id.worldcat.org/fast/1411628.,History.,history,http://id.worldcat.org/fast/1411628
52GSDNZF,http://id.worldcat.org/fast/1411628.,History.,history,http://id.worldcat.org/fast/1411628
5C87SEQG,http://id.worldcat.org/fast/1411628.,History.,history,http://id.worldcat.org/fast/1411628
5DW235NM,http://id.worldcat.org/fast/1411628.,History.,history,http://id.worldcat.org/fast/1411628
7DW84IIA,http://id.worldcat.org/fast/1411628.,History.,history,http://id.worldcat.org/fast/1411628
99EMTLY4,http://id.worldcat.org/fast/1411628.,History.,history,http://id.worldcat.org/fast/1411628
F32V7ZFG,http://id.worldcat.org/fast/1411628.,History.,history,http://id.worldcat.org/fast/1411628
FCVVSAWF,http://id.worldcat.org/fast/1411628.,History.,history,http://id.worldcat.org/fast/1411628
FPE5EJ9G,http://id.worldcat.org/fast/1411628.,History.,history,http://id.worldcat.org/fast/1411628
G2T96GAG,http://id.worldcat.org/fast/1411628.,History.,history,http://id.worldcat.org/fast/1411628
GMT66HSU,http://id.worldcat.org/fast/1411628.,History.,history,http://id.worldcat.org/fast/1411628
GPPPVWM9,http://id.worldcat.org/fast/1411628.,History.,history,http://id.worldcat.org/fast/1411628
GVUDZDE9,http://id.worldcat.org/fast/1411628.,History.,history,http://id.worldcat.org/fast/1411628
HFL33QJH,http://id.worldcat.org/fast/1411628.,History.,history,http://id.worldcat.org/fast/1411628
HQKRI38G,http://id.worldcat.org/fast/1411628.,History.,history,http://id.worldcat.org/fast/1411628
HQVR749A,http://id.worldcat.org/fast/1411628.,History.,history,http://id.worldcat.org/fast/1411628
HYDME9QA,http://id.worldcat.org/fast/1411628.,History.,history,http://id.worldcat.org/fast/1411628
ISAUE7M6,http://id.worldcat.org/fast/1411628.,History.,history,http://id.worldcat.org/fast/1411628
IT9YAY5Z,http://id.worldcat.org/fast/1411628.,History.,history,http://id.worldcat.org/fast/1411628
JZ72H4GX,http://id.worldcat.org/fast/1411628.,History.,history,http://id.worldcat.org/fast/1411628
KQ6DNBBQ,http://id.worldcat.org/fast/1411628.,History.,history,http://id.worldcat.org/fast/1411628
KTYGFT5K,http://id.worldcat.org/fast/1411628.,History.,history,http://id.worldcat.org/fast/1411628
L52JULIS,http://id.worldcat.org/fast/1411628.,History.,history,http://id.worldcat.org/fast/1411628
L8RU7JQF,http://id.worldcat.org/fast/1411628.,History.,history,http://id.worldcat.org/fast/1411628
LMQQPHN9,http://id.worldcat.org/fast/1411628.,History.,history,http://id.worldcat.org/fast/1411628
LR6PYIUK,http://id.worldcat.org/fast/1411628.,History.,history,http://id.worldcat.org/fast/1411628
N9ZCBAQI,http://id.worldcat.org/fast/1411628.,History.,history,http://id.worldcat.org/fast/1411628
NPRJMNHQ,http://id.worldcat.org/fast/1411628.,History.,history,http://id.worldcat.org/fast/1411628
NUNV4RS6,http://id.worldcat.org/fast/1411628.,History.,history,http://id.worldcat.org/fast/1411628
P2VY7UA7,http://id.worldcat.org/fast/1411628.,History.,history,http://id.worldcat.org/fast/1411628
PEAVVEJD,http://id.worldcat.org/fast/1411628.,History.,history,http://id.worldcat.org/fast/1411628
Q4EFXZFV,http://id.worldcat.org/fast/1411628.,History.,history,http://id.worldcat.org/fast/1411628
QTA2F867,http://id.worldcat.org/fast/1411628.,History.,history,http://id.worldcat.org/fast/1411628
R36SU4QS,http://id.worldcat.org/fast/1411628.,History.,history,http://id.worldcat.org/fast/1411628
RD5E288S,http://id.worldcat.org/fast/1411628.,History.,history,http://id.worldcat.org/fast/1411628
SVNDZ637,http://id.worldcat.org/fast/1411628.,History.,history,http://id.worldcat.org/fast/1411628
SY5RIFMP,http://id.worldcat.org/fast/1411628.,History.,history,http://id.worldcat.org/fast/1411628
SY7EKGG9,http://id.worldcat.org/fast/1411628.,History.,history,http://id.worldcat.org/fast/1411628
T5K32G4A,http://id.worldcat.org/fast/1411628.,History.,history,http://id.worldcat.org/fast/1411628
UXUDHDQM,http://id.worldcat.org/fast/1411628.,History.,history,http://id.worldcat.org/fast/1411628
X36TCQIB,http://id.worldcat.org/fast/1411628.,History.,history,http://id.worldcat.org/fast/1411628
X52EXFBT,http://id.worldcat.org/fast/1411628.,History.,history,http://id.worldcat.org/fast/1411628
XJ6TNJSP,http://id.worldcat.org/fast/1411628.,History.,history,http://id.worldcat.org/fast/1411628
YPJNUVSE,http://id.worldcat.org/fast/1411628.,History.,history,http://id.worldcat.org/fast/1411628
Z2EKDXCQ,http://id.worldcat.org/fast/1411628.,History.,history,http://id.worldcat.org/fast/1411628
ZC6PGQMG,http://id.worldcat.org/fast/1411628.,History.,history,http://id.worldcat.org/fast/1411628
ZF9J7VYT,http://id.worldcat.org/fast/1411628.,History.,history,http://id.worldcat.org/fast/1411628
ZFXFXB83,http://id.worldcat.org/fast/1411628.,History.,history,http://id.worldcat.org/fast/1411628
ZIKLIUXS,http://id.worldcat.org/fast/1411628.,History.,history,http://id.worldcat.org/fast/1411628
ZSFLC9BC,http://id.worldcat.org/fast/1411628.,History.,history,http://id.worldcat.org/fast/1411628
4IYRE6P6,http://id.worldcat.org/fast/1411635.,"Criticism, interpretation, etc.",criticism-interpretation-etc,http://id.worldcat.org/fast/1411635
KJJ35ILT,http://id.worldcat.org/fast/1411635.,"Criticism, interpretation, etc.",criticism-interpretation-etc,http://id.worldcat.org/fast/1411635
WTPS3FT4,http://id.worldcat.org/fast/1411636.,Early works.,early-works,http://id.worldcat.org/fast/1411636
6WUDSMPF,http://id.worldcat.org/fast/1411637.,Juvenile works.,juvenile-works,http://id.worldcat.org/fast/1411637
ENEIDVWJ,http://id.worldcat.org/fast/1411637.,Juvenile works.,juvenile-works,http://id.worldcat.org/fast/1411637
KVE8M4XD,http://id.worldcat.org/fast/1411637.,Juvenile works.,juvenile-works,http://id.worldcat.org/fast/1411637
MMFXWFDT,http://id.worldcat.org/fast/1411637.,Juvenile works.,juvenile-works,http://id.worldcat.org/fast/1411637
NL4RKNDV,http://id.worldcat.org/fast/1411637.,Juvenile works.,juvenile-works,http://id.worldcat.org/fast/1411637
Q5WDSUDE,http://id.worldcat.org/fast/1411637.,Juvenile works.,juvenile-works,http://id.worldcat.org/fast/1411637
QFYGZM3A,http://id.worldcat.org/fast/1411637.,Juvenile works.,juvenile-works,http://id.worldcat.org/fast/1411637
S9DHVFUU,http://id.worldcat.org/fast/1411637.,Juvenile works.,juvenile-works,http://id.worldcat.org/fast/1411637
SY3STLBI,http://id.worldcat.org/fast/1411637.,Juvenile works.,juvenile-works,http://id.worldcat.org/fast/1411637
TKQEIPS5,http://id.worldcat.org/fast/1411637.,Juvenile works.,juvenile-works,http://id.worldcat.org/fast/1411637
Z2TT2U83,http://id.worldcat.org/fast/1411637.,Juvenile works.,juvenile-works,http://id.worldcat.org/fast/1411637
44IPMI22,http://id.worldcat.org/fast/1411641.,Periodicals.,periodicals,http://id.worldcat.org/fast/1411641
63G4CRVN,http://id.worldcat.org/fast/1411641.,Periodicals.,periodicals,http://id.worldcat.org/fast/1411641
B3VN2FLE,http://id.worldcat.org/fast/1411641.,Periodicals.,periodicals,http://id.worldcat.org/fast/1411641
D4Q7IQKJ,http://id.worldcat.org/fast/1411641.,Periodicals.,periodicals,http://id.worldcat.org/fast/1411641
GBIF479G,http://id.worldcat.org/fast/1411641.,Periodicals.,periodicals,http://id.worldcat.org/fast/1411641
K8L9Y4L9,http://id.worldcat.org/fast/1411641.,Periodicals.,periodicals,http://id.worldcat.org/fast/1411641
VZC5BRP9,http://id.worldcat.org/fast/1411641.,Periodicals.,periodicals,http://id.worldcat.org/fast/1411641
XYG4SPBI,http://id.worldcat.org/fast/1411641.,Periodicals.,periodicals,http://id.worldcat.org/fast/1411641
2ZV8TG6K,http://id.worldcat.org/fast/1411642.,Facsimiles.,facsimiles,http://id.worldcat.org/fast/1411642
4Y83US9K,http://id.worldcat.org/fast/1411642.,Facsimiles.,facsimiles,http://id.worldcat.org/fast/1411642
7FR428K6,http://id.worldcat.org/fast/1411642.,Facsimiles.,facsimiles,http://id.worldcat.org/fast/1411642
9EE9MMHS,http://id.worldcat.org/fast/1411642.,Facsimiles.,facsimiles,http://id.worldcat.org/fast/1411642
9KP25F8C,http://id.worldcat.org/fast/1411642.,Facsimiles.,facsimiles,http://id.worldcat.org/fast/1411642
B68GWBNJ,http://id.worldcat.org/fast/1411642.,Facsimiles.,facsimiles,http://id.worldcat.org/fast/1411642
BHY5PY4X,http://id.worldcat.org/fast/1411642.,Facsimiles.,facsimiles,http://id.worldcat.org/fast/1411642
DCR5P4LE,http://id.worldcat.org/fast/1411642.,Facsimiles.,facsimiles,http://id.worldcat.org/fast/1411642
G6XSHFBY,http://id.worldcat.org/fast/1411642.,Facsimiles.,facsimiles,http://id.worldcat.org/fast/1411642
GGXTG7D7,http://id.worldcat.org/fast/1411642.,Facsimiles.,facsimiles,http://id.worldcat.org/fast/1411642
HQKRI38G,http://id.worldcat.org/fast/1411642.,Facsimiles.,facsimiles,http://id.worldcat.org/fast/1411642
IKXVIYQT,http://id.worldcat.org/fast/1411642.,Facsimiles.,facsimiles,http://id.worldcat.org/fast/1411642
K9WR277H,http://id.worldcat.org/fast/1411642.,Facsimiles.,facsimiles,http://id.worldcat.org/fast/1411642
KA7WQS5Q,http://id.worldcat.org/fast/1411642.,Facsimiles.,facsimiles,http://id.worldcat.org/fast/1411642
NEWYUCJW,http://id.worldcat.org/fast/1411642.,Facsimiles.,facsimiles,http://id.worldcat.org/fast/1411642
P3SXCUWI,http://id.worldcat.org/fast/1411642.,Facsimiles.,facsimiles,http://id.worldcat.org/fast/1411642
RD5E288S,http://id.worldcat.org/fast/1411642.,Facsimiles.,facsimiles,http://id.worldcat.org/fast/1411642
RZTJE3CI,http://id.worldcat.org/fast/1411642.,Facsimiles.,facsimiles,http://id.worldcat.org/fast/1411642
SNJEWEIG,http://id.worldcat.org/fast/1411642.,Facsimiles.,facsimiles,http://id.worldcat.org/fast/1411642
T3PHDMT2,http://id.worldcat.org/fast/1411642.,Facsimiles.,facsimiles,http://id.worldcat.org/fast/1411642
VDZ3BPCC,http://id.worldcat.org/fast/1411642.,Facsimiles.,facsimiles,http://id.worldcat.org/fast/1411642
VVKM5K5N,http://id.worldcat.org/fast/1411642.,Facsimiles.,facsimiles,http://id.worldcat.org/fast/1411642
W7Z7GYMG,http://id.worldcat.org/fast/1411642.,Facsimiles.,facsimiles,http://id.worldcat.org/fast/1411642
XVFFMZT2,http://id.worldcat.org/fast/1411642.,Facsimiles.,facsimiles,http://id.worldcat.org/fast/1411642
YNQJLSJE,http://id.worldcat.org/fast/1411642.,Facsimiles.,facsimiles,http://id.worldcat.org/fast/1411642
YS5ULT2U,http://id.worldcat.org/fast/1423683.,Abstracts.,abstracts,http://id.worldcat.org/fast/1423683
2PSMHYVM,http://id.worldcat.org/fast/1423689.,Photographs.,photographs,http://id.worldcat.org/fast/1423689
3KX9RY53,http://id.worldcat.org/fast/1423689.,Photographs.,photographs,http://id.worldcat.org/fast/1423689
52GSDNZF,http://id.worldcat.org/fast/1423689.,Photographs.,photographs,http://id.worldcat.org/fast/1423689
8PTXNY8I,http://id.worldcat.org/fast/1423689.,Photographs.,photographs,http://id.worldcat.org/fast/1423689
GKVALR3V,http://id.worldcat.org/fast/1423689.,Photographs.,photographs,http://id.worldcat.org/fast/1423689
HNJ6CKQB,http://id.worldcat.org/fast/1423689.,Photographs.,photographs,http://id.worldcat.org/fast/1423689
KDVCR942,http://id.worldcat.org/fast/1423689.,Photographs.,photographs,http://id.worldcat.org/fast/1423689
NCLSBIGU,http://id.worldcat.org/fast/1423689.,Photographs.,photographs,http://id.worldcat.org/fast/1423689
PN2NTJWR,http://id.worldcat.org/fast/1423689.,Photographs.,photographs,http://id.worldcat.org/fast/1423689
QVTGSMIV,http://id.worldcat.org/fast/1423689.,Photographs.,photographs,http://id.worldcat.org/fast/1423689
S2S73BHB,http://id.worldcat.org/fast/1423689.,Photographs.,photographs,http://id.worldcat.org/fast/1423689
S56ZFJZ6,http://id.worldcat.org/fast/1423689.,Photographs.,photographs,http://id.worldcat.org/fast/1423689
S76VFE9W,http://id.worldcat.org/fast/1423689.,Photographs.,photographs,http://id.worldcat.org/fast/1423689
X5F4KFJ8,http://id.worldcat.org/fast/1423689.,Photographs.,photographs,http://id.worldcat.org/fast/1423689
3VSHA9S5,http://id.worldcat.org/fast/1423691.,Caricatures and cartoons.,caricatures-and-cartoons,http://id.worldcat.org/fast/1423691
7NHCK9MP,http://id.worldcat.org/fast/1423691.,Caricatures and cartoons.,caricatures-and-cartoons,http://id.worldcat.org/fast/1423691
D4TCQSJE,http://id.worldcat.org/fast/1423691.,Caricatures and cartoons.,caricatures-and-cartoons,http://id.worldcat.org/fast/1423691
U5ALJUNN,http://id.worldcat.org/fast/1423691.,Caricatures and cartoons.,caricatures-and-cartoons,http://id.worldcat.org/fast/1423691
YAVC2X7V,http://id.worldcat.org/fast/1423691.,Caricatures and cartoons.,caricatures-and-cartoons,http://id.worldcat.org/fast/1423691
ZTWYAIES,http://id.worldcat.org/fast/1423691.,Caricatures and cartoons.,caricatures-and-cartoons,http://id.worldcat.org/fast/1423691
3848I3UM,http://id.worldcat.org/fast/1423692.,Catalogs.,catalogs,http://id.worldcat.org/fast/1423692
55BBBJAY,http://id.worldcat.org/fast/1423692.,Catalogs.,catalogs,http://id.worldcat.org/fast/1423692
5T8YW5J5,http://id.worldcat.org/fast/1423692.,Catalogs.,catalogs,http://id.worldcat.org/fast/1423692
7VSBEYA5,http://id.worldcat.org/fast/1423692.,Catalogs.,catalogs,http://id.worldcat.org/fast/1423692
F5T8KK7B,http://id.worldcat.org/fast/1423692.,Catalogs.,catalogs,http://id.worldcat.org/fast/1423692
F9P95HLD,http://id.worldcat.org/fast/1423692.,Catalogs.,catalogs,http://id.worldcat.org/fast/1423692
LMQQPHN9,http://id.worldcat.org/fast/1423692.,Catalogs.,catalogs,http://id.worldcat.org/fast/1423692
N8CS4TN6,http://id.worldcat.org/fast/1423692.,Catalogs.,catalogs,http://id.worldcat.org/fast/1423692
PSRVQR59,http://id.worldcat.org/fast/1423692.,Catalogs.,catalogs,http://id.worldcat.org/fast/1423692
Q9LNSU9G,http://id.worldcat.org/fast/1423692.,Catalogs.,catalogs,http://id.worldcat.org/fast/1423692
QG42FL3V,http://id.worldcat.org/fast/1423692.,Catalogs.,catalogs,http://id.worldcat.org/fast/1423692
RZJCU349,http://id.worldcat.org/fast/1423692.,Catalogs.,catalogs,http://id.worldcat.org/fast/1423692
T9UDRYG6,http://id.worldcat.org/fast/1423692.,Catalogs.,catalogs,http://id.worldcat.org/fast/1423692
TGHPTK4F,http://id.worldcat.org/fast/1423692.,Catalogs.,catalogs,http://id.worldcat.org/fast/1423692
U3ZW84RN,http://id.worldcat.org/fast/1423692.,Catalogs.,catalogs,http://id.worldcat.org/fast/1423692
XKGNRICF,http://id.worldcat.org/fast/1423692.,Catalogs.,catalogs,http://id.worldcat.org/fast/1423692
6I66X6N4,http://id.worldcat.org/fast/1423696.,Humor.,humor,http://id.worldcat.org/fast/1423696
7NHCK9MP,http://id.worldcat.org/fast/1423696.,Humor.,humor,http://id.worldcat.org/fast/1423696
AQWUCUIE,http://id.worldcat.org/fast/1423696.,Humor.,humor,http://id.worldcat.org/fast/1423696
HC38HRN9,http://id.worldcat.org/fast/1423696.,Humor.,humor,http://id.worldcat.org/fast/1423696
WYSDPMHP,http://id.worldcat.org/fast/1423696.,Humor.,humor,http://id.worldcat.org/fast/1423696
43CVMICH,http://id.worldcat.org/fast/1423702.,Art.,art,http://id.worldcat.org/fast/1423702
4MNV6M2D,http://id.worldcat.org/fast/1423702.,Art.,art,http://id.worldcat.org/fast/1423702
4QPZT3QC,http://id.worldcat.org/fast/1423702.,Art.,art,http://id.worldcat.org/fast/1423702
4VQMM7CD,http://id.worldcat.org/fast/1423702.,Art.,art,http://id.worldcat.org/fast/1423702
E5XFN328,http://id.worldcat.org/fast/1423702.,Art.,art,http://id.worldcat.org/fast/1423702
HH5GIC3E,http://id.worldcat.org/fast/1423702.,Art.,art,http://id.worldcat.org/fast/1423702
KQ6DNBBQ,http://id.worldcat.org/fast/1423702.,Art.,art,http://id.worldcat.org/fast/1423702
L52JULIS,http://id.worldcat.org/fast/1423702.,Art.,art,http://id.worldcat.org/fast/1423702
LNSUSQ9K,http://id.worldcat.org/fast/1423702.,Art.,art,http://id.worldcat.org/fast/1423702
N2GVS8TH,http://id.worldcat.org/fast/1423702.,Art.,art,http://id.worldcat.org/fast/1423702
QKKF6IWK,http://id.worldcat.org/fast/1423702.,Art.,art,http://id.worldcat.org/fast/1423702
QQ25JWKC,http://id.worldcat.org/fast/1423702.,Art.,art,http://id.worldcat.org/fast/1423702
STNWYDB9,http://id.worldcat.org/fast/1423702.,Art.,art,http://id.worldcat.org/fast/1423702
W94QUT49,http://id.worldcat.org/fast/1423702.,Art.,art,http://id.worldcat.org/fast/1423702
YV3XHZFQ,http://id.worldcat.org/fast/1423702.,Art.,art,http://id.worldcat.org/fast/1423702
ZF3UJ73X,http://id.worldcat.org/fast/1423702.,Art.,art,http://id.worldcat.org/fast/1423702
2XTG4RQU,http://id.worldcat.org/fast/1423704.,Maps.,maps,http://id.worldcat.org/fast/1423704
4R2N4PWW,http://id.worldcat.org/fast/1423704.,Maps.,maps,http://id.worldcat.org/fast/1423704
JIFQWBJI,http://id.worldcat.org/fast/1423704.,Maps.,maps,http://id.worldcat.org/fast/1423704
ZX6DJLD4,http://id.worldcat.org/fast/1423704.,Maps.,maps,http://id.worldcat.org/fast/1423704
HADBWIV7,http://id.worldcat.org/fast/1423705.,Texts.,texts,http://id.worldcat.org/fast/1423705
NYPLITNZ,http://id.worldcat.org/fast/1423705.,Texts.,texts,http://id.worldcat.org/fast/1423705
SBRG6JV3,http://id.worldcat.org/fast/1423705.,Texts.,texts,http://id.worldcat.org/fast/1423705
UHM6IPEL,http://id.worldcat.org/fast/1423705.,Texts.,texts,http://id.worldcat.org/fast/1423705
XP9M2U3Q,http://id.worldcat.org/fast/1423705.,Texts.,texts,http://id.worldcat.org/fast/1423705
YHJSU6FI,http://id.worldcat.org/fast/1423705.,Texts.,texts,http://id.worldcat.org/fast/1423705
TSNKTVMT,http://id.worldcat.org/fast/1423727.,Statistics.,statistics,http://id.worldcat.org/fast/1423727
TSNKTVMT,http://id.worldcat.org/fast/1423729.,Medical statistics.,medical-statistics,http://id.worldcat.org/fast/1423729
B3FLIYWS,http://id.worldcat.org/fast/1423765.,Case studies.,case-studies,http://id.worldcat.org/fast/1423765
HFL33QJH,http://id.worldcat.org/fast/1423765.,Case studies.,case-studies,http://id.worldcat.org/fast/1423765
XUXNQB4J,http://id.worldcat.org/fast/1423765.,Case studies.,case-studies,http://id.worldcat.org/fast/1423765
LR9UQRII,http://id.worldcat.org/fast/1423772.,Conference papers and proceedings.,conference-papers-and-proceedings,http://id.worldcat.org/fast/1423772
TS8GCN76,http://id.worldcat.org/fast/1423783.,Problems and exercises.,problems-and-exercises,http://id.worldcat.org/fast/1423783
4KEMFYE5,http://id.worldcat.org/fast/1423784.,Folklore.,folklore,http://id.worldcat.org/fast/1423784
HQ822BU9,http://id.worldcat.org/fast/1423784.,Folklore.,folklore,http://id.worldcat.org/fast/1423784
JAVVTKIE,http://id.worldcat.org/fast/1423784.,Folklore.,folklore,http://id.worldcat.org/fast/1423784
NEWYUCJW,http://id.worldcat.org/fast/1423784.,Folklore.,folklore,http://id.worldcat.org/fast/1423784
PIN9WQ2M,http://id.worldcat.org/fast/1423784.,Folklore.,folklore,http://id.worldcat.org/fast/1423784
SINBPBSF,http://id.worldcat.org/fast/1423784.,Folklore.,folklore,http://id.worldcat.org/fast/1423784
WUFJ74UX,http://id.worldcat.org/fast/1423786.,"Glossaries, vocabularies, etc.",glossaries-vocabularies-etc,http://id.worldcat.org/fast/1423786
YSGXWN3E,http://id.worldcat.org/fast/1423787,Fiction,fiction,http://id.worldcat.org/fast/1423787
2YMWW5GN,http://id.worldcat.org/fast/1423787.,Fiction.,fiction,http://id.worldcat.org/fast/1423787
6C2P9MX4,http://id.worldcat.org/fast/1423787.,Fiction.,fiction,http://id.worldcat.org/fast/1423787
7XD6IHK6,http://id.worldcat.org/fast/1423787.,Fiction.,fiction,http://id.worldcat.org/fast/1423787
8M6U573R,http://id.worldcat.org/fast/1423787.,Fiction.,fiction,http://id.worldcat.org/fast/1423787
9FMJ3YJ5,http://id.worldcat.org/fast/1423787.,Fiction.,fiction,http://id.worldcat.org/fast/1423787
BW9C7KI7,http://id.worldcat.org/fast/1423787.,Fiction.,fiction,http://id.worldcat.org/fast/1423787
DJVUT7UH,http://id.worldcat.org/fast/1423787.,Fiction.,fiction,http://id.worldcat.org/fast/1423787
E4NC7U8P,http://id.worldcat.org/fast/1423787.,Fiction.,fiction,http://id.worldcat.org/fast/1423787
KMR745Z7,http://id.worldcat.org/fast/1423787.,Fiction.,fiction,http://id.worldcat.org/fast/1423787
KVE8M4XD,http://id.worldcat.org/fast/1423787.,Fiction.,fiction,http://id.worldcat.org/fast/1423787
L9858XFC,http://id.worldcat.org/fast/1423787.,Fiction.,fiction,http://id.worldcat.org/fast/1423787
MCTUGCK3,http://id.worldcat.org/fast/1423787.,Fiction.,fiction,http://id.worldcat.org/fast/1423787
MZDH5LJI,http://id.worldcat.org/fast/1423787.,Fiction.,fiction,http://id.worldcat.org/fast/1423787
N77JIG8Z,http://id.worldcat.org/fast/1423787.,Fiction.,fiction,http://id.worldcat.org/fast/1423787
PZPPQ3IY,http://id.worldcat.org/fast/1423787.,Fiction.,fiction,http://id.worldcat.org/fast/1423787
Q5WDSUDE,http://id.worldcat.org/fast/1423787.,Fiction.,fiction,http://id.worldcat.org/fast/1423787
QN9DCR8N,http://id.worldcat.org/fast/1423787.,Fiction.,fiction,http://id.worldcat.org/fast/1423787
QPXEI2VV,http://id.worldcat.org/fast/1423787.,Fiction.,fiction,http://id.worldcat.org/fast/1423787
QTQAU3DB,http://id.worldcat.org/fast/1423787.,Fiction.,fiction,http://id.worldcat.org/fast/1423787
S2L9U7LF,http://id.worldcat.org/fast/1423787.,Fiction.,fiction,http://id.worldcat.org/fast/1423787
S9DHVFUU,http://id.worldcat.org/fast/1423787.,Fiction.,fiction,http://id.worldcat.org/fast/1423787
U7JTK2GZ,http://id.worldcat.org/fast/1423787.,Fiction.,fiction,http://id.worldcat.org/fast/1423787
UHGUWGUZ,http://id.worldcat.org/fast/1423787.,Fiction.,fiction,http://id.worldcat.org/fast/1423787
USF4PINC,http://id.worldcat.org/fast/1423787.,Fiction.,fiction,http://id.worldcat.org/fast/1423787
XI3WQW8K,http://id.worldcat.org/fast/1423787.,Fiction.,fiction,http://id.worldcat.org/fast/1423787
Z2TT2U83,http://id.worldcat.org/fast/1423787.,Fiction.,fiction,http://id.worldcat.org/fast/1423787
ZQ65SDKJ,http://id.worldcat.org/fast/1423787.,Fiction.,fiction,http://id.worldcat.org/fast/1423787
7NWCC8KI,http://id.worldcat.org/fast/1423791.,Translations.,translations,http://id.worldcat.org/fast/1423791
EP6DUKZA,http://id.worldcat.org/fast/1423791.,Translations.,translations,http://id.worldcat.org/fast/1423791
GBIF479G,http://id.worldcat.org/fast/1423791.,Translations.,translations,http://id.worldcat.org/fast/1423791
LKQLU3H2,http://id.worldcat.org/fast/1423791.,Translations.,translations,http://id.worldcat.org/fast/1423791
T5NFCYQV,http://id.worldcat.org/fast/1423791.,Translations.,translations,http://id.worldcat.org/fast/1423791
9YH44I6G,http://id.worldcat.org/fast/1423792.,Quotations.,quotations,http://id.worldcat.org/fast/1423792
FI2GTQ6N,http://id.worldcat.org/fast/1423792.,Quotations.,quotations,http://id.worldcat.org/fast/1423792
H96M6V45,http://id.worldcat.org/fast/1423792.,Quotations.,quotations,http://id.worldcat.org/fast/1423792
HPI8LMMP,http://id.worldcat.org/fast/1423792.,Quotations.,quotations,http://id.worldcat.org/fast/1423792
LUU798XB,http://id.worldcat.org/fast/1423792.,Quotations.,quotations,http://id.worldcat.org/fast/1423792
MLG6XYC2,http://id.worldcat.org/fast/1423792.,Quotations.,quotations,http://id.worldcat.org/fast/1423792
N5UUKHRJ,http://id.worldcat.org/fast/1423792.,Quotations.,quotations,http://id.worldcat.org/fast/1423792
N6LTWH6U,http://id.worldcat.org/fast/1423792.,Quotations.,quotations,http://id.worldcat.org/fast/1423792
PQM8PQVD,http://id.worldcat.org/fast/1423792.,Quotations.,quotations,http://id.worldcat.org/fast/1423792
UZ8WXUCG,http://id.worldcat.org/fast/1423792.,Quotations.,quotations,http://id.worldcat.org/fast/1423792
YEQEKP79,http://id.worldcat.org/fast/1423792.,Quotations.,quotations,http://id.worldcat.org/fast/1423792
4LK4QA8S,http://id.worldcat.org/fast/1423794.,Diaries.,diaries,http://id.worldcat.org/fast/1423794
PSRVQR59,http://id.worldcat.org/fast/1423794.,Diaries.,diaries,http://id.worldcat.org/fast/1423794
QTQAU3DB,http://id.worldcat.org/fast/1423794.,Diaries.,diaries,http://id.worldcat.org/fast/1423794
4R2N4PWW,http://id.worldcat.org/fast/1423807.,Pictorial maps.,pictorial-maps,http://id.worldcat.org/fast/1423807
6QEXTM4R,http://id.worldcat.org/fast/1423820.,"Notebooks, sketchbooks, etc.",notebooks-sketchbooks-etc,http://id.worldcat.org/fast/1423820
AGU78B2Q,http://id.worldcat.org/fast/1423820.,"Notebooks, sketchbooks, etc.",notebooks-sketchbooks-etc,http://id.worldcat.org/fast/1423820
E2VYXNX7,http://id.worldcat.org/fast/1423820.,"Notebooks, sketchbooks, etc.",notebooks-sketchbooks-etc,http://id.worldcat.org/fast/1423820
E62R9QS4,http://id.worldcat.org/fast/1423821.,Obituaries.,obituaries,http://id.worldcat.org/fast/1423821
GLRT8PAR,http://id.worldcat.org/fast/1423821.,Obituaries.,obituaries,http://id.worldcat.org/fast/1423821
BKNRPZRY,http://id.worldcat.org/fast/1423826.,Dictionaries.,dictionaries,http://id.worldcat.org/fast/1423826
QQRPZNYY,http://id.worldcat.org/fast/1423826.,Dictionaries.,dictionaries,http://id.worldcat.org/fast/1423826
2B2582MX,http://id.worldcat.org/fast/1423828.,Poetry.,poetry,http://id.worldcat.org/fast/1423828
2W368KM7,http://id.worldcat.org/fast/1423828.,Poetry.,poetry,http://id.worldcat.org/fast/1423828
3C827A4Q,http://id.worldcat.org/fast/1423828.,Poetry.,poetry,http://id.worldcat.org/fast/1423828
48AHMBTH,http://id.worldcat.org/fast/1423828.,Poetry.,poetry,http://id.worldcat.org/fast/1423828
4QFAMBK2,http://id.worldcat.org/fast/1423828.,Poetry.,poetry,http://id.worldcat.org/fast/1423828
566FGEFI,http://id.worldcat.org/fast/1423828.,Poetry.,poetry,http://id.worldcat.org/fast/1423828
599Q83FU,http://id.worldcat.org/fast/1423828.,Poetry.,poetry,http://id.worldcat.org/fast/1423828
5BTUNLK2,http://id.worldcat.org/fast/1423828.,Poetry.,poetry,http://id.worldcat.org/fast/1423828
5IAMT5AG,http://id.worldcat.org/fast/1423828.,Poetry.,poetry,http://id.worldcat.org/fast/1423828
5RB6ICNW,http://id.worldcat.org/fast/1423828.,Poetry.,poetry,http://id.worldcat.org/fast/1423828
5VMVZ3JB,http://id.worldcat.org/fast/1423828.,Poetry.,poetry,http://id.worldcat.org/fast/1423828
5VWS7Q8P,http://id.worldcat.org/fast/1423828.,Poetry.,poetry,http://id.worldcat.org/fast/1423828
692S584Y,http://id.worldcat.org/fast/1423828.,Poetry.,poetry,http://id.worldcat.org/fast/1423828
7P6ZWQRP,http://id.worldcat.org/fast/1423828.,Poetry.,poetry,http://id.worldcat.org/fast/1423828
83JLLNSN,http://id.worldcat.org/fast/1423828.,Poetry.,poetry,http://id.worldcat.org/fast/1423828
8NYK2SIM,http://id.worldcat.org/fast/1423828.,Poetry.,poetry,http://id.worldcat.org/fast/1423828
9D7CD9RC,http://id.worldcat.org/fast/1423828.,Poetry.,poetry,http://id.worldcat.org/fast/1423828
9FX8NRGF,http://id.worldcat.org/fast/1423828.,Poetry.,poetry,http://id.worldcat.org/fast/1423828
ACM94FM8,http://id.worldcat.org/fast/1423828.,Poetry.,poetry,http://id.worldcat.org/fast/1423828
BQ3JGWKQ,http://id.worldcat.org/fast/1423828.,Poetry.,poetry,http://id.worldcat.org/fast/1423828
BRAK439D,http://id.worldcat.org/fast/1423828.,Poetry.,poetry,http://id.worldcat.org/fast/1423828
CCS3Z546,http://id.worldcat.org/fast/1423828.,Poetry.,poetry,http://id.worldcat.org/fast/1423828
CGFXKRSP,http://id.worldcat.org/fast/1423828.,Poetry.,poetry,http://id.worldcat.org/fast/1423828
CHCWV92Y,http://id.worldcat.org/fast/1423828.,Poetry.,poetry,http://id.worldcat.org/fast/1423828
DVBP2ZX8,http://id.worldcat.org/fast/1423828.,Poetry.,poetry,http://id.worldcat.org/fast/1423828
E29YMLF5,http://id.worldcat.org/fast/1423828.,Poetry.,poetry,http://id.worldcat.org/fast/1423828
E39HWSLV,http://id.worldcat.org/fast/1423828.,Poetry.,poetry,http://id.worldcat.org/fast/1423828
EBFUUIGM,http://id.worldcat.org/fast/1423828.,Poetry.,poetry,http://id.worldcat.org/fast/1423828
ENEIDVWJ,http://id.worldcat.org/fast/1423828.,Poetry.,poetry,http://id.worldcat.org/fast/1423828
FB75FLIE,http://id.worldcat.org/fast/1423828.,Poetry.,poetry,http://id.worldcat.org/fast/1423828
GHT2A78E,http://id.worldcat.org/fast/1423828.,Poetry.,poetry,http://id.worldcat.org/fast/1423828
GK4VMW5N,http://id.worldcat.org/fast/1423828.,Poetry.,poetry,http://id.worldcat.org/fast/1423828
GUFAHLE5,http://id.worldcat.org/fast/1423828.,Poetry.,poetry,http://id.worldcat.org/fast/1423828
IJZRUWSY,http://id.worldcat.org/fast/1423828.,Poetry.,poetry,http://id.worldcat.org/fast/1423828
IX35PGRG,http://id.worldcat.org/fast/1423828.,Poetry.,poetry,http://id.worldcat.org/fast/1423828
J2Y8TU6U,http://id.worldcat.org/fast/1423828.,Poetry.,poetry,http://id.worldcat.org/fast/1423828
J7H45MHN,http://id.worldcat.org/fast/1423828.,Poetry.,poetry,http://id.worldcat.org/fast/1423828
J7MTRLGR,http://id.worldcat.org/fast/1423828.,Poetry.,poetry,http://id.worldcat.org/fast/1423828
J7QUNJH2,http://id.worldcat.org/fast/1423828.,Poetry.,poetry,http://id.worldcat.org/fast/1423828
JHC5FI3J,http://id.worldcat.org/fast/1423828.,Poetry.,poetry,http://id.worldcat.org/fast/1423828
K9Q5XIGB,http://id.worldcat.org/fast/1423828.,Poetry.,poetry,http://id.worldcat.org/fast/1423828
KBHG9EJS,http://id.worldcat.org/fast/1423828.,Poetry.,poetry,http://id.worldcat.org/fast/1423828
KIW88E9A,http://id.worldcat.org/fast/1423828.,Poetry.,poetry,http://id.worldcat.org/fast/1423828
LBKWXD7P,http://id.worldcat.org/fast/1423828.,Poetry.,poetry,http://id.worldcat.org/fast/1423828
LMMBZ2D6,http://id.worldcat.org/fast/1423828.,Poetry.,poetry,http://id.worldcat.org/fast/1423828
LPBXAJKC,http://id.worldcat.org/fast/1423828.,Poetry.,poetry,http://id.worldcat.org/fast/1423828
LTZ95FTJ,http://id.worldcat.org/fast/1423828.,Poetry.,poetry,http://id.worldcat.org/fast/1423828
M5Y2U9BX,http://id.worldcat.org/fast/1423828.,Poetry.,poetry,http://id.worldcat.org/fast/1423828
NEIV6P5W,http://id.worldcat.org/fast/1423828.,Poetry.,poetry,http://id.worldcat.org/fast/1423828
NEWYUCJW,http://id.worldcat.org/fast/1423828.,Poetry.,poetry,http://id.worldcat.org/fast/1423828
PEEGHK2R,http://id.worldcat.org/fast/1423828.,Poetry.,poetry,http://id.worldcat.org/fast/1423828
QRPI3QZV,http://id.worldcat.org/fast/1423828.,Poetry.,poetry,http://id.worldcat.org/fast/1423828
QVB63PH7,http://id.worldcat.org/fast/1423828.,Poetry.,poetry,http://id.worldcat.org/fast/1423828
QWN46XKR,http://id.worldcat.org/fast/1423828.,Poetry.,poetry,http://id.worldcat.org/fast/1423828
S7KC6XW2,http://id.worldcat.org/fast/1423828.,Poetry.,poetry,http://id.worldcat.org/fast/1423828
SIGA9FCB,http://id.worldcat.org/fast/1423828.,Poetry.,poetry,http://id.worldcat.org/fast/1423828
SN5C56PQ,http://id.worldcat.org/fast/1423828.,Poetry.,poetry,http://id.worldcat.org/fast/1423828
SZBXI3ZB,http://id.worldcat.org/fast/1423828.,Poetry.,poetry,http://id.worldcat.org/fast/1423828
UIXK9R42,http://id.worldcat.org/fast/1423828.,Poetry.,poetry,http://id.worldcat.org/fast/1423828
UTGYZH5Q,http://id.worldcat.org/fast/1423828.,Poetry.,poetry,http://id.worldcat.org/fast/1423828
VQPJFJEY,http://id.worldcat.org/fast/1423828.,Poetry.,poetry,http://id.worldcat.org/fast/1423828
VSULSMC8,http://id.worldcat.org/fast/1423828.,Poetry.,poetry,http://id.worldcat.org/fast/1423828
VUJ7DGS2,http://id.worldcat.org/fast/1423828.,Poetry.,poetry,http://id.worldcat.org/fast/1423828
XHTD5GCK,http://id.worldcat.org/fast/1423828.,Poetry.,poetry,http://id.worldcat.org/fast/1423828
XLU2WEKP,http://id.worldcat.org/fast/1423828.,Poetry.,poetry,http://id.worldcat.org/fast/1423828
XTJAJ37U,http://id.worldcat.org/fast/1423828.,Poetry.,poetry,http://id.worldcat.org/fast/1423828
YCJVW6Y6,http://id.worldcat.org/fast/1423828.,Poetry.,poetry,http://id.worldcat.org/fast/1423828
YX7BXEWX,http://id.worldcat.org/fast/1423828.,Poetry.,poetry,http://id.worldcat.org/fast/1423828
YZ2PU6X5,http://id.worldcat.org/fast/1423828.,Poetry.,poetry,http://id.worldcat.org/fast/1423828
ZKXXG9FB,http://id.worldcat.org/fast/1423828.,Poetry.,poetry,http://id.worldcat.org/fast/1423828
3Y8U8ZF9,http://id.worldcat.org/fast/1423831.,Portraits.,portraits,http://id.worldcat.org/fast/1423831
4S9B5FHR,http://id.worldcat.org/fast/1423831.,Portraits.,portraits,http://id.worldcat.org/fast/1423831
4YJTPJJ2,http://id.worldcat.org/fast/1423831.,Portraits.,portraits,http://id.worldcat.org/fast/1423831
4YRHPUNT,http://id.worldcat.org/fast/1423831.,Portraits.,portraits,http://id.worldcat.org/fast/1423831
8ABY94EI,http://id.worldcat.org/fast/1423831.,Portraits.,portraits,http://id.worldcat.org/fast/1423831
99EMTLY4,http://id.worldcat.org/fast/1423831.,Portraits.,portraits,http://id.worldcat.org/fast/1423831
AZ5YHEIK,http://id.worldcat.org/fast/1423831.,Portraits.,portraits,http://id.worldcat.org/fast/1423831
B3FLIYWS,http://id.worldcat.org/fast/1423831.,Portraits.,portraits,http://id.worldcat.org/fast/1423831
B9LMTRA2,http://id.worldcat.org/fast/1423831.,Portraits.,portraits,http://id.worldcat.org/fast/1423831
BQ3JGWKQ,http://id.worldcat.org/fast/1423831.,Portraits.,portraits,http://id.worldcat.org/fast/1423831
CFIF9DHE,http://id.worldcat.org/fast/1423831.,Portraits.,portraits,http://id.worldcat.org/fast/1423831
DJVUT7UH,http://id.worldcat.org/fast/1423831.,Portraits.,portraits,http://id.worldcat.org/fast/1423831
DP8P7RWF,http://id.worldcat.org/fast/1423831.,Portraits.,portraits,http://id.worldcat.org/fast/1423831
E98Z7IRM,http://id.worldcat.org/fast/1423831.,Portraits.,portraits,http://id.worldcat.org/fast/1423831
GMT66HSU,http://id.worldcat.org/fast/1423831.,Portraits.,portraits,http://id.worldcat.org/fast/1423831
JNX9GBSP,http://id.worldcat.org/fast/1423831.,Portraits.,portraits,http://id.worldcat.org/fast/1423831
JTSDBP9P,http://id.worldcat.org/fast/1423831.,Portraits.,portraits,http://id.worldcat.org/fast/1423831
L2KQMS9M,http://id.worldcat.org/fast/1423831.,Portraits.,portraits,http://id.worldcat.org/fast/1423831
LJRAQL55,http://id.worldcat.org/fast/1423831.,Portraits.,portraits,http://id.worldcat.org/fast/1423831
STNWYDB9,http://id.worldcat.org/fast/1423831.,Portraits.,portraits,http://id.worldcat.org/fast/1423831
UWRH5RMK,http://id.worldcat.org/fast/1423831.,Portraits.,portraits,http://id.worldcat.org/fast/1423831
WT67GABW,http://id.worldcat.org/fast/1423831.,Portraits.,portraits,http://id.worldcat.org/fast/1423831
YKLIS4G8,http://id.worldcat.org/fast/1423831.,Portraits.,portraits,http://id.worldcat.org/fast/1423831
Z8TZAPIY,http://id.worldcat.org/fast/1423831.,Portraits.,portraits,http://id.worldcat.org/fast/1423831
3CLJJJUE,http://id.worldcat.org/fast/1423832.,Interviews.,interviews,http://id.worldcat.org/fast/1423832
5QLHSPTH,http://id.worldcat.org/fast/1423832.,Interviews.,interviews,http://id.worldcat.org/fast/1423832
G347E7IL,http://id.worldcat.org/fast/1423832.,Interviews.,interviews,http://id.worldcat.org/fast/1423832
GQK3M2EN,http://id.worldcat.org/fast/1423832.,Interviews.,interviews,http://id.worldcat.org/fast/1423832
JHC5FI3J,http://id.worldcat.org/fast/1423832.,Interviews.,interviews,http://id.worldcat.org/fast/1423832
KDBNS6DT,http://id.worldcat.org/fast/1423832.,Interviews.,interviews,http://id.worldcat.org/fast/1423832
P4SWWF7M,http://id.worldcat.org/fast/1423832.,Interviews.,interviews,http://id.worldcat.org/fast/1423832
U8SKBF8I,http://id.worldcat.org/fast/1423832.,Interviews.,interviews,http://id.worldcat.org/fast/1423832
YITEDFE2,http://id.worldcat.org/fast/1423832.,Interviews.,interviews,http://id.worldcat.org/fast/1423832
CJMLGQLV,http://id.worldcat.org/fast/1423840.,"Parodies, imitations, etc.",parodies-imitations-etc,http://id.worldcat.org/fast/1423840
Q5V5EJLN,http://id.worldcat.org/fast/1423840.,"Parodies, imitations, etc.",parodies-imitations-etc,http://id.worldcat.org/fast/1423840
3ZP4QHUA,http://id.worldcat.org/fast/1423843.,Personal narratives.,personal-narratives,http://id.worldcat.org/fast/1423843
4BPI6G2J,http://id.worldcat.org/fast/1423843.,Personal narratives.,personal-narratives,http://id.worldcat.org/fast/1423843
65JGRC8Z,http://id.worldcat.org/fast/1423843.,Personal narratives.,personal-narratives,http://id.worldcat.org/fast/1423843
892IYWX3,http://id.worldcat.org/fast/1423843.,Personal narratives.,personal-narratives,http://id.worldcat.org/fast/1423843
9M4MSDAN,http://id.worldcat.org/fast/1423843.,Personal narratives.,personal-narratives,http://id.worldcat.org/fast/1423843
E5CM7GH2,http://id.worldcat.org/fast/1423843.,Personal narratives.,personal-narratives,http://id.worldcat.org/fast/1423843
EJK8HBT2,http://id.worldcat.org/fast/1423843.,Personal narratives.,personal-narratives,http://id.worldcat.org/fast/1423843
FGI58BRN,http://id.worldcat.org/fast/1423843.,Personal narratives.,personal-narratives,http://id.worldcat.org/fast/1423843
FVWFHLNT,http://id.worldcat.org/fast/1423843.,Personal narratives.,personal-narratives,http://id.worldcat.org/fast/1423843
HFL33QJH,http://id.worldcat.org/fast/1423843.,Personal narratives.,personal-narratives,http://id.worldcat.org/fast/1423843
HQVR749A,http://id.worldcat.org/fast/1423843.,Personal narratives.,personal-narratives,http://id.worldcat.org/fast/1423843
IHG8DC77,http://id.worldcat.org/fast/1423843.,Personal narratives.,personal-narratives,http://id.worldcat.org/fast/1423843
ISTV64ZP,http://id.worldcat.org/fast/1423843.,Personal narratives.,personal-narratives,http://id.worldcat.org/fast/1423843
J7X3CPIP,http://id.worldcat.org/fast/1423843.,Personal narratives.,personal-narratives,http://id.worldcat.org/fast/1423843
L6IMUZ75,http://id.worldcat.org/fast/1423843.,Personal narratives.,personal-narratives,http://id.worldcat.org/fast/1423843
M83X67YA,http://id.worldcat.org/fast/1423843.,Personal narratives.,personal-narratives,http://id.worldcat.org/fast/1423843
PAAY4MZ2,http://id.worldcat.org/fast/1423843.,Personal narratives.,personal-narratives,http://id.worldcat.org/fast/1423843
Q536V483,http://id.worldcat.org/fast/1423843.,Personal narratives.,personal-narratives,http://id.worldcat.org/fast/1423843
QKXVZ4DQ,http://id.worldcat.org/fast/1423843.,Personal narratives.,personal-narratives,http://id.worldcat.org/fast/1423843
S6JDHBSV,http://id.worldcat.org/fast/1423843.,Personal narratives.,personal-narratives,http://id.worldcat.org/fast/1423843
SGCKIGXG,http://id.worldcat.org/fast/1423843.,Personal narratives.,personal-narratives,http://id.worldcat.org/fast/1423843
V8GA3YS9,http://id.worldcat.org/fast/1423843.,Personal narratives.,personal-narratives,http://id.worldcat.org/fast/1423843
VN89TZBV,http://id.worldcat.org/fast/1423843.,Personal narratives.,personal-narratives,http://id.worldcat.org/fast/1423843
VVY2VVZ4,http://id.worldcat.org/fast/1423843.,Personal narratives.,personal-narratives,http://id.worldcat.org/fast/1423843
WDD87XPC,http://id.worldcat.org/fast/1423843.,Personal narratives.,personal-narratives,http://id.worldcat.org/fast/1423843
ZH3R9PQF,http://id.worldcat.org/fast/1423843.,Personal narratives.,personal-narratives,http://id.worldcat.org/fast/1423843
FSGBHJDV,http://id.worldcat.org/fast/1423846.,Popular works.,popular-works,http://id.worldcat.org/fast/1423846
SNJEWEIG,http://id.worldcat.org/fast/1423855.,Music.,music,http://id.worldcat.org/fast/1423855
23ZX86U5,http://id.worldcat.org/fast/1423861.,Specimens.,specimens,http://id.worldcat.org/fast/1423861
24YJ4MQA,http://id.worldcat.org/fast/1423861.,Specimens.,specimens,http://id.worldcat.org/fast/1423861
2D9X89XX,http://id.worldcat.org/fast/1423861.,Specimens.,specimens,http://id.worldcat.org/fast/1423861
2KM7HSNE,http://id.worldcat.org/fast/1423861.,Specimens.,specimens,http://id.worldcat.org/fast/1423861
2LGSRZH3,http://id.worldcat.org/fast/1423861.,Specimens.,specimens,http://id.worldcat.org/fast/1423861
2W368KM7,http://id.worldcat.org/fast/1423861.,Specimens.,specimens,http://id.worldcat.org/fast/1423861
2X8EKNSF,http://id.worldcat.org/fast/1423861.,Specimens.,specimens,http://id.worldcat.org/fast/1423861
2Y3CWMAR,http://id.worldcat.org/fast/1423861.,Specimens.,specimens,http://id.worldcat.org/fast/1423861
2YERIMK2,http://id.worldcat.org/fast/1423861.,Specimens.,specimens,http://id.worldcat.org/fast/1423861
336ZZN7S,http://id.worldcat.org/fast/1423861.,Specimens.,specimens,http://id.worldcat.org/fast/1423861
35PYDJJX,http://id.worldcat.org/fast/1423861.,Specimens.,specimens,http://id.worldcat.org/fast/1423861
39HJAM45,http://id.worldcat.org/fast/1423861.,Specimens.,specimens,http://id.worldcat.org/fast/1423861
3A3YZS7V,http://id.worldcat.org/fast/1423861.,Specimens.,specimens,http://id.worldcat.org/fast/1423861
3HFE75EE,http://id.worldcat.org/fast/1423861.,Specimens.,specimens,http://id.worldcat.org/fast/1423861
3KUNMIBP,http://id.worldcat.org/fast/1423861.,Specimens.,specimens,http://id.worldcat.org/fast/1423861
3KX9RY53,http://id.worldcat.org/fast/1423861.,Specimens.,specimens,http://id.worldcat.org/fast/1423861
3QXCAUBS,http://id.worldcat.org/fast/1423861.,Specimens.,specimens,http://id.worldcat.org/fast/1423861
3QXLXM2L,http://id.worldcat.org/fast/1423861.,Specimens.,specimens,http://id.worldcat.org/fast/1423861
3RZ2C63A,http://id.worldcat.org/fast/1423861.,Specimens.,specimens,http://id.worldcat.org/fast/1423861
3S6VEBTX,http://id.worldcat.org/fast/1423861.,Specimens.,specimens,http://id.worldcat.org/fast/1423861
3VINCA44,http://id.worldcat.org/fast/1423861.,Specimens.,specimens,http://id.worldcat.org/fast/1423861
3YW88G5W,http://id.worldcat.org/fast/1423861.,Specimens.,specimens,http://id.worldcat.org/fast/1423861
3ZUC8TKN,http://id.worldcat.org/fast/1423861.,Specimens.,specimens,http://id.worldcat.org/fast/1423861
43CVMICH,http://id.worldcat.org/fast/1423861.,Specimens.,specimens,http://id.worldcat.org/fast/1423861
43VQN65D,http://id.worldcat.org/fast/1423861.,Specimens.,specimens,http://id.worldcat.org/fast/1423861
469JLCRM,http://id.worldcat.org/fast/1423861.,Specimens.,specimens,http://id.worldcat.org/fast/1423861
4EZIC3WX,http://id.worldcat.org/fast/1423861.,Specimens.,specimens,http://id.worldcat.org/fast/1423861
4KEMFYE5,http://id.worldcat.org/fast/1423861.,Specimens.,specimens,http://id.worldcat.org/fast/1423861
4KTMAPB9,http://id.worldcat.org/fast/1423861.,Specimens.,specimens,http://id.worldcat.org/fast/1423861
4MNV6M2D,http://id.worldcat.org/fast/1423861.,Specimens.,specimens,http://id.worldcat.org/fast/1423861
4QFAMBK2,http://id.worldcat.org/fast/1423861.,Specimens.,specimens,http://id.worldcat.org/fast/1423861
4RPSYI95,http://id.worldcat.org/fast/1423861.,Specimens.,specimens,http://id.worldcat.org/fast/1423861
4VQMM7CD,http://id.worldcat.org/fast/1423861.,Specimens.,specimens,http://id.worldcat.org/fast/1423861
5767RIMM,http://id.worldcat.org/fast/1423861.,Specimens.,specimens,http://id.worldcat.org/fast/1423861
5C9IGFYL,http://id.worldcat.org/fast/1423861.,Specimens.,specimens,http://id.worldcat.org/fast/1423861
5CAZWUF3,http://id.worldcat.org/fast/1423861.,Specimens.,specimens,http://id.worldcat.org/fast/1423861
5IAMT5AG,http://id.worldcat.org/fast/1423861.,Specimens.,specimens,http://id.worldcat.org/fast/1423861
5RMHY3GN,http://id.worldcat.org/fast/1423861.,Specimens.,specimens,http://id.worldcat.org/fast/1423861
5ZL3VFEB,http://id.worldcat.org/fast/1423861.,Specimens.,specimens,http://id.worldcat.org/fast/1423861
632X6CII,http://id.worldcat.org/fast/1423861.,Specimens.,specimens,http://id.worldcat.org/fast/1423861
63PL2Y3P,http://id.worldcat.org/fast/1423861.,Specimens.,specimens,http://id.worldcat.org/fast/1423861
654GPFBP,http://id.worldcat.org/fast/1423861.,Specimens.,specimens,http://id.worldcat.org/fast/1423861
658XBXEA,http://id.worldcat.org/fast/1423861.,Specimens.,specimens,http://id.worldcat.org/fast/1423861
6AS73ERV,http://id.worldcat.org/fast/1423861.,Specimens.,specimens,http://id.worldcat.org/fast/1423861
6C2P9MX4,http://id.worldcat.org/fast/1423861.,Specimens.,specimens,http://id.worldcat.org/fast/1423861
6CFQVVMX,http://id.worldcat.org/fast/1423861.,Specimens.,specimens,http://id.worldcat.org/fast/1423861
6CYZIZV8,http://id.worldcat.org/fast/1423861.,Specimens.,specimens,http://id.worldcat.org/fast/1423861
6D2HLT6A,http://id.worldcat.org/fast/1423861.,Specimens.,specimens,http://id.worldcat.org/fast/1423861
6D565KJB,http://id.worldcat.org/fast/1423861.,Specimens.,specimens,http://id.worldcat.org/fast/1423861
6FQNGN3S,http://id.worldcat.org/fast/1423861.,Specimens.,specimens,http://id.worldcat.org/fast/1423861
6J7JCJ8Q,http://id.worldcat.org/fast/1423861.,Specimens.,specimens,http://id.worldcat.org/fast/1423861
6NIBFM43,http://id.worldcat.org/fast/1423861.,Specimens.,specimens,http://id.worldcat.org/fast/1423861
6WGTDZ7D,http://id.worldcat.org/fast/1423861.,Specimens.,specimens,http://id.worldcat.org/fast/1423861
6WUDSMPF,http://id.worldcat.org/fast/1423861.,Specimens.,specimens,http://id.worldcat.org/fast/1423861
76WLZ4BK,http://id.worldcat.org/fast/1423861.,Specimens.,specimens,http://id.worldcat.org/fast/1423861
7B2F97TD,http://id.worldcat.org/fast/1423861.,Specimens.,specimens,http://id.worldcat.org/fast/1423861
7DU84Q8C,http://id.worldcat.org/fast/1423861.,Specimens.,specimens,http://id.worldcat.org/fast/1423861
7DW84IIA,http://id.worldcat.org/fast/1423861.,Specimens.,specimens,http://id.worldcat.org/fast/1423861
7HEG7EAS,http://id.worldcat.org/fast/1423861.,Specimens.,specimens,http://id.worldcat.org/fast/1423861
7YILJFPS,http://id.worldcat.org/fast/1423861.,Specimens.,specimens,http://id.worldcat.org/fast/1423861
84KWQXLU,http://id.worldcat.org/fast/1423861.,Specimens.,specimens,http://id.worldcat.org/fast/1423861
86XH2LCF,http://id.worldcat.org/fast/1423861.,Specimens.,specimens,http://id.worldcat.org/fast/1423861
87H2AQ6Q,http://id.worldcat.org/fast/1423861.,Specimens.,specimens,http://id.worldcat.org/fast/1423861
8JFSGGTG,http://id.worldcat.org/fast/1423861.,Specimens.,specimens,http://id.worldcat.org/fast/1423861
8KQHRYNE,http://id.worldcat.org/fast/1423861.,Specimens.,specimens,http://id.worldcat.org/fast/1423861
8MZPM5NM,http://id.worldcat.org/fast/1423861.,Specimens.,specimens,http://id.worldcat.org/fast/1423861
8NUHR3R2,http://id.worldcat.org/fast/1423861.,Specimens.,specimens,http://id.worldcat.org/fast/1423861
8NYK2SIM,http://id.worldcat.org/fast/1423861.,Specimens.,specimens,http://id.worldcat.org/fast/1423861
8XFT77DQ,http://id.worldcat.org/fast/1423861.,Specimens.,specimens,http://id.worldcat.org/fast/1423861
8Z4XUUNF,http://id.worldcat.org/fast/1423861.,Specimens.,specimens,http://id.worldcat.org/fast/1423861
99EMTLY4,http://id.worldcat.org/fast/1423861.,Specimens.,specimens,http://id.worldcat.org/fast/1423861
9C4IMR8B,http://id.worldcat.org/fast/1423861.,Specimens.,specimens,http://id.worldcat.org/fast/1423861
9EYQ75JU,http://id.worldcat.org/fast/1423861.,Specimens.,specimens,http://id.worldcat.org/fast/1423861
9FX8NRGF,http://id.worldcat.org/fast/1423861.,Specimens.,specimens,http://id.worldcat.org/fast/1423861
9HXSD7R3,http://id.worldcat.org/fast/1423861.,Specimens.,specimens,http://id.worldcat.org/fast/1423861
9M4MSDAN,http://id.worldcat.org/fast/1423861.,Specimens.,specimens,http://id.worldcat.org/fast/1423861
9T72BMX6,http://id.worldcat.org/fast/1423861.,Specimens.,specimens,http://id.worldcat.org/fast/1423861
A3FJ5EQR,http://id.worldcat.org/fast/1423861.,Specimens.,specimens,http://id.worldcat.org/fast/1423861
A9A6SCSQ,http://id.worldcat.org/fast/1423861.,Specimens.,specimens,http://id.worldcat.org/fast/1423861
A9P4WPHR,http://id.worldcat.org/fast/1423861.,Specimens.,specimens,http://id.worldcat.org/fast/1423861
AAEXGG89,http://id.worldcat.org/fast/1423861.,Specimens.,specimens,http://id.worldcat.org/fast/1423861
AB3XJFKU,http://id.worldcat.org/fast/1423861.,Specimens.,specimens,http://id.worldcat.org/fast/1423861
ADNLTPIJ,http://id.worldcat.org/fast/1423861.,Specimens.,specimens,http://id.worldcat.org/fast/1423861
ADP7A5HH,http://id.worldcat.org/fast/1423861.,Specimens.,specimens,http://id.worldcat.org/fast/1423861
AFM9EU3A,http://id.worldcat.org/fast/1423861.,Specimens.,specimens,http://id.worldcat.org/fast/1423861
AVVG3G7B,http://id.worldcat.org/fast/1423861.,Specimens.,specimens,http://id.worldcat.org/fast/1423861
B3VN2FLE,http://id.worldcat.org/fast/1423861.,Specimens.,specimens,http://id.worldcat.org/fast/1423861
B5S4K6IA,http://id.worldcat.org/fast/1423861.,Specimens.,specimens,http://id.worldcat.org/fast/1423861
B9LMTRA2,http://id.worldcat.org/fast/1423861.,Specimens.,specimens,http://id.worldcat.org/fast/1423861
BDH4KP5P,http://id.worldcat.org/fast/1423861.,Specimens.,specimens,http://id.worldcat.org/fast/1423861
BEAIU85U,http://id.worldcat.org/fast/1423861.,Specimens.,specimens,http://id.worldcat.org/fast/1423861
BFCDMBHN,http://id.worldcat.org/fast/1423861.,Specimens.,specimens,http://id.worldcat.org/fast/1423861
BH7EHBJA,http://id.worldcat.org/fast/1423861.,Specimens.,specimens,http://id.worldcat.org/fast/1423861
BHEUTQLS,http://id.worldcat.org/fast/1423861.,Specimens.,specimens,http://id.worldcat.org/fast/1423861
BJZBUA9G,http://id.worldcat.org/fast/1423861.,Specimens.,specimens,http://id.worldcat.org/fast/1423861
BM8GGVK3,http://id.worldcat.org/fast/1423861.,Specimens.,specimens,http://id.worldcat.org/fast/1423861
BQZRQGM2,http://id.worldcat.org/fast/1423861.,Specimens.,specimens,http://id.worldcat.org/fast/1423861
BRL4VTNW,http://id.worldcat.org/fast/1423861.,Specimens.,specimens,http://id.worldcat.org/fast/1423861
BRXLRBPA,http://id.worldcat.org/fast/1423861.,Specimens.,specimens,http://id.worldcat.org/fast/1423861
BVRQK4KR,http://id.worldcat.org/fast/1423861.,Specimens.,specimens,http://id.worldcat.org/fast/1423861
BXRF7M3U,http://id.worldcat.org/fast/1423861.,Specimens.,specimens,http://id.worldcat.org/fast/1423861
BZXS5WXX,http://id.worldcat.org/fast/1423861.,Specimens.,specimens,http://id.worldcat.org/fast/1423861
C35V4GE9,http://id.worldcat.org/fast/1423861.,Specimens.,specimens,http://id.worldcat.org/fast/1423861
C7C2WC28,http://id.worldcat.org/fast/1423861.,Specimens.,specimens,http://id.worldcat.org/fast/1423861
CAIVDWQL,http://id.worldcat.org/fast/1423861.,Specimens.,specimens,http://id.worldcat.org/fast/1423861
CFIF9DHE,http://id.worldcat.org/fast/1423861.,Specimens.,specimens,http://id.worldcat.org/fast/1423861
CRKSZH7J,http://id.worldcat.org/fast/1423861.,Specimens.,specimens,http://id.worldcat.org/fast/1423861
CVXVUB6S,http://id.worldcat.org/fast/1423861.,Specimens.,specimens,http://id.worldcat.org/fast/1423861
CW8JB3W2,http://id.worldcat.org/fast/1423861.,Specimens.,specimens,http://id.worldcat.org/fast/1423861
CWABV6X4,http://id.worldcat.org/fast/1423861.,Specimens.,specimens,http://id.worldcat.org/fast/1423861
CZE89VUA,http://id.worldcat.org/fast/1423861.,Specimens.,specimens,http://id.worldcat.org/fast/1423861
D5FZLMPX,http://id.worldcat.org/fast/1423861.,Specimens.,specimens,http://id.worldcat.org/fast/1423861
D75GLLMG,http://id.worldcat.org/fast/1423861.,Specimens.,specimens,http://id.worldcat.org/fast/1423861
DD9CP69Q,http://id.worldcat.org/fast/1423861.,Specimens.,specimens,http://id.worldcat.org/fast/1423861
DFMDL54I,http://id.worldcat.org/fast/1423861.,Specimens.,specimens,http://id.worldcat.org/fast/1423861
DGB3SEXI,http://id.worldcat.org/fast/1423861.,Specimens.,specimens,http://id.worldcat.org/fast/1423861
DKK3M6ZY,http://id.worldcat.org/fast/1423861.,Specimens.,specimens,http://id.worldcat.org/fast/1423861
DMCECA45,http://id.worldcat.org/fast/1423861.,Specimens.,specimens,http://id.worldcat.org/fast/1423861
DNIUYM7C,http://id.worldcat.org/fast/1423861.,Specimens.,specimens,http://id.worldcat.org/fast/1423861
DR8985RQ,http://id.worldcat.org/fast/1423861.,Specimens.,specimens,http://id.worldcat.org/fast/1423861
DVBP2ZX8,http://id.worldcat.org/fast/1423861.,Specimens.,specimens,http://id.worldcat.org/fast/1423861
DX43HTQQ,http://id.worldcat.org/fast/1423861.,Specimens.,specimens,http://id.worldcat.org/fast/1423861
E48HZ6TE,http://id.worldcat.org/fast/1423861.,Specimens.,specimens,http://id.worldcat.org/fast/1423861
E696HLCC,http://id.worldcat.org/fast/1423861.,Specimens.,specimens,http://id.worldcat.org/fast/1423861
EB5CKXSA,http://id.worldcat.org/fast/1423861.,Specimens.,specimens,http://id.worldcat.org/fast/1423861
EBFUUIGM,http://id.worldcat.org/fast/1423861.,Specimens.,specimens,http://id.worldcat.org/fast/1423861
EJK8HBT2,http://id.worldcat.org/fast/1423861.,Specimens.,specimens,http://id.worldcat.org/fast/1423861
ENEIDVWJ,http://id.worldcat.org/fast/1423861.,Specimens.,specimens,http://id.worldcat.org/fast/1423861
ESM5ERZT,http://id.worldcat.org/fast/1423861.,Specimens.,specimens,http://id.worldcat.org/fast/1423861
ETY3IKDB,http://id.worldcat.org/fast/1423861.,Specimens.,specimens,http://id.worldcat.org/fast/1423861
EXLW2JAI,http://id.worldcat.org/fast/1423861.,Specimens.,specimens,http://id.worldcat.org/fast/1423861
F8PBXTE5,http://id.worldcat.org/fast/1423861.,Specimens.,specimens,http://id.worldcat.org/fast/1423861
FCMN5SI3,http://id.worldcat.org/fast/1423861.,Specimens.,specimens,http://id.worldcat.org/fast/1423861
FGI58BRN,http://id.worldcat.org/fast/1423861.,Specimens.,specimens,http://id.worldcat.org/fast/1423861
FH34XFCA,http://id.worldcat.org/fast/1423861.,Specimens.,specimens,http://id.worldcat.org/fast/1423861
FI2GTQ6N,http://id.worldcat.org/fast/1423861.,Specimens.,specimens,http://id.worldcat.org/fast/1423861
FSEW2GM5,http://id.worldcat.org/fast/1423861.,Specimens.,specimens,http://id.worldcat.org/fast/1423861
FSGBHJDV,http://id.worldcat.org/fast/1423861.,Specimens.,specimens,http://id.worldcat.org/fast/1423861
FSM3KNIN,http://id.worldcat.org/fast/1423861.,Specimens.,specimens,http://id.worldcat.org/fast/1423861
FVWFHLNT,http://id.worldcat.org/fast/1423861.,Specimens.,specimens,http://id.worldcat.org/fast/1423861
FWENDANN,http://id.worldcat.org/fast/1423861.,Specimens.,specimens,http://id.worldcat.org/fast/1423861
FYZ52K9H,http://id.worldcat.org/fast/1423861.,Specimens.,specimens,http://id.worldcat.org/fast/1423861
G3VEIL5L,http://id.worldcat.org/fast/1423861.,Specimens.,specimens,http://id.worldcat.org/fast/1423861
G4XRMULE,http://id.worldcat.org/fast/1423861.,Specimens.,specimens,http://id.worldcat.org/fast/1423861
GE653HAU,http://id.worldcat.org/fast/1423861.,Specimens.,specimens,http://id.worldcat.org/fast/1423861
GMT66HSU,http://id.worldcat.org/fast/1423861.,Specimens.,specimens,http://id.worldcat.org/fast/1423861
GU98BE9K,http://id.worldcat.org/fast/1423861.,Specimens.,specimens,http://id.worldcat.org/fast/1423861
GURAG9JG,http://id.worldcat.org/fast/1423861.,Specimens.,specimens,http://id.worldcat.org/fast/1423861
GVKJ9X3R,http://id.worldcat.org/fast/1423861.,Specimens.,specimens,http://id.worldcat.org/fast/1423861
GVUDZDE9,http://id.worldcat.org/fast/1423861.,Specimens.,specimens,http://id.worldcat.org/fast/1423861
GYXELWPK,http://id.worldcat.org/fast/1423861.,Specimens.,specimens,http://id.worldcat.org/fast/1423861
H2RAMU8E,http://id.worldcat.org/fast/1423861.,Specimens.,specimens,http://id.worldcat.org/fast/1423861
H4UKFQEN,http://id.worldcat.org/fast/1423861.,Specimens.,specimens,http://id.worldcat.org/fast/1423861
H7PA7HLA,http://id.worldcat.org/fast/1423861.,Specimens.,specimens,http://id.worldcat.org/fast/1423861
H7X35XED,http://id.worldcat.org/fast/1423861.,Specimens.,specimens,http://id.worldcat.org/fast/1423861
H88YESS8,http://id.worldcat.org/fast/1423861.,Specimens.,specimens,http://id.worldcat.org/fast/1423861
HG2YAHLK,http://id.worldcat.org/fast/1423861.,Specimens.,specimens,http://id.worldcat.org/fast/1423861
HH67JM7N,http://id.worldcat.org/fast/1423861.,Specimens.,specimens,http://id.worldcat.org/fast/1423861
HMKRHYHJ,http://id.worldcat.org/fast/1423861.,Specimens.,specimens,http://id.worldcat.org/fast/1423861
HPFMFF5Q,http://id.worldcat.org/fast/1423861.,Specimens.,specimens,http://id.worldcat.org/fast/1423861
HPI8LMMP,http://id.worldcat.org/fast/1423861.,Specimens.,specimens,http://id.worldcat.org/fast/1423861
HQVR749A,http://id.worldcat.org/fast/1423861.,Specimens.,specimens,http://id.worldcat.org/fast/1423861
HSKD9QAD,http://id.worldcat.org/fast/1423861.,Specimens.,specimens,http://id.worldcat.org/fast/1423861
HUZ42HQK,http://id.worldcat.org/fast/1423861.,Specimens.,specimens,http://id.worldcat.org/fast/1423861
I38ULPLF,http://id.worldcat.org/fast/1423861.,Specimens.,specimens,http://id.worldcat.org/fast/1423861
IBAVPUCE,http://id.worldcat.org/fast/1423861.,Specimens.,specimens,http://id.worldcat.org/fast/1423861
ID6CVTS7,http://id.worldcat.org/fast/1423861.,Specimens.,specimens,http://id.worldcat.org/fast/1423861
IFKV5B9H,http://id.worldcat.org/fast/1423861.,Specimens.,specimens,http://id.worldcat.org/fast/1423861
IHG8DC77,http://id.worldcat.org/fast/1423861.,Specimens.,specimens,http://id.worldcat.org/fast/1423861
ILMYEGPY,http://id.worldcat.org/fast/1423861.,Specimens.,specimens,http://id.worldcat.org/fast/1423861
IRXHE5KW,http://id.worldcat.org/fast/1423861.,Specimens.,specimens,http://id.worldcat.org/fast/1423861
ISTV64ZP,http://id.worldcat.org/fast/1423861.,Specimens.,specimens,http://id.worldcat.org/fast/1423861
IT4RYKPH,http://id.worldcat.org/fast/1423861.,Specimens.,specimens,http://id.worldcat.org/fast/1423861
IT9YAY5Z,http://id.worldcat.org/fast/1423861.,Specimens.,specimens,http://id.worldcat.org/fast/1423861
IU8B4XC2,http://id.worldcat.org/fast/1423861.,Specimens.,specimens,http://id.worldcat.org/fast/1423861
IV6X7XZM,http://id.worldcat.org/fast/1423861.,Specimens.,specimens,http://id.worldcat.org/fast/1423861
IW67FN74,http://id.worldcat.org/fast/1423861.,Specimens.,specimens,http://id.worldcat.org/fast/1423861
IWBUX8N7,http://id.worldcat.org/fast/1423861.,Specimens.,specimens,http://id.worldcat.org/fast/1423861
J3PGLNEL,http://id.worldcat.org/fast/1423861.,Specimens.,specimens,http://id.worldcat.org/fast/1423861
J7QUNJH2,http://id.worldcat.org/fast/1423861.,Specimens.,specimens,http://id.worldcat.org/fast/1423861
J7ZSVLN9,http://id.worldcat.org/fast/1423861.,Specimens.,specimens,http://id.worldcat.org/fast/1423861
JAVVTKIE,http://id.worldcat.org/fast/1423861.,Specimens.,specimens,http://id.worldcat.org/fast/1423861
JCU4IW4E,http://id.worldcat.org/fast/1423861.,Specimens.,specimens,http://id.worldcat.org/fast/1423861
JFW3649R,http://id.worldcat.org/fast/1423861.,Specimens.,specimens,http://id.worldcat.org/fast/1423861
JIGAU8LG,http://id.worldcat.org/fast/1423861.,Specimens.,specimens,http://id.worldcat.org/fast/1423861
JY2G3WI2,http://id.worldcat.org/fast/1423861.,Specimens.,specimens,http://id.worldcat.org/fast/1423861
K3476D8R,http://id.worldcat.org/fast/1423861.,Specimens.,specimens,http://id.worldcat.org/fast/1423861
K7X9FUZV,http://id.worldcat.org/fast/1423861.,Specimens.,specimens,http://id.worldcat.org/fast/1423861
KA3J2PE6,http://id.worldcat.org/fast/1423861.,Specimens.,specimens,http://id.worldcat.org/fast/1423861
KCQ745ET,http://id.worldcat.org/fast/1423861.,Specimens.,specimens,http://id.worldcat.org/fast/1423861
KD3JZULN,http://id.worldcat.org/fast/1423861.,Specimens.,specimens,http://id.worldcat.org/fast/1423861
KHVSQCUG,http://id.worldcat.org/fast/1423861.,Specimens.,specimens,http://id.worldcat.org/fast/1423861
KIW88E9A,http://id.worldcat.org/fast/1423861.,Specimens.,specimens,http://id.worldcat.org/fast/1423861
KM8AVRRW,http://id.worldcat.org/fast/1423861.,Specimens.,specimens,http://id.worldcat.org/fast/1423861
KQVDTPRR,http://id.worldcat.org/fast/1423861.,Specimens.,specimens,http://id.worldcat.org/fast/1423861
KSBWLSC2,http://id.worldcat.org/fast/1423861.,Specimens.,specimens,http://id.worldcat.org/fast/1423861
KSFJJ4F4,http://id.worldcat.org/fast/1423861.,Specimens.,specimens,http://id.worldcat.org/fast/1423861
KXZAUJZ5,http://id.worldcat.org/fast/1423861.,Specimens.,specimens,http://id.worldcat.org/fast/1423861
KYMHM2MX,http://id.worldcat.org/fast/1423861.,Specimens.,specimens,http://id.worldcat.org/fast/1423861
L8RU7JQF,http://id.worldcat.org/fast/1423861.,Specimens.,specimens,http://id.worldcat.org/fast/1423861
LDRCMRSX,http://id.worldcat.org/fast/1423861.,Specimens.,specimens,http://id.worldcat.org/fast/1423861
LEMVSIBN,http://id.worldcat.org/fast/1423861.,Specimens.,specimens,http://id.worldcat.org/fast/1423861
LJIBMXWG,http://id.worldcat.org/fast/1423861.,Specimens.,specimens,http://id.worldcat.org/fast/1423861
LKQLU3H2,http://id.worldcat.org/fast/1423861.,Specimens.,specimens,http://id.worldcat.org/fast/1423861
LMMBZ2D6,http://id.worldcat.org/fast/1423861.,Specimens.,specimens,http://id.worldcat.org/fast/1423861
LNFAZY2F,http://id.worldcat.org/fast/1423861.,Specimens.,specimens,http://id.worldcat.org/fast/1423861
LR6PYIUK,http://id.worldcat.org/fast/1423861.,Specimens.,specimens,http://id.worldcat.org/fast/1423861
LRD6FCIV,http://id.worldcat.org/fast/1423861.,Specimens.,specimens,http://id.worldcat.org/fast/1423861
LUWTTTG4,http://id.worldcat.org/fast/1423861.,Specimens.,specimens,http://id.worldcat.org/fast/1423861
LYJSML5E,http://id.worldcat.org/fast/1423861.,Specimens.,specimens,http://id.worldcat.org/fast/1423861
M63K56HX,http://id.worldcat.org/fast/1423861.,Specimens.,specimens,http://id.worldcat.org/fast/1423861
MH2GLXMN,http://id.worldcat.org/fast/1423861.,Specimens.,specimens,http://id.worldcat.org/fast/1423861
MK94HI98,http://id.worldcat.org/fast/1423861.,Specimens.,specimens,http://id.worldcat.org/fast/1423861
MMUB7EQL,http://id.worldcat.org/fast/1423861.,Specimens.,specimens,http://id.worldcat.org/fast/1423861
MVTLPZ9Q,http://id.worldcat.org/fast/1423861.,Specimens.,specimens,http://id.worldcat.org/fast/1423861
MZDH5LJI,http://id.worldcat.org/fast/1423861.,Specimens.,specimens,http://id.worldcat.org/fast/1423861
N5UUKHRJ,http://id.worldcat.org/fast/1423861.,Specimens.,specimens,http://id.worldcat.org/fast/1423861
N65DQ7B9,http://id.worldcat.org/fast/1423861.,Specimens.,specimens,http://id.worldcat.org/fast/1423861
N6LTWH6U,http://id.worldcat.org/fast/1423861.,Specimens.,specimens,http://id.worldcat.org/fast/1423861
NB8UT686,http://id.worldcat.org/fast/1423861.,Specimens.,specimens,http://id.worldcat.org/fast/1423861
NEIV6P5W,http://id.worldcat.org/fast/1423861.,Specimens.,specimens,http://id.worldcat.org/fast/1423861
NIDJQHCY,http://id.worldcat.org/fast/1423861.,Specimens.,specimens,http://id.worldcat.org/fast/1423861
NIXQTNRI,http://id.worldcat.org/fast/1423861.,Specimens.,specimens,http://id.worldcat.org/fast/1423861
NLS4GDCR,http://id.worldcat.org/fast/1423861.,Specimens.,specimens,http://id.worldcat.org/fast/1423861
NM8P6AT8,http://id.worldcat.org/fast/1423861.,Specimens.,specimens,http://id.worldcat.org/fast/1423861
NT97YK5X,http://id.worldcat.org/fast/1423861.,Specimens.,specimens,http://id.worldcat.org/fast/1423861
NY8EIZPN,http://id.worldcat.org/fast/1423861.,Specimens.,specimens,http://id.worldcat.org/fast/1423861
NYPLITNZ,http://id.worldcat.org/fast/1423861.,Specimens.,specimens,http://id.worldcat.org/fast/1423861
P3T4YANB,http://id.worldcat.org/fast/1423861.,Specimens.,specimens,http://id.worldcat.org/fast/1423861
PBDUAC8I,http://id.worldcat.org/fast/1423861.,Specimens.,specimens,http://id.worldcat.org/fast/1423861
PG3WIT3M,http://id.worldcat.org/fast/1423861.,Specimens.,specimens,http://id.worldcat.org/fast/1423861
PQM8PQVD,http://id.worldcat.org/fast/1423861.,Specimens.,specimens,http://id.worldcat.org/fast/1423861
PSPHWMIM,http://id.worldcat.org/fast/1423861.,Specimens.,specimens,http://id.worldcat.org/fast/1423861
PUXWPPDT,http://id.worldcat.org/fast/1423861.,Specimens.,specimens,http://id.worldcat.org/fast/1423861
PVABAGAH,http://id.worldcat.org/fast/1423861.,Specimens.,specimens,http://id.worldcat.org/fast/1423861
PZPPQ3IY,http://id.worldcat.org/fast/1423861.,Specimens.,specimens,http://id.worldcat.org/fast/1423861
Q3XELTDC,http://id.worldcat.org/fast/1423861.,Specimens.,specimens,http://id.worldcat.org/fast/1423861
Q5V5EJLN,http://id.worldcat.org/fast/1423861.,Specimens.,specimens,http://id.worldcat.org/fast/1423861
Q95FDWBA,http://id.worldcat.org/fast/1423861.,Specimens.,specimens,http://id.worldcat.org/fast/1423861
QFYGZM3A,http://id.worldcat.org/fast/1423861.,Specimens.,specimens,http://id.worldcat.org/fast/1423861
QG6C4UVE,http://id.worldcat.org/fast/1423861.,Specimens.,specimens,http://id.worldcat.org/fast/1423861
QIGK743D,http://id.worldcat.org/fast/1423861.,Specimens.,specimens,http://id.worldcat.org/fast/1423861
QJW8HWQH,http://id.worldcat.org/fast/1423861.,Specimens.,specimens,http://id.worldcat.org/fast/1423861
QK7TTBWC,http://id.worldcat.org/fast/1423861.,Specimens.,specimens,http://id.worldcat.org/fast/1423861
QKXVZ4DQ,http://id.worldcat.org/fast/1423861.,Specimens.,specimens,http://id.worldcat.org/fast/1423861
QQ25JWKC,http://id.worldcat.org/fast/1423861.,Specimens.,specimens,http://id.worldcat.org/fast/1423861
QQ26PJLJ,http://id.worldcat.org/fast/1423861.,Specimens.,specimens,http://id.worldcat.org/fast/1423861
QRGVGYBQ,http://id.worldcat.org/fast/1423861.,Specimens.,specimens,http://id.worldcat.org/fast/1423861
QSX9EBUN,http://id.worldcat.org/fast/1423861.,Specimens.,specimens,http://id.worldcat.org/fast/1423861
QWBVCNWR,http://id.worldcat.org/fast/1423861.,Specimens.,specimens,http://id.worldcat.org/fast/1423861
R63KV8DQ,http://id.worldcat.org/fast/1423861.,Specimens.,specimens,http://id.worldcat.org/fast/1423861
RBPCSQQR,http://id.worldcat.org/fast/1423861.,Specimens.,specimens,http://id.worldcat.org/fast/1423861
RCSBNLUB,http://id.worldcat.org/fast/1423861.,Specimens.,specimens,http://id.worldcat.org/fast/1423861
REBBMGEZ,http://id.worldcat.org/fast/1423861.,Specimens.,specimens,http://id.worldcat.org/fast/1423861
RGC4SFT4,http://id.worldcat.org/fast/1423861.,Specimens.,specimens,http://id.worldcat.org/fast/1423861
RJYFLVRT,http://id.worldcat.org/fast/1423861.,Specimens.,specimens,http://id.worldcat.org/fast/1423861
RN5DUW7Z,http://id.worldcat.org/fast/1423861.,Specimens.,specimens,http://id.worldcat.org/fast/1423861
RNWDT5TP,http://id.worldcat.org/fast/1423861.,Specimens.,specimens,http://id.worldcat.org/fast/1423861
RPXA9884,http://id.worldcat.org/fast/1423861.,Specimens.,specimens,http://id.worldcat.org/fast/1423861
RRAI2QGW,http://id.worldcat.org/fast/1423861.,Specimens.,specimens,http://id.worldcat.org/fast/1423861
RTI72K87,http://id.worldcat.org/fast/1423861.,Specimens.,specimens,http://id.worldcat.org/fast/1423861
RWP2WAWB,http://id.worldcat.org/fast/1423861.,Specimens.,specimens,http://id.worldcat.org/fast/1423861
S2L9U7LF,http://id.worldcat.org/fast/1423861.,Specimens.,specimens,http://id.worldcat.org/fast/1423861
S2S73BHB,http://id.worldcat.org/fast/1423861.,Specimens.,specimens,http://id.worldcat.org/fast/1423861
S6JDHBSV,http://id.worldcat.org/fast/1423861.,Specimens.,specimens,http://id.worldcat.org/fast/1423861
S9PVTQ8E,http://id.worldcat.org/fast/1423861.,Specimens.,specimens,http://id.worldcat.org/fast/1423861
SFSKTEUG,http://id.worldcat.org/fast/1423861.,Specimens.,specimens,http://id.worldcat.org/fast/1423861
SINBPBSF,http://id.worldcat.org/fast/1423861.,Specimens.,specimens,http://id.worldcat.org/fast/1423861
SY3STLBI,http://id.worldcat.org/fast/1423861.,Specimens.,specimens,http://id.worldcat.org/fast/1423861
SY7EKGG9,http://id.worldcat.org/fast/1423861.,Specimens.,specimens,http://id.worldcat.org/fast/1423861
T5D4IG4R,http://id.worldcat.org/fast/1423861.,Specimens.,specimens,http://id.worldcat.org/fast/1423861
T6TNKG3X,http://id.worldcat.org/fast/1423861.,Specimens.,specimens,http://id.worldcat.org/fast/1423861
TCHNBR6R,http://id.worldcat.org/fast/1423861.,Specimens.,specimens,http://id.worldcat.org/fast/1423861
THA5852Y,http://id.worldcat.org/fast/1423861.,Specimens.,specimens,http://id.worldcat.org/fast/1423861
TKQEIPS5,http://id.worldcat.org/fast/1423861.,Specimens.,specimens,http://id.worldcat.org/fast/1423861
TXCAX8PB,http://id.worldcat.org/fast/1423861.,Specimens.,specimens,http://id.worldcat.org/fast/1423861
U2NFY6MI,http://id.worldcat.org/fast/1423861.,Specimens.,specimens,http://id.worldcat.org/fast/1423861
U2QU4SM9,http://id.worldcat.org/fast/1423861.,Specimens.,specimens,http://id.worldcat.org/fast/1423861
UAG6U4BG,http://id.worldcat.org/fast/1423861.,Specimens.,specimens,http://id.worldcat.org/fast/1423861
UHM6IPEL,http://id.worldcat.org/fast/1423861.,Specimens.,specimens,http://id.worldcat.org/fast/1423861
UIGDYJFL,http://id.worldcat.org/fast/1423861.,Specimens.,specimens,http://id.worldcat.org/fast/1423861
UIXK9R42,http://id.worldcat.org/fast/1423861.,Specimens.,specimens,http://id.worldcat.org/fast/1423861
URPYB2MG,http://id.worldcat.org/fast/1423861.,Specimens.,specimens,http://id.worldcat.org/fast/1423861
USF4PINC,http://id.worldcat.org/fast/1423861.,Specimens.,specimens,http://id.worldcat.org/fast/1423861
UTGYZH5Q,http://id.worldcat.org/fast/1423861.,Specimens.,specimens,http://id.worldcat.org/fast/1423861
UV3QGUM3,http://id.worldcat.org/fast/1423861.,Specimens.,specimens,http://id.worldcat.org/fast/1423861
UVYHYECG,http://id.worldcat.org/fast/1423861.,Specimens.,specimens,http://id.worldcat.org/fast/1423861
UZUM98R2,http://id.worldcat.org/fast/1423861.,Specimens.,specimens,http://id.worldcat.org/fast/1423861
V2JCB6GV,http://id.worldcat.org/fast/1423861.,Specimens.,specimens,http://id.worldcat.org/fast/1423861
V5SFZKAC,http://id.worldcat.org/fast/1423861.,Specimens.,specimens,http://id.worldcat.org/fast/1423861
V5XVCRM6,http://id.worldcat.org/fast/1423861.,Specimens.,specimens,http://id.worldcat.org/fast/1423861
V8GA3YS9,http://id.worldcat.org/fast/1423861.,Specimens.,specimens,http://id.worldcat.org/fast/1423861
V8GI9NAU,http://id.worldcat.org/fast/1423861.,Specimens.,specimens,http://id.worldcat.org/fast/1423861
VDHBMPPD,http://id.worldcat.org/fast/1423861.,Specimens.,specimens,http://id.worldcat.org/fast/1423861
VDUDK9C2,http://id.worldcat.org/fast/1423861.,Specimens.,specimens,http://id.worldcat.org/fast/1423861
VGUG34G9,http://id.worldcat.org/fast/1423861.,Specimens.,specimens,http://id.worldcat.org/fast/1423861
VH5MGEBA,http://id.worldcat.org/fast/1423861.,Specimens.,specimens,http://id.worldcat.org/fast/1423861
VL6TMD6F,http://id.worldcat.org/fast/1423861.,Specimens.,specimens,http://id.worldcat.org/fast/1423861
VN89TZBV,http://id.worldcat.org/fast/1423861.,Specimens.,specimens,http://id.worldcat.org/fast/1423861
VQPJFJEY,http://id.worldcat.org/fast/1423861.,Specimens.,specimens,http://id.worldcat.org/fast/1423861
VVVDQ639,http://id.worldcat.org/fast/1423861.,Specimens.,specimens,http://id.worldcat.org/fast/1423861
VVY2VVZ4,http://id.worldcat.org/fast/1423861.,Specimens.,specimens,http://id.worldcat.org/fast/1423861
VZXP6GCM,http://id.worldcat.org/fast/1423861.,Specimens.,specimens,http://id.worldcat.org/fast/1423861
W48KLTKW,http://id.worldcat.org/fast/1423861.,Specimens.,specimens,http://id.worldcat.org/fast/1423861
W5Y9VXHN,http://id.worldcat.org/fast/1423861.,Specimens.,specimens,http://id.worldcat.org/fast/1423861
W82MUC33,http://id.worldcat.org/fast/1423861.,Specimens.,specimens,http://id.worldcat.org/fast/1423861
W8CEVX5V,http://id.worldcat.org/fast/1423861.,Specimens.,specimens,http://id.worldcat.org/fast/1423861
W99EI378,http://id.worldcat.org/fast/1423861.,Specimens.,specimens,http://id.worldcat.org/fast/1423861
WBM7HLVH,http://id.worldcat.org/fast/1423861.,Specimens.,specimens,http://id.worldcat.org/fast/1423861
WDBVDSH6,http://id.worldcat.org/fast/1423861.,Specimens.,specimens,http://id.worldcat.org/fast/1423861
WDITEMDJ,http://id.worldcat.org/fast/1423861.,Specimens.,specimens,http://id.worldcat.org/fast/1423861
WHM7URD8,http://id.worldcat.org/fast/1423861.,Specimens.,specimens,http://id.worldcat.org/fast/1423861
WIJ39J8T,http://id.worldcat.org/fast/1423861.,Specimens.,specimens,http://id.worldcat.org/fast/1423861
WJKYKWV9,http://id.worldcat.org/fast/1423861.,Specimens.,specimens,http://id.worldcat.org/fast/1423861
WJTQLUB8,http://id.worldcat.org/fast/1423861.,Specimens.,specimens,http://id.worldcat.org/fast/1423861
WQ458CVM,http://id.worldcat.org/fast/1423861.,Specimens.,specimens,http://id.worldcat.org/fast/1423861
WRNYAPQQ,http://id.worldcat.org/fast/1423861.,Specimens.,specimens,http://id.worldcat.org/fast/1423861
WXHZR4P5,http://id.worldcat.org/fast/1423861.,Specimens.,specimens,http://id.worldcat.org/fast/1423861
X6SRYS58,http://id.worldcat.org/fast/1423861.,Specimens.,specimens,http://id.worldcat.org/fast/1423861
X79CB8BP,http://id.worldcat.org/fast/1423861.,Specimens.,specimens,http://id.worldcat.org/fast/1423861
XGSQQADE,http://id.worldcat.org/fast/1423861.,Specimens.,specimens,http://id.worldcat.org/fast/1423861
XKGNRICF,http://id.worldcat.org/fast/1423861.,Specimens.,specimens,http://id.worldcat.org/fast/1423861
XL5ECVPF,http://id.worldcat.org/fast/1423861.,Specimens.,specimens,http://id.worldcat.org/fast/1423861
XL6Z9KSL,http://id.worldcat.org/fast/1423861.,Specimens.,specimens,http://id.worldcat.org/fast/1423861
XNH2F8EB,http://id.worldcat.org/fast/1423861.,Specimens.,specimens,http://id.worldcat.org/fast/1423861
XP8YFKPR,http://id.worldcat.org/fast/1423861.,Specimens.,specimens,http://id.worldcat.org/fast/1423861
XP9M2U3Q,http://id.worldcat.org/fast/1423861.,Specimens.,specimens,http://id.worldcat.org/fast/1423861
XYG4SPBI,http://id.worldcat.org/fast/1423861.,Specimens.,specimens,http://id.worldcat.org/fast/1423861
XYWFSLL2,http://id.worldcat.org/fast/1423861.,Specimens.,specimens,http://id.worldcat.org/fast/1423861
Y2JME5T5,http://id.worldcat.org/fast/1423861.,Specimens.,specimens,http://id.worldcat.org/fast/1423861
YCJVW6Y6,http://id.worldcat.org/fast/1423861.,Specimens.,specimens,http://id.worldcat.org/fast/1423861
YE293VPP,http://id.worldcat.org/fast/1423861.,Specimens.,specimens,http://id.worldcat.org/fast/1423861
YQI24LZV,http://id.worldcat.org/fast/1423861.,Specimens.,specimens,http://id.worldcat.org/fast/1423861
YX7BXEWX,http://id.worldcat.org/fast/1423861.,Specimens.,specimens,http://id.worldcat.org/fast/1423861
YZ2PU6X5,http://id.worldcat.org/fast/1423861.,Specimens.,specimens,http://id.worldcat.org/fast/1423861
Z2TT2U83,http://id.worldcat.org/fast/1423861.,Specimens.,specimens,http://id.worldcat.org/fast/1423861
Z3TC8IEP,http://id.worldcat.org/fast/1423861.,Specimens.,specimens,http://id.worldcat.org/fast/1423861
Z4XKV44W,http://id.worldcat.org/fast/1423861.,Specimens.,specimens,http://id.worldcat.org/fast/1423861
ZAPMBGE3,http://id.worldcat.org/fast/1423861.,Specimens.,specimens,http://id.worldcat.org/fast/1423861
ZBY9BGV2,http://id.worldcat.org/fast/1423861.,Specimens.,specimens,http://id.worldcat.org/fast/1423861
ZC6PGQMG,http://id.worldcat.org/fast/1423861.,Specimens.,specimens,http://id.worldcat.org/fast/1423861
ZC99JFZS,http://id.worldcat.org/fast/1423861.,Specimens.,specimens,http://id.worldcat.org/fast/1423861
ZH3R9PQF,http://id.worldcat.org/fast/1423861.,Specimens.,specimens,http://id.worldcat.org/fast/1423861
ZIKLIUXS,http://id.worldcat.org/fast/1423861.,Specimens.,specimens,http://id.worldcat.org/fast/1423861
ZLF4BX44,http://id.worldcat.org/fast/1423861.,Specimens.,specimens,http://id.worldcat.org/fast/1423861
ZRUCQW6Z,http://id.worldcat.org/fast/1423861.,Specimens.,specimens,http://id.worldcat.org/fast/1423861
ZT48PPZ2,http://id.worldcat.org/fast/1423861.,Specimens.,specimens,http://id.worldcat.org/fast/1423861
ZTWYAIES,http://id.worldcat.org/fast/1423861.,Specimens.,specimens,http://id.worldcat.org/fast/1423861
ZW723DS9,http://id.worldcat.org/fast/1423861.,Specimens.,specimens,http://id.worldcat.org/fast/1423861
ZXYGRPTZ,http://id.worldcat.org/fast/1423861.,Specimens.,specimens,http://id.worldcat.org/fast/1423861
ZYS8GMX2,http://id.worldcat.org/fast/1423861.,Specimens.,specimens,http://id.worldcat.org/fast/1423861
CTPCXCHC,http://id.worldcat.org/fast/1423871.,Guidebooks.,guidebooks,http://id.worldcat.org/fast/1423871
22A8PINZ,http://id.worldcat.org/fast/1423873.,Illustrated works.,illustrated-works,http://id.worldcat.org/fast/1423873
24HSZQI4,http://id.worldcat.org/fast/1423873.,Illustrated works.,illustrated-works,http://id.worldcat.org/fast/1423873
2N5FICUF,http://id.worldcat.org/fast/1423873.,Illustrated works.,illustrated-works,http://id.worldcat.org/fast/1423873
38AVYUMK,http://id.worldcat.org/fast/1423873.,Illustrated works.,illustrated-works,http://id.worldcat.org/fast/1423873
3HFE75EE,http://id.worldcat.org/fast/1423873.,Illustrated works.,illustrated-works,http://id.worldcat.org/fast/1423873
3P75FBKY,http://id.worldcat.org/fast/1423873.,Illustrated works.,illustrated-works,http://id.worldcat.org/fast/1423873
3RK6L8N4,http://id.worldcat.org/fast/1423873.,Illustrated works.,illustrated-works,http://id.worldcat.org/fast/1423873
44H3J4PE,http://id.worldcat.org/fast/1423873.,Illustrated works.,illustrated-works,http://id.worldcat.org/fast/1423873
4A4KYCYY,http://id.worldcat.org/fast/1423873.,Illustrated works.,illustrated-works,http://id.worldcat.org/fast/1423873
4AZIUYEF,http://id.worldcat.org/fast/1423873.,Illustrated works.,illustrated-works,http://id.worldcat.org/fast/1423873
4MNV6M2D,http://id.worldcat.org/fast/1423873.,Illustrated works.,illustrated-works,http://id.worldcat.org/fast/1423873
4PHX8LAE,http://id.worldcat.org/fast/1423873.,Illustrated works.,illustrated-works,http://id.worldcat.org/fast/1423873
4TA5SKXR,http://id.worldcat.org/fast/1423873.,Illustrated works.,illustrated-works,http://id.worldcat.org/fast/1423873
4UFKDA3P,http://id.worldcat.org/fast/1423873.,Illustrated works.,illustrated-works,http://id.worldcat.org/fast/1423873
4YJTPJJ2,http://id.worldcat.org/fast/1423873.,Illustrated works.,illustrated-works,http://id.worldcat.org/fast/1423873
52GSDNZF,http://id.worldcat.org/fast/1423873.,Illustrated works.,illustrated-works,http://id.worldcat.org/fast/1423873
59UG68U9,http://id.worldcat.org/fast/1423873.,Illustrated works.,illustrated-works,http://id.worldcat.org/fast/1423873
5C9IGFYL,http://id.worldcat.org/fast/1423873.,Illustrated works.,illustrated-works,http://id.worldcat.org/fast/1423873
5JVKZS58,http://id.worldcat.org/fast/1423873.,Illustrated works.,illustrated-works,http://id.worldcat.org/fast/1423873
5TESBLU2,http://id.worldcat.org/fast/1423873.,Illustrated works.,illustrated-works,http://id.worldcat.org/fast/1423873
5VMVZ3JB,http://id.worldcat.org/fast/1423873.,Illustrated works.,illustrated-works,http://id.worldcat.org/fast/1423873
5VWS7Q8P,http://id.worldcat.org/fast/1423873.,Illustrated works.,illustrated-works,http://id.worldcat.org/fast/1423873
5XN9NXJN,http://id.worldcat.org/fast/1423873.,Illustrated works.,illustrated-works,http://id.worldcat.org/fast/1423873
6RF8HSSV,http://id.worldcat.org/fast/1423873.,Illustrated works.,illustrated-works,http://id.worldcat.org/fast/1423873
6WP92GL3,http://id.worldcat.org/fast/1423873.,Illustrated works.,illustrated-works,http://id.worldcat.org/fast/1423873
7484IUMH,http://id.worldcat.org/fast/1423873.,Illustrated works.,illustrated-works,http://id.worldcat.org/fast/1423873
7DW84IIA,http://id.worldcat.org/fast/1423873.,Illustrated works.,illustrated-works,http://id.worldcat.org/fast/1423873
7I6788FS,http://id.worldcat.org/fast/1423873.,Illustrated works.,illustrated-works,http://id.worldcat.org/fast/1423873
7YILJFPS,http://id.worldcat.org/fast/1423873.,Illustrated works.,illustrated-works,http://id.worldcat.org/fast/1423873
8KQHRYNE,http://id.worldcat.org/fast/1423873.,Illustrated works.,illustrated-works,http://id.worldcat.org/fast/1423873
8PUSBIXM,http://id.worldcat.org/fast/1423873.,Illustrated works.,illustrated-works,http://id.worldcat.org/fast/1423873
8VL4VZIP,http://id.worldcat.org/fast/1423873.,Illustrated works.,illustrated-works,http://id.worldcat.org/fast/1423873
8XFT77DQ,http://id.worldcat.org/fast/1423873.,Illustrated works.,illustrated-works,http://id.worldcat.org/fast/1423873
93YZ6YWY,http://id.worldcat.org/fast/1423873.,Illustrated works.,illustrated-works,http://id.worldcat.org/fast/1423873
9F6Y5QBP,http://id.worldcat.org/fast/1423873.,Illustrated works.,illustrated-works,http://id.worldcat.org/fast/1423873
A5FNJQB6,http://id.worldcat.org/fast/1423873.,Illustrated works.,illustrated-works,http://id.worldcat.org/fast/1423873
AA4X6M4H,http://id.worldcat.org/fast/1423873.,Illustrated works.,illustrated-works,http://id.worldcat.org/fast/1423873
AB3XJFKU,http://id.worldcat.org/fast/1423873.,Illustrated works.,illustrated-works,http://id.worldcat.org/fast/1423873
AGDCNHXH,http://id.worldcat.org/fast/1423873.,Illustrated works.,illustrated-works,http://id.worldcat.org/fast/1423873
AK44SM5P,http://id.worldcat.org/fast/1423873.,Illustrated works.,illustrated-works,http://id.worldcat.org/fast/1423873
APSCM9LS,http://id.worldcat.org/fast/1423873.,Illustrated works.,illustrated-works,http://id.worldcat.org/fast/1423873
B45HIUYD,http://id.worldcat.org/fast/1423873.,Illustrated works.,illustrated-works,http://id.worldcat.org/fast/1423873
B4MRJUTU,http://id.worldcat.org/fast/1423873.,Illustrated works.,illustrated-works,http://id.worldcat.org/fast/1423873
B88EWXUT,http://id.worldcat.org/fast/1423873.,Illustrated works.,illustrated-works,http://id.worldcat.org/fast/1423873
B8VL75MF,http://id.worldcat.org/fast/1423873.,Illustrated works.,illustrated-works,http://id.worldcat.org/fast/1423873
B9LMTRA2,http://id.worldcat.org/fast/1423873.,Illustrated works.,illustrated-works,http://id.worldcat.org/fast/1423873
BEAIU85U,http://id.worldcat.org/fast/1423873.,Illustrated works.,illustrated-works,http://id.worldcat.org/fast/1423873
BH7EHBJA,http://id.worldcat.org/fast/1423873.,Illustrated works.,illustrated-works,http://id.worldcat.org/fast/1423873
BINBCVI8,http://id.worldcat.org/fast/1423873.,Illustrated works.,illustrated-works,http://id.worldcat.org/fast/1423873
BQ3JGWKQ,http://id.worldcat.org/fast/1423873.,Illustrated works.,illustrated-works,http://id.worldcat.org/fast/1423873
BY6GNS2K,http://id.worldcat.org/fast/1423873.,Illustrated works.,illustrated-works,http://id.worldcat.org/fast/1423873
BZXS5WXX,http://id.worldcat.org/fast/1423873.,Illustrated works.,illustrated-works,http://id.worldcat.org/fast/1423873
C4A66D77,http://id.worldcat.org/fast/1423873.,Illustrated works.,illustrated-works,http://id.worldcat.org/fast/1423873
C8TR84N6,http://id.worldcat.org/fast/1423873.,Illustrated works.,illustrated-works,http://id.worldcat.org/fast/1423873
CVXVUB6S,http://id.worldcat.org/fast/1423873.,Illustrated works.,illustrated-works,http://id.worldcat.org/fast/1423873
D4QAMZXB,http://id.worldcat.org/fast/1423873.,Illustrated works.,illustrated-works,http://id.worldcat.org/fast/1423873
D6WZYP9X,http://id.worldcat.org/fast/1423873.,Illustrated works.,illustrated-works,http://id.worldcat.org/fast/1423873
DF9LFBDT,http://id.worldcat.org/fast/1423873.,Illustrated works.,illustrated-works,http://id.worldcat.org/fast/1423873
DJVUT7UH,http://id.worldcat.org/fast/1423873.,Illustrated works.,illustrated-works,http://id.worldcat.org/fast/1423873
DKYULI6R,http://id.worldcat.org/fast/1423873.,Illustrated works.,illustrated-works,http://id.worldcat.org/fast/1423873
DQR99J3X,http://id.worldcat.org/fast/1423873.,Illustrated works.,illustrated-works,http://id.worldcat.org/fast/1423873
DR8985RQ,http://id.worldcat.org/fast/1423873.,Illustrated works.,illustrated-works,http://id.worldcat.org/fast/1423873
E5XFN328,http://id.worldcat.org/fast/1423873.,Illustrated works.,illustrated-works,http://id.worldcat.org/fast/1423873
EAQWQBAP,http://id.worldcat.org/fast/1423873.,Illustrated works.,illustrated-works,http://id.worldcat.org/fast/1423873
ECWCRT4G,http://id.worldcat.org/fast/1423873.,Illustrated works.,illustrated-works,http://id.worldcat.org/fast/1423873
EI2PEII7,http://id.worldcat.org/fast/1423873.,Illustrated works.,illustrated-works,http://id.worldcat.org/fast/1423873
ENEIDVWJ,http://id.worldcat.org/fast/1423873.,Illustrated works.,illustrated-works,http://id.worldcat.org/fast/1423873
EQTXEJXW,http://id.worldcat.org/fast/1423873.,Illustrated works.,illustrated-works,http://id.worldcat.org/fast/1423873
ESM5ERZT,http://id.worldcat.org/fast/1423873.,Illustrated works.,illustrated-works,http://id.worldcat.org/fast/1423873
FCVVSAWF,http://id.worldcat.org/fast/1423873.,Illustrated works.,illustrated-works,http://id.worldcat.org/fast/1423873
FEASMSSC,http://id.worldcat.org/fast/1423873.,Illustrated works.,illustrated-works,http://id.worldcat.org/fast/1423873
FVI6G4QP,http://id.worldcat.org/fast/1423873.,Illustrated works.,illustrated-works,http://id.worldcat.org/fast/1423873
GKVALR3V,http://id.worldcat.org/fast/1423873.,Illustrated works.,illustrated-works,http://id.worldcat.org/fast/1423873
GLRT8PAR,http://id.worldcat.org/fast/1423873.,Illustrated works.,illustrated-works,http://id.worldcat.org/fast/1423873
GMT66HSU,http://id.worldcat.org/fast/1423873.,Illustrated works.,illustrated-works,http://id.worldcat.org/fast/1423873
GVUDZDE9,http://id.worldcat.org/fast/1423873.,Illustrated works.,illustrated-works,http://id.worldcat.org/fast/1423873
H644T8GP,http://id.worldcat.org/fast/1423873.,Illustrated works.,illustrated-works,http://id.worldcat.org/fast/1423873
HD7GS484,http://id.worldcat.org/fast/1423873.,Illustrated works.,illustrated-works,http://id.worldcat.org/fast/1423873
HLT6EJ2A,http://id.worldcat.org/fast/1423873.,Illustrated works.,illustrated-works,http://id.worldcat.org/fast/1423873
HQVR749A,http://id.worldcat.org/fast/1423873.,Illustrated works.,illustrated-works,http://id.worldcat.org/fast/1423873
I7I8XBEX,http://id.worldcat.org/fast/1423873.,Illustrated works.,illustrated-works,http://id.worldcat.org/fast/1423873
I8VXEVTA,http://id.worldcat.org/fast/1423873.,Illustrated works.,illustrated-works,http://id.worldcat.org/fast/1423873
IHG8DC77,http://id.worldcat.org/fast/1423873.,Illustrated works.,illustrated-works,http://id.worldcat.org/fast/1423873
IKKTHDBG,http://id.worldcat.org/fast/1423873.,Illustrated works.,illustrated-works,http://id.worldcat.org/fast/1423873
ILIBVN2K,http://id.worldcat.org/fast/1423873.,Illustrated works.,illustrated-works,http://id.worldcat.org/fast/1423873
IQSS9I8E,http://id.worldcat.org/fast/1423873.,Illustrated works.,illustrated-works,http://id.worldcat.org/fast/1423873
IWBUX8N7,http://id.worldcat.org/fast/1423873.,Illustrated works.,illustrated-works,http://id.worldcat.org/fast/1423873
IY6GYNGC,http://id.worldcat.org/fast/1423873.,Illustrated works.,illustrated-works,http://id.worldcat.org/fast/1423873
J3PGLNEL,http://id.worldcat.org/fast/1423873.,Illustrated works.,illustrated-works,http://id.worldcat.org/fast/1423873
J7H35T2K,http://id.worldcat.org/fast/1423873.,Illustrated works.,illustrated-works,http://id.worldcat.org/fast/1423873
JIGAU8LG,http://id.worldcat.org/fast/1423873.,Illustrated works.,illustrated-works,http://id.worldcat.org/fast/1423873
JM7KXHNI,http://id.worldcat.org/fast/1423873.,Illustrated works.,illustrated-works,http://id.worldcat.org/fast/1423873
JNX9GBSP,http://id.worldcat.org/fast/1423873.,Illustrated works.,illustrated-works,http://id.worldcat.org/fast/1423873
JTSDBP9P,http://id.worldcat.org/fast/1423873.,Illustrated works.,illustrated-works,http://id.worldcat.org/fast/1423873
K78KC6CD,http://id.worldcat.org/fast/1423873.,Illustrated works.,illustrated-works,http://id.worldcat.org/fast/1423873
K8G47JKD,http://id.worldcat.org/fast/1423873.,Illustrated works.,illustrated-works,http://id.worldcat.org/fast/1423873
K9ZWJMAC,http://id.worldcat.org/fast/1423873.,Illustrated works.,illustrated-works,http://id.worldcat.org/fast/1423873
KAENUH8A,http://id.worldcat.org/fast/1423873.,Illustrated works.,illustrated-works,http://id.worldcat.org/fast/1423873
KD3JZULN,http://id.worldcat.org/fast/1423873.,Illustrated works.,illustrated-works,http://id.worldcat.org/fast/1423873
KDK4CKHQ,http://id.worldcat.org/fast/1423873.,Illustrated works.,illustrated-works,http://id.worldcat.org/fast/1423873
KILJAJ2D,http://id.worldcat.org/fast/1423873.,Illustrated works.,illustrated-works,http://id.worldcat.org/fast/1423873
KQ6DNBBQ,http://id.worldcat.org/fast/1423873.,Illustrated works.,illustrated-works,http://id.worldcat.org/fast/1423873
KSBWLSC2,http://id.worldcat.org/fast/1423873.,Illustrated works.,illustrated-works,http://id.worldcat.org/fast/1423873
KSYMBE3Z,http://id.worldcat.org/fast/1423873.,Illustrated works.,illustrated-works,http://id.worldcat.org/fast/1423873
L2KQMS9M,http://id.worldcat.org/fast/1423873.,Illustrated works.,illustrated-works,http://id.worldcat.org/fast/1423873
LJRAQL55,http://id.worldcat.org/fast/1423873.,Illustrated works.,illustrated-works,http://id.worldcat.org/fast/1423873
LRD6FCIV,http://id.worldcat.org/fast/1423873.,Illustrated works.,illustrated-works,http://id.worldcat.org/fast/1423873
LS3KBVE6,http://id.worldcat.org/fast/1423873.,Illustrated works.,illustrated-works,http://id.worldcat.org/fast/1423873
MBTW8NEJ,http://id.worldcat.org/fast/1423873.,Illustrated works.,illustrated-works,http://id.worldcat.org/fast/1423873
MIFTF8L3,http://id.worldcat.org/fast/1423873.,Illustrated works.,illustrated-works,http://id.worldcat.org/fast/1423873
MMFXWFDT,http://id.worldcat.org/fast/1423873.,Illustrated works.,illustrated-works,http://id.worldcat.org/fast/1423873
N5VQWN98,http://id.worldcat.org/fast/1423873.,Illustrated works.,illustrated-works,http://id.worldcat.org/fast/1423873
N7842N3N,http://id.worldcat.org/fast/1423873.,Illustrated works.,illustrated-works,http://id.worldcat.org/fast/1423873
NEEQQDQQ,http://id.worldcat.org/fast/1423873.,Illustrated works.,illustrated-works,http://id.worldcat.org/fast/1423873
NIIJDTR3,http://id.worldcat.org/fast/1423873.,Illustrated works.,illustrated-works,http://id.worldcat.org/fast/1423873
NKUVZWQU,http://id.worldcat.org/fast/1423873.,Illustrated works.,illustrated-works,http://id.worldcat.org/fast/1423873
NQEINM55,http://id.worldcat.org/fast/1423873.,Illustrated works.,illustrated-works,http://id.worldcat.org/fast/1423873
NT97YK5X,http://id.worldcat.org/fast/1423873.,Illustrated works.,illustrated-works,http://id.worldcat.org/fast/1423873
P2VY7UA7,http://id.worldcat.org/fast/1423873.,Illustrated works.,illustrated-works,http://id.worldcat.org/fast/1423873
PEKWNQI7,http://id.worldcat.org/fast/1423873.,Illustrated works.,illustrated-works,http://id.worldcat.org/fast/1423873
PN2NTJWR,http://id.worldcat.org/fast/1423873.,Illustrated works.,illustrated-works,http://id.worldcat.org/fast/1423873
PZDLNAI7,http://id.worldcat.org/fast/1423873.,Illustrated works.,illustrated-works,http://id.worldcat.org/fast/1423873
Q3XELTDC,http://id.worldcat.org/fast/1423873.,Illustrated works.,illustrated-works,http://id.worldcat.org/fast/1423873
Q4EFXZFV,http://id.worldcat.org/fast/1423873.,Illustrated works.,illustrated-works,http://id.worldcat.org/fast/1423873
Q4FCFTHP,http://id.worldcat.org/fast/1423873.,Illustrated works.,illustrated-works,http://id.worldcat.org/fast/1423873
QE2YXZVQ,http://id.worldcat.org/fast/1423873.,Illustrated works.,illustrated-works,http://id.worldcat.org/fast/1423873
QGW224K2,http://id.worldcat.org/fast/1423873.,Illustrated works.,illustrated-works,http://id.worldcat.org/fast/1423873
QJ4TC2ID,http://id.worldcat.org/fast/1423873.,Illustrated works.,illustrated-works,http://id.worldcat.org/fast/1423873
QU5QT2S4,http://id.worldcat.org/fast/1423873.,Illustrated works.,illustrated-works,http://id.worldcat.org/fast/1423873
QVTGSMIV,http://id.worldcat.org/fast/1423873.,Illustrated works.,illustrated-works,http://id.worldcat.org/fast/1423873
QWN46XKR,http://id.worldcat.org/fast/1423873.,Illustrated works.,illustrated-works,http://id.worldcat.org/fast/1423873
RD5E288S,http://id.worldcat.org/fast/1423873.,Illustrated works.,illustrated-works,http://id.worldcat.org/fast/1423873
RN5DUW7Z,http://id.worldcat.org/fast/1423873.,Illustrated works.,illustrated-works,http://id.worldcat.org/fast/1423873
RTI72K87,http://id.worldcat.org/fast/1423873.,Illustrated works.,illustrated-works,http://id.worldcat.org/fast/1423873
SFVPRD2C,http://id.worldcat.org/fast/1423873.,Illustrated works.,illustrated-works,http://id.worldcat.org/fast/1423873
SG4ZEWS8,http://id.worldcat.org/fast/1423873.,Illustrated works.,illustrated-works,http://id.worldcat.org/fast/1423873
SV2LB93R,http://id.worldcat.org/fast/1423873.,Illustrated works.,illustrated-works,http://id.worldcat.org/fast/1423873
T5K32G4A,http://id.worldcat.org/fast/1423873.,Illustrated works.,illustrated-works,http://id.worldcat.org/fast/1423873
THA5852Y,http://id.worldcat.org/fast/1423873.,Illustrated works.,illustrated-works,http://id.worldcat.org/fast/1423873
TJDANC88,http://id.worldcat.org/fast/1423873.,Illustrated works.,illustrated-works,http://id.worldcat.org/fast/1423873
U2QU4SM9,http://id.worldcat.org/fast/1423873.,Illustrated works.,illustrated-works,http://id.worldcat.org/fast/1423873
U68APE44,http://id.worldcat.org/fast/1423873.,Illustrated works.,illustrated-works,http://id.worldcat.org/fast/1423873
U6KMRMDG,http://id.worldcat.org/fast/1423873.,Illustrated works.,illustrated-works,http://id.worldcat.org/fast/1423873
UWRH5RMK,http://id.worldcat.org/fast/1423873.,Illustrated works.,illustrated-works,http://id.worldcat.org/fast/1423873
V5XVCRM6,http://id.worldcat.org/fast/1423873.,Illustrated works.,illustrated-works,http://id.worldcat.org/fast/1423873
VH5MGEBA,http://id.worldcat.org/fast/1423873.,Illustrated works.,illustrated-works,http://id.worldcat.org/fast/1423873
VVTUGTLE,http://id.worldcat.org/fast/1423873.,Illustrated works.,illustrated-works,http://id.worldcat.org/fast/1423873
XCFZA4Z7,http://id.worldcat.org/fast/1423873.,Illustrated works.,illustrated-works,http://id.worldcat.org/fast/1423873
XEUXGW7D,http://id.worldcat.org/fast/1423873.,Illustrated works.,illustrated-works,http://id.worldcat.org/fast/1423873
XTJAJ37U,http://id.worldcat.org/fast/1423873.,Illustrated works.,illustrated-works,http://id.worldcat.org/fast/1423873
XYG4SPBI,http://id.worldcat.org/fast/1423873.,Illustrated works.,illustrated-works,http://id.worldcat.org/fast/1423873
Y2JME5T5,http://id.worldcat.org/fast/1423873.,Illustrated works.,illustrated-works,http://id.worldcat.org/fast/1423873
Y5RUXGXN,http://id.worldcat.org/fast/1423873.,Illustrated works.,illustrated-works,http://id.worldcat.org/fast/1423873
Y6EVGAKE,http://id.worldcat.org/fast/1423873.,Illustrated works.,illustrated-works,http://id.worldcat.org/fast/1423873
YC9QUQZ2,http://id.worldcat.org/fast/1423873.,Illustrated works.,illustrated-works,http://id.worldcat.org/fast/1423873
YCBUFLK2,http://id.worldcat.org/fast/1423873.,Illustrated works.,illustrated-works,http://id.worldcat.org/fast/1423873
YHE9JZF7,http://id.worldcat.org/fast/1423873.,Illustrated works.,illustrated-works,http://id.worldcat.org/fast/1423873
YJYX5S6P,http://id.worldcat.org/fast/1423873.,Illustrated works.,illustrated-works,http://id.worldcat.org/fast/1423873
YKLIS4G8,http://id.worldcat.org/fast/1423873.,Illustrated works.,illustrated-works,http://id.worldcat.org/fast/1423873
YPJNUVSE,http://id.worldcat.org/fast/1423873.,Illustrated works.,illustrated-works,http://id.worldcat.org/fast/1423873
YYMMGL4D,http://id.worldcat.org/fast/1423873.,Illustrated works.,illustrated-works,http://id.worldcat.org/fast/1423873
YZ2PU6X5,http://id.worldcat.org/fast/1423873.,Illustrated works.,illustrated-works,http://id.worldcat.org/fast/1423873
ZBY9BGV2,http://id.worldcat.org/fast/1423873.,Illustrated works.,illustrated-works,http://id.worldcat.org/fast/1423873
ZC6PGQMG,http://id.worldcat.org/fast/1423873.,Illustrated works.,illustrated-works,http://id.worldcat.org/fast/1423873
ZIKLIUXS,http://id.worldcat.org/fast/1423873.,Illustrated works.,illustrated-works,http://id.worldcat.org/fast/1423873
ZKYFF7DD,http://id.worldcat.org/fast/1423873.,Illustrated works.,illustrated-works,http://id.worldcat.org/fast/1423873
ZSIHGLFW,http://id.worldcat.org/fast/1423873.,Illustrated works.,illustrated-works,http://id.worldcat.org/fast/1423873
ZZ3NUSXD,http://id.worldcat.org/fast/1423873.,Illustrated works.,illustrated-works,http://id.worldcat.org/fast/1423873
2LXQB54Q,http://id.worldcat.org/fast/1423876.,Anecdotes.,anecdotes,http://id.worldcat.org/fast/1423876
5S3TNHLS,http://id.worldcat.org/fast/1423876.,Anecdotes.,anecdotes,http://id.worldcat.org/fast/1423876
5VWS7Q8P,http://id.worldcat.org/fast/1423876.,Anecdotes.,anecdotes,http://id.worldcat.org/fast/1423876
FLGFS2LP,http://id.worldcat.org/fast/1423876.,Anecdotes.,anecdotes,http://id.worldcat.org/fast/1423876
HC38HRN9,http://id.worldcat.org/fast/1423876.,Anecdotes.,anecdotes,http://id.worldcat.org/fast/1423876
2D9X89XX,http://id.worldcat.org/fast/1423877.,Handbooks and manuals.,handbooks-and-manuals,http://id.worldcat.org/fast/1423877
BHEUTQLS,http://id.worldcat.org/fast/1423877.,Handbooks and manuals.,handbooks-and-manuals,http://id.worldcat.org/fast/1423877
HZCY87KY,http://id.worldcat.org/fast/1423877.,Handbooks and manuals.,handbooks-and-manuals,http://id.worldcat.org/fast/1423877
Y7QDBVR2,http://id.worldcat.org/fast/1423877.,Handbooks and manuals.,handbooks-and-manuals,http://id.worldcat.org/fast/1423877
UZUM98R2,http://id.worldcat.org/fast/1423880.,Terminology.,terminology,http://id.worldcat.org/fast/1423880
WUFJ74UX,http://id.worldcat.org/fast/1423880.,Terminology.,terminology,http://id.worldcat.org/fast/1423880
344DUV4F,http://id.worldcat.org/fast/1423910.,Adaptations.,adaptations,http://id.worldcat.org/fast/1423910
9KP25F8C,http://id.worldcat.org/fast/1423910.,Adaptations.,adaptations,http://id.worldcat.org/fast/1423910
CW8JB3W2,http://id.worldcat.org/fast/1423910.,Adaptations.,adaptations,http://id.worldcat.org/fast/1423910
ZVZEXSPQ,http://id.worldcat.org/fast/1423910.,Adaptations.,adaptations,http://id.worldcat.org/fast/1423910
28QX2N42,http://id.worldcat.org/fast/1424028.,Exhibition catalogs.,exhibition-catalogs,http://id.worldcat.org/fast/1424028
2JCX84TY,http://id.worldcat.org/fast/1424028.,Exhibition catalogs.,exhibition-catalogs,http://id.worldcat.org/fast/1424028
2PSMHYVM,http://id.worldcat.org/fast/1424028.,Exhibition catalogs.,exhibition-catalogs,http://id.worldcat.org/fast/1424028
2QPZJPGA,http://id.worldcat.org/fast/1424028.,Exhibition catalogs.,exhibition-catalogs,http://id.worldcat.org/fast/1424028
3P75FBKY,http://id.worldcat.org/fast/1424028.,Exhibition catalogs.,exhibition-catalogs,http://id.worldcat.org/fast/1424028
3YW88G5W,http://id.worldcat.org/fast/1424028.,Exhibition catalogs.,exhibition-catalogs,http://id.worldcat.org/fast/1424028
46NR5MDM,http://id.worldcat.org/fast/1424028.,Exhibition catalogs.,exhibition-catalogs,http://id.worldcat.org/fast/1424028
65AK6JBW,http://id.worldcat.org/fast/1424028.,Exhibition catalogs.,exhibition-catalogs,http://id.worldcat.org/fast/1424028
6QEXTM4R,http://id.worldcat.org/fast/1424028.,Exhibition catalogs.,exhibition-catalogs,http://id.worldcat.org/fast/1424028
7HLUMAST,http://id.worldcat.org/fast/1424028.,Exhibition catalogs.,exhibition-catalogs,http://id.worldcat.org/fast/1424028
8AGMUSAL,http://id.worldcat.org/fast/1424028.,Exhibition catalogs.,exhibition-catalogs,http://id.worldcat.org/fast/1424028
8SYKZJLB,http://id.worldcat.org/fast/1424028.,Exhibition catalogs.,exhibition-catalogs,http://id.worldcat.org/fast/1424028
96Z3DBYG,http://id.worldcat.org/fast/1424028.,Exhibition catalogs.,exhibition-catalogs,http://id.worldcat.org/fast/1424028
9HSBGW87,http://id.worldcat.org/fast/1424028.,Exhibition catalogs.,exhibition-catalogs,http://id.worldcat.org/fast/1424028
9SMP5TFE,http://id.worldcat.org/fast/1424028.,Exhibition catalogs.,exhibition-catalogs,http://id.worldcat.org/fast/1424028
9WA2CDN3,http://id.worldcat.org/fast/1424028.,Exhibition catalogs.,exhibition-catalogs,http://id.worldcat.org/fast/1424028
9ZHBNXBJ,http://id.worldcat.org/fast/1424028.,Exhibition catalogs.,exhibition-catalogs,http://id.worldcat.org/fast/1424028
AGDCNHXH,http://id.worldcat.org/fast/1424028.,Exhibition catalogs.,exhibition-catalogs,http://id.worldcat.org/fast/1424028
AJCPM2LJ,http://id.worldcat.org/fast/1424028.,Exhibition catalogs.,exhibition-catalogs,http://id.worldcat.org/fast/1424028
B3PLYIRQ,http://id.worldcat.org/fast/1424028.,Exhibition catalogs.,exhibition-catalogs,http://id.worldcat.org/fast/1424028
B7JLHNQR,http://id.worldcat.org/fast/1424028.,Exhibition catalogs.,exhibition-catalogs,http://id.worldcat.org/fast/1424028
BQZRQGM2,http://id.worldcat.org/fast/1424028.,Exhibition catalogs.,exhibition-catalogs,http://id.worldcat.org/fast/1424028
C4A66D77,http://id.worldcat.org/fast/1424028.,Exhibition catalogs.,exhibition-catalogs,http://id.worldcat.org/fast/1424028
CAA9IRMV,http://id.worldcat.org/fast/1424028.,Exhibition catalogs.,exhibition-catalogs,http://id.worldcat.org/fast/1424028
CITV8AEX,http://id.worldcat.org/fast/1424028.,Exhibition catalogs.,exhibition-catalogs,http://id.worldcat.org/fast/1424028
DBAK2BJY,http://id.worldcat.org/fast/1424028.,Exhibition catalogs.,exhibition-catalogs,http://id.worldcat.org/fast/1424028
DFGM4MYQ,http://id.worldcat.org/fast/1424028.,Exhibition catalogs.,exhibition-catalogs,http://id.worldcat.org/fast/1424028
DHXWIRL9,http://id.worldcat.org/fast/1424028.,Exhibition catalogs.,exhibition-catalogs,http://id.worldcat.org/fast/1424028
E696HLCC,http://id.worldcat.org/fast/1424028.,Exhibition catalogs.,exhibition-catalogs,http://id.worldcat.org/fast/1424028
E98Z7IRM,http://id.worldcat.org/fast/1424028.,Exhibition catalogs.,exhibition-catalogs,http://id.worldcat.org/fast/1424028
EAUQA75X,http://id.worldcat.org/fast/1424028.,Exhibition catalogs.,exhibition-catalogs,http://id.worldcat.org/fast/1424028
EFWZ8N45,http://id.worldcat.org/fast/1424028.,Exhibition catalogs.,exhibition-catalogs,http://id.worldcat.org/fast/1424028
EKFFHIX6,http://id.worldcat.org/fast/1424028.,Exhibition catalogs.,exhibition-catalogs,http://id.worldcat.org/fast/1424028
ENSAJ6S2,http://id.worldcat.org/fast/1424028.,Exhibition catalogs.,exhibition-catalogs,http://id.worldcat.org/fast/1424028
FFWYIRFV,http://id.worldcat.org/fast/1424028.,Exhibition catalogs.,exhibition-catalogs,http://id.worldcat.org/fast/1424028
FQMZF2EV,http://id.worldcat.org/fast/1424028.,Exhibition catalogs.,exhibition-catalogs,http://id.worldcat.org/fast/1424028
FSCM3PV2,http://id.worldcat.org/fast/1424028.,Exhibition catalogs.,exhibition-catalogs,http://id.worldcat.org/fast/1424028
GDEAWFHF,http://id.worldcat.org/fast/1424028.,Exhibition catalogs.,exhibition-catalogs,http://id.worldcat.org/fast/1424028
GJNKPL29,http://id.worldcat.org/fast/1424028.,Exhibition catalogs.,exhibition-catalogs,http://id.worldcat.org/fast/1424028
GL7Q839A,http://id.worldcat.org/fast/1424028.,Exhibition catalogs.,exhibition-catalogs,http://id.worldcat.org/fast/1424028
GPRZ5W7B,http://id.worldcat.org/fast/1424028.,Exhibition catalogs.,exhibition-catalogs,http://id.worldcat.org/fast/1424028
GQK3M2EN,http://id.worldcat.org/fast/1424028.,Exhibition catalogs.,exhibition-catalogs,http://id.worldcat.org/fast/1424028
GRTJW8U9,http://id.worldcat.org/fast/1424028.,Exhibition catalogs.,exhibition-catalogs,http://id.worldcat.org/fast/1424028
GYXELWPK,http://id.worldcat.org/fast/1424028.,Exhibition catalogs.,exhibition-catalogs,http://id.worldcat.org/fast/1424028
H37K7Q65,http://id.worldcat.org/fast/1424028.,Exhibition catalogs.,exhibition-catalogs,http://id.worldcat.org/fast/1424028
HVMVJRVC,http://id.worldcat.org/fast/1424028.,Exhibition catalogs.,exhibition-catalogs,http://id.worldcat.org/fast/1424028
HZ5KXPZC,http://id.worldcat.org/fast/1424028.,Exhibition catalogs.,exhibition-catalogs,http://id.worldcat.org/fast/1424028
IKXVIYQT,http://id.worldcat.org/fast/1424028.,Exhibition catalogs.,exhibition-catalogs,http://id.worldcat.org/fast/1424028
J7JBWCHI,http://id.worldcat.org/fast/1424028.,Exhibition catalogs.,exhibition-catalogs,http://id.worldcat.org/fast/1424028
KA6I2J5Q,http://id.worldcat.org/fast/1424028.,Exhibition catalogs.,exhibition-catalogs,http://id.worldcat.org/fast/1424028
KNBCXTU7,http://id.worldcat.org/fast/1424028.,Exhibition catalogs.,exhibition-catalogs,http://id.worldcat.org/fast/1424028
KYI6P6LX,http://id.worldcat.org/fast/1424028.,Exhibition catalogs.,exhibition-catalogs,http://id.worldcat.org/fast/1424028
KYMHM2MX,http://id.worldcat.org/fast/1424028.,Exhibition catalogs.,exhibition-catalogs,http://id.worldcat.org/fast/1424028
LD8ZNBS9,http://id.worldcat.org/fast/1424028.,Exhibition catalogs.,exhibition-catalogs,http://id.worldcat.org/fast/1424028
LMQQPHN9,http://id.worldcat.org/fast/1424028.,Exhibition catalogs.,exhibition-catalogs,http://id.worldcat.org/fast/1424028
MBL4XA5B,http://id.worldcat.org/fast/1424028.,Exhibition catalogs.,exhibition-catalogs,http://id.worldcat.org/fast/1424028
MBQLR6E8,http://id.worldcat.org/fast/1424028.,Exhibition catalogs.,exhibition-catalogs,http://id.worldcat.org/fast/1424028
MJY3ATXT,http://id.worldcat.org/fast/1424028.,Exhibition catalogs.,exhibition-catalogs,http://id.worldcat.org/fast/1424028
MPN5DK2U,http://id.worldcat.org/fast/1424028.,Exhibition catalogs.,exhibition-catalogs,http://id.worldcat.org/fast/1424028
MR4WSLZ2,http://id.worldcat.org/fast/1424028.,Exhibition catalogs.,exhibition-catalogs,http://id.worldcat.org/fast/1424028
N5VQWN98,http://id.worldcat.org/fast/1424028.,Exhibition catalogs.,exhibition-catalogs,http://id.worldcat.org/fast/1424028
NDCVR7R9,http://id.worldcat.org/fast/1424028.,Exhibition catalogs.,exhibition-catalogs,http://id.worldcat.org/fast/1424028
P3WHKGX9,http://id.worldcat.org/fast/1424028.,Exhibition catalogs.,exhibition-catalogs,http://id.worldcat.org/fast/1424028
PEQS5CUB,http://id.worldcat.org/fast/1424028.,Exhibition catalogs.,exhibition-catalogs,http://id.worldcat.org/fast/1424028
PGTZE33H,http://id.worldcat.org/fast/1424028.,Exhibition catalogs.,exhibition-catalogs,http://id.worldcat.org/fast/1424028
PMI9MHQ7,http://id.worldcat.org/fast/1424028.,Exhibition catalogs.,exhibition-catalogs,http://id.worldcat.org/fast/1424028
PN2NTJWR,http://id.worldcat.org/fast/1424028.,Exhibition catalogs.,exhibition-catalogs,http://id.worldcat.org/fast/1424028
QAIQLKUF,http://id.worldcat.org/fast/1424028.,Exhibition catalogs.,exhibition-catalogs,http://id.worldcat.org/fast/1424028
U3ZW84RN,http://id.worldcat.org/fast/1424028.,Exhibition catalogs.,exhibition-catalogs,http://id.worldcat.org/fast/1424028
U68APE44,http://id.worldcat.org/fast/1424028.,Exhibition catalogs.,exhibition-catalogs,http://id.worldcat.org/fast/1424028
V2JCB6GV,http://id.worldcat.org/fast/1424028.,Exhibition catalogs.,exhibition-catalogs,http://id.worldcat.org/fast/1424028
V8GA3YS9,http://id.worldcat.org/fast/1424028.,Exhibition catalogs.,exhibition-catalogs,http://id.worldcat.org/fast/1424028
VSXWNYTB,http://id.worldcat.org/fast/1424028.,Exhibition catalogs.,exhibition-catalogs,http://id.worldcat.org/fast/1424028
VUJ7DGS2,http://id.worldcat.org/fast/1424028.,Exhibition catalogs.,exhibition-catalogs,http://id.worldcat.org/fast/1424028
W53AH9P7,http://id.worldcat.org/fast/1424028.,Exhibition catalogs.,exhibition-catalogs,http://id.worldcat.org/fast/1424028
W7IJRR82,http://id.worldcat.org/fast/1424028.,Exhibition catalogs.,exhibition-catalogs,http://id.worldcat.org/fast/1424028
W7Z7GYMG,http://id.worldcat.org/fast/1424028.,Exhibition catalogs.,exhibition-catalogs,http://id.worldcat.org/fast/1424028
WNQK9YL9,http://id.worldcat.org/fast/1424028.,Exhibition catalogs.,exhibition-catalogs,http://id.worldcat.org/fast/1424028
WYK398PF,http://id.worldcat.org/fast/1424028.,Exhibition catalogs.,exhibition-catalogs,http://id.worldcat.org/fast/1424028
XKGNRICF,http://id.worldcat.org/fast/1424028.,Exhibition catalogs.,exhibition-catalogs,http://id.worldcat.org/fast/1424028
Y2MQKHFR,http://id.worldcat.org/fast/1424028.,Exhibition catalogs.,exhibition-catalogs,http://id.worldcat.org/fast/1424028
YFI4KHBN,http://id.worldcat.org/fast/1424028.,Exhibition catalogs.,exhibition-catalogs,http://id.worldcat.org/fast/1424028
YFL65QCK,http://id.worldcat.org/fast/1424028.,Exhibition catalogs.,exhibition-catalogs,http://id.worldcat.org/fast/1424028
Z5T5ZRXG,http://id.worldcat.org/fast/1424028.,Exhibition catalogs.,exhibition-catalogs,http://id.worldcat.org/fast/1424028
TJF4E6DX,http://id.worldcat.org/fast/1726252.,Motion pictures.,motion-pictures,http://id.worldcat.org/fast/1726252
USF4PINC,http://id.worldcat.org/fast/1726489.,Science fiction.,science-fiction,http://id.worldcat.org/fast/1726489
DJVUT7UH,http://id.worldcat.org/fast/1726537.,Biographical fiction.,biographical-fiction,http://id.worldcat.org/fast/1726537
7J86PE5Z,http://id.worldcat.org/fast/1726570.,Concrete poetry.,concrete-poetry,http://id.worldcat.org/fast/1726570
8ILC5ENQ,http://id.worldcat.org/fast/1726570.,Concrete poetry.,concrete-poetry,http://id.worldcat.org/fast/1726570
CDHHAFU6,http://id.worldcat.org/fast/1726570.,Concrete poetry.,concrete-poetry,http://id.worldcat.org/fast/1726570
E62R9QS4,http://id.worldcat.org/fast/1726570.,Concrete poetry.,concrete-poetry,http://id.worldcat.org/fast/1726570
GURAG9JG,http://id.worldcat.org/fast/1726570.,Concrete poetry.,concrete-poetry,http://id.worldcat.org/fast/1726570
L6IL4VQY,http://id.worldcat.org/fast/1726570.,Concrete poetry.,concrete-poetry,http://id.worldcat.org/fast/1726570
QF5F3QIZ,http://id.worldcat.org/fast/1726570.,Concrete poetry.,concrete-poetry,http://id.worldcat.org/fast/1726570
RTJ9WZI5,http://id.worldcat.org/fast/1726570.,Concrete poetry.,concrete-poetry,http://id.worldcat.org/fast/1726570
SIPGLSUF,http://id.worldcat.org/fast/1726570.,Concrete poetry.,concrete-poetry,http://id.worldcat.org/fast/1726570
UCTSXTP3,http://id.worldcat.org/fast/1726570.,Concrete poetry.,concrete-poetry,http://id.worldcat.org/fast/1726570
UMK6A4YQ,http://id.worldcat.org/fast/1726570.,Concrete poetry.,concrete-poetry,http://id.worldcat.org/fast/1726570
VVKM5K5N,http://id.worldcat.org/fast/1726570.,Concrete poetry.,concrete-poetry,http://id.worldcat.org/fast/1726570
ZF3UJ73X,http://id.worldcat.org/fast/1726570.,Concrete poetry.,concrete-poetry,http://id.worldcat.org/fast/1726570
8M6U573R,http://id.worldcat.org/fast/1726589.,Domestic fiction.,domestic-fiction,http://id.worldcat.org/fast/1726589
CW8JB3W2,http://id.worldcat.org/fast/1726604.,Fables.,fables,http://id.worldcat.org/fast/1726604
CRKSZH7J,http://id.worldcat.org/fast/1726615.,Flip books.,flip-books,http://id.worldcat.org/fast/1726615
USF4PINC,http://id.worldcat.org/fast/1726630.,Graphic novels.,graphic-novels,http://id.worldcat.org/fast/1726630
XJ6TNJSP,http://id.worldcat.org/fast/1726630.,Graphic novels.,graphic-novels,http://id.worldcat.org/fast/1726630
AH7FFDF2,http://id.worldcat.org/fast/1726661.,Love poetry.,love-poetry,http://id.worldcat.org/fast/1726661
L524DZTF,http://id.worldcat.org/fast/1726662.,Love songs.,love-songs,http://id.worldcat.org/fast/1726662
8UEP33C8,http://id.worldcat.org/fast/1726707.,Postcards.,postcards,http://id.worldcat.org/fast/1726707
BXPYLPQA,http://id.worldcat.org/fast/1726707.,Postcards.,postcards,http://id.worldcat.org/fast/1726707
DLRQLDD5,http://id.worldcat.org/fast/1726707.,Postcards.,postcards,http://id.worldcat.org/fast/1726707
H5TYFUIU,http://id.worldcat.org/fast/1726707.,Postcards.,postcards,http://id.worldcat.org/fast/1726707
N2GVS8TH,http://id.worldcat.org/fast/1726707.,Postcards.,postcards,http://id.worldcat.org/fast/1726707
USF4PINC,http://id.worldcat.org/fast/1726738.,Sea stories.,sea-stories,http://id.worldcat.org/fast/1726738
DJVUT7UH,http://id.worldcat.org/fast/1726740.,Short stories.,short-stories,http://id.worldcat.org/fast/1726740
DNTS73TK,http://id.worldcat.org/fast/1726740.,Short stories.,short-stories,http://id.worldcat.org/fast/1726740
ITG942QS,http://id.worldcat.org/fast/1726740.,Short stories.,short-stories,http://id.worldcat.org/fast/1726740
VVJYRH58,http://id.worldcat.org/fast/1726740.,Short stories.,short-stories,http://id.worldcat.org/fast/1726740
G9QRMM3T,http://id.worldcat.org/fast/1726743.,Song cycles.,song-cycles,http://id.worldcat.org/fast/1726743
G9QRMM3T,http://id.worldcat.org/fast/1726744.,Songs.,songs,http://id.worldcat.org/fast/1726744
4TNQ9JZT,http://id.worldcat.org/fast/1726766.,Toy and movable books.,toy-and-movable-books,http://id.worldcat.org/fast/1726766
6WUDSMPF,http://id.worldcat.org/fast/1726766.,Toy and movable books.,toy-and-movable-books,http://id.worldcat.org/fast/1726766
7DW84IIA,http://id.worldcat.org/fast/1726766.,Toy and movable books.,toy-and-movable-books,http://id.worldcat.org/fast/1726766
87H2AQ6Q,http://id.worldcat.org/fast/1726766.,Toy and movable books.,toy-and-movable-books,http://id.worldcat.org/fast/1726766
9C4IMR8B,http://id.worldcat.org/fast/1726766.,Toy and movable books.,toy-and-movable-books,http://id.worldcat.org/fast/1726766
9EE9MMHS,http://id.worldcat.org/fast/1726766.,Toy and movable books.,toy-and-movable-books,http://id.worldcat.org/fast/1726766
AFM9EU3A,http://id.worldcat.org/fast/1726766.,Toy and movable books.,toy-and-movable-books,http://id.worldcat.org/fast/1726766
BDJ9KE8F,http://id.worldcat.org/fast/1726766.,Toy and movable books.,toy-and-movable-books,http://id.worldcat.org/fast/1726766
BEAIU85U,http://id.worldcat.org/fast/1726766.,Toy and movable books.,toy-and-movable-books,http://id.worldcat.org/fast/1726766
CW8JB3W2,http://id.worldcat.org/fast/1726766.,Toy and movable books.,toy-and-movable-books,http://id.worldcat.org/fast/1726766
ENEIDVWJ,http://id.worldcat.org/fast/1726766.,Toy and movable books.,toy-and-movable-books,http://id.worldcat.org/fast/1726766
FSGBHJDV,http://id.worldcat.org/fast/1726766.,Toy and movable books.,toy-and-movable-books,http://id.worldcat.org/fast/1726766
HSKD9QAD,http://id.worldcat.org/fast/1726766.,Toy and movable books.,toy-and-movable-books,http://id.worldcat.org/fast/1726766
NL4RKNDV,http://id.worldcat.org/fast/1726766.,Toy and movable books.,toy-and-movable-books,http://id.worldcat.org/fast/1726766
QVB63PH7,http://id.worldcat.org/fast/1726766.,Toy and movable books.,toy-and-movable-books,http://id.worldcat.org/fast/1726766
SFSKTEUG,http://id.worldcat.org/fast/1726766.,Toy and movable books.,toy-and-movable-books,http://id.worldcat.org/fast/1726766
SY3STLBI,http://id.worldcat.org/fast/1726766.,Toy and movable books.,toy-and-movable-books,http://id.worldcat.org/fast/1726766
TKQEIPS5,http://id.worldcat.org/fast/1726766.,Toy and movable books.,toy-and-movable-books,http://id.worldcat.org/fast/1726766
USF4PINC,http://id.worldcat.org/fast/1726766.,Toy and movable books.,toy-and-movable-books,http://id.worldcat.org/fast/1726766
UV3QGUM3,http://id.worldcat.org/fast/1726766.,Toy and movable books.,toy-and-movable-books,http://id.worldcat.org/fast/1726766
W4A4UHJH,http://id.worldcat.org/fast/1726766.,Toy and movable books.,toy-and-movable-books,http://id.worldcat.org/fast/1726766
W99EI378,http://id.worldcat.org/fast/1726766.,Toy and movable books.,toy-and-movable-books,http://id.worldcat.org/fast/1726766
XJ3X468K,http://id.worldcat.org/fast/1726766.,Toy and movable books.,toy-and-movable-books,http://id.worldcat.org/fast/1726766
URPYB2MG,http://id.worldcat.org/fast/1726770.,Video games.,video-games,http://id.worldcat.org/fast/1726770
6L3JZ96S,http://id.worldcat.org/fast/1726771.,Visual poetry.,visual-poetry,http://id.worldcat.org/fast/1726771
7J86PE5Z,http://id.worldcat.org/fast/1726771.,Visual poetry.,visual-poetry,http://id.worldcat.org/fast/1726771
8ILC5ENQ,http://id.worldcat.org/fast/1726771.,Visual poetry.,visual-poetry,http://id.worldcat.org/fast/1726771
ACZ5VEVR,http://id.worldcat.org/fast/1726771.,Visual poetry.,visual-poetry,http://id.worldcat.org/fast/1726771
AJXHZLKV,http://id.worldcat.org/fast/1726771.,Visual poetry.,visual-poetry,http://id.worldcat.org/fast/1726771
CAV69CKH,http://id.worldcat.org/fast/1726771.,Visual poetry.,visual-poetry,http://id.worldcat.org/fast/1726771
CDHHAFU6,http://id.worldcat.org/fast/1726771.,Visual poetry.,visual-poetry,http://id.worldcat.org/fast/1726771
E62R9QS4,http://id.worldcat.org/fast/1726771.,Visual poetry.,visual-poetry,http://id.worldcat.org/fast/1726771
GURAG9JG,http://id.worldcat.org/fast/1726771.,Visual poetry.,visual-poetry,http://id.worldcat.org/fast/1726771
L6IL4VQY,http://id.worldcat.org/fast/1726771.,Visual poetry.,visual-poetry,http://id.worldcat.org/fast/1726771
RKL992ZG,http://id.worldcat.org/fast/1726771.,Visual poetry.,visual-poetry,http://id.worldcat.org/fast/1726771
SIPGLSUF,http://id.worldcat.org/fast/1726771.,Visual poetry.,visual-poetry,http://id.worldcat.org/fast/1726771
TRHP5M6A,http://id.worldcat.org/fast/1726771.,Visual poetry.,visual-poetry,http://id.worldcat.org/fast/1726771
UCTSXTP3,http://id.worldcat.org/fast/1726771.,Visual poetry.,visual-poetry,http://id.worldcat.org/fast/1726771
UMK6A4YQ,http://id.worldcat.org/fast/1726771.,Visual poetry.,visual-poetry,http://id.worldcat.org/fast/1726771
VVKM5K5N,http://id.worldcat.org/fast/1726771.,Visual poetry.,visual-poetry,http://id.worldcat.org/fast/1726771
YJZNQ94S,http://id.worldcat.org/fast/1726771.,Visual poetry.,visual-poetry,http://id.worldcat.org/fast/1726771
2LGSRZH3,http://id.worldcat.org/fast/1726776.,Western fiction.,western-fiction,http://id.worldcat.org/fast/1726776
5VMVZ3JB,http://id.worldcat.org/fast/1726787.,Games.,games,http://id.worldcat.org/fast/1726787
226R6HJK,http://id.worldcat.org/fast/1750153.,Artists' books.,artists-books,http://id.worldcat.org/fast/1750153
22A8PINZ,http://id.worldcat.org/fast/1750153.,Artists' books.,artists-books,http://id.worldcat.org/fast/1750153
22TSL3K2,http://id.worldcat.org/fast/1750153.,Artists' books.,artists-books,http://id.worldcat.org/fast/1750153
22WD8W35,http://id.worldcat.org/fast/1750153.,Artists' books.,artists-books,http://id.worldcat.org/fast/1750153
23EMIBFV,http://id.worldcat.org/fast/1750153.,Artists' books.,artists-books,http://id.worldcat.org/fast/1750153
23ZX86U5,http://id.worldcat.org/fast/1750153.,Artists' books.,artists-books,http://id.worldcat.org/fast/1750153
24HSZQI4,http://id.worldcat.org/fast/1750153.,Artists' books.,artists-books,http://id.worldcat.org/fast/1750153
24YJ4MQA,http://id.worldcat.org/fast/1750153.,Artists' books.,artists-books,http://id.worldcat.org/fast/1750153
26B9TB5J,http://id.worldcat.org/fast/1750153.,Artists' books.,artists-books,http://id.worldcat.org/fast/1750153
28QX2N42,http://id.worldcat.org/fast/1750153.,Artists' books.,artists-books,http://id.worldcat.org/fast/1750153
2B2582MX,http://id.worldcat.org/fast/1750153.,Artists' books.,artists-books,http://id.worldcat.org/fast/1750153
2D9X89XX,http://id.worldcat.org/fast/1750153.,Artists' books.,artists-books,http://id.worldcat.org/fast/1750153
2FMAJ6SK,http://id.worldcat.org/fast/1750153.,Artists' books.,artists-books,http://id.worldcat.org/fast/1750153
2J3IRJKT,http://id.worldcat.org/fast/1750153.,Artists' books.,artists-books,http://id.worldcat.org/fast/1750153
2JCX84TY,http://id.worldcat.org/fast/1750153.,Artists' books.,artists-books,http://id.worldcat.org/fast/1750153
2KM7HSNE,http://id.worldcat.org/fast/1750153.,Artists' books.,artists-books,http://id.worldcat.org/fast/1750153
2LGSRZH3,http://id.worldcat.org/fast/1750153.,Artists' books.,artists-books,http://id.worldcat.org/fast/1750153
2MZUGSET,http://id.worldcat.org/fast/1750153.,Artists' books.,artists-books,http://id.worldcat.org/fast/1750153
2PSMHYVM,http://id.worldcat.org/fast/1750153.,Artists' books.,artists-books,http://id.worldcat.org/fast/1750153
2QLSKEIY,http://id.worldcat.org/fast/1750153.,Artists' books.,artists-books,http://id.worldcat.org/fast/1750153
2TR675BK,http://id.worldcat.org/fast/1750153.,Artists' books.,artists-books,http://id.worldcat.org/fast/1750153
2UNTGYB4,http://id.worldcat.org/fast/1750153.,Artists' books.,artists-books,http://id.worldcat.org/fast/1750153
2VCP48MT,http://id.worldcat.org/fast/1750153.,Artists' books.,artists-books,http://id.worldcat.org/fast/1750153
2X8EKNSF,http://id.worldcat.org/fast/1750153.,Artists' books.,artists-books,http://id.worldcat.org/fast/1750153
2XB9ZKKA,http://id.worldcat.org/fast/1750153.,Artists' books.,artists-books,http://id.worldcat.org/fast/1750153
2XTG4RQU,http://id.worldcat.org/fast/1750153.,Artists' books.,artists-books,http://id.worldcat.org/fast/1750153
2Y3CWMAR,http://id.worldcat.org/fast/1750153.,Artists' books.,artists-books,http://id.worldcat.org/fast/1750153
2Y74UZ69,http://id.worldcat.org/fast/1750153.,Artists' books.,artists-books,http://id.worldcat.org/fast/1750153
2YERIMK2,http://id.worldcat.org/fast/1750153.,Artists' books.,artists-books,http://id.worldcat.org/fast/1750153
2YMWW5GN,http://id.worldcat.org/fast/1750153.,Artists' books.,artists-books,http://id.worldcat.org/fast/1750153
2ZV8TG6K,http://id.worldcat.org/fast/1750153.,Artists' books.,artists-books,http://id.worldcat.org/fast/1750153
336ZZN7S,http://id.worldcat.org/fast/1750153.,Artists' books.,artists-books,http://id.worldcat.org/fast/1750153
344DUV4F,http://id.worldcat.org/fast/1750153.,Artists' books.,artists-books,http://id.worldcat.org/fast/1750153
352ML323,http://id.worldcat.org/fast/1750153.,Artists' books.,artists-books,http://id.worldcat.org/fast/1750153
367HVISM,http://id.worldcat.org/fast/1750153.,Artists' books.,artists-books,http://id.worldcat.org/fast/1750153
37P86AJJ,http://id.worldcat.org/fast/1750153.,Artists' books.,artists-books,http://id.worldcat.org/fast/1750153
37PNYTWT,http://id.worldcat.org/fast/1750153.,Artists' books.,artists-books,http://id.worldcat.org/fast/1750153
38AVYUMK,http://id.worldcat.org/fast/1750153.,Artists' books.,artists-books,http://id.worldcat.org/fast/1750153
39BHSX9B,http://id.worldcat.org/fast/1750153.,Artists' books.,artists-books,http://id.worldcat.org/fast/1750153
39HJAM45,http://id.worldcat.org/fast/1750153.,Artists' books.,artists-books,http://id.worldcat.org/fast/1750153
3A3YZS7V,http://id.worldcat.org/fast/1750153.,Artists' books.,artists-books,http://id.worldcat.org/fast/1750153
3B52UMXI,http://id.worldcat.org/fast/1750153.,Artists' books.,artists-books,http://id.worldcat.org/fast/1750153
3C827A4Q,http://id.worldcat.org/fast/1750153.,Artists' books.,artists-books,http://id.worldcat.org/fast/1750153
3CLJJJUE,http://id.worldcat.org/fast/1750153.,Artists' books.,artists-books,http://id.worldcat.org/fast/1750153
3EL2W3SF,http://id.worldcat.org/fast/1750153.,Artists' books.,artists-books,http://id.worldcat.org/fast/1750153
3GXJDW6J,http://id.worldcat.org/fast/1750153.,Artists' books.,artists-books,http://id.worldcat.org/fast/1750153
3KR6GEM2,http://id.worldcat.org/fast/1750153.,Artists' books.,artists-books,http://id.worldcat.org/fast/1750153
3KUNMIBP,http://id.worldcat.org/fast/1750153.,Artists' books.,artists-books,http://id.worldcat.org/fast/1750153
3LSS2JHE,http://id.worldcat.org/fast/1750153.,Artists' books.,artists-books,http://id.worldcat.org/fast/1750153
3MJU4XL3,http://id.worldcat.org/fast/1750153.,Artists' books.,artists-books,http://id.worldcat.org/fast/1750153
3QXCAUBS,http://id.worldcat.org/fast/1750153.,Artists' books.,artists-books,http://id.worldcat.org/fast/1750153
3QXLXM2L,http://id.worldcat.org/fast/1750153.,Artists' books.,artists-books,http://id.worldcat.org/fast/1750153
3QYQTL86,http://id.worldcat.org/fast/1750153.,Artists' books.,artists-books,http://id.worldcat.org/fast/1750153
3RZ2C63A,http://id.worldcat.org/fast/1750153.,Artists' books.,artists-books,http://id.worldcat.org/fast/1750153
3S6VEBTX,http://id.worldcat.org/fast/1750153.,Artists' books.,artists-books,http://id.worldcat.org/fast/1750153
3TWQ5NBE,http://id.worldcat.org/fast/1750153.,Artists' books.,artists-books,http://id.worldcat.org/fast/1750153
3VINCA44,http://id.worldcat.org/fast/1750153.,Artists' books.,artists-books,http://id.worldcat.org/fast/1750153
3VSHA9S5,http://id.worldcat.org/fast/1750153.,Artists' books.,artists-books,http://id.worldcat.org/fast/1750153
3W95A2M6,http://id.worldcat.org/fast/1750153.,Artists' books.,artists-books,http://id.worldcat.org/fast/1750153
3XZCC9CU,http://id.worldcat.org/fast/1750153.,Artists' books.,artists-books,http://id.worldcat.org/fast/1750153
3YFZ6WAQ,http://id.worldcat.org/fast/1750153.,Artists' books.,artists-books,http://id.worldcat.org/fast/1750153
3YW88G5W,http://id.worldcat.org/fast/1750153.,Artists' books.,artists-books,http://id.worldcat.org/fast/1750153
3ZUC8TKN,http://id.worldcat.org/fast/1750153.,Artists' books.,artists-books,http://id.worldcat.org/fast/1750153
43CVMICH,http://id.worldcat.org/fast/1750153.,Artists' books.,artists-books,http://id.worldcat.org/fast/1750153
43VQN65D,http://id.worldcat.org/fast/1750153.,Artists' books.,artists-books,http://id.worldcat.org/fast/1750153
44H3J4PE,http://id.worldcat.org/fast/1750153.,Artists' books.,artists-books,http://id.worldcat.org/fast/1750153
469JLCRM,http://id.worldcat.org/fast/1750153.,Artists' books.,artists-books,http://id.worldcat.org/fast/1750153
46NR5MDM,http://id.worldcat.org/fast/1750153.,Artists' books.,artists-books,http://id.worldcat.org/fast/1750153
48AHMBTH,http://id.worldcat.org/fast/1750153.,Artists' books.,artists-books,http://id.worldcat.org/fast/1750153
4929RG22,http://id.worldcat.org/fast/1750153.,Artists' books.,artists-books,http://id.worldcat.org/fast/1750153
4A4KYCYY,http://id.worldcat.org/fast/1750153.,Artists' books.,artists-books,http://id.worldcat.org/fast/1750153
4BPI6G2J,http://id.worldcat.org/fast/1750153.,Artists' books.,artists-books,http://id.worldcat.org/fast/1750153
4DNVSWWD,http://id.worldcat.org/fast/1750153.,Artists' books.,artists-books,http://id.worldcat.org/fast/1750153
4EZIC3WX,http://id.worldcat.org/fast/1750153.,Artists' books.,artists-books,http://id.worldcat.org/fast/1750153
4GYWKCV7,http://id.worldcat.org/fast/1750153.,Artists' books.,artists-books,http://id.worldcat.org/fast/1750153
4IF8QJ72,http://id.worldcat.org/fast/1750153.,Artists' books.,artists-books,http://id.worldcat.org/fast/1750153
4IYRE6P6,http://id.worldcat.org/fast/1750153.,Artists' books.,artists-books,http://id.worldcat.org/fast/1750153
4JUAYINW,http://id.worldcat.org/fast/1750153.,Artists' books.,artists-books,http://id.worldcat.org/fast/1750153
4KTMAPB9,http://id.worldcat.org/fast/1750153.,Artists' books.,artists-books,http://id.worldcat.org/fast/1750153
4L3ATHTH,http://id.worldcat.org/fast/1750153.,Artists' books.,artists-books,http://id.worldcat.org/fast/1750153
4MB2YUMV,http://id.worldcat.org/fast/1750153.,Artists' books.,artists-books,http://id.worldcat.org/fast/1750153
4N9N5ITB,http://id.worldcat.org/fast/1750153.,Artists' books.,artists-books,http://id.worldcat.org/fast/1750153
4PHX8LAE,http://id.worldcat.org/fast/1750153.,Artists' books.,artists-books,http://id.worldcat.org/fast/1750153
4QFAMBK2,http://id.worldcat.org/fast/1750153.,Artists' books.,artists-books,http://id.worldcat.org/fast/1750153
4QPZT3QC,http://id.worldcat.org/fast/1750153.,Artists' books.,artists-books,http://id.worldcat.org/fast/1750153
4R2N4PWW,http://id.worldcat.org/fast/1750153.,Artists' books.,artists-books,http://id.worldcat.org/fast/1750153
4RPSYI95,http://id.worldcat.org/fast/1750153.,Artists' books.,artists-books,http://id.worldcat.org/fast/1750153
4S9B5FHR,http://id.worldcat.org/fast/1750153.,Artists' books.,artists-books,http://id.worldcat.org/fast/1750153
4SER4VHI,http://id.worldcat.org/fast/1750153.,Artists' books.,artists-books,http://id.worldcat.org/fast/1750153
4TA5SKXR,http://id.worldcat.org/fast/1750153.,Artists' books.,artists-books,http://id.worldcat.org/fast/1750153
4TNQ9JZT,http://id.worldcat.org/fast/1750153.,Artists' books.,artists-books,http://id.worldcat.org/fast/1750153
4WYHWZPR,http://id.worldcat.org/fast/1750153.,Artists' books.,artists-books,http://id.worldcat.org/fast/1750153
4Y83US9K,http://id.worldcat.org/fast/1750153.,Artists' books.,artists-books,http://id.worldcat.org/fast/1750153
4YJTPJJ2,http://id.worldcat.org/fast/1750153.,Artists' books.,artists-books,http://id.worldcat.org/fast/1750153
4YQIWAKC,http://id.worldcat.org/fast/1750153.,Artists' books.,artists-books,http://id.worldcat.org/fast/1750153
4YRHPUNT,http://id.worldcat.org/fast/1750153.,Artists' books.,artists-books,http://id.worldcat.org/fast/1750153
4ZJG7DPJ,http://id.worldcat.org/fast/1750153.,Artists' books.,artists-books,http://id.worldcat.org/fast/1750153
52GSDNZF,http://id.worldcat.org/fast/1750153.,Artists' books.,artists-books,http://id.worldcat.org/fast/1750153
53Y9ZK7P,http://id.worldcat.org/fast/1750153.,Artists' books.,artists-books,http://id.worldcat.org/fast/1750153
544GIHMN,http://id.worldcat.org/fast/1750153.,Artists' books.,artists-books,http://id.worldcat.org/fast/1750153
566FGEFI,http://id.worldcat.org/fast/1750153.,Artists' books.,artists-books,http://id.worldcat.org/fast/1750153
56FFTVRF,http://id.worldcat.org/fast/1750153.,Artists' books.,artists-books,http://id.worldcat.org/fast/1750153
5BTUNLK2,http://id.worldcat.org/fast/1750153.,Artists' books.,artists-books,http://id.worldcat.org/fast/1750153
5C87SEQG,http://id.worldcat.org/fast/1750153.,Artists' books.,artists-books,http://id.worldcat.org/fast/1750153
5C9IGFYL,http://id.worldcat.org/fast/1750153.,Artists' books.,artists-books,http://id.worldcat.org/fast/1750153
5CAZWUF3,http://id.worldcat.org/fast/1750153.,Artists' books.,artists-books,http://id.worldcat.org/fast/1750153
5D6BM8BR,http://id.worldcat.org/fast/1750153.,Artists' books.,artists-books,http://id.worldcat.org/fast/1750153
5DKQPFEP,http://id.worldcat.org/fast/1750153.,Artists' books.,artists-books,http://id.worldcat.org/fast/1750153
5DW235NM,http://id.worldcat.org/fast/1750153.,Artists' books.,artists-books,http://id.worldcat.org/fast/1750153
5F2VZ9LU,http://id.worldcat.org/fast/1750153.,Artists' books.,artists-books,http://id.worldcat.org/fast/1750153
5FNX4ZEU,http://id.worldcat.org/fast/1750153.,Artists' books.,artists-books,http://id.worldcat.org/fast/1750153
5HHE3PGA,http://id.worldcat.org/fast/1750153.,Artists' books.,artists-books,http://id.worldcat.org/fast/1750153
5I6WDA32,http://id.worldcat.org/fast/1750153.,Artists' books.,artists-books,http://id.worldcat.org/fast/1750153
5IABCDQ2,http://id.worldcat.org/fast/1750153.,Artists' books.,artists-books,http://id.worldcat.org/fast/1750153
5IAMT5AG,http://id.worldcat.org/fast/1750153.,Artists' books.,artists-books,http://id.worldcat.org/fast/1750153
5IUXTVVX,http://id.worldcat.org/fast/1750153.,Artists' books.,artists-books,http://id.worldcat.org/fast/1750153
5JVKZS58,http://id.worldcat.org/fast/1750153.,Artists' books.,artists-books,http://id.worldcat.org/fast/1750153
5K8HTT8V,http://id.worldcat.org/fast/1750153.,Artists' books.,artists-books,http://id.worldcat.org/fast/1750153
5MAEV7QD,http://id.worldcat.org/fast/1750153.,Artists' books.,artists-books,http://id.worldcat.org/fast/1750153
5NVY5CM5,http://id.worldcat.org/fast/1750153.,Artists' books.,artists-books,http://id.worldcat.org/fast/1750153
5PP67AWQ,http://id.worldcat.org/fast/1750153.,Artists' books.,artists-books,http://id.worldcat.org/fast/1750153
5PZKVJJW,http://id.worldcat.org/fast/1750153.,Artists' books.,artists-books,http://id.worldcat.org/fast/1750153
5QFI8UXT,http://id.worldcat.org/fast/1750153.,Artists' books.,artists-books,http://id.worldcat.org/fast/1750153
5RHV39EB,http://id.worldcat.org/fast/1750153.,Artists' books.,artists-books,http://id.worldcat.org/fast/1750153
5RMHY3GN,http://id.worldcat.org/fast/1750153.,Artists' books.,artists-books,http://id.worldcat.org/fast/1750153
5TESBLU2,http://id.worldcat.org/fast/1750153.,Artists' books.,artists-books,http://id.worldcat.org/fast/1750153
5VMVZ3JB,http://id.worldcat.org/fast/1750153.,Artists' books.,artists-books,http://id.worldcat.org/fast/1750153
5VPEAK3V,http://id.worldcat.org/fast/1750153.,Artists' books.,artists-books,http://id.worldcat.org/fast/1750153
5VWS7Q8P,http://id.worldcat.org/fast/1750153.,Artists' books.,artists-books,http://id.worldcat.org/fast/1750153
5ZL3VFEB,http://id.worldcat.org/fast/1750153.,Artists' books.,artists-books,http://id.worldcat.org/fast/1750153
632X6CII,http://id.worldcat.org/fast/1750153.,Artists' books.,artists-books,http://id.worldcat.org/fast/1750153
63G4CRVN,http://id.worldcat.org/fast/1750153.,Artists' books.,artists-books,http://id.worldcat.org/fast/1750153
63PL2Y3P,http://id.worldcat.org/fast/1750153.,Artists' books.,artists-books,http://id.worldcat.org/fast/1750153
654GPFBP,http://id.worldcat.org/fast/1750153.,Artists' books.,artists-books,http://id.worldcat.org/fast/1750153
655Q5W29,http://id.worldcat.org/fast/1750153.,Artists' books.,artists-books,http://id.worldcat.org/fast/1750153
658UZLFI,http://id.worldcat.org/fast/1750153.,Artists' books.,artists-books,http://id.worldcat.org/fast/1750153
658XBXEA,http://id.worldcat.org/fast/1750153.,Artists' books.,artists-books,http://id.worldcat.org/fast/1750153
65AK6JBW,http://id.worldcat.org/fast/1750153.,Artists' books.,artists-books,http://id.worldcat.org/fast/1750153
65JGRC8Z,http://id.worldcat.org/fast/1750153.,Artists' books.,artists-books,http://id.worldcat.org/fast/1750153
67CQ4NGZ,http://id.worldcat.org/fast/1750153.,Artists' books.,artists-books,http://id.worldcat.org/fast/1750153
693Y359F,http://id.worldcat.org/fast/1750153.,Artists' books.,artists-books,http://id.worldcat.org/fast/1750153
6AS73ERV,http://id.worldcat.org/fast/1750153.,Artists' books.,artists-books,http://id.worldcat.org/fast/1750153
6AXLYZ3E,http://id.worldcat.org/fast/1750153.,Artists' books.,artists-books,http://id.worldcat.org/fast/1750153
6BE8RLEX,http://id.worldcat.org/fast/1750153.,Artists' books.,artists-books,http://id.worldcat.org/fast/1750153
6CFQVVMX,http://id.worldcat.org/fast/1750153.,Artists' books.,artists-books,http://id.worldcat.org/fast/1750153
6D2HLT6A,http://id.worldcat.org/fast/1750153.,Artists' books.,artists-books,http://id.worldcat.org/fast/1750153
6D565KJB,http://id.worldcat.org/fast/1750153.,Artists' books.,artists-books,http://id.worldcat.org/fast/1750153
6DWYUYKH,http://id.worldcat.org/fast/1750153.,Artists' books.,artists-books,http://id.worldcat.org/fast/1750153
6FQNGN3S,http://id.worldcat.org/fast/1750153.,Artists' books.,artists-books,http://id.worldcat.org/fast/1750153
6GHX8ICJ,http://id.worldcat.org/fast/1750153.,Artists' books.,artists-books,http://id.worldcat.org/fast/1750153
6IHX7NMK,http://id.worldcat.org/fast/1750153.,Artists' books.,artists-books,http://id.worldcat.org/fast/1750153
6J7JCJ8Q,http://id.worldcat.org/fast/1750153.,Artists' books.,artists-books,http://id.worldcat.org/fast/1750153
6L3JZ96S,http://id.worldcat.org/fast/1750153.,Artists' books.,artists-books,http://id.worldcat.org/fast/1750153
6LZ6SUZY,http://id.worldcat.org/fast/1750153.,Artists' books.,artists-books,http://id.worldcat.org/fast/1750153
6NIBFM43,http://id.worldcat.org/fast/1750153.,Artists' books.,artists-books,http://id.worldcat.org/fast/1750153
6PH8HALJ,http://id.worldcat.org/fast/1750153.,Artists' books.,artists-books,http://id.worldcat.org/fast/1750153
6QQIZA6F,http://id.worldcat.org/fast/1750153.,Artists' books.,artists-books,http://id.worldcat.org/fast/1750153
6SAEFZ2Z,http://id.worldcat.org/fast/1750153.,Artists' books.,artists-books,http://id.worldcat.org/fast/1750153
6SEV2CAV,http://id.worldcat.org/fast/1750153.,Artists' books.,artists-books,http://id.worldcat.org/fast/1750153
6SZ3CCV4,http://id.worldcat.org/fast/1750153.,Artists' books.,artists-books,http://id.worldcat.org/fast/1750153
6TTGAVHR,http://id.worldcat.org/fast/1750153.,Artists' books.,artists-books,http://id.worldcat.org/fast/1750153
6WGTDZ7D,http://id.worldcat.org/fast/1750153.,Artists' books.,artists-books,http://id.worldcat.org/fast/1750153
6WP92GL3,http://id.worldcat.org/fast/1750153.,Artists' books.,artists-books,http://id.worldcat.org/fast/1750153
6WVPBSU4,http://id.worldcat.org/fast/1750153.,Artists' books.,artists-books,http://id.worldcat.org/fast/1750153
7484IUMH,http://id.worldcat.org/fast/1750153.,Artists' books.,artists-books,http://id.worldcat.org/fast/1750153
76WLZ4BK,http://id.worldcat.org/fast/1750153.,Artists' books.,artists-books,http://id.worldcat.org/fast/1750153
77TUFTYU,http://id.worldcat.org/fast/1750153.,Artists' books.,artists-books,http://id.worldcat.org/fast/1750153
7AB3HMG7,http://id.worldcat.org/fast/1750153.,Artists' books.,artists-books,http://id.worldcat.org/fast/1750153
7B2F97TD,http://id.worldcat.org/fast/1750153.,Artists' books.,artists-books,http://id.worldcat.org/fast/1750153
7DQDXGMM,http://id.worldcat.org/fast/1750153.,Artists' books.,artists-books,http://id.worldcat.org/fast/1750153
7DU84Q8C,http://id.worldcat.org/fast/1750153.,Artists' books.,artists-books,http://id.worldcat.org/fast/1750153
7DW84IIA,http://id.worldcat.org/fast/1750153.,Artists' books.,artists-books,http://id.worldcat.org/fast/1750153
7FR428K6,http://id.worldcat.org/fast/1750153.,Artists' books.,artists-books,http://id.worldcat.org/fast/1750153
7GUI3IJP,http://id.worldcat.org/fast/1750153.,Artists' books.,artists-books,http://id.worldcat.org/fast/1750153
7HEG7EAS,http://id.worldcat.org/fast/1750153.,Artists' books.,artists-books,http://id.worldcat.org/fast/1750153
7J86PE5Z,http://id.worldcat.org/fast/1750153.,Artists' books.,artists-books,http://id.worldcat.org/fast/1750153
7JQKB49X,http://id.worldcat.org/fast/1750153.,Artists' books.,artists-books,http://id.worldcat.org/fast/1750153
7N2AGNCE,http://id.worldcat.org/fast/1750153.,Artists' books.,artists-books,http://id.worldcat.org/fast/1750153
7NNFWE7D,http://id.worldcat.org/fast/1750153.,Artists' books.,artists-books,http://id.worldcat.org/fast/1750153
7Q6XJGWQ,http://id.worldcat.org/fast/1750153.,Artists' books.,artists-books,http://id.worldcat.org/fast/1750153
7UUDPUCN,http://id.worldcat.org/fast/1750153.,Artists' books.,artists-books,http://id.worldcat.org/fast/1750153
7VSBEYA5,http://id.worldcat.org/fast/1750153.,Artists' books.,artists-books,http://id.worldcat.org/fast/1750153
7WIH889K,http://id.worldcat.org/fast/1750153.,Artists' books.,artists-books,http://id.worldcat.org/fast/1750153
7XD6IHK6,http://id.worldcat.org/fast/1750153.,Artists' books.,artists-books,http://id.worldcat.org/fast/1750153
7YILJFPS,http://id.worldcat.org/fast/1750153.,Artists' books.,artists-books,http://id.worldcat.org/fast/1750153
839TV2UJ,http://id.worldcat.org/fast/1750153.,Artists' books.,artists-books,http://id.worldcat.org/fast/1750153
83JLLNSN,http://id.worldcat.org/fast/1750153.,Artists' books.,artists-books,http://id.worldcat.org/fast/1750153
845Z9G55,http://id.worldcat.org/fast/1750153.,Artists' books.,artists-books,http://id.worldcat.org/fast/1750153
86XH2LCF,http://id.worldcat.org/fast/1750153.,Artists' books.,artists-books,http://id.worldcat.org/fast/1750153
87H2AQ6Q,http://id.worldcat.org/fast/1750153.,Artists' books.,artists-books,http://id.worldcat.org/fast/1750153
892IYWX3,http://id.worldcat.org/fast/1750153.,Artists' books.,artists-books,http://id.worldcat.org/fast/1750153
897RL5ME,http://id.worldcat.org/fast/1750153.,Artists' books.,artists-books,http://id.worldcat.org/fast/1750153
8AGMUSAL,http://id.worldcat.org/fast/1750153.,Artists' books.,artists-books,http://id.worldcat.org/fast/1750153
8CGK2V3V,http://id.worldcat.org/fast/1750153.,Artists' books.,artists-books,http://id.worldcat.org/fast/1750153
8E6MELJY,http://id.worldcat.org/fast/1750153.,Artists' books.,artists-books,http://id.worldcat.org/fast/1750153
8FRBLQQU,http://id.worldcat.org/fast/1750153.,Artists' books.,artists-books,http://id.worldcat.org/fast/1750153
8IKXDTVT,http://id.worldcat.org/fast/1750153.,Artists' books.,artists-books,http://id.worldcat.org/fast/1750153
8KQHRYNE,http://id.worldcat.org/fast/1750153.,Artists' books.,artists-books,http://id.worldcat.org/fast/1750153
8MNVVUDS,http://id.worldcat.org/fast/1750153.,Artists' books.,artists-books,http://id.worldcat.org/fast/1750153
8MZPM5NM,http://id.worldcat.org/fast/1750153.,Artists' books.,artists-books,http://id.worldcat.org/fast/1750153
8NNMXWTU,http://id.worldcat.org/fast/1750153.,Artists' books.,artists-books,http://id.worldcat.org/fast/1750153
8NUHR3R2,http://id.worldcat.org/fast/1750153.,Artists' books.,artists-books,http://id.worldcat.org/fast/1750153
8PUSBIXM,http://id.worldcat.org/fast/1750153.,Artists' books.,artists-books,http://id.worldcat.org/fast/1750153
8RDBSS42,http://id.worldcat.org/fast/1750153.,Artists' books.,artists-books,http://id.worldcat.org/fast/1750153
8TK3B6UX,http://id.worldcat.org/fast/1750153.,Artists' books.,artists-books,http://id.worldcat.org/fast/1750153
8UEP33C8,http://id.worldcat.org/fast/1750153.,Artists' books.,artists-books,http://id.worldcat.org/fast/1750153
8UEXGY2S,http://id.worldcat.org/fast/1750153.,Artists' books.,artists-books,http://id.worldcat.org/fast/1750153
8UUAJ5AY,http://id.worldcat.org/fast/1750153.,Artists' books.,artists-books,http://id.worldcat.org/fast/1750153
8VVL4XQ7,http://id.worldcat.org/fast/1750153.,Artists' books.,artists-books,http://id.worldcat.org/fast/1750153
8XFT77DQ,http://id.worldcat.org/fast/1750153.,Artists' books.,artists-books,http://id.worldcat.org/fast/1750153
8Z5XF7GC,http://id.worldcat.org/fast/1750153.,Artists' books.,artists-books,http://id.worldcat.org/fast/1750153
939UBEML,http://id.worldcat.org/fast/1750153.,Artists' books.,artists-books,http://id.worldcat.org/fast/1750153
93YZ6YWY,http://id.worldcat.org/fast/1750153.,Artists' books.,artists-books,http://id.worldcat.org/fast/1750153
95H4A6JA,http://id.worldcat.org/fast/1750153.,Artists' books.,artists-books,http://id.worldcat.org/fast/1750153
96Z3DBYG,http://id.worldcat.org/fast/1750153.,Artists' books.,artists-books,http://id.worldcat.org/fast/1750153
9D7CD9RC,http://id.worldcat.org/fast/1750153.,Artists' books.,artists-books,http://id.worldcat.org/fast/1750153
9DAJEMHJ,http://id.worldcat.org/fast/1750153.,Artists' books.,artists-books,http://id.worldcat.org/fast/1750153
9EE9MMHS,http://id.worldcat.org/fast/1750153.,Artists' books.,artists-books,http://id.worldcat.org/fast/1750153
9EYQ75JU,http://id.worldcat.org/fast/1750153.,Artists' books.,artists-books,http://id.worldcat.org/fast/1750153
9F6Y5QBP,http://id.worldcat.org/fast/1750153.,Artists' books.,artists-books,http://id.worldcat.org/fast/1750153
9FMJ3YJ5,http://id.worldcat.org/fast/1750153.,Artists' books.,artists-books,http://id.worldcat.org/fast/1750153
9FU9RMRX,http://id.worldcat.org/fast/1750153.,Artists' books.,artists-books,http://id.worldcat.org/fast/1750153
9FX8NRGF,http://id.worldcat.org/fast/1750153.,Artists' books.,artists-books,http://id.worldcat.org/fast/1750153
9HXSD7R3,http://id.worldcat.org/fast/1750153.,Artists' books.,artists-books,http://id.worldcat.org/fast/1750153
9INHX9JM,http://id.worldcat.org/fast/1750153.,Artists' books.,artists-books,http://id.worldcat.org/fast/1750153
9KP25F8C,http://id.worldcat.org/fast/1750153.,Artists' books.,artists-books,http://id.worldcat.org/fast/1750153
9KXW6GPB,http://id.worldcat.org/fast/1750153.,Artists' books.,artists-books,http://id.worldcat.org/fast/1750153
9L36958V,http://id.worldcat.org/fast/1750153.,Artists' books.,artists-books,http://id.worldcat.org/fast/1750153
9LXMIWCK,http://id.worldcat.org/fast/1750153.,Artists' books.,artists-books,http://id.worldcat.org/fast/1750153
9M4MSDAN,http://id.worldcat.org/fast/1750153.,Artists' books.,artists-books,http://id.worldcat.org/fast/1750153
9N4B4C7A,http://id.worldcat.org/fast/1750153.,Artists' books.,artists-books,http://id.worldcat.org/fast/1750153
9NSUBLQS,http://id.worldcat.org/fast/1750153.,Artists' books.,artists-books,http://id.worldcat.org/fast/1750153
9PXADZ3T,http://id.worldcat.org/fast/1750153.,Artists' books.,artists-books,http://id.worldcat.org/fast/1750153
9SMP5TFE,http://id.worldcat.org/fast/1750153.,Artists' books.,artists-books,http://id.worldcat.org/fast/1750153
9T72BMX6,http://id.worldcat.org/fast/1750153.,Artists' books.,artists-books,http://id.worldcat.org/fast/1750153
9T8UFUH5,http://id.worldcat.org/fast/1750153.,Artists' books.,artists-books,http://id.worldcat.org/fast/1750153
9WA2CDN3,http://id.worldcat.org/fast/1750153.,Artists' books.,artists-books,http://id.worldcat.org/fast/1750153
9YH44I6G,http://id.worldcat.org/fast/1750153.,Artists' books.,artists-books,http://id.worldcat.org/fast/1750153
9ZHBNXBJ,http://id.worldcat.org/fast/1750153.,Artists' books.,artists-books,http://id.worldcat.org/fast/1750153
A38WLAAU,http://id.worldcat.org/fast/1750153.,Artists' books.,artists-books,http://id.worldcat.org/fast/1750153
A3FJ5EQR,http://id.worldcat.org/fast/1750153.,Artists' books.,artists-books,http://id.worldcat.org/fast/1750153
A5FNJQB6,http://id.worldcat.org/fast/1750153.,Artists' books.,artists-books,http://id.worldcat.org/fast/1750153
A9A6SCSQ,http://id.worldcat.org/fast/1750153.,Artists' books.,artists-books,http://id.worldcat.org/fast/1750153
A9DSLD86,http://id.worldcat.org/fast/1750153.,Artists' books.,artists-books,http://id.worldcat.org/fast/1750153
AA4X6M4H,http://id.worldcat.org/fast/1750153.,Artists' books.,artists-books,http://id.worldcat.org/fast/1750153
AAEXGG89,http://id.worldcat.org/fast/1750153.,Artists' books.,artists-books,http://id.worldcat.org/fast/1750153
AB36I6CE,http://id.worldcat.org/fast/1750153.,Artists' books.,artists-books,http://id.worldcat.org/fast/1750153
AB3XJFKU,http://id.worldcat.org/fast/1750153.,Artists' books.,artists-books,http://id.worldcat.org/fast/1750153
ACM94FM8,http://id.worldcat.org/fast/1750153.,Artists' books.,artists-books,http://id.worldcat.org/fast/1750153
ACZ5VEVR,http://id.worldcat.org/fast/1750153.,Artists' books.,artists-books,http://id.worldcat.org/fast/1750153
ADDZLJJL,http://id.worldcat.org/fast/1750153.,Artists' books.,artists-books,http://id.worldcat.org/fast/1750153
ADNLTPIJ,http://id.worldcat.org/fast/1750153.,Artists' books.,artists-books,http://id.worldcat.org/fast/1750153
AEUCKZF3,http://id.worldcat.org/fast/1750153.,Artists' books.,artists-books,http://id.worldcat.org/fast/1750153
AF7HGVGQ,http://id.worldcat.org/fast/1750153.,Artists' books.,artists-books,http://id.worldcat.org/fast/1750153
AFM9EU3A,http://id.worldcat.org/fast/1750153.,Artists' books.,artists-books,http://id.worldcat.org/fast/1750153
AGAIEC4G,http://id.worldcat.org/fast/1750153.,Artists' books.,artists-books,http://id.worldcat.org/fast/1750153
AGDCNHXH,http://id.worldcat.org/fast/1750153.,Artists' books.,artists-books,http://id.worldcat.org/fast/1750153
AGU78B2Q,http://id.worldcat.org/fast/1750153.,Artists' books.,artists-books,http://id.worldcat.org/fast/1750153
AHZZP9XL,http://id.worldcat.org/fast/1750153.,Artists' books.,artists-books,http://id.worldcat.org/fast/1750153
AJCPM2LJ,http://id.worldcat.org/fast/1750153.,Artists' books.,artists-books,http://id.worldcat.org/fast/1750153
AJXHZLKV,http://id.worldcat.org/fast/1750153.,Artists' books.,artists-books,http://id.worldcat.org/fast/1750153
ANUB59VK,http://id.worldcat.org/fast/1750153.,Artists' books.,artists-books,http://id.worldcat.org/fast/1750153
AQWUCUIE,http://id.worldcat.org/fast/1750153.,Artists' books.,artists-books,http://id.worldcat.org/fast/1750153
AS5ABQGL,http://id.worldcat.org/fast/1750153.,Artists' books.,artists-books,http://id.worldcat.org/fast/1750153
ATXQXDCM,http://id.worldcat.org/fast/1750153.,Artists' books.,artists-books,http://id.worldcat.org/fast/1750153
AWWV23WS,http://id.worldcat.org/fast/1750153.,Artists' books.,artists-books,http://id.worldcat.org/fast/1750153
AXZ3NT64,http://id.worldcat.org/fast/1750153.,Artists' books.,artists-books,http://id.worldcat.org/fast/1750153
AY9W9WMM,http://id.worldcat.org/fast/1750153.,Artists' books.,artists-books,http://id.worldcat.org/fast/1750153
AZ3HXDCF,http://id.worldcat.org/fast/1750153.,Artists' books.,artists-books,http://id.worldcat.org/fast/1750153
B2KZWKED,http://id.worldcat.org/fast/1750153.,Artists' books.,artists-books,http://id.worldcat.org/fast/1750153
B3FLIYWS,http://id.worldcat.org/fast/1750153.,Artists' books.,artists-books,http://id.worldcat.org/fast/1750153
B3KJK38A,http://id.worldcat.org/fast/1750153.,Artists' books.,artists-books,http://id.worldcat.org/fast/1750153
B3N2KKNV,http://id.worldcat.org/fast/1750153.,Artists' books.,artists-books,http://id.worldcat.org/fast/1750153
B45HIUYD,http://id.worldcat.org/fast/1750153.,Artists' books.,artists-books,http://id.worldcat.org/fast/1750153
B4MRJUTU,http://id.worldcat.org/fast/1750153.,Artists' books.,artists-books,http://id.worldcat.org/fast/1750153
B53AT5IS,http://id.worldcat.org/fast/1750153.,Artists' books.,artists-books,http://id.worldcat.org/fast/1750153
B5S4K6IA,http://id.worldcat.org/fast/1750153.,Artists' books.,artists-books,http://id.worldcat.org/fast/1750153
B7X5M485,http://id.worldcat.org/fast/1750153.,Artists' books.,artists-books,http://id.worldcat.org/fast/1750153
B82NPRHA,http://id.worldcat.org/fast/1750153.,Artists' books.,artists-books,http://id.worldcat.org/fast/1750153
B8V3DBT6,http://id.worldcat.org/fast/1750153.,Artists' books.,artists-books,http://id.worldcat.org/fast/1750153
B8VL75MF,http://id.worldcat.org/fast/1750153.,Artists' books.,artists-books,http://id.worldcat.org/fast/1750153
B9LMTRA2,http://id.worldcat.org/fast/1750153.,Artists' books.,artists-books,http://id.worldcat.org/fast/1750153
BDH4KP5P,http://id.worldcat.org/fast/1750153.,Artists' books.,artists-books,http://id.worldcat.org/fast/1750153
BEAIU85U,http://id.worldcat.org/fast/1750153.,Artists' books.,artists-books,http://id.worldcat.org/fast/1750153
BFA9URPI,http://id.worldcat.org/fast/1750153.,Artists' books.,artists-books,http://id.worldcat.org/fast/1750153
BFCDMBHN,http://id.worldcat.org/fast/1750153.,Artists' books.,artists-books,http://id.worldcat.org/fast/1750153
BH7EHBJA,http://id.worldcat.org/fast/1750153.,Artists' books.,artists-books,http://id.worldcat.org/fast/1750153
BHEUTQLS,http://id.worldcat.org/fast/1750153.,Artists' books.,artists-books,http://id.worldcat.org/fast/1750153
BHY5PY4X,http://id.worldcat.org/fast/1750153.,Artists' books.,artists-books,http://id.worldcat.org/fast/1750153
BINBCVI8,http://id.worldcat.org/fast/1750153.,Artists' books.,artists-books,http://id.worldcat.org/fast/1750153
BJ76PM5H,http://id.worldcat.org/fast/1750153.,Artists' books.,artists-books,http://id.worldcat.org/fast/1750153
BJZBUA9G,http://id.worldcat.org/fast/1750153.,Artists' books.,artists-books,http://id.worldcat.org/fast/1750153
BM8GGVK3,http://id.worldcat.org/fast/1750153.,Artists' books.,artists-books,http://id.worldcat.org/fast/1750153
BPQ5N37H,http://id.worldcat.org/fast/1750153.,Artists' books.,artists-books,http://id.worldcat.org/fast/1750153
BQZRQGM2,http://id.worldcat.org/fast/1750153.,Artists' books.,artists-books,http://id.worldcat.org/fast/1750153
BRL4VTNW,http://id.worldcat.org/fast/1750153.,Artists' books.,artists-books,http://id.worldcat.org/fast/1750153
BRXLRBPA,http://id.worldcat.org/fast/1750153.,Artists' books.,artists-books,http://id.worldcat.org/fast/1750153
BSBQ5LZA,http://id.worldcat.org/fast/1750153.,Artists' books.,artists-books,http://id.worldcat.org/fast/1750153
BVYXGP2J,http://id.worldcat.org/fast/1750153.,Artists' books.,artists-books,http://id.worldcat.org/fast/1750153
BW2X9HAW,http://id.worldcat.org/fast/1750153.,Artists' books.,artists-books,http://id.worldcat.org/fast/1750153
BW9C7KI7,http://id.worldcat.org/fast/1750153.,Artists' books.,artists-books,http://id.worldcat.org/fast/1750153
BXPYLPQA,http://id.worldcat.org/fast/1750153.,Artists' books.,artists-books,http://id.worldcat.org/fast/1750153
BXRF7M3U,http://id.worldcat.org/fast/1750153.,Artists' books.,artists-books,http://id.worldcat.org/fast/1750153
BY6GNS2K,http://id.worldcat.org/fast/1750153.,Artists' books.,artists-books,http://id.worldcat.org/fast/1750153
BYV9IJBH,http://id.worldcat.org/fast/1750153.,Artists' books.,artists-books,http://id.worldcat.org/fast/1750153
BZXS5WXX,http://id.worldcat.org/fast/1750153.,Artists' books.,artists-books,http://id.worldcat.org/fast/1750153
C35V4GE9,http://id.worldcat.org/fast/1750153.,Artists' books.,artists-books,http://id.worldcat.org/fast/1750153
C4A66D77,http://id.worldcat.org/fast/1750153.,Artists' books.,artists-books,http://id.worldcat.org/fast/1750153
C4NIKENC,http://id.worldcat.org/fast/1750153.,Artists' books.,artists-books,http://id.worldcat.org/fast/1750153
C7C2WC28,http://id.worldcat.org/fast/1750153.,Artists' books.,artists-books,http://id.worldcat.org/fast/1750153
C8TR84N6,http://id.worldcat.org/fast/1750153.,Artists' books.,artists-books,http://id.worldcat.org/fast/1750153
CAI2PFZC,http://id.worldcat.org/fast/1750153.,Artists' books.,artists-books,http://id.worldcat.org/fast/1750153
CAV69CKH,http://id.worldcat.org/fast/1750153.,Artists' books.,artists-books,http://id.worldcat.org/fast/1750153
CBTCWZ2D,http://id.worldcat.org/fast/1750153.,Artists' books.,artists-books,http://id.worldcat.org/fast/1750153
CCS3Z546,http://id.worldcat.org/fast/1750153.,Artists' books.,artists-books,http://id.worldcat.org/fast/1750153
CDHHAFU6,http://id.worldcat.org/fast/1750153.,Artists' books.,artists-books,http://id.worldcat.org/fast/1750153
CFIF9DHE,http://id.worldcat.org/fast/1750153.,Artists' books.,artists-books,http://id.worldcat.org/fast/1750153
CGFXKRSP,http://id.worldcat.org/fast/1750153.,Artists' books.,artists-books,http://id.worldcat.org/fast/1750153
CITV8AEX,http://id.worldcat.org/fast/1750153.,Artists' books.,artists-books,http://id.worldcat.org/fast/1750153
CJ6QJUF7,http://id.worldcat.org/fast/1750153.,Artists' books.,artists-books,http://id.worldcat.org/fast/1750153
CJLMERMV,http://id.worldcat.org/fast/1750153.,Artists' books.,artists-books,http://id.worldcat.org/fast/1750153
CQ6WMXZ3,http://id.worldcat.org/fast/1750153.,Artists' books.,artists-books,http://id.worldcat.org/fast/1750153
CRKSZH7J,http://id.worldcat.org/fast/1750153.,Artists' books.,artists-books,http://id.worldcat.org/fast/1750153
CTPCXCHC,http://id.worldcat.org/fast/1750153.,Artists' books.,artists-books,http://id.worldcat.org/fast/1750153
CUBLTFRN,http://id.worldcat.org/fast/1750153.,Artists' books.,artists-books,http://id.worldcat.org/fast/1750153
CVXVUB6S,http://id.worldcat.org/fast/1750153.,Artists' books.,artists-books,http://id.worldcat.org/fast/1750153
CWABV6X4,http://id.worldcat.org/fast/1750153.,Artists' books.,artists-books,http://id.worldcat.org/fast/1750153
CX7E563Q,http://id.worldcat.org/fast/1750153.,Artists' books.,artists-books,http://id.worldcat.org/fast/1750153
CZE89VUA,http://id.worldcat.org/fast/1750153.,Artists' books.,artists-books,http://id.worldcat.org/fast/1750153
D3WA8UBT,http://id.worldcat.org/fast/1750153.,Artists' books.,artists-books,http://id.worldcat.org/fast/1750153
D4Q7IQKJ,http://id.worldcat.org/fast/1750153.,Artists' books.,artists-books,http://id.worldcat.org/fast/1750153
D4QAMZXB,http://id.worldcat.org/fast/1750153.,Artists' books.,artists-books,http://id.worldcat.org/fast/1750153
D5FZLMPX,http://id.worldcat.org/fast/1750153.,Artists' books.,artists-books,http://id.worldcat.org/fast/1750153
D69XVRD2,http://id.worldcat.org/fast/1750153.,Artists' books.,artists-books,http://id.worldcat.org/fast/1750153
D6BGRR32,http://id.worldcat.org/fast/1750153.,Artists' books.,artists-books,http://id.worldcat.org/fast/1750153
D6SIT9CG,http://id.worldcat.org/fast/1750153.,Artists' books.,artists-books,http://id.worldcat.org/fast/1750153
D6WZYP9X,http://id.worldcat.org/fast/1750153.,Artists' books.,artists-books,http://id.worldcat.org/fast/1750153
D75GLLMG,http://id.worldcat.org/fast/1750153.,Artists' books.,artists-books,http://id.worldcat.org/fast/1750153
D97WNGWB,http://id.worldcat.org/fast/1750153.,Artists' books.,artists-books,http://id.worldcat.org/fast/1750153
DCR5P4LE,http://id.worldcat.org/fast/1750153.,Artists' books.,artists-books,http://id.worldcat.org/fast/1750153
DD4C6A5D,http://id.worldcat.org/fast/1750153.,Artists' books.,artists-books,http://id.worldcat.org/fast/1750153
DD9CP69Q,http://id.worldcat.org/fast/1750153.,Artists' books.,artists-books,http://id.worldcat.org/fast/1750153
DDNJVGUE,http://id.worldcat.org/fast/1750153.,Artists' books.,artists-books,http://id.worldcat.org/fast/1750153
DF9LFBDT,http://id.worldcat.org/fast/1750153.,Artists' books.,artists-books,http://id.worldcat.org/fast/1750153
DGB3SEXI,http://id.worldcat.org/fast/1750153.,Artists' books.,artists-books,http://id.worldcat.org/fast/1750153
DGMKF555,http://id.worldcat.org/fast/1750153.,Artists' books.,artists-books,http://id.worldcat.org/fast/1750153
DGQAHVPP,http://id.worldcat.org/fast/1750153.,Artists' books.,artists-books,http://id.worldcat.org/fast/1750153
DHXWIRL9,http://id.worldcat.org/fast/1750153.,Artists' books.,artists-books,http://id.worldcat.org/fast/1750153
DICUCMKJ,http://id.worldcat.org/fast/1750153.,Artists' books.,artists-books,http://id.worldcat.org/fast/1750153
DJ65PKFX,http://id.worldcat.org/fast/1750153.,Artists' books.,artists-books,http://id.worldcat.org/fast/1750153
DJVN4D8K,http://id.worldcat.org/fast/1750153.,Artists' books.,artists-books,http://id.worldcat.org/fast/1750153
DJVUT7UH,http://id.worldcat.org/fast/1750153.,Artists' books.,artists-books,http://id.worldcat.org/fast/1750153
DKYULI6R,http://id.worldcat.org/fast/1750153.,Artists' books.,artists-books,http://id.worldcat.org/fast/1750153
DLRQLDD5,http://id.worldcat.org/fast/1750153.,Artists' books.,artists-books,http://id.worldcat.org/fast/1750153
DMCECA45,http://id.worldcat.org/fast/1750153.,Artists' books.,artists-books,http://id.worldcat.org/fast/1750153
DMJGW4DV,http://id.worldcat.org/fast/1750153.,Artists' books.,artists-books,http://id.worldcat.org/fast/1750153
DNTS73TK,http://id.worldcat.org/fast/1750153.,Artists' books.,artists-books,http://id.worldcat.org/fast/1750153
DPUHYZE5,http://id.worldcat.org/fast/1750153.,Artists' books.,artists-books,http://id.worldcat.org/fast/1750153
DRXZALEB,http://id.worldcat.org/fast/1750153.,Artists' books.,artists-books,http://id.worldcat.org/fast/1750153
DRZWMBK8,http://id.worldcat.org/fast/1750153.,Artists' books.,artists-books,http://id.worldcat.org/fast/1750153
DSGC78FH,http://id.worldcat.org/fast/1750153.,Artists' books.,artists-books,http://id.worldcat.org/fast/1750153
DUZ8YXV3,http://id.worldcat.org/fast/1750153.,Artists' books.,artists-books,http://id.worldcat.org/fast/1750153
DWTPIG26,http://id.worldcat.org/fast/1750153.,Artists' books.,artists-books,http://id.worldcat.org/fast/1750153
DX43HTQQ,http://id.worldcat.org/fast/1750153.,Artists' books.,artists-books,http://id.worldcat.org/fast/1750153
E2VYXNX7,http://id.worldcat.org/fast/1750153.,Artists' books.,artists-books,http://id.worldcat.org/fast/1750153
E3LVUP6J,http://id.worldcat.org/fast/1750153.,Artists' books.,artists-books,http://id.worldcat.org/fast/1750153
E48HZ6TE,http://id.worldcat.org/fast/1750153.,Artists' books.,artists-books,http://id.worldcat.org/fast/1750153
E5CM7GH2,http://id.worldcat.org/fast/1750153.,Artists' books.,artists-books,http://id.worldcat.org/fast/1750153
E5XFN328,http://id.worldcat.org/fast/1750153.,Artists' books.,artists-books,http://id.worldcat.org/fast/1750153
E62R9QS4,http://id.worldcat.org/fast/1750153.,Artists' books.,artists-books,http://id.worldcat.org/fast/1750153
E696HLCC,http://id.worldcat.org/fast/1750153.,Artists' books.,artists-books,http://id.worldcat.org/fast/1750153
EAN8I9PW,http://id.worldcat.org/fast/1750153.,Artists' books.,artists-books,http://id.worldcat.org/fast/1750153
EAQWQBAP,http://id.worldcat.org/fast/1750153.,Artists' books.,artists-books,http://id.worldcat.org/fast/1750153
EAUQA75X,http://id.worldcat.org/fast/1750153.,Artists' books.,artists-books,http://id.worldcat.org/fast/1750153
EB5CKXSA,http://id.worldcat.org/fast/1750153.,Artists' books.,artists-books,http://id.worldcat.org/fast/1750153
EBFUUIGM,http://id.worldcat.org/fast/1750153.,Artists' books.,artists-books,http://id.worldcat.org/fast/1750153
EF3Q282K,http://id.worldcat.org/fast/1750153.,Artists' books.,artists-books,http://id.worldcat.org/fast/1750153
EFAMDCD6,http://id.worldcat.org/fast/1750153.,Artists' books.,artists-books,http://id.worldcat.org/fast/1750153
EFWZ8N45,http://id.worldcat.org/fast/1750153.,Artists' books.,artists-books,http://id.worldcat.org/fast/1750153
EI2PEII7,http://id.worldcat.org/fast/1750153.,Artists' books.,artists-books,http://id.worldcat.org/fast/1750153
EJK8HBT2,http://id.worldcat.org/fast/1750153.,Artists' books.,artists-books,http://id.worldcat.org/fast/1750153
EP6DUKZA,http://id.worldcat.org/fast/1750153.,Artists' books.,artists-books,http://id.worldcat.org/fast/1750153
EQ5SUU2I,http://id.worldcat.org/fast/1750153.,Artists' books.,artists-books,http://id.worldcat.org/fast/1750153
EQMBIS7A,http://id.worldcat.org/fast/1750153.,Artists' books.,artists-books,http://id.worldcat.org/fast/1750153
ERHIWMLT,http://id.worldcat.org/fast/1750153.,Artists' books.,artists-books,http://id.worldcat.org/fast/1750153
ESSDX4JS,http://id.worldcat.org/fast/1750153.,Artists' books.,artists-books,http://id.worldcat.org/fast/1750153
ETIITUFL,http://id.worldcat.org/fast/1750153.,Artists' books.,artists-books,http://id.worldcat.org/fast/1750153
EVQIJIVY,http://id.worldcat.org/fast/1750153.,Artists' books.,artists-books,http://id.worldcat.org/fast/1750153
F3KU7F6S,http://id.worldcat.org/fast/1750153.,Artists' books.,artists-books,http://id.worldcat.org/fast/1750153
FCMN5SI3,http://id.worldcat.org/fast/1750153.,Artists' books.,artists-books,http://id.worldcat.org/fast/1750153
FCVVSAWF,http://id.worldcat.org/fast/1750153.,Artists' books.,artists-books,http://id.worldcat.org/fast/1750153
FDWUTM65,http://id.worldcat.org/fast/1750153.,Artists' books.,artists-books,http://id.worldcat.org/fast/1750153
FEASMSSC,http://id.worldcat.org/fast/1750153.,Artists' books.,artists-books,http://id.worldcat.org/fast/1750153
FGI58BRN,http://id.worldcat.org/fast/1750153.,Artists' books.,artists-books,http://id.worldcat.org/fast/1750153
FH34XFCA,http://id.worldcat.org/fast/1750153.,Artists' books.,artists-books,http://id.worldcat.org/fast/1750153
FI2GTQ6N,http://id.worldcat.org/fast/1750153.,Artists' books.,artists-books,http://id.worldcat.org/fast/1750153
FJFSZBAP,http://id.worldcat.org/fast/1750153.,Artists' books.,artists-books,http://id.worldcat.org/fast/1750153
FLGFS2LP,http://id.worldcat.org/fast/1750153.,Artists' books.,artists-books,http://id.worldcat.org/fast/1750153
FMV6HBVV,http://id.worldcat.org/fast/1750153.,Artists' books.,artists-books,http://id.worldcat.org/fast/1750153
FNLRHYA6,http://id.worldcat.org/fast/1750153.,Artists' books.,artists-books,http://id.worldcat.org/fast/1750153
FNZCZ4B6,http://id.worldcat.org/fast/1750153.,Artists' books.,artists-books,http://id.worldcat.org/fast/1750153
FPE5EJ9G,http://id.worldcat.org/fast/1750153.,Artists' books.,artists-books,http://id.worldcat.org/fast/1750153
FSCM3PV2,http://id.worldcat.org/fast/1750153.,Artists' books.,artists-books,http://id.worldcat.org/fast/1750153
FSEW2GM5,http://id.worldcat.org/fast/1750153.,Artists' books.,artists-books,http://id.worldcat.org/fast/1750153
FSGBHJDV,http://id.worldcat.org/fast/1750153.,Artists' books.,artists-books,http://id.worldcat.org/fast/1750153
FSM3KNIN,http://id.worldcat.org/fast/1750153.,Artists' books.,artists-books,http://id.worldcat.org/fast/1750153
FU68VLT9,http://id.worldcat.org/fast/1750153.,Artists' books.,artists-books,http://id.worldcat.org/fast/1750153
FVJIGVVJ,http://id.worldcat.org/fast/1750153.,Artists' books.,artists-books,http://id.worldcat.org/fast/1750153
FVPCDLCH,http://id.worldcat.org/fast/1750153.,Artists' books.,artists-books,http://id.worldcat.org/fast/1750153
FVWFHLNT,http://id.worldcat.org/fast/1750153.,Artists' books.,artists-books,http://id.worldcat.org/fast/1750153
FWENDANN,http://id.worldcat.org/fast/1750153.,Artists' books.,artists-books,http://id.worldcat.org/fast/1750153
FYJB55Y7,http://id.worldcat.org/fast/1750153.,Artists' books.,artists-books,http://id.worldcat.org/fast/1750153
G2SRVX4C,http://id.worldcat.org/fast/1750153.,Artists' books.,artists-books,http://id.worldcat.org/fast/1750153
G2YKJ5V6,http://id.worldcat.org/fast/1750153.,Artists' books.,artists-books,http://id.worldcat.org/fast/1750153
G347E7IL,http://id.worldcat.org/fast/1750153.,Artists' books.,artists-books,http://id.worldcat.org/fast/1750153
G3VEIL5L,http://id.worldcat.org/fast/1750153.,Artists' books.,artists-books,http://id.worldcat.org/fast/1750153
G4XRMULE,http://id.worldcat.org/fast/1750153.,Artists' books.,artists-books,http://id.worldcat.org/fast/1750153
G6P88MY2,http://id.worldcat.org/fast/1750153.,Artists' books.,artists-books,http://id.worldcat.org/fast/1750153
G6XSHFBY,http://id.worldcat.org/fast/1750153.,Artists' books.,artists-books,http://id.worldcat.org/fast/1750153
G9JVYCRU,http://id.worldcat.org/fast/1750153.,Artists' books.,artists-books,http://id.worldcat.org/fast/1750153
GDEAWFHF,http://id.worldcat.org/fast/1750153.,Artists' books.,artists-books,http://id.worldcat.org/fast/1750153
GDTEJGHY,http://id.worldcat.org/fast/1750153.,Artists' books.,artists-books,http://id.worldcat.org/fast/1750153
GGXTG7D7,http://id.worldcat.org/fast/1750153.,Artists' books.,artists-books,http://id.worldcat.org/fast/1750153
GICVNA55,http://id.worldcat.org/fast/1750153.,Artists' books.,artists-books,http://id.worldcat.org/fast/1750153
GIHENZE2,http://id.worldcat.org/fast/1750153.,Artists' books.,artists-books,http://id.worldcat.org/fast/1750153
GJNKPL29,http://id.worldcat.org/fast/1750153.,Artists' books.,artists-books,http://id.worldcat.org/fast/1750153
GKTF4EQT,http://id.worldcat.org/fast/1750153.,Artists' books.,artists-books,http://id.worldcat.org/fast/1750153
GKVALR3V,http://id.worldcat.org/fast/1750153.,Artists' books.,artists-books,http://id.worldcat.org/fast/1750153
GL7Q839A,http://id.worldcat.org/fast/1750153.,Artists' books.,artists-books,http://id.worldcat.org/fast/1750153
GMM35RYA,http://id.worldcat.org/fast/1750153.,Artists' books.,artists-books,http://id.worldcat.org/fast/1750153
GMT66HSU,http://id.worldcat.org/fast/1750153.,Artists' books.,artists-books,http://id.worldcat.org/fast/1750153
GNV8Z2DV,http://id.worldcat.org/fast/1750153.,Artists' books.,artists-books,http://id.worldcat.org/fast/1750153
GPHLTR7V,http://id.worldcat.org/fast/1750153.,Artists' books.,artists-books,http://id.worldcat.org/fast/1750153
GPPPVWM9,http://id.worldcat.org/fast/1750153.,Artists' books.,artists-books,http://id.worldcat.org/fast/1750153
GU98BE9K,http://id.worldcat.org/fast/1750153.,Artists' books.,artists-books,http://id.worldcat.org/fast/1750153
GUBA5JU7,http://id.worldcat.org/fast/1750153.,Artists' books.,artists-books,http://id.worldcat.org/fast/1750153
GUFAHLE5,http://id.worldcat.org/fast/1750153.,Artists' books.,artists-books,http://id.worldcat.org/fast/1750153
GVKJ9X3R,http://id.worldcat.org/fast/1750153.,Artists' books.,artists-books,http://id.worldcat.org/fast/1750153
GVUDZDE9,http://id.worldcat.org/fast/1750153.,Artists' books.,artists-books,http://id.worldcat.org/fast/1750153
GYXELWPK,http://id.worldcat.org/fast/1750153.,Artists' books.,artists-books,http://id.worldcat.org/fast/1750153
H2RAMU8E,http://id.worldcat.org/fast/1750153.,Artists' books.,artists-books,http://id.worldcat.org/fast/1750153
H4DT26QW,http://id.worldcat.org/fast/1750153.,Artists' books.,artists-books,http://id.worldcat.org/fast/1750153
H4UKFQEN,http://id.worldcat.org/fast/1750153.,Artists' books.,artists-books,http://id.worldcat.org/fast/1750153
H644T8GP,http://id.worldcat.org/fast/1750153.,Artists' books.,artists-books,http://id.worldcat.org/fast/1750153
H7CYGGXF,http://id.worldcat.org/fast/1750153.,Artists' books.,artists-books,http://id.worldcat.org/fast/1750153
H7PA7HLA,http://id.worldcat.org/fast/1750153.,Artists' books.,artists-books,http://id.worldcat.org/fast/1750153
H7X35XED,http://id.worldcat.org/fast/1750153.,Artists' books.,artists-books,http://id.worldcat.org/fast/1750153
H96M6V45,http://id.worldcat.org/fast/1750153.,Artists' books.,artists-books,http://id.worldcat.org/fast/1750153
H9WMRFHW,http://id.worldcat.org/fast/1750153.,Artists' books.,artists-books,http://id.worldcat.org/fast/1750153
HA7KCJ8L,http://id.worldcat.org/fast/1750153.,Artists' books.,artists-books,http://id.worldcat.org/fast/1750153
HADBWIV7,http://id.worldcat.org/fast/1750153.,Artists' books.,artists-books,http://id.worldcat.org/fast/1750153
HBU7WVBB,http://id.worldcat.org/fast/1750153.,Artists' books.,artists-books,http://id.worldcat.org/fast/1750153
HC38HRN9,http://id.worldcat.org/fast/1750153.,Artists' books.,artists-books,http://id.worldcat.org/fast/1750153
HD7GS484,http://id.worldcat.org/fast/1750153.,Artists' books.,artists-books,http://id.worldcat.org/fast/1750153
HF8DCWSM,http://id.worldcat.org/fast/1750153.,Artists' books.,artists-books,http://id.worldcat.org/fast/1750153
HFL33QJH,http://id.worldcat.org/fast/1750153.,Artists' books.,artists-books,http://id.worldcat.org/fast/1750153
HG2YAHLK,http://id.worldcat.org/fast/1750153.,Artists' books.,artists-books,http://id.worldcat.org/fast/1750153
HH67JM7N,http://id.worldcat.org/fast/1750153.,Artists' books.,artists-books,http://id.worldcat.org/fast/1750153
HI6RR8SF,http://id.worldcat.org/fast/1750153.,Artists' books.,artists-books,http://id.worldcat.org/fast/1750153
HLRKLYN3,http://id.worldcat.org/fast/1750153.,Artists' books.,artists-books,http://id.worldcat.org/fast/1750153
HMKRHYHJ,http://id.worldcat.org/fast/1750153.,Artists' books.,artists-books,http://id.worldcat.org/fast/1750153
HNELRMZJ,http://id.worldcat.org/fast/1750153.,Artists' books.,artists-books,http://id.worldcat.org/fast/1750153
HNJ6CKQB,http://id.worldcat.org/fast/1750153.,Artists' books.,artists-books,http://id.worldcat.org/fast/1750153
HPFMFF5Q,http://id.worldcat.org/fast/1750153.,Artists' books.,artists-books,http://id.worldcat.org/fast/1750153
HPI8LMMP,http://id.worldcat.org/fast/1750153.,Artists' books.,artists-books,http://id.worldcat.org/fast/1750153
HQKRI38G,http://id.worldcat.org/fast/1750153.,Artists' books.,artists-books,http://id.worldcat.org/fast/1750153
HQLVVHFU,http://id.worldcat.org/fast/1750153.,Artists' books.,artists-books,http://id.worldcat.org/fast/1750153
HSKD9QAD,http://id.worldcat.org/fast/1750153.,Artists' books.,artists-books,http://id.worldcat.org/fast/1750153
HT8PJRIS,http://id.worldcat.org/fast/1750153.,Artists' books.,artists-books,http://id.worldcat.org/fast/1750153
HTHD8A9A,http://id.worldcat.org/fast/1750153.,Artists' books.,artists-books,http://id.worldcat.org/fast/1750153
HUK5SEEK,http://id.worldcat.org/fast/1750153.,Artists' books.,artists-books,http://id.worldcat.org/fast/1750153
HUZ42HQK,http://id.worldcat.org/fast/1750153.,Artists' books.,artists-books,http://id.worldcat.org/fast/1750153
HVMVJRVC,http://id.worldcat.org/fast/1750153.,Artists' books.,artists-books,http://id.worldcat.org/fast/1750153
HYDME9QA,http://id.worldcat.org/fast/1750153.,Artists' books.,artists-books,http://id.worldcat.org/fast/1750153
HZCY87KY,http://id.worldcat.org/fast/1750153.,Artists' books.,artists-books,http://id.worldcat.org/fast/1750153
HZYPBN6W,http://id.worldcat.org/fast/1750153.,Artists' books.,artists-books,http://id.worldcat.org/fast/1750153
I38ULPLF,http://id.worldcat.org/fast/1750153.,Artists' books.,artists-books,http://id.worldcat.org/fast/1750153
I6EBR9D8,http://id.worldcat.org/fast/1750153.,Artists' books.,artists-books,http://id.worldcat.org/fast/1750153
I8VXEVTA,http://id.worldcat.org/fast/1750153.,Artists' books.,artists-books,http://id.worldcat.org/fast/1750153
IA54GVQX,http://id.worldcat.org/fast/1750153.,Artists' books.,artists-books,http://id.worldcat.org/fast/1750153
IBAVPUCE,http://id.worldcat.org/fast/1750153.,Artists' books.,artists-books,http://id.worldcat.org/fast/1750153
IBNSLUJE,http://id.worldcat.org/fast/1750153.,Artists' books.,artists-books,http://id.worldcat.org/fast/1750153
IBRQM6MM,http://id.worldcat.org/fast/1750153.,Artists' books.,artists-books,http://id.worldcat.org/fast/1750153
ID6CVTS7,http://id.worldcat.org/fast/1750153.,Artists' books.,artists-books,http://id.worldcat.org/fast/1750153
IFKV5B9H,http://id.worldcat.org/fast/1750153.,Artists' books.,artists-books,http://id.worldcat.org/fast/1750153
IGQAAHAS,http://id.worldcat.org/fast/1750153.,Artists' books.,artists-books,http://id.worldcat.org/fast/1750153
IHBXHKV7,http://id.worldcat.org/fast/1750153.,Artists' books.,artists-books,http://id.worldcat.org/fast/1750153
IJZRUWSY,http://id.worldcat.org/fast/1750153.,Artists' books.,artists-books,http://id.worldcat.org/fast/1750153
IKCYZUGN,http://id.worldcat.org/fast/1750153.,Artists' books.,artists-books,http://id.worldcat.org/fast/1750153
IKKTHDBG,http://id.worldcat.org/fast/1750153.,Artists' books.,artists-books,http://id.worldcat.org/fast/1750153
ILIBVN2K,http://id.worldcat.org/fast/1750153.,Artists' books.,artists-books,http://id.worldcat.org/fast/1750153
ILMYEGPY,http://id.worldcat.org/fast/1750153.,Artists' books.,artists-books,http://id.worldcat.org/fast/1750153
IMBHLCKN,http://id.worldcat.org/fast/1750153.,Artists' books.,artists-books,http://id.worldcat.org/fast/1750153
IQ4IBNZI,http://id.worldcat.org/fast/1750153.,Artists' books.,artists-books,http://id.worldcat.org/fast/1750153
IQ94FDGZ,http://id.worldcat.org/fast/1750153.,Artists' books.,artists-books,http://id.worldcat.org/fast/1750153
IQSS9I8E,http://id.worldcat.org/fast/1750153.,Artists' books.,artists-books,http://id.worldcat.org/fast/1750153
IR6IZWSQ,http://id.worldcat.org/fast/1750153.,Artists' books.,artists-books,http://id.worldcat.org/fast/1750153
IRXHE5KW,http://id.worldcat.org/fast/1750153.,Artists' books.,artists-books,http://id.worldcat.org/fast/1750153
ISAUE7M6,http://id.worldcat.org/fast/1750153.,Artists' books.,artists-books,http://id.worldcat.org/fast/1750153
ISBJ56W6,http://id.worldcat.org/fast/1750153.,Artists' books.,artists-books,http://id.worldcat.org/fast/1750153
ISTV64ZP,http://id.worldcat.org/fast/1750153.,Artists' books.,artists-books,http://id.worldcat.org/fast/1750153
IT4RYKPH,http://id.worldcat.org/fast/1750153.,Artists' books.,artists-books,http://id.worldcat.org/fast/1750153
IT9YAY5Z,http://id.worldcat.org/fast/1750153.,Artists' books.,artists-books,http://id.worldcat.org/fast/1750153
ITG942QS,http://id.worldcat.org/fast/1750153.,Artists' books.,artists-books,http://id.worldcat.org/fast/1750153
IU8B4XC2,http://id.worldcat.org/fast/1750153.,Artists' books.,artists-books,http://id.worldcat.org/fast/1750153
IV6X7XZM,http://id.worldcat.org/fast/1750153.,Artists' books.,artists-books,http://id.worldcat.org/fast/1750153
IVEFE799,http://id.worldcat.org/fast/1750153.,Artists' books.,artists-books,http://id.worldcat.org/fast/1750153
IW67FN74,http://id.worldcat.org/fast/1750153.,Artists' books.,artists-books,http://id.worldcat.org/fast/1750153
IW67WSIE,http://id.worldcat.org/fast/1750153.,Artists' books.,artists-books,http://id.worldcat.org/fast/1750153
IWBUX8N7,http://id.worldcat.org/fast/1750153.,Artists' books.,artists-books,http://id.worldcat.org/fast/1750153
IX22R2VB,http://id.worldcat.org/fast/1750153.,Artists' books.,artists-books,http://id.worldcat.org/fast/1750153
IXR4AFDV,http://id.worldcat.org/fast/1750153.,Artists' books.,artists-books,http://id.worldcat.org/fast/1750153
IY6GYNGC,http://id.worldcat.org/fast/1750153.,Artists' books.,artists-books,http://id.worldcat.org/fast/1750153
J3PGLNEL,http://id.worldcat.org/fast/1750153.,Artists' books.,artists-books,http://id.worldcat.org/fast/1750153
J458BVLL,http://id.worldcat.org/fast/1750153.,Artists' books.,artists-books,http://id.worldcat.org/fast/1750153
J495JUND,http://id.worldcat.org/fast/1750153.,Artists' books.,artists-books,http://id.worldcat.org/fast/1750153
J6YJWAQZ,http://id.worldcat.org/fast/1750153.,Artists' books.,artists-books,http://id.worldcat.org/fast/1750153
J7H35T2K,http://id.worldcat.org/fast/1750153.,Artists' books.,artists-books,http://id.worldcat.org/fast/1750153
J7H45MHN,http://id.worldcat.org/fast/1750153.,Artists' books.,artists-books,http://id.worldcat.org/fast/1750153
J7JBWCHI,http://id.worldcat.org/fast/1750153.,Artists' books.,artists-books,http://id.worldcat.org/fast/1750153
J7QUNJH2,http://id.worldcat.org/fast/1750153.,Artists' books.,artists-books,http://id.worldcat.org/fast/1750153
J7X3CPIP,http://id.worldcat.org/fast/1750153.,Artists' books.,artists-books,http://id.worldcat.org/fast/1750153
J7ZRZ6DC,http://id.worldcat.org/fast/1750153.,Artists' books.,artists-books,http://id.worldcat.org/fast/1750153
J7ZSVLN9,http://id.worldcat.org/fast/1750153.,Artists' books.,artists-books,http://id.worldcat.org/fast/1750153
JAVVTKIE,http://id.worldcat.org/fast/1750153.,Artists' books.,artists-books,http://id.worldcat.org/fast/1750153
JCU4IW4E,http://id.worldcat.org/fast/1750153.,Artists' books.,artists-books,http://id.worldcat.org/fast/1750153
JEMJ588G,http://id.worldcat.org/fast/1750153.,Artists' books.,artists-books,http://id.worldcat.org/fast/1750153
JFBP43DK,http://id.worldcat.org/fast/1750153.,Artists' books.,artists-books,http://id.worldcat.org/fast/1750153
JFW3649R,http://id.worldcat.org/fast/1750153.,Artists' books.,artists-books,http://id.worldcat.org/fast/1750153
JIFQWBJI,http://id.worldcat.org/fast/1750153.,Artists' books.,artists-books,http://id.worldcat.org/fast/1750153
JIGAU8LG,http://id.worldcat.org/fast/1750153.,Artists' books.,artists-books,http://id.worldcat.org/fast/1750153
JKGBHB48,http://id.worldcat.org/fast/1750153.,Artists' books.,artists-books,http://id.worldcat.org/fast/1750153
JM7KXHNI,http://id.worldcat.org/fast/1750153.,Artists' books.,artists-books,http://id.worldcat.org/fast/1750153
JNX9GBSP,http://id.worldcat.org/fast/1750153.,Artists' books.,artists-books,http://id.worldcat.org/fast/1750153
JTCHS99L,http://id.worldcat.org/fast/1750153.,Artists' books.,artists-books,http://id.worldcat.org/fast/1750153
JW55N4BY,http://id.worldcat.org/fast/1750153.,Artists' books.,artists-books,http://id.worldcat.org/fast/1750153
JY2G3WI2,http://id.worldcat.org/fast/1750153.,Artists' books.,artists-books,http://id.worldcat.org/fast/1750153
JZH7NAVM,http://id.worldcat.org/fast/1750153.,Artists' books.,artists-books,http://id.worldcat.org/fast/1750153
JZXJGZD8,http://id.worldcat.org/fast/1750153.,Artists' books.,artists-books,http://id.worldcat.org/fast/1750153
K2BL86XN,http://id.worldcat.org/fast/1750153.,Artists' books.,artists-books,http://id.worldcat.org/fast/1750153
K3476D8R,http://id.worldcat.org/fast/1750153.,Artists' books.,artists-books,http://id.worldcat.org/fast/1750153
K63M3S3M,http://id.worldcat.org/fast/1750153.,Artists' books.,artists-books,http://id.worldcat.org/fast/1750153
K66MFIKJ,http://id.worldcat.org/fast/1750153.,Artists' books.,artists-books,http://id.worldcat.org/fast/1750153
K6ZQF6HB,http://id.worldcat.org/fast/1750153.,Artists' books.,artists-books,http://id.worldcat.org/fast/1750153
K78KC6CD,http://id.worldcat.org/fast/1750153.,Artists' books.,artists-books,http://id.worldcat.org/fast/1750153
K7X9FUZV,http://id.worldcat.org/fast/1750153.,Artists' books.,artists-books,http://id.worldcat.org/fast/1750153
K8G47JKD,http://id.worldcat.org/fast/1750153.,Artists' books.,artists-books,http://id.worldcat.org/fast/1750153
K9Q5XIGB,http://id.worldcat.org/fast/1750153.,Artists' books.,artists-books,http://id.worldcat.org/fast/1750153
K9WR277H,http://id.worldcat.org/fast/1750153.,Artists' books.,artists-books,http://id.worldcat.org/fast/1750153
K9ZWJMAC,http://id.worldcat.org/fast/1750153.,Artists' books.,artists-books,http://id.worldcat.org/fast/1750153
KA3J2PE6,http://id.worldcat.org/fast/1750153.,Artists' books.,artists-books,http://id.worldcat.org/fast/1750153
KA6I2J5Q,http://id.worldcat.org/fast/1750153.,Artists' books.,artists-books,http://id.worldcat.org/fast/1750153
KA7WQS5Q,http://id.worldcat.org/fast/1750153.,Artists' books.,artists-books,http://id.worldcat.org/fast/1750153
KAENUH8A,http://id.worldcat.org/fast/1750153.,Artists' books.,artists-books,http://id.worldcat.org/fast/1750153
KBHG9EJS,http://id.worldcat.org/fast/1750153.,Artists' books.,artists-books,http://id.worldcat.org/fast/1750153
KBXCMHGF,http://id.worldcat.org/fast/1750153.,Artists' books.,artists-books,http://id.worldcat.org/fast/1750153
KCQ745ET,http://id.worldcat.org/fast/1750153.,Artists' books.,artists-books,http://id.worldcat.org/fast/1750153
KFC8WH6X,http://id.worldcat.org/fast/1750153.,Artists' books.,artists-books,http://id.worldcat.org/fast/1750153
KHVSQCUG,http://id.worldcat.org/fast/1750153.,Artists' books.,artists-books,http://id.worldcat.org/fast/1750153
KILJAJ2D,http://id.worldcat.org/fast/1750153.,Artists' books.,artists-books,http://id.worldcat.org/fast/1750153
KIW88E9A,http://id.worldcat.org/fast/1750153.,Artists' books.,artists-books,http://id.worldcat.org/fast/1750153
KJJ35ILT,http://id.worldcat.org/fast/1750153.,Artists' books.,artists-books,http://id.worldcat.org/fast/1750153
KJS25GIV,http://id.worldcat.org/fast/1750153.,Artists' books.,artists-books,http://id.worldcat.org/fast/1750153
KKTGFJYC,http://id.worldcat.org/fast/1750153.,Artists' books.,artists-books,http://id.worldcat.org/fast/1750153
KLTAPU6U,http://id.worldcat.org/fast/1750153.,Artists' books.,artists-books,http://id.worldcat.org/fast/1750153
KQ6DNBBQ,http://id.worldcat.org/fast/1750153.,Artists' books.,artists-books,http://id.worldcat.org/fast/1750153
KRLBW93Q,http://id.worldcat.org/fast/1750153.,Artists' books.,artists-books,http://id.worldcat.org/fast/1750153
KRQWR5FB,http://id.worldcat.org/fast/1750153.,Artists' books.,artists-books,http://id.worldcat.org/fast/1750153
KSBWLSC2,http://id.worldcat.org/fast/1750153.,Artists' books.,artists-books,http://id.worldcat.org/fast/1750153
KSYMBE3Z,http://id.worldcat.org/fast/1750153.,Artists' books.,artists-books,http://id.worldcat.org/fast/1750153
KUV6NXNS,http://id.worldcat.org/fast/1750153.,Artists' books.,artists-books,http://id.worldcat.org/fast/1750153
KVE8M4XD,http://id.worldcat.org/fast/1750153.,Artists' books.,artists-books,http://id.worldcat.org/fast/1750153
KWVCNB66,http://id.worldcat.org/fast/1750153.,Artists' books.,artists-books,http://id.worldcat.org/fast/1750153
KX46RJBD,http://id.worldcat.org/fast/1750153.,Artists' books.,artists-books,http://id.worldcat.org/fast/1750153
KXS7DSD7,http://id.worldcat.org/fast/1750153.,Artists' books.,artists-books,http://id.worldcat.org/fast/1750153
KYMHM2MX,http://id.worldcat.org/fast/1750153.,Artists' books.,artists-books,http://id.worldcat.org/fast/1750153
L2KQMS9M,http://id.worldcat.org/fast/1750153.,Artists' books.,artists-books,http://id.worldcat.org/fast/1750153
L365N744,http://id.worldcat.org/fast/1750153.,Artists' books.,artists-books,http://id.worldcat.org/fast/1750153
L6IL4VQY,http://id.worldcat.org/fast/1750153.,Artists' books.,artists-books,http://id.worldcat.org/fast/1750153
L8RU7JQF,http://id.worldcat.org/fast/1750153.,Artists' books.,artists-books,http://id.worldcat.org/fast/1750153
L9858XFC,http://id.worldcat.org/fast/1750153.,Artists' books.,artists-books,http://id.worldcat.org/fast/1750153
LAIFRBQW,http://id.worldcat.org/fast/1750153.,Artists' books.,artists-books,http://id.worldcat.org/fast/1750153
LBDKEQ9M,http://id.worldcat.org/fast/1750153.,Artists' books.,artists-books,http://id.worldcat.org/fast/1750153
LCVLCX9S,http://id.worldcat.org/fast/1750153.,Artists' books.,artists-books,http://id.worldcat.org/fast/1750153
LD8ZNBS9,http://id.worldcat.org/fast/1750153.,Artists' books.,artists-books,http://id.worldcat.org/fast/1750153
LDRCMRSX,http://id.worldcat.org/fast/1750153.,Artists' books.,artists-books,http://id.worldcat.org/fast/1750153
LEMVSIBN,http://id.worldcat.org/fast/1750153.,Artists' books.,artists-books,http://id.worldcat.org/fast/1750153
LFKIHCVA,http://id.worldcat.org/fast/1750153.,Artists' books.,artists-books,http://id.worldcat.org/fast/1750153
LG79KISU,http://id.worldcat.org/fast/1750153.,Artists' books.,artists-books,http://id.worldcat.org/fast/1750153
LGKU4IUP,http://id.worldcat.org/fast/1750153.,Artists' books.,artists-books,http://id.worldcat.org/fast/1750153
LIPHNB6Z,http://id.worldcat.org/fast/1750153.,Artists' books.,artists-books,http://id.worldcat.org/fast/1750153
LJIBMXWG,http://id.worldcat.org/fast/1750153.,Artists' books.,artists-books,http://id.worldcat.org/fast/1750153
LMMBZ2D6,http://id.worldcat.org/fast/1750153.,Artists' books.,artists-books,http://id.worldcat.org/fast/1750153
LNFAZY2F,http://id.worldcat.org/fast/1750153.,Artists' books.,artists-books,http://id.worldcat.org/fast/1750153
LNSUSQ9K,http://id.worldcat.org/fast/1750153.,Artists' books.,artists-books,http://id.worldcat.org/fast/1750153
LR9UQRII,http://id.worldcat.org/fast/1750153.,Artists' books.,artists-books,http://id.worldcat.org/fast/1750153
LRD6FCIV,http://id.worldcat.org/fast/1750153.,Artists' books.,artists-books,http://id.worldcat.org/fast/1750153
LS3KBVE6,http://id.worldcat.org/fast/1750153.,Artists' books.,artists-books,http://id.worldcat.org/fast/1750153
LTZ95FTJ,http://id.worldcat.org/fast/1750153.,Artists' books.,artists-books,http://id.worldcat.org/fast/1750153
LUBVV6BW,http://id.worldcat.org/fast/1750153.,Artists' books.,artists-books,http://id.worldcat.org/fast/1750153
LUU798XB,http://id.worldcat.org/fast/1750153.,Artists' books.,artists-books,http://id.worldcat.org/fast/1750153
LUWTTTG4,http://id.worldcat.org/fast/1750153.,Artists' books.,artists-books,http://id.worldcat.org/fast/1750153
LYJSML5E,http://id.worldcat.org/fast/1750153.,Artists' books.,artists-books,http://id.worldcat.org/fast/1750153
M348LXMU,http://id.worldcat.org/fast/1750153.,Artists' books.,artists-books,http://id.worldcat.org/fast/1750153
M5Y2U9BX,http://id.worldcat.org/fast/1750153.,Artists' books.,artists-books,http://id.worldcat.org/fast/1750153
M63K56HX,http://id.worldcat.org/fast/1750153.,Artists' books.,artists-books,http://id.worldcat.org/fast/1750153
M6FCLS85,http://id.worldcat.org/fast/1750153.,Artists' books.,artists-books,http://id.worldcat.org/fast/1750153
M7UNWI63,http://id.worldcat.org/fast/1750153.,Artists' books.,artists-books,http://id.worldcat.org/fast/1750153
M8PTAAMS,http://id.worldcat.org/fast/1750153.,Artists' books.,artists-books,http://id.worldcat.org/fast/1750153
M9D8QYK7,http://id.worldcat.org/fast/1750153.,Artists' books.,artists-books,http://id.worldcat.org/fast/1750153
M9R9WXM4,http://id.worldcat.org/fast/1750153.,Artists' books.,artists-books,http://id.worldcat.org/fast/1750153
MBL4XA5B,http://id.worldcat.org/fast/1750153.,Artists' books.,artists-books,http://id.worldcat.org/fast/1750153
MBQLR6E8,http://id.worldcat.org/fast/1750153.,Artists' books.,artists-books,http://id.worldcat.org/fast/1750153
MBTW8NEJ,http://id.worldcat.org/fast/1750153.,Artists' books.,artists-books,http://id.worldcat.org/fast/1750153
MCTUGCK3,http://id.worldcat.org/fast/1750153.,Artists' books.,artists-books,http://id.worldcat.org/fast/1750153
MD98HHRC,http://id.worldcat.org/fast/1750153.,Artists' books.,artists-books,http://id.worldcat.org/fast/1750153
MES4DFIT,http://id.worldcat.org/fast/1750153.,Artists' books.,artists-books,http://id.worldcat.org/fast/1750153
MH2GLXMN,http://id.worldcat.org/fast/1750153.,Artists' books.,artists-books,http://id.worldcat.org/fast/1750153
MIAE5V4B,http://id.worldcat.org/fast/1750153.,Artists' books.,artists-books,http://id.worldcat.org/fast/1750153
MIFTF8L3,http://id.worldcat.org/fast/1750153.,Artists' books.,artists-books,http://id.worldcat.org/fast/1750153
MJY3ATXT,http://id.worldcat.org/fast/1750153.,Artists' books.,artists-books,http://id.worldcat.org/fast/1750153
MK94HI98,http://id.worldcat.org/fast/1750153.,Artists' books.,artists-books,http://id.worldcat.org/fast/1750153
MKWP8BG9,http://id.worldcat.org/fast/1750153.,Artists' books.,artists-books,http://id.worldcat.org/fast/1750153
ML555VRY,http://id.worldcat.org/fast/1750153.,Artists' books.,artists-books,http://id.worldcat.org/fast/1750153
MMFXWFDT,http://id.worldcat.org/fast/1750153.,Artists' books.,artists-books,http://id.worldcat.org/fast/1750153
MMUB7EQL,http://id.worldcat.org/fast/1750153.,Artists' books.,artists-books,http://id.worldcat.org/fast/1750153
MNNDUVP6,http://id.worldcat.org/fast/1750153.,Artists' books.,artists-books,http://id.worldcat.org/fast/1750153
MPN5DK2U,http://id.worldcat.org/fast/1750153.,Artists' books.,artists-books,http://id.worldcat.org/fast/1750153
MPU5CXQ8,http://id.worldcat.org/fast/1750153.,Artists' books.,artists-books,http://id.worldcat.org/fast/1750153
MQ2WLD23,http://id.worldcat.org/fast/1750153.,Artists' books.,artists-books,http://id.worldcat.org/fast/1750153
MQKDMMI9,http://id.worldcat.org/fast/1750153.,Artists' books.,artists-books,http://id.worldcat.org/fast/1750153
MVTLPZ9Q,http://id.worldcat.org/fast/1750153.,Artists' books.,artists-books,http://id.worldcat.org/fast/1750153
MZ89DRM5,http://id.worldcat.org/fast/1750153.,Artists' books.,artists-books,http://id.worldcat.org/fast/1750153
MZST6UEM,http://id.worldcat.org/fast/1750153.,Artists' books.,artists-books,http://id.worldcat.org/fast/1750153
N2GVS8TH,http://id.worldcat.org/fast/1750153.,Artists' books.,artists-books,http://id.worldcat.org/fast/1750153
N49LT8RV,http://id.worldcat.org/fast/1750153.,Artists' books.,artists-books,http://id.worldcat.org/fast/1750153
N4NSY4HE,http://id.worldcat.org/fast/1750153.,Artists' books.,artists-books,http://id.worldcat.org/fast/1750153
N5VQWN98,http://id.worldcat.org/fast/1750153.,Artists' books.,artists-books,http://id.worldcat.org/fast/1750153
N65DQ7B9,http://id.worldcat.org/fast/1750153.,Artists' books.,artists-books,http://id.worldcat.org/fast/1750153
N6LTWH6U,http://id.worldcat.org/fast/1750153.,Artists' books.,artists-books,http://id.worldcat.org/fast/1750153
N74TA45B,http://id.worldcat.org/fast/1750153.,Artists' books.,artists-books,http://id.worldcat.org/fast/1750153
N7842N3N,http://id.worldcat.org/fast/1750153.,Artists' books.,artists-books,http://id.worldcat.org/fast/1750153
N8CS4TN6,http://id.worldcat.org/fast/1750153.,Artists' books.,artists-books,http://id.worldcat.org/fast/1750153
N9ZCBAQI,http://id.worldcat.org/fast/1750153.,Artists' books.,artists-books,http://id.worldcat.org/fast/1750153
NANX673H,http://id.worldcat.org/fast/1750153.,Artists' books.,artists-books,http://id.worldcat.org/fast/1750153
NBAKPB78,http://id.worldcat.org/fast/1750153.,Artists' books.,artists-books,http://id.worldcat.org/fast/1750153
NCLSBIGU,http://id.worldcat.org/fast/1750153.,Artists' books.,artists-books,http://id.worldcat.org/fast/1750153
NDHM9PHH,http://id.worldcat.org/fast/1750153.,Artists' books.,artists-books,http://id.worldcat.org/fast/1750153
NEEQQDQQ,http://id.worldcat.org/fast/1750153.,Artists' books.,artists-books,http://id.worldcat.org/fast/1750153
NEWYUCJW,http://id.worldcat.org/fast/1750153.,Artists' books.,artists-books,http://id.worldcat.org/fast/1750153
NF3JZVRJ,http://id.worldcat.org/fast/1750153.,Artists' books.,artists-books,http://id.worldcat.org/fast/1750153
NIDJQHCY,http://id.worldcat.org/fast/1750153.,Artists' books.,artists-books,http://id.worldcat.org/fast/1750153
NIXQTNRI,http://id.worldcat.org/fast/1750153.,Artists' books.,artists-books,http://id.worldcat.org/fast/1750153
NKAVGZNL,http://id.worldcat.org/fast/1750153.,Artists' books.,artists-books,http://id.worldcat.org/fast/1750153
NKUVZWQU,http://id.worldcat.org/fast/1750153.,Artists' books.,artists-books,http://id.worldcat.org/fast/1750153
NLS4GDCR,http://id.worldcat.org/fast/1750153.,Artists' books.,artists-books,http://id.worldcat.org/fast/1750153
NM8P6AT8,http://id.worldcat.org/fast/1750153.,Artists' books.,artists-books,http://id.worldcat.org/fast/1750153
NNRIFTUE,http://id.worldcat.org/fast/1750153.,Artists' books.,artists-books,http://id.worldcat.org/fast/1750153
NP4CPLNF,http://id.worldcat.org/fast/1750153.,Artists' books.,artists-books,http://id.worldcat.org/fast/1750153
NPRJMNHQ,http://id.worldcat.org/fast/1750153.,Artists' books.,artists-books,http://id.worldcat.org/fast/1750153
NQEINM55,http://id.worldcat.org/fast/1750153.,Artists' books.,artists-books,http://id.worldcat.org/fast/1750153
NQGTZDTA,http://id.worldcat.org/fast/1750153.,Artists' books.,artists-books,http://id.worldcat.org/fast/1750153
NT97YK5X,http://id.worldcat.org/fast/1750153.,Artists' books.,artists-books,http://id.worldcat.org/fast/1750153
NVCMP85X,http://id.worldcat.org/fast/1750153.,Artists' books.,artists-books,http://id.worldcat.org/fast/1750153
NX5ZWM4B,http://id.worldcat.org/fast/1750153.,Artists' books.,artists-books,http://id.worldcat.org/fast/1750153
NY8EIZPN,http://id.worldcat.org/fast/1750153.,Artists' books.,artists-books,http://id.worldcat.org/fast/1750153
NZ5NM3WY,http://id.worldcat.org/fast/1750153.,Artists' books.,artists-books,http://id.worldcat.org/fast/1750153
NZ7SXX8E,http://id.worldcat.org/fast/1750153.,Artists' books.,artists-books,http://id.worldcat.org/fast/1750153
P279W5YK,http://id.worldcat.org/fast/1750153.,Artists' books.,artists-books,http://id.worldcat.org/fast/1750153
P2VY7UA7,http://id.worldcat.org/fast/1750153.,Artists' books.,artists-books,http://id.worldcat.org/fast/1750153
P3MC8LVE,http://id.worldcat.org/fast/1750153.,Artists' books.,artists-books,http://id.worldcat.org/fast/1750153
P3MLSDWI,http://id.worldcat.org/fast/1750153.,Artists' books.,artists-books,http://id.worldcat.org/fast/1750153
P3SXCUWI,http://id.worldcat.org/fast/1750153.,Artists' books.,artists-books,http://id.worldcat.org/fast/1750153
P3T4YANB,http://id.worldcat.org/fast/1750153.,Artists' books.,artists-books,http://id.worldcat.org/fast/1750153
P3WHKGX9,http://id.worldcat.org/fast/1750153.,Artists' books.,artists-books,http://id.worldcat.org/fast/1750153
P75KQSUN,http://id.worldcat.org/fast/1750153.,Artists' books.,artists-books,http://id.worldcat.org/fast/1750153
P7A32W3Q,http://id.worldcat.org/fast/1750153.,Artists' books.,artists-books,http://id.worldcat.org/fast/1750153
P7E2WGTN,http://id.worldcat.org/fast/1750153.,Artists' books.,artists-books,http://id.worldcat.org/fast/1750153
P858BHRC,http://id.worldcat.org/fast/1750153.,Artists' books.,artists-books,http://id.worldcat.org/fast/1750153
PAAY4MZ2,http://id.worldcat.org/fast/1750153.,Artists' books.,artists-books,http://id.worldcat.org/fast/1750153
PBDUAC8I,http://id.worldcat.org/fast/1750153.,Artists' books.,artists-books,http://id.worldcat.org/fast/1750153
PCRFENN3,http://id.worldcat.org/fast/1750153.,Artists' books.,artists-books,http://id.worldcat.org/fast/1750153
PCTAHWMM,http://id.worldcat.org/fast/1750153.,Artists' books.,artists-books,http://id.worldcat.org/fast/1750153
PEAVVEJD,http://id.worldcat.org/fast/1750153.,Artists' books.,artists-books,http://id.worldcat.org/fast/1750153
PEEGHK2R,http://id.worldcat.org/fast/1750153.,Artists' books.,artists-books,http://id.worldcat.org/fast/1750153
PEKWNQI7,http://id.worldcat.org/fast/1750153.,Artists' books.,artists-books,http://id.worldcat.org/fast/1750153
PEQS5CUB,http://id.worldcat.org/fast/1750153.,Artists' books.,artists-books,http://id.worldcat.org/fast/1750153
PFUBE9GZ,http://id.worldcat.org/fast/1750153.,Artists' books.,artists-books,http://id.worldcat.org/fast/1750153
PG3WIT3M,http://id.worldcat.org/fast/1750153.,Artists' books.,artists-books,http://id.worldcat.org/fast/1750153
PGTZE33H,http://id.worldcat.org/fast/1750153.,Artists' books.,artists-books,http://id.worldcat.org/fast/1750153
PIN9WQ2M,http://id.worldcat.org/fast/1750153.,Artists' books.,artists-books,http://id.worldcat.org/fast/1750153
PJ6HW6XE,http://id.worldcat.org/fast/1750153.,Artists' books.,artists-books,http://id.worldcat.org/fast/1750153
PLXEZ6SH,http://id.worldcat.org/fast/1750153.,Artists' books.,artists-books,http://id.worldcat.org/fast/1750153
PMI9MHQ7,http://id.worldcat.org/fast/1750153.,Artists' books.,artists-books,http://id.worldcat.org/fast/1750153
PMT5S7EP,http://id.worldcat.org/fast/1750153.,Artists' books.,artists-books,http://id.worldcat.org/fast/1750153
PP5LPWPN,http://id.worldcat.org/fast/1750153.,Artists' books.,artists-books,http://id.worldcat.org/fast/1750153
PPXCS73L,http://id.worldcat.org/fast/1750153.,Artists' books.,artists-books,http://id.worldcat.org/fast/1750153
PQM8PQVD,http://id.worldcat.org/fast/1750153.,Artists' books.,artists-books,http://id.worldcat.org/fast/1750153
PR44QH2M,http://id.worldcat.org/fast/1750153.,Artists' books.,artists-books,http://id.worldcat.org/fast/1750153
PSPHWMIM,http://id.worldcat.org/fast/1750153.,Artists' books.,artists-books,http://id.worldcat.org/fast/1750153
PVABAGAH,http://id.worldcat.org/fast/1750153.,Artists' books.,artists-books,http://id.worldcat.org/fast/1750153
PVS63R9V,http://id.worldcat.org/fast/1750153.,Artists' books.,artists-books,http://id.worldcat.org/fast/1750153
PW4DUPHY,http://id.worldcat.org/fast/1750153.,Artists' books.,artists-books,http://id.worldcat.org/fast/1750153
PYUJ2RBM,http://id.worldcat.org/fast/1750153.,Artists' books.,artists-books,http://id.worldcat.org/fast/1750153
PZ4SHSWT,http://id.worldcat.org/fast/1750153.,Artists' books.,artists-books,http://id.worldcat.org/fast/1750153
PZDLNAI7,http://id.worldcat.org/fast/1750153.,Artists' books.,artists-books,http://id.worldcat.org/fast/1750153
PZRTTE6E,http://id.worldcat.org/fast/1750153.,Artists' books.,artists-books,http://id.worldcat.org/fast/1750153
Q3XELTDC,http://id.worldcat.org/fast/1750153.,Artists' books.,artists-books,http://id.worldcat.org/fast/1750153
Q4EFXZFV,http://id.worldcat.org/fast/1750153.,Artists' books.,artists-books,http://id.worldcat.org/fast/1750153
Q4FCFTHP,http://id.worldcat.org/fast/1750153.,Artists' books.,artists-books,http://id.worldcat.org/fast/1750153
Q5V5EJLN,http://id.worldcat.org/fast/1750153.,Artists' books.,artists-books,http://id.worldcat.org/fast/1750153
Q677HNGB,http://id.worldcat.org/fast/1750153.,Artists' books.,artists-books,http://id.worldcat.org/fast/1750153
Q7ZK3Y73,http://id.worldcat.org/fast/1750153.,Artists' books.,artists-books,http://id.worldcat.org/fast/1750153
Q95FDWBA,http://id.worldcat.org/fast/1750153.,Artists' books.,artists-books,http://id.worldcat.org/fast/1750153
Q9LNSU9G,http://id.worldcat.org/fast/1750153.,Artists' books.,artists-books,http://id.worldcat.org/fast/1750153
QA2BN7XW,http://id.worldcat.org/fast/1750153.,Artists' books.,artists-books,http://id.worldcat.org/fast/1750153
QBKUI8GG,http://id.worldcat.org/fast/1750153.,Artists' books.,artists-books,http://id.worldcat.org/fast/1750153
QE2YXZVQ,http://id.worldcat.org/fast/1750153.,Artists' books.,artists-books,http://id.worldcat.org/fast/1750153
QF5F3QIZ,http://id.worldcat.org/fast/1750153.,Artists' books.,artists-books,http://id.worldcat.org/fast/1750153
QFYGZM3A,http://id.worldcat.org/fast/1750153.,Artists' books.,artists-books,http://id.worldcat.org/fast/1750153
QG42FL3V,http://id.worldcat.org/fast/1750153.,Artists' books.,artists-books,http://id.worldcat.org/fast/1750153
QG6C4UVE,http://id.worldcat.org/fast/1750153.,Artists' books.,artists-books,http://id.worldcat.org/fast/1750153
QGLARYH6,http://id.worldcat.org/fast/1750153.,Artists' books.,artists-books,http://id.worldcat.org/fast/1750153
QIGK743D,http://id.worldcat.org/fast/1750153.,Artists' books.,artists-books,http://id.worldcat.org/fast/1750153
QJ4TC2ID,http://id.worldcat.org/fast/1750153.,Artists' books.,artists-books,http://id.worldcat.org/fast/1750153
QJW8HWQH,http://id.worldcat.org/fast/1750153.,Artists' books.,artists-books,http://id.worldcat.org/fast/1750153
QKXVZ4DQ,http://id.worldcat.org/fast/1750153.,Artists' books.,artists-books,http://id.worldcat.org/fast/1750153
QMKSPNK3,http://id.worldcat.org/fast/1750153.,Artists' books.,artists-books,http://id.worldcat.org/fast/1750153
QN9DCR8N,http://id.worldcat.org/fast/1750153.,Artists' books.,artists-books,http://id.worldcat.org/fast/1750153
QPXEI2VV,http://id.worldcat.org/fast/1750153.,Artists' books.,artists-books,http://id.worldcat.org/fast/1750153
QQ26PJLJ,http://id.worldcat.org/fast/1750153.,Artists' books.,artists-books,http://id.worldcat.org/fast/1750153
QQRPZNYY,http://id.worldcat.org/fast/1750153.,Artists' books.,artists-books,http://id.worldcat.org/fast/1750153
QRGVGYBQ,http://id.worldcat.org/fast/1750153.,Artists' books.,artists-books,http://id.worldcat.org/fast/1750153
QSX9EBUN,http://id.worldcat.org/fast/1750153.,Artists' books.,artists-books,http://id.worldcat.org/fast/1750153
QTPVI59N,http://id.worldcat.org/fast/1750153.,Artists' books.,artists-books,http://id.worldcat.org/fast/1750153
QTQAU3DB,http://id.worldcat.org/fast/1750153.,Artists' books.,artists-books,http://id.worldcat.org/fast/1750153
QVTGSMIV,http://id.worldcat.org/fast/1750153.,Artists' books.,artists-books,http://id.worldcat.org/fast/1750153
QWBVCNWR,http://id.worldcat.org/fast/1750153.,Artists' books.,artists-books,http://id.worldcat.org/fast/1750153
QWN46XKR,http://id.worldcat.org/fast/1750153.,Artists' books.,artists-books,http://id.worldcat.org/fast/1750153
QWQ4CJD5,http://id.worldcat.org/fast/1750153.,Artists' books.,artists-books,http://id.worldcat.org/fast/1750153
QY9BJZNA,http://id.worldcat.org/fast/1750153.,Artists' books.,artists-books,http://id.worldcat.org/fast/1750153
R36SU4QS,http://id.worldcat.org/fast/1750153.,Artists' books.,artists-books,http://id.worldcat.org/fast/1750153
R3HHWFNG,http://id.worldcat.org/fast/1750153.,Artists' books.,artists-books,http://id.worldcat.org/fast/1750153
R6XXXWZD,http://id.worldcat.org/fast/1750153.,Artists' books.,artists-books,http://id.worldcat.org/fast/1750153
RC6MKG3H,http://id.worldcat.org/fast/1750153.,Artists' books.,artists-books,http://id.worldcat.org/fast/1750153
RCSBNLUB,http://id.worldcat.org/fast/1750153.,Artists' books.,artists-books,http://id.worldcat.org/fast/1750153
RCUYF69I,http://id.worldcat.org/fast/1750153.,Artists' books.,artists-books,http://id.worldcat.org/fast/1750153
RD5E288S,http://id.worldcat.org/fast/1750153.,Artists' books.,artists-books,http://id.worldcat.org/fast/1750153
RDPQWSUU,http://id.worldcat.org/fast/1750153.,Artists' books.,artists-books,http://id.worldcat.org/fast/1750153
REBBMGEZ,http://id.worldcat.org/fast/1750153.,Artists' books.,artists-books,http://id.worldcat.org/fast/1750153
RGC4SFT4,http://id.worldcat.org/fast/1750153.,Artists' books.,artists-books,http://id.worldcat.org/fast/1750153
RJYFLVRT,http://id.worldcat.org/fast/1750153.,Artists' books.,artists-books,http://id.worldcat.org/fast/1750153
RKL992ZG,http://id.worldcat.org/fast/1750153.,Artists' books.,artists-books,http://id.worldcat.org/fast/1750153
RKXCM4H5,http://id.worldcat.org/fast/1750153.,Artists' books.,artists-books,http://id.worldcat.org/fast/1750153
RN5DUW7Z,http://id.worldcat.org/fast/1750153.,Artists' books.,artists-books,http://id.worldcat.org/fast/1750153
RNWDT5TP,http://id.worldcat.org/fast/1750153.,Artists' books.,artists-books,http://id.worldcat.org/fast/1750153
RPXA9884,http://id.worldcat.org/fast/1750153.,Artists' books.,artists-books,http://id.worldcat.org/fast/1750153
RPZT3YPU,http://id.worldcat.org/fast/1750153.,Artists' books.,artists-books,http://id.worldcat.org/fast/1750153
RTI72K87,http://id.worldcat.org/fast/1750153.,Artists' books.,artists-books,http://id.worldcat.org/fast/1750153
RVXU6YUA,http://id.worldcat.org/fast/1750153.,Artists' books.,artists-books,http://id.worldcat.org/fast/1750153
RWP2WAWB,http://id.worldcat.org/fast/1750153.,Artists' books.,artists-books,http://id.worldcat.org/fast/1750153
RXUG5WSA,http://id.worldcat.org/fast/1750153.,Artists' books.,artists-books,http://id.worldcat.org/fast/1750153
RZ8UDGTW,http://id.worldcat.org/fast/1750153.,Artists' books.,artists-books,http://id.worldcat.org/fast/1750153
RZJCU349,http://id.worldcat.org/fast/1750153.,Artists' books.,artists-books,http://id.worldcat.org/fast/1750153
S2JZXXAA,http://id.worldcat.org/fast/1750153.,Artists' books.,artists-books,http://id.worldcat.org/fast/1750153
S2L9U7LF,http://id.worldcat.org/fast/1750153.,Artists' books.,artists-books,http://id.worldcat.org/fast/1750153
S4QU9XAW,http://id.worldcat.org/fast/1750153.,Artists' books.,artists-books,http://id.worldcat.org/fast/1750153
S6JDHBSV,http://id.worldcat.org/fast/1750153.,Artists' books.,artists-books,http://id.worldcat.org/fast/1750153
S6WWFPS3,http://id.worldcat.org/fast/1750153.,Artists' books.,artists-books,http://id.worldcat.org/fast/1750153
S76VFE9W,http://id.worldcat.org/fast/1750153.,Artists' books.,artists-books,http://id.worldcat.org/fast/1750153
S9DHVFUU,http://id.worldcat.org/fast/1750153.,Artists' books.,artists-books,http://id.worldcat.org/fast/1750153
S9PVTQ8E,http://id.worldcat.org/fast/1750153.,Artists' books.,artists-books,http://id.worldcat.org/fast/1750153
SAUX797P,http://id.worldcat.org/fast/1750153.,Artists' books.,artists-books,http://id.worldcat.org/fast/1750153
SBRG6JV3,http://id.worldcat.org/fast/1750153.,Artists' books.,artists-books,http://id.worldcat.org/fast/1750153
SEIS97FS,http://id.worldcat.org/fast/1750153.,Artists' books.,artists-books,http://id.worldcat.org/fast/1750153
SERETVAK,http://id.worldcat.org/fast/1750153.,Artists' books.,artists-books,http://id.worldcat.org/fast/1750153
SEYVIISL,http://id.worldcat.org/fast/1750153.,Artists' books.,artists-books,http://id.worldcat.org/fast/1750153
SFSKTEUG,http://id.worldcat.org/fast/1750153.,Artists' books.,artists-books,http://id.worldcat.org/fast/1750153
SG4ZEWS8,http://id.worldcat.org/fast/1750153.,Artists' books.,artists-books,http://id.worldcat.org/fast/1750153
SGCKIGXG,http://id.worldcat.org/fast/1750153.,Artists' books.,artists-books,http://id.worldcat.org/fast/1750153
SHRS7HZI,http://id.worldcat.org/fast/1750153.,Artists' books.,artists-books,http://id.worldcat.org/fast/1750153
SHTFI2F4,http://id.worldcat.org/fast/1750153.,Artists' books.,artists-books,http://id.worldcat.org/fast/1750153
SIGA9FCB,http://id.worldcat.org/fast/1750153.,Artists' books.,artists-books,http://id.worldcat.org/fast/1750153
SIQU7G2G,http://id.worldcat.org/fast/1750153.,Artists' books.,artists-books,http://id.worldcat.org/fast/1750153
SJVYJYP4,http://id.worldcat.org/fast/1750153.,Artists' books.,artists-books,http://id.worldcat.org/fast/1750153
SLWSPHJH,http://id.worldcat.org/fast/1750153.,Artists' books.,artists-books,http://id.worldcat.org/fast/1750153
SN5C56PQ,http://id.worldcat.org/fast/1750153.,Artists' books.,artists-books,http://id.worldcat.org/fast/1750153
SRZ84ZT2,http://id.worldcat.org/fast/1750153.,Artists' books.,artists-books,http://id.worldcat.org/fast/1750153
SS7XET8D,http://id.worldcat.org/fast/1750153.,Artists' books.,artists-books,http://id.worldcat.org/fast/1750153
STVQ9LNX,http://id.worldcat.org/fast/1750153.,Artists' books.,artists-books,http://id.worldcat.org/fast/1750153
SV2LB93R,http://id.worldcat.org/fast/1750153.,Artists' books.,artists-books,http://id.worldcat.org/fast/1750153
SWDJUVUJ,http://id.worldcat.org/fast/1750153.,Artists' books.,artists-books,http://id.worldcat.org/fast/1750153
SYJVWWUP,http://id.worldcat.org/fast/1750153.,Artists' books.,artists-books,http://id.worldcat.org/fast/1750153
T28EI6NT,http://id.worldcat.org/fast/1750153.,Artists' books.,artists-books,http://id.worldcat.org/fast/1750153
T3PHDMT2,http://id.worldcat.org/fast/1750153.,Artists' books.,artists-books,http://id.worldcat.org/fast/1750153
T57IJ64X,http://id.worldcat.org/fast/1750153.,Artists' books.,artists-books,http://id.worldcat.org/fast/1750153
T5K32G4A,http://id.worldcat.org/fast/1750153.,Artists' books.,artists-books,http://id.worldcat.org/fast/1750153
T5NFCYQV,http://id.worldcat.org/fast/1750153.,Artists' books.,artists-books,http://id.worldcat.org/fast/1750153
T6TNKG3X,http://id.worldcat.org/fast/1750153.,Artists' books.,artists-books,http://id.worldcat.org/fast/1750153
TB7MEV86,http://id.worldcat.org/fast/1750153.,Artists' books.,artists-books,http://id.worldcat.org/fast/1750153
TDCUTL4Y,http://id.worldcat.org/fast/1750153.,Artists' books.,artists-books,http://id.worldcat.org/fast/1750153
TFZNUIC7,http://id.worldcat.org/fast/1750153.,Artists' books.,artists-books,http://id.worldcat.org/fast/1750153
TGHPTK4F,http://id.worldcat.org/fast/1750153.,Artists' books.,artists-books,http://id.worldcat.org/fast/1750153
THA5852Y,http://id.worldcat.org/fast/1750153.,Artists' books.,artists-books,http://id.worldcat.org/fast/1750153
TJCR6CHC,http://id.worldcat.org/fast/1750153.,Artists' books.,artists-books,http://id.worldcat.org/fast/1750153
TJDANC88,http://id.worldcat.org/fast/1750153.,Artists' books.,artists-books,http://id.worldcat.org/fast/1750153
TLXYM3L5,http://id.worldcat.org/fast/1750153.,Artists' books.,artists-books,http://id.worldcat.org/fast/1750153
TRHP5M6A,http://id.worldcat.org/fast/1750153.,Artists' books.,artists-books,http://id.worldcat.org/fast/1750153
TRVPV4CJ,http://id.worldcat.org/fast/1750153.,Artists' books.,artists-books,http://id.worldcat.org/fast/1750153
TWKFNYE2,http://id.worldcat.org/fast/1750153.,Artists' books.,artists-books,http://id.worldcat.org/fast/1750153
TXCAX8PB,http://id.worldcat.org/fast/1750153.,Artists' books.,artists-books,http://id.worldcat.org/fast/1750153
U2QU4SM9,http://id.worldcat.org/fast/1750153.,Artists' books.,artists-books,http://id.worldcat.org/fast/1750153
U3MTCI8Z,http://id.worldcat.org/fast/1750153.,Artists' books.,artists-books,http://id.worldcat.org/fast/1750153
U5ALJUNN,http://id.worldcat.org/fast/1750153.,Artists' books.,artists-books,http://id.worldcat.org/fast/1750153
U6KMRMDG,http://id.worldcat.org/fast/1750153.,Artists' books.,artists-books,http://id.worldcat.org/fast/1750153
U7JTK2GZ,http://id.worldcat.org/fast/1750153.,Artists' books.,artists-books,http://id.worldcat.org/fast/1750153
U892DIRP,http://id.worldcat.org/fast/1750153.,Artists' books.,artists-books,http://id.worldcat.org/fast/1750153
UAF28AG5,http://id.worldcat.org/fast/1750153.,Artists' books.,artists-books,http://id.worldcat.org/fast/1750153
UCTSXTP3,http://id.worldcat.org/fast/1750153.,Artists' books.,artists-books,http://id.worldcat.org/fast/1750153
UEZJUNBZ,http://id.worldcat.org/fast/1750153.,Artists' books.,artists-books,http://id.worldcat.org/fast/1750153
UG92TM6X,http://id.worldcat.org/fast/1750153.,Artists' books.,artists-books,http://id.worldcat.org/fast/1750153
UHGUWGUZ,http://id.worldcat.org/fast/1750153.,Artists' books.,artists-books,http://id.worldcat.org/fast/1750153
UHM6IPEL,http://id.worldcat.org/fast/1750153.,Artists' books.,artists-books,http://id.worldcat.org/fast/1750153
UI8JLRTB,http://id.worldcat.org/fast/1750153.,Artists' books.,artists-books,http://id.worldcat.org/fast/1750153
UIGDYJFL,http://id.worldcat.org/fast/1750153.,Artists' books.,artists-books,http://id.worldcat.org/fast/1750153
UIXK9R42,http://id.worldcat.org/fast/1750153.,Artists' books.,artists-books,http://id.worldcat.org/fast/1750153
UMK6A4YQ,http://id.worldcat.org/fast/1750153.,Artists' books.,artists-books,http://id.worldcat.org/fast/1750153
URGF5WQN,http://id.worldcat.org/fast/1750153.,Artists' books.,artists-books,http://id.worldcat.org/fast/1750153
URPYB2MG,http://id.worldcat.org/fast/1750153.,Artists' books.,artists-books,http://id.worldcat.org/fast/1750153
USFF56BD,http://id.worldcat.org/fast/1750153.,Artists' books.,artists-books,http://id.worldcat.org/fast/1750153
UVYHYECG,http://id.worldcat.org/fast/1750153.,Artists' books.,artists-books,http://id.worldcat.org/fast/1750153
UWRH5RMK,http://id.worldcat.org/fast/1750153.,Artists' books.,artists-books,http://id.worldcat.org/fast/1750153
UZ8WXUCG,http://id.worldcat.org/fast/1750153.,Artists' books.,artists-books,http://id.worldcat.org/fast/1750153
V2JCB6GV,http://id.worldcat.org/fast/1750153.,Artists' books.,artists-books,http://id.worldcat.org/fast/1750153
V5GBKC3Z,http://id.worldcat.org/fast/1750153.,Artists' books.,artists-books,http://id.worldcat.org/fast/1750153
V5XVCRM6,http://id.worldcat.org/fast/1750153.,Artists' books.,artists-books,http://id.worldcat.org/fast/1750153
V6G2QZ22,http://id.worldcat.org/fast/1750153.,Artists' books.,artists-books,http://id.worldcat.org/fast/1750153
V8GA3YS9,http://id.worldcat.org/fast/1750153.,Artists' books.,artists-books,http://id.worldcat.org/fast/1750153
V8GI9NAU,http://id.worldcat.org/fast/1750153.,Artists' books.,artists-books,http://id.worldcat.org/fast/1750153
VDUDK9C2,http://id.worldcat.org/fast/1750153.,Artists' books.,artists-books,http://id.worldcat.org/fast/1750153
VDZ3BPCC,http://id.worldcat.org/fast/1750153.,Artists' books.,artists-books,http://id.worldcat.org/fast/1750153
VGUG34G9,http://id.worldcat.org/fast/1750153.,Artists' books.,artists-books,http://id.worldcat.org/fast/1750153
VGY3674K,http://id.worldcat.org/fast/1750153.,Artists' books.,artists-books,http://id.worldcat.org/fast/1750153
VH5MGEBA,http://id.worldcat.org/fast/1750153.,Artists' books.,artists-books,http://id.worldcat.org/fast/1750153
VIH8XP3C,http://id.worldcat.org/fast/1750153.,Artists' books.,artists-books,http://id.worldcat.org/fast/1750153
VKRNHAGI,http://id.worldcat.org/fast/1750153.,Artists' books.,artists-books,http://id.worldcat.org/fast/1750153
VKWNTXMD,http://id.worldcat.org/fast/1750153.,Artists' books.,artists-books,http://id.worldcat.org/fast/1750153
VL6TMD6F,http://id.worldcat.org/fast/1750153.,Artists' books.,artists-books,http://id.worldcat.org/fast/1750153
VLPQMQ8S,http://id.worldcat.org/fast/1750153.,Artists' books.,artists-books,http://id.worldcat.org/fast/1750153
VN89TZBV,http://id.worldcat.org/fast/1750153.,Artists' books.,artists-books,http://id.worldcat.org/fast/1750153
VRZWGZVX,http://id.worldcat.org/fast/1750153.,Artists' books.,artists-books,http://id.worldcat.org/fast/1750153
VT833RRH,http://id.worldcat.org/fast/1750153.,Artists' books.,artists-books,http://id.worldcat.org/fast/1750153
VVJYRH58,http://id.worldcat.org/fast/1750153.,Artists' books.,artists-books,http://id.worldcat.org/fast/1750153
VVKM5K5N,http://id.worldcat.org/fast/1750153.,Artists' books.,artists-books,http://id.worldcat.org/fast/1750153
VVTUGTLE,http://id.worldcat.org/fast/1750153.,Artists' books.,artists-books,http://id.worldcat.org/fast/1750153
VVVDQ639,http://id.worldcat.org/fast/1750153.,Artists' books.,artists-books,http://id.worldcat.org/fast/1750153
VVVUWM84,http://id.worldcat.org/fast/1750153.,Artists' books.,artists-books,http://id.worldcat.org/fast/1750153
VVY2VVZ4,http://id.worldcat.org/fast/1750153.,Artists' books.,artists-books,http://id.worldcat.org/fast/1750153
VWFQ3345,http://id.worldcat.org/fast/1750153.,Artists' books.,artists-books,http://id.worldcat.org/fast/1750153
VWUVP8J2,http://id.worldcat.org/fast/1750153.,Artists' books.,artists-books,http://id.worldcat.org/fast/1750153
VXKNIGB6,http://id.worldcat.org/fast/1750153.,Artists' books.,artists-books,http://id.worldcat.org/fast/1750153
W3LDEBSB,http://id.worldcat.org/fast/1750153.,Artists' books.,artists-books,http://id.worldcat.org/fast/1750153
W48KLTKW,http://id.worldcat.org/fast/1750153.,Artists' books.,artists-books,http://id.worldcat.org/fast/1750153
W4A4UHJH,http://id.worldcat.org/fast/1750153.,Artists' books.,artists-books,http://id.worldcat.org/fast/1750153
W53AH9P7,http://id.worldcat.org/fast/1750153.,Artists' books.,artists-books,http://id.worldcat.org/fast/1750153
W6FUD4ZB,http://id.worldcat.org/fast/1750153.,Artists' books.,artists-books,http://id.worldcat.org/fast/1750153
W7IJRR82,http://id.worldcat.org/fast/1750153.,Artists' books.,artists-books,http://id.worldcat.org/fast/1750153
W7Z7GYMG,http://id.worldcat.org/fast/1750153.,Artists' books.,artists-books,http://id.worldcat.org/fast/1750153
W8CEVX5V,http://id.worldcat.org/fast/1750153.,Artists' books.,artists-books,http://id.worldcat.org/fast/1750153
W9YUT4CF,http://id.worldcat.org/fast/1750153.,Artists' books.,artists-books,http://id.worldcat.org/fast/1750153
WALLULYV,http://id.worldcat.org/fast/1750153.,Artists' books.,artists-books,http://id.worldcat.org/fast/1750153
WBH8EX4S,http://id.worldcat.org/fast/1750153.,Artists' books.,artists-books,http://id.worldcat.org/fast/1750153
WBM7HLVH,http://id.worldcat.org/fast/1750153.,Artists' books.,artists-books,http://id.worldcat.org/fast/1750153
WDBVDSH6,http://id.worldcat.org/fast/1750153.,Artists' books.,artists-books,http://id.worldcat.org/fast/1750153
WDD87XPC,http://id.worldcat.org/fast/1750153.,Artists' books.,artists-books,http://id.worldcat.org/fast/1750153
WDITEMDJ,http://id.worldcat.org/fast/1750153.,Artists' books.,artists-books,http://id.worldcat.org/fast/1750153
WEBBPJRM,http://id.worldcat.org/fast/1750153.,Artists' books.,artists-books,http://id.worldcat.org/fast/1750153
WJKYKWV9,http://id.worldcat.org/fast/1750153.,Artists' books.,artists-books,http://id.worldcat.org/fast/1750153
WKPH2VG8,http://id.worldcat.org/fast/1750153.,Artists' books.,artists-books,http://id.worldcat.org/fast/1750153
WL9HTHU6,http://id.worldcat.org/fast/1750153.,Artists' books.,artists-books,http://id.worldcat.org/fast/1750153
WNYTGTH7,http://id.worldcat.org/fast/1750153.,Artists' books.,artists-books,http://id.worldcat.org/fast/1750153
WQ458CVM,http://id.worldcat.org/fast/1750153.,Artists' books.,artists-books,http://id.worldcat.org/fast/1750153
WRNYAPQQ,http://id.worldcat.org/fast/1750153.,Artists' books.,artists-books,http://id.worldcat.org/fast/1750153
WSZILAFT,http://id.worldcat.org/fast/1750153.,Artists' books.,artists-books,http://id.worldcat.org/fast/1750153
WT67GABW,http://id.worldcat.org/fast/1750153.,Artists' books.,artists-books,http://id.worldcat.org/fast/1750153
WU9LKNLW,http://id.worldcat.org/fast/1750153.,Artists' books.,artists-books,http://id.worldcat.org/fast/1750153
WUC8KKIX,http://id.worldcat.org/fast/1750153.,Artists' books.,artists-books,http://id.worldcat.org/fast/1750153
WV3JFTJ3,http://id.worldcat.org/fast/1750153.,Artists' books.,artists-books,http://id.worldcat.org/fast/1750153
WXHZR4P5,http://id.worldcat.org/fast/1750153.,Artists' books.,artists-books,http://id.worldcat.org/fast/1750153
WXYMV79K,http://id.worldcat.org/fast/1750153.,Artists' books.,artists-books,http://id.worldcat.org/fast/1750153
WYK398PF,http://id.worldcat.org/fast/1750153.,Artists' books.,artists-books,http://id.worldcat.org/fast/1750153
WYSDPMHP,http://id.worldcat.org/fast/1750153.,Artists' books.,artists-books,http://id.worldcat.org/fast/1750153
X52EXFBT,http://id.worldcat.org/fast/1750153.,Artists' books.,artists-books,http://id.worldcat.org/fast/1750153
X6BXZXIF,http://id.worldcat.org/fast/1750153.,Artists' books.,artists-books,http://id.worldcat.org/fast/1750153
X79CB8BP,http://id.worldcat.org/fast/1750153.,Artists' books.,artists-books,http://id.worldcat.org/fast/1750153
X8LKY6MI,http://id.worldcat.org/fast/1750153.,Artists' books.,artists-books,http://id.worldcat.org/fast/1750153
XCFZA4Z7,http://id.worldcat.org/fast/1750153.,Artists' books.,artists-books,http://id.worldcat.org/fast/1750153
XCSC2N87,http://id.worldcat.org/fast/1750153.,Artists' books.,artists-books,http://id.worldcat.org/fast/1750153
XDL8DE2V,http://id.worldcat.org/fast/1750153.,Artists' books.,artists-books,http://id.worldcat.org/fast/1750153
XFQMFX5K,http://id.worldcat.org/fast/1750153.,Artists' books.,artists-books,http://id.worldcat.org/fast/1750153
XG34DC37,http://id.worldcat.org/fast/1750153.,Artists' books.,artists-books,http://id.worldcat.org/fast/1750153
XGPQU7KI,http://id.worldcat.org/fast/1750153.,Artists' books.,artists-books,http://id.worldcat.org/fast/1750153
XGSQQADE,http://id.worldcat.org/fast/1750153.,Artists' books.,artists-books,http://id.worldcat.org/fast/1750153
XJ3X468K,http://id.worldcat.org/fast/1750153.,Artists' books.,artists-books,http://id.worldcat.org/fast/1750153
XJ6TNJSP,http://id.worldcat.org/fast/1750153.,Artists' books.,artists-books,http://id.worldcat.org/fast/1750153
XKE4K3W7,http://id.worldcat.org/fast/1750153.,Artists' books.,artists-books,http://id.worldcat.org/fast/1750153
XKGNRICF,http://id.worldcat.org/fast/1750153.,Artists' books.,artists-books,http://id.worldcat.org/fast/1750153
XL5ECVPF,http://id.worldcat.org/fast/1750153.,Artists' books.,artists-books,http://id.worldcat.org/fast/1750153
XL6Z9KSL,http://id.worldcat.org/fast/1750153.,Artists' books.,artists-books,http://id.worldcat.org/fast/1750153
XLU2WEKP,http://id.worldcat.org/fast/1750153.,Artists' books.,artists-books,http://id.worldcat.org/fast/1750153
XMMENB8R,http://id.worldcat.org/fast/1750153.,Artists' books.,artists-books,http://id.worldcat.org/fast/1750153
XMWXAQ8G,http://id.worldcat.org/fast/1750153.,Artists' books.,artists-books,http://id.worldcat.org/fast/1750153
XN5IQDI6,http://id.worldcat.org/fast/1750153.,Artists' books.,artists-books,http://id.worldcat.org/fast/1750153
XNH2F8EB,http://id.worldcat.org/fast/1750153.,Artists' books.,artists-books,http://id.worldcat.org/fast/1750153
XP8YFKPR,http://id.worldcat.org/fast/1750153.,Artists' books.,artists-books,http://id.worldcat.org/fast/1750153
XP9M2U3Q,http://id.worldcat.org/fast/1750153.,Artists' books.,artists-books,http://id.worldcat.org/fast/1750153
XPV8EM77,http://id.worldcat.org/fast/1750153.,Artists' books.,artists-books,http://id.worldcat.org/fast/1750153
XS8JUKLN,http://id.worldcat.org/fast/1750153.,Artists' books.,artists-books,http://id.worldcat.org/fast/1750153
XTJAJ37U,http://id.worldcat.org/fast/1750153.,Artists' books.,artists-books,http://id.worldcat.org/fast/1750153
XUXNQB4J,http://id.worldcat.org/fast/1750153.,Artists' books.,artists-books,http://id.worldcat.org/fast/1750153
XVFFMZT2,http://id.worldcat.org/fast/1750153.,Artists' books.,artists-books,http://id.worldcat.org/fast/1750153
XYG4SPBI,http://id.worldcat.org/fast/1750153.,Artists' books.,artists-books,http://id.worldcat.org/fast/1750153
XYWFSLL2,http://id.worldcat.org/fast/1750153.,Artists' books.,artists-books,http://id.worldcat.org/fast/1750153
Y2MQKHFR,http://id.worldcat.org/fast/1750153.,Artists' books.,artists-books,http://id.worldcat.org/fast/1750153
Y5RUXGXN,http://id.worldcat.org/fast/1750153.,Artists' books.,artists-books,http://id.worldcat.org/fast/1750153
Y6EVGAKE,http://id.worldcat.org/fast/1750153.,Artists' books.,artists-books,http://id.worldcat.org/fast/1750153
Y6WQSNVH,http://id.worldcat.org/fast/1750153.,Artists' books.,artists-books,http://id.worldcat.org/fast/1750153
Y7SJHXS2,http://id.worldcat.org/fast/1750153.,Artists' books.,artists-books,http://id.worldcat.org/fast/1750153
Y8V82NEI,http://id.worldcat.org/fast/1750153.,Artists' books.,artists-books,http://id.worldcat.org/fast/1750153
YAVC2X7V,http://id.worldcat.org/fast/1750153.,Artists' books.,artists-books,http://id.worldcat.org/fast/1750153
YCBUFLK2,http://id.worldcat.org/fast/1750153.,Artists' books.,artists-books,http://id.worldcat.org/fast/1750153
YEQEKP79,http://id.worldcat.org/fast/1750153.,Artists' books.,artists-books,http://id.worldcat.org/fast/1750153
YHJSU6FI,http://id.worldcat.org/fast/1750153.,Artists' books.,artists-books,http://id.worldcat.org/fast/1750153
YITEDFE2,http://id.worldcat.org/fast/1750153.,Artists' books.,artists-books,http://id.worldcat.org/fast/1750153
YJX3D7TH,http://id.worldcat.org/fast/1750153.,Artists' books.,artists-books,http://id.worldcat.org/fast/1750153
YJYX5S6P,http://id.worldcat.org/fast/1750153.,Artists' books.,artists-books,http://id.worldcat.org/fast/1750153
YJZNQ94S,http://id.worldcat.org/fast/1750153.,Artists' books.,artists-books,http://id.worldcat.org/fast/1750153
YKLIS4G8,http://id.worldcat.org/fast/1750153.,Artists' books.,artists-books,http://id.worldcat.org/fast/1750153
YM7KRFGQ,http://id.worldcat.org/fast/1750153.,Artists' books.,artists-books,http://id.worldcat.org/fast/1750153
YNQJLSJE,http://id.worldcat.org/fast/1750153.,Artists' books.,artists-books,http://id.worldcat.org/fast/1750153
YQI24LZV,http://id.worldcat.org/fast/1750153.,Artists' books.,artists-books,http://id.worldcat.org/fast/1750153
YS5ULT2U,http://id.worldcat.org/fast/1750153.,Artists' books.,artists-books,http://id.worldcat.org/fast/1750153
YU2H7YY5,http://id.worldcat.org/fast/1750153.,Artists' books.,artists-books,http://id.worldcat.org/fast/1750153
YV3XHZFQ,http://id.worldcat.org/fast/1750153.,Artists' books.,artists-books,http://id.worldcat.org/fast/1750153
YW4DQEJ3,http://id.worldcat.org/fast/1750153.,Artists' books.,artists-books,http://id.worldcat.org/fast/1750153
YWB3954W,http://id.worldcat.org/fast/1750153.,Artists' books.,artists-books,http://id.worldcat.org/fast/1750153
YX3HQ4UN,http://id.worldcat.org/fast/1750153.,Artists' books.,artists-books,http://id.worldcat.org/fast/1750153
YX7BXEWX,http://id.worldcat.org/fast/1750153.,Artists' books.,artists-books,http://id.worldcat.org/fast/1750153
YXEKQRRM,http://id.worldcat.org/fast/1750153.,Artists' books.,artists-books,http://id.worldcat.org/fast/1750153
YXLZZIW6,http://id.worldcat.org/fast/1750153.,Artists' books.,artists-books,http://id.worldcat.org/fast/1750153
YZ2PU6X5,http://id.worldcat.org/fast/1750153.,Artists' books.,artists-books,http://id.worldcat.org/fast/1750153
Z3TC8IEP,http://id.worldcat.org/fast/1750153.,Artists' books.,artists-books,http://id.worldcat.org/fast/1750153
Z4XKV44W,http://id.worldcat.org/fast/1750153.,Artists' books.,artists-books,http://id.worldcat.org/fast/1750153
ZB5QETPU,http://id.worldcat.org/fast/1750153.,Artists' books.,artists-books,http://id.worldcat.org/fast/1750153
ZBY9BGV2,http://id.worldcat.org/fast/1750153.,Artists' books.,artists-books,http://id.worldcat.org/fast/1750153
ZC6PGQMG,http://id.worldcat.org/fast/1750153.,Artists' books.,artists-books,http://id.worldcat.org/fast/1750153
ZCRKMD8B,http://id.worldcat.org/fast/1750153.,Artists' books.,artists-books,http://id.worldcat.org/fast/1750153
ZDSR96LN,http://id.worldcat.org/fast/1750153.,Artists' books.,artists-books,http://id.worldcat.org/fast/1750153
ZEIL2M3R,http://id.worldcat.org/fast/1750153.,Artists' books.,artists-books,http://id.worldcat.org/fast/1750153
ZF3UJ73X,http://id.worldcat.org/fast/1750153.,Artists' books.,artists-books,http://id.worldcat.org/fast/1750153
ZF6MS5B8,http://id.worldcat.org/fast/1750153.,Artists' books.,artists-books,http://id.worldcat.org/fast/1750153
ZFXFXB83,http://id.worldcat.org/fast/1750153.,Artists' books.,artists-books,http://id.worldcat.org/fast/1750153
ZGM5YC4Y,http://id.worldcat.org/fast/1750153.,Artists' books.,artists-books,http://id.worldcat.org/fast/1750153
ZH3R9PQF,http://id.worldcat.org/fast/1750153.,Artists' books.,artists-books,http://id.worldcat.org/fast/1750153
ZIKLIUXS,http://id.worldcat.org/fast/1750153.,Artists' books.,artists-books,http://id.worldcat.org/fast/1750153
ZJMUWHNM,http://id.worldcat.org/fast/1750153.,Artists' books.,artists-books,http://id.worldcat.org/fast/1750153
ZKXXG9FB,http://id.worldcat.org/fast/1750153.,Artists' books.,artists-books,http://id.worldcat.org/fast/1750153
ZLF4BX44,http://id.worldcat.org/fast/1750153.,Artists' books.,artists-books,http://id.worldcat.org/fast/1750153
ZLY2F2LB,http://id.worldcat.org/fast/1750153.,Artists' books.,artists-books,http://id.worldcat.org/fast/1750153
ZMV6ZMWC,http://id.worldcat.org/fast/1750153.,Artists' books.,artists-books,http://id.worldcat.org/fast/1750153
ZNYNAY55,http://id.worldcat.org/fast/1750153.,Artists' books.,artists-books,http://id.worldcat.org/fast/1750153
ZNZHIV6Q,http://id.worldcat.org/fast/1750153.,Artists' books.,artists-books,http://id.worldcat.org/fast/1750153
ZQ65SDKJ,http://id.worldcat.org/fast/1750153.,Artists' books.,artists-books,http://id.worldcat.org/fast/1750153
ZRUCQW6Z,http://id.worldcat.org/fast/1750153.,Artists' books.,artists-books,http://id.worldcat.org/fast/1750153
ZSFLC9BC,http://id.worldcat.org/fast/1750153.,Artists' books.,artists-books,http://id.worldcat.org/fast/1750153
ZSIHGLFW,http://id.worldcat.org/fast/1750153.,Artists' books.,artists-books,http://id.worldcat.org/fast/1750153
ZTWYAIES,http://id.worldcat.org/fast/1750153.,Artists' books.,artists-books,http://id.worldcat.org/fast/1750153
ZU4KHA9D,http://id.worldcat.org/fast/1750153.,Artists' books.,artists-books,http://id.worldcat.org/fast/1750153
ZV2B9FCC,http://id.worldcat.org/fast/1750153.,Artists' books.,artists-books,http://id.worldcat.org/fast/1750153
ZVZEXSPQ,http://id.worldcat.org/fast/1750153.,Artists' books.,artists-books,http://id.worldcat.org/fast/1750153
ZW723DS9,http://id.worldcat.org/fast/1750153.,Artists' books.,artists-books,http://id.worldcat.org/fast/1750153
ZWZ8TWIM,http://id.worldcat.org/fast/1750153.,Artists' books.,artists-books,http://id.worldcat.org/fast/1750153
ZXYGRPTZ,http://id.worldcat.org/fast/1750153.,Artists' books.,artists-books,http://id.worldcat.org/fast/1750153
ZYS8GMX2,http://id.worldcat.org/fast/1750153.,Artists' books.,artists-books,http://id.worldcat.org/fast/1750153
ZZ3NUSXD,http://id.worldcat.org/fast/1750153.,Artists' books.,artists-books,http://id.worldcat.org/fast/1750153
PPXCS73L,http://id.worldcat.org/fast/1752725.,Cookbooks.,cookbooks,http://id.worldcat.org/fast/1752725
FCVVSAWF,http://id.worldcat.org/fast/1774325.,Fotonovelas.,fotonovelas,http://id.worldcat.org/fast/1774325
6QQIZA6F,http://id.worldcat.org/fast/1919894.,Autobiographies.,autobiographies,http://id.worldcat.org/fast/1919894
7NNFWE7D,http://id.worldcat.org/fast/1919894.,Autobiographies.,autobiographies,http://id.worldcat.org/fast/1919894
SWMMFLZY,http://id.worldcat.org/fast/1919894.,Autobiographies.,autobiographies,http://id.worldcat.org/fast/1919894
DWTPIG26,http://id.worldcat.org/fast/1919895.,Bibliographies.,bibliographies,http://id.worldcat.org/fast/1919895
F5T8KK7B,http://id.worldcat.org/fast/1919895.,Bibliographies.,bibliographies,http://id.worldcat.org/fast/1919895
G2T96GAG,http://id.worldcat.org/fast/1919895.,Bibliographies.,bibliographies,http://id.worldcat.org/fast/1919895
MBL4XA5B,http://id.worldcat.org/fast/1919895.,Bibliographies.,bibliographies,http://id.worldcat.org/fast/1919895
N9ZCBAQI,http://id.worldcat.org/fast/1919895.,Bibliographies.,bibliographies,http://id.worldcat.org/fast/1919895
2UNTGYB4,http://id.worldcat.org/fast/1919896.,Biographies.,biographies,http://id.worldcat.org/fast/1919896
5DW235NM,http://id.worldcat.org/fast/1919896.,Biographies.,biographies,http://id.worldcat.org/fast/1919896
632X6CII,http://id.worldcat.org/fast/1919896.,Biographies.,biographies,http://id.worldcat.org/fast/1919896
6QQIZA6F,http://id.worldcat.org/fast/1919896.,Biographies.,biographies,http://id.worldcat.org/fast/1919896
7NNFWE7D,http://id.worldcat.org/fast/1919896.,Biographies.,biographies,http://id.worldcat.org/fast/1919896
8ABY94EI,http://id.worldcat.org/fast/1919896.,Biographies.,biographies,http://id.worldcat.org/fast/1919896
9HSBGW87,http://id.worldcat.org/fast/1919896.,Biographies.,biographies,http://id.worldcat.org/fast/1919896
FCVVSAWF,http://id.worldcat.org/fast/1919896.,Biographies.,biographies,http://id.worldcat.org/fast/1919896
GDTEJGHY,http://id.worldcat.org/fast/1919896.,Biographies.,biographies,http://id.worldcat.org/fast/1919896
HA7KCJ8L,http://id.worldcat.org/fast/1919896.,Biographies.,biographies,http://id.worldcat.org/fast/1919896
ISTV64ZP,http://id.worldcat.org/fast/1919896.,Biographies.,biographies,http://id.worldcat.org/fast/1919896
J7H45MHN,http://id.worldcat.org/fast/1919896.,Biographies.,biographies,http://id.worldcat.org/fast/1919896
JFW3649R,http://id.worldcat.org/fast/1919896.,Biographies.,biographies,http://id.worldcat.org/fast/1919896
JTSDBP9P,http://id.worldcat.org/fast/1919896.,Biographies.,biographies,http://id.worldcat.org/fast/1919896
JY2G3WI2,http://id.worldcat.org/fast/1919896.,Biographies.,biographies,http://id.worldcat.org/fast/1919896
PLRU6FDT,http://id.worldcat.org/fast/1919896.,Biographies.,biographies,http://id.worldcat.org/fast/1919896
PXYXSERY,http://id.worldcat.org/fast/1919896.,Biographies.,biographies,http://id.worldcat.org/fast/1919896
Q3XELTDC,http://id.worldcat.org/fast/1919896.,Biographies.,biographies,http://id.worldcat.org/fast/1919896
QYRC42SU,http://id.worldcat.org/fast/1919896.,Biographies.,biographies,http://id.worldcat.org/fast/1919896
SGCKIGXG,http://id.worldcat.org/fast/1919896.,Biographies.,biographies,http://id.worldcat.org/fast/1919896
SKTYVR7F,http://id.worldcat.org/fast/1919896.,Biographies.,biographies,http://id.worldcat.org/fast/1919896
SWMMFLZY,http://id.worldcat.org/fast/1919896.,Biographies.,biographies,http://id.worldcat.org/fast/1919896
TB7MEV86,http://id.worldcat.org/fast/1919896.,Biographies.,biographies,http://id.worldcat.org/fast/1919896
UWRH5RMK,http://id.worldcat.org/fast/1919896.,Biographies.,biographies,http://id.worldcat.org/fast/1919896
VF84BK8A,http://id.worldcat.org/fast/1919896.,Biographies.,biographies,http://id.worldcat.org/fast/1919896
VVY2VVZ4,http://id.worldcat.org/fast/1919896.,Biographies.,biographies,http://id.worldcat.org/fast/1919896
XUXNQB4J,http://id.worldcat.org/fast/1919896.,Biographies.,biographies,http://id.worldcat.org/fast/1919896
DPUHYZE5,http://id.worldcat.org/fast/1919915.,Death registers.,death-registers,http://id.worldcat.org/fast/1919915
KJJ35ILT,http://id.worldcat.org/fast/1919922.,Essays.,essays,http://id.worldcat.org/fast/1919922
BEAIU85U,http://id.worldcat.org/fast/1919936.,Lift-the-flap books.,lift-the-flap-books,http://id.worldcat.org/fast/1919936
2MZUGSET,http://id.worldcat.org/fast/1919950.,Photobooks.,photobooks,http://id.worldcat.org/fast/1919950
37P86AJJ,http://id.worldcat.org/fast/1919950.,Photobooks.,photobooks,http://id.worldcat.org/fast/1919950
3MWNMK26,http://id.worldcat.org/fast/1919950.,Photobooks.,photobooks,http://id.worldcat.org/fast/1919950
3P75FBKY,http://id.worldcat.org/fast/1919950.,Photobooks.,photobooks,http://id.worldcat.org/fast/1919950
3RK6L8N4,http://id.worldcat.org/fast/1919950.,Photobooks.,photobooks,http://id.worldcat.org/fast/1919950
4YQIWAKC,http://id.worldcat.org/fast/1919950.,Photobooks.,photobooks,http://id.worldcat.org/fast/1919950
6PH8HALJ,http://id.worldcat.org/fast/1919950.,Photobooks.,photobooks,http://id.worldcat.org/fast/1919950
77TUFTYU,http://id.worldcat.org/fast/1919950.,Photobooks.,photobooks,http://id.worldcat.org/fast/1919950
7JQKB49X,http://id.worldcat.org/fast/1919950.,Photobooks.,photobooks,http://id.worldcat.org/fast/1919950
9ZHBNXBJ,http://id.worldcat.org/fast/1919950.,Photobooks.,photobooks,http://id.worldcat.org/fast/1919950
AHZZP9XL,http://id.worldcat.org/fast/1919950.,Photobooks.,photobooks,http://id.worldcat.org/fast/1919950
B88EWXUT,http://id.worldcat.org/fast/1919950.,Photobooks.,photobooks,http://id.worldcat.org/fast/1919950
B8VL75MF,http://id.worldcat.org/fast/1919950.,Photobooks.,photobooks,http://id.worldcat.org/fast/1919950
BQ3JGWKQ,http://id.worldcat.org/fast/1919950.,Photobooks.,photobooks,http://id.worldcat.org/fast/1919950
BVYXGP2J,http://id.worldcat.org/fast/1919950.,Photobooks.,photobooks,http://id.worldcat.org/fast/1919950
CBTCWZ2D,http://id.worldcat.org/fast/1919950.,Photobooks.,photobooks,http://id.worldcat.org/fast/1919950
CTPCXCHC,http://id.worldcat.org/fast/1919950.,Photobooks.,photobooks,http://id.worldcat.org/fast/1919950
DJVUT7UH,http://id.worldcat.org/fast/1919950.,Photobooks.,photobooks,http://id.worldcat.org/fast/1919950
DNTS73TK,http://id.worldcat.org/fast/1919950.,Photobooks.,photobooks,http://id.worldcat.org/fast/1919950
EI2PEII7,http://id.worldcat.org/fast/1919950.,Photobooks.,photobooks,http://id.worldcat.org/fast/1919950
F2RUIBW4,http://id.worldcat.org/fast/1919950.,Photobooks.,photobooks,http://id.worldcat.org/fast/1919950
GUBA5JU7,http://id.worldcat.org/fast/1919950.,Photobooks.,photobooks,http://id.worldcat.org/fast/1919950
HQKRI38G,http://id.worldcat.org/fast/1919950.,Photobooks.,photobooks,http://id.worldcat.org/fast/1919950
IR6IZWSQ,http://id.worldcat.org/fast/1919950.,Photobooks.,photobooks,http://id.worldcat.org/fast/1919950
KILJAJ2D,http://id.worldcat.org/fast/1919950.,Photobooks.,photobooks,http://id.worldcat.org/fast/1919950
KQ6DNBBQ,http://id.worldcat.org/fast/1919950.,Photobooks.,photobooks,http://id.worldcat.org/fast/1919950
LRD6FCIV,http://id.worldcat.org/fast/1919950.,Photobooks.,photobooks,http://id.worldcat.org/fast/1919950
MIFTF8L3,http://id.worldcat.org/fast/1919950.,Photobooks.,photobooks,http://id.worldcat.org/fast/1919950
MPU5CXQ8,http://id.worldcat.org/fast/1919950.,Photobooks.,photobooks,http://id.worldcat.org/fast/1919950
N7842N3N,http://id.worldcat.org/fast/1919950.,Photobooks.,photobooks,http://id.worldcat.org/fast/1919950
NPRJMNHQ,http://id.worldcat.org/fast/1919950.,Photobooks.,photobooks,http://id.worldcat.org/fast/1919950
SEIS97FS,http://id.worldcat.org/fast/1919950.,Photobooks.,photobooks,http://id.worldcat.org/fast/1919950
SHTFI2F4,http://id.worldcat.org/fast/1919950.,Photobooks.,photobooks,http://id.worldcat.org/fast/1919950
W2ADDKDT,http://id.worldcat.org/fast/1919950.,Photobooks.,photobooks,http://id.worldcat.org/fast/1919950
W3LDEBSB,http://id.worldcat.org/fast/1919950.,Photobooks.,photobooks,http://id.worldcat.org/fast/1919950
WL9HTHU6,http://id.worldcat.org/fast/1919950.,Photobooks.,photobooks,http://id.worldcat.org/fast/1919950
WXYMV79K,http://id.worldcat.org/fast/1919950.,Photobooks.,photobooks,http://id.worldcat.org/fast/1919950
XN5IQDI6,http://id.worldcat.org/fast/1919950.,Photobooks.,photobooks,http://id.worldcat.org/fast/1919950
XPV8EM77,http://id.worldcat.org/fast/1919950.,Photobooks.,photobooks,http://id.worldcat.org/fast/1919950
Y5RUXGXN,http://id.worldcat.org/fast/1919950.,Photobooks.,photobooks,http://id.worldcat.org/fast/1919950
YITEDFE2,http://id.worldcat.org/fast/1919950.,Photobooks.,photobooks,http://id.worldcat.org/fast/1919950
6WDPQKAH,http://id.worldcat.org/fast/1919955.,Pop-up books.,pop-up-books,http://id.worldcat.org/fast/1919955
87H2AQ6Q,http://id.worldcat.org/fast/1919955.,Pop-up books.,pop-up-books,http://id.worldcat.org/fast/1919955
99HFQJQH,http://id.worldcat.org/fast/1919955.,Pop-up books.,pop-up-books,http://id.worldcat.org/fast/1919955
CW8JB3W2,http://id.worldcat.org/fast/1919955.,Pop-up books.,pop-up-books,http://id.worldcat.org/fast/1919955
H4UKFQEN,http://id.worldcat.org/fast/1919955.,Pop-up books.,pop-up-books,http://id.worldcat.org/fast/1919955
SY3STLBI,http://id.worldcat.org/fast/1919955.,Pop-up books.,pop-up-books,http://id.worldcat.org/fast/1919955
USF4PINC,http://id.worldcat.org/fast/1919955.,Pop-up books.,pop-up-books,http://id.worldcat.org/fast/1919955
YE293VPP,http://id.worldcat.org/fast/1919955.,Pop-up books.,pop-up-books,http://id.worldcat.org/fast/1919955
UV3QGUM3,http://id.worldcat.org/fast/1919958.,Puzzles and games.,puzzles-and-games,http://id.worldcat.org/fast/1919958
WUFJ74UX,http://id.worldcat.org/fast/1919958.,Puzzles and games.,puzzles-and-games,http://id.worldcat.org/fast/1919958
DPUHYZE5,http://id.worldcat.org/fast/1919964.,Registers (Lists),registers-lists,http://id.worldcat.org/fast/1919964
Y5RUXGXN,http://id.worldcat.org/fast/1919971.,Split-page books.,split-page-books,http://id.worldcat.org/fast/1919971
BFCDMBHN,http://id.worldcat.org/fast/1919982.,Trade catalogs.,trade-catalogs,http://id.worldcat.org/fast/1919982
3HWTCL2E,http://id.worldcat.org/fast/1919987.,Zines.,zines,http://id.worldcat.org/fast/1919987
4NPLYM58,http://id.worldcat.org/fast/1919987.,Zines.,zines,http://id.worldcat.org/fast/1919987
59RPZX8Y,http://id.worldcat.org/fast/1919987.,Zines.,zines,http://id.worldcat.org/fast/1919987
5NVY5CM5,http://id.worldcat.org/fast/1919987.,Zines.,zines,http://id.worldcat.org/fast/1919987
5ZYYXJT6,http://id.worldcat.org/fast/1919987.,Zines.,zines,http://id.worldcat.org/fast/1919987
64ZHIQT3,http://id.worldcat.org/fast/1919987.,Zines.,zines,http://id.worldcat.org/fast/1919987
8KQHRYNE,http://id.worldcat.org/fast/1919987.,Zines.,zines,http://id.worldcat.org/fast/1919987
949AFC3M,http://id.worldcat.org/fast/1919987.,Zines.,zines,http://id.worldcat.org/fast/1919987
9SGQ7BJP,http://id.worldcat.org/fast/1919987.,Zines.,zines,http://id.worldcat.org/fast/1919987
CUBLTFRN,http://id.worldcat.org/fast/1919987.,Zines.,zines,http://id.worldcat.org/fast/1919987
DSGC78FH,http://id.worldcat.org/fast/1919987.,Zines.,zines,http://id.worldcat.org/fast/1919987
EKZAZ8Q5,http://id.worldcat.org/fast/1919987.,Zines.,zines,http://id.worldcat.org/fast/1919987
I3ADNL87,http://id.worldcat.org/fast/1919987.,Zines.,zines,http://id.worldcat.org/fast/1919987
ILNMN9IC,http://id.worldcat.org/fast/1919987.,Zines.,zines,http://id.worldcat.org/fast/1919987
IVBYCH69,http://id.worldcat.org/fast/1919987.,Zines.,zines,http://id.worldcat.org/fast/1919987
IZVNER4D,http://id.worldcat.org/fast/1919987.,Zines.,zines,http://id.worldcat.org/fast/1919987
J4S6SM5C,http://id.worldcat.org/fast/1919987.,Zines.,zines,http://id.worldcat.org/fast/1919987
JAKM68P6,http://id.worldcat.org/fast/1919987.,Zines.,zines,http://id.worldcat.org/fast/1919987
JQ85ZIMM,http://id.worldcat.org/fast/1919987.,Zines.,zines,http://id.worldcat.org/fast/1919987
M66M8MMA,http://id.worldcat.org/fast/1919987.,Zines.,zines,http://id.worldcat.org/fast/1919987
N66DJ5MB,http://id.worldcat.org/fast/1919987.,Zines.,zines,http://id.worldcat.org/fast/1919987
NT3T64UG,http://id.worldcat.org/fast/1919987.,Zines.,zines,http://id.worldcat.org/fast/1919987
NVUWPALB,http://id.worldcat.org/fast/1919987.,Zines.,zines,http://id.worldcat.org/fast/1919987
QYKHRIMS,http://id.worldcat.org/fast/1919987.,Zines.,zines,http://id.worldcat.org/fast/1919987
TEBZ5V8S,http://id.worldcat.org/fast/1919987.,Zines.,zines,http://id.worldcat.org/fast/1919987
W2ADDKDT,http://id.worldcat.org/fast/1919987.,Zines.,zines,http://id.worldcat.org/fast/1919987
WYSDPMHP,http://id.worldcat.org/fast/1919987.,Zines.,zines,http://id.worldcat.org/fast/1919987
Z8JS82W4,http://id.worldcat.org/fast/1919987.,Zines.,zines,http://id.worldcat.org/fast/1919987
ZMV6ZMWC,http://id.worldcat.org/fast/1919987.,Zines.,zines,http://id.worldcat.org/fast/1919987
7YZUTAK9,http://id.worldcat.org/fast/1920770.,Braille books.,braille-books,http://id.worldcat.org/fast/1920770
LYJSML5E,http://id.worldcat.org/fast/1920770.,Braille books.,braille-books,http://id.worldcat.org/fast/1920770
MZKVHHZS,http://id.worldcat.org/fast/1920771.,Catalogues raisonnés.,catalogues-raisonn-s,http://id.worldcat.org/fast/1920771
PCRFENN3,http://id.worldcat.org/fast/1920779.,Sayings.,sayings,http://id.worldcat.org/fast/1920779
2RANA3EA,http://id.worldcat.org/fast/1921613.,Comics (Graphic works),comics-graphic-works,http://id.worldcat.org/fast/1921613
3HWTCL2E,http://id.worldcat.org/fast/1921613.,Comics (Graphic works),comics-graphic-works,http://id.worldcat.org/fast/1921613
4NPLYM58,http://id.worldcat.org/fast/1921613.,Comics (Graphic works),comics-graphic-works,http://id.worldcat.org/fast/1921613
59RPZX8Y,http://id.worldcat.org/fast/1921613.,Comics (Graphic works),comics-graphic-works,http://id.worldcat.org/fast/1921613
5NVY5CM5,http://id.worldcat.org/fast/1921613.,Comics (Graphic works),comics-graphic-works,http://id.worldcat.org/fast/1921613
6AJL6PMA,http://id.worldcat.org/fast/1921613.,Comics (Graphic works),comics-graphic-works,http://id.worldcat.org/fast/1921613
84KWQXLU,http://id.worldcat.org/fast/1921613.,Comics (Graphic works),comics-graphic-works,http://id.worldcat.org/fast/1921613
8Z4XUUNF,http://id.worldcat.org/fast/1921613.,Comics (Graphic works),comics-graphic-works,http://id.worldcat.org/fast/1921613
AQWUCUIE,http://id.worldcat.org/fast/1921613.,Comics (Graphic works),comics-graphic-works,http://id.worldcat.org/fast/1921613
CAIVDWQL,http://id.worldcat.org/fast/1921613.,Comics (Graphic works),comics-graphic-works,http://id.worldcat.org/fast/1921613
CUBLTFRN,http://id.worldcat.org/fast/1921613.,Comics (Graphic works),comics-graphic-works,http://id.worldcat.org/fast/1921613
DNIUYM7C,http://id.worldcat.org/fast/1921613.,Comics (Graphic works),comics-graphic-works,http://id.worldcat.org/fast/1921613
EKZAZ8Q5,http://id.worldcat.org/fast/1921613.,Comics (Graphic works),comics-graphic-works,http://id.worldcat.org/fast/1921613
GPPPVWM9,http://id.worldcat.org/fast/1921613.,Comics (Graphic works),comics-graphic-works,http://id.worldcat.org/fast/1921613
H4DT26QW,http://id.worldcat.org/fast/1921613.,Comics (Graphic works),comics-graphic-works,http://id.worldcat.org/fast/1921613
HG2YAHLK,http://id.worldcat.org/fast/1921613.,Comics (Graphic works),comics-graphic-works,http://id.worldcat.org/fast/1921613
IVBYCH69,http://id.worldcat.org/fast/1921613.,Comics (Graphic works),comics-graphic-works,http://id.worldcat.org/fast/1921613
IZVNER4D,http://id.worldcat.org/fast/1921613.,Comics (Graphic works),comics-graphic-works,http://id.worldcat.org/fast/1921613
J4S6SM5C,http://id.worldcat.org/fast/1921613.,Comics (Graphic works),comics-graphic-works,http://id.worldcat.org/fast/1921613
JYBIACKW,http://id.worldcat.org/fast/1921613.,Comics (Graphic works),comics-graphic-works,http://id.worldcat.org/fast/1921613
K9EY59KS,http://id.worldcat.org/fast/1921613.,Comics (Graphic works),comics-graphic-works,http://id.worldcat.org/fast/1921613
LTM6TMDZ,http://id.worldcat.org/fast/1921613.,Comics (Graphic works),comics-graphic-works,http://id.worldcat.org/fast/1921613
M9D8QYK7,http://id.worldcat.org/fast/1921613.,Comics (Graphic works),comics-graphic-works,http://id.worldcat.org/fast/1921613
NT3T64UG,http://id.worldcat.org/fast/1921613.,Comics (Graphic works),comics-graphic-works,http://id.worldcat.org/fast/1921613
NTYYZ474,http://id.worldcat.org/fast/1921613.,Comics (Graphic works),comics-graphic-works,http://id.worldcat.org/fast/1921613
NVUWPALB,http://id.worldcat.org/fast/1921613.,Comics (Graphic works),comics-graphic-works,http://id.worldcat.org/fast/1921613
QYKHRIMS,http://id.worldcat.org/fast/1921613.,Comics (Graphic works),comics-graphic-works,http://id.worldcat.org/fast/1921613
TEBZ5V8S,http://id.worldcat.org/fast/1921613.,Comics (Graphic works),comics-graphic-works,http://id.worldcat.org/fast/1921613
ULSN236N,http://id.worldcat.org/fast/1921613.,Comics (Graphic works),comics-graphic-works,http://id.worldcat.org/fast/1921613
UQQDXMAY,http://id.worldcat.org/fast/1921613.,Comics (Graphic works),comics-graphic-works,http://id.worldcat.org/fast/1921613
V2IGD5GP,http://id.worldcat.org/fast/1921613.,Comics (Graphic works),comics-graphic-works,http://id.worldcat.org/fast/1921613
VTUB34MK,http://id.worldcat.org/fast/1921613.,Comics (Graphic works),comics-graphic-works,http://id.worldcat.org/fast/1921613
WJTQLUB8,http://id.worldcat.org/fast/1921613.,Comics (Graphic works),comics-graphic-works,http://id.worldcat.org/fast/1921613
XJ6TNJSP,http://id.worldcat.org/fast/1921613.,Comics (Graphic works),comics-graphic-works,http://id.worldcat.org/fast/1921613
XMG7YAZW,http://id.worldcat.org/fast/1921613.,Comics (Graphic works),comics-graphic-works,http://id.worldcat.org/fast/1921613
Z3YDWGS3,http://id.worldcat.org/fast/1921613.,Comics (Graphic works),comics-graphic-works,http://id.worldcat.org/fast/1921613
Z8JS82W4,http://id.worldcat.org/fast/1921613.,Comics (Graphic works),comics-graphic-works,http://id.worldcat.org/fast/1921613
YV3XHZFQ,http://id.worldcat.org/fast/1921663.,Found poetry.,found-poetry,http://id.worldcat.org/fast/1921663
YVIWJFCF,http://id.worldcat.org/fast/1921663.,Found poetry.,found-poetry,http://id.worldcat.org/fast/1921663
CDHHAFU6,http://id.worldcat.org/fast/1921680.,Haiku.,haiku,http://id.worldcat.org/fast/1921680
M7UNWI63,http://id.worldcat.org/fast/1921716.,Literature.,literature,http://id.worldcat.org/fast/1921716
Q63JTAT9,http://id.worldcat.org/fast/1921737.,Spoken word poetry.,spoken-word-poetry,http://id.worldcat.org/fast/1921737
Q63JTAT9,http://id.worldcat.org/fast/1921743.,Soundscapes (Music),soundscapes-music,http://id.worldcat.org/fast/1921743
J2QKVNZI,http://id.worldcat.org/fast/1921748.,Trivia and miscellanea.,trivia-and-miscellanea,http://id.worldcat.org/fast/1921748
KRLBW93Q,http://id.worldcat.org/fast/1921748.,Trivia and miscellanea.,trivia-and-miscellanea,http://id.worldcat.org/fast/1921748
L52JULIS,http://id.worldcat.org/fast/1921748.,Trivia and miscellanea.,trivia-and-miscellanea,http://id.worldcat.org/fast/1921748
N8IU9CD8,http://id.worldcat.org/fast/1921748.,Trivia and miscellanea.,trivia-and-miscellanea,http://id.worldcat.org/fast/1921748
TS8GCN76,http://id.worldcat.org/fast/1921748.,Trivia and miscellanea.,trivia-and-miscellanea,http://id.worldcat.org/fast/1921748
ZW723DS9,http://id.worldcat.org/fast/1921748.,Trivia and miscellanea.,trivia-and-miscellanea,http://id.worldcat.org/fast/1921748
ZXYGRPTZ,http://id.worldcat.org/fast/1921748.,Trivia and miscellanea.,trivia-and-miscellanea,http://id.worldcat.org/fast/1921748
CJ6QJUF7,http://id.worldcat.org/fast/1922440.,Flash fiction.,flash-fiction,http://id.worldcat.org/fast/1922440
PLXEZ6SH,http://id.worldcat.org/fast/1922440.,Flash fiction.,flash-fiction,http://id.worldcat.org/fast/1922440
DJVUT7UH,http://id.worldcat.org/fast/1922530.,Road fiction.,road-fiction,http://id.worldcat.org/fast/1922530
UHGUWGUZ,http://id.worldcat.org/fast/1922578.,Utopian fiction.,utopian-fiction,http://id.worldcat.org/fast/1922578
ZYS8GMX2,http://id.worldcat.org/fast/1941036.,Festschriften.,festschriften,http://id.worldcat.org/fast/1941036
3W95A2M6,http://id.worldcat.org/fast/1941319.,Paper dolls.,paper-dolls,http://id.worldcat.org/fast/1941319
XTJAJ37U,http://id.worldcat.org/fast/1941322.,Erasure poetry.,erasure-poetry,http://id.worldcat.org/fast/1941322
RKL992ZG,http://id.worldcat.org/fast/1941332.,Political poetry.,political-poetry,http://id.worldcat.org/fast/1941332
VVTUGTLE,http://id.worldcat.org/fast/1985328.,Songs and music.,songs-and-music,http://id.worldcat.org/fast/1985328
XJ6TNJSP,http://id.worldcat.org/fast/1986233.,Woodcuts.,woodcuts,http://id.worldcat.org/fast/1986233
YZ2PU6X5,http://id.worldcat.org/fast/1986235.,Linocuts.,linocuts,http://id.worldcat.org/fast/1986235
7DW84IIA,http://id.worldcat.org/fast/1986255.,Screen prints.,screen-prints,http://id.worldcat.org/fast/1986255
QJ4TC2ID,http://id.worldcat.org/fast/1986256.,Collages.,collages,http://id.worldcat.org/fast/1986256
Q63JTAT9,http://id.worldcat.org/fast/1986258.,Relief prints.,relief-prints,http://id.worldcat.org/fast/1986258
7DW84IIA,http://id.worldcat.org/fast/1986261.,Lithographs.,lithographs,http://id.worldcat.org/fast/1986261
QJ4TC2ID,http://id.worldcat.org/fast/1986270.,Documentary photographs.,documentary-photographs,http://id.worldcat.org/fast/1986270
XJ3X468K,http://id.worldcat.org/fast/1986271.,Playing cards.,playing-cards,http://id.worldcat.org/fast/1986271
N77JIG8Z,http://id.worldcat.org/fast/1986487.,Autobiographical fiction.,autobiographical-fiction,http://id.worldcat.org/fast/1986487
5C87SEQG,http://id.worldcat.org/fast/2003288.,Correspondence.,correspondence,http://id.worldcat.org/fast/2003288
EAUQA75X,http://id.worldcat.org/fast/2003288.,Correspondence.,correspondence,http://id.worldcat.org/fast/2003288
PEQS5CUB,http://id.worldcat.org/fast/2003288.,Correspondence.,correspondence,http://id.worldcat.org/fast/2003288
W53AH9P7,http://id.worldcat.org/fast/2003288.,Correspondence.,correspondence,http://id.worldcat.org/fast/2003288
AFM9EU3A,http://id.worldcat.org/fast/2003305.,Wheel charts.,wheel-charts,http://id.worldcat.org/fast/2003305
DPUHYZE5,http://id.worldcat.org/fast/2008859.,Art and the war.,art-and-the-war,http://id.worldcat.org/fast/2008859
FVWFHLNT,http://id.worldcat.org/fast/2008859.,Art and the war.,art-and-the-war,http://id.worldcat.org/fast/2008859
J7JBWCHI,http://id.worldcat.org/fast/2008859.,Art and the war.,art-and-the-war,http://id.worldcat.org/fast/2008859
KQ6DNBBQ,http://id.worldcat.org/fast/2008859.,Art and the war.,art-and-the-war,http://id.worldcat.org/fast/2008859
MZST6UEM,http://id.worldcat.org/fast/2008859.,Art and the war.,art-and-the-war,http://id.worldcat.org/fast/2008859
TZ4ZBB3Z,http://id.worldcat.org/fast/2008859.,Art and the war.,art-and-the-war,http://id.worldcat.org/fast/2008859
WBH8EX4S,http://id.worldcat.org/fast/2008859.,Art and the war.,art-and-the-war,http://id.worldcat.org/fast/2008859
3T953P55,http://id.worldcat.org/fast/2015172.,Alphabet books.,alphabet-books,http://id.worldcat.org/fast/2015172
M6FCLS85,http://rdaregistry.info/termList/RDAMaterial/1004.,Bristol board,bristol-board,http://rdaregistry.info/termList/RDAMaterial/1004
YXLZZIW6,http://rdaregistry.info/termList/RDAMaterial/1004.,Bristol board,bristol-board,http://rdaregistry.info/termList/RDAMaterial/1004
RGC4SFT4,http://rdaregistry.info/termList/RDAMaterial/1006.,cardboard,cardboard,http://rdaregistry.info/termList/RDAMaterial/1006
WUFJ74UX,http://rdaregistry.info/termList/RDAMaterial/1006.,cardboard,cardboard,http://rdaregistry.info/termList/RDAMaterial/1006
DDIDAEFG,http://rdaregistry.info/termList/RDAMaterial/1022.,metal,metal,http://rdaregistry.info/termList/RDAMaterial/1022
I96JPF92,http://rdaregistry.info/termList/RDAMaterial/1022.,metal,metal,http://rdaregistry.info/termList/RDAMaterial/1022
R6XXXWZD,http://rdaregistry.info/termList/RDAMaterial/1022.,metal,metal,http://rdaregistry.info/termList/RDAMaterial/1022
2XTG4RQU,http://rdaregistry.info/termList/RDAMaterial/1025.,paper,paper,http://rdaregistry.info/termList/RDAMaterial/1025
4KEMFYE5,http://rdaregistry.info/termList/RDAMaterial/1025.,paper,paper,http://rdaregistry.info/termList/RDAMaterial/1025
GICVNA55,http://rdaregistry.info/termList/RDAMaterial/1025.,paper,paper,http://rdaregistry.info/termList/RDAMaterial/1025
HI6RR8SF,http://rdaregistry.info/termList/RDAMaterial/1025.,paper,paper,http://rdaregistry.info/termList/RDAMaterial/1025
IW67FN74,http://rdaregistry.info/termList/RDAMaterial/1025.,paper,paper,http://rdaregistry.info/termList/RDAMaterial/1025
K2WSF32T,http://rdaregistry.info/termList/RDAMaterial/1025.,paper,paper,http://rdaregistry.info/termList/RDAMaterial/1025
KDK4CKHQ,http://rdaregistry.info/termList/RDAMaterial/1025.,paper,paper,http://rdaregistry.info/termList/RDAMaterial/1025
KSYMBE3Z,http://rdaregistry.info/termList/RDAMaterial/1025.,paper,paper,http://rdaregistry.info/termList/RDAMaterial/1025
R6XXXWZD,http://rdaregistry.info/termList/RDAMaterial/1025.,paper,paper,http://rdaregistry.info/termList/RDAMaterial/1025
SINBPBSF,http://rdaregistry.info/termList/RDAMaterial/1025.,paper,paper,http://rdaregistry.info/termList/RDAMaterial/1025
XS8JUKLN,http://rdaregistry.info/termList/RDAMaterial/1025.,paper,paper,http://rdaregistry.info/termList/RDAMaterial/1025
DDIDAEFG,http://rdaregistry.info/termList/RDAMaterial/1029.,plastic,plastic,http://rdaregistry.info/termList/RDAMaterial/1029
I96JPF92,http://rdaregistry.info/termList/RDAMaterial/1029.,plastic,plastic,http://rdaregistry.info/termList/RDAMaterial/1029
KSLXDIK2,http://rdaregistry.info/termList/RDAMaterial/1030.,polyester,polyester,http://rdaregistry.info/termList/RDAMaterial/1030
KSYMBE3Z,http://rdaregistry.info/termList/RDAMaterial/1039.,textile,textile,http://rdaregistry.info/termList/RDAMaterial/1039
GICVNA55,http://rdaregistry.info/termList/RDAMaterial/1045.,wood,wood,http://rdaregistry.info/termList/RDAMaterial/1045
K2WSF32T,http://rdaregistry.info/termList/RDAMaterial/1045.,wood,wood,http://rdaregistry.info/termList/RDAMaterial/1045
XS8JUKLN,http://rdaregistry.info/termList/RDAMaterial/1045.,wood,wood,http://rdaregistry.info/termList/RDAMaterial/1045
E4NC7U8P,http://vocab.getty.edu/aat/300011734.,Earth (soil),earth-soil,http://vocab.getty.edu/aat/300011734
LKGIJNJ7,http://vocab.getty.edu/aat/300011914.,Wood (plant material),wood-plant-material,http://vocab.getty.edu/aat/300011914
EC55TB6L,http://vocab.getty.edu/aat/300014076.,Burlap.,burlap,http://vocab.getty.edu/aat/300014076
ZF9J7VYT,http://vocab.getty.edu/aat/300014076.,Burlap.,burlap,http://vocab.getty.edu/aat/300014076
ZKXXG9FB,http://vocab.getty.edu/aat/300014076.,Burlap.,burlap,http://vocab.getty.edu/aat/300014076
AWWV23WS,http://vocab.getty.edu/aat/300014078.,Canvas (textile material),canvas-textile-material,http://vocab.getty.edu/aat/300014078
DRXZALEB,http://vocab.getty.edu/aat/300014130.,Rag paper.,rag-paper,http://vocab.getty.edu/aat/300014130
E4NC7U8P,http://vocab.getty.edu/aat/300014145.,Tissue paper.,tissue-paper,http://vocab.getty.edu/aat/300014145
PZ4SHSWT,http://vocab.getty.edu/aat/300014145.,Tissue paper.,tissue-paper,http://vocab.getty.edu/aat/300014145
2W368KM7,http://vocab.getty.edu/aat/300014224.,Cardboard.,cardboard,http://vocab.getty.edu/aat/300014224
8NUHR3R2,http://vocab.getty.edu/aat/300014224.,Cardboard.,cardboard,http://vocab.getty.edu/aat/300014224
BRL4VTNW,http://vocab.getty.edu/aat/300014224.,Cardboard.,cardboard,http://vocab.getty.edu/aat/300014224
EC55TB6L,http://vocab.getty.edu/aat/300014224.,Cardboard.,cardboard,http://vocab.getty.edu/aat/300014224
DFMDL54I,http://vocab.getty.edu/aat/300014247.,Cord (fiber product),cord-fiber-product,http://vocab.getty.edu/aat/300014247
PZ4SHSWT,http://vocab.getty.edu/aat/300014247.,Cord (fiber product),cord-fiber-product,http://vocab.getty.edu/aat/300014247
8NUHR3R2,http://vocab.getty.edu/aat/300014249.,String (fiber product),string-fiber-product,http://vocab.getty.edu/aat/300014249
G2SRVX4C,http://vocab.getty.edu/aat/300014252.,Yarn.,yarn,http://vocab.getty.edu/aat/300014252
ZNYNAY55,http://vocab.getty.edu/aat/300014252.,Yarn.,yarn,http://vocab.getty.edu/aat/300014252
N49LT8RV,http://vocab.getty.edu/aat/300014341.,Sand.,sand,http://vocab.getty.edu/aat/300014341
ZKXXG9FB,http://vocab.getty.edu/aat/300014341.,Sand.,sand,http://vocab.getty.edu/aat/300014341
7DW84IIA,http://vocab.getty.edu/aat/300014614.,Blocks (shaped masses),blocks-shaped-masses,http://vocab.getty.edu/aat/300014614
Q5WDSUDE,http://vocab.getty.edu/aat/300014634.,Dowels.,dowels,http://vocab.getty.edu/aat/300014634
C8TR84N6,http://vocab.getty.edu/aat/300014668.,Ribbon (material),ribbon-material,http://vocab.getty.edu/aat/300014668
CHCWV92Y,http://vocab.getty.edu/aat/300014668.,Ribbon (material),ribbon-material,http://vocab.getty.edu/aat/300014668
L4G5UQCN,http://vocab.getty.edu/aat/300014681.,Sticks (object genre),sticks-object-genre,http://vocab.getty.edu/aat/300014681
599Q83FU,http://vocab.getty.edu/aat/300015577.,Foldouts.,foldouts,http://vocab.getty.edu/aat/300015577
6V69IY9S,http://vocab.getty.edu/aat/300015643,Reproductions.,reproductions,http://vocab.getty.edu/aat/300015643
2ESZCICC,http://vocab.getty.edu/aat/300015643.,Reproductions.,reproductions,http://vocab.getty.edu/aat/300015643
2QNSW6ZQ,http://vocab.getty.edu/aat/300015643.,Reproductions.,reproductions,http://vocab.getty.edu/aat/300015643
472UVSQJ,http://vocab.getty.edu/aat/300015643.,Reproductions.,reproductions,http://vocab.getty.edu/aat/300015643
47ZJTBFL,http://vocab.getty.edu/aat/300015643.,Reproductions.,reproductions,http://vocab.getty.edu/aat/300015643
4WKVE9BM,http://vocab.getty.edu/aat/300015643.,Reproductions.,reproductions,http://vocab.getty.edu/aat/300015643
6737PUWR,http://vocab.getty.edu/aat/300015643.,Reproductions.,reproductions,http://vocab.getty.edu/aat/300015643
73EWQZPU,http://vocab.getty.edu/aat/300015643.,Reproductions.,reproductions,http://vocab.getty.edu/aat/300015643
7C9M9869,http://vocab.getty.edu/aat/300015643.,Reproductions.,reproductions,http://vocab.getty.edu/aat/300015643
8QB6LCXG,http://vocab.getty.edu/aat/300015643.,Reproductions.,reproductions,http://vocab.getty.edu/aat/300015643
AMG5ECK3,http://vocab.getty.edu/aat/300015643.,Reproductions.,reproductions,http://vocab.getty.edu/aat/300015643
C28V5V2P,http://vocab.getty.edu/aat/300015643.,Reproductions.,reproductions,http://vocab.getty.edu/aat/300015643
D45AXF2V,http://vocab.getty.edu/aat/300015643.,Reproductions.,reproductions,http://vocab.getty.edu/aat/300015643
EPQQ2T88,http://vocab.getty.edu/aat/300015643.,Reproductions.,reproductions,http://vocab.getty.edu/aat/300015643
GCZHKU79,http://vocab.getty.edu/aat/300015643.,Reproductions.,reproductions,http://vocab.getty.edu/aat/300015643
HMLZTNQ3,http://vocab.getty.edu/aat/300015643.,Reproductions.,reproductions,http://vocab.getty.edu/aat/300015643
J9YJ78QT,http://vocab.getty.edu/aat/300015643.,Reproductions.,reproductions,http://vocab.getty.edu/aat/300015643
JYUWRRLQ,http://vocab.getty.edu/aat/300015643.,Reproductions.,reproductions,http://vocab.getty.edu/aat/300015643
MX2RPR5W,http://vocab.getty.edu/aat/300015643.,Reproductions.,reproductions,http://vocab.getty.edu/aat/300015643
NAPBSUMV,http://vocab.getty.edu/aat/300015643.,Reproductions.,reproductions,http://vocab.getty.edu/aat/300015643
NNA4PECP,http://vocab.getty.edu/aat/300015643.,Reproductions.,reproductions,http://vocab.getty.edu/aat/300015643
Q9XSKPSI,http://vocab.getty.edu/aat/300015643.,Reproductions.,reproductions,http://vocab.getty.edu/aat/300015643
RBWHALLR,http://vocab.getty.edu/aat/300015643.,Reproductions.,reproductions,http://vocab.getty.edu/aat/300015643
SFGHX4A2,http://vocab.getty.edu/aat/300015643.,Reproductions.,reproductions,http://vocab.getty.edu/aat/300015643
SU9HR2K8,http://vocab.getty.edu/aat/300015643.,Reproductions.,reproductions,http://vocab.getty.edu/aat/300015643
TRWNZTVH,http://vocab.getty.edu/aat/300015643.,Reproductions.,reproductions,http://vocab.getty.edu/aat/300015643
UXASMGN2,http://vocab.getty.edu/aat/300015643.,Reproductions.,reproductions,http://vocab.getty.edu/aat/300015643
V4ZMRT76,http://vocab.getty.edu/aat/300015643.,Reproductions.,reproductions,http://vocab.getty.edu/aat/300015643
VXW9R5H7,http://vocab.getty.edu/aat/300015643.,Reproductions.,reproductions,http://vocab.getty.edu/aat/300015643
XDPTLZ37,http://vocab.getty.edu/aat/300015643.,Reproductions.,reproductions,http://vocab.getty.edu/aat/300015643
XTEKTU47,http://vocab.getty.edu/aat/300015643.,Reproductions.,reproductions,http://vocab.getty.edu/aat/300015643
YIYHHXVY,http://vocab.getty.edu/aat/300015643.,Reproductions.,reproductions,http://vocab.getty.edu/aat/300015643
YT75V57M,http://vocab.getty.edu/aat/300015643.,Reproductions.,reproductions,http://vocab.getty.edu/aat/300015643
ZSECXMU8,http://vocab.getty.edu/aat/300015643.,Reproductions.,reproductions,http://vocab.getty.edu/aat/300015643
ISBJ56W6,http://vocab.getty.edu/aat/300022187.,Neo-Dada.,neo-dada,http://vocab.getty.edu/aat/300022187
7DW84IIA,http://vocab.getty.edu/aat/300024549.,Magnets.,magnets,http://vocab.getty.edu/aat/300024549
LMQQPHN9,http://vocab.getty.edu/aat/300026059.,Catalogs (documents),catalogs-documents,http://vocab.getty.edu/aat/300026059
LMQQPHN9,http://vocab.getty.edu/aat/300026096.,Exhibition catalogs.,exhibition-catalogs,http://vocab.getty.edu/aat/300026096
DLRQLDD5,http://vocab.getty.edu/aat/300026819.,Picture postcards.,picture-postcards,http://vocab.getty.edu/aat/300026819
T5K32G4A,http://vocab.getty.edu/aat/300026819.,Picture postcards.,picture-postcards,http://vocab.getty.edu/aat/300026819
URAFUIAI,http://vocab.getty.edu/aat/300028577.,Typescripts.,typescripts,http://vocab.getty.edu/aat/300028577
KELDNJCP,http://vocab.getty.edu/aat/300028629.,Scrolls (information artifacts),scrolls-information-artifacts,http://vocab.getty.edu/aat/300028629
SSXVVYVE,http://vocab.getty.edu/aat/300028629.,Scrolls (information artifacts),scrolls-information-artifacts,http://vocab.getty.edu/aat/300028629
URAFUIAI,http://vocab.getty.edu/aat/300028629.,Scrolls (information artifacts),scrolls-information-artifacts,http://vocab.getty.edu/aat/300028629
6C2P9MX4,http://vocab.getty.edu/aat/300028705.,Signatures (names),signatures-names,http://vocab.getty.edu/aat/300028705
8XT6HJSL,http://vocab.getty.edu/aat/300028882.,Erotica.,erotica,http://vocab.getty.edu/aat/300028882
2W368KM7,http://vocab.getty.edu/aat/300033565.,Nails (fasteners),nails-fasteners,http://vocab.getty.edu/aat/300033565
6V69IY9S,http://vocab.getty.edu/aat/300033618,Paintings (visual works),paintings-visual-works,http://vocab.getty.edu/aat/300033618
EPQQ2T88,http://vocab.getty.edu/aat/300033618,Paintings (visual works),paintings-visual-works,http://vocab.getty.edu/aat/300033618
HMLZTNQ3,http://vocab.getty.edu/aat/300033618,Paintings (visual works),paintings-visual-works,http://vocab.getty.edu/aat/300033618
NAPBSUMV,http://vocab.getty.edu/aat/300033618,Paintings (visual works),paintings-visual-works,http://vocab.getty.edu/aat/300033618
YT75V57M,http://vocab.getty.edu/aat/300033618,Paintings (visual works),paintings-visual-works,http://vocab.getty.edu/aat/300033618
2ESZCICC,http://vocab.getty.edu/aat/300033618.,Paintings (visual works),paintings-visual-works,http://vocab.getty.edu/aat/300033618
2QNSW6ZQ,http://vocab.getty.edu/aat/300033618.,Paintings (visual works),paintings-visual-works,http://vocab.getty.edu/aat/300033618
472UVSQJ,http://vocab.getty.edu/aat/300033618.,Paintings (visual works),paintings-visual-works,http://vocab.getty.edu/aat/300033618
4WKVE9BM,http://vocab.getty.edu/aat/300033618.,Paintings (visual works),paintings-visual-works,http://vocab.getty.edu/aat/300033618
73EWQZPU,http://vocab.getty.edu/aat/300033618.,Paintings (visual works),paintings-visual-works,http://vocab.getty.edu/aat/300033618
7C9M9869,http://vocab.getty.edu/aat/300033618.,Paintings (visual works),paintings-visual-works,http://vocab.getty.edu/aat/300033618
8QB6LCXG,http://vocab.getty.edu/aat/300033618.,Paintings (visual works),paintings-visual-works,http://vocab.getty.edu/aat/300033618
C28V5V2P,http://vocab.getty.edu/aat/300033618.,Paintings (visual works),paintings-visual-works,http://vocab.getty.edu/aat/300033618
D45AXF2V,http://vocab.getty.edu/aat/300033618.,Paintings (visual works),paintings-visual-works,http://vocab.getty.edu/aat/300033618
JYUWRRLQ,http://vocab.getty.edu/aat/300033618.,Paintings (visual works),paintings-visual-works,http://vocab.getty.edu/aat/300033618
NNA4PECP,http://vocab.getty.edu/aat/300033618.,Paintings (visual works),paintings-visual-works,http://vocab.getty.edu/aat/300033618
Q9XSKPSI,http://vocab.getty.edu/aat/300033618.,Paintings (visual works),paintings-visual-works,http://vocab.getty.edu/aat/300033618
SFGHX4A2,http://vocab.getty.edu/aat/300033618.,Paintings (visual works),paintings-visual-works,http://vocab.getty.edu/aat/300033618
TRWNZTVH,http://vocab.getty.edu/aat/300033618.,Paintings (visual works),paintings-visual-works,http://vocab.getty.edu/aat/300033618
VXW9R5H7,http://vocab.getty.edu/aat/300033618.,Paintings (visual works),paintings-visual-works,http://vocab.getty.edu/aat/300033618
XDPTLZ37,http://vocab.getty.edu/aat/300033618.,Paintings (visual works),paintings-visual-works,http://vocab.getty.edu/aat/300033618
XTEKTU47,http://vocab.getty.edu/aat/300033618.,Paintings (visual works),paintings-visual-works,http://vocab.getty.edu/aat/300033618
YIYHHXVY,http://vocab.getty.edu/aat/300033618.,Paintings (visual works),paintings-visual-works,http://vocab.getty.edu/aat/300033618
ZSECXMU8,http://vocab.getty.edu/aat/300033618.,Paintings (visual works),paintings-visual-works,http://vocab.getty.edu/aat/300033618
SIGA9FCB,http://vocab.getty.edu/aat/300033963.,Collages (visual works),collages-visual-works,http://vocab.getty.edu/aat/300033963
47ZJTBFL,http://vocab.getty.edu/aat/300033973,Drawings (visual works),drawings-visual-works,http://vocab.getty.edu/aat/300033973
AMG5ECK3,http://vocab.getty.edu/aat/300033973,Drawings (visual works),drawings-visual-works,http://vocab.getty.edu/aat/300033973
MX2RPR5W,http://vocab.getty.edu/aat/300033973,Drawings (visual works),drawings-visual-works,http://vocab.getty.edu/aat/300033973
SU9HR2K8,http://vocab.getty.edu/aat/300033973,Drawings (visual works),drawings-visual-works,http://vocab.getty.edu/aat/300033973
UXASMGN2,http://vocab.getty.edu/aat/300033973,Drawings (visual works),drawings-visual-works,http://vocab.getty.edu/aat/300033973
LCVLCX9S,http://vocab.getty.edu/aat/300036363.,Fasteners.,fasteners,http://vocab.getty.edu/aat/300036363
V2IGD5GP,http://vocab.getty.edu/aat/300036449.,Thumbtacks.,thumbtacks,http://vocab.getty.edu/aat/300036449
8NUHR3R2,http://vocab.getty.edu/aat/300041273.,Prints (visual works),prints-visual-works,http://vocab.getty.edu/aat/300041273
BJ76PM5H,http://vocab.getty.edu/aat/300041273.,Prints (visual works),prints-visual-works,http://vocab.getty.edu/aat/300041273
FSM3KNIN,http://vocab.getty.edu/aat/300041273.,Prints (visual works),prints-visual-works,http://vocab.getty.edu/aat/300041273
VVJYRH58,http://vocab.getty.edu/aat/300041273.,Prints (visual works),prints-visual-works,http://vocab.getty.edu/aat/300041273
Z2TT2U83,http://vocab.getty.edu/aat/300041273.,Prints (visual works),prints-visual-works,http://vocab.getty.edu/aat/300041273
FVJIGVVJ,http://vocab.getty.edu/aat/300041366.,Aquatints (prints),aquatints-prints,http://vocab.getty.edu/aat/300041366
7DW84IIA,http://vocab.getty.edu/aat/300041379.,Lithographs.,lithographs,http://vocab.getty.edu/aat/300041379
99EMTLY4,http://vocab.getty.edu/aat/300041379.,Lithographs.,lithographs,http://vocab.getty.edu/aat/300041379
CHCWV92Y,http://vocab.getty.edu/aat/300041379.,Lithographs.,lithographs,http://vocab.getty.edu/aat/300041379
99EMTLY4,http://vocab.getty.edu/aat/300041391.,Relief prints.,relief-prints,http://vocab.getty.edu/aat/300041391
ERHIWMLT,http://vocab.getty.edu/aat/300041391.,Relief prints.,relief-prints,http://vocab.getty.edu/aat/300041391
4KEMFYE5,http://vocab.getty.edu/aat/300041393.,Linocuts (prints),linocuts-prints,http://vocab.getty.edu/aat/300041393
99EMTLY4,http://vocab.getty.edu/aat/300041393.,Linocuts (prints),linocuts-prints,http://vocab.getty.edu/aat/300041393
CWABV6X4,http://vocab.getty.edu/aat/300041393.,Linocuts (prints),linocuts-prints,http://vocab.getty.edu/aat/300041393
ILIBVN2K,http://vocab.getty.edu/aat/300041393.,Linocuts (prints),linocuts-prints,http://vocab.getty.edu/aat/300041393
IT4RYKPH,http://vocab.getty.edu/aat/300041393.,Linocuts (prints),linocuts-prints,http://vocab.getty.edu/aat/300041393
KDK4CKHQ,http://vocab.getty.edu/aat/300041393.,Linocuts (prints),linocuts-prints,http://vocab.getty.edu/aat/300041393
NEIV6P5W,http://vocab.getty.edu/aat/300041393.,Linocuts (prints),linocuts-prints,http://vocab.getty.edu/aat/300041393
SINBPBSF,http://vocab.getty.edu/aat/300041393.,Linocuts (prints),linocuts-prints,http://vocab.getty.edu/aat/300041393
SSXVVYVE,http://vocab.getty.edu/aat/300041393.,Linocuts (prints),linocuts-prints,http://vocab.getty.edu/aat/300041393
YZ2PU6X5,http://vocab.getty.edu/aat/300041393.,Linocuts (prints),linocuts-prints,http://vocab.getty.edu/aat/300041393
99EMTLY4,http://vocab.getty.edu/aat/300041405.,Woodcuts (prints),woodcuts-prints,http://vocab.getty.edu/aat/300041405
DP8P7RWF,http://vocab.getty.edu/aat/300041405.,Woodcuts (prints),woodcuts-prints,http://vocab.getty.edu/aat/300041405
KUV6NXNS,http://vocab.getty.edu/aat/300041405.,Woodcuts (prints),woodcuts-prints,http://vocab.getty.edu/aat/300041405
7AB3HMG7,http://vocab.getty.edu/aat/300041523.,Embossed prints.,embossed-prints,http://vocab.getty.edu/aat/300041523
DRXZALEB,http://vocab.getty.edu/aat/300041523.,Embossed prints.,embossed-prints,http://vocab.getty.edu/aat/300041523
99EMTLY4,http://vocab.getty.edu/aat/300045627.,Bottles.,bottles,http://vocab.getty.edu/aat/300045627
2W368KM7,http://vocab.getty.edu/aat/300045643.,Boxes (containers),boxes-containers,http://vocab.getty.edu/aat/300045643
C8TR84N6,http://vocab.getty.edu/aat/300045643.,Boxes (containers),boxes-containers,http://vocab.getty.edu/aat/300045643
D6SIT9CG,http://vocab.getty.edu/aat/300045643.,Boxes (containers),boxes-containers,http://vocab.getty.edu/aat/300045643
Q5WDSUDE,http://vocab.getty.edu/aat/300045643.,Boxes (containers),boxes-containers,http://vocab.getty.edu/aat/300045643
ITG942QS,http://vocab.getty.edu/aat/300045657.,Cans (containers),cans-containers,http://vocab.getty.edu/aat/300045657
7DW84IIA,http://vocab.getty.edu/aat/300045659.,Cases (containers),cases-containers,http://vocab.getty.edu/aat/300045659
BJ76PM5H,http://vocab.getty.edu/aat/300046300.,Photographs.,photographs,http://vocab.getty.edu/aat/300046300
6737PUWR,http://vocab.getty.edu/aat/300047090,Sculpture (visual works),sculpture-visual-works,http://vocab.getty.edu/aat/300047090
GCZHKU79,http://vocab.getty.edu/aat/300047090,Sculpture (visual works),sculpture-visual-works,http://vocab.getty.edu/aat/300047090
YIBDNVPM,http://vocab.getty.edu/aat/300053087.,Destruction (process),destruction-process,http://vocab.getty.edu/aat/300053087
FVJIGVVJ,http://vocab.getty.edu/aat/300053228.,Drypoint (printing process),drypoint-printing-process,http://vocab.getty.edu/aat/300053228
FVJIGVVJ,http://vocab.getty.edu/aat/300053241.,Etching (printing process),etching-printing-process,http://vocab.getty.edu/aat/300053241
C8TR84N6,http://vocab.getty.edu/aat/300053275.,Photolithography.,photolithography,http://vocab.getty.edu/aat/300053275
AWWV23WS,http://vocab.getty.edu/aat/300053281.,Screen printing.,screen-printing,http://vocab.getty.edu/aat/300053281
C8TR84N6,http://vocab.getty.edu/aat/300053281.,Screen printing.,screen-printing,http://vocab.getty.edu/aat/300053281
QKXVZ4DQ,http://vocab.getty.edu/aat/300053281.,Screen printing.,screen-printing,http://vocab.getty.edu/aat/300053281
HQ822BU9,http://vocab.getty.edu/aat/300053289.,Block printing (relief printing process),block-printing-relief-printing-process,http://vocab.getty.edu/aat/300053289
M7UNWI63,http://vocab.getty.edu/aat/300053289.,Block printing (relief printing process),block-printing-relief-printing-process,http://vocab.getty.edu/aat/300053289
YHE9JZF7,http://vocab.getty.edu/aat/300053289.,Block printing (relief printing process),block-printing-relief-printing-process,http://vocab.getty.edu/aat/300053289
39BHSX9B,http://vocab.getty.edu/aat/300053324.,Overprinting.,overprinting,http://vocab.getty.edu/aat/300053324
CWABV6X4,http://vocab.getty.edu/aat/300053436.,Pochoir (technique),pochoir-technique,http://vocab.getty.edu/aat/300053436
SWP5DNW2,http://vocab.getty.edu/aat/300053436.,Pochoir (technique),pochoir-technique,http://vocab.getty.edu/aat/300053436
J7MTRLGR,http://vocab.getty.edu/aat/300055931.,Poetry.,poetry,http://vocab.getty.edu/aat/300055931
YZ2PU6X5,http://vocab.getty.edu/aat/300055931.,Poetry.,poetry,http://vocab.getty.edu/aat/300055931
ZF3UJ73X,http://vocab.getty.edu/aat/300055932.,Concrete poetry.,concrete-poetry,http://vocab.getty.edu/aat/300055932
BPQ5N37H,http://vocab.getty.edu/aat/300056219.,Translucency.,translucency,http://vocab.getty.edu/aat/300056219
RCSBNLUB,http://vocab.getty.edu/aat/300056219.,Translucency.,translucency,http://vocab.getty.edu/aat/300056219
YM7KRFGQ,http://vocab.getty.edu/aat/300056219.,Translucency.,translucency,http://vocab.getty.edu/aat/300056219
32FH4LTM,http://vocab.getty.edu/aat/300068579.,Cut-paper work.,cut-paper-work,http://vocab.getty.edu/aat/300068579
4BPI6G2J,http://vocab.getty.edu/aat/300068579.,Cut-paper work.,cut-paper-work,http://vocab.getty.edu/aat/300068579
4VQMM7CD,http://vocab.getty.edu/aat/300068579.,Cut-paper work.,cut-paper-work,http://vocab.getty.edu/aat/300068579
86XH2LCF,http://vocab.getty.edu/aat/300068579.,Cut-paper work.,cut-paper-work,http://vocab.getty.edu/aat/300068579
AGU78B2Q,http://vocab.getty.edu/aat/300068579.,Cut-paper work.,cut-paper-work,http://vocab.getty.edu/aat/300068579
CWABV6X4,http://vocab.getty.edu/aat/300068579.,Cut-paper work.,cut-paper-work,http://vocab.getty.edu/aat/300068579
H3PKBBDY,http://vocab.getty.edu/aat/300068579.,Cut-paper work.,cut-paper-work,http://vocab.getty.edu/aat/300068579
HZYPBN6W,http://vocab.getty.edu/aat/300068579.,Cut-paper work.,cut-paper-work,http://vocab.getty.edu/aat/300068579
ID6CVTS7,http://vocab.getty.edu/aat/300068579.,Cut-paper work.,cut-paper-work,http://vocab.getty.edu/aat/300068579
IGQAAHAS,http://vocab.getty.edu/aat/300068579.,Cut-paper work.,cut-paper-work,http://vocab.getty.edu/aat/300068579
KVE8M4XD,http://vocab.getty.edu/aat/300068579.,Cut-paper work.,cut-paper-work,http://vocab.getty.edu/aat/300068579
X79CB8BP,http://vocab.getty.edu/aat/300068579.,Cut-paper work.,cut-paper-work,http://vocab.getty.edu/aat/300068579
U5ALJUNN,http://vocab.getty.edu/aat/300100194.,Line drawings (drawings),line-drawings-drawings,http://vocab.getty.edu/aat/300100194
B8VL75MF,http://vocab.getty.edu/aat/300121295.,Limited editions.,limited-editions,http://vocab.getty.edu/aat/300121295
PSPHWMIM,http://vocab.getty.edu/aat/300121295.,Limited editions.,limited-editions,http://vocab.getty.edu/aat/300121295
3P75FBKY,http://vocab.getty.edu/aat/300123016.,Artists' books (books),artists-books-books,http://vocab.getty.edu/aat/300123016
3YW88G5W,http://vocab.getty.edu/aat/300123016.,Artists' books (books),artists-books-books,http://vocab.getty.edu/aat/300123016
43CVMICH,http://vocab.getty.edu/aat/300123016.,Artists' books (books),artists-books-books,http://vocab.getty.edu/aat/300123016
6L3JZ96S,http://vocab.getty.edu/aat/300123016.,Artists' books (books),artists-books-books,http://vocab.getty.edu/aat/300123016
7B2F97TD,http://vocab.getty.edu/aat/300123016.,Artists' books (books),artists-books-books,http://vocab.getty.edu/aat/300123016
7DU84Q8C,http://vocab.getty.edu/aat/300123016.,Artists' books (books),artists-books-books,http://vocab.getty.edu/aat/300123016
7DW84IIA,http://vocab.getty.edu/aat/300123016.,Artists' books (books),artists-books-books,http://vocab.getty.edu/aat/300123016
AZ5YHEIK,http://vocab.getty.edu/aat/300123016.,Artists' books (books),artists-books-books,http://vocab.getty.edu/aat/300123016
BDJ9KE8F,http://vocab.getty.edu/aat/300123016.,Artists' books (books),artists-books-books,http://vocab.getty.edu/aat/300123016
BQZRQGM2,http://vocab.getty.edu/aat/300123016.,Artists' books (books),artists-books-books,http://vocab.getty.edu/aat/300123016
BRL4VTNW,http://vocab.getty.edu/aat/300123016.,Artists' books (books),artists-books-books,http://vocab.getty.edu/aat/300123016
C8TR84N6,http://vocab.getty.edu/aat/300123016.,Artists' books (books),artists-books-books,http://vocab.getty.edu/aat/300123016
GMT66HSU,http://vocab.getty.edu/aat/300123016.,Artists' books (books),artists-books-books,http://vocab.getty.edu/aat/300123016
GURAG9JG,http://vocab.getty.edu/aat/300123016.,Artists' books (books),artists-books-books,http://vocab.getty.edu/aat/300123016
H4UKFQEN,http://vocab.getty.edu/aat/300123016.,Artists' books (books),artists-books-books,http://vocab.getty.edu/aat/300123016
ILIBVN2K,http://vocab.getty.edu/aat/300123016.,Artists' books (books),artists-books-books,http://vocab.getty.edu/aat/300123016
IQSS9I8E,http://vocab.getty.edu/aat/300123016.,Artists' books (books),artists-books-books,http://vocab.getty.edu/aat/300123016
KYI6P6LX,http://vocab.getty.edu/aat/300123016.,Artists' books (books),artists-books-books,http://vocab.getty.edu/aat/300123016
LJRAQL55,http://vocab.getty.edu/aat/300123016.,Artists' books (books),artists-books-books,http://vocab.getty.edu/aat/300123016
LMQQPHN9,http://vocab.getty.edu/aat/300123016.,Artists' books (books),artists-books-books,http://vocab.getty.edu/aat/300123016
LNSUSQ9K,http://vocab.getty.edu/aat/300123016.,Artists' books (books),artists-books-books,http://vocab.getty.edu/aat/300123016
MR4WSLZ2,http://vocab.getty.edu/aat/300123016.,Artists' books (books),artists-books-books,http://vocab.getty.edu/aat/300123016
MZDH5LJI,http://vocab.getty.edu/aat/300123016.,Artists' books (books),artists-books-books,http://vocab.getty.edu/aat/300123016
QIGK743D,http://vocab.getty.edu/aat/300123016.,Artists' books (books),artists-books-books,http://vocab.getty.edu/aat/300123016
RRAI2QGW,http://vocab.getty.edu/aat/300123016.,Artists' books (books),artists-books-books,http://vocab.getty.edu/aat/300123016
U6VVGN47,http://vocab.getty.edu/aat/300123016.,Artists' books (books),artists-books-books,http://vocab.getty.edu/aat/300123016
VZXP6GCM,http://vocab.getty.edu/aat/300123016.,Artists' books (books),artists-books-books,http://vocab.getty.edu/aat/300123016
W44CYWM3,http://vocab.getty.edu/aat/300123016.,Artists' books (books),artists-books-books,http://vocab.getty.edu/aat/300123016
YNQJLSJE,http://vocab.getty.edu/aat/300123016.,Artists' books (books),artists-books-books,http://vocab.getty.edu/aat/300123016
YZ2PU6X5,http://vocab.getty.edu/aat/300123016.,Artists' books (books),artists-books-books,http://vocab.getty.edu/aat/300123016
Z67GHMME,http://vocab.getty.edu/aat/300123016.,Artists' books (books),artists-books-books,http://vocab.getty.edu/aat/300123016
ZF3UJ73X,http://vocab.getty.edu/aat/300123016.,Artists' books (books),artists-books-books,http://vocab.getty.edu/aat/300123016
E4NC7U8P,http://vocab.getty.edu/aat/300124117.,Plant material.,plant-material,http://vocab.getty.edu/aat/300124117
GNV8Z2DV,http://vocab.getty.edu/aat/300127269.,Manipulated photographs.,manipulated-photographs,http://vocab.getty.edu/aat/300127269
S56ZFJZ6,http://vocab.getty.edu/aat/300127269.,Manipulated photographs.,manipulated-photographs,http://vocab.getty.edu/aat/300127269
7DW84IIA,http://vocab.getty.edu/aat/300133032.,Cubes (geometric figures),cubes-geometric-figures,http://vocab.getty.edu/aat/300133032
2W368KM7,http://vocab.getty.edu/aat/300133555.,Hand coloring.,hand-coloring,http://vocab.getty.edu/aat/300133555
QWN46XKR,http://vocab.getty.edu/aat/300134997.,Film stills.,film-stills,http://vocab.getty.edu/aat/300134997
263JJYU2,http://vocab.getty.edu/aat/300138699.,Collage (technique),collage-technique,http://vocab.getty.edu/aat/300138699
2W368KM7,http://vocab.getty.edu/aat/300138699.,Collage (technique),collage-technique,http://vocab.getty.edu/aat/300138699
3DAHFTMR,http://vocab.getty.edu/aat/300138699.,Collage (technique),collage-technique,http://vocab.getty.edu/aat/300138699
3Q5EQVVJ,http://vocab.getty.edu/aat/300138699.,Collage (technique),collage-technique,http://vocab.getty.edu/aat/300138699
3QNPUMQK,http://vocab.getty.edu/aat/300138699.,Collage (technique),collage-technique,http://vocab.getty.edu/aat/300138699
BRAK439D,http://vocab.getty.edu/aat/300138699.,Collage (technique),collage-technique,http://vocab.getty.edu/aat/300138699
DFMDL54I,http://vocab.getty.edu/aat/300138699.,Collage (technique),collage-technique,http://vocab.getty.edu/aat/300138699
E4NC7U8P,http://vocab.getty.edu/aat/300138699.,Collage (technique),collage-technique,http://vocab.getty.edu/aat/300138699
EC55TB6L,http://vocab.getty.edu/aat/300138699.,Collage (technique),collage-technique,http://vocab.getty.edu/aat/300138699
FNNC4NDH,http://vocab.getty.edu/aat/300138699.,Collage (technique),collage-technique,http://vocab.getty.edu/aat/300138699
FVASQX8M,http://vocab.getty.edu/aat/300138699.,Collage (technique),collage-technique,http://vocab.getty.edu/aat/300138699
G2SRVX4C,http://vocab.getty.edu/aat/300138699.,Collage (technique),collage-technique,http://vocab.getty.edu/aat/300138699
GHT2A78E,http://vocab.getty.edu/aat/300138699.,Collage (technique),collage-technique,http://vocab.getty.edu/aat/300138699
IJZRUWSY,http://vocab.getty.edu/aat/300138699.,Collage (technique),collage-technique,http://vocab.getty.edu/aat/300138699
J2Y8TU6U,http://vocab.getty.edu/aat/300138699.,Collage (technique),collage-technique,http://vocab.getty.edu/aat/300138699
K9Q5XIGB,http://vocab.getty.edu/aat/300138699.,Collage (technique),collage-technique,http://vocab.getty.edu/aat/300138699
L4G5UQCN,http://vocab.getty.edu/aat/300138699.,Collage (technique),collage-technique,http://vocab.getty.edu/aat/300138699
L524DZTF,http://vocab.getty.edu/aat/300138699.,Collage (technique),collage-technique,http://vocab.getty.edu/aat/300138699
LGMZNHFR,http://vocab.getty.edu/aat/300138699.,Collage (technique),collage-technique,http://vocab.getty.edu/aat/300138699
LMQQPHN9,http://vocab.getty.edu/aat/300138699.,Collage (technique),collage-technique,http://vocab.getty.edu/aat/300138699
MMUB7EQL,http://vocab.getty.edu/aat/300138699.,Collage (technique),collage-technique,http://vocab.getty.edu/aat/300138699
N49LT8RV,http://vocab.getty.edu/aat/300138699.,Collage (technique),collage-technique,http://vocab.getty.edu/aat/300138699
P3MC8LVE,http://vocab.getty.edu/aat/300138699.,Collage (technique),collage-technique,http://vocab.getty.edu/aat/300138699
PZ4SHSWT,http://vocab.getty.edu/aat/300138699.,Collage (technique),collage-technique,http://vocab.getty.edu/aat/300138699
T5NFCYQV,http://vocab.getty.edu/aat/300138699.,Collage (technique),collage-technique,http://vocab.getty.edu/aat/300138699
TBJA73PF,http://vocab.getty.edu/aat/300138699.,Collage (technique),collage-technique,http://vocab.getty.edu/aat/300138699
TKH4J8QA,http://vocab.getty.edu/aat/300138699.,Collage (technique),collage-technique,http://vocab.getty.edu/aat/300138699
U6KMRMDG,http://vocab.getty.edu/aat/300138699.,Collage (technique),collage-technique,http://vocab.getty.edu/aat/300138699
VT833RRH,http://vocab.getty.edu/aat/300138699.,Collage (technique),collage-technique,http://vocab.getty.edu/aat/300138699
YJZNQ94S,http://vocab.getty.edu/aat/300138699.,Collage (technique),collage-technique,http://vocab.getty.edu/aat/300138699
Z2TT2U83,http://vocab.getty.edu/aat/300138699.,Collage (technique),collage-technique,http://vocab.getty.edu/aat/300138699
ZKXXG9FB,http://vocab.getty.edu/aat/300138699.,Collage (technique),collage-technique,http://vocab.getty.edu/aat/300138699
ZNYNAY55,http://vocab.getty.edu/aat/300138699.,Collage (technique),collage-technique,http://vocab.getty.edu/aat/300138699
SN5C56PQ,http://vocab.getty.edu/aat/300152367.,Chapbooks.,chapbooks,http://vocab.getty.edu/aat/300152367
APSCM9LS,http://vocab.getty.edu/aat/300162056.,Black-and-white photography.,black-and-white-photography,http://vocab.getty.edu/aat/300162056
E4NC7U8P,http://vocab.getty.edu/aat/300162391.,Cloth.,cloth,http://vocab.getty.edu/aat/300162391
J2Y8TU6U,http://vocab.getty.edu/aat/300162391.,Cloth.,cloth,http://vocab.getty.edu/aat/300162391
Q5WDSUDE,http://vocab.getty.edu/aat/300162391.,Cloth.,cloth,http://vocab.getty.edu/aat/300162391
XG34DC37,http://vocab.getty.edu/aat/300163347.,Mixed media.,mixed-media,http://vocab.getty.edu/aat/300163347
4L3ATHTH,http://vocab.getty.edu/aat/300163644.,Deed books.,deed-books,http://vocab.getty.edu/aat/300163644
V4ZMRT76,http://vocab.getty.edu/aat/300177433.,Frescoes (paintings),frescoes-paintings,http://vocab.getty.edu/aat/300177433
Q5WDSUDE,http://vocab.getty.edu/aat/300178463.,Handscrolls.,handscrolls,http://vocab.getty.edu/aat/300178463
48AHMBTH,http://vocab.getty.edu/aat/300178549.,Impressions (prints),impressions-prints,http://vocab.getty.edu/aat/300178549
BXRF7M3U,http://vocab.getty.edu/aat/300178594.,Art photography.,art-photography,http://vocab.getty.edu/aat/300178594
P3WHKGX9,http://vocab.getty.edu/aat/300178594.,Art photography.,art-photography,http://vocab.getty.edu/aat/300178594
7DW84IIA,http://vocab.getty.edu/aat/300178688.,Screen prints.,screen-prints,http://vocab.getty.edu/aat/300178688
7Q6XJGWQ,http://vocab.getty.edu/aat/300178688.,Screen prints.,screen-prints,http://vocab.getty.edu/aat/300178688
99EMTLY4,http://vocab.getty.edu/aat/300178688.,Screen prints.,screen-prints,http://vocab.getty.edu/aat/300178688
9HXSD7R3,http://vocab.getty.edu/aat/300178688.,Screen prints.,screen-prints,http://vocab.getty.edu/aat/300178688
G9JVYCRU,http://vocab.getty.edu/aat/300178688.,Screen prints.,screen-prints,http://vocab.getty.edu/aat/300178688
I7I8XBEX,http://vocab.getty.edu/aat/300178688.,Screen prints.,screen-prints,http://vocab.getty.edu/aat/300178688
NQEINM55,http://vocab.getty.edu/aat/300178688.,Screen prints.,screen-prints,http://vocab.getty.edu/aat/300178688
PCTAHWMM,http://vocab.getty.edu/aat/300178688.,Screen prints.,screen-prints,http://vocab.getty.edu/aat/300178688
PEAVVEJD,http://vocab.getty.edu/aat/300178688.,Screen prints.,screen-prints,http://vocab.getty.edu/aat/300178688
Q7ZK3Y73,http://vocab.getty.edu/aat/300178688.,Screen prints.,screen-prints,http://vocab.getty.edu/aat/300178688
S6WWFPS3,http://vocab.getty.edu/aat/300178688.,Screen prints.,screen-prints,http://vocab.getty.edu/aat/300178688
U3MTCI8Z,http://vocab.getty.edu/aat/300178688.,Screen prints.,screen-prints,http://vocab.getty.edu/aat/300178688
ZU4KHA9D,http://vocab.getty.edu/aat/300178688.,Screen prints.,screen-prints,http://vocab.getty.edu/aat/300178688
2NGLAAYW,http://vocab.getty.edu/aat/300178926.,Letterpress printing.,letterpress-printing,http://vocab.getty.edu/aat/300178926
7UHC8UPQ,http://vocab.getty.edu/aat/300178926.,Letterpress printing.,letterpress-printing,http://vocab.getty.edu/aat/300178926
8UEXGY2S,http://vocab.getty.edu/aat/300178926.,Letterpress printing.,letterpress-printing,http://vocab.getty.edu/aat/300178926
DP8P7RWF,http://vocab.getty.edu/aat/300178926.,Letterpress printing.,letterpress-printing,http://vocab.getty.edu/aat/300178926
ERHIWMLT,http://vocab.getty.edu/aat/300178926.,Letterpress printing.,letterpress-printing,http://vocab.getty.edu/aat/300178926
FVJIGVVJ,http://vocab.getty.edu/aat/300178926.,Letterpress printing.,letterpress-printing,http://vocab.getty.edu/aat/300178926
H5TYFUIU,http://vocab.getty.edu/aat/300178926.,Letterpress printing.,letterpress-printing,http://vocab.getty.edu/aat/300178926
SWP5DNW2,http://vocab.getty.edu/aat/300178926.,Letterpress printing.,letterpress-printing,http://vocab.getty.edu/aat/300178926
4IF8QJ72,http://vocab.getty.edu/aat/300183668.,Construction paper.,construction-paper,http://vocab.getty.edu/aat/300183668
HI6RR8SF,http://vocab.getty.edu/aat/300183668.,Construction paper.,construction-paper,http://vocab.getty.edu/aat/300183668
7UHC8UPQ,http://vocab.getty.edu/aat/300183813.,Hosho.,hosho,http://vocab.getty.edu/aat/300183813
22TSL3K2,http://vocab.getty.edu/aat/300185694.,Sails.,sails,http://vocab.getty.edu/aat/300185694
2B2582MX,http://vocab.getty.edu/aat/300191818.,Handmade.,handmade,http://vocab.getty.edu/aat/300191818
SZBXI3ZB,http://vocab.getty.edu/aat/300191818.,Handmade.,handmade,http://vocab.getty.edu/aat/300191818
6L3JZ96S,http://vocab.getty.edu/aat/300194347.,Visual poetry.,visual-poetry,http://vocab.getty.edu/aat/300194347
V2IGD5GP,http://vocab.getty.edu/aat/300194509.,Bags (generic containers),bags-generic-containers,http://vocab.getty.edu/aat/300194509
Z2TT2U83,http://vocab.getty.edu/aat/300194509.,Bags (generic containers),bags-generic-containers,http://vocab.getty.edu/aat/300194509
RRAI2QGW,http://vocab.getty.edu/aat/300195133.,Book jackets.,book-jackets,http://vocab.getty.edu/aat/300195133
3MWNMK26,http://vocab.getty.edu/aat/300197601.,Envelopes.,envelopes,http://vocab.getty.edu/aat/300197601
DFMDL54I,http://vocab.getty.edu/aat/300197601.,Envelopes.,envelopes,http://vocab.getty.edu/aat/300197601
7DW84IIA,http://vocab.getty.edu/aat/300198929.,Portfolios (containers),portfolios-containers,http://vocab.getty.edu/aat/300198929
CJ6QJUF7,http://vocab.getty.edu/aat/300199780.,Ollas (vessels),ollas-vessels,http://vocab.getty.edu/aat/300199780
6BE8RLEX,http://vocab.getty.edu/aat/300200572.,Folded books.,folded-books,http://vocab.getty.edu/aat/300200572
8UEXGY2S,http://vocab.getty.edu/aat/300200572.,Folded books.,folded-books,http://vocab.getty.edu/aat/300200572
ADNLTPIJ,http://vocab.getty.edu/aat/300200572.,Folded books.,folded-books,http://vocab.getty.edu/aat/300200572
AHZZP9XL,http://vocab.getty.edu/aat/300200572.,Folded books.,folded-books,http://vocab.getty.edu/aat/300200572
BJ76PM5H,http://vocab.getty.edu/aat/300200572.,Folded books.,folded-books,http://vocab.getty.edu/aat/300200572
DNTS73TK,http://vocab.getty.edu/aat/300200572.,Folded books.,folded-books,http://vocab.getty.edu/aat/300200572
DWTPIG26,http://vocab.getty.edu/aat/300200572.,Folded books.,folded-books,http://vocab.getty.edu/aat/300200572
J495JUND,http://vocab.getty.edu/aat/300200572.,Folded books.,folded-books,http://vocab.getty.edu/aat/300200572
JIFQWBJI,http://vocab.getty.edu/aat/300200572.,Folded books.,folded-books,http://vocab.getty.edu/aat/300200572
KHVSQCUG,http://vocab.getty.edu/aat/300200572.,Folded books.,folded-books,http://vocab.getty.edu/aat/300200572
KJJ35ILT,http://vocab.getty.edu/aat/300200572.,Folded books.,folded-books,http://vocab.getty.edu/aat/300200572
MIAE5V4B,http://vocab.getty.edu/aat/300200572.,Folded books.,folded-books,http://vocab.getty.edu/aat/300200572
U6VVGN47,http://vocab.getty.edu/aat/300200572.,Folded books.,folded-books,http://vocab.getty.edu/aat/300200572
VKWNTXMD,http://vocab.getty.edu/aat/300200572.,Folded books.,folded-books,http://vocab.getty.edu/aat/300200572
YITEDFE2,http://vocab.getty.edu/aat/300200572.,Folded books.,folded-books,http://vocab.getty.edu/aat/300200572
DKWD6KQF,http://vocab.getty.edu/aat/300201033.,Flip books.,flip-books,http://vocab.getty.edu/aat/300201033
ILIBVN2K,http://vocab.getty.edu/aat/300201033.,Flip books.,flip-books,http://vocab.getty.edu/aat/300201033
YAVC2X7V,http://vocab.getty.edu/aat/300201033.,Flip books.,flip-books,http://vocab.getty.edu/aat/300201033
263JJYU2,http://vocab.getty.edu/aat/300201034.,Pop-up books.,pop-up-books,http://vocab.getty.edu/aat/300201034
ADNLTPIJ,http://vocab.getty.edu/aat/300201034.,Pop-up books.,pop-up-books,http://vocab.getty.edu/aat/300201034
DKK3M6ZY,http://vocab.getty.edu/aat/300201034.,Pop-up books.,pop-up-books,http://vocab.getty.edu/aat/300201034
SFSKTEUG,http://vocab.getty.edu/aat/300201034.,Pop-up books.,pop-up-books,http://vocab.getty.edu/aat/300201034
USF4PINC,http://vocab.getty.edu/aat/300201034.,Pop-up books.,pop-up-books,http://vocab.getty.edu/aat/300201034
VDHBMPPD,http://vocab.getty.edu/aat/300201034.,Pop-up books.,pop-up-books,http://vocab.getty.edu/aat/300201034
W4A4UHJH,http://vocab.getty.edu/aat/300201034.,Pop-up books.,pop-up-books,http://vocab.getty.edu/aat/300201034
W69DC8CD,http://vocab.getty.edu/aat/300201034.,Pop-up books.,pop-up-books,http://vocab.getty.edu/aat/300201034
2W368KM7,http://vocab.getty.edu/aat/300202344.,Hand binding.,hand-binding,http://vocab.getty.edu/aat/300202344
LNSUSQ9K,http://vocab.getty.edu/aat/300202344.,Hand binding.,hand-binding,http://vocab.getty.edu/aat/300202344
DNIUYM7C,http://vocab.getty.edu/aat/300203177.,Comic books.,comic-books,http://vocab.getty.edu/aat/300203177
FWENDANN,http://vocab.getty.edu/aat/300207379.,Stickers.,stickers,http://vocab.getty.edu/aat/300207379
USF4PINC,http://vocab.getty.edu/aat/300207697.,Movable books.,movable-books,http://vocab.getty.edu/aat/300207697
7DW84IIA,http://vocab.getty.edu/aat/300211072.,Blocks (toys),blocks-toys,http://vocab.getty.edu/aat/300211072
NEIV6P5W,http://vocab.getty.edu/aat/300211178.,Paper dolls.,paper-dolls,http://vocab.getty.edu/aat/300211178
H3PKBBDY,http://vocab.getty.edu/aat/300211392.,Wrappers (book covers),wrappers-book-covers,http://vocab.getty.edu/aat/300211392
3RZ2C63A,http://vocab.getty.edu/aat/300212499.,Shirts (main garments),shirts-main-garments,http://vocab.getty.edu/aat/300212499
99EMTLY4,http://vocab.getty.edu/aat/300216195.,Handkerchiefs.,handkerchiefs,http://vocab.getty.edu/aat/300216195
BJ76PM5H,http://vocab.getty.edu/aat/300216739.,Pockets (bags),pockets-bags,http://vocab.getty.edu/aat/300216739
5VMVZ3JB,http://vocab.getty.edu/aat/300217923.,Packs of cards.,packs-of-cards,http://vocab.getty.edu/aat/300217923
6WP92GL3,http://vocab.getty.edu/aat/300231732.,Printed textile materials.,printed-textile-materials,http://vocab.getty.edu/aat/300231732
USFF56BD,http://vocab.getty.edu/aat/300231732.,Printed textile materials.,printed-textile-materials,http://vocab.getty.edu/aat/300231732
X79CB8BP,http://vocab.getty.edu/aat/300233399.,Die cutting.,die-cutting,http://vocab.getty.edu/aat/300233399
RKNA398D,http://vocab.getty.edu/aat/300233405.,Impressing.,impressing,http://vocab.getty.edu/aat/300233405
ZKXXG9FB,http://vocab.getty.edu/aat/300234006.,Beads (pierced objects),beads-pierced-objects,http://vocab.getty.edu/aat/300234006
4L3ATHTH,http://vocab.getty.edu/aat/300239001.,Stamping (marking),stamping-marking,http://vocab.getty.edu/aat/300239001
UIGDYJFL,http://vocab.getty.edu/aat/300239001.,Stamping (marking),stamping-marking,http://vocab.getty.edu/aat/300239001
ZKXXG9FB,http://vocab.getty.edu/aat/300239307.,Ties (fasteners),ties-fasteners,http://vocab.getty.edu/aat/300239307
22TSL3K2,http://vocab.getty.edu/aat/300247399.,Life preservers.,life-preservers,http://vocab.getty.edu/aat/300247399
FSCM3PV2,http://vocab.getty.edu/aat/300247923.,Folding (process),folding-process,http://vocab.getty.edu/aat/300247923
63G4CRVN,http://vocab.getty.edu/aat/300249275.,Ecological art.,ecological-art,http://vocab.getty.edu/aat/300249275
SWP5DNW2,http://vocab.getty.edu/aat/300251499.,Concrete poems.,concrete-poems,http://vocab.getty.edu/aat/300251499
8KQHRYNE,http://vocab.getty.edu/aat/300252980.,Fanzines.,fanzines,http://vocab.getty.edu/aat/300252980
Z8JS82W4,http://vocab.getty.edu/aat/300252980.,Fanzines.,fanzines,http://vocab.getty.edu/aat/300252980
9N4B4C7A,http://vocab.getty.edu/aat/300253051.,Cords (binding components),cords-binding-components,http://vocab.getty.edu/aat/300253051
39BHSX9B,http://vocab.getty.edu/aat/300253104.,Interleaving.,interleaving,http://vocab.getty.edu/aat/300253104
9INHX9JM,http://vocab.getty.edu/aat/300253366.,Dos-à-dos bindings.,dos-dos-bindings,http://vocab.getty.edu/aat/300253366
XTJAJ37U,http://vocab.getty.edu/aat/300253366.,Dos-à-dos bindings.,dos-dos-bindings,http://vocab.getty.edu/aat/300253366
D6SIT9CG,http://vocab.getty.edu/aat/300255863.,Acetate film.,acetate-film,http://vocab.getty.edu/aat/300255863
ML555VRY,http://vocab.getty.edu/aat/300257224.,Board books.,board-books,http://vocab.getty.edu/aat/300257224
DP8P7RWF,http://vocab.getty.edu/aat/300257370.,Double leaves.,double-leaves,http://vocab.getty.edu/aat/300257370
7AB3HMG7,http://vocab.getty.edu/aat/300257411.,Cutouts.,cutouts,http://vocab.getty.edu/aat/300257411
EC55TB6L,http://vocab.getty.edu/aat/300257411.,Cutouts.,cutouts,http://vocab.getty.edu/aat/300257411
YPJNUVSE,http://vocab.getty.edu/aat/300257411.,Cutouts.,cutouts,http://vocab.getty.edu/aat/300257411
YNQJLSJE,http://vocab.getty.edu/aat/300262844.,Stamps (marks),stamps-marks,http://vocab.getty.edu/aat/300262844
7AB3HMG7,http://vocab.getty.edu/aat/300263000.,Spiral bindings.,spiral-bindings,http://vocab.getty.edu/aat/300263000
B4MRJUTU,http://vocab.getty.edu/aat/300263000.,Spiral bindings.,spiral-bindings,http://vocab.getty.edu/aat/300263000
KAENUH8A,http://vocab.getty.edu/aat/300263000.,Spiral bindings.,spiral-bindings,http://vocab.getty.edu/aat/300263000
YCBUFLK2,http://vocab.getty.edu/aat/300263000.,Spiral bindings.,spiral-bindings,http://vocab.getty.edu/aat/300263000
YFL65QCK,http://vocab.getty.edu/aat/300263000.,Spiral bindings.,spiral-bindings,http://vocab.getty.edu/aat/300263000
YRUBL7EW,http://vocab.getty.edu/aat/300263000.,Spiral bindings.,spiral-bindings,http://vocab.getty.edu/aat/300263000
LKGIJNJ7,http://vocab.getty.edu/aat/300263587.,Coptic bindings.,coptic-bindings,http://vocab.getty.edu/aat/300263587
EQ5SUU2I,http://vocab.getty.edu/aat/300263749.,Cloth books (books),cloth-books-books,http://vocab.getty.edu/aat/300263749
M7UNWI63,http://vocab.getty.edu/aat/300263749.,Cloth books (books),cloth-books-books,http://vocab.getty.edu/aat/300263749
DFMDL54I,http://vocab.getty.edu/aat/300264038.,Crochet (needlework),crochet-needlework,http://vocab.getty.edu/aat/300264038
H3PKBBDY,http://vocab.getty.edu/aat/300264218.,Pamphlet bindings.,pamphlet-bindings,http://vocab.getty.edu/aat/300264218
99EMTLY4,http://vocab.getty.edu/aat/300264640.,Vinylcuts.,vinylcuts,http://vocab.getty.edu/aat/300264640
7NNFWE7D,http://vocab.getty.edu/aat/300264827.,Conceptual.,conceptual,http://vocab.getty.edu/aat/300264827
LMQQPHN9,http://vocab.getty.edu/aat/300264827.,Conceptual.,conceptual,http://vocab.getty.edu/aat/300264827
J9YJ78QT,http://vocab.getty.edu/aat/300265483,Illuminated manuscripts.,illuminated-manuscripts,http://vocab.getty.edu/aat/300265483
7DW84IIA,http://vocab.getty.edu/aat/300265621.,Inkjet prints.,inkjet-prints,http://vocab.getty.edu/aat/300265621
3P75FBKY,http://vocab.getty.edu/aat/300265728.,Photobooks.,photobooks,http://vocab.getty.edu/aat/300265728
Z67GHMME,http://vocab.getty.edu/aat/300265728.,Photobooks.,photobooks,http://vocab.getty.edu/aat/300265728
86S5LEZ5,http://vocab.getty.edu/aat/300266022.,PDF.,pdf,http://vocab.getty.edu/aat/300266022
BDJ9KE8F,http://vocab.getty.edu/aat/300266304.,Rare books.,rare-books,http://vocab.getty.edu/aat/300266304
ZYS8GMX2,http://vocab.getty.edu/aat/300310088.,Broadsheet (format),broadsheet-format,http://vocab.getty.edu/aat/300310088
YZ2PU6X5,http://vocab.getty.edu/aat/300311820.,Illustrated books.,illustrated-books,http://vocab.getty.edu/aat/300311820
M7UNWI63,http://vocab.getty.edu/aat/300312364.,Sacks (generic containers),sacks-generic-containers,http://vocab.getty.edu/aat/300312364
7DW84IIA,http://vocab.getty.edu/aat/300375519.,Kozo (paper),kozo-paper,http://vocab.getty.edu/aat/300375519
HQ822BU9,http://vocab.getty.edu/aat/300375674.,Staple bindings.,staple-bindings,http://vocab.getty.edu/aat/300375674
N2GVS8TH,http://vocab.getty.edu/aat/300375674.,Staple bindings.,staple-bindings,http://vocab.getty.edu/aat/300375674
7DW84IIA,http://vocab.getty.edu/aat/300379073.,Foil stamping.,foil-stamping,http://vocab.getty.edu/aat/300379073
C8TR84N6,http://vocab.getty.edu/aat/300411543.,Handmade paper.,handmade-paper,http://vocab.getty.edu/aat/300411543
H3PKBBDY,http://vocab.getty.edu/aat/300411543.,Handmade paper.,handmade-paper,http://vocab.getty.edu/aat/300411543
QIGK743D,http://vocab.getty.edu/aat/300411543.,Handmade paper.,handmade-paper,http://vocab.getty.edu/aat/300411543
YHE9JZF7,http://vocab.getty.edu/aat/300411543.,Handmade paper.,handmade-paper,http://vocab.getty.edu/aat/300411543
YHE9JZF7,http://vocab.getty.edu/aat/300417532.,Accordion folding.,accordion-folding,http://vocab.getty.edu/aat/300417532
QTA2F867,http://vocab.getty.edu/aat/300417761.,Cloth bindings (bookbindings),cloth-bindings-bookbindings,http://vocab.getty.edu/aat/300417761
SZBXI3ZB,http://vocab.getty.edu/aat/300417761.,Cloth bindings (bookbindings),cloth-bindings-bookbindings,http://vocab.getty.edu/aat/300417761
RRAI2QGW,http://vocab.getty.edu/aat/300422132.,Book slipcases.,book-slipcases,http://vocab.getty.edu/aat/300422132
9N4B4C7A,http://vocab.getty.edu/aat/300429554.,Newspaper clippings.,newspaper-clippings,http://vocab.getty.edu/aat/300429554
99EMTLY4,http://vocab.getty.edu/aat/300435283.,Stencil prints.,stencil-prints,http://vocab.getty.edu/aat/300435283
H3PKBBDY,http://vocab.getty.edu/aat/300438814.,Accordion books.,accordion-books,http://vocab.getty.edu/aat/300438814
KJS25GIV,http://vocab.getty.edu/aat/300438814.,Accordion books.,accordion-books,http://vocab.getty.edu/aat/300438814
QJ4TC2ID,http://vocab.getty.edu/aat/300438814.,Accordion books.,accordion-books,http://vocab.getty.edu/aat/300438814
JZ72H4GX,https://en.homosaurus.org/v4/homoit0000316.,Crossdressers.,crossdressers,https://en.homosaurus.org/v4/homoit0000316
QYRC42SU,https://en.homosaurus.org/v4/homoit0000506.,Gay men.,gay-men,https://en.homosaurus.org/v4/homoit0000506
SWMMFLZY,https://en.homosaurus.org/v4/homoit0001642.,Trans women.,trans-women,https://en.homosaurus.org/v4/homoit0001642
4S9B5FHR,https://homosaurus.org/v4/homoit0000316.,Crossdressers.,crossdressers,https://homosaurus.org/v4/homoit0000316
JAKM68P6,https://homosaurus.org/v4/homoit0000316.,Crossdressers.,crossdressers,https://homosaurus.org/v4/homoit0000316
E4NC7U8P,https://homosaurus.org/v4/homoit0000375.,Drag queens.,drag-queens,https://homosaurus.org/v4/homoit0000375
EQ5SUU2I,https://homosaurus.org/v4/homoit0000387.,Ecofeminism.,ecofeminism,https://homosaurus.org/v4/homoit0000387
H5TYFUIU,https://homosaurus.org/v4/homoit0000436.,FtMs.,ftms,https://homosaurus.org/v4/homoit0000436
PZPPQ3IY,https://homosaurus.org/v4/homoit0000442.,Kinks and fetishes.,kinks-and-fetishes,https://homosaurus.org/v4/homoit0000442
JY2G3WI2,https://homosaurus.org/v4/homoit0000470.,Gay artists.,gay-artists,https://homosaurus.org/v4/homoit0000470
4S9B5FHR,https://homosaurus.org/v4/homoit0000487.,Gay culture.,gay-culture,https://homosaurus.org/v4/homoit0000487
WDBVDSH6,https://homosaurus.org/v4/homoit0000506.,Gay men.,gay-men,https://homosaurus.org/v4/homoit0000506
WDBVDSH6,https://homosaurus.org/v4/homoit0000556.,Lesbians.,lesbians,https://homosaurus.org/v4/homoit0000556
J32J4BL7,https://homosaurus.org/v4/homoit0000571.,Gender identity.,gender-identity,https://homosaurus.org/v4/homoit0000571
WDBVDSH6,https://homosaurus.org/v4/homoit0000646.,Homophobia.,homophobia,https://homosaurus.org/v4/homoit0000646
JKGBHB48,https://homosaurus.org/v4/homoit0000652.,Human rights.,human-rights,https://homosaurus.org/v4/homoit0000652
ATXQXDCM,https://homosaurus.org/v4/homoit0000691.,Kissing.,kissing,https://homosaurus.org/v4/homoit0000691
H5TYFUIU,https://homosaurus.org/v4/homoit0001025.,Mothers of transgender people.,mothers-of-transgender-people,https://homosaurus.org/v4/homoit0001025
DRXZALEB,https://homosaurus.org/v4/homoit0001052.,Nude art.,nude-art,https://homosaurus.org/v4/homoit0001052
5F2VZ9LU,https://homosaurus.org/v4/homoit0001102.,LGBTQ+ performance art.,lgbtq-performance-art,https://homosaurus.org/v4/homoit0001102
5RHV39EB,https://homosaurus.org/v4/homoit0001102.,LGBTQ+ performance art.,lgbtq-performance-art,https://homosaurus.org/v4/homoit0001102
HADBWIV7,https://homosaurus.org/v4/homoit0001102.,LGBTQ+ performance art.,lgbtq-performance-art,https://homosaurus.org/v4/homoit0001102
SBRG6JV3,https://homosaurus.org/v4/homoit0001102.,LGBTQ+ performance art.,lgbtq-performance-art,https://homosaurus.org/v4/homoit0001102
TB7MEV86,https://homosaurus.org/v4/homoit0001102.,LGBTQ+ performance art.,lgbtq-performance-art,https://homosaurus.org/v4/homoit0001102
WUC8KKIX,https://homosaurus.org/v4/homoit0001102.,LGBTQ+ performance art.,lgbtq-performance-art,https://homosaurus.org/v4/homoit0001102
XP9M2U3Q,https://homosaurus.org/v4/homoit0001102.,LGBTQ+ performance art.,lgbtq-performance-art,https://homosaurus.org/v4/homoit0001102
YHJSU6FI,https://homosaurus.org/v4/homoit0001102.,LGBTQ+ performance art.,lgbtq-performance-art,https://homosaurus.org/v4/homoit0001102
2J3IRJKT,https://homosaurus.org/v4/homoit0001128.,Pornography.,pornography,https://homosaurus.org/v4/homoit0001128
9SMP5TFE,https://homosaurus.org/v4/homoit0001261.,Secrecy.,secrecy,https://homosaurus.org/v4/homoit0001261
ID6CVTS7,https://homosaurus.org/v4/homoit0001278.,Sexism.,sexism,https://homosaurus.org/v4/homoit0001278
QWBVCNWR,https://homosaurus.org/v4/homoit0001285.,Sexual assault.,sexual-assault,https://homosaurus.org/v4/homoit0001285
UI8JLRTB,https://homosaurus.org/v4/homoit0001285.,Sexual assault.,sexual-assault,https://homosaurus.org/v4/homoit0001285
VDUDK9C2,https://homosaurus.org/v4/homoit0001285.,Sexual assault.,sexual-assault,https://homosaurus.org/v4/homoit0001285
SHRS7HZI,https://homosaurus.org/v4/homoit0001293.,Sexual harassment.,sexual-harassment,https://homosaurus.org/v4/homoit0001293
892IYWX3,https://homosaurus.org/v4/homoit0001299.,Sexual practices.,sexual-practices,https://homosaurus.org/v4/homoit0001299
7NHCK9MP,https://homosaurus.org/v4/homoit0001321.,Social media.,social-media,https://homosaurus.org/v4/homoit0001321
AA4X6M4H,https://homosaurus.org/v4/homoit0001321.,Social media.,social-media,https://homosaurus.org/v4/homoit0001321
PGTZE33H,https://homosaurus.org/v4/homoit0001321.,Social media.,social-media,https://homosaurus.org/v4/homoit0001321
PJ6HW6XE,https://homosaurus.org/v4/homoit0001321.,Social media.,social-media,https://homosaurus.org/v4/homoit0001321
IT9YAY5Z,https://homosaurus.org/v4/homoit0001322.,Social movements.,social-movements,https://homosaurus.org/v4/homoit0001322
Z9BRVCMX,https://homosaurus.org/v4/homoit0001322.,Social movements.,social-movements,https://homosaurus.org/v4/homoit0001322
4S9B5FHR,https://homosaurus.org/v4/homoit0001378.,Transgender people.,transgender-people,https://homosaurus.org/v4/homoit0001378
H5TYFUIU,https://homosaurus.org/v4/homoit0001378.,Transgender people.,transgender-people,https://homosaurus.org/v4/homoit0001378
J32J4BL7,https://homosaurus.org/v4/homoit0001378.,Transgender people.,transgender-people,https://homosaurus.org/v4/homoit0001378
4S9B5FHR,https://homosaurus.org/v4/homoit0001381.,Transsexual people.,transsexual-people,https://homosaurus.org/v4/homoit0001381
J32J4BL7,https://homosaurus.org/v4/homoit0001381.,Transsexual people.,transsexual-people,https://homosaurus.org/v4/homoit0001381
H5TYFUIU,https://homosaurus.org/v4/homoit0001390.,Transgender artists.,transgender-artists,https://homosaurus.org/v4/homoit0001390
H5TYFUIU,https://homosaurus.org/v4/homoit0001415.,Transgender identity.,transgender-identity,https://homosaurus.org/v4/homoit0001415
H5TYFUIU,https://homosaurus.org/v4/homoit0001465.,Transitioning (Gender),transitioning-gender,https://homosaurus.org/v4/homoit0001465
GHT2A78E,https://homosaurus.org/v4/homoit0001488.,Vagina.,vagina,https://homosaurus.org/v4/homoit0001488
H5TYFUIU,https://homosaurus.org/v4/homoit0001643.,Trans men.,trans-men,https://homosaurus.org/v4/homoit0001643
QJ4TC2ID,https://homosaurus.org/v4/homoit0002398.,Black Lives Matter movement.,black-lives-matter-movement,https://homosaurus.org/v4/homoit0002398
5BTUNLK2,https://homosaurus.org/v4/homoit0002579.,LGBTQ+ erotic art.,lgbtq-erotic-art,https://homosaurus.org/v4/homoit0002579
8XT6HJSL,https://homosaurus.org/v4/homoit0002579.,LGBTQ+ erotic art.,lgbtq-erotic-art,https://homosaurus.org/v4/homoit0002579
R2K32DGP,https://homosaurus.org/v4/homoit0002579.,LGBTQ+ erotic art.,lgbtq-erotic-art,https://homosaurus.org/v4/homoit0002579
2UJ7NMBM,https://id.kb.se/term/ktg/NonFictionLiterature,Ej skönlitteratur,ej-sk-nlitteratur,https://id.kb.se/term/ktg/NonFictionLiterature
5GHN94A7,https://id.kb.se/term/ktg/NonFictionLiterature,Ej skönlitteratur,ej-sk-nlitteratur,https://id.kb.se/term/ktg/NonFictionLiterature
5QRC3Q24,https://id.kb.se/term/ktg/NonFictionLiterature,Ej skönlitteratur,ej-sk-nlitteratur,https://id.kb.se/term/ktg/NonFictionLiterature
6VZZFQF3,https://id.kb.se/term/ktg/NonFictionLiterature,Ej skönlitteratur,ej-sk-nlitteratur,https://id.kb.se/term/ktg/NonFictionLiterature
8WVNGZ5X,https://id.kb.se/term/ktg/NonFictionLiterature,Ej skönlitteratur,ej-sk-nlitteratur,https://id.kb.se/term/ktg/NonFictionLiterature
DR4T7ANM,https://id.kb.se/term/ktg/NonFictionLiterature,Ej skönlitteratur,ej-sk-nlitteratur,https://id.kb.se/term/ktg/NonFictionLiterature
F7B8654B,https://id.kb.se/term/ktg/NonFictionLiterature,Ej skönlitteratur,ej-sk-nlitteratur,https://id.kb.se/term/ktg/NonFictionLiterature
FD64WRST,https://id.kb.se/term/ktg/NonFictionLiterature,Ej skönlitteratur,ej-sk-nlitteratur,https://id.kb.se/term/ktg/NonFictionLiterature
KYJYGYRJ,https://id.kb.se/term/ktg/NonFictionLiterature,Ej skönlitteratur,ej-sk-nlitteratur,https://id.kb.se/term/ktg/NonFictionLiterature
LSKMAIR3,https://id.kb.se/term/ktg/NonFictionLiterature,Ej skönlitteratur,ej-sk-nlitteratur,https://id.kb.se/term/ktg/NonFictionLiterature
N3HLAT3X,https://id.kb.se/term/ktg/NonFictionLiterature,Ej skönlitteratur,ej-sk-nlitteratur,https://id.kb.se/term/ktg/NonFictionLiterature
QDADAYD2,https://id.kb.se/term/ktg/NonFictionLiterature,Ej skönlitteratur,ej-sk-nlitteratur,https://id.kb.se/term/ktg/NonFictionLiterature
RVUGMNC9,https://id.kb.se/term/ktg/NonFictionLiterature,Ej skönlitteratur,ej-sk-nlitteratur,https://id.kb.se/term/ktg/NonFictionLiterature
XD6Z2LXZ,https://id.kb.se/term/ktg/NonFictionLiterature,Ej skönlitteratur,ej-sk-nlitteratur,https://id.kb.se/term/ktg/NonFictionLiterature
IBS8ARZ8,https://id.kb.se/term/sao/Anarkism,Anarkism,anarkism,https://id.kb.se/term/sao/Anarkism
FD64WRST,https://id.kb.se/term/sao/Artists%27%20books,Artists' books,artists-books,https://id.kb.se/term/sao/Artists%27%20books
LSKMAIR3,https://id.kb.se/term/sao/Handel,Handel,handel,https://id.kb.se/term/sao/Handel
NTUXCVHF,https://id.kb.se/term/sao/Hemligheter,Hemligheter,hemligheter,https://id.kb.se/term/sao/Hemligheter
IBS8ARZ8,https://id.kb.se/term/sao/Kapitalism,Kapitalism,kapitalism,https://id.kb.se/term/sao/Kapitalism
KYJYGYRJ,https://id.kb.se/term/sao/Konst,Konst,konst,https://id.kb.se/term/sao/Konst
KYJYGYRJ,https://id.kb.se/term/sao/Konstn%C3%A4rer,Konstnärer,konstn-rer,https://id.kb.se/term/sao/Konstn%C3%A4rer
NTUXCVHF,https://id.kb.se/term/sao/Kvinnor,Kvinnor,kvinnor,https://id.kb.se/term/sao/Kvinnor
KYJYGYRJ,https://id.kb.se/term/sao/Modern%20konst,Modern konst,modern-konst,https://id.kb.se/term/sao/Modern%20konst
IBS8ARZ8,https://id.kb.se/term/sao/Parodier,Parodier,parodier,https://id.kb.se/term/sao/Parodier
NTUXCVHF,https://id.kb.se/term/sao/Patienter,Patienter,patienter,https://id.kb.se/term/sao/Patienter
NTUXCVHF,https://id.kb.se/term/sao/Patologer,Patologer,patologer,https://id.kb.se/term/sao/Patologer
IBS8ARZ8,https://id.kb.se/term/sao/Politik,Politik,politik,https://id.kb.se/term/sao/Politik
IBS8ARZ8,https://id.kb.se/term/sao/Socialism,Socialism,socialism,https://id.kb.se/term/sao/Socialism
I3B8TBMK,https://id.kb.se/term/saogf/Biografier,Biografier,biografier,https://id.kb.se/term/saogf/Biografier
ACRULEP4,https://id.kb.se/term/saogf/Kataloger,Kataloger,kataloger,https://id.kb.se/term/saogf/Kataloger
BHZD89KQ,https://id.kb.se/term/saogf/Kataloger,Kataloger,kataloger,https://id.kb.se/term/saogf/Kataloger
L4FCDAJI,https://id.kb.se/term/saogf/Kataloger,Kataloger,kataloger,https://id.kb.se/term/saogf/Kataloger
HR8ZBY6N,https://id.kb.se/term/saogf/Konferenser,Konferenser,konferenser,https://id.kb.se/term/saogf/Konferenser
IBS8ARZ8,https://id.kb.se/term/saogf/Parodier,Parodier,parodier,https://id.kb.se/term/saogf/Parodier
NTUXCVHF,https://id.kb.se/term/saogf/Romaner,Romaner,romaner,https://id.kb.se/term/saogf/Romaner
IBS8ARZ8,https://id.kb.se/term/saogf/Tecknade%20serier,Tecknade serier,tecknade-serier,https://id.kb.se/term/saogf/Tecknade%20serier
NTUXCVHF,https://id.kb.se/term/saogf/Thrillers,Thrillers,thrillers,https://id.kb.se/term/saogf/Thrillers
2ZI3RPFL,https://id.kb.se/term/saogf/Utst%C3%A4llningskataloger,Utställningskataloger,utst-llningskataloger,https://id.kb.se/term/saogf/Utst%C3%A4llningskataloger
HR8ZBY6N,https://id.kb.se/term/saogf/Utst%C3%A4llningskataloger,Utställningskataloger,utst-llningskataloger,https://id.kb.se/term/saogf/Utst%C3%A4llningskataloger
32J7HHI7,https://id.loc.gov/authorities/genreForms/gf2014026044,Anecdotes.,anecdotes,https://id.loc.gov/authorities/genreForms/gf2014026044
RLXAZJFX,https://id.loc.gov/authorities/genreForms/gf2014026044,Anecdotes.,anecdotes,https://id.loc.gov/authorities/genreForms/gf2014026044
2G8EYYKM,https://id.loc.gov/authorities/genreForms/gf2014026049,Biographies.,biographies,https://id.loc.gov/authorities/genreForms/gf2014026049
3PIJIKIX,https://id.loc.gov/authorities/genreForms/gf2014026049,Biographies.,biographies,https://id.loc.gov/authorities/genreForms/gf2014026049
47TDU9PC,https://id.loc.gov/authorities/genreForms/gf2014026049,Biographies.,biographies,https://id.loc.gov/authorities/genreForms/gf2014026049
EHJXZLV8,https://id.loc.gov/authorities/genreForms/gf2014026049,Biographies.,biographies,https://id.loc.gov/authorities/genreForms/gf2014026049
WHUVBTPT,https://id.loc.gov/authorities/genreForms/gf2014026049,Biographies.,biographies,https://id.loc.gov/authorities/genreForms/gf2014026049
Q493YY88,https://id.loc.gov/authorities/genreForms/gf2014026057,Catalogs.,catalogs,https://id.loc.gov/authorities/genreForms/gf2014026057
UXIED9ZZ,https://id.loc.gov/authorities/genreForms/gf2014026057,Catalogs.,catalogs,https://id.loc.gov/authorities/genreForms/gf2014026057
5BKDZFRU,https://id.loc.gov/authorities/genreForms/gf2014026098,Exhibition catalogs.,exhibition-catalogs,https://id.loc.gov/authorities/genreForms/gf2014026098
6QMVEHEW,https://id.loc.gov/authorities/genreForms/gf2014026098,Exhibition catalogs.,exhibition-catalogs,https://id.loc.gov/authorities/genreForms/gf2014026098
7DQBIHBY,https://id.loc.gov/authorities/genreForms/gf2014026098,Exhibition catalogs.,exhibition-catalogs,https://id.loc.gov/authorities/genreForms/gf2014026098
8UDDQ3MJ,https://id.loc.gov/authorities/genreForms/gf2014026098,Exhibition catalogs.,exhibition-catalogs,https://id.loc.gov/authorities/genreForms/gf2014026098
AMGD5TJT,https://id.loc.gov/authorities/genreForms/gf2014026098,Exhibition catalogs.,exhibition-catalogs,https://id.loc.gov/authorities/genreForms/gf2014026098
MTM33J5K,https://id.loc.gov/authorities/genreForms/gf2014026098,Exhibition catalogs.,exhibition-catalogs,https://id.loc.gov/authorities/genreForms/gf2014026098
NVAGS5D7,https://id.loc.gov/authorities/genreForms/gf2014026098,Exhibition catalogs.,exhibition-catalogs,https://id.loc.gov/authorities/genreForms/gf2014026098
QTJPZY5Y,https://id.loc.gov/authorities/genreForms/gf2014026098,Exhibition catalogs.,exhibition-catalogs,https://id.loc.gov/authorities/genreForms/gf2014026098
UHL6ENEJ,https://id.loc.gov/authorities/genreForms/gf2014026098,Exhibition catalogs.,exhibition-catalogs,https://id.loc.gov/authorities/genreForms/gf2014026098
V28C8GLQ,https://id.loc.gov/authorities/genreForms/gf2014026098,Exhibition catalogs.,exhibition-catalogs,https://id.loc.gov/authorities/genreForms/gf2014026098
VK5QSNB7,https://id.loc.gov/authorities/genreForms/gf2014026098,Exhibition catalogs.,exhibition-catalogs,https://id.loc.gov/authorities/genreForms/gf2014026098
W3966GFV,https://id.loc.gov/authorities/genreForms/gf2014026098,Exhibition catalogs.,exhibition-catalogs,https://id.loc.gov/authorities/genreForms/gf2014026098
WZ5JDHDF,https://id.loc.gov/authorities/genreForms/gf2014026098,Exhibition catalogs.,exhibition-catalogs,https://id.loc.gov/authorities/genreForms/gf2014026098
X4UAGICF,https://id.loc.gov/authorities/genreForms/gf2014026098,Exhibition catalogs.,exhibition-catalogs,https://id.loc.gov/authorities/genreForms/gf2014026098
XJZF37VP,https://id.loc.gov/authorities/genreForms/gf2014026098,Exhibition catalogs.,exhibition-catalogs,https://id.loc.gov/authorities/genreForms/gf2014026098
M3K5YCZU,https://id.loc.gov/authorities/genreForms/gf2014026099,Facsimiles.,facsimiles,https://id.loc.gov/authorities/genreForms/gf2014026099
D4FSYW82,https://id.loc.gov/authorities/genreForms/gf2014026110,Humor.,humor,https://id.loc.gov/authorities/genreForms/gf2014026110
EQ4DP84N,https://id.loc.gov/authorities/genreForms/gf2014026110,Humor.,humor,https://id.loc.gov/authorities/genreForms/gf2014026110
SKVW6EH5,https://id.loc.gov/authorities/genreForms/gf2014026110,Humor.,humor,https://id.loc.gov/authorities/genreForms/gf2014026110
UZHIE4CJ,https://id.loc.gov/authorities/genreForms/gf2014026110,Humor.,humor,https://id.loc.gov/authorities/genreForms/gf2014026110
ZHWPEZ8M,https://id.loc.gov/authorities/genreForms/gf2014026110,Humor.,humor,https://id.loc.gov/authorities/genreForms/gf2014026110
2764J579,https://id.loc.gov/authorities/genreForms/gf2014026111,Illustrated works.,illustrated-works,https://id.loc.gov/authorities/genreForms/gf2014026111
3DR28EWV,https://id.loc.gov/authorities/genreForms/gf2014026111,Illustrated works.,illustrated-works,https://id.loc.gov/authorities/genreForms/gf2014026111
3SFCUU3P,https://id.loc.gov/authorities/genreForms/gf2014026111,Illustrated works.,illustrated-works,https://id.loc.gov/authorities/genreForms/gf2014026111
4NA6552F,https://id.loc.gov/authorities/genreForms/gf2014026111,Illustrated works.,illustrated-works,https://id.loc.gov/authorities/genreForms/gf2014026111
4QTNST29,https://id.loc.gov/authorities/genreForms/gf2014026111,Illustrated works.,illustrated-works,https://id.loc.gov/authorities/genreForms/gf2014026111
5HHFTWHU,https://id.loc.gov/authorities/genreForms/gf2014026111,Illustrated works.,illustrated-works,https://id.loc.gov/authorities/genreForms/gf2014026111
5JD7U4FU,https://id.loc.gov/authorities/genreForms/gf2014026111,Illustrated works.,illustrated-works,https://id.loc.gov/authorities/genreForms/gf2014026111
5WYLXWSP,https://id.loc.gov/authorities/genreForms/gf2014026111,Illustrated works.,illustrated-works,https://id.loc.gov/authorities/genreForms/gf2014026111
6JMNBKXM,https://id.loc.gov/authorities/genreForms/gf2014026111,Illustrated works.,illustrated-works,https://id.loc.gov/authorities/genreForms/gf2014026111
6SFMR4P4,https://id.loc.gov/authorities/genreForms/gf2014026111,Illustrated works.,illustrated-works,https://id.loc.gov/authorities/genreForms/gf2014026111
7U33C9NY,https://id.loc.gov/authorities/genreForms/gf2014026111,Illustrated works.,illustrated-works,https://id.loc.gov/authorities/genreForms/gf2014026111
89ZZNH9B,https://id.loc.gov/authorities/genreForms/gf2014026111,Illustrated works.,illustrated-works,https://id.loc.gov/authorities/genreForms/gf2014026111
9KLFPRNV,https://id.loc.gov/authorities/genreForms/gf2014026111,Illustrated works.,illustrated-works,https://id.loc.gov/authorities/genreForms/gf2014026111
AMK7SV33,https://id.loc.gov/authorities/genreForms/gf2014026111,Illustrated works.,illustrated-works,https://id.loc.gov/authorities/genreForms/gf2014026111
B4UJH6M8,https://id.loc.gov/authorities/genreForms/gf2014026111,Illustrated works.,illustrated-works,https://id.loc.gov/authorities/genreForms/gf2014026111
CA88YV6V,https://id.loc.gov/authorities/genreForms/gf2014026111,Illustrated works.,illustrated-works,https://id.loc.gov/authorities/genreForms/gf2014026111
CILFET8W,https://id.loc.gov/authorities/genreForms/gf2014026111,Illustrated works.,illustrated-works,https://id.loc.gov/authorities/genreForms/gf2014026111
CYIEPNIK,https://id.loc.gov/authorities/genreForms/gf2014026111,Illustrated works.,illustrated-works,https://id.loc.gov/authorities/genreForms/gf2014026111
D5FKPEIL,https://id.loc.gov/authorities/genreForms/gf2014026111,Illustrated works.,illustrated-works,https://id.loc.gov/authorities/genreForms/gf2014026111
D6UFSRJ3,https://id.loc.gov/authorities/genreForms/gf2014026111,Illustrated works.,illustrated-works,https://id.loc.gov/authorities/genreForms/gf2014026111
EDK3A6PZ,https://id.loc.gov/authorities/genreForms/gf2014026111,Illustrated works.,illustrated-works,https://id.loc.gov/authorities/genreForms/gf2014026111
HCD87IIF,https://id.loc.gov/authorities/genreForms/gf2014026111,Illustrated works.,illustrated-works,https://id.loc.gov/authorities/genreForms/gf2014026111
HFXELM4H,https://id.loc.gov/authorities/genreForms/gf2014026111,Illustrated works.,illustrated-works,https://id.loc.gov/authorities/genreForms/gf2014026111
HN3EETEC,https://id.loc.gov/authorities/genreForms/gf2014026111,Illustrated works.,illustrated-works,https://id.loc.gov/authorities/genreForms/gf2014026111
HXJKNMVE,https://id.loc.gov/authorities/genreForms/gf2014026111,Illustrated works.,illustrated-works,https://id.loc.gov/authorities/genreForms/gf2014026111
I9GJ2ZZL,https://id.loc.gov/authorities/genreForms/gf2014026111,Illustrated works.,illustrated-works,https://id.loc.gov/authorities/genreForms/gf2014026111
IW7ZEUI4,https://id.loc.gov/authorities/genreForms/gf2014026111,Illustrated works.,illustrated-works,https://id.loc.gov/authorities/genreForms/gf2014026111
K33ED2YH,https://id.loc.gov/authorities/genreForms/gf2014026111,Illustrated works.,illustrated-works,https://id.loc.gov/authorities/genreForms/gf2014026111
KYCWYCP6,https://id.loc.gov/authorities/genreForms/gf2014026111,Illustrated works.,illustrated-works,https://id.loc.gov/authorities/genreForms/gf2014026111
LBSXCR85,https://id.loc.gov/authorities/genreForms/gf2014026111,Illustrated works.,illustrated-works,https://id.loc.gov/authorities/genreForms/gf2014026111
LUA2KJ8S,https://id.loc.gov/authorities/genreForms/gf2014026111,Illustrated works.,illustrated-works,https://id.loc.gov/authorities/genreForms/gf2014026111
LYTAEGZL,https://id.loc.gov/authorities/genreForms/gf2014026111,Illustrated works.,illustrated-works,https://id.loc.gov/authorities/genreForms/gf2014026111
MEJN4ZWX,https://id.loc.gov/authorities/genreForms/gf2014026111,Illustrated works.,illustrated-works,https://id.loc.gov/authorities/genreForms/gf2014026111
P8PWEM6N,https://id.loc.gov/authorities/genreForms/gf2014026111,Illustrated works.,illustrated-works,https://id.loc.gov/authorities/genreForms/gf2014026111
QKY467FB,https://id.loc.gov/authorities/genreForms/gf2014026111,Illustrated works.,illustrated-works,https://id.loc.gov/authorities/genreForms/gf2014026111
QQ3KJW4V,https://id.loc.gov/authorities/genreForms/gf2014026111,Illustrated works.,illustrated-works,https://id.loc.gov/authorities/genreForms/gf2014026111
QQCYRRMF,https://id.loc.gov/authorities/genreForms/gf2014026111,Illustrated works.,illustrated-works,https://id.loc.gov/authorities/genreForms/gf2014026111
UCCSUW8T,https://id.loc.gov/authorities/genreForms/gf2014026111,Illustrated works.,illustrated-works,https://id.loc.gov/authorities/genreForms/gf2014026111
UG34TEZ6,https://id.loc.gov/authorities/genreForms/gf2014026111,Illustrated works.,illustrated-works,https://id.loc.gov/authorities/genreForms/gf2014026111
UPFDFK4C,https://id.loc.gov/authorities/genreForms/gf2014026111,Illustrated works.,illustrated-works,https://id.loc.gov/authorities/genreForms/gf2014026111
VXF6IXK6,https://id.loc.gov/authorities/genreForms/gf2014026111,Illustrated works.,illustrated-works,https://id.loc.gov/authorities/genreForms/gf2014026111
W8DUW554,https://id.loc.gov/authorities/genreForms/gf2014026111,Illustrated works.,illustrated-works,https://id.loc.gov/authorities/genreForms/gf2014026111
WW8HQU5G,https://id.loc.gov/authorities/genreForms/gf2014026111,Illustrated works.,illustrated-works,https://id.loc.gov/authorities/genreForms/gf2014026111
YJGED547,https://id.loc.gov/authorities/genreForms/gf2014026111,Illustrated works.,illustrated-works,https://id.loc.gov/authorities/genreForms/gf2014026111
Z95AKLD7,https://id.loc.gov/authorities/genreForms/gf2014026111,Illustrated works.,illustrated-works,https://id.loc.gov/authorities/genreForms/gf2014026111
ZAX6QKZM,https://id.loc.gov/authorities/genreForms/gf2014026111,Illustrated works.,illustrated-works,https://id.loc.gov/authorities/genreForms/gf2014026111
ZH4HSEYC,https://id.loc.gov/authorities/genreForms/gf2014026111,Illustrated works.,illustrated-works,https://id.loc.gov/authorities/genreForms/gf2014026111
ZM4EWAVM,https://id.loc.gov/authorities/genreForms/gf2014026111,Illustrated works.,illustrated-works,https://id.loc.gov/authorities/genreForms/gf2014026111
IVC94MRR,https://id.loc.gov/authorities/genreForms/gf2014026141,Personal correspondence.,personal-correspondence,https://id.loc.gov/authorities/genreForms/gf2014026141
KIIVBEWQ,https://id.loc.gov/authorities/genreForms/gf2014026141,Personal correspondence.,personal-correspondence,https://id.loc.gov/authorities/genreForms/gf2014026141
NHZ42U32,https://id.loc.gov/authorities/genreForms/gf2014026141,Personal correspondence.,personal-correspondence,https://id.loc.gov/authorities/genreForms/gf2014026141
4T5WTCMU,https://id.loc.gov/authorities/genreForms/gf2014026142,Personal narratives.,personal-narratives,https://id.loc.gov/authorities/genreForms/gf2014026142
EHJXZLV8,https://id.loc.gov/authorities/genreForms/gf2014026142,Personal narratives.,personal-narratives,https://id.loc.gov/authorities/genreForms/gf2014026142
KIIVBEWQ,https://id.loc.gov/authorities/genreForms/gf2014026142,Personal narratives.,personal-narratives,https://id.loc.gov/authorities/genreForms/gf2014026142
QKTQW8WP,https://id.loc.gov/authorities/genreForms/gf2014026142,Personal narratives.,personal-narratives,https://id.loc.gov/authorities/genreForms/gf2014026142
4NNHFYRT,https://id.loc.gov/authorities/genreForms/gf2014026201,Trivia and miscellanea.,trivia-and-miscellanea,https://id.loc.gov/authorities/genreForms/gf2014026201
6BTNETTS,https://id.loc.gov/authorities/genreForms/gf2014026201,Trivia and miscellanea.,trivia-and-miscellanea,https://id.loc.gov/authorities/genreForms/gf2014026201
QVBLC3ZK,https://id.loc.gov/authorities/genreForms/gf2014026201,Trivia and miscellanea.,trivia-and-miscellanea,https://id.loc.gov/authorities/genreForms/gf2014026201
UUKMADPV,https://id.loc.gov/authorities/genreForms/gf2014026297,Drama.,drama,https://id.loc.gov/authorities/genreForms/gf2014026297
ARVDETAB,https://id.loc.gov/authorities/genreForms/gf2014026339,Fiction.,fiction,https://id.loc.gov/authorities/genreForms/gf2014026339
D9JIK6IE,https://id.loc.gov/authorities/genreForms/gf2014026339,Fiction.,fiction,https://id.loc.gov/authorities/genreForms/gf2014026339
FFTGLNH5,https://id.loc.gov/authorities/genreForms/gf2014026339,Fiction.,fiction,https://id.loc.gov/authorities/genreForms/gf2014026339
UY5427FU,https://id.loc.gov/authorities/genreForms/gf2014026339,Fiction.,fiction,https://id.loc.gov/authorities/genreForms/gf2014026339
YRNPGXQ6,https://id.loc.gov/authorities/genreForms/gf2014026339,Fiction.,fiction,https://id.loc.gov/authorities/genreForms/gf2014026339
6JMNBKXM,https://id.loc.gov/authorities/genreForms/gf2014026415,Literature.,literature,https://id.loc.gov/authorities/genreForms/gf2014026415
ZWYHJB6Z,https://id.loc.gov/authorities/genreForms/gf2014026415,Literature.,literature,https://id.loc.gov/authorities/genreForms/gf2014026415
33RUGD9P,https://id.loc.gov/authorities/genreForms/gf2014026481,Poetry.,poetry,https://id.loc.gov/authorities/genreForms/gf2014026481
3DR28EWV,https://id.loc.gov/authorities/genreForms/gf2014026481,Poetry.,poetry,https://id.loc.gov/authorities/genreForms/gf2014026481
4QFTGLMG,https://id.loc.gov/authorities/genreForms/gf2014026481,Poetry.,poetry,https://id.loc.gov/authorities/genreForms/gf2014026481
4T38PC5Q,https://id.loc.gov/authorities/genreForms/gf2014026481,Poetry.,poetry,https://id.loc.gov/authorities/genreForms/gf2014026481
4W5T3ZUM,https://id.loc.gov/authorities/genreForms/gf2014026481,Poetry.,poetry,https://id.loc.gov/authorities/genreForms/gf2014026481
5HHFTWHU,https://id.loc.gov/authorities/genreForms/gf2014026481,Poetry.,poetry,https://id.loc.gov/authorities/genreForms/gf2014026481
ATGHY39V,https://id.loc.gov/authorities/genreForms/gf2014026481,Poetry.,poetry,https://id.loc.gov/authorities/genreForms/gf2014026481
CMZR6G4F,https://id.loc.gov/authorities/genreForms/gf2014026481,Poetry.,poetry,https://id.loc.gov/authorities/genreForms/gf2014026481
DWV9BDYT,https://id.loc.gov/authorities/genreForms/gf2014026481,Poetry.,poetry,https://id.loc.gov/authorities/genreForms/gf2014026481
HVTMEX5V,https://id.loc.gov/authorities/genreForms/gf2014026481,Poetry.,poetry,https://id.loc.gov/authorities/genreForms/gf2014026481
KBWRPNM4,https://id.loc.gov/authorities/genreForms/gf2014026481,Poetry.,poetry,https://id.loc.gov/authorities/genreForms/gf2014026481
KY9VGPHM,https://id.loc.gov/authorities/genreForms/gf2014026481,Poetry.,poetry,https://id.loc.gov/authorities/genreForms/gf2014026481
NJ48ZHH4,https://id.loc.gov/authorities/genreForms/gf2014026481,Poetry.,poetry,https://id.loc.gov/authorities/genreForms/gf2014026481
QZLKA3QN,https://id.loc.gov/authorities/genreForms/gf2014026481,Poetry.,poetry,https://id.loc.gov/authorities/genreForms/gf2014026481
VQZ8QPGM,https://id.loc.gov/authorities/genreForms/gf2014026481,Poetry.,poetry,https://id.loc.gov/authorities/genreForms/gf2014026481
W8DUW554,https://id.loc.gov/authorities/genreForms/gf2014026481,Poetry.,poetry,https://id.loc.gov/authorities/genreForms/gf2014026481
X7A9VYQC,https://id.loc.gov/authorities/genreForms/gf2014026481,Poetry.,poetry,https://id.loc.gov/authorities/genreForms/gf2014026481
YIENDL7S,https://id.loc.gov/authorities/genreForms/gf2014026481,Poetry.,poetry,https://id.loc.gov/authorities/genreForms/gf2014026481
ATPFQWCT,https://id.loc.gov/authorities/genreForms/gf2017026140,Case studies.,case-studies,https://id.loc.gov/authorities/genreForms/gf2017026140
CILFET8W,https://id.loc.gov/authorities/genreForms/gf2017027249,Photographs.,photographs,https://id.loc.gov/authorities/genreForms/gf2017027249
HLMDDIS6,https://id.loc.gov/authorities/genreForms/gf2017027251,Pictures.,pictures,https://id.loc.gov/authorities/genreForms/gf2017027251
T4BXHHP9,https://id.loc.gov/authorities/genreForms/gf2017027251,Pictures.,pictures,https://id.loc.gov/authorities/genreForms/gf2017027251
CHD7P663,kao//eng|20th-century,20th century,20th-century,""
CHD7P663,kao//eng|artists,Artists,artists,""
CHD7P663,kao//eng|kruger-barbara,"Kruger, Barbara",kruger-barbara,""
CHD7P663,kao//eng|united-states,United States,united-states,""
CHD7P663,kao|1900-talet,1900-talet,1900-talet,""
CHD7P663,kao|f-renta-staterna,Förenta staterna,f-renta-staterna,""
CHD7P663,kao|konstn-rer,Konstnärer,konstn-rer,""
CHD7P663,kao|kruger-barbara,"Kruger, Barbara",kruger-barbara,""
SWGQ2MJA,lcgft|academic-theses,Academic theses,academic-theses,""
2I695H7Z,lcgft|accordion-fold-books,Accordion fold books.,accordion-fold-books,""
78DDWASY,lcgft|accordion-fold-books,Accordion fold books.,accordion-fold-books,""
AJTRLUI5,lcgft|accordion-fold-books,Accordion fold books.,accordion-fold-books,""
EMKZHECC,lcgft|accordion-fold-books,Accordion fold books.,accordion-fold-books,""
LNHQ8Z4Y,lcgft|accordion-fold-books,Accordion fold books.,accordion-fold-books,""
N78WD9EN,lcgft|accordion-fold-books,Accordion fold books.,accordion-fold-books,""
RFBPWS4H,lcgft|accordion-fold-books,Accordion fold books.,accordion-fold-books,""
U59K33M4,lcgft|accordion-fold-books,Accordion fold books.,accordion-fold-books,""
V3A5MBA9,lcgft|accordion-fold-books,Accordion fold books.,accordion-fold-books,""
WR8BCBZL,lcgft|accordion-fold-books,Accordion fold books.,accordion-fold-books,""
WXB3PQTU,lcgft|accordion-fold-books,Accordion fold books.,accordion-fold-books,""
M8PTAAMS,lcgft|address-books,Address books.,address-books,""
9VYSGLIC,lcgft|animated-films,Animated films,animated-films,""
NY8EIZPN,lcgft|architectural-photography,Architectural photography.,architectural-photography,""
U4CZS9IW,lcgft|art,Art,art,""
8RDBSS42,lcgft|art-calendars,Art calendars.,art-calendars,""
7GN9QTF8,lcgft|artistamps,Artistamps.,artistamps,""
7TWRJVIY,lcgft|artistamps,Artistamps.,artistamps,""
APW5D3LK,lcgft|artistamps,Artistamps.,artistamps,""
5JD7U4FU,lcgft|artists-boks,Artists' boks.,artists-boks,""
TS8GCN76,lcgft|artists-book,Artists' book.,artists-book,""
262QQCQM,lcgft|artists-books,Artists' books,artists-books,""
2V393RKM,lcgft|artists-books,Artists' books,artists-books,""
48Z5GEA5,lcgft|artists-books,Artists' books,artists-books,""
6SMWZEDC,lcgft|artists-books,Artists' books,artists-books,""
743SBS2T,lcgft|artists-books,Artists' books,artists-books,""
83MS2XUC,lcgft|artists-books,Artists' books,artists-books,""
8LAEJUZ5,lcgft|artists-books,Artists' books,artists-books,""
97U2MSIV,lcgft|artists-books,Artists' books,artists-books,""
9G4P2E3L,lcgft|artists-books,Artists' books,artists-books,""
9S4I4TDR,lcgft|artists-books,Artists' books,artists-books,""
FRWVGU5B,lcgft|artists-books,Artists' books,artists-books,""
H2SKZ8MU,lcgft|artists-books,Artists' books,artists-books,""
H682PFC7,lcgft|artists-books,Artists' books,artists-books,""
H7WBH66E,lcgft|artists-books,Artists' books,artists-books,""
H9D9A9S8,lcgft|artists-books,Artists' books,artists-books,""
HWYII88K,lcgft|artists-books,Artists' books,artists-books,""
I7UXXXA8,lcgft|artists-books,Artists' books,artists-books,""
IRAM95ZX,lcgft|artists-books,Artists' books,artists-books,""
J2JWSU8F,lcgft|artists-books,Artists' books,artists-books,""
J7TYWSKI,lcgft|artists-books,Artists' books,artists-books,""
JC2RDS26,lcgft|artists-books,Artists' books,artists-books,""
JELIGG8Y,lcgft|artists-books,Artists' books,artists-books,""
JETBVKXZ,lcgft|artists-books,Artists' books,artists-books,""
JTM9G58T,lcgft|artists-books,Artists' books,artists-books,""
KL4S8PQK,lcgft|artists-books,Artists' books,artists-books,""
LPSIJU9A,lcgft|artists-books,Artists' books,artists-books,""
M2N44DBC,lcgft|artists-books,Artists' books,artists-books,""
MIS8VZ7H,lcgft|artists-books,Artists' books,artists-books,""
NZPXJA96,lcgft|artists-books,Artists' books,artists-books,""
P7TD2598,lcgft|artists-books,Artists' books,artists-books,""
PS2HQPPP,lcgft|artists-books,Artists' books,artists-books,""
QHRECDDW,lcgft|artists-books,Artists' books,artists-books,""
RK4ZBWCA,lcgft|artists-books,Artists' books,artists-books,""
SEL3ZY9W,lcgft|artists-books,Artists' books,artists-books,""
SPY7J7XK,lcgft|artists-books,Artists' books,artists-books,""
SSGMAE37,lcgft|artists-books,Artists' books,artists-books,""
ST3XA9HK,lcgft|artists-books,Artists' books,artists-books,""
V4PBZN95,lcgft|artists-books,Artists' books,artists-books,""
W9TP8QRR,lcgft|artists-books,Artists' books,artists-books,""
X54PGBWJ,lcgft|artists-books,Artists' books,artists-books,""
ZEJN6D5R,lcgft|artists-books,Artists' books,artists-books,""
2I695H7Z,lcgft|artists-books,Artists' books.,artists-books,""
2KWVGRPK,lcgft|artists-books,Artists' books.,artists-books,""
2SCMIX88,lcgft|artists-books,Artists' books.,artists-books,""
54LKVBKN,lcgft|artists-books,Artists' books.,artists-books,""
5FMAYRE8,lcgft|artists-books,Artists' books.,artists-books,""
5GHN94A7,lcgft|artists-books,Artists' books.,artists-books,""
65F3Q4AT,lcgft|artists-books,Artists' books.,artists-books,""
65N53KG4,lcgft|artists-books,Artists' books.,artists-books,""
6WUU8JTB,lcgft|artists-books,Artists' books.,artists-books,""
77IT4GQS,lcgft|artists-books,Artists' books.,artists-books,""
78DDWASY,lcgft|artists-books,Artists' books.,artists-books,""
7GN9QTF8,lcgft|artists-books,Artists' books.,artists-books,""
7TWRJVIY,lcgft|artists-books,Artists' books.,artists-books,""
8GYHKFAW,lcgft|artists-books,Artists' books.,artists-books,""
AJTRLUI5,lcgft|artists-books,Artists' books.,artists-books,""
APW5D3LK,lcgft|artists-books,Artists' books.,artists-books,""
DX9UPWPC,lcgft|artists-books,Artists' books.,artists-books,""
EAUFLCRR,lcgft|artists-books,Artists' books.,artists-books,""
EMKZHECC,lcgft|artists-books,Artists' books.,artists-books,""
ETFHJ7GV,lcgft|artists-books,Artists' books.,artists-books,""
F23C6QZJ,lcgft|artists-books,Artists' books.,artists-books,""
FV2IXQJS,lcgft|artists-books,Artists' books.,artists-books,""
FVM5TFYF,lcgft|artists-books,Artists' books.,artists-books,""
G9VEB5UB,lcgft|artists-books,Artists' books.,artists-books,""
HP796KCI,lcgft|artists-books,Artists' books.,artists-books,""
I6BWJR6F,lcgft|artists-books,Artists' books.,artists-books,""
JAMSXZ4N,lcgft|artists-books,Artists' books.,artists-books,""
LNHQ8Z4Y,lcgft|artists-books,Artists' books.,artists-books,""
LUZ62SRM,lcgft|artists-books,Artists' books.,artists-books,""
LVQAWHJI,lcgft|artists-books,Artists' books.,artists-books,""
LWLCJL3F,lcgft|artists-books,Artists' books.,artists-books,""
M32JLCN4,lcgft|artists-books,Artists' books.,artists-books,""
N78WD9EN,lcgft|artists-books,Artists' books.,artists-books,""
NGV5DZQH,lcgft|artists-books,Artists' books.,artists-books,""
P3NXXIFN,lcgft|artists-books,Artists' books.,artists-books,""
PAX3JCQA,lcgft|artists-books,Artists' books.,artists-books,""
PLJLN4J9,lcgft|artists-books,Artists' books.,artists-books,""
Q5DL49J3,lcgft|artists-books,Artists' books.,artists-books,""
QDTZRVAL,lcgft|artists-books,Artists' books.,artists-books,""
QFQUAAM5,lcgft|artists-books,Artists' books.,artists-books,""
QM43W9SG,lcgft|artists-books,Artists' books.,artists-books,""
QWSNT84W,lcgft|artists-books,Artists' books.,artists-books,""
QXK2F7PD,lcgft|artists-books,Artists' books.,artists-books,""
RFBPWS4H,lcgft|artists-books,Artists' books.,artists-books,""
RSS8536S,lcgft|artists-books,Artists' books.,artists-books,""
SQ4LA58T,lcgft|artists-books,Artists' books.,artists-books,""
TYH9RIFG,lcgft|artists-books,Artists' books.,artists-books,""
U3F9CDHM,lcgft|artists-books,Artists' books.,artists-books,""
U6NZWHPT,lcgft|artists-books,Artists' books.,artists-books,""
UVHI935H,lcgft|artists-books,Artists' books.,artists-books,""
V3A5MBA9,lcgft|artists-books,Artists' books.,artists-books,""
V5D9VYAI,lcgft|artists-books,Artists' books.,artists-books,""
VAWYME5V,lcgft|artists-books,Artists' books.,artists-books,""
VLANIZI6,lcgft|artists-books,Artists' books.,artists-books,""
WXB3PQTU,lcgft|artists-books,Artists' books.,artists-books,""
XYAWCZ6I,lcgft|artists-books,Artists' books.,artists-books,""
YJ32UTD8,lcgft|artists-books,Artists' books.,artists-books,""
ZL8QNZNF,lcgft|artists-books,Artists' books.,artists-books,""
ZLZZ3U5V,lcgft|artists-books,Artists' books.,artists-books,""
ZM4EWAVM,lcgft|artists-books,Artists' books.,artists-books,""
PEQS5CUB,lcgft|artists-writings,Artists' writings.,artists-writings,""
W53AH9P7,lcgft|artists-writings,Artists' writings.,artists-writings,""
MNSJFSJA,lcgft|autobiographical-fiction,Autobiographical fiction,autobiographical-fiction,""
INV3CIQX,lcgft|autobiographies,Autobiographies,autobiographies,""
HWYII88K,lcgft|bestiaries,Bestiaries,bestiaries,""
INV3CIQX,lcgft|biographies,Biographies,biographies,""
WZF28RXQ,lcgft|board-books,Board books.,board-books,""
9L36958V,lcgft|collage,Collage.,collage,""
AGAIEC4G,lcgft|collage,Collage.,collage,""
KDVCR942,lcgft|collage,Collage.,collage,""
5FMAYRE8,lcgft|collages,Collages.,collages,""
RFBPWS4H,lcgft|collages,Collages.,collages,""
3VWEQQ2T,lcgft|comedy-films,Comedy films.,comedy-films,""
XB3YVX25,lcgft|comedy-films,Comedy films.,comedy-films,""
GQ2H7769,lcgft|comics-graphic-works,Comics (Graphic works),comics-graphic-works,""
HWYII88K,lcgft|commemorative-works,Commemorative works,commemorative-works,""
5VPEAK3V,lcgft|conceptual-art,Conceptual art.,conceptual-art,""
HUK5SEEK,lcgft|conceptual-art,Conceptual art.,conceptual-art,""
IMBHLCKN,lcgft|conceptual-art,Conceptual art.,conceptual-art,""
PFUBE9GZ,lcgft|conceptual-art,Conceptual art.,conceptual-art,""
PQJCB4JT,lcgft|conceptual-art,Conceptual art.,conceptual-art,""
PVABAGAH,lcgft|conceptual-art,Conceptual art.,conceptual-art,""
RDPQWSUU,lcgft|conceptual-art,Conceptual art.,conceptual-art,""
X54PGBWJ,lcgft|concrete-poetry,Concrete poetry,concrete-poetry,""
UJ9A4TC4,lcgft|concrete-poetry,Concrete poetry.,concrete-poetry,""
9S4I4TDR,lcgft|cookbooks,Cookbooks,cookbooks,""
DJVUT7UH,lcgft|creative,Creative,creative,""
9VYSGLIC,lcgft|cutout-animation-films,Cutout animation films,cutout-animation-films,""
VBBTJ22F,lcgft|discographies,Discographies.,discographies,""
UCCSUW8T,lcgft|documentary-photographs,Documentary photographs.,documentary-photographs,""
HQVR749A,lcgft|documentary-photography,Documentary photography.,documentary-photography,""
J32J4BL7,lcgft|documentary-photography,Documentary photography.,documentary-photography,""
PZDLNAI7,lcgft|documentary-photography,Documentary photography.,documentary-photography,""
47IWRRKK,lcgft|documentary-television-programs,Documentary television programs.,documentary-television-programs,""
EMKZHECC,lcgft|drawings,Drawings.,drawings,""
8LN6N77T,lcgft|encyclopedias,Encyclopedias.,encyclopedias,""
P388DLSD,lcgft|exhibition-catalogs,Exhibition catalogs,exhibition-catalogs,""
SSGMAE37,lcgft|exhibition-catalogs,Exhibition catalogs,exhibition-catalogs,""
JQDU3U4S,lcgft|experimental-poetry,Experimental poetry,experimental-poetry,""
JW2TTDI3,lcgft|fables,Fables,fables,""
3VWEQQ2T,lcgft|feature-films,Feature films.,feature-films,""
DY9BFLRX,lcgft|feature-films,Feature films.,feature-films,""
RQBZ5SUK,lcgft|feature-films,Feature films.,feature-films,""
XB3YVX25,lcgft|feature-films,Feature films.,feature-films,""
2XLDUC9Q,lcgft|fiction,Fiction,fiction,""
EDWF59NX,lcgft|fiction,Fiction,fiction,""
964S7JHP,lcgft|fiction,Fiction.,fiction,""
3VWEQQ2T,lcgft|fiction-films,Fiction films.,fiction-films,""
9VYSGLIC,lcgft|film-adaptations,Film adaptations,film-adaptations,""
Y77Y4X2H,lcgft|firecrackers,Firecrackers.,firecrackers,""
QXK2F7PD,lcgft|flag-books,Flag books.,flag-books,""
T9M9KVN6,lcgft|flag-books,Flag books.,flag-books,""
2SCMIX88,lcgft|flip-books,Flip books.,flip-books,""
65F3Q4AT,lcgft|flip-books,Flip books.,flip-books,""
6SMWZEDC,lcgft|flip-books,Flip books.,flip-books,""
6WUU8JTB,lcgft|flip-books,Flip books.,flip-books,""
8GYHKFAW,lcgft|flip-books,Flip books.,flip-books,""
FV2IXQJS,lcgft|flip-books,Flip books.,flip-books,""
M32JLCN4,lcgft|flip-books,Flip books.,flip-books,""
PAX3JCQA,lcgft|flip-books,Flip books.,flip-books,""
QWSNT84W,lcgft|flip-books,Flip books.,flip-books,""
U6NZWHPT,lcgft|flip-books,Flip books.,flip-books,""
ZL8QNZNF,lcgft|flip-books,Flip books.,flip-books,""
XZ4SWT4V,lcgft|hip-hop-music,Hip-hop (Music),hip-hop-music,""
RQBZ5SUK,lcgft|horror-films,Horror films.,horror-films,""
7GUI3IJP,lcgft|illustrated-books,Illustrated books.,illustrated-books,""
HQLVVHFU,lcgft|illustrated-books,Illustrated books.,illustrated-books,""
MZ89DRM5,lcgft|illustrated-books,Illustrated books.,illustrated-books,""
ZR7HF4MW,lcgft|illustrated-works,Illustrated works,illustrated-works,""
ZF5KK86A,lcgft|illustrated-works,Illustrated works.,illustrated-works,""
L8RU7JQF,lcgft|imaginary-biography,Imaginary biography.,imaginary-biography,""
9VYSGLIC,lcgft|independent-films,Independent films,independent-films,""
F6BF5MAF,lcgft|instrumental-music,Instrumental music.,instrumental-music,""
MINWBDTY,lcgft|instrumental-music,Instrumental music.,instrumental-music,""
63PL2Y3P,lcgft|landscape-photography,Landscape photography.,landscape-photography,""
AJCPM2LJ,lcgft|landscape-photography,Landscape photography.,landscape-photography,""
YC9QUQZ2,lcgft|landscape-photography,Landscape photography.,landscape-photography,""
AJTRLUI5,lcgft|linocuts,Linocuts.,linocuts,""
LYJSML5E,lcgft|literature-experimental,"Literature, Experimental.",literature-experimental,""
RSS8536S,lcgft|lithographs,Lithographs.,lithographs,""
QUM9264J,lcgft|love-poetry,Love poetry,love-poetry,""
RQBZ5SUK,lcgft|mad-scientist-films,Mad scientist films.,mad-scientist-films,""
7GN9QTF8,lcgft|mail-art,Mail art.,mail-art,""
7TWRJVIY,lcgft|mail-art,Mail art.,mail-art,""
APW5D3LK,lcgft|mail-art,Mail art.,mail-art,""
B53AT5IS,lcgft|miniature-books,Miniature books.,miniature-books,""
HPI8LMMP,lcgft|miniature-books,Miniature books.,miniature-books,""
DY9BFLRX,lcgft|motion-pictures,Motion pictures,motion-pictures,""
47IWRRKK,lcgft|nonfiction-television-programs,Nonfiction television programs.,nonfiction-television-programs,""
EDWF59NX,lcgft|novels,Novels,novels,""
7DYA3T9Z,lcgft|novels,Novels.,novels,""
2YIMGHU3,lcgft|oral-interpretation-of-poetry,Oral interpretation of poetry.,oral-interpretation-of-poetry,""
5MYX92DW,lcgft|performance-art,Performance art.,performance-art,""
8UEP33C8,lcgft|performance-art,Performance art.,performance-art,""
VKRNHAGI,lcgft|performance-art,Performance art.,performance-art,""
4694824U,lcgft|periodicals,Periodicals.,periodicals,""
IA7CCWVI,lcgft|periodicals,Periodicals.,periodicals,""
VBBTJ22F,lcgft|periodicals,Periodicals.,periodicals,""
Z78UMVQG,lcgft|periodicals,Periodicals.,periodicals,""
H9D9A9S8,lcgft|photobooks,Photobooks,photobooks,""
J2JWSU8F,lcgft|photobooks,Photobooks,photobooks,""
ZR7HF4MW,lcgft|photobooks,Photobooks,photobooks,""
EWYBMZ79,lcgft|photobooks,Photobooks.,photobooks,""
M32JLCN4,lcgft|photobooks,Photobooks.,photobooks,""
U59K33M4,lcgft|photobooks,Photobooks.,photobooks,""
U6NZWHPT,lcgft|photobooks,Photobooks.,photobooks,""
WR8BCBZL,lcgft|photobooks,Photobooks.,photobooks,""
226R6HJK,lcgft|photography-artistic,"Photography, Artistic.",photography-artistic,""
24YJ4MQA,lcgft|photography-artistic,"Photography, Artistic.",photography-artistic,""
2N5FICUF,lcgft|photography-artistic,"Photography, Artistic.",photography-artistic,""
2PSMHYVM,lcgft|photography-artistic,"Photography, Artistic.",photography-artistic,""
2TR675BK,lcgft|photography-artistic,"Photography, Artistic.",photography-artistic,""
3A3YZS7V,lcgft|photography-artistic,"Photography, Artistic.",photography-artistic,""
3KUNMIBP,lcgft|photography-artistic,"Photography, Artistic.",photography-artistic,""
3QXCAUBS,lcgft|photography-artistic,"Photography, Artistic.",photography-artistic,""
3RK6L8N4,lcgft|photography-artistic,"Photography, Artistic.",photography-artistic,""
3ZUC8TKN,lcgft|photography-artistic,"Photography, Artistic.",photography-artistic,""
469JLCRM,lcgft|photography-artistic,"Photography, Artistic.",photography-artistic,""
4DNVSWWD,lcgft|photography-artistic,"Photography, Artistic.",photography-artistic,""
4RPSYI95,lcgft|photography-artistic,"Photography, Artistic.",photography-artistic,""
5C9IGFYL,lcgft|photography-artistic,"Photography, Artistic.",photography-artistic,""
5GQREKGQ,lcgft|photography-artistic,"Photography, Artistic.",photography-artistic,""
5RMHY3GN,lcgft|photography-artistic,"Photography, Artistic.",photography-artistic,""
5UH49VPB,lcgft|photography-artistic,"Photography, Artistic.",photography-artistic,""
5VWS7Q8P,lcgft|photography-artistic,"Photography, Artistic.",photography-artistic,""
5ZL3VFEB,lcgft|photography-artistic,"Photography, Artistic.",photography-artistic,""
632X6CII,lcgft|photography-artistic,"Photography, Artistic.",photography-artistic,""
63PL2Y3P,lcgft|photography-artistic,"Photography, Artistic.",photography-artistic,""
6AS73ERV,lcgft|photography-artistic,"Photography, Artistic.",photography-artistic,""
6CFQVVMX,lcgft|photography-artistic,"Photography, Artistic.",photography-artistic,""
6DWYUYKH,lcgft|photography-artistic,"Photography, Artistic.",photography-artistic,""
6FQNGN3S,lcgft|photography-artistic,"Photography, Artistic.",photography-artistic,""
6J7JCJ8Q,lcgft|photography-artistic,"Photography, Artistic.",photography-artistic,""
6TTGAVHR,lcgft|photography-artistic,"Photography, Artistic.",photography-artistic,""
7HEG7EAS,lcgft|photography-artistic,"Photography, Artistic.",photography-artistic,""
7WIH889K,lcgft|photography-artistic,"Photography, Artistic.",photography-artistic,""
7YILJFPS,lcgft|photography-artistic,"Photography, Artistic.",photography-artistic,""
845Z9G55,lcgft|photography-artistic,"Photography, Artistic.",photography-artistic,""
8FRBLQQU,lcgft|photography-artistic,"Photography, Artistic.",photography-artistic,""
8PUSBIXM,lcgft|photography-artistic,"Photography, Artistic.",photography-artistic,""
8UEP33C8,lcgft|photography-artistic,"Photography, Artistic.",photography-artistic,""
8UTZ7SEQ,lcgft|photography-artistic,"Photography, Artistic.",photography-artistic,""
8XFT77DQ,lcgft|photography-artistic,"Photography, Artistic.",photography-artistic,""
9EYQ75JU,lcgft|photography-artistic,"Photography, Artistic.",photography-artistic,""
A5FNJQB6,lcgft|photography-artistic,"Photography, Artistic.",photography-artistic,""
AB3XJFKU,lcgft|photography-artistic,"Photography, Artistic.",photography-artistic,""
ACM94FM8,lcgft|photography-artistic,"Photography, Artistic.",photography-artistic,""
AEUCKZF3,lcgft|photography-artistic,"Photography, Artistic.",photography-artistic,""
AJCPM2LJ,lcgft|photography-artistic,"Photography, Artistic.",photography-artistic,""
AXZ3NT64,lcgft|photography-artistic,"Photography, Artistic.",photography-artistic,""
BH7EHBJA,lcgft|photography-artistic,"Photography, Artistic.",photography-artistic,""
BPQ5N37H,lcgft|photography-artistic,"Photography, Artistic.",photography-artistic,""
BRXLRBPA,lcgft|photography-artistic,"Photography, Artistic.",photography-artistic,""
BZXS5WXX,lcgft|photography-artistic,"Photography, Artistic.",photography-artistic,""
CVXVUB6S,lcgft|photography-artistic,"Photography, Artistic.",photography-artistic,""
DD9CP69Q,lcgft|photography-artistic,"Photography, Artistic.",photography-artistic,""
DICUCMKJ,lcgft|photography-artistic,"Photography, Artistic.",photography-artistic,""
DX43HTQQ,lcgft|photography-artistic,"Photography, Artistic.",photography-artistic,""
E48HZ6TE,lcgft|photography-artistic,"Photography, Artistic.",photography-artistic,""
F3KU7F6S,lcgft|photography-artistic,"Photography, Artistic.",photography-artistic,""
G4XRMULE,lcgft|photography-artistic,"Photography, Artistic.",photography-artistic,""
G6P88MY2,lcgft|photography-artistic,"Photography, Artistic.",photography-artistic,""
GDTEJGHY,lcgft|photography-artistic,"Photography, Artistic.",photography-artistic,""
GVUDZDE9,lcgft|photography-artistic,"Photography, Artistic.",photography-artistic,""
H644T8GP,lcgft|photography-artistic,"Photography, Artistic.",photography-artistic,""
HMKRHYHJ,lcgft|photography-artistic,"Photography, Artistic.",photography-artistic,""
HPFMFF5Q,lcgft|photography-artistic,"Photography, Artistic.",photography-artistic,""
HQKRI38G,lcgft|photography-artistic,"Photography, Artistic.",photography-artistic,""
HSKD9QAD,lcgft|photography-artistic,"Photography, Artistic.",photography-artistic,""
HUK5SEEK,lcgft|photography-artistic,"Photography, Artistic.",photography-artistic,""
IBAVPUCE,lcgft|photography-artistic,"Photography, Artistic.",photography-artistic,""
IFKV5B9H,lcgft|photography-artistic,"Photography, Artistic.",photography-artistic,""
IHG8DC77,lcgft|photography-artistic,"Photography, Artistic.",photography-artistic,""
IMBHLCKN,lcgft|photography-artistic,"Photography, Artistic.",photography-artistic,""
IR6IZWSQ,lcgft|photography-artistic,"Photography, Artistic.",photography-artistic,""
IWBUX8N7,lcgft|photography-artistic,"Photography, Artistic.",photography-artistic,""
J3PGLNEL,lcgft|photography-artistic,"Photography, Artistic.",photography-artistic,""
J7X3CPIP,lcgft|photography-artistic,"Photography, Artistic.",photography-artistic,""
JFW3649R,lcgft|photography-artistic,"Photography, Artistic.",photography-artistic,""
JHC5FI3J,lcgft|photography-artistic,"Photography, Artistic.",photography-artistic,""
JIGAU8LG,lcgft|photography-artistic,"Photography, Artistic.",photography-artistic,""
KA6I2J5Q,lcgft|photography-artistic,"Photography, Artistic.",photography-artistic,""
KDBNS6DT,lcgft|photography-artistic,"Photography, Artistic.",photography-artistic,""
KSYMBE3Z,lcgft|photography-artistic,"Photography, Artistic.",photography-artistic,""
LD8ZNBS9,lcgft|photography-artistic,"Photography, Artistic.",photography-artistic,""
LEMVSIBN,lcgft|photography-artistic,"Photography, Artistic.",photography-artistic,""
M6FCLS85,lcgft|photography-artistic,"Photography, Artistic.",photography-artistic,""
MBTW8NEJ,lcgft|photography-artistic,"Photography, Artistic.",photography-artistic,""
MH2GLXMN,lcgft|photography-artistic,"Photography, Artistic.",photography-artistic,""
MK94HI98,lcgft|photography-artistic,"Photography, Artistic.",photography-artistic,""
ML555VRY,lcgft|photography-artistic,"Photography, Artistic.",photography-artistic,""
NDHM9PHH,lcgft|photography-artistic,"Photography, Artistic.",photography-artistic,""
NQGTZDTA,lcgft|photography-artistic,"Photography, Artistic.",photography-artistic,""
NT97YK5X,lcgft|photography-artistic,"Photography, Artistic.",photography-artistic,""
NY8EIZPN,lcgft|photography-artistic,"Photography, Artistic.",photography-artistic,""
P4SWWF7M,lcgft|photography-artistic,"Photography, Artistic.",photography-artistic,""
PVS63R9V,lcgft|photography-artistic,"Photography, Artistic.",photography-artistic,""
Q4FCFTHP,lcgft|photography-artistic,"Photography, Artistic.",photography-artistic,""
QMKSPNK3,lcgft|photography-artistic,"Photography, Artistic.",photography-artistic,""
R3HHWFNG,lcgft|photography-artistic,"Photography, Artistic.",photography-artistic,""
RCUYF69I,lcgft|photography-artistic,"Photography, Artistic.",photography-artistic,""
REBBMGEZ,lcgft|photography-artistic,"Photography, Artistic.",photography-artistic,""
RJYFLVRT,lcgft|photography-artistic,"Photography, Artistic.",photography-artistic,""
RPXA9884,lcgft|photography-artistic,"Photography, Artistic.",photography-artistic,""
RPZT3YPU,lcgft|photography-artistic,"Photography, Artistic.",photography-artistic,""
RTI72K87,lcgft|photography-artistic,"Photography, Artistic.",photography-artistic,""
RWP2WAWB,lcgft|photography-artistic,"Photography, Artistic.",photography-artistic,""
SGCKIGXG,lcgft|photography-artistic,"Photography, Artistic.",photography-artistic,""
THA5852Y,lcgft|photography-artistic,"Photography, Artistic.",photography-artistic,""
TJF4E6DX,lcgft|photography-artistic,"Photography, Artistic.",photography-artistic,""
U2QU4SM9,lcgft|photography-artistic,"Photography, Artistic.",photography-artistic,""
UD55X7BH,lcgft|photography-artistic,"Photography, Artistic.",photography-artistic,""
UHGUWGUZ,lcgft|photography-artistic,"Photography, Artistic.",photography-artistic,""
V5GBKC3Z,lcgft|photography-artistic,"Photography, Artistic.",photography-artistic,""
V8GA3YS9,lcgft|photography-artistic,"Photography, Artistic.",photography-artistic,""
VE6TCWY6,lcgft|photography-artistic,"Photography, Artistic.",photography-artistic,""
VH5MGEBA,lcgft|photography-artistic,"Photography, Artistic.",photography-artistic,""
VIH8XP3C,lcgft|photography-artistic,"Photography, Artistic.",photography-artistic,""
VVTUGTLE,lcgft|photography-artistic,"Photography, Artistic.",photography-artistic,""
W2ADDKDT,lcgft|photography-artistic,"Photography, Artistic.",photography-artistic,""
W44CYWM3,lcgft|photography-artistic,"Photography, Artistic.",photography-artistic,""
W48KLTKW,lcgft|photography-artistic,"Photography, Artistic.",photography-artistic,""
W69SB9YB,lcgft|photography-artistic,"Photography, Artistic.",photography-artistic,""
W6FUD4ZB,lcgft|photography-artistic,"Photography, Artistic.",photography-artistic,""
WDD87XPC,lcgft|photography-artistic,"Photography, Artistic.",photography-artistic,""
WQ458CVM,lcgft|photography-artistic,"Photography, Artistic.",photography-artistic,""
XCFZA4Z7,lcgft|photography-artistic,"Photography, Artistic.",photography-artistic,""
Y6EVGAKE,lcgft|photography-artistic,"Photography, Artistic.",photography-artistic,""
YQI24LZV,lcgft|photography-artistic,"Photography, Artistic.",photography-artistic,""
YXLZZIW6,lcgft|photography-artistic,"Photography, Artistic.",photography-artistic,""
Z5T5ZRXG,lcgft|photography-artistic,"Photography, Artistic.",photography-artistic,""
ZBY9BGV2,lcgft|photography-artistic,"Photography, Artistic.",photography-artistic,""
ZIKLIUXS,lcgft|photography-artistic,"Photography, Artistic.",photography-artistic,""
ZLF4BX44,lcgft|photography-artistic,"Photography, Artistic.",photography-artistic,""
6LFE7IHP,lcgft|poetry,Poetry,poetry,""
7NVIZK57,lcgft|poetry,Poetry,poetry,""
8FA7LQRF,lcgft|poetry,Poetry,poetry,""
C7MEVSQD,lcgft|poetry,Poetry,poetry,""
C937F2EJ,lcgft|poetry,Poetry,poetry,""
CDP2SGUM,lcgft|poetry,Poetry,poetry,""
GBXGWH3A,lcgft|poetry,Poetry,poetry,""
H2SKZ8MU,lcgft|poetry,Poetry,poetry,""
HJAHBXBA,lcgft|poetry,Poetry,poetry,""
SSGMAE37,lcgft|poetry,Poetry,poetry,""
WJ28HA8H,lcgft|poetry,Poetry,poetry,""
XF4H3MTQ,lcgft|poetry,Poetry,poetry,""
DS9CH8N2,lcgft|poetry,Poetry.,poetry,""
G9VEB5UB,lcgft|poetry,Poetry.,poetry,""
PLJLN4J9,lcgft|poetry,Poetry.,poetry,""
W2WAQ6FV,lcgft|poetry,Poetry.,poetry,""
YJ32UTD8,lcgft|poetry,Poetry.,poetry,""
CYIEPNIK,lcgft|pop-up-books,Pop-up books.,pop-up-books,""
RFBPWS4H,lcgft|pop-up-books,Pop-up books.,pop-up-books,""
YJ32UTD8,lcgft|pop-up-books,Pop-up books.,pop-up-books,""
YM29MELK,lcgft|pop-up-books,Pop-up books.,pop-up-books,""
ZQEG6ZBA,lcgft|pop-up-books,Pop-up books.,pop-up-books,""
XZ4SWT4V,lcgft|popular-music,Popular music.,popular-music,""
UCCSUW8T,lcgft|portraits,Portraits.,portraits,""
RFBPWS4H,lcgft|postcards,Postcards.,postcards,""
UX3A7CS5,lcgft|prose-poems,Prose poems,prose-poems,""
XZ4SWT4V,lcgft|rap-music,Rap (Music),rap-music,""
VBBTJ22F,lcgft|reviews,Reviews.,reviews,""
XZ4SWT4V,lcgft|rock-music,Rock music.,rock-music,""
7L2ZCPD5,lcgft|satirical-literature,Satirical literature,satirical-literature,""
XB3YVX25,lcgft|science-fiction-films,Science fiction films.,science-fiction-films,""
I9289P34,lcgft|screen-prints,Screen prints.,screen-prints,""
V3A5MBA9,lcgft|screen-prints,Screen prints.,screen-prints,""
YIA6FDSC,lcgft|screen-prints,Screen prints.,screen-prints,""
9VYSGLIC,lcgft|short-films,Short films,short-films,""
JW2TTDI3,lcgft|short-stories,Short stories,short-stories,""
4EGJHL37,lcgft|short-stories,Short stories.,short-stories,""
YIA6FDSC,lcgft|short-stories,Short stories.,short-stories,""
RXLNNMIL,lcgft|songs,Songs,songs,""
XZ4SWT4V,lcgft|sound-recordings,Sound recordings.,sound-recordings,""
964S7JHP,lcgft|specimens,Specimens.,specimens,""
XYAWCZ6I,lcgft|split-page-books,Split-page books.,split-page-books,""
XS348MSX,lcgft|streaming-audio,Streaming audio.,streaming-audio,""
PEEGHK2R,lcgft|telegraphs,Telegraphs.,telegraphs,""
3U236832,lcgft|toy-and-movable-books,Toy and movable books,toy-and-movable-books,""
DX9UPWPC,lcgft|toy-and-movable-books,Toy and movable books.,toy-and-movable-books,""
RFBPWS4H,lcgft|toy-and-movable-books,Toy and movable books.,toy-and-movable-books,""
UVHI935H,lcgft|toy-and-movable-books,Toy and movable books.,toy-and-movable-books,""
XYAWCZ6I,lcgft|toy-and-movable-books,Toy and movable books.,toy-and-movable-books,""
54LKVBKN,lcgft|toy-and-moveable-books,Toy and moveable books.,toy-and-moveable-books,""
BEAIU85U,lcgft|toys-and-movable-books,Toys and movable books.,toys-and-movable-books,""
SWDJUVUJ,lcgft|triptychs,Triptychs.,triptychs,""
2KWVGRPK,lcgft|tunnel-books,Tunnel books.,tunnel-books,""
65N53KG4,lcgft|tunnel-books,Tunnel books.,tunnel-books,""
DY9BFLRX,lcgft|video-recordings-for-hard-of-hearing-people,Video recordings for hard of hearing people.,video-recordings-for-hard-of-hearing-people,""
RQBZ5SUK,lcgft|video-recordings-for-hard-of-hearing-people,Video recordings for hard of hearing people.,video-recordings-for-hard-of-hearing-people,""
PVABAGAH,lcgft|visual-literature,Visual literature.,visual-literature,""
D279AQ4J,lcgft|visual-poetry,Visual poetry,visual-poetry,""
54LKVBKN,lcgft|watercolors,Watercolors.,watercolors,""
HWYII88K,lcgft|woodcuts,Woodcuts,woodcuts,""
LNHQ8Z4Y,lcgft|woodcuts,Woodcuts.,woodcuts,""
D89H363F,lcgft|zines,Zines,zines,""
ZM4EWAVM,lcgft|zines,Zines.,zines,""
29YRJZEJ,lcsh|artists-books,Artists' books,artists-books,""
LENGB2L5,lcsh|artists-books,Artists' books,artists-books,""
YRK6S4NA,lcsh|baked-products,Baked products,baked-products,""
ARVDETAB,lcsh|experimental-fiction,Experimental fiction.,experimental-fiction,""
AUQD5ZN3,lcsh|experimental-fiction,Experimental fiction.,experimental-fiction,""
285WLHRM,lcsh|paper-handmade,"Paper, Handmade.",paper-handmade,""
8GAZMJTZ,lcsh|paper-handmade,"Paper, handmade.",paper-handmade,""
AMJTHDXX,lcsh|paper-handmade,"Paper, handmade.",paper-handmade,""
AUQD5ZN3,lcsh|political-fiction,Political fiction.,political-fiction,""
UMF5PZDK,lcsh|puddings,Puddings.,puddings,""
Q5DL49J3,lcsh|pulp-painting,Pulp painting.,pulp-painting,""
TUE3E7EB,lcsh|toy-and-movable-books,Toy and movable books.,toy-and-movable-books,""
54LKVBKN,lcsh|wood,Wood.,wood,""
FVM5TFYF,lcsh|wood,Wood.,wood,""
TYH9RIFG,lcsh|wood,Wood.,wood,""
WLYCS6G5,lctgm|photographers,Photographers,photographers,""
S76VFE9W,lctgm|snapshots,Snapshots.,snapshots,""
4EGJHL37,local|ab-smfa,AB (SMFA).,ab-smfa,""
73EWQZPU,local|abstractions-surrealism-fantastic-art,"Abstractions, Surrealism, fantastic art.",abstractions-surrealism-fantastic-art,""
XTEKTU47,local|abstractions-surrealism-fantastic-art,"Abstractions, Surrealism, fantastic art.",abstractions-surrealism-fantastic-art,""
QEM42WV8,local|accordion-bindings,Accordion bindings.,accordion-bindings,""
KZWDYNTS,local|african-americans,African Americans,african-americans,""
JDWGDC78,local|altered-books,Altered books,altered-books,""
CHPP2E96,local|altered-books,Altered books.,altered-books,""
ZQ6GZNVV,local|altered-books,Altered books.,altered-books,""
2QNSW6ZQ,local|american,American,american,""
472UVSQJ,local|american,American,american,""
47ZJTBFL,local|american,American,american,""
6737PUWR,local|american,American,american,""
AMG5ECK3,local|american,American,american,""
D45AXF2V,local|american,American,american,""
HMLZTNQ3,local|american,American,american,""
MX2RPR5W,local|american,American,american,""
SU9HR2K8,local|american,American,american,""
UXASMGN2,local|american,American,american,""
XDPTLZ37,local|american,American,american,""
XTEKTU47,local|american,American,american,""
YIYHHXVY,local|american,American,american,""
AMG5ECK3,local|animals-birds,Animals: Birds.,animals-birds,""
YIYHHXVY,local|animals-birds,Animals: Birds.,animals-birds,""
73EWQZPU,local|argentine,Argentine,argentine,""
LDRCMRSX,local|artists-books,Artists' books,artists-books,""
GURAG9JG,local|asemic-writing,Asemic writing.,asemic-writing,""
JW55N4BY,local|asemic-writing,Asemic writing.,asemic-writing,""
TRWNZTVH,local|austrian,Austrian,austrian,""
NL4RKNDV,local|books-with-movable-illustrations,Books with movable illustrations,books-with-movable-illustrations,""
NL4RKNDV,local|books-with-pop-up-illustrations,Books with pop-up illustrations,books-with-pop-up-illustrations,""
U59K33M4,local|box-sets,Box sets.,box-sets,""
WR8BCBZL,local|box-sets,Box sets.,box-sets,""
QEM42WV8,local|boxes,Boxes.,boxes,""
7C9M9869,local|british,British,british,""
8QB6LCXG,local|british,British,british,""
EPQQ2T88,local|british,British,british,""
GCZHKU79,local|british,British,british,""
NAPBSUMV,local|british,British,british,""
Q9XSKPSI,local|british,British,british,""
VXW9R5H7,local|british,British,british,""
YT75V57M,local|british,British,british,""
ZSECXMU8,local|british,British,british,""
2KWVGRPK,local|carousel-books,Carousel books.,carousel-books,""
65N53KG4,local|carousel-books,Carousel books.,carousel-books,""
U6NZWHPT,local|chicago-screw-binding,Chicago screw binding.,chicago-screw-binding,""
4MNV6M2D,local|conceptual-art,Conceptual art.,conceptual-art,""
NEIV6P5W,local|conceptual-art,Conceptual art.,conceptual-art,""
R36SU4QS,local|conceptual-bookworks,Conceptual bookworks.,conceptual-bookworks,""
J7QUNJH2,local|corrugated-paperboard-bindings,Corrugated paperboard bindings.,corrugated-paperboard-bindings,""
MX2RPR5W,local|drawings-animals,Drawings: Animals.,drawings-animals,""
47ZJTBFL,local|drawings-book-illustrations-dramatizations-representations-of-legends-etc,"Drawings: Book illustrations, dramatizations, representations of legends, etc.",drawings-book-illustrations-dramatizations-representations-of-legends-etc,""
UXASMGN2,local|drawings-figures-other-than-portraits-men-full-length,Drawings: Figures other than portraits: Men: Full length.,drawings-figures-other-than-portraits-men-full-length,""
SU9HR2K8,local|drawings-genre,Drawings: Genre.,drawings-genre,""
EPQQ2T88,local|drawings-old-testament,Drawings: Old Testament.,drawings-old-testament,""
NAPBSUMV,local|drawings-old-testament,Drawings: Old Testament.,drawings-old-testament,""
YT75V57M,local|drawings-old-testament,Drawings: Old Testament.,drawings-old-testament,""
TYH9RIFG,local|ethiopian-bindings,Ethiopian bindings.,ethiopian-bindings,""
Q9XSKPSI,local|figures-other-than-portraits-children-single-and-groups,Figures other than portraits: Children: Single and groups.,figures-other-than-portraits-children-single-and-groups,""
VXW9R5H7,local|figures-other-than-portraits-children-single-and-groups,Figures other than portraits: Children: Single and groups.,figures-other-than-portraits-children-single-and-groups,""
NNA4PECP,local|figures-other-than-portraits-women-with-hands,Figures other than portraits: Women: With hands.,figures-other-than-portraits-women-with-hands,""
2ESZCICC,local|flemish,Flemish,flemish,""
C28V5V2P,local|flemish,Flemish,flemish,""
JYUWRRLQ,local|flemish,Flemish,flemish,""
QEM42WV8,local|fold-out-books,Fold-out books.,fold-out-books,""
4WKVE9BM,local|french,French,french,""
6V69IY9S,local|french,French,french,""
NNA4PECP,local|french,French,french,""
RBWHALLR,local|french,French,french,""
SFGHX4A2,local|french,French,french,""
V4ZMRT76,local|frescoes-and-or-murals,Frescoes and / or murals.,frescoes-and-or-murals,""
4WKVE9BM,local|genre,Genre.,genre,""
8QB6LCXG,local|genre,Genre.,genre,""
6V69IY9S,local|genre-ballet-scenes-single-figures,Genre: Ballet scenes: Single figures.,genre-ballet-scenes-single-figures,""
HMLZTNQ3,local|genre-dances,Genre: Dances.,genre-dances,""
TRWNZTVH,local|genre-domestic,Genre: Domestic.,genre-domestic,""
2ESZCICC,local|genre-games,Genre: Games.,genre-games,""
D45AXF2V,local|genre-horse-fairs-and-horse-racing,Genre: Horse fairs and horse racing.,genre-horse-fairs-and-horse-racing,""
7C9M9869,local|genre-outdoor-scenes,Genre: Outdoor scenes.,genre-outdoor-scenes,""
ZSECXMU8,local|genre-outdoor-scenes,Genre: Outdoor scenes.,genre-outdoor-scenes,""
C28V5V2P,local|genre-polite,Genre: Polite.,genre-polite,""
JYUWRRLQ,local|genre-tavern-brawls-and-other-tavern-scenes,Genre: Tavern brawls and other tavern scenes.,genre-tavern-brawls-and-other-tavern-scenes,""
RFBPWS4H,local|gocco,Gocco.,gocco,""
4EZIC3WX,local|graduated-fore-edges,Graduated fore-edges.,graduated-fore-edges,""
J9YJ78QT,local|illuminated-manuscript,Illuminated Manuscript.,illuminated-manuscript,""
RBWHALLR,local|illuminated-manuscript,Illuminated Manuscript.,illuminated-manuscript,""
QEM42WV8,local|illustrated-books,Illustrated books.,illustrated-books,""
V4ZMRT76,local|italian,Italian,italian,""
QEM42WV8,local|lithographs,Lithographs.,lithographs,""
544GIHMN,local|offset-printing,Offset printing,offset-printing,""
DLIGTZ97,local|photographs-original,"Photographs, Original",photographs-original,""
78T7R45E,local|photographs-original,"Photographs, Original.",photographs-original,""
VGV4HPC5,local|photographs-original,"Photographs, Original.",photographs-original,""
SFGHX4A2,local|portraits-men-portraits-name-of-subject,Portraits: Men: Portraits: Name of subject.,portraits-men-portraits-name-of-subject,""
472UVSQJ,local|portraits-men-with-hands-without-hats-head-to-right,Portraits: Men: With hands (without hats): Head to right.,portraits-men-with-hands-without-hats-head-to-right,""
D6BGRR32,local|sales-catalogs,Sales catalogs,sales-catalogs,""
K63M3S3M,local|sales-catalogs,Sales catalogs,sales-catalogs,""
GCZHKU79,local|sculpture-mythological-and-allegorical,Sculpture: Mythological and allegorical.,sculpture-mythological-and-allegorical,""
6737PUWR,local|sculpture-nude-figures-single,Sculpture: Nude figures: Single.,sculpture-nude-figures-single,""
2QNSW6ZQ,local|seascapes-and-coastal-scenes-with-land-only,Seascapes and coastal scenes: With land only.,seascapes-and-coastal-scenes-with-land-only,""
29ZVAC84,local|shaped-books,Shaped books,shaped-books,""
QEM42WV8,local|slipcases,Slipcases.,slipcases,""
S4QU9XAW,local|stab-binding,Stab binding.,stab-binding,""
78DDWASY,local|tab-closure,Tab closure.,tab-closure,""
3T953P55,local|typographic-art,Typographic art.,typographic-art,""
897RL5ME,local|typographic-art,Typographic art.,typographic-art,""
8ILC5ENQ,local|typographic-art,Typographic art.,typographic-art,""
8MNVVUDS,local|typographic-art,Typographic art.,typographic-art,""
A3FJ5EQR,local|typographic-art,Typographic art.,typographic-art,""
AFM9EU3A,local|typographic-art,Typographic art.,typographic-art,""
AGDCNHXH,local|typographic-art,Typographic art.,typographic-art,""
CAV69CKH,local|typographic-art,Typographic art.,typographic-art,""
EF3Q282K,local|typographic-art,Typographic art.,typographic-art,""
GPHLTR7V,local|typographic-art,Typographic art.,typographic-art,""
GURAG9JG,local|typographic-art,Typographic art.,typographic-art,""
HUZ42HQK,local|typographic-art,Typographic art.,typographic-art,""
IBRQM6MM,local|typographic-art,Typographic art.,typographic-art,""
L6IL4VQY,local|typographic-art,Typographic art.,typographic-art,""
NLS4GDCR,local|typographic-art,Typographic art.,typographic-art,""
RCSBNLUB,local|typographic-art,Typographic art.,typographic-art,""
SIPGLSUF,local|typographic-art,Typographic art.,typographic-art,""
UCTSXTP3,local|typographic-art,Typographic art.,typographic-art,""
VVKM5K5N,local|typographic-art,Typographic art.,typographic-art,""
YVIWJFCF,local|typographic-art,Typographic art.,typographic-art,""
YX3HQ4UN,local|typographic-art,Typographic art.,typographic-art,""
XDPTLZ37,local|vehicles-etc,"Vehicles, etc.",vehicles-etc,""
QEM42WV8,local|wordless-books,Wordless books.,wordless-books,""
3SE26G2E,local|zines,Zines,zines,""
NA5ZH4WY,local|zines,Zines,zines,""
ZR7HF4MW,nli|photography,Photography,photography,""
JMR6BK7A,nli|photography-artistic,"Photography, Artistic",photography-artistic,""
5GHN94A7,none|accordion-bindings,Accordion bindings.,accordion-bindings,""
FL9B73CP,none|accordion-bindings,Accordion bindings.,accordion-bindings,""
YJ32UTD8,none|accordion-bindings,Accordion bindings.,accordion-bindings,""
AWDRT7MP,none|alphabet-books,Alphabet books,alphabet-books,""
8GUDL63U,none|altered-books,Altered books.,altered-books,""
595FEIBQ,none|american-poetry,American poetry,american-poetry,""
U4CZS9IW,none|art,Art,art,""
4GDICRNE,none|artist-s-books,Artist's books.,artist-s-books,""
2SIHX9C8,none|artists-books,Artists' books,artists-books,""
3RXQDRB9,none|artists-books,Artists' books,artists-books,""
3U236832,none|artists-books,Artists' books,artists-books,""
4CTZ2UT6,none|artists-books,Artists' books,artists-books,""
4F5YYPXF,none|artists-books,Artists' books,artists-books,""
4FQFUKB4,none|artists-books,Artists' books,artists-books,""
4RVT3XTB,none|artists-books,Artists' books,artists-books,""
532TXV92,none|artists-books,Artists' books,artists-books,""
595FEIBQ,none|artists-books,Artists' books,artists-books,""
8QM875SG,none|artists-books,Artists' books,artists-books,""
8TS9LKG4,none|artists-books,Artists' books,artists-books,""
94M6KYT5,none|artists-books,Artists' books,artists-books,""
9G4P2E3L,none|artists-books,Artists' books,artists-books,""
9S4I4TDR,none|artists-books,Artists' books,artists-books,""
9V5V3IJV,none|artists-books,Artists' books,artists-books,""
AIFVDDPI,none|artists-books,Artists' books,artists-books,""
ARHGR6M5,none|artists-books,Artists' books,artists-books,""
AZXJZ9V5,none|artists-books,Artists' books,artists-books,""
BQGI7763,none|artists-books,Artists' books,artists-books,""
C3B4P4Y3,none|artists-books,Artists' books,artists-books,""
CNM8P3DL,none|artists-books,Artists' books,artists-books,""
D8J3VBIW,none|artists-books,Artists' books,artists-books,""
EFQ9QCI8,none|artists-books,Artists' books,artists-books,""
EL3DY4AX,none|artists-books,Artists' books,artists-books,""
GJHUCSAB,none|artists-books,Artists' books,artists-books,""
H4IIET5C,none|artists-books,Artists' books,artists-books,""
HDJCQ4CP,none|artists-books,Artists' books,artists-books,""
HFB8E94B,none|artists-books,Artists' books,artists-books,""
J8K7RBCR,none|artists-books,Artists' books,artists-books,""
KY9VGPHM,none|artists-books,Artists' books,artists-books,""
LN4RIECE,none|artists-books,Artists' books,artists-books,""
MCRLIWNV,none|artists-books,Artists' books,artists-books,""
MVW76K24,none|artists-books,Artists' books,artists-books,""
QUM9264J,none|artists-books,Artists' books,artists-books,""
T8FCGJ43,none|artists-books,Artists' books,artists-books,""
TSJMT35E,none|artists-books,Artists' books,artists-books,""
TWQW9KW9,none|artists-books,Artists' books,artists-books,""
X89QWMYX,none|artists-books,Artists' books,artists-books,""
XTTYDTKS,none|artists-books,Artists' books,artists-books,""
YFVRIN9K,none|artists-books,Artists' books,artists-books,""
YJZ82DYV,none|artists-books,Artists' books,artists-books,""
ZN9SRJ7H,none|artists-books,Artists' books,artists-books,""
ZQEG6ZBA,none|artists-books,Artists' books,artists-books,""
4UC86HDV,none|artists-books,Artists' books.,artists-books,""
D7XIEY8U,none|artists-books,Artists' books.,artists-books,""
F23C6QZJ,none|artists-books,Artists' books.,artists-books,""
HT33J6EX,none|artists-books,Artists' books.,artists-books,""
HYZYZ3DV,none|artists-books,Artists' books.,artists-books,""
I6SRASGN,none|artists-books,Artists' books.,artists-books,""
MJN8PQZV,none|artists-books,Artists' books.,artists-books,""
TLUFIFMA,none|artists-books,Artists' books.,artists-books,""
ZRC7CN65,none|artists-books,Artists' books.,artists-books,""
HR8ZBY6N,none|bok,Bok,bok,""
QDADAYD2,none|bok,Bok,bok,""
IA7CCWVI,none|children-s-periodicals,Children's periodicals.,children-s-periodicals,""
USF4PINC,none|children-s-stories,Children's stories,children-s-stories,""
TSJMT35E,none|conceptual-art,Conceptual art.,conceptual-art,""
ZF3UJ73X,none|conceptual-art,Conceptual art.,conceptual-art,""
5GHN94A7,none|concertina-bindings,Concertina bindings.,concertina-bindings,""
595FEIBQ,none|dadaist-poetry,Dadaist poetry.,dadaist-poetry,""
TU4SKP2B,none|downtown-writers,Downtown writers.,downtown-writers,""
6ZN85X94,none|electronic-books,Electronic books.,electronic-books,""
86S5LEZ5,none|electronic-books,Electronic books.,electronic-books,""
D8SURXEM,none|exhibition-catalogs,Exhibition catalogs,exhibition-catalogs,""
8V7S8M9K,none|exhibition-catalogs,Exhibition catalogs.,exhibition-catalogs,""
NH4YFWIJ,none|exhibition-catalogs,Exhibition catalogs.,exhibition-catalogs,""
XT5LPJBR,none|exhibition-catalogs,Exhibition catalogs.,exhibition-catalogs,""
964S7JHP,none|fantasy-fiction,Fantasy fiction.,fantasy-fiction,""
5GHN94A7,none|flag-books-toy-and-movable-books,Flag books (Toy and movable books),flag-books-toy-and-movable-books,""
EMXMJ4D6,none|fliers-printed-matter,Fliers (printed matter),fliers-printed-matter,""
8VUW74HQ,none|graphic-novels,Graphic novels.,graphic-novels,""
4QTNST29,none|group-work-in-art,Group work in art.,group-work-in-art,""
YJ32UTD8,none|hand-bound-books,Hand-bound books.,hand-bound-books,""
8VGXNWN6,none|interview,Interview,interview,""
5GHN94A7,none|letterpress-prints,Letterpress prints.,letterpress-prints,""
YIA6FDSC,none|limp-bindings,Limp bindings.,limp-bindings,""
QUM9264J,none|love-poetry,Love poetry,love-poetry,""
L27RMSKV,none|miniature-books,Miniature books.,miniature-books,""
I9289P34,none|non-adhesive-bindings,Non-adhesive bindings.,non-adhesive-bindings,""
YIA6FDSC,none|non-adhesive-bindings,Non-adhesive bindings.,non-adhesive-bindings,""
I9289P34,none|offset-prints,Offset prints.,offset-prints,""
YIA6FDSC,none|offset-prints,Offset prints.,offset-prints,""
FL9B73CP,none|paper-bindings,Paper bindings.,paper-bindings,""
I9289P34,none|paper-bindings,Paper bindings.,paper-bindings,""
GANL3NMK,none|photography-artistic,"Photography, Artistic.",photography-artistic,""
43FXNU5W,none|photogravures,Photogravures.,photogravures,""
C937F2EJ,none|poetry,Poetry,poetry,""
CDP2SGUM,none|poetry,Poetry,poetry,""
WJ28HA8H,none|poetry,Poetry,poetry,""
UX9YRGDW,none|pop-up-books,Pop-up books.,pop-up-books,""
9PM2U7FQ,none|postcards-aat,Postcards.aat.,postcards-aat,""
UX9YRGDW,none|pulp-painting,Pulp painting.,pulp-painting,""
YIA6FDSC,none|textured-books,Textured books.,textured-books,""
TBBA6HSZ,none|theology,Theology,theology,""
3U236832,none|toy-and-movable-books,Toy and movable books,toy-and-movable-books,""
UX9YRGDW,none|toy-and-movable-books,Toy and movable books.,toy-and-movable-books,""
D9UBJWKJ,none|tracts-ephemera,Tracts (Ephemera),tracts-ephemera,""
HK55V6FK,none|tracts-ephemera,Tracts (Ephemera),tracts-ephemera,""
KLYNKBK7,none|tracts-ephemera,Tracts (Ephemera),tracts-ephemera,""
FZPT8V8E,none|tunnel-books,Tunnel books.,tunnel-books,""
D89H363F,none|underground-press-publications,Underground press publications,underground-press-publications,""
4QTNST29,none|visual-literature,Visual literature.,visual-literature,""
ZQEG6ZBA,none|visual-literature,Visual literature.,visual-literature,""
JMR6BK7A,ram|art-et-photographie,Art et photographie.,art-et-photographie,""
X4UAGICF,ram|edinburgh,Edinburgh,edinburgh,""
X4UAGICF,ram|edinburgh-fruitmarket-gallery,"Edinburgh, Fruitmarket gallery",edinburgh-fruitmarket-gallery,""
CA88YV6V,ram|livres-d-artistes,Livres d'artistes,livres-d-artistes,""
NSBFINI8,ram|livres-d-artistes,Livres d'artistes,livres-d-artistes,""
6YWZ5K35,ram|livres-d-artistes,Livres d'artistes.,livres-d-artistes,""
X4UAGICF,ram|londres,Londres,londres,""
X4UAGICF,ram|londres-institute-of-contemporary-arts,"Londres, Institute of contemporary arts",londres-institute-of-contemporary-arts,""
6YWZ5K35,ram|poe-sie-concre-te,Poésie concrète.,poe-sie-concre-te,""
SPY7J7XK,rbbind|accordion-fold-format-binding,Accordion fold format (Binding),accordion-fold-format-binding,""
ZN9SRJ7H,rbbin|accordian-fold-format-binding,Accordian fold format (Binding),accordian-fold-format-binding,""
IYLRZMUE,rbbin|accordion-fold-format,Accordion fold format,accordion-fold-format,""
SAMPYAPL,rbbin|accordion-fold-format,Accordion fold format.,accordion-fold-format,""
VVS34GND,rbbin|accordion-fold-format,Accordion fold format.,accordion-fold-format,""
3U236832,rbbin|accordion-fold-format-binding,Accordion fold format (Binding),accordion-fold-format-binding,""
43FXNU5W,rbbin|accordion-fold-format-binding,Accordion fold format (Binding),accordion-fold-format-binding,""
4JXMDJNG,rbbin|accordion-fold-format-binding,Accordion fold format (Binding),accordion-fold-format-binding,""
4NA6552F,rbbin|accordion-fold-format-binding,Accordion fold format (Binding),accordion-fold-format-binding,""
4UC86HDV,rbbin|accordion-fold-format-binding,Accordion fold format (Binding),accordion-fold-format-binding,""
5HHFTWHU,rbbin|accordion-fold-format-binding,Accordion fold format (Binding),accordion-fold-format-binding,""
5NHGZMJK,rbbin|accordion-fold-format-binding,Accordion fold format (Binding),accordion-fold-format-binding,""
9G4P2E3L,rbbin|accordion-fold-format-binding,Accordion fold format (Binding),accordion-fold-format-binding,""
9LGSSWF6,rbbin|accordion-fold-format-binding,Accordion fold format (Binding),accordion-fold-format-binding,""
9WTLZIF6,rbbin|accordion-fold-format-binding,Accordion fold format (Binding),accordion-fold-format-binding,""
AWDRT7MP,rbbin|accordion-fold-format-binding,Accordion fold format (Binding),accordion-fold-format-binding,""
B7BAU23W,rbbin|accordion-fold-format-binding,Accordion fold format (Binding),accordion-fold-format-binding,""
BEDUHETT,rbbin|accordion-fold-format-binding,Accordion fold format (Binding),accordion-fold-format-binding,""
EFQ9QCI8,rbbin|accordion-fold-format-binding,Accordion fold format (Binding),accordion-fold-format-binding,""
GBRL2J6M,rbbin|accordion-fold-format-binding,Accordion fold format (Binding),accordion-fold-format-binding,""
GNGS5CVJ,rbbin|accordion-fold-format-binding,Accordion fold format (Binding),accordion-fold-format-binding,""
I4VY5DID,rbbin|accordion-fold-format-binding,Accordion fold format (Binding),accordion-fold-format-binding,""
I7UXXXA8,rbbin|accordion-fold-format-binding,Accordion fold format (Binding),accordion-fold-format-binding,""
I9GJ2ZZL,rbbin|accordion-fold-format-binding,Accordion fold format (Binding),accordion-fold-format-binding,""
IICEMTHK,rbbin|accordion-fold-format-binding,Accordion fold format (Binding),accordion-fold-format-binding,""
IQNV9F6X,rbbin|accordion-fold-format-binding,Accordion fold format (Binding),accordion-fold-format-binding,""
JAMSXZ4N,rbbin|accordion-fold-format-binding,Accordion fold format (Binding),accordion-fold-format-binding,""
MZPSTNAE,rbbin|accordion-fold-format-binding,Accordion fold format (Binding),accordion-fold-format-binding,""
P7TD2598,rbbin|accordion-fold-format-binding,Accordion fold format (Binding),accordion-fold-format-binding,""
QEM42WV8,rbbin|accordion-fold-format-binding,Accordion fold format (Binding),accordion-fold-format-binding,""
QTK7UVBT,rbbin|accordion-fold-format-binding,Accordion fold format (Binding),accordion-fold-format-binding,""
RFCBWBMH,rbbin|accordion-fold-format-binding,Accordion fold format (Binding),accordion-fold-format-binding,""
S662UPBK,rbbin|accordion-fold-format-binding,Accordion fold format (Binding),accordion-fold-format-binding,""
V4PBZN95,rbbin|accordion-fold-format-binding,Accordion fold format (Binding),accordion-fold-format-binding,""
YK7UXBCP,rbbin|accordion-fold-format-binding,Accordion fold format (Binding),accordion-fold-format-binding,""
ZN9SRJ7H,rbbin|accordion-fold-format-binding,Accordion fold format (Binding),accordion-fold-format-binding,""
LATUVAFS,rbbin|accordion-fold-format-binding,Accordion fold format (Binding).,accordion-fold-format-binding,""
LPSIJU9A,rbbin|accordion-fold-format-binding,Accordion fold format (Binding).,accordion-fold-format-binding,""
ZSMGK5JH,rbbin|accordion-fold-format-binding,Accordion fold format (binding),accordion-fold-format-binding,""
EKM99X22,rbbin|acordion-fold-format-binding,Acordion fold format (binding),acordion-fold-format-binding,""
TD5PIJUA,rbbin|bookbinding-binding,Bookbinding (Binding),bookbinding-binding,""
YK7UXBCP,rbbin|clamshell-boxes-binding,Clamshell boxes (Binding),clamshell-boxes-binding,""
QUJ6S7Q6,rbbin|corrugated-board-bindings,Corrugated board bindings.,corrugated-board-bindings,""
JS5KXF9R,rbbin|non-adhesive-bindings,Non-adhesive bindings.,non-adhesive-bindings,""
HWYII88K,rbbin|non-adhesive-bindings-binding,Non-adhesive bindings (Binding),non-adhesive-bindings-binding,""
KFQDEAPW,rbbin|paper-bindings-binding,Paper bindings (Binding),paper-bindings-binding,""
YJ32UTD8,rbbin|paper-onlays-binding,Paper onlays (Binding),paper-onlays-binding,""
MDA4XCB6,rbbin|paste-papers-binding,Paste papers (Binding).,paste-papers-binding,""
C6BEEM9G,rbbin|stabbing-binding,Stabbing (Binding),stabbing-binding,""
QUJ6S7Q6,rbbin|unbound-sheets,Unbound sheets.,unbound-sheets,""
VFX55SSB,rbbin|vellum-bindings-binding,Vellum bindings (Binding),vellum-bindings-binding,""
HWYII88K,rbbin|wrappers-binding,Wrappers (Binding),wrappers-binding,""
DNAXLQKS,rbgenr|alphabet-books,Alphabet books,alphabet-books,""
CYIEPNIK,rbgenr|arists-books,Arists' books,arists-books,""
JEUYVPBN,rbgenr|artists-books,Artists books,artists-books,""
K3WHLTAK,rbgenr|artists-books,Artists books,artists-books,""
235ZSQXX,rbgenr|artists-books,Artists' books,artists-books,""
24UYV5G3,rbgenr|artists-books,Artists' books,artists-books,""
25QCQLJD,rbgenr|artists-books,Artists' books,artists-books,""
25YEIQ2T,rbgenr|artists-books,Artists' books,artists-books,""
2764J579,rbgenr|artists-books,Artists' books,artists-books,""
28RI8LAP,rbgenr|artists-books,Artists' books,artists-books,""
2LPRIT88,rbgenr|artists-books,Artists' books,artists-books,""
2TZ99B5D,rbgenr|artists-books,Artists' books,artists-books,""
2XTJXX72,rbgenr|artists-books,Artists' books,artists-books,""
2ZDTM2HT,rbgenr|artists-books,Artists' books,artists-books,""
3BIV7C3Y,rbgenr|artists-books,Artists' books,artists-books,""
3F2Z32BT,rbgenr|artists-books,Artists' books,artists-books,""
3M7YQJ96,rbgenr|artists-books,Artists' books,artists-books,""
3NBN5RQF,rbgenr|artists-books,Artists' books,artists-books,""
3PIJIKIX,rbgenr|artists-books,Artists' books,artists-books,""
3QPT4YT8,rbgenr|artists-books,Artists' books,artists-books,""
3RXQDRB9,rbgenr|artists-books,Artists' books,artists-books,""
3SFCUU3P,rbgenr|artists-books,Artists' books,artists-books,""
3U236832,rbgenr|artists-books,Artists' books,artists-books,""
3UCR3E48,rbgenr|artists-books,Artists' books,artists-books,""
43AF7V52,rbgenr|artists-books,Artists' books,artists-books,""
446X7PAF,rbgenr|artists-books,Artists' books,artists-books,""
4EGJHL37,rbgenr|artists-books,Artists' books,artists-books,""
4JX7X3UP,rbgenr|artists-books,Artists' books,artists-books,""
4JXMDJNG,rbgenr|artists-books,Artists' books,artists-books,""
4NA6552F,rbgenr|artists-books,Artists' books,artists-books,""
4NNHFYRT,rbgenr|artists-books,Artists' books,artists-books,""
4PYTIHF8,rbgenr|artists-books,Artists' books,artists-books,""
4QTNST29,rbgenr|artists-books,Artists' books,artists-books,""
4R9VGKHV,rbgenr|artists-books,Artists' books,artists-books,""
4T38PC5Q,rbgenr|artists-books,Artists' books,artists-books,""
4T5WTCMU,rbgenr|artists-books,Artists' books,artists-books,""
4UCYKGYH,rbgenr|artists-books,Artists' books,artists-books,""
4UJIQTPQ,rbgenr|artists-books,Artists' books,artists-books,""
4W33Y6TC,rbgenr|artists-books,Artists' books,artists-books,""
4X5YJ8WM,rbgenr|artists-books,Artists' books,artists-books,""
4X73LFLC,rbgenr|artists-books,Artists' books,artists-books,""
4YIG59ER,rbgenr|artists-books,Artists' books,artists-books,""
565HAGX7,rbgenr|artists-books,Artists' books,artists-books,""
57DF8S8C,rbgenr|artists-books,Artists' books,artists-books,""
58NRJU7W,rbgenr|artists-books,Artists' books,artists-books,""
595FEIBQ,rbgenr|artists-books,Artists' books,artists-books,""
5AR39GN5,rbgenr|artists-books,Artists' books,artists-books,""
5FD4IYAR,rbgenr|artists-books,Artists' books,artists-books,""
5G8KQD7S,rbgenr|artists-books,Artists' books,artists-books,""
5JDTTTXZ,rbgenr|artists-books,Artists' books,artists-books,""
5JR2CUL8,rbgenr|artists-books,Artists' books,artists-books,""
5SR4U5P6,rbgenr|artists-books,Artists' books,artists-books,""
5TSFICBP,rbgenr|artists-books,Artists' books,artists-books,""
5VCSETHL,rbgenr|artists-books,Artists' books,artists-books,""
5WPDFF8U,rbgenr|artists-books,Artists' books,artists-books,""
63MAEVRZ,rbgenr|artists-books,Artists' books,artists-books,""
66C9V3FY,rbgenr|artists-books,Artists' books,artists-books,""
67TE4R5E,rbgenr|artists-books,Artists' books,artists-books,""
6BTNETTS,rbgenr|artists-books,Artists' books,artists-books,""
6LTIR949,rbgenr|artists-books,Artists' books,artists-books,""
6NZN74XH,rbgenr|artists-books,Artists' books,artists-books,""
6YWZ5K35,rbgenr|artists-books,Artists' books,artists-books,""
77IKLVYT,rbgenr|artists-books,Artists' books,artists-books,""
79IBP8I4,rbgenr|artists-books,Artists' books,artists-books,""
7FSR8B2V,rbgenr|artists-books,Artists' books,artists-books,""
7IW4YRRF,rbgenr|artists-books,Artists' books,artists-books,""
7MGLSZST,rbgenr|artists-books,Artists' books,artists-books,""
7Q4VCZR8,rbgenr|artists-books,Artists' books,artists-books,""
7SKI28F2,rbgenr|artists-books,Artists' books,artists-books,""
7U33C9NY,rbgenr|artists-books,Artists' books,artists-books,""
89ZZNH9B,rbgenr|artists-books,Artists' books,artists-books,""
8CXTGLVB,rbgenr|artists-books,Artists' books,artists-books,""
8DXRSZFE,rbgenr|artists-books,Artists' books,artists-books,""
8LAEJUZ5,rbgenr|artists-books,Artists' books,artists-books,""
8M7FGKIR,rbgenr|artists-books,Artists' books,artists-books,""
8QM875SG,rbgenr|artists-books,Artists' books,artists-books,""
8TS9LKG4,rbgenr|artists-books,Artists' books,artists-books,""
92INKH9H,rbgenr|artists-books,Artists' books,artists-books,""
9457M5EZ,rbgenr|artists-books,Artists' books,artists-books,""
952TRFAM,rbgenr|artists-books,Artists' books,artists-books,""
95H852QC,rbgenr|artists-books,Artists' books,artists-books,""
98JDH8LW,rbgenr|artists-books,Artists' books,artists-books,""
98LAXFN8,rbgenr|artists-books,Artists' books,artists-books,""
99I8YICP,rbgenr|artists-books,Artists' books,artists-books,""
9G4P2E3L,rbgenr|artists-books,Artists' books,artists-books,""
9GVTIPBE,rbgenr|artists-books,Artists' books,artists-books,""
9LIIILRJ,rbgenr|artists-books,Artists' books,artists-books,""
9LWGSZ53,rbgenr|artists-books,Artists' books,artists-books,""
9LYI3LE5,rbgenr|artists-books,Artists' books,artists-books,""
9PED88BH,rbgenr|artists-books,Artists' books,artists-books,""
9PETPV7G,rbgenr|artists-books,Artists' books,artists-books,""
9Q3N2TZR,rbgenr|artists-books,Artists' books,artists-books,""
9RS56YPI,rbgenr|artists-books,Artists' books,artists-books,""
9V5V3IJV,rbgenr|artists-books,Artists' books,artists-books,""
9WTLZIF6,rbgenr|artists-books,Artists' books,artists-books,""
A58UWPE6,rbgenr|artists-books,Artists' books,artists-books,""
A8Y3WWLT,rbgenr|artists-books,Artists' books,artists-books,""
ADU5Y5A2,rbgenr|artists-books,Artists' books,artists-books,""
AL76JTTT,rbgenr|artists-books,Artists' books,artists-books,""
ALPEB65N,rbgenr|artists-books,Artists' books,artists-books,""
AMK7SV33,rbgenr|artists-books,Artists' books,artists-books,""
AQWM6ERW,rbgenr|artists-books,Artists' books,artists-books,""
AVLL3NF2,rbgenr|artists-books,Artists' books,artists-books,""
AWDRT7MP,rbgenr|artists-books,Artists' books,artists-books,""
B4UJH6M8,rbgenr|artists-books,Artists' books,artists-books,""
B7BAU23W,rbgenr|artists-books,Artists' books,artists-books,""
B8VFLMMK,rbgenr|artists-books,Artists' books,artists-books,""
B8WYGYKE,rbgenr|artists-books,Artists' books,artists-books,""
B8ZJNK5A,rbgenr|artists-books,Artists' books,artists-books,""
BEG7EEMT,rbgenr|artists-books,Artists' books,artists-books,""
BEGIE72A,rbgenr|artists-books,Artists' books,artists-books,""
BG2NR4D6,rbgenr|artists-books,Artists' books,artists-books,""
BG5HVZHR,rbgenr|artists-books,Artists' books,artists-books,""
BH4UZFQC,rbgenr|artists-books,Artists' books,artists-books,""
BJY5YYA2,rbgenr|artists-books,Artists' books,artists-books,""
BLS98UWB,rbgenr|artists-books,Artists' books,artists-books,""
BXQDN3L5,rbgenr|artists-books,Artists' books,artists-books,""
BXSPJ495,rbgenr|artists-books,Artists' books,artists-books,""
C3B4P4Y3,rbgenr|artists-books,Artists' books,artists-books,""
C4D9RHSV,rbgenr|artists-books,Artists' books,artists-books,""
C7F3UEGR,rbgenr|artists-books,Artists' books,artists-books,""
C8NDF45L,rbgenr|artists-books,Artists' books,artists-books,""
CEPBCHVR,rbgenr|artists-books,Artists' books,artists-books,""
CH448LNE,rbgenr|artists-books,Artists' books,artists-books,""
CHPP2E96,rbgenr|artists-books,Artists' books,artists-books,""
CHX5WF2R,rbgenr|artists-books,Artists' books,artists-books,""
CMBDK8UN,rbgenr|artists-books,Artists' books,artists-books,""
CTKV7VGN,rbgenr|artists-books,Artists' books,artists-books,""
CTR5Z9WY,rbgenr|artists-books,Artists' books,artists-books,""
CUBE3RYB,rbgenr|artists-books,Artists' books,artists-books,""
CZIRSV4E,rbgenr|artists-books,Artists' books,artists-books,""
CZVTTGC9,rbgenr|artists-books,Artists' books,artists-books,""
D279AQ4J,rbgenr|artists-books,Artists' books,artists-books,""
D3JFR2V4,rbgenr|artists-books,Artists' books,artists-books,""
D4FSYW82,rbgenr|artists-books,Artists' books,artists-books,""
D54DN34M,rbgenr|artists-books,Artists' books,artists-books,""
D6KARCM6,rbgenr|artists-books,Artists' books,artists-books,""
D6UFSRJ3,rbgenr|artists-books,Artists' books,artists-books,""
DEEZ7X7J,rbgenr|artists-books,Artists' books,artists-books,""
DKR9TX9R,rbgenr|artists-books,Artists' books,artists-books,""
DM6K743I,rbgenr|artists-books,Artists' books,artists-books,""
DM8Q3L8T,rbgenr|artists-books,Artists' books,artists-books,""
DP3BFIM5,rbgenr|artists-books,Artists' books,artists-books,""
DQTENY5J,rbgenr|artists-books,Artists' books,artists-books,""
DRKDBF7J,rbgenr|artists-books,Artists' books,artists-books,""
DS9CH8N2,rbgenr|artists-books,Artists' books,artists-books,""
DX5D449I,rbgenr|artists-books,Artists' books,artists-books,""
DYLMFTMN,rbgenr|artists-books,Artists' books,artists-books,""
E39M8APP,rbgenr|artists-books,Artists' books,artists-books,""
E7CAXG2G,rbgenr|artists-books,Artists' books,artists-books,""
E7NGMDTT,rbgenr|artists-books,Artists' books,artists-books,""
E87T35BQ,rbgenr|artists-books,Artists' books,artists-books,""
E8PD4T5J,rbgenr|artists-books,Artists' books,artists-books,""
EDK3A6PZ,rbgenr|artists-books,Artists' books,artists-books,""
EFQ9QCI8,rbgenr|artists-books,Artists' books,artists-books,""
EI3AATL8,rbgenr|artists-books,Artists' books,artists-books,""
EIKKRLIA,rbgenr|artists-books,Artists' books,artists-books,""
EQ4DP84N,rbgenr|artists-books,Artists' books,artists-books,""
EXW8J6QZ,rbgenr|artists-books,Artists' books,artists-books,""
F23C6QZJ,rbgenr|artists-books,Artists' books,artists-books,""
F3KK4XXP,rbgenr|artists-books,Artists' books,artists-books,""
F8HRBN7B,rbgenr|artists-books,Artists' books,artists-books,""
FFTGLNH5,rbgenr|artists-books,Artists' books,artists-books,""
FLI84MQY,rbgenr|artists-books,Artists' books,artists-books,""
FMIBYF9B,rbgenr|artists-books,Artists' books,artists-books,""
FQ45EAIP,rbgenr|artists-books,Artists' books,artists-books,""
G387RVZH,rbgenr|artists-books,Artists' books,artists-books,""
G4KEQ6HB,rbgenr|artists-books,Artists' books,artists-books,""
G982MTB7,rbgenr|artists-books,Artists' books,artists-books,""
GBRL2J6M,rbgenr|artists-books,Artists' books,artists-books,""
GJT5CZHV,rbgenr|artists-books,Artists' books,artists-books,""
GMQDUBES,rbgenr|artists-books,Artists' books,artists-books,""
GTSUGCHT,rbgenr|artists-books,Artists' books,artists-books,""
GUFGCN5A,rbgenr|artists-books,Artists' books,artists-books,""
H4IIET5C,rbgenr|artists-books,Artists' books,artists-books,""
H4PYSMS4,rbgenr|artists-books,Artists' books,artists-books,""
H7F3RQJ3,rbgenr|artists-books,Artists' books,artists-books,""
H7WBH66E,rbgenr|artists-books,Artists' books,artists-books,""
HCD87IIF,rbgenr|artists-books,Artists' books,artists-books,""
HDJZSJAM,rbgenr|artists-books,Artists' books,artists-books,""
HFB8E94B,rbgenr|artists-books,Artists' books,artists-books,""
HFQUX6ZJ,rbgenr|artists-books,Artists' books,artists-books,""
HFXELM4H,rbgenr|artists-books,Artists' books,artists-books,""
HGNV269J,rbgenr|artists-books,Artists' books,artists-books,""
HGS2BLYY,rbgenr|artists-books,Artists' books,artists-books,""
HL59489C,rbgenr|artists-books,Artists' books,artists-books,""
HN3EETEC,rbgenr|artists-books,Artists' books,artists-books,""
HSS4ZK43,rbgenr|artists-books,Artists' books,artists-books,""
HTIYQ6GH,rbgenr|artists-books,Artists' books,artists-books,""
HTTVJ4QB,rbgenr|artists-books,Artists' books,artists-books,""
HVTMEX5V,rbgenr|artists-books,Artists' books,artists-books,""
HWYII88K,rbgenr|artists-books,Artists' books,artists-books,""
HYZYZ3DV,rbgenr|artists-books,Artists' books,artists-books,""
I4NYCWYE,rbgenr|artists-books,Artists' books,artists-books,""
I4VY5DID,rbgenr|artists-books,Artists' books,artists-books,""
I7UXXXA8,rbgenr|artists-books,Artists' books,artists-books,""
I9GJ2ZZL,rbgenr|artists-books,Artists' books,artists-books,""
IEAC6DAE,rbgenr|artists-books,Artists' books,artists-books,""
IEDYZBIT,rbgenr|artists-books,Artists' books,artists-books,""
IICEMTHK,rbgenr|artists-books,Artists' books,artists-books,""
IIM4Q6W7,rbgenr|artists-books,Artists' books,artists-books,""
IJF3W9Y7,rbgenr|artists-books,Artists' books,artists-books,""
IK9BSEPP,rbgenr|artists-books,Artists' books,artists-books,""
IR2CCJGQ,rbgenr|artists-books,Artists' books,artists-books,""
IVC94MRR,rbgenr|artists-books,Artists' books,artists-books,""
J2ISTTRH,rbgenr|artists-books,Artists' books,artists-books,""
J3K76K6L,rbgenr|artists-books,Artists' books,artists-books,""
J3T3XDBB,rbgenr|artists-books,Artists' books,artists-books,""
J76FEVKX,rbgenr|artists-books,Artists' books,artists-books,""
J984R4VM,rbgenr|artists-books,Artists' books,artists-books,""
JAMSXZ4N,rbgenr|artists-books,Artists' books,artists-books,""
JANRY9WI,rbgenr|artists-books,Artists' books,artists-books,""
JB4MGWDZ,rbgenr|artists-books,Artists' books,artists-books,""
JEGSK39S,rbgenr|artists-books,Artists' books,artists-books,""
JIHK8G9G,rbgenr|artists-books,Artists' books,artists-books,""
JIMZ3EYG,rbgenr|artists-books,Artists' books,artists-books,""
JMR6BK7A,rbgenr|artists-books,Artists' books,artists-books,""
JS5KXF9R,rbgenr|artists-books,Artists' books,artists-books,""
K4HL7A2Z,rbgenr|artists-books,Artists' books,artists-books,""
K8UI34FQ,rbgenr|artists-books,Artists' books,artists-books,""
KBWRPNM4,rbgenr|artists-books,Artists' books,artists-books,""
KCH8P7MP,rbgenr|artists-books,Artists' books,artists-books,""
KCYE4UMX,rbgenr|artists-books,Artists' books,artists-books,""
KFQDEAPW,rbgenr|artists-books,Artists' books,artists-books,""
KG26GMV2,rbgenr|artists-books,Artists' books,artists-books,""
KGRNQ2D5,rbgenr|artists-books,Artists' books,artists-books,""
KKLCWRN4,rbgenr|artists-books,Artists' books,artists-books,""
KL4S8PQK,rbgenr|artists-books,Artists' books,artists-books,""
KPULHSHT,rbgenr|artists-books,Artists' books,artists-books,""
KQAQCCDC,rbgenr|artists-books,Artists' books,artists-books,""
KYCWYCP6,rbgenr|artists-books,Artists' books,artists-books,""
L283NSJA,rbgenr|artists-books,Artists' books,artists-books,""
L4PADYRY,rbgenr|artists-books,Artists' books,artists-books,""
LAKLM7LC,rbgenr|artists-books,Artists' books,artists-books,""
LATUVAFS,rbgenr|artists-books,Artists' books,artists-books,""
LBSXCR85,rbgenr|artists-books,Artists' books,artists-books,""
LFCPXMCA,rbgenr|artists-books,Artists' books,artists-books,""
LJQ3U27C,rbgenr|artists-books,Artists' books,artists-books,""
LPSIJU9A,rbgenr|artists-books,Artists' books,artists-books,""
LSQPJHQA,rbgenr|artists-books,Artists' books,artists-books,""
LUA2KJ8S,rbgenr|artists-books,Artists' books,artists-books,""
LVMSMFE7,rbgenr|artists-books,Artists' books,artists-books,""
M3K5YCZU,rbgenr|artists-books,Artists' books,artists-books,""
M5M79K5V,rbgenr|artists-books,Artists' books,artists-books,""
M6U6SUGC,rbgenr|artists-books,Artists' books,artists-books,""
M8D9EAW6,rbgenr|artists-books,Artists' books,artists-books,""
M9L7LX64,rbgenr|artists-books,Artists' books,artists-books,""
MCKHVVGZ,rbgenr|artists-books,Artists' books,artists-books,""
MDA4XCB6,rbgenr|artists-books,Artists' books,artists-books,""
ME8EJ4MR,rbgenr|artists-books,Artists' books,artists-books,""
MF5VGVZI,rbgenr|artists-books,Artists' books,artists-books,""
MIS8VZ7H,rbgenr|artists-books,Artists' books,artists-books,""
MK25PC2D,rbgenr|artists-books,Artists' books,artists-books,""
MT6GYKSF,rbgenr|artists-books,Artists' books,artists-books,""
MW8HEJRI,rbgenr|artists-books,Artists' books,artists-books,""
MZPSTNAE,rbgenr|artists-books,Artists' books,artists-books,""
N9DX63MC,rbgenr|artists-books,Artists' books,artists-books,""
NGUV2S3D,rbgenr|artists-books,Artists' books,artists-books,""
NHZ42U32,rbgenr|artists-books,Artists' books,artists-books,""
NM8I98TM,rbgenr|artists-books,Artists' books,artists-books,""
NU9WVERF,rbgenr|artists-books,Artists' books,artists-books,""
NULLZFXS,rbgenr|artists-books,Artists' books,artists-books,""
NWAHSQ7F,rbgenr|artists-books,Artists' books,artists-books,""
NYXXDQXK,rbgenr|artists-books,Artists' books,artists-books,""
P3PSZ4QG,rbgenr|artists-books,Artists' books,artists-books,""
P5QZQFUR,rbgenr|artists-books,Artists' books,artists-books,""
P7TD2598,rbgenr|artists-books,Artists' books,artists-books,""
P8PWEM6N,rbgenr|artists-books,Artists' books,artists-books,""
PISZM9PX,rbgenr|artists-books,Artists' books,artists-books,""
PLHXU25M,rbgenr|artists-books,Artists' books,artists-books,""
PLJLN4J9,rbgenr|artists-books,Artists' books,artists-books,""
PPMP9Q4G,rbgenr|artists-books,Artists' books,artists-books,""
PTWIVSFP,rbgenr|artists-books,Artists' books,artists-books,""
Q2YF7SWH,rbgenr|artists-books,Artists' books,artists-books,""
Q9LATMS8,rbgenr|artists-books,Artists' books,artists-books,""
Q9RP7BWJ,rbgenr|artists-books,Artists' books,artists-books,""
QAJ59H3Q,rbgenr|artists-books,Artists' books,artists-books,""
QKTQW8WP,rbgenr|artists-books,Artists' books,artists-books,""
QMLS4LIW,rbgenr|artists-books,Artists' books,artists-books,""
QQ3KJW4V,rbgenr|artists-books,Artists' books,artists-books,""
QQ8I682I,rbgenr|artists-books,Artists' books,artists-books,""
QQCYRRMF,rbgenr|artists-books,Artists' books,artists-books,""
QTHEXVUX,rbgenr|artists-books,Artists' books,artists-books,""
QTY2PV7X,rbgenr|artists-books,Artists' books,artists-books,""
QUM9264J,rbgenr|artists-books,Artists' books,artists-books,""
QUSEHVFE,rbgenr|artists-books,Artists' books,artists-books,""
QWNGF46C,rbgenr|artists-books,Artists' books,artists-books,""
QZLKA3QN,rbgenr|artists-books,Artists' books,artists-books,""
R9R2NFIR,rbgenr|artists-books,Artists' books,artists-books,""
RARFGX5B,rbgenr|artists-books,Artists' books,artists-books,""
RBB6Y7BA,rbgenr|artists-books,Artists' books,artists-books,""
RK4ZBWCA,rbgenr|artists-books,Artists' books,artists-books,""
RLMS7QUG,rbgenr|artists-books,Artists' books,artists-books,""
RLZL49AA,rbgenr|artists-books,Artists' books,artists-books,""
RXAENUGK,rbgenr|artists-books,Artists' books,artists-books,""
RY4J85DL,rbgenr|artists-books,Artists' books,artists-books,""
S7VI4RD4,rbgenr|artists-books,Artists' books,artists-books,""
SC8UU6RU,rbgenr|artists-books,Artists' books,artists-books,""
SEL3ZY9W,rbgenr|artists-books,Artists' books,artists-books,""
SFDAWKGK,rbgenr|artists-books,Artists' books,artists-books,""
SKVW6EH5,rbgenr|artists-books,Artists' books,artists-books,""
SNG6FS2J,rbgenr|artists-books,Artists' books,artists-books,""
SPY7J7XK,rbgenr|artists-books,Artists' books,artists-books,""
SRQQB8ED,rbgenr|artists-books,Artists' books,artists-books,""
ST3XA9HK,rbgenr|artists-books,Artists' books,artists-books,""
SVPSIBNV,rbgenr|artists-books,Artists' books,artists-books,""
SVQAGSQ9,rbgenr|artists-books,Artists' books,artists-books,""
SVZACDM5,rbgenr|artists-books,Artists' books,artists-books,""
SXWZDBF8,rbgenr|artists-books,Artists' books,artists-books,""
T4BXHHP9,rbgenr|artists-books,Artists' books,artists-books,""
T8FCGJ43,rbgenr|artists-books,Artists' books,artists-books,""
TBXB95DV,rbgenr|artists-books,Artists' books,artists-books,""
TCZFTLLI,rbgenr|artists-books,Artists' books,artists-books,""
TD5PIJUA,rbgenr|artists-books,Artists' books,artists-books,""
TEHB9X5Z,rbgenr|artists-books,Artists' books,artists-books,""
TM3XLQPU,rbgenr|artists-books,Artists' books,artists-books,""
TSJMT35E,rbgenr|artists-books,Artists' books,artists-books,""
TX77ZJ5I,rbgenr|artists-books,Artists' books,artists-books,""
U3IEP98M,rbgenr|artists-books,Artists' books,artists-books,""
U44WQCE7,rbgenr|artists-books,Artists' books,artists-books,""
U4EHSVRD,rbgenr|artists-books,Artists' books,artists-books,""
U6I7S3FK,rbgenr|artists-books,Artists' books,artists-books,""
U7KACPCW,rbgenr|artists-books,Artists' books,artists-books,""
UCIX67E8,rbgenr|artists-books,Artists' books,artists-books,""
UG34TEZ6,rbgenr|artists-books,Artists' books,artists-books,""
UIW5594S,rbgenr|artists-books,Artists' books,artists-books,""
UMFLI2AL,rbgenr|artists-books,Artists' books,artists-books,""
UPFDFK4C,rbgenr|artists-books,Artists' books,artists-books,""
UV85Y7WW,rbgenr|artists-books,Artists' books,artists-books,""
UX9YRGDW,rbgenr|artists-books,Artists' books,artists-books,""
UZHIE4CJ,rbgenr|artists-books,Artists' books,artists-books,""
V28C8GLQ,rbgenr|artists-books,Artists' books,artists-books,""
V3934PPK,rbgenr|artists-books,Artists' books,artists-books,""
V8FPC5CT,rbgenr|artists-books,Artists' books,artists-books,""
VAWYME5V,rbgenr|artists-books,Artists' books,artists-books,""
VD2PJ34S,rbgenr|artists-books,Artists' books,artists-books,""
VD4UBR8V,rbgenr|artists-books,Artists' books,artists-books,""
VDJG365Z,rbgenr|artists-books,Artists' books,artists-books,""
VEPG3Z7I,rbgenr|artists-books,Artists' books,artists-books,""
VHAM5RQK,rbgenr|artists-books,Artists' books,artists-books,""
VI34TH4I,rbgenr|artists-books,Artists' books,artists-books,""
VQZ8QPGM,rbgenr|artists-books,Artists' books,artists-books,""
VTQDMSMF,rbgenr|artists-books,Artists' books,artists-books,""
VTTXR4GW,rbgenr|artists-books,Artists' books,artists-books,""
VTWFMQ9S,rbgenr|artists-books,Artists' books,artists-books,""
VVS34GND,rbgenr|artists-books,Artists' books,artists-books,""
VXF6IXK6,rbgenr|artists-books,Artists' books,artists-books,""
W3966GFV,rbgenr|artists-books,Artists' books,artists-books,""
W3LKQVQU,rbgenr|artists-books,Artists' books,artists-books,""
W7G4ASSZ,rbgenr|artists-books,Artists' books,artists-books,""
W8DUW554,rbgenr|artists-books,Artists' books,artists-books,""
W9TP8QRR,rbgenr|artists-books,Artists' books,artists-books,""
WAFFYJKA,rbgenr|artists-books,Artists' books,artists-books,""
WN7PEYGD,rbgenr|artists-books,Artists' books,artists-books,""
WTGU4KKL,rbgenr|artists-books,Artists' books,artists-books,""
WW8HQU5G,rbgenr|artists-books,Artists' books,artists-books,""
WWRRWJRC,rbgenr|artists-books,Artists' books,artists-books,""
WZPZZDNA,rbgenr|artists-books,Artists' books,artists-books,""
X4UAGICF,rbgenr|artists-books,Artists' books,artists-books,""
X6R8YEYT,rbgenr|artists-books,Artists' books,artists-books,""
X7HNDNYC,rbgenr|artists-books,Artists' books,artists-books,""
XCNZH5JW,rbgenr|artists-books,Artists' books,artists-books,""
XEU7EZ2P,rbgenr|artists-books,Artists' books,artists-books,""
XF4H3MTQ,rbgenr|artists-books,Artists' books,artists-books,""
XHJYNMXL,rbgenr|artists-books,Artists' books,artists-books,""
XISATTGT,rbgenr|artists-books,Artists' books,artists-books,""
XJS8U8RI,rbgenr|artists-books,Artists' books,artists-books,""
XRIU5VPT,rbgenr|artists-books,Artists' books,artists-books,""
XVAAJ9WU,rbgenr|artists-books,Artists' books,artists-books,""
XYBN2M9W,rbgenr|artists-books,Artists' books,artists-books,""
XYEPLXUV,rbgenr|artists-books,Artists' books,artists-books,""
Y4KSEC3Q,rbgenr|artists-books,Artists' books,artists-books,""
YAYXVHRX,rbgenr|artists-books,Artists' books,artists-books,""
YFVRIN9K,rbgenr|artists-books,Artists' books,artists-books,""
YIENDL7S,rbgenr|artists-books,Artists' books,artists-books,""
YJGED547,rbgenr|artists-books,Artists' books,artists-books,""
YP3I3AVI,rbgenr|artists-books,Artists' books,artists-books,""
YPA8QSBZ,rbgenr|artists-books,Artists' books,artists-books,""
YUER43H3,rbgenr|artists-books,Artists' books,artists-books,""
YXINDMNI,rbgenr|artists-books,Artists' books,artists-books,""
Z9VTVZ3D,rbgenr|artists-books,Artists' books,artists-books,""
ZHWPEZ8M,rbgenr|artists-books,Artists' books,artists-books,""
ZM4EWAVM,rbgenr|artists-books,Artists' books,artists-books,""
ZM6FU2ZZ,rbgenr|artists-books,Artists' books,artists-books,""
ZN5SW8HZ,rbgenr|artists-books,Artists' books,artists-books,""
ZN9SRJ7H,rbgenr|artists-books,Artists' books,artists-books,""
ZQRJEQDG,rbgenr|artists-books,Artists' books,artists-books,""
ZTGUNNZP,rbgenr|artists-books,Artists' books,artists-books,""
ZUIUSYD9,rbgenr|artists-books,Artists' books,artists-books,""
ZUT64SS7,rbgenr|artists-books,Artists' books,artists-books,""
ZZT9H7HE,rbgenr|artists-books,Artists' books,artists-books,""
43FXNU5W,rbgenr|artists-books,Artists' books.,artists-books,""
7NRMYH5Y,rbgenr|artists-books,Artists' books.,artists-books,""
C7MEVSQD,rbgenr|artists-books,Artists' books.,artists-books,""
ETFHJ7GV,rbgenr|artists-books,Artists' books.,artists-books,""
JAMSXZ4N,rbgenr|artists-books,Artists' books.,artists-books,""
JQDU3U4S,rbgenr|artists-books,Artists' books.,artists-books,""
KJJIY88T,rbgenr|artists-books,Artists' books.,artists-books,""
QEM42WV8,rbgenr|artists-books,Artists' books.,artists-books,""
QHRECDDW,rbgenr|artists-books,Artists' books.,artists-books,""
S953V8YQ,rbgenr|artists-books,Artists' books.,artists-books,""
SSWZKPLC,rbgenr|artists-books,Artists' books.,artists-books,""
T9M9KVN6,rbgenr|artists-books,Artists' books.,artists-books,""
Y23Z6L4Q,rbgenr|artists-books,Artists' books.,artists-books,""
YQ4QW52L,rbgenr|artists-books,Artists' books.,artists-books,""
XF4H3MTQ,rbgenr|broadsides,Broadsides,broadsides,""
TXFACQVC,rbgenr|coloring-books,Coloring Books,coloring-books,""
7FBES7Z8,rbgenr|concrete-poems,Concrete poems,concrete-poems,""
ZLHFBPGY,rbgenr|concrete-poems,Concrete poems,concrete-poems,""
C7MEVSQD,rbgenr|concrete-poems,Concrete poems.,concrete-poems,""
D279AQ4J,rbgenr|concrete-poems,Concrete poems.,concrete-poems,""
YF9ZRTZ6,rbgenr|exhibition-catalogs,Exhibition catalogs.,exhibition-catalogs,""
W3LKQVQU,rbgenr|metamorphic-pictures,Metamorphic pictures.,metamorphic-pictures,""
7FBES7Z8,rbgenr|poems,Poems,poems,""
QUJ6S7Q6,rbgenr|poems,Poems.,poems,""
MDA4XCB6,rbgenr|sample-books,Sample books.,sample-books,""
ULSN236N,rbgen|artists-books,Artists' books,artists-books,""
2BBEMJ2K,rbmscv|accordion-fold-format,Accordion fold format,accordion-fold-format,""
F8PBXTE5,rbmscv|accordion-fold-format,Accordion fold format,accordion-fold-format,""
KD3JZULN,rbmscv|accordion-fold-format,Accordion fold format,accordion-fold-format,""
LKQLU3H2,rbmscv|accordion-fold-format,Accordion fold format,accordion-fold-format,""
QGW224K2,rbmscv|accordion-fold-format,Accordion fold format,accordion-fold-format,""
UJ4MWNSR,rbmscv|accordion-fold-format,Accordion fold format,accordion-fold-format,""
Y2JME5T5,rbmscv|accordion-fold-format,Accordion fold format,accordion-fold-format,""
ZFVLHJ4P,rbmscv|accordion-fold-format,Accordion fold format,accordion-fold-format,""
NL4RKNDV,rbmscv|alphabet-books,Alphabet books,alphabet-books,""
23ZX86U5,rbmscv|artists-books,Artists' books,artists-books,""
263JJYU2,rbmscv|artists-books,Artists' books,artists-books,""
29KNQX5X,rbmscv|artists-books,Artists' books,artists-books,""
2BBEMJ2K,rbmscv|artists-books,Artists' books,artists-books,""
2DZL4S9B,rbmscv|artists-books,Artists' books,artists-books,""
2GVG6DPZ,rbmscv|artists-books,Artists' books,artists-books,""
2RANA3EA,rbmscv|artists-books,Artists' books,artists-books,""
2V9PKH9N,rbmscv|artists-books,Artists' books,artists-books,""
2W368KM7,rbmscv|artists-books,Artists' books,artists-books,""
2X8EKNSF,rbmscv|artists-books,Artists' books,artists-books,""
2Y74UZ69,rbmscv|artists-books,Artists' books,artists-books,""
32FH4LTM,rbmscv|artists-books,Artists' books,artists-books,""
35PYDJJX,rbmscv|artists-books,Artists' books,artists-books,""
367HVISM,rbmscv|artists-books,Artists' books,artists-books,""
37P86AJJ,rbmscv|artists-books,Artists' books,artists-books,""
383FWS27,rbmscv|artists-books,Artists' books,artists-books,""
39QV7IXD,rbmscv|artists-books,Artists' books,artists-books,""
3DAHFTMR,rbmscv|artists-books,Artists' books,artists-books,""
3JM8WQ5E,rbmscv|artists-books,Artists' books,artists-books,""
3KX9RY53,rbmscv|artists-books,Artists' books,artists-books,""
3P75FBKY,rbmscv|artists-books,Artists' books,artists-books,""
3Q5EQVVJ,rbmscv|artists-books,Artists' books,artists-books,""
3QNPUMQK,rbmscv|artists-books,Artists' books,artists-books,""
3XZCC9CU,rbmscv|artists-books,Artists' books,artists-books,""
3YW88G5W,rbmscv|artists-books,Artists' books,artists-books,""
44H3J4PE,rbmscv|artists-books,Artists' books,artists-books,""
4AZIUYEF,rbmscv|artists-books,Artists' books,artists-books,""
4F96YEAW,rbmscv|artists-books,Artists' books,artists-books,""
4IF8QJ72,rbmscv|artists-books,Artists' books,artists-books,""
4KEMFYE5,rbmscv|artists-books,Artists' books,artists-books,""
4MB2YUMV,rbmscv|artists-books,Artists' books,artists-books,""
4N9N5ITB,rbmscv|artists-books,Artists' books,artists-books,""
4PHX8LAE,rbmscv|artists-books,Artists' books,artists-books,""
4QFAMBK2,rbmscv|artists-books,Artists' books,artists-books,""
4VQMM7CD,rbmscv|artists-books,Artists' books,artists-books,""
4WE9G7DD,rbmscv|artists-books,Artists' books,artists-books,""
4ZPTZSCC,rbmscv|artists-books,Artists' books,artists-books,""
557V974R,rbmscv|artists-books,Artists' books,artists-books,""
5ALA4GFL,rbmscv|artists-books,Artists' books,artists-books,""
5C9IGFYL,rbmscv|artists-books,Artists' books,artists-books,""
5D5ENP7E,rbmscv|artists-books,Artists' books,artists-books,""
5EXRESMM,rbmscv|artists-books,Artists' books,artists-books,""
5HHE3PGA,rbmscv|artists-books,Artists' books,artists-books,""
5IABCDQ2,rbmscv|artists-books,Artists' books,artists-books,""
5IAMT5AG,rbmscv|artists-books,Artists' books,artists-books,""
5RB6ICNW,rbmscv|artists-books,Artists' books,artists-books,""
5UH49VPB,rbmscv|artists-books,Artists' books,artists-books,""
5XN9NXJN,rbmscv|artists-books,Artists' books,artists-books,""
655Q5W29,rbmscv|artists-books,Artists' books,artists-books,""
6AJL6PMA,rbmscv|artists-books,Artists' books,artists-books,""
6FI5TCVI,rbmscv|artists-books,Artists' books,artists-books,""
6IHX7NMK,rbmscv|artists-books,Artists' books,artists-books,""
6P7KIBRR,rbmscv|artists-books,Artists' books,artists-books,""
6RF8HSSV,rbmscv|artists-books,Artists' books,artists-books,""
7674ZGWX,rbmscv|artists-books,Artists' books,artists-books,""
7HLUMAST,rbmscv|artists-books,Artists' books,artists-books,""
7I6788FS,rbmscv|artists-books,Artists' books,artists-books,""
7J86PE5Z,rbmscv|artists-books,Artists' books,artists-books,""
7JQKB49X,rbmscv|artists-books,Artists' books,artists-books,""
7KVJ7UIJ,rbmscv|artists-books,Artists' books,artists-books,""
7NHCK9MP,rbmscv|artists-books,Artists' books,artists-books,""
7WDIRNYR,rbmscv|artists-books,Artists' books,artists-books,""
7WH9EZMQ,rbmscv|artists-books,Artists' books,artists-books,""
839TV2UJ,rbmscv|artists-books,Artists' books,artists-books,""
83JLLNSN,rbmscv|artists-books,Artists' books,artists-books,""
8ABPWW6Z,rbmscv|artists-books,Artists' books,artists-books,""
8G3ALPK6,rbmscv|artists-books,Artists' books,artists-books,""
8JFSGGTG,rbmscv|artists-books,Artists' books,artists-books,""
8PTXNY8I,rbmscv|artists-books,Artists' books,artists-books,""
8QUUL6WS,rbmscv|artists-books,Artists' books,artists-books,""
8VUV28E7,rbmscv|artists-books,Artists' books,artists-books,""
8YJUR4SY,rbmscv|artists-books,Artists' books,artists-books,""
95H4A6JA,rbmscv|artists-books,Artists' books,artists-books,""
9HS8JQQM,rbmscv|artists-books,Artists' books,artists-books,""
9KXW6GPB,rbmscv|artists-books,Artists' books,artists-books,""
A38WLAAU,rbmscv|artists-books,Artists' books,artists-books,""
AAEXGG89,rbmscv|artists-books,Artists' books,artists-books,""
ACZ5VEVR,rbmscv|artists-books,Artists' books,artists-books,""
ADNLTPIJ,rbmscv|artists-books,Artists' books,artists-books,""
ADP7A5HH,rbmscv|artists-books,Artists' books,artists-books,""
AFM9EU3A,rbmscv|artists-books,Artists' books,artists-books,""
AHZZP9XL,rbmscv|artists-books,Artists' books,artists-books,""
AJXHZLKV,rbmscv|artists-books,Artists' books,artists-books,""
APBUXLWA,rbmscv|artists-books,Artists' books,artists-books,""
ATXQXDCM,rbmscv|artists-books,Artists' books,artists-books,""
AWWV23WS,rbmscv|artists-books,Artists' books,artists-books,""
AYAGIVRF,rbmscv|artists-books,Artists' books,artists-books,""
B6EWIRZ9,rbmscv|artists-books,Artists' books,artists-books,""
B7X5M485,rbmscv|artists-books,Artists' books,artists-books,""
BHY5PY4X,rbmscv|artists-books,Artists' books,artists-books,""
BKGHTBYL,rbmscv|artists-books,Artists' books,artists-books,""
BL68LT7T,rbmscv|artists-books,Artists' books,artists-books,""
BQZRQGM2,rbmscv|artists-books,Artists' books,artists-books,""
BRAK439D,rbmscv|artists-books,Artists' books,artists-books,""
BYKUDLBH,rbmscv|artists-books,Artists' books,artists-books,""
C8TR84N6,rbmscv|artists-books,Artists' books,artists-books,""
CDHHAFU6,rbmscv|artists-books,Artists' books,artists-books,""
CE4BLK47,rbmscv|artists-books,Artists' books,artists-books,""
CHCWV92Y,rbmscv|artists-books,Artists' books,artists-books,""
CI5BSLVI,rbmscv|artists-books,Artists' books,artists-books,""
CJMLGQLV,rbmscv|artists-books,Artists' books,artists-books,""
CLSC23VG,rbmscv|artists-books,Artists' books,artists-books,""
CUFBLHX2,rbmscv|artists-books,Artists' books,artists-books,""
D3FAVR3S,rbmscv|artists-books,Artists' books,artists-books,""
D6WZYP9X,rbmscv|artists-books,Artists' books,artists-books,""
DDIDAEFG,rbmscv|artists-books,Artists' books,artists-books,""
DFGM4MYQ,rbmscv|artists-books,Artists' books,artists-books,""
DFMDL54I,rbmscv|artists-books,Artists' books,artists-books,""
DFS3H4VN,rbmscv|artists-books,Artists' books,artists-books,""
DG3FHB3X,rbmscv|artists-books,Artists' books,artists-books,""
DGMKF555,rbmscv|artists-books,Artists' books,artists-books,""
DJVUT7UH,rbmscv|artists-books,Artists' books,artists-books,""
DKWD6KQF,rbmscv|artists-books,Artists' books,artists-books,""
DMJGW4DV,rbmscv|artists-books,Artists' books,artists-books,""
DPUHYZE5,rbmscv|artists-books,Artists' books,artists-books,""
DQR99J3X,rbmscv|artists-books,Artists' books,artists-books,""
DVBP2ZX8,rbmscv|artists-books,Artists' books,artists-books,""
E39HWSLV,rbmscv|artists-books,Artists' books,artists-books,""
E4NC7U8P,rbmscv|artists-books,Artists' books,artists-books,""
EC55TB6L,rbmscv|artists-books,Artists' books,artists-books,""
ECWCRT4G,rbmscv|artists-books,Artists' books,artists-books,""
ELKU47J5,rbmscv|artists-books,Artists' books,artists-books,""
ETY3IKDB,rbmscv|artists-books,Artists' books,artists-books,""
EXLW2JAI,rbmscv|artists-books,Artists' books,artists-books,""
F32V7ZFG,rbmscv|artists-books,Artists' books,artists-books,""
F8PBXTE5,rbmscv|artists-books,Artists' books,artists-books,""
FB75FLIE,rbmscv|artists-books,Artists' books,artists-books,""
FBITRLRL,rbmscv|artists-books,Artists' books,artists-books,""
FCMN5SI3,rbmscv|artists-books,Artists' books,artists-books,""
FNNC4NDH,rbmscv|artists-books,Artists' books,artists-books,""
FNZCZ4B6,rbmscv|artists-books,Artists' books,artists-books,""
FPE5EJ9G,rbmscv|artists-books,Artists' books,artists-books,""
FSJCJQ4W,rbmscv|artists-books,Artists' books,artists-books,""
FVASQX8M,rbmscv|artists-books,Artists' books,artists-books,""
FVPCDLCH,rbmscv|artists-books,Artists' books,artists-books,""
FYJB55Y7,rbmscv|artists-books,Artists' books,artists-books,""
FYZ52K9H,rbmscv|artists-books,Artists' books,artists-books,""
G2SRVX4C,rbmscv|artists-books,Artists' books,artists-books,""
GAJBGCFM,rbmscv|artists-books,Artists' books,artists-books,""
GE653HAU,rbmscv|artists-books,Artists' books,artists-books,""
GF9CWKTV,rbmscv|artists-books,Artists' books,artists-books,""
GHT2A78E,rbmscv|artists-books,Artists' books,artists-books,""
GICVNA55,rbmscv|artists-books,Artists' books,artists-books,""
GKVALR3V,rbmscv|artists-books,Artists' books,artists-books,""
GNV8Z2DV,rbmscv|artists-books,Artists' books,artists-books,""
GZC5J3E5,rbmscv|artists-books,Artists' books,artists-books,""
H2RAMU8E,rbmscv|artists-books,Artists' books,artists-books,""
H5TYFUIU,rbmscv|artists-books,Artists' books,artists-books,""
H7X35XED,rbmscv|artists-books,Artists' books,artists-books,""
H88YESS8,rbmscv|artists-books,Artists' books,artists-books,""
HA7KCJ8L,rbmscv|artists-books,Artists' books,artists-books,""
HBU7WVBB,rbmscv|artists-books,Artists' books,artists-books,""
HH5GIC3E,rbmscv|artists-books,Artists' books,artists-books,""
HI6RR8SF,rbmscv|artists-books,Artists' books,artists-books,""
HQN5HH5Z,rbmscv|artists-books,Artists' books,artists-books,""
HZCY87KY,rbmscv|artists-books,Artists' books,artists-books,""
I38ULPLF,rbmscv|artists-books,Artists' books,artists-books,""
I8VXEVTA,rbmscv|artists-books,Artists' books,artists-books,""
IBNSLUJE,rbmscv|artists-books,Artists' books,artists-books,""
IC2PEHZ9,rbmscv|artists-books,Artists' books,artists-books,""
IHNJFWFT,rbmscv|artists-books,Artists' books,artists-books,""
IJZRUWSY,rbmscv|artists-books,Artists' books,artists-books,""
IMBHLCKN,rbmscv|artists-books,Artists' books,artists-books,""
IQ4IBNZI,rbmscv|artists-books,Artists' books,artists-books,""
IX22R2VB,rbmscv|artists-books,Artists' books,artists-books,""
J2Y8TU6U,rbmscv|artists-books,Artists' books,artists-books,""
J495JUND,rbmscv|artists-books,Artists' books,artists-books,""
J6YJWAQZ,rbmscv|artists-books,Artists' books,artists-books,""
J75PXUG5,rbmscv|artists-books,Artists' books,artists-books,""
JDWGDC78,rbmscv|artists-books,Artists' books,artists-books,""
JIFQWBJI,rbmscv|artists-books,Artists' books,artists-books,""
JJ89FVXX,rbmscv|artists-books,Artists' books,artists-books,""
K2WSF32T,rbmscv|artists-books,Artists' books,artists-books,""
K7X9FUZV,rbmscv|artists-books,Artists' books,artists-books,""
K9Q5XIGB,rbmscv|artists-books,Artists' books,artists-books,""
KAN3EDID,rbmscv|artists-books,Artists' books,artists-books,""
KD3JZULN,rbmscv|artists-books,Artists' books,artists-books,""
KDK4CKHQ,rbmscv|artists-books,Artists' books,artists-books,""
KDVCR942,rbmscv|artists-books,Artists' books,artists-books,""
KIW88E9A,rbmscv|artists-books,Artists' books,artists-books,""
KWVCNB66,rbmscv|artists-books,Artists' books,artists-books,""
L4G5UQCN,rbmscv|artists-books,Artists' books,artists-books,""
L524DZTF,rbmscv|artists-books,Artists' books,artists-books,""
L7VCRUPY,rbmscv|artists-books,Artists' books,artists-books,""
LAZ7IRLG,rbmscv|artists-books,Artists' books,artists-books,""
LC2US9AI,rbmscv|artists-books,Artists' books,artists-books,""
LGMZNHFR,rbmscv|artists-books,Artists' books,artists-books,""
LKQLU3H2,rbmscv|artists-books,Artists' books,artists-books,""
LLMVL4I6,rbmscv|artists-books,Artists' books,artists-books,""
LMMBZ2D6,rbmscv|artists-books,Artists' books,artists-books,""
LNTWUDZV,rbmscv|artists-books,Artists' books,artists-books,""
LR6PYIUK,rbmscv|artists-books,Artists' books,artists-books,""
LS3KBVE6,rbmscv|artists-books,Artists' books,artists-books,""
LSKMWY8K,rbmscv|artists-books,Artists' books,artists-books,""
LTZ95FTJ,rbmscv|artists-books,Artists' books,artists-books,""
M9R9WXM4,rbmscv|artists-books,Artists' books,artists-books,""
MBTW8NEJ,rbmscv|artists-books,Artists' books,artists-books,""
MH5LPEX5,rbmscv|artists-books,Artists' books,artists-books,""
MIFTF8L3,rbmscv|artists-books,Artists' books,artists-books,""
MMUB7EQL,rbmscv|artists-books,Artists' books,artists-books,""
MNNDUVP6,rbmscv|artists-books,Artists' books,artists-books,""
MQ2WLD23,rbmscv|artists-books,Artists' books,artists-books,""
N49LT8RV,rbmscv|artists-books,Artists' books,artists-books,""
N5VQWN98,rbmscv|artists-books,Artists' books,artists-books,""
NB8UT686,rbmscv|artists-books,Artists' books,artists-books,""
NCLSBIGU,rbmscv|artists-books,Artists' books,artists-books,""
NDKM4WTW,rbmscv|artists-books,Artists' books,artists-books,""
NDPFINYQ,rbmscv|artists-books,Artists' books,artists-books,""
NE75JB3Z,rbmscv|artists-books,Artists' books,artists-books,""
NEIV6P5W,rbmscv|artists-books,Artists' books,artists-books,""
NKAVGZNL,rbmscv|artists-books,Artists' books,artists-books,""
NKUVZWQU,rbmscv|artists-books,Artists' books,artists-books,""
NP4CPLNF,rbmscv|artists-books,Artists' books,artists-books,""
NX5ZWM4B,rbmscv|artists-books,Artists' books,artists-books,""
NZ7SXX8E,rbmscv|artists-books,Artists' books,artists-books,""
P3MC8LVE,rbmscv|artists-books,Artists' books,artists-books,""
PAHHAVN2,rbmscv|artists-books,Artists' books,artists-books,""
PLRU6FDT,rbmscv|artists-books,Artists' books,artists-books,""
PR7GRMT9,rbmscv|artists-books,Artists' books,artists-books,""
PVABAGAH,rbmscv|artists-books,Artists' books,artists-books,""
PVQIAWIQ,rbmscv|artists-books,Artists' books,artists-books,""
PZ4SHSWT,rbmscv|artists-books,Artists' books,artists-books,""
QA2BN7XW,rbmscv|artists-books,Artists' books,artists-books,""
QAIQLKUF,rbmscv|artists-books,Artists' books,artists-books,""
QBKUI8GG,rbmscv|artists-books,Artists' books,artists-books,""
QC7N6Q85,rbmscv|artists-books,Artists' books,artists-books,""
QG6C4UVE,rbmscv|artists-books,Artists' books,artists-books,""
QGW224K2,rbmscv|artists-books,Artists' books,artists-books,""
QKXVZ4DQ,rbmscv|artists-books,Artists' books,artists-books,""
QQ26PJLJ,rbmscv|artists-books,Artists' books,artists-books,""
QQRPZNYY,rbmscv|artists-books,Artists' books,artists-books,""
R5IENKP8,rbmscv|artists-books,Artists' books,artists-books,""
R63KV8DQ,rbmscv|artists-books,Artists' books,artists-books,""
R6XXXWZD,rbmscv|artists-books,Artists' books,artists-books,""
RNWDT5TP,rbmscv|artists-books,Artists' books,artists-books,""
RVXU6YUA,rbmscv|artists-books,Artists' books,artists-books,""
RZY9JZ5M,rbmscv|artists-books,Artists' books,artists-books,""
S59MHBI8,rbmscv|artists-books,Artists' books,artists-books,""
S7KC6XW2,rbmscv|artists-books,Artists' books,artists-books,""
S9M4MBWE,rbmscv|artists-books,Artists' books,artists-books,""
SAUX797P,rbmscv|artists-books,Artists' books,artists-books,""
SH9DG4XH,rbmscv|artists-books,Artists' books,artists-books,""
SHNAVUTT,rbmscv|artists-books,Artists' books,artists-books,""
SINBPBSF,rbmscv|artists-books,Artists' books,artists-books,""
SY3STLBI,rbmscv|artists-books,Artists' books,artists-books,""
SY7EKGG9,rbmscv|artists-books,Artists' books,artists-books,""
SZBXI3ZB,rbmscv|artists-books,Artists' books,artists-books,""
T8LJZ2SP,rbmscv|artists-books,Artists' books,artists-books,""
TBJA73PF,rbmscv|artists-books,Artists' books,artists-books,""
TDN53QNW,rbmscv|artists-books,Artists' books,artists-books,""
TJHC4JMB,rbmscv|artists-books,Artists' books,artists-books,""
TJPB43HK,rbmscv|artists-books,Artists' books,artists-books,""
TKH4J8QA,rbmscv|artists-books,Artists' books,artists-books,""
TMUTSH2R,rbmscv|artists-books,Artists' books,artists-books,""
TZ4ZBB3Z,rbmscv|artists-books,Artists' books,artists-books,""
U2NFY6MI,rbmscv|artists-books,Artists' books,artists-books,""
U6KMRMDG,rbmscv|artists-books,Artists' books,artists-books,""
U892DIRP,rbmscv|artists-books,Artists' books,artists-books,""
UG92TM6X,rbmscv|artists-books,Artists' books,artists-books,""
UI8JLRTB,rbmscv|artists-books,Artists' books,artists-books,""
UIXK9R42,rbmscv|artists-books,Artists' books,artists-books,""
UJ5VW779,rbmscv|artists-books,Artists' books,artists-books,""
URGF5WQN,rbmscv|artists-books,Artists' books,artists-books,""
UTGYZH5Q,rbmscv|artists-books,Artists' books,artists-books,""
UV3QGUM3,rbmscv|artists-books,Artists' books,artists-books,""
UXUDHDQM,rbmscv|artists-books,Artists' books,artists-books,""
VAI6IIYY,rbmscv|artists-books,Artists' books,artists-books,""
VF84BK8A,rbmscv|artists-books,Artists' books,artists-books,""
VIRGHDXH,rbmscv|artists-books,Artists' books,artists-books,""
VQPJFJEY,rbmscv|artists-books,Artists' books,artists-books,""
VR5JCJ59,rbmscv|artists-books,Artists' books,artists-books,""
VRSBV8YK,rbmscv|artists-books,Artists' books,artists-books,""
VT833RRH,rbmscv|artists-books,Artists' books,artists-books,""
VTUB34MK,rbmscv|artists-books,Artists' books,artists-books,""
VXZ5F8G5,rbmscv|artists-books,Artists' books,artists-books,""
W69DC8CD,rbmscv|artists-books,Artists' books,artists-books,""
W82MUC33,rbmscv|artists-books,Artists' books,artists-books,""
W99EI378,rbmscv|artists-books,Artists' books,artists-books,""
WD7GKC3E,rbmscv|artists-books,Artists' books,artists-books,""
WJC6YRZM,rbmscv|artists-books,Artists' books,artists-books,""
WNYTGTH7,rbmscv|artists-books,Artists' books,artists-books,""
WRNYAPQQ,rbmscv|artists-books,Artists' books,artists-books,""
WXG8IUKE,rbmscv|artists-books,Artists' books,artists-books,""
WYI4627M,rbmscv|artists-books,Artists' books,artists-books,""
WYUUF35G,rbmscv|artists-books,Artists' books,artists-books,""
X5F4KFJ8,rbmscv|artists-books,Artists' books,artists-books,""
X82KVB85,rbmscv|artists-books,Artists' books,artists-books,""
XD7IF8WQ,rbmscv|artists-books,Artists' books,artists-books,""
XFQMFX5K,rbmscv|artists-books,Artists' books,artists-books,""
XG34DC37,rbmscv|artists-books,Artists' books,artists-books,""
XLU2WEKP,rbmscv|artists-books,Artists' books,artists-books,""
XN5IQDI6,rbmscv|artists-books,Artists' books,artists-books,""
XNH2F8EB,rbmscv|artists-books,Artists' books,artists-books,""
XPV8EM77,rbmscv|artists-books,Artists' books,artists-books,""
XXKJHHKM,rbmscv|artists-books,Artists' books,artists-books,""
YIBDNVPM,rbmscv|artists-books,Artists' books,artists-books,""
YJZNQ94S,rbmscv|artists-books,Artists' books,artists-books,""
YKLIS4G8,rbmscv|artists-books,Artists' books,artists-books,""
YM7KRFGQ,rbmscv|artists-books,Artists' books,artists-books,""
YPJNUVSE,rbmscv|artists-books,Artists' books,artists-books,""
YQI24LZV,rbmscv|artists-books,Artists' books,artists-books,""
YX7BXEWX,rbmscv|artists-books,Artists' books,artists-books,""
Z9BRVCMX,rbmscv|artists-books,Artists' books,artists-books,""
ZAPMBGE3,rbmscv|artists-books,Artists' books,artists-books,""
ZF9J7VYT,rbmscv|artists-books,Artists' books,artists-books,""
ZFVLHJ4P,rbmscv|artists-books,Artists' books,artists-books,""
ZGM5YC4Y,rbmscv|artists-books,Artists' books,artists-books,""
ZKXXG9FB,rbmscv|artists-books,Artists' books,artists-books,""
ZVIPK4PM,rbmscv|artists-books,Artists' books,artists-books,""
ZX6DJLD4,rbmscv|artists-books,Artists' books,artists-books,""
ZYN7DVSI,rbmscv|artists-books,Artists' books,artists-books,""
ZZ3NUSXD,rbmscv|artists-books,Artists' books,artists-books,""
C7MEVSQD,rbmscv|artists-books,Artists' books.,artists-books,""
FC2LWD8G,rbmscv|artists-books,Artists' books.,artists-books,""
JMR6BK7A,rbmscv|artists-books,Artists' books.,artists-books,""
U6MW5BWV,rbmscv|artists-books,Artists' books.,artists-books,""
VM93TJIS,rbmscv|artists-books,Artists' books.,artists-books,""
YQ4QW52L,rbmscv|artists-books,Artists' books.,artists-books,""
NYPLITNZ,rbmscv|artists-books-provenance,Artists' books (Provenance),artists-books-provenance,""
37UZIWDB,rbmscv|artists-bookszunited-states,Artists' bookszUnited States.,artists-bookszunited-states,""
4MNV6M2D,rbmscv|authors-autographs,Authors' autographs,authors-autographs,""
RBPCSQQR,rbmscv|authors-autographs,Authors' autographs,authors-autographs,""
SFVPRD2C,rbmscv|authors-autographs,Authors' autographs,authors-autographs,""
NYPLITNZ,rbmscv|authors-inscriptions,Authors' inscriptions,authors-inscriptions,""
WTPS3FT4,rbmscv|authors-inscriptions,Authors' inscriptions,authors-inscriptions,""
EWYBMZ79,rbmscv|autographs,Autographs.,autographs,""
S8HMSY7F,rbmscv|autographs,Autographs.,autographs,""
N49LT8RV,rbmscv|bookmarks,Bookmarks,bookmarks,""
PZ4SHSWT,rbmscv|chapbooks,Chapbooks,chapbooks,""
RFBPWS4H,rbmscv|clamshell-boxes,Clamshell boxes.,clamshell-boxes,""
XYAWCZ6I,rbmscv|comb-bindings,Comb bindings.,comb-bindings,""
CAIVDWQL,rbmscv|comic-books,Comic books,comic-books,""
NTYYZ474,rbmscv|comic-books,Comic books,comic-books,""
PVQIAWIQ,rbmscv|comic-books,Comic books,comic-books,""
Z3YDWGS3,rbmscv|comic-books,Comic books,comic-books,""
C7MEVSQD,rbmscv|concrete-poems,Concrete poems.,concrete-poems,""
4F96YEAW,rbmscv|corrugated-board-bindings,Corrugated board bindings,corrugated-board-bindings,""
6RF8HSSV,rbmscv|corrugated-board-bindings,Corrugated board bindings,corrugated-board-bindings,""
8Z4XUUNF,rbmscv|corrugated-board-bindings,Corrugated board bindings,corrugated-board-bindings,""
9HS8JQQM,rbmscv|corrugated-board-bindings,Corrugated board bindings,corrugated-board-bindings,""
BVRQK4KR,rbmscv|corrugated-board-bindings,Corrugated board bindings,corrugated-board-bindings,""
CAIVDWQL,rbmscv|corrugated-board-bindings,Corrugated board bindings,corrugated-board-bindings,""
FCMN5SI3,rbmscv|corrugated-board-bindings,Corrugated board bindings,corrugated-board-bindings,""
GE653HAU,rbmscv|corrugated-board-bindings,Corrugated board bindings,corrugated-board-bindings,""
KAN3EDID,rbmscv|corrugated-board-bindings,Corrugated board bindings,corrugated-board-bindings,""
NE75JB3Z,rbmscv|corrugated-board-bindings,Corrugated board bindings,corrugated-board-bindings,""
QK7TTBWC,rbmscv|corrugated-board-bindings,Corrugated board bindings,corrugated-board-bindings,""
R63KV8DQ,rbmscv|corrugated-board-bindings,Corrugated board bindings,corrugated-board-bindings,""
SH9DG4XH,rbmscv|corrugated-board-bindings,Corrugated board bindings,corrugated-board-bindings,""
U2NFY6MI,rbmscv|corrugated-board-bindings,Corrugated board bindings,corrugated-board-bindings,""
W82MUC33,rbmscv|corrugated-board-bindings,Corrugated board bindings,corrugated-board-bindings,""
WJTQLUB8,rbmscv|corrugated-board-bindings,Corrugated board bindings,corrugated-board-bindings,""
ZC99JFZS,rbmscv|corrugated-board-bindings,Corrugated board bindings,corrugated-board-bindings,""
G9VEB5UB,rbmscv|corrugated-board-bindings,Corrugated board bindings.,corrugated-board-bindings,""
3DAHFTMR,rbmscv|decorated-paper-bindings,Decorated paper bindings,decorated-paper-bindings,""
3Q5EQVVJ,rbmscv|decorated-paper-bindings,Decorated paper bindings,decorated-paper-bindings,""
BRAK439D,rbmscv|decorated-paper-bindings,Decorated paper bindings,decorated-paper-bindings,""
CI5BSLVI,rbmscv|decorated-paper-bindings,Decorated paper bindings,decorated-paper-bindings,""
FNNC4NDH,rbmscv|decorated-paper-bindings,Decorated paper bindings,decorated-paper-bindings,""
GHT2A78E,rbmscv|decorated-paper-bindings,Decorated paper bindings,decorated-paper-bindings,""
IHNJFWFT,rbmscv|decorated-paper-bindings,Decorated paper bindings,decorated-paper-bindings,""
TBJA73PF,rbmscv|decorated-paper-bindings,Decorated paper bindings,decorated-paper-bindings,""
TKH4J8QA,rbmscv|decorated-paper-bindings,Decorated paper bindings,decorated-paper-bindings,""
2W368KM7,rbmscv|endpapers,Endpapers,endpapers,""
J2Y8TU6U,rbmscv|endpapers,Endpapers,endpapers,""
VSXWNYTB,rbmscv|exhibition-catalogs,Exhibition catalogs,exhibition-catalogs,""
5ALA4GFL,rbmscv|fanzines,Fanzines,fanzines,""
7I6788FS,rbmscv|fanzines,Fanzines,fanzines,""
8YJUR4SY,rbmscv|fanzines,Fanzines,fanzines,""
9SGQ7BJP,rbmscv|fanzines,Fanzines,fanzines,""
CAIVDWQL,rbmscv|fanzines,Fanzines,fanzines,""
JAKM68P6,rbmscv|fanzines,Fanzines,fanzines,""
K9EY59KS,rbmscv|fanzines,Fanzines,fanzines,""
N66DJ5MB,rbmscv|fanzines,Fanzines,fanzines,""
PAHHAVN2,rbmscv|fanzines,Fanzines,fanzines,""
WYSDPMHP,rbmscv|fanzines,Fanzines,fanzines,""
4KEMFYE5,rbmscv|handmade-papers,Handmade papers,handmade-papers,""
AY9W9WMM,rbmscv|handmade-papers,Handmade papers,handmade-papers,""
SINBPBSF,rbmscv|handmade-papers,Handmade papers,handmade-papers,""
SWMMFLZY,rbmscv|inscriptions,Inscriptions,inscriptions,""
VXZ5F8G5,rbmscv|inscriptions,Inscriptions,inscriptions,""
WTPS3FT4,rbmscv|inscriptions,Inscriptions,inscriptions,""
V5D9VYAI,rbmscv|inscriptions,Inscriptions.,inscriptions,""
2W368KM7,rbmscv|limitation-statements,Limitation statements,limitation-statements,""
CHCWV92Y,rbmscv|limitation-statements,Limitation statements,limitation-statements,""
DJVUT7UH,rbmscv|limitation-statements,Limitation statements,limitation-statements,""
E4NC7U8P,rbmscv|limitation-statements,Limitation statements,limitation-statements,""
FVASQX8M,rbmscv|limitation-statements,Limitation statements,limitation-statements,""
G2SRVX4C,rbmscv|limitation-statements,Limitation statements,limitation-statements,""
IJZRUWSY,rbmscv|limitation-statements,Limitation statements,limitation-statements,""
J2Y8TU6U,rbmscv|limitation-statements,Limitation statements,limitation-statements,""
LRD6FCIV,rbmscv|limitation-statements,Limitation statements,limitation-statements,""
N49LT8RV,rbmscv|limitation-statements,Limitation statements,limitation-statements,""
PZ4SHSWT,rbmscv|limitation-statements,Limitation statements,limitation-statements,""
SFVPRD2C,rbmscv|limitation-statements,Limitation statements,limitation-statements,""
T5NFCYQV,rbmscv|limitation-statements,Limitation statements,limitation-statements,""
VAI6IIYY,rbmscv|limitation-statements,Limitation statements,limitation-statements,""
ZKXXG9FB,rbmscv|limitation-statements,Limitation statements,limitation-statements,""
ZNYNAY55,rbmscv|limitation-statements,Limitation statements,limitation-statements,""
2I695H7Z,rbmscv|miniature-books,Miniature books,miniature-books,""
ECWCRT4G,rbmscv|miniature-books,Miniature books,miniature-books,""
KD3JZULN,rbmscv|miniature-books,Miniature books,miniature-books,""
N78WD9EN,rbmscv|miniature-books,Miniature books,miniature-books,""
QGW224K2,rbmscv|miniature-books,Miniature books,miniature-books,""
S9M4MBWE,rbmscv|miniature-books,Miniature books,miniature-books,""
Y2JME5T5,rbmscv|miniature-books,Miniature books,miniature-books,""
2SCMIX88,rbmscv|miniature-books,Miniature books.,miniature-books,""
78DDWASY,rbmscv|miniature-books,Miniature books.,miniature-books,""
8GYHKFAW,rbmscv|miniature-books,Miniature books.,miniature-books,""
PAX3JCQA,rbmscv|miniature-books,Miniature books.,miniature-books,""
RFBPWS4H,rbmscv|miniature-books,Miniature books.,miniature-books,""
U59K33M4,rbmscv|miniature-books,Miniature books.,miniature-books,""
WR8BCBZL,rbmscv|miniature-books,Miniature books.,miniature-books,""
WXB3PQTU,rbmscv|miniature-books,Miniature books.,miniature-books,""
ZL8QNZNF,rbmscv|miniature-books,Miniature books.,miniature-books,""
3Q5EQVVJ,rbmscv|painted-bindings,Painted bindings,painted-bindings,""
557V974R,rbmscv|painted-bindings,Painted bindings,painted-bindings,""
BVRQK4KR,rbmscv|painted-bindings,Painted bindings,painted-bindings,""
CI5BSLVI,rbmscv|painted-bindings,Painted bindings,painted-bindings,""
FNNC4NDH,rbmscv|painted-bindings,Painted bindings,painted-bindings,""
GE653HAU,rbmscv|painted-bindings,Painted bindings,painted-bindings,""
IHNJFWFT,rbmscv|painted-bindings,Painted bindings,painted-bindings,""
L524DZTF,rbmscv|painted-bindings,Painted bindings,painted-bindings,""
R63KV8DQ,rbmscv|painted-bindings,Painted bindings,painted-bindings,""
TKH4J8QA,rbmscv|painted-bindings,Painted bindings,painted-bindings,""
U2NFY6MI,rbmscv|painted-bindings,Painted bindings,painted-bindings,""
VRSBV8YK,rbmscv|painted-bindings,Painted bindings,painted-bindings,""
W82MUC33,rbmscv|painted-bindings,Painted bindings,painted-bindings,""
YPJNUVSE,rbmscv|painted-bindings,Painted bindings,painted-bindings,""
8JFSGGTG,rbmscv|paper-cutouts-paper,Paper cutouts (Paper),paper-cutouts-paper,""
LAZ7IRLG,rbmscv|papier-m-ch-bindings,Papier-mâché bindings,papier-m-ch-bindings,""
7JQKB49X,rbmscv|photobooks,Photobooks,photobooks,""
IJZRUWSY,rbmscv|poems,Poems,poems,""
PUXWPPDT,rbmscv|poems,Poems,poems,""
JDWGDC78,rbmscv|pop-up-books,Pop-up books,pop-up-books,""
2GVG6DPZ,rbmscv|private-press-books,Private press books,private-press-books,""
3XZCC9CU,rbmscv|private-press-books,Private press books,private-press-books,""
U6KMRMDG,rbmscv|private-press-books,Private press books,private-press-books,""
HWYII88K,rbmscv|private-press-books-printing,Private press books (Printing),private-press-books-printing,""
5IABCDQ2,rbmscv|publishers-advertisements,Publishers' advertisements,publishers-advertisements,""
9FX8NRGF,rbmscv|publishers-advertisements,Publishers' advertisements,publishers-advertisements,""
H7X35XED,rbmscv|publishers-advertisements,Publishers' advertisements,publishers-advertisements,""
K7X9FUZV,rbmscv|publishers-advertisements,Publishers' advertisements,publishers-advertisements,""
QG6C4UVE,rbmscv|publishers-advertisements,Publishers' advertisements,publishers-advertisements,""
QQ26PJLJ,rbmscv|publishers-advertisements,Publishers' advertisements,publishers-advertisements,""
2W368KM7,rbmscv|slipcases,Slipcases,slipcases,""
4QFAMBK2,rbmscv|slipcases,Slipcases,slipcases,""
CHCWV92Y,rbmscv|slipcases,Slipcases,slipcases,""
G2SRVX4C,rbmscv|slipcases,Slipcases,slipcases,""
LTZ95FTJ,rbmscv|slipcases,Slipcases,slipcases,""
ZNYNAY55,rbmscv|slipcases,Slipcases,slipcases,""
CWABV6X4,rbmscv|typefaces-type-evidence,Typefaces (Type evidence),typefaces-type-evidence,""
GLRT8PAR,rbmscv|typefaces-type-evidence,Typefaces (Type evidence),typefaces-type-evidence,""
QKXVZ4DQ,rbmscv|typefaces-type-evidence,Typefaces (Type evidence),typefaces-type-evidence,""
QQ25JWKC,rbmscv|typefaces-type-evidence,Typefaces (Type evidence),typefaces-type-evidence,""
RBPCSQQR,rbmscv|typefaces-type-evidence,Typefaces (Type evidence),typefaces-type-evidence,""
UAG6U4BG,rbmscv|typefaces-type-evidence,Typefaces (Type evidence),typefaces-type-evidence,""
CHCWV92Y,rbmscv|unbound-sheets,Unbound sheets,unbound-sheets,""
JDWGDC78,rbmscv|unique-books,Unique books,unique-books,""
RSS8536S,rbmscv|unique-books,Unique books.,unique-books,""
SQ4LA58T,rbmscv|unique-books,Unique books.,unique-books,""
U3F9CDHM,rbmscv|unique-books,Unique books.,unique-books,""
2Y74UZ69,rbmscv|wooden-bindings,Wooden bindings,wooden-bindings,""
SSXVVYVE,rbmscv|wooden-bindings,Wooden bindings,wooden-bindings,""
5ALA4GFL,rbmscv|zines,Zines,zines,""
5XN9NXJN,rbmscv|zines,Zines,zines,""
7I6788FS,rbmscv|zines,Zines,zines,""
8YJUR4SY,rbmscv|zines,Zines,zines,""
BL68LT7T,rbmscv|zines,Zines,zines,""
NTYYZ474,rbmscv|zines,Zines,zines,""
PAHHAVN2,rbmscv|zines,Zines,zines,""
V2IGD5GP,rbmscv|zines,Zines,zines,""
XCX65JQA,rbmscv|zines,Zines,zines,""
Z3YDWGS3,rbmscv|zines,Zines,zines,""
3H5Q8M9X,rbmscv|zines,Zines.,zines,""
3K9HCJJS,rbmscv|zines,Zines.,zines,""
48GVQEIE,rbmscv|zines,Zines.,zines,""
4DNAN3MB,rbmscv|zines,Zines.,zines,""
58LVM8RA,rbmscv|zines,Zines.,zines,""
59P7VCAY,rbmscv|zines,Zines.,zines,""
5JDQK4IZ,rbmscv|zines,Zines.,zines,""
5SLCKF46,rbmscv|zines,Zines.,zines,""
8DJKBAYK,rbmscv|zines,Zines.,zines,""
9E6KW3DX,rbmscv|zines,Zines.,zines,""
AY7TEAHQ,rbmscv|zines,Zines.,zines,""
C7DQK4YI,rbmscv|zines,Zines.,zines,""
C9IIAKDV,rbmscv|zines,Zines.,zines,""
CE3B44RX,rbmscv|zines,Zines.,zines,""
CHGUNCRG,rbmscv|zines,Zines.,zines,""
DWKSZMUN,rbmscv|zines,Zines.,zines,""
DWSXU43U,rbmscv|zines,Zines.,zines,""
E4GV59HB,rbmscv|zines,Zines.,zines,""
EK927PPW,rbmscv|zines,Zines.,zines,""
EXGQI7QY,rbmscv|zines,Zines.,zines,""
G2A73TXU,rbmscv|zines,Zines.,zines,""
G7XNCXQT,rbmscv|zines,Zines.,zines,""
HFIW8Q4F,rbmscv|zines,Zines.,zines,""
I8ZT27K5,rbmscv|zines,Zines.,zines,""
JFNJ6GHC,rbmscv|zines,Zines.,zines,""
JSVM8MPI,rbmscv|zines,Zines.,zines,""
KCYFDXLI,rbmscv|zines,Zines.,zines,""
KJ4YIYDY,rbmscv|zines,Zines.,zines,""
M4D5U4TM,rbmscv|zines,Zines.,zines,""
NVTSXWBD,rbmscv|zines,Zines.,zines,""
P3R7DJXY,rbmscv|zines,Zines.,zines,""
QE5V8BTH,rbmscv|zines,Zines.,zines,""
QZ9ENETY,rbmscv|zines,Zines.,zines,""
T9V8HQRJ,rbmscv|zines,Zines.,zines,""
UR4J8M6A,rbmscv|zines,Zines.,zines,""
VDVPR7B5,rbmscv|zines,Zines.,zines,""
VW6SL2R8,rbmscv|zines,Zines.,zines,""
WFKNSUXI,rbmscv|zines,Zines.,zines,""
WPZCIPVD,rbmscv|zines,Zines.,zines,""
WQEJTLVL,rbmscv|zines,Zines.,zines,""
WXDWZ35T,rbmscv|zines,Zines.,zines,""
X5WC5DXH,rbmscv|zines,Zines.,zines,""
Y2DI2DR6,rbmscv|zines,Zines.,zines,""
YJF2IVT4,rbmscv|zines,Zines.,zines,""
Z2ND5U9P,rbmscv|zines,Zines.,zines,""
ZIY94EFB,rbmscv|zines,Zines.,zines,""
ZPTIMWPD,rbmscv|zines,Zines.,zines,""
65F3Q4AT,rbms|miniature-books,Miniature books.,miniature-books,""
6SMWZEDC,rbms|miniature-books,Miniature books.,miniature-books,""
6WUU8JTB,rbms|miniature-books,Miniature books.,miniature-books,""
FV2IXQJS,rbms|miniature-books,Miniature books.,miniature-books,""
M32JLCN4,rbms|miniature-books,Miniature books.,miniature-books,""
QWSNT84W,rbms|miniature-books,Miniature books.,miniature-books,""
QUJ6S7Q6,rbpap|cotton-fibers,Cotton fibers.,cotton-fibers,""
YJ32UTD8,rbpap|cotton-fibers-paper,Cotton fibers (Paper),cotton-fibers-paper,""
QUJ6S7Q6,rbpap|handmade-papers,Handmade papers.,handmade-papers,""
VVS34GND,rbpap|handmade-papers,Handmade papers.,handmade-papers,""
T9M9KVN6,rbpap|handmade-papers-paper,Handmade papers (Paper),handmade-papers-paper,""
ZT48PPZ2,rbpap|paper-evidence-paper,Paper evidence (Paper),paper-evidence-paper,""
QUJ6S7Q6,rbpap|straw-fibers,Straw fibers.,straw-fibers,""
2XTJXX72,rbpri|facsimiles-printing,Facsimiles (Printing),facsimiles-printing,""
HJAHBXBA,rbpri|limitation-statements-printing,Limitation statements (Printing),limitation-statements-printing,""
VAWYME5V,rbpri|limitation-statements-printing,Limitation statements (Printing),limitation-statements-printing,""
HWYII88K,rbpri|minature-books-printing,Minature books (Printing),minature-books-printing,""
5WPDFF8U,rbpri|miniature-books-printing,Miniature books (Printing),miniature-books-printing,""
8B3MRAYK,rbpri|miniature-books-printing,Miniature books (Printing),miniature-books-printing,""
AWDRT7MP,rbpri|miniature-books-printing,Miniature books (Printing),miniature-books-printing,""
TD5PIJUA,rbpri|miniature-books-printing,Miniature books (Printing),miniature-books-printing,""
V8FPC5CT,rbpri|miniature-books-printing,Miniature books (Printing),miniature-books-printing,""
7L2ZCPD5,rbpri|page-proofs-printing,Page proofs (Printing),page-proofs-printing,""
9V5V3IJV,rbpri|shaped-books-printing,Shaped books (Printing),shaped-books-printing,""
7L2ZCPD5,rbprov|association-copies-provenance,Association copies (Provenance),association-copies-provenance,""
U4FSZ6LI,rbprov|authors-autographs-provenance,Authors' autographs (Provenance),authors-autographs-provenance,""
WLLUZP8M,rbprov|authors-autographs-provenance,Authors' autographs (Provenance),authors-autographs-provenance,""
I7UXXXA8,rbprov|presentation-inscriptions-provenance,Presentation inscriptions (Provenance),presentation-inscriptions-provenance,""
P7TD2598,rbprov|presentation-inscriptions-provenance,Presentation inscriptions (Provenance),presentation-inscriptions-provenance,""
ETFHJ7GV,rbpub|limitation-statements,Limitation statements.,limitation-statements,""
W9TP8QRR,rbpub|limitation-statements,Limitation statements.,limitation-statements,""
EBAG4IA8,rbpub|miniature-books,Miniature books,miniature-books,""
U3IEP98M,rbpub|miniature-books,Miniature books,miniature-books,""
25YEIQ2T,rbtyp|typefaces-type-evidence,Typefaces (Type evidence),typefaces-type-evidence,""
43FXNU5W,rbtyp|typefaces-type-evidence,Typefaces (Type evidence),typefaces-type-evidence,""
4Q53JPKL,rbtyp|typefaces-type-evidence,Typefaces (Type evidence),typefaces-type-evidence,""
C3B4P4Y3,rbtyp|typefaces-type-evidence,Typefaces (Type evidence),typefaces-type-evidence,""
F23C6QZJ,rbtyp|typefaces-type-evidence,Typefaces (Type evidence),typefaces-type-evidence,""
GTSUGCHT,rbtyp|typefaces-type-evidence,Typefaces (Type evidence),typefaces-type-evidence,""
MDA4XCB6,rbtyp|typefaces-type-evidence,Typefaces (Type evidence),typefaces-type-evidence,""
ZN9SRJ7H,rbtyp|typefaces-type-evidence,Typefaces (Type evidence),typefaces-type-evidence,""
ZT48PPZ2,rbtyp|typefaces-type-evidence,Typefaces (Type evidence),typefaces-type-evidence,""
GTSUGCHT,rbtyp|wood-types,Wood types,wood-types,""
DY9BFLRX,rdamat|metal,metal,metal,""
9G4P2E3L,rdamat|paper,paper,paper,""
YJ32UTD8,rdamat|paper,paper,paper,""
DY9BFLRX,rdamat|plastic,plastic,plastic,""
N3HLAT3X,rswk|photoalbum,Photoalbum,photoalbum,""
HWYII88K,rvmgf|bestiaires,Bestiaires.,bestiaires,""
P388DLSD,rvmgf|catalogues-d-exposition,Catalogues d'exposition.,catalogues-d-exposition,""
8LN6N77T,rvmgf|encyclope-dies,Encyclopédies.,encyclope-dies,""
XZ4SWT4V,rvmgf|enregistrements-sonores,Enregistrements sonores.,enregistrements-sonores,""
JW2TTDI3,rvmgf|fables,Fables.,fables,""
XZ4SWT4V,rvmgf|hip-hop-musique,Hip-hop (Musique),hip-hop-musique,""
262QQCQM,rvmgf|livres-d-artistes,Livres d'artistes.,livres-d-artistes,""
2V393RKM,rvmgf|livres-d-artistes,Livres d'artistes.,livres-d-artistes,""
48Z5GEA5,rvmgf|livres-d-artistes,Livres d'artistes.,livres-d-artistes,""
83MS2XUC,rvmgf|livres-d-artistes,Livres d'artistes.,livres-d-artistes,""
8LAEJUZ5,rvmgf|livres-d-artistes,Livres d'artistes.,livres-d-artistes,""
97U2MSIV,rvmgf|livres-d-artistes,Livres d'artistes.,livres-d-artistes,""
ETFHJ7GV,rvmgf|livres-d-artistes,Livres d'artistes.,livres-d-artistes,""
FRWVGU5B,rvmgf|livres-d-artistes,Livres d'artistes.,livres-d-artistes,""
H7WBH66E,rvmgf|livres-d-artistes,Livres d'artistes.,livres-d-artistes,""
H9D9A9S8,rvmgf|livres-d-artistes,Livres d'artistes.,livres-d-artistes,""
HWYII88K,rvmgf|livres-d-artistes,Livres d'artistes.,livres-d-artistes,""
IRAM95ZX,rvmgf|livres-d-artistes,Livres d'artistes.,livres-d-artistes,""
J7TYWSKI,rvmgf|livres-d-artistes,Livres d'artistes.,livres-d-artistes,""
JETBVKXZ,rvmgf|livres-d-artistes,Livres d'artistes.,livres-d-artistes,""
JTM9G58T,rvmgf|livres-d-artistes,Livres d'artistes.,livres-d-artistes,""
LPSIJU9A,rvmgf|livres-d-artistes,Livres d'artistes.,livres-d-artistes,""
M2N44DBC,rvmgf|livres-d-artistes,Livres d'artistes.,livres-d-artistes,""
PS2HQPPP,rvmgf|livres-d-artistes,Livres d'artistes.,livres-d-artistes,""
QHRECDDW,rvmgf|livres-d-artistes,Livres d'artistes.,livres-d-artistes,""
RK4ZBWCA,rvmgf|livres-d-artistes,Livres d'artistes.,livres-d-artistes,""
SPY7J7XK,rvmgf|livres-d-artistes,Livres d'artistes.,livres-d-artistes,""
ST3XA9HK,rvmgf|livres-d-artistes,Livres d'artistes.,livres-d-artistes,""
V4PBZN95,rvmgf|livres-d-artistes,Livres d'artistes.,livres-d-artistes,""
W9TP8QRR,rvmgf|livres-d-artistes,Livres d'artistes.,livres-d-artistes,""
X54PGBWJ,rvmgf|livres-d-artistes,Livres d'artistes.,livres-d-artistes,""
ZEJN6D5R,rvmgf|livres-d-artistes,Livres d'artistes.,livres-d-artistes,""
H9D9A9S8,rvmgf|livres-de-photographies,Livres de photographies.,livres-de-photographies,""
ZR7HF4MW,rvmgf|livres-de-photographies,Livres de photographies.,livres-de-photographies,""
XZ4SWT4V,rvmgf|musique-populaire,Musique populaire.,musique-populaire,""
JW2TTDI3,rvmgf|nouvelles,Nouvelles.,nouvelles,""
ZR7HF4MW,rvmgf|ouvrages-illustre-s,Ouvrages illustrés.,ouvrages-illustre-s,""
IA7CCWVI,rvmgf|p-riodiques,Périodiques.,p-riodiques,""
Z78UMVQG,rvmgf|pe-riodiques,Périodiques.,pe-riodiques,""
C7MEVSQD,rvmgf|poe-sie,Poésie.,poe-sie,""
CDP2SGUM,rvmgf|poe-sie,Poésie.,poe-sie,""
HJAHBXBA,rvmgf|poe-sie,Poésie.,poe-sie,""
WJ28HA8H,rvmgf|poe-sie,Poésie.,poe-sie,""
X54PGBWJ,rvmgf|poe-sie-concre-te,Poésie concrète.,poe-sie-concre-te,""
JQDU3U4S,rvmgf|poe-sie-expe-rimentale,Poésie expérimentale.,poe-sie-expe-rimentale,""
XZ4SWT4V,rvmgf|rap,Rap.,rap,""
XZ4SWT4V,rvmgf|rock-musique,Rock (Musique),rock-musique,""
EDWF59NX,rvmgf|romans,Romans.,romans,""
HWYII88K,rvmgf|uvres-comme-moratives,Œuvres commémoratives.,uvres-comme-moratives,""
I3B8TBMK,sao|amerikansk-konst,Amerikansk konst,amerikansk-konst,""
2ZI3RPFL,sao|konstn-rer,Konstnärer,konstn-rer,""
HR8ZBY6N,sao|konstn-rer,Konstnärer,konstn-rer,""
HR8ZBY6N,sao|konstutst-llningar,Konstutställningar,konstutst-llningar,""
LSKMAIR3,sao|tulpaner,Tulpaner,tulpaner,""
L27RMSKV,swd|bildband,Bildband.,bildband,""
